run,spec,run_type,target,hms_p,shms_p,fit_variable,all_events,selected_events,fit_mean,fit_sigma,fit_entries,fit_attempted,fit_status,fit_valid,covariance_status,fit_chi2,fit_ndf,fit_chi2_ndf,fit_edm,candidate_mean,candidate_sigma,failure_reason,status
27122,coin,PI-SIDIS,LH2,-1.165,-2.766,CTime.ePiCoinTime_ROC2,314478,14334,51.4112,0.399453,14334,1,0,1,3,2.84765,3,0.949218,4.62323e-06,51.4112,0.399453,,OK
27123,coin,PI-SIDIS,LH2,-1.165,-2.766,CTime.ePiCoinTime_ROC2,293272,13311,51.412,0.39877,13311,1,0,1,3,4.61253,3,1.53751,9.33526e-06,51.412,0.39877,,OK
27124,coin,PI-SIDIS,LH2,-1.165,-2.766,CTime.ePiCoinTime_ROC2,315077,14354,51.3885,0.393739,14354,1,0,1,3,0.348685,3,0.116228,4.68427e-06,51.3885,0.393739,,OK
27125,coin,PI-SIDIS,LH2,-1.165,-2.766,CTime.ePiCoinTime_ROC2,268049,12454,51.4035,0.365441,12454,1,0,1,3,10.6934,3,3.56447,1.97624e-07,51.4035,0.365441,,OK
27126,coin,PI-SIDIS,LH2,-1.165,-2.766,CTime.ePiCoinTime_ROC2,125156,5790,51.371,0.397067,5790,1,0,1,3,1.85512,3,0.618375,1.25234e-06,51.371,0.397067,,OK
27127,coin,PI-SIDIS,LH2,-1.165,-2.766,CTime.ePiCoinTime_ROC2,451933,20831,51.3942,0.380183,20831,1,0,1,3,0.916913,3,0.305638,2.15173e-07,51.3942,0.380183,,OK
27128,coin,PI-SIDIS,LH2,-1.165,-2.766,CTime.ePiCoinTime_ROC2,102529,4629,51.4311,0.428607,4629,1,0,1,3,1.86662,3,0.622207,1.2353e-06,51.4311,0.428607,,OK
27129,coin,PI-SIDIS,LH2,-1.165,-2.766,CTime.ePiCoinTime_ROC2,517439,23621,51.4131,0.401754,23621,1,0,1,3,3.70278,3,1.23426,8.61454e-06,51.4131,0.401754,,OK
27130,coin,PI-SIDIS,LH2,-1.165,-2.766,CTime.ePiCoinTime_ROC2,306662,14068,51.288,0.390382,14068,1,0,1,3,2.83892,3,0.946307,4.60467e-06,51.288,0.390382,,OK
27131,coin,PI-SIDIS,LH2,-1.165,-2.766,CTime.ePiCoinTime_ROC2,321559,14732,51.2894,0.368678,14732,1,0,1,3,6.42341,3,2.14114,7.21608e-07,51.2894,0.368678,,OK
27132,coin,PI-SIDIS,LH2,-1.165,-2.766,CTime.ePiCoinTime_ROC2,763481,2236,51.2631,0.318504,2236,1,0,1,3,2.21394,3,0.73798,1.56319e-08,51.2631,0.318504,,OK
27133,coin,PI-SIDIS,LH2,-1.165,-2.766,CTime.ePiCoinTime_ROC2,3394078,9808,51.3298,0.347554,9808,1,0,1,3,2.81049,3,0.936831,4.22995e-08,51.3298,0.347554,,OK
27135,coin,PI-SIDIS,Dummy,-1.165,-2.766,CTime.ePiCoinTime_ROC2,122382,4677,51.2972,0.360153,4677,1,0,1,3,2.17002,3,0.72334,4.42347e-06,51.2972,0.360153,,OK
27136,coin,PI-SIDIS,Dummy,-1.165,-2.766,CTime.ePiCoinTime_ROC2,121295,4581,51.3112,0.369467,4581,1,0,1,3,1.99086,3,0.663619,1.9976e-07,51.3112,0.369467,,OK
27137,coin,PI-SIDIS,Dummy,-1.165,-2.766,CTime.ePiCoinTime_ROC2,119580,4639,51.3651,0.326816,4639,1,0,1,3,5.90318,3,1.96773,2.62522e-06,51.3651,0.326816,,OK
27139,coin,PI-SIDIS,LH2,-1.165,-2.766,CTime.ePiCoinTime_ROC2,287429,12707,51.2657,0.387681,12707,1,0,1,3,0.437487,3,0.145829,6.12266e-08,51.2657,0.387681,,OK
27140,coin,PI-SIDIS,LH2,-1.165,-2.766,CTime.ePiCoinTime_ROC2,308880,13988,51.2566,0.351259,13988,1,0,1,3,0.346154,3,0.115385,7.12036e-06,51.2566,0.351259,,OK
27141,coin,PI-SIDIS,LH2,-1.165,-2.766,CTime.ePiCoinTime_ROC2,314295,14347,51.3173,0.309092,14347,1,0,1,3,0.456499,3,0.152166,2.75788e-09,51.3173,0.309092,,OK
27142,coin,PI-SIDIS,LH2,-1.165,-2.766,CTime.ePiCoinTime_ROC2,319811,14472,51.3061,0.342554,14472,1,0,1,3,3.00856,3,1.00285,9.41865e-06,51.3061,0.342554,,OK
27143,coin,PI-SIDIS,LH2,-1.165,-2.766,CTime.ePiCoinTime_ROC2,311781,14041,51.2372,0.38974,14041,1,0,1,3,9.71057,3,3.23686,4.61656e-07,51.2372,0.38974,,OK
27144,coin,PI-SIDIS,LH2,-1.165,-2.766,CTime.ePiCoinTime_ROC2,307212,13818,51.2482,0.3595,13818,1,0,1,3,6.93328,3,2.31109,6.7457e-06,51.2482,0.3595,,OK
27145,coin,PI-SIDIS,LH2,-1.165,-2.766,CTime.ePiCoinTime_ROC2,280256,12615,51.3251,0.367241,12615,1,0,1,3,1.03441,3,0.344803,9.76701e-07,51.3251,0.367241,,OK
27146,coin,PI-SIDIS,LH2,-1.165,-2.766,CTime.ePiCoinTime_ROC2,353716,16017,51.2768,0.361761,16017,1,0,1,3,7.68967,3,2.56322,3.18354e-07,51.2768,0.361761,,OK
27147,coin,PI-SIDIS,LH2,-1.165,-2.766,CTime.ePiCoinTime_ROC2,316450,14340,51.2637,0.346988,14340,1,0,1,3,2.01452,3,0.671508,6.45242e-06,51.2637,0.346988,,OK
27148,coin,PI-SIDIS,LH2,-1.165,-2.766,CTime.ePiCoinTime_ROC2,72673,3123,51.2482,0.37194,3123,1,0,1,3,8.79838,3,2.93279,1.19887e-05,51.2482,0.37194,,OK
27149,coin,PI-SIDIS,LH2,-1.165,-2.766,CTime.ePiCoinTime_ROC2,195168,8874,51.2754,0.409242,8874,1,0,1,3,1.19261,3,0.397538,6.34156e-06,51.2754,0.409242,,OK
27150,coin,PI-SIDIS,Dummy,-1.165,-2.766,CTime.ePiCoinTime_ROC2,111765,4152,51.319,0.336383,4152,1,0,1,3,0.873729,3,0.291243,5.98407e-06,51.319,0.336383,,OK
27151,coin,PI-SIDIS,Dummy,-1.165,-2.766,CTime.ePiCoinTime_ROC2,108022,4104,51.3496,0.373613,4104,1,0,1,3,2.22591,3,0.741969,1.70085e-07,51.3496,0.373613,,OK
27152,coin,PI-SIDIS,Dummy,-1.165,-2.766,CTime.ePiCoinTime_ROC2,92921,3525,51.2728,0.274739,3525,1,0,1,3,2.77102,3,0.923672,1.9018e-06,51.2728,0.274739,,OK
27153,coin,PI-SIDIS,LH2,-1.165,-2.766,CTime.ePiCoinTime_ROC2,101744,4404,51.2535,0.332971,4404,1,0,1,3,15.126,3,5.04201,1.40694e-07,51.2535,0.332971,,OK
27154,coin,PI-SIDIS,LH2,-1.165,-2.766,CTime.ePiCoinTime_ROC2,345175,15515,51.4685,0.365461,15515,1,0,1,3,3.2311,3,1.07703,7.36721e-06,51.4685,0.365461,,OK
27155,coin,PI-SIDIS,LH2,-1.165,-2.766,CTime.ePiCoinTime_ROC2,282427,12636,51.5001,0.380738,12636,1,0,1,3,2.79141,3,0.930469,2.2598e-06,51.5001,0.380738,,OK
27156,coin,PI+SIDIS,LH2,-1.165,4.978,CTime.ePiCoinTime_ROC2,140243,5510,51.0513,0.385983,5510,1,0,1,3,7.79797,3,2.59932,2.35982e-06,51.0513,0.385983,,OK
27157,coin,PI+SIDIS,LH2,-1.165,4.978,CTime.ePiCoinTime_ROC2,48950,1651,51.1003,0.322136,1651,1,0,1,3,0.959601,3,0.319867,4.36512e-08,51.1003,0.322136,,OK
27158,coin,PI+SIDIS,LH2,-1.165,4.978,CTime.ePiCoinTime_ROC2,126421,5100,51.1254,0.397182,5100,1,0,1,3,3.19383,3,1.06461,1.67752e-05,51.1254,0.397182,,OK
27160,coin,PI+SIDIS,Dummy,-1.165,4.978,CTime.ePiCoinTime_ROC2,30587,613,51.1421,0.393354,613,1,0,1,3,4.712,3,1.57067,9.66911e-06,51.1421,0.393354,,OK
27162,coin,PI+SIDIS,LH2,-1.165,2.766,CTime.ePiCoinTime_ROC2,61882,3517,51.0968,0.35052,3517,1,0,1,3,5.14623,3,1.71541,2.64891e-07,51.0968,0.35052,,OK
27163,coin,PI+SIDIS,LH2,-1.165,2.766,CTime.ePiCoinTime_ROC2,321722,20047,51.1909,0.362059,20047,1,0,1,3,6.47483,3,2.15828,1.23917e-05,51.1909,0.362059,,OK
27164,coin,PI+SIDIS,LH2,-1.165,2.766,CTime.ePiCoinTime_ROC2,315458,19425,51.1659,0.402558,19425,1,0,1,3,15.2418,3,5.08059,2.21136e-06,51.1659,0.402558,,OK
27165,coin,PI+SIDIS,LH2,-1.165,2.766,CTime.ePiCoinTime_ROC2,315967,19328,51.136,0.333248,19328,1,0,1,3,9.62103,3,3.20701,1.2802e-08,51.136,0.333248,,OK
27166,coin,PI+SIDIS,LH2,-1.165,2.766,CTime.ePiCoinTime_ROC2,346049,21351,51.201,0.383858,21351,1,0,1,3,8.08593,3,2.69531,3.13829e-06,51.201,0.383858,,OK
27167,coin,PI+SIDIS,LH2,-1.165,2.766,CTime.ePiCoinTime_ROC2,343566,21034,51.1895,0.382552,21034,1,0,1,3,8.24265,3,2.74755,4.50532e-08,51.1895,0.382552,,OK
27168,coin,PI+SIDIS,LH2,-1.165,2.766,CTime.ePiCoinTime_ROC2,347694,21163,51.0463,0.358748,21163,1,0,1,3,3.39827,3,1.13276,7.18571e-07,51.0463,0.358748,,OK
27169,coin,PI+SIDIS,LH2,-1.165,2.766,CTime.ePiCoinTime_ROC2,314764,19195,51.0346,0.327365,19195,1,0,1,3,10.1565,3,3.38551,1.28926e-07,51.0346,0.327365,,OK
27170,coin,PI+SIDIS,LH2,-1.165,2.766,CTime.ePiCoinTime_ROC2,297981,18298,51.016,0.396681,18298,1,0,1,3,4.32509,3,1.4417,1.24957e-05,51.016,0.396681,,OK
27171,coin,PI+SIDIS,LH2,-1.165,2.766,CTime.ePiCoinTime_ROC2,5723140,22621,51.0155,0.374827,22621,1,0,1,3,5.90087,3,1.96696,1.14436e-05,51.0155,0.374827,,OK
27172,coin,PI+SIDIS,LH2,-1.165,2.766,CTime.ePiCoinTime_ROC2,206729,12959,51.0055,0.409556,12959,1,0,1,3,2.9431,3,0.981033,4.0446e-06,51.0055,0.409556,,OK
27173,coin,PI+SIDIS,LH2,-1.165,2.766,CTime.ePiCoinTime_ROC2,194940,12042,51.0177,0.374537,12042,1,0,1,3,2.61346,3,0.871155,1.46259e-08,51.0177,0.374537,,OK
27176,coin,PI+SIDIS,Dummy,-1.165,2.766,CTime.ePiCoinTime_ROC2,92874,4702,51.0162,0.363219,4702,1,0,1,3,10.0619,3,3.35397,4.93867e-06,51.0162,0.363219,,OK
27177,coin,PI+SIDIS,Dummy,-1.165,2.766,CTime.ePiCoinTime_ROC2,89479,4483,51.0633,0.363123,4483,1,0,1,3,1.8571,3,0.619034,7.33529e-09,51.0633,0.363123,,OK
27178,coin,PI+SIDIS,Dummy,-1.165,2.766,CTime.ePiCoinTime_ROC2,92787,4628,51.0369,0.309196,4628,1,0,1,3,3.10556,3,1.03519,8.16751e-07,51.0369,0.309196,,OK
27180,coin,PI+SIDIS,LH2,-1.165,2.766,CTime.ePiCoinTime_ROC2,334795,20238,51.0054,0.394154,20238,1,0,1,3,8.07211,3,2.6907,7.66085e-07,51.0054,0.394154,,OK
27181,coin,PI+SIDIS,LH2,-1.165,2.766,CTime.ePiCoinTime_ROC2,297185,18108,51.0049,0.390113,18108,1,0,1,3,4.76875,3,1.58958,5.45761e-07,51.0049,0.390113,,OK
27182,coin,PI+SIDIS,LH2,-1.165,2.766,CTime.ePiCoinTime_ROC2,353967,21592,51.0308,0.377218,21592,1,0,1,3,5.3083,3,1.76943,1.32539e-06,51.0308,0.377218,,OK
27183,coin,PI+SIDIS,LH2,-1.165,2.766,CTime.ePiCoinTime_ROC2,365872,22448,51.0263,0.400465,22448,1,0,1,3,3.28998,3,1.09666,3.27537e-06,51.0263,0.400465,,OK
27184,coin,PI+SIDIS,LH2,-1.165,2.766,CTime.ePiCoinTime_ROC2,363859,22072,51.0372,0.390754,22072,1,0,1,3,9.88104,3,3.29368,5.38284e-07,51.0372,0.390754,,OK
27185,coin,PI+SIDIS,LH2,-1.165,2.766,CTime.ePiCoinTime_ROC2,382284,23799,50.9996,0.40134,23799,1,0,1,3,5.70299,3,1.901,1.02817e-05,50.9996,0.40134,,OK
27186,coin,PI+SIDIS,Dummy,-1.165,2.766,CTime.ePiCoinTime_ROC2,98307,4987,51.0546,0.305418,4987,1,0,1,3,2.34566,3,0.781885,5.99849e-08,51.0546,0.305418,,OK
27187,coin,PI+SIDIS,Dummy,-1.165,2.766,CTime.ePiCoinTime_ROC2,73356,3397,51.0496,0.41117,3397,1,0,1,3,3.17596,3,1.05865,3.78985e-06,51.0496,0.41117,,OK
27188,coin,PI+SIDIS,Dummy,-1.165,2.766,CTime.ePiCoinTime_ROC2,123009,6122,51.0388,0.329739,6122,1,0,1,3,8.23548,3,2.74516,4.28181e-06,51.0388,0.329739,,OK
27189,coin,PI+SIDIS,LH2,-1.165,5.154,CTime.ePiCoinTime_ROC2,20800,194,51.1387,0.364716,194,1,0,1,3,6.89054,3,2.29685,1.13981e-06,51.1387,0.364716,,OK
27190,coin,PI+SIDIS,LH2,-1.165,5.154,CTime.ePiCoinTime_ROC2,30054,427,51.1165,0.337687,427,1,0,1,3,1.477,3,0.492334,7.38952e-08,51.1165,0.337687,,OK
27191,coin,PI+SIDIS,LH2,-1.165,5.154,CTime.ePiCoinTime_ROC2,30885,523,51.0712,0.353684,523,1,0,1,3,2.951,3,0.983668,1.13349e-07,51.0712,0.353684,,OK
27195,coin,PI+SIDIS,Dummy,-1.165,5.154,CTime.ePiCoinTime_ROC2,18606,37,,,37,0,,,,,,,,,,LOW_STATISTICS,LOW_STATISTICS
27196,coin,PI+SIDIS,Dummy,-1.165,5.154,CTime.ePiCoinTime_ROC2,18076,44,,,44,0,,,,,,,,,,LOW_STATISTICS,LOW_STATISTICS
27198,coin,PI+SIDIS,LH2,-1.165,5.154,CTime.ePiCoinTime_ROC2,27154,428,51.0035,0.337109,428,1,0,1,3,1.87338,3,0.624461,9.29953e-07,51.0035,0.337109,,OK
27199,coin,PI+SIDIS,LH2,-1.165,5.154,CTime.ePiCoinTime_ROC2,27205,501,51.1058,0.349411,501,1,0,1,3,1.41868,3,0.472893,3.96857e-06,51.1058,0.349411,,OK
27200,coin,PI+SIDIS,Dummy,-1.165,5.154,CTime.ePiCoinTime_ROC2,19254,46,,,46,0,,,,,,,,,,LOW_STATISTICS,LOW_STATISTICS
27201,coin,PI+SIDIS,LH2,-1.165,3.837,CTime.ePiCoinTime_ROC2,60199,2179,51.0914,0.354367,2179,1,0,1,3,20.6367,3,6.87891,2.96397e-10,51.0914,0.354367,,OK
27202,coin,PI+SIDIS,LH2,-1.165,3.837,CTime.ePiCoinTime_ROC2,61004,2263,51.091,0.307469,2263,1,0,1,3,4.3633,3,1.45443,4.60377e-07,51.091,0.307469,,OK
27203,coin,PI+SIDIS,LH2,-1.165,3.837,CTime.ePiCoinTime_ROC2,69415,2613,51.2303,0.417038,2613,1,0,1,3,0.801287,3,0.267096,8.45473e-06,51.2303,0.417038,,OK
27204,coin,PI+SIDIS,LH2,-1.165,3.837,CTime.ePiCoinTime_ROC2,74987,2839,51.0746,0.37641,2839,1,0,1,3,1.97379,3,0.65793,5.20668e-07,51.0746,0.37641,,OK
27206,coin,PI+SIDIS,LH2,-1.165,3.837,CTime.ePiCoinTime_ROC2,69714,2685,50.0362,0.883543,2685,1,0,1,3,7.88121,3,2.62707,9.20197e-06,50.0362,0.883543,,OK
27208,coin,PI+SIDIS,LH2,-1.165,3.837,CTime.ePiCoinTime_ROC2,63750,2340,49.6547,0.397746,2340,1,0,1,3,1.42474,3,0.474915,1.39147e-05,49.6547,0.397746,,OK
27209,coin,PI+SIDIS,LH2,-1.165,3.837,CTime.ePiCoinTime_ROC2,70527,2740,49.2667,0.418312,2740,1,0,1,3,0.7352,3,0.245067,7.22962e-06,49.2667,0.418312,,OK
27210,coin,PI+SIDIS,LH2,-1.165,3.837,CTime.ePiCoinTime_ROC2,67520,2637,49.7137,0.339136,2637,1,0,1,3,10.4147,3,3.47156,6.90338e-07,49.7137,0.339136,,OK
27211,coin,PI+SIDIS,LH2,-1.165,3.837,CTime.ePiCoinTime_ROC2,65077,2383,49.9299,0.42589,2383,1,0,1,3,4.14902,3,1.38301,1.24802e-05,49.9299,0.42589,,OK
27212,coin,PI+SIDIS,LH2,-1.165,3.837,CTime.ePiCoinTime_ROC2,64645,2337,49.8536,0.381895,2337,1,0,1,3,3.13539,3,1.04513,1.92046e-06,49.8536,0.381895,,OK
27213,coin,PI+SIDIS,LH2,-1.165,3.837,CTime.ePiCoinTime_ROC2,860847,2632,50.035,0.375034,2632,1,0,1,3,10.6295,3,3.54315,8.30789e-07,50.035,0.375034,,OK
27216,coin,PI+SIDIS,Dummy,-1.165,3.837,CTime.ePiCoinTime_ROC2,20544,136,50.0275,0.365002,136,1,0,1,3,5.31647,3,1.77216,1.05732e-06,50.0275,0.365002,,OK
27217,coin,PI+SIDIS,Dummy,-1.165,3.837,CTime.ePiCoinTime_ROC2,20752,123,49.8193,0.30212,123,1,0,1,3,3.86304,3,1.28768,2.01687e-07,49.8193,0.30212,,OK
27218,coin,PI+SIDIS,Dummy,-1.165,3.837,CTime.ePiCoinTime_ROC2,20068,108,49.9516,0.26257,108,1,0,1,3,0.633189,3,0.211063,1.69548e-07,49.9516,0.26257,,OK
27219,coin,PI+SIDIS,Dummy,-1.165,3.837,CTime.ePiCoinTime_ROC2,19759,110,49.8266,0.211406,110,1,0,1,3,0.88101,3,0.29367,1.08856e-07,49.8266,0.211406,,OK
27221,coin,PI+SIDIS,LH2,-1.165,3.837,CTime.ePiCoinTime_ROC2,54491,1629,49.7999,0.404444,1629,1,0,1,3,5.28079,3,1.76026,1.70659e-06,49.7999,0.404444,,OK
27222,coin,PI+SIDIS,LH2,-1.165,3.837,CTime.ePiCoinTime_ROC2,66143,2467,49.7788,0.387412,2467,1,0,1,3,5.23721,3,1.74574,1.12299e-07,49.7788,0.387412,,OK
27223,coin,PI+SIDIS,LH2,-1.165,3.837,CTime.ePiCoinTime_ROC2,67549,2479,49.6771,0.341671,2479,1,0,1,3,18.6361,3,6.21205,2.23442e-06,49.6771,0.341671,,OK
27224,coin,PI+SIDIS,LH2,-1.165,3.837,CTime.ePiCoinTime_ROC2,69896,2684,49.5657,0.3688,2684,1,0,1,3,18.0727,3,6.02424,3.74564e-07,49.5657,0.3688,,OK
27225,coin,PI+SIDIS,LH2,-1.165,3.837,CTime.ePiCoinTime_ROC2,68737,2560,49.3946,0.386478,2560,1,0,1,3,12.6137,3,4.20457,7.37649e-06,49.3946,0.386478,,OK
27226,coin,PI+SIDIS,LH2,-1.165,3.837,CTime.ePiCoinTime_ROC2,69711,2595,49.1339,0.374979,2595,1,0,1,3,14.4271,3,4.80903,3.84421e-06,49.1339,0.374979,,OK
27227,coin,PI+SIDIS,LH2,-1.165,3.837,CTime.ePiCoinTime_ROC2,79863,2945,48.4979,0.459776,2945,1,0,1,3,4.24057,3,1.41352,3.01434e-06,48.4979,0.459776,,OK
27228,coin,PI+SIDIS,LH2,-1.165,3.837,CTime.ePiCoinTime_ROC2,69209,2512,47.3418,0.424391,2512,1,0,1,3,0.782606,3,0.260869,6.75272e-06,47.3418,0.424391,,OK
27229,coin,PI+SIDIS,LH2,-1.165,3.837,CTime.ePiCoinTime_ROC2,68033,2548,46.7524,0.519972,2548,1,0,1,3,9.89033,3,3.29678,5.478e-07,46.7524,0.519972,,OK
27230,coin,PI+SIDIS,LH2,-1.165,3.837,CTime.ePiCoinTime_ROC2,70143,2827,46.2373,0.450412,2827,1,0,1,3,3.09728,3,1.03243,9.9149e-06,46.2373,0.450412,,OK
27231,coin,PI+SIDIS,LH2,-1.165,3.837,CTime.ePiCoinTime_ROC2,69019,2637,45.8946,0.277198,2637,1,0,1,3,4.99967,3,1.66656,1.13416e-06,45.8946,0.277198,,OK
27232,coin,PI+SIDIS,Dummy,-1.165,3.837,CTime.ePiCoinTime_ROC2,20563,133,47.5402,0.259131,133,1,0,1,3,4.7521,3,1.58403,2.82083e-08,47.5402,0.259131,,OK
27233,coin,PI+SIDIS,Dummy,-1.165,3.837,CTime.ePiCoinTime_ROC2,20352,90,48.4936,0.26087,90,1,0,1,3,3.12068,3,1.04023,1.05259e-06,48.4936,0.26087,,OK
27234,coin,PI+SIDIS,Dummy,-1.165,3.837,CTime.ePiCoinTime_ROC2,20653,106,49.3778,0.432411,106,1,0,1,3,5.69823,2,2.84911,1.57828e-05,49.3778,0.432411,,OK
27235,coin,PI+SIDIS,Dummy,-1.165,3.837,CTime.ePiCoinTime_ROC2,20459,107,49.7015,0.204021,107,1,0,1,3,1.62141,3,0.540471,1.08909e-07,49.7015,0.204021,,OK
27236,coin,PI+SIDIS,LD2,-1.165,2.978,CTime.ePiCoinTime_ROC2,62724,1450,49.8348,0.393395,1450,1,0,1,3,1.42033,2,0.710164,5.87359e-06,49.8348,0.393395,,OK
27237,coin,PI+SIDIS,LD2,-1.165,2.978,CTime.ePiCoinTime_ROC2,140383,3455,49.8971,0.381702,3455,1,0,1,3,1.07078,3,0.356927,9.81572e-07,49.8971,0.381702,,OK
27238,coin,PI+SIDIS,LD2,-1.165,2.978,CTime.ePiCoinTime_ROC2,139625,3461,50.0162,0.368336,3461,1,0,1,3,24.1308,3,8.04361,1.10043e-05,50.0162,0.368336,,OK
27239,coin,PI+SIDIS,LD2,-1.165,2.978,CTime.ePiCoinTime_ROC2,134484,3147,50.0122,0.384065,3147,1,0,1,3,2.04208,3,0.680692,2.08279e-06,50.0122,0.384065,,OK
27240,coin,PI+SIDIS,LD2,-1.165,2.978,CTime.ePiCoinTime_ROC2,151851,3760,50.0696,0.371947,3760,1,0,1,3,4.45632,3,1.48544,1.10259e-06,50.0696,0.371947,,OK
27241,coin,PI+SIDIS,LD2,-1.165,2.978,CTime.ePiCoinTime_ROC2,150587,3539,50.1482,0.364353,3539,1,0,1,3,11.8809,3,3.9603,2.60275e-06,50.1482,0.364353,,OK
27242,coin,PI+SIDIS,LD2,-1.165,2.978,CTime.ePiCoinTime_ROC2,145384,3433,50.1223,0.348992,3433,1,0,1,3,11.4864,3,3.82881,6.31786e-06,50.1223,0.348992,,OK
27243,coin,PI+SIDIS,LD2,-1.165,2.978,CTime.ePiCoinTime_ROC2,146182,3419,50.0995,0.360528,3419,1,0,1,3,2.37195,3,0.790649,9.23416e-06,50.0995,0.360528,,OK
27244,coin,PI+SIDIS,LD2,-1.165,2.978,CTime.ePiCoinTime_ROC2,150916,3580,50.0471,0.398257,3580,1,0,1,3,7.47084,3,2.49028,5.53078e-08,50.0471,0.398257,,OK
27245,coin,PI+SIDIS,LD2,-1.165,2.978,CTime.ePiCoinTime_ROC2,140193,3311,50.1131,0.353486,3311,1,0,1,3,17.8182,3,5.93939,2.17765e-06,50.1131,0.353486,,OK
27246,coin,PI+SIDIS,LD2,-1.165,2.978,CTime.ePiCoinTime_ROC2,141056,3270,50.1354,0.345135,3270,1,0,1,3,3.54993,3,1.18331,1.44203e-06,50.1354,0.345135,,OK
27249,coin,PI+SIDIS,LH2,-1.165,2.978,CTime.ePiCoinTime_ROC2,107136,4227,49.9998,0.362989,4227,1,0,1,3,11.6287,3,3.87623,1.8237e-06,49.9998,0.362989,,OK
27250,coin,PI+SIDIS,LH2,-1.165,2.978,CTime.ePiCoinTime_ROC2,105245,4133,49.9908,0.386635,4133,1,0,1,3,2.32311,3,0.774372,3.16153e-06,49.9908,0.386635,,OK
27251,coin,PI+SIDIS,LH2,-1.165,2.978,CTime.ePiCoinTime_ROC2,106113,4232,50.0076,0.34512,4232,1,0,1,3,8.36799,3,2.78933,8.10215e-06,50.0076,0.34512,,OK
27252,coin,PI+SIDIS,LH2,-1.165,2.978,CTime.ePiCoinTime_ROC2,116088,4573,50.0258,0.398459,4573,1,0,1,3,6.90808,3,2.30269,1.02176e-05,50.0258,0.398459,,OK
27253,coin,PI+SIDIS,LH2,-1.165,2.978,CTime.ePiCoinTime_ROC2,117467,4737,49.9771,0.380645,4737,1,0,1,3,6.49245,3,2.16415,1.01441e-06,49.9771,0.380645,,OK
27254,coin,PI+SIDIS,LH2,-1.165,2.978,CTime.ePiCoinTime_ROC2,112785,4409,49.9085,0.353628,4409,1,0,1,3,10.6824,3,3.56079,1.84005e-07,49.9085,0.353628,,OK
27255,coin,PI+SIDIS,LH2,-1.165,2.978,CTime.ePiCoinTime_ROC2,115732,4578,49.9801,0.376665,4578,1,0,1,3,12.8559,3,4.2853,7.11499e-07,49.9801,0.376665,,OK
27257,coin,PI+SIDIS,LH2,-1.165,2.978,CTime.ePiCoinTime_ROC2,112172,4597,49.9709,0.386888,4597,1,0,1,3,19.9741,3,6.65805,3.28518e-07,49.9709,0.386888,,OK
27258,coin,PI+SIDIS,LH2,-1.165,2.978,CTime.ePiCoinTime_ROC2,107437,4143,49.9146,0.39914,4143,1,0,1,3,9.47971,3,3.1599,4.54695e-06,49.9146,0.39914,,OK
27259,coin,PI+SIDIS,LH2,-1.165,2.978,CTime.ePiCoinTime_ROC2,112679,4470,49.9127,0.364063,4470,1,0,1,3,11.4382,3,3.81272,5.91239e-06,49.9127,0.364063,,OK
27261,coin,PI+SIDIS,LH2,-1.165,2.978,CTime.ePiCoinTime_ROC2,1569402,4468,49.8914,0.391289,4468,1,0,1,3,6.54228,3,2.18076,3.87244e-07,49.8914,0.391289,,OK
27265,coin,PI+SIDIS,Dummy,-1.165,2.978,CTime.ePiCoinTime_ROC2,24378,181,49.9476,0.437459,181,1,0,1,3,4.22433,3,1.40811,8.20066e-06,49.9476,0.437459,,OK
27266,coin,PI+SIDIS,Dummy,-1.165,2.978,CTime.ePiCoinTime_ROC2,23786,188,49.8351,0.448627,188,1,0,1,3,0.556979,2,0.27849,6.92096e-06,49.8351,0.448627,,OK
27267,coin,PI+SIDIS,Dummy,-1.165,2.978,CTime.ePiCoinTime_ROC2,23342,182,50.0093,0.309347,182,1,0,1,3,7.64948,2,3.82474,6.74368e-07,50.0093,0.309347,,OK
27269,coin,PI+SIDIS,Dummy,-1.165,2.978,CTime.ePiCoinTime_ROC2,23033,172,49.8991,0.366486,172,1,0,1,3,2.06166,2,1.03083,5.36271e-06,49.8991,0.366486,,OK
27271,coin,PI+SIDIS,C,-1.165,2.978,CTime.ePiCoinTime_ROC2,15522,338,49.7571,0.579054,338,1,0,1,3,6.91624,2,3.45812,2.31921e-07,49.7571,0.579054,,OK
27272,coin,PI+SIDIS,C,-1.165,2.978,CTime.ePiCoinTime_ROC2,130880,3088,49.8377,0.423687,3088,1,0,1,3,1.5592,3,0.519734,7.88579e-07,49.8377,0.423687,,OK
27273,coin,PI+SIDIS,C,-1.165,2.978,CTime.ePiCoinTime_ROC2,142699,3432,49.7888,0.346263,3432,1,0,1,3,4.17401,3,1.39134,1.43059e-08,49.7888,0.346263,,OK
27274,coin,PI+SIDIS,C,-1.165,2.978,CTime.ePiCoinTime_ROC2,130495,3142,49.8009,0.358602,3142,1,0,1,3,6.41266,3,2.13755,9.65893e-06,49.8009,0.358602,,OK
27275,coin,PI+SIDIS,C,-1.165,2.978,CTime.ePiCoinTime_ROC2,124659,2745,49.8527,0.355183,2745,1,0,1,3,2.55676,3,0.852254,2.13259e-06,49.8527,0.355183,,OK
27276,coin,PI+SIDIS,C,-1.165,2.978,CTime.ePiCoinTime_ROC2,135950,3158,49.8058,0.384194,3158,1,0,1,3,11.0378,3,3.67928,6.03026e-06,49.8058,0.384194,,OK
27277,coin,PI+SIDIS,C,-1.165,2.978,CTime.ePiCoinTime_ROC2,140194,3257,49.7752,0.301738,3257,1,0,1,3,0.40756,3,0.135853,1.62999e-07,49.7752,0.301738,,OK
27278,coin,PI+SIDIS,C,-1.165,2.978,CTime.ePiCoinTime_ROC2,135022,3298,49.8041,0.349319,3298,1,0,1,3,4.22678,3,1.40893,8.26264e-07,49.8041,0.349319,,OK
27279,coin,PI+SIDIS,C,-1.165,2.978,CTime.ePiCoinTime_ROC2,143640,3419,49.8503,0.286807,3419,1,0,1,3,4.95879,3,1.65293,1.39984e-07,49.8503,0.286807,,OK
27280,coin,PI+SIDIS,C,-1.165,2.978,CTime.ePiCoinTime_ROC2,63495,1380,49.8507,0.341757,1380,1,0,1,3,0.83484,3,0.27828,3.62357e-07,49.8507,0.341757,,OK
27281,coin,PI+SIDIS,C,-1.165,2.978,CTime.ePiCoinTime_ROC2,204979,5029,49.7597,0.353736,5029,1,0,1,3,4.12099,3,1.37366,3.44962e-06,49.7597,0.353736,,OK
27285,coin,PI+SIDIS,Cu,-1.165,2.978,CTime.ePiCoinTime_ROC2,144422,2654,49.6921,0.378961,2654,1,0,1,3,1.15489,3,0.384962,7.4597e-06,49.6921,0.378961,,OK
27286,coin,PI+SIDIS,Cu,-1.165,2.978,CTime.ePiCoinTime_ROC2,140984,2619,49.7307,0.37586,2619,1,0,1,3,9.08209,3,3.02736,9.65163e-08,49.7307,0.37586,,OK
27287,coin,PI+SIDIS,Cu,-1.165,2.978,CTime.ePiCoinTime_ROC2,137508,2585,49.7527,0.364647,2585,1,0,1,3,8.16406,3,2.72135,3.07804e-07,49.7527,0.364647,,OK
27288,coin,PI+SIDIS,Cu,-1.165,2.978,CTime.ePiCoinTime_ROC2,66159,1174,49.7298,0.291204,1174,1,0,1,3,1.03123,3,0.343743,3.06612e-06,49.7298,0.291204,,OK
27289,coin,PI+SIDIS,Cu,-1.165,2.978,CTime.ePiCoinTime_ROC2,243957,4680,49.7044,0.397796,4680,1,0,1,3,4.28769,3,1.42923,1.00169e-05,49.7044,0.397796,,OK
27290,coin,PI+SIDIS,Cu,-1.165,2.978,CTime.ePiCoinTime_ROC2,148247,2836,49.6791,0.349616,2836,1,0,1,3,0.597219,3,0.199073,1.02877e-05,49.6791,0.349616,,OK
27291,coin,PI+SIDIS,Cu,-1.165,2.978,CTime.ePiCoinTime_ROC2,151508,2834,49.5883,0.360269,2834,1,0,1,3,6.82228,3,2.27409,1.46595e-06,49.5883,0.360269,,OK
27292,coin,PI+SIDIS,Cu,-1.165,2.978,CTime.ePiCoinTime_ROC2,124125,2262,49.5953,0.342644,2262,1,0,1,3,0.442274,3,0.147425,7.68612e-07,49.5953,0.342644,,OK
27293,coin,PI+SIDIS,Cu,-1.165,2.978,CTime.ePiCoinTime_ROC2,141473,2673,49.5856,0.373598,2673,1,0,1,3,2.15175,3,0.71725,3.51255e-06,49.5856,0.373598,,OK
27294,coin,PI+SIDIS,Cu,-1.165,2.978,CTime.ePiCoinTime_ROC2,146665,2672,49.4641,0.216769,2672,1,0,1,3,4.02092,2,2.01046,3.30062e-06,49.4641,0.216769,,OK
27300,coin,PI+SIDIS,LD2,-1.165,2.978,CTime.ePiCoinTime_ROC2,147423,3508,49.4189,0.361583,3508,1,0,1,3,10.3755,3,3.45848,3.96777e-07,49.4189,0.361583,,OK
27301,coin,PI+SIDIS,LD2,-1.165,2.978,CTime.ePiCoinTime_ROC2,142886,3365,49.4272,0.379593,3365,1,0,1,3,10.3216,3,3.44053,4.97741e-06,49.4272,0.379593,,OK
27302,coin,PI+SIDIS,LD2,-1.165,2.978,CTime.ePiCoinTime_ROC2,151832,3610,49.3729,0.368122,3610,1,0,1,3,5.01011,3,1.67004,2.18591e-06,49.3729,0.368122,,OK
27303,coin,PI+SIDIS,LD2,-1.165,2.978,CTime.ePiCoinTime_ROC2,137332,3280,49.1853,0.350284,3280,1,0,1,3,1.72637,3,0.575458,1.21413e-06,49.1853,0.350284,,OK
27304,coin,PI+SIDIS,LD2,-1.165,2.978,CTime.ePiCoinTime_ROC2,136061,3130,48.9243,0.343191,3130,1,0,1,3,2.26127,3,0.753756,6.90059e-08,48.9243,0.343191,,OK
27305,coin,PI+SIDIS,LD2,-1.165,2.978,CTime.ePiCoinTime_ROC2,136100,3278,48.8667,0.342166,3278,1,0,1,3,9.10785,3,3.03595,2.89913e-07,48.8667,0.342166,,OK
27306,coin,PI+SIDIS,LD2,-1.165,2.978,CTime.ePiCoinTime_ROC2,206290,4940,48.9369,0.428644,4940,1,0,1,3,6.0742,3,2.02473,9.44635e-06,48.9369,0.428644,,OK
27307,coin,PI+SIDIS,LD2,-1.165,2.978,CTime.ePiCoinTime_ROC2,132696,3159,47.0113,0.484838,3159,1,0,1,3,3.73442,3,1.24481,3.77553e-07,47.0113,0.484838,,OK
27308,coin,PI+SIDIS,LD2,-1.165,2.978,CTime.ePiCoinTime_ROC2,138386,3126,49.6251,0.444839,3126,1,0,1,3,13.1595,3,4.3865,1.18105e-06,49.6251,0.444839,,OK
27309,coin,PI+SIDIS,LD2,-1.165,2.978,CTime.ePiCoinTime_ROC2,90905,2085,49.5826,0.282127,2085,1,0,1,3,10.9903,3,3.66344,3.54716e-06,49.5826,0.282127,,OK
27310,coin,PI+SIDIS,LH2,-1.165,2.978,CTime.ePiCoinTime_ROC2,99540,3751,49.6539,0.38992,3751,1,0,1,3,22.6146,3,7.5382,1.19191e-07,49.6539,0.38992,,OK
27311,coin,PI+SIDIS,LH2,-1.165,2.978,CTime.ePiCoinTime_ROC2,95702,3629,49.7265,0.380634,3629,1,0,1,3,6.74256,3,2.24752,2.46055e-07,49.7265,0.380634,,OK
27312,coin,PI+SIDIS,LH2,-1.165,2.978,CTime.ePiCoinTime_ROC2,97344,3662,49.7215,0.347743,3662,1,0,1,3,8.08903,3,2.69634,1.65301e-05,49.7215,0.347743,,OK
27313,coin,PI+SIDIS,LH2,-1.165,2.978,CTime.ePiCoinTime_ROC2,86320,3141,49.7227,0.40856,3141,1,0,1,3,2.17752,3,0.72584,1.55565e-06,49.7227,0.40856,,OK
27314,coin,PI+SIDIS,LH2,-1.165,2.978,CTime.ePiCoinTime_ROC2,91474,3507,49.7123,0.378325,3507,1,0,1,3,11.3643,3,3.7881,2.39741e-06,49.7123,0.378325,,OK
27315,coin,PI+SIDIS,LH2,-1.165,2.978,CTime.ePiCoinTime_ROC2,90637,3398,49.6733,0.383495,3398,1,0,1,3,5.91908,3,1.97303,2.20103e-06,49.6733,0.383495,,OK
27316,coin,PI+SIDIS,LH2,-1.165,2.978,CTime.ePiCoinTime_ROC2,92768,3567,49.7348,0.384109,3567,1,0,1,3,9.8971,3,3.29903,6.33178e-06,49.7348,0.384109,,OK
27317,coin,PI+SIDIS,LH2,-1.165,2.978,CTime.ePiCoinTime_ROC2,115507,4364,49.7271,0.383998,4364,1,0,1,3,13.5075,3,4.50249,1.8481e-06,49.7271,0.383998,,OK
27318,coin,PI+SIDIS,LH2,-1.165,2.978,CTime.ePiCoinTime_ROC2,86809,3121,49.6959,0.402091,3121,1,0,1,3,1.50696,3,0.502321,1.14212e-06,49.6959,0.402091,,OK
27319,coin,PI+SIDIS,LH2,-1.165,2.978,CTime.ePiCoinTime_ROC2,95038,3712,49.7386,0.375849,3712,1,0,1,3,8.67619,3,2.89206,5.28787e-07,49.7386,0.375849,,OK
27320,coin,PI+SIDIS,Dummy,-1.165,2.978,CTime.ePiCoinTime_ROC2,24322,162,49.8575,0.359868,162,1,0,1,3,4.6116,3,1.5372,1.01918e-05,49.8575,0.359868,,OK
27321,coin,PI+SIDIS,Dummy,-1.165,2.978,CTime.ePiCoinTime_ROC2,22381,159,49.8545,0.347656,159,1,0,1,3,1.43916,3,0.47972,1.57889e-05,49.8545,0.347656,,OK
27322,coin,PI+SIDIS,Dummy,-1.165,2.978,CTime.ePiCoinTime_ROC2,25371,169,49.7554,0.282923,169,1,0,1,3,2.95602,2,1.47801,6.00495e-08,49.7554,0.282923,,OK
27323,coin,PI+SIDIS,Dummy,-1.165,2.978,CTime.ePiCoinTime_ROC2,22844,163,49.7682,0.347881,163,1,0,1,3,2.7462,3,0.915401,1.69073e-05,49.7682,0.347881,,OK
27324,coin,PI+SIDIS,C,-1.165,2.978,CTime.ePiCoinTime_ROC2,137388,3141,49.7633,0.356863,3141,1,0,1,3,7.49172,3,2.49724,1.75413e-06,49.7633,0.356863,,OK
27326,coin,PI+SIDIS,C,-1.165,2.978,CTime.ePiCoinTime_ROC2,139389,3348,49.8108,0.38344,3348,1,0,1,3,12.261,3,4.08698,7.11621e-07,49.8108,0.38344,,OK
27327,coin,PI+SIDIS,C,-1.165,2.978,CTime.ePiCoinTime_ROC2,137634,3378,49.7542,0.371906,3378,1,0,1,3,8.70193,3,2.90064,4.16674e-06,49.7542,0.371906,,OK
27328,coin,PI+SIDIS,C,-1.165,2.978,CTime.ePiCoinTime_ROC2,141413,3353,49.766,0.428674,3353,1,0,1,3,11.2985,3,3.76617,1.85616e-07,49.766,0.428674,,OK
27329,coin,PI+SIDIS,C,-1.165,2.978,CTime.ePiCoinTime_ROC2,123539,2873,49.79,0.367872,2873,1,0,1,3,4.7113,3,1.57043,1.48899e-06,49.79,0.367872,,OK
27330,coin,PI+SIDIS,C,-1.165,2.978,CTime.ePiCoinTime_ROC2,114653,2648,49.8383,0.418249,2648,1,0,1,3,4.37593,3,1.45864,4.40438e-08,49.8383,0.418249,,OK
27331,coin,PI+SIDIS,C,-1.165,2.978,CTime.ePiCoinTime_ROC2,125008,2998,49.7594,0.356227,2998,1,0,1,3,0.383477,3,0.127826,8.00758e-07,49.7594,0.356227,,OK
27332,coin,PI+SIDIS,C,-1.165,2.978,CTime.ePiCoinTime_ROC2,197751,4675,49.7438,0.369905,4675,1,0,1,3,11.599,3,3.86633,4.82606e-06,49.7438,0.369905,,OK
27333,coin,PI+SIDIS,C,-1.165,2.978,CTime.ePiCoinTime_ROC2,140615,3367,49.7221,0.344241,3367,1,0,1,3,9.31407,3,3.10469,1.98674e-08,49.7221,0.344241,,OK
27334,coin,PI+SIDIS,C,-1.165,2.978,CTime.ePiCoinTime_ROC2,145082,3425,49.7426,0.384816,3425,1,0,1,3,1.75887,3,0.586292,3.24708e-06,49.7426,0.384816,,OK
27335,coin,PI+SIDIS,Cu,-1.165,2.978,CTime.ePiCoinTime_ROC2,139932,2690,49.7339,0.352563,2690,1,0,1,3,3.27144,3,1.09048,1.01803e-05,49.7339,0.352563,,OK
27336,coin,PI+SIDIS,Cu,-1.165,2.978,CTime.ePiCoinTime_ROC2,131809,2476,49.7912,0.364962,2476,1,0,1,3,18.5718,3,6.19061,3.88238e-06,49.7912,0.364962,,OK
27337,coin,PI+SIDIS,Cu,-1.165,2.978,CTime.ePiCoinTime_ROC2,128806,2427,49.767,0.355002,2427,1,0,1,3,2.45415,3,0.81805,7.60462e-06,49.767,0.355002,,OK
27338,coin,PI+SIDIS,Cu,-1.165,2.978,CTime.ePiCoinTime_ROC2,150204,2786,49.7379,0.365955,2786,1,0,1,3,1.59436,3,0.531454,7.90786e-06,49.7379,0.365955,,OK
27339,coin,PI+SIDIS,Cu,-1.165,2.978,CTime.ePiCoinTime_ROC2,146137,2753,49.7358,0.399452,2753,1,0,1,3,1.58699,3,0.528996,5.35381e-06,49.7358,0.399452,,OK
27340,coin,PI+SIDIS,Cu,-1.165,2.978,CTime.ePiCoinTime_ROC2,135491,2625,49.6791,0.342449,2625,1,0,1,3,1.23691,3,0.412304,2.24005e-06,49.6791,0.342449,,OK
27341,coin,PI+SIDIS,Cu,-1.165,2.978,CTime.ePiCoinTime_ROC2,141717,2573,49.6567,0.331406,2573,1,0,1,3,4.02822,3,1.34274,4.1766e-07,49.6567,0.331406,,OK
27342,coin,PI+SIDIS,Cu,-1.165,2.978,CTime.ePiCoinTime_ROC2,63983,1062,49.606,0.315778,1062,1,0,1,3,9.26769,3,3.08923,1.32045e-07,49.606,0.315778,,OK
27343,coin,PI+SIDIS,Cu,-1.165,2.978,CTime.ePiCoinTime_ROC2,140223,2626,49.4383,0.431775,2626,1,0,1,3,1.84152,3,0.61384,1.27531e-06,49.4383,0.431775,,OK
27344,coin,PI+SIDIS,Cu,-1.165,2.978,CTime.ePiCoinTime_ROC2,156160,2887,49.3705,0.327703,2887,1,0,1,3,2.58238,3,0.860793,7.99056e-07,49.3705,0.327703,,OK
27345,coin,PI+SIDIS,Cu,-1.165,2.978,CTime.ePiCoinTime_ROC2,137775,2552,49.0611,0.257283,2552,1,0,1,3,4.41225,3,1.47075,1.26413e-06,49.0611,0.257283,,OK
27347,coin,PI+SIDIS,Cu,-1.165,2.978,CTime.ePiCoinTime_ROC2,142741,2763,49.4564,0.488764,2763,1,0,1,3,8.88619,3,2.96206,3.77396e-06,49.4564,0.488764,,OK
27348,coin,PI+SIDIS,Cu,-1.165,2.978,CTime.ePiCoinTime_ROC2,148068,2865,51.2469,0.356442,2865,1,0,1,3,2.11205,3,0.704016,1.32972e-05,51.2469,0.356442,,OK
27349,coin,PI+SIDIS,Cu,-1.165,2.978,CTime.ePiCoinTime_ROC2,180327,3532,51.2827,0.308647,3532,1,0,1,3,4.20707,3,1.40236,4.20298e-07,51.2827,0.308647,,OK
27350,coin,PI+SIDIS,Cu,-1.165,2.978,CTime.ePiCoinTime_ROC2,190046,3823,51.2313,0.262993,3823,1,0,1,3,7.02881,3,2.34294,5.43341e-06,51.2313,0.262993,,OK
27358,coin,PI-SIDIS,LH2,-1.165,-3.837,CTime.ePiCoinTime_ROC2,98112,1283,51.3278,0.377802,1283,1,0,1,3,6.95382,3,2.31794,1.463e-06,51.3278,0.377802,,OK
27361,coin,PI-SIDIS,LH2,-1.165,-3.837,CTime.ePiCoinTime_ROC2,102882,1390,51.2483,0.313581,1390,1,0,1,3,11.2547,3,3.75157,4.76665e-06,51.2483,0.313581,,OK
27362,coin,PI-SIDIS,LH2,-1.165,-3.837,CTime.ePiCoinTime_ROC2,89708,1197,51.3245,0.368213,1197,1,0,1,3,1.23525,3,0.411751,2.10573e-06,51.3245,0.368213,,OK
27363,coin,PI-SIDIS,LH2,-1.165,-3.837,CTime.ePiCoinTime_ROC2,72339,870,51.3222,0.305514,870,1,0,1,3,8.01831,3,2.67277,1.31781e-07,51.3222,0.305514,,OK
27364,coin,PI-SIDIS,LH2,-1.165,-3.837,CTime.ePiCoinTime_ROC2,88425,1154,51.2529,0.288063,1154,1,0,1,3,10.7217,2,5.36087,1.22577e-06,51.2529,0.288063,,OK
27365,coin,PI-SIDIS,LH2,-1.165,-3.837,CTime.ePiCoinTime_ROC2,99262,1378,51.2722,0.335094,1378,1,0,1,3,13.0425,3,4.34749,7.87106e-07,51.2722,0.335094,,OK
27366,coin,PI-SIDIS,LH2,-1.165,-3.837,CTime.ePiCoinTime_ROC2,94204,1295,51.2442,0.304853,1295,1,0,1,3,11.464,2,5.73199,3.99618e-07,51.2442,0.304853,,OK
27367,coin,PI-SIDIS,LH2,-1.165,-3.837,CTime.ePiCoinTime_ROC2,96857,1351,51.322,0.370996,1351,1,0,1,3,3.28573,3,1.09524,9.67065e-06,51.322,0.370996,,OK
27368,coin,PI-SIDIS,LH2,-1.165,-3.837,CTime.ePiCoinTime_ROC2,94179,1318,51.3015,0.33032,1318,1,0,1,3,3.54421,3,1.1814,9.74292e-07,51.3015,0.33032,,OK
27369,coin,PI-SIDIS,LH2,-1.165,-3.837,CTime.ePiCoinTime_ROC2,96490,1380,51.2812,0.33108,1380,1,0,1,3,1.88195,3,0.627316,5.98369e-08,51.2812,0.33108,,OK
27370,coin,PI-SIDIS,LH2,-1.165,-3.837,CTime.ePiCoinTime_ROC2,1462463,1424,51.2587,0.347419,1424,1,0,1,3,5.6672,3,1.88907,3.01771e-07,51.2587,0.347419,,OK
27375,coin,PI-SIDIS,Dummy,-1.165,-3.837,CTime.ePiCoinTime_ROC2,24005,77,51.2839,0.243377,77,1,0,1,3,4.56035,3,1.52012,6.4004e-07,51.2839,0.243377,,OK
27376,coin,PI-SIDIS,Dummy,-1.165,-3.837,CTime.ePiCoinTime_ROC2,23294,54,51.3039,0.290687,54,1,0,1,3,1.65755,3,0.552517,1.06965e-06,51.3039,0.290687,,OK
27377,coin,PI-SIDIS,Dummy,-1.165,-3.837,CTime.ePiCoinTime_ROC2,25117,53,51.2885,0.287142,53,1,0,1,3,2.22992,2,1.11496,1.32763e-06,51.2885,0.287142,,OK
27378,coin,PI-SIDIS,Dummy,-1.165,-3.837,CTime.ePiCoinTime_ROC2,24012,68,51.2839,0.343828,68,1,0,1,3,1.93831,2,0.969154,1.18847e-06,51.2839,0.343828,,OK
27381,coin,PI-SIDIS,LH2,-1.165,-3.837,CTime.ePiCoinTime_ROC2,97840,1433,51.2576,0.327054,1433,1,0,1,3,7.81385,3,2.60462,5.8535e-07,51.2576,0.327054,,OK
27382,coin,PI-SIDIS,LH2,-1.165,-3.837,CTime.ePiCoinTime_ROC2,94608,1336,51.1736,0.259606,1336,1,0,1,3,3.87605,3,1.29202,1.54354e-08,51.1736,0.259606,,OK
27383,coin,PI-SIDIS,LH2,-1.165,-3.837,CTime.ePiCoinTime_ROC2,101432,1441,51.3144,0.39946,1441,1,0,1,3,5.63376,3,1.87792,1.25262e-05,51.3144,0.39946,,OK
27384,coin,PI-SIDIS,LH2,-1.165,-3.837,CTime.ePiCoinTime_ROC2,98049,1372,51.2525,0.364219,1372,1,0,1,3,1.72773,3,0.57591,2.79271e-06,51.2525,0.364219,,OK
27385,coin,PI-SIDIS,LH2,-1.165,-3.837,CTime.ePiCoinTime_ROC2,46234,547,51.1746,0.354542,547,1,0,1,3,3.44559,3,1.14853,3.58039e-06,51.1746,0.354542,,OK
27386,coin,PI-SIDIS,LH2,-1.165,-3.837,CTime.ePiCoinTime_ROC2,95058,1341,51.2398,0.28125,1341,1,0,1,3,7.59198,3,2.53066,4.95103e-06,51.2398,0.28125,,OK
27387,coin,PI-SIDIS,LH2,-1.165,-3.837,CTime.ePiCoinTime_ROC2,85538,1201,51.3551,0.336624,1201,1,0,1,3,3.48308,3,1.16103,3.62012e-08,51.3551,0.336624,,OK
27388,coin,PI-SIDIS,LH2,-1.165,-3.837,CTime.ePiCoinTime_ROC2,87433,1186,51.3125,0.309938,1186,1,0,1,3,4.08106,3,1.36035,2.56122e-08,51.3125,0.309938,,OK
27389,coin,PI-SIDIS,LH2,-1.165,-3.837,CTime.ePiCoinTime_ROC2,93993,1379,51.2762,0.406741,1379,1,0,1,3,6.51706,3,2.17235,2.71713e-06,51.2762,0.406741,,OK
27390,coin,PI-SIDIS,LH2,-1.165,-3.837,CTime.ePiCoinTime_ROC2,96463,1381,51.2651,0.406582,1381,1,0,1,3,12.5034,3,4.1678,1.70755e-06,51.2651,0.406582,,OK
27391,coin,PI-SIDIS,LH2,-1.165,-3.837,CTime.ePiCoinTime_ROC2,92351,1285,51.2149,0.337328,1285,1,0,1,3,2.0029,3,0.667633,2.44896e-06,51.2149,0.337328,,OK
27392,coin,PI-SIDIS,Dummy,-1.165,-3.837,CTime.ePiCoinTime_ROC2,26396,76,51.183,0.455678,76,1,0,1,3,0.646069,1,0.646069,2.32789e-06,51.183,0.455678,,OK
27393,coin,PI-SIDIS,Dummy,-1.165,-3.837,CTime.ePiCoinTime_ROC2,23006,74,51.1829,0.221536,74,1,0,1,3,1.74977,2,0.874886,6.40006e-06,51.1829,0.221536,,OK
27394,coin,PI-SIDIS,Dummy,-1.165,-3.837,CTime.ePiCoinTime_ROC2,21816,60,51.3145,0.161847,60,1,0,1,3,0.556466,3,0.185489,1.11193e-07,51.3145,0.161847,,OK
27395,coin,PI-SIDIS,Dummy,-1.165,-3.837,CTime.ePiCoinTime_ROC2,29950,116,51.2716,0.29306,116,1,0,1,3,1.03707,2,0.518534,9.37198e-08,51.2716,0.29306,,OK
27396,coin,PI-SIDIS,Dummy,-1.165,-3.837,CTime.ePiCoinTime_ROC2,23869,81,51.253,0.293802,81,1,0,1,3,0.831314,2,0.415657,6.28246e-06,51.253,0.293802,,OK
27397,coin,PI-SIDIS,Dummy,-1.165,-3.837,CTime.ePiCoinTime_ROC2,24886,69,51.3336,0.250111,69,1,0,1,3,0.572885,1,0.572885,1.25934e-06,51.3336,0.250111,,OK
27399,coin,PI-SIDIS,LD2,-1.165,-2.987,CTime.ePiCoinTime_ROC2,139615,2625,51.2684,0.343394,2625,1,0,1,3,8.45314,3,2.81771,2.88847e-07,51.2684,0.343394,,OK
27400,coin,PI-SIDIS,LD2,-1.165,-2.987,CTime.ePiCoinTime_ROC2,130675,2583,51.3521,0.437205,2583,1,0,1,3,7.37396,3,2.45799,1.24664e-06,51.3521,0.437205,,OK
27401,coin,PI-SIDIS,LD2,-1.165,-2.987,CTime.ePiCoinTime_ROC2,126211,2424,51.2866,0.35818,2424,1,0,1,3,6.20283,2,3.10142,2.1715e-06,51.2866,0.35818,,OK
27402,coin,PI-SIDIS,LD2,-1.165,-2.987,CTime.ePiCoinTime_ROC2,163684,3309,51.3243,0.37137,3309,1,0,1,3,13.3271,3,4.44237,1.95416e-07,51.3243,0.37137,,OK
27403,coin,PI-SIDIS,LD2,-1.165,-2.978,CTime.ePiCoinTime_ROC2,15989,152,,,152,1,1,1,2,0.428648,2,0.214324,6.26603e-06,51.2598,0.0763703,MINIMIZER_STATUS_1,FIT_FAILED
27406,coin,PI-SIDIS,LD2,-1.165,-2.978,CTime.ePiCoinTime_ROC2,131631,2764,51.2654,0.259847,2764,1,0,1,3,3.32586,2,1.66293,1.36011e-07,51.2654,0.259847,,OK
27407,coin,PI-SIDIS,LD2,-1.165,-2.978,CTime.ePiCoinTime_ROC2,125311,2544,51.2892,0.310592,2544,1,0,1,3,2.77954,3,0.926513,1.51026e-07,51.2892,0.310592,,OK
27408,coin,PI-SIDIS,LD2,-1.165,-2.978,CTime.ePiCoinTime_ROC2,126196,2649,51.2592,0.385626,2649,1,0,1,3,3.82283,3,1.27428,5.31408e-07,51.2592,0.385626,,OK
27409,coin,PI-SIDIS,LD2,-1.165,-2.978,CTime.ePiCoinTime_ROC2,124342,2568,51.3329,0.343576,2568,1,0,1,3,3.83289,3,1.27763,9.13343e-07,51.3329,0.343576,,OK
27410,coin,PI-SIDIS,LD2,-1.165,-2.978,CTime.ePiCoinTime_ROC2,76738,1564,51.3433,0.274972,1564,1,0,1,3,2.2445,3,0.748167,9.84916e-09,51.3433,0.274972,,OK
27411,coin,PI-SIDIS,LD2,-1.165,-2.978,CTime.ePiCoinTime_ROC2,125763,2592,51.2781,0.347908,2592,1,0,1,3,2.96183,3,0.987278,6.84872e-08,51.2781,0.347908,,OK
27412,coin,PI-SIDIS,LD2,-1.165,-2.978,CTime.ePiCoinTime_ROC2,122384,2485,51.2676,0.372826,2485,1,0,1,3,3.9439,3,1.31463,2.95411e-06,51.2676,0.372826,,OK
27413,coin,PI-SIDIS,LD2,-1.165,-2.978,CTime.ePiCoinTime_ROC2,129996,2589,51.2293,0.371489,2589,1,0,1,3,4.2759,3,1.4253,8.37936e-06,51.2293,0.371489,,OK
27414,coin,PI-SIDIS,LD2,-1.165,-2.978,CTime.ePiCoinTime_ROC2,114844,2341,51.2834,0.335469,2341,1,0,1,3,1.52228,3,0.507427,9.10585e-06,51.2834,0.335469,,OK
27418,coin,PI-SIDIS,LH2,-1.165,-2.978,CTime.ePiCoinTime_ROC2,82604,2377,51.2211,0.330046,2377,1,0,1,3,8.6795,3,2.89317,1.39913e-06,51.2211,0.330046,,OK
27419,coin,PI-SIDIS,LH2,-1.165,-2.978,CTime.ePiCoinTime_ROC2,60918,1714,51.2049,0.328768,1714,1,0,1,3,6.76573,3,2.25524,1.30527e-05,51.2049,0.328768,,OK
27420,coin,PI-SIDIS,LH2,-1.165,-2.978,CTime.ePiCoinTime_ROC2,69143,1963,51.1935,0.298208,1963,1,0,1,3,8.77419,3,2.92473,1.92561e-06,51.1935,0.298208,,OK
27421,coin,PI-SIDIS,LH2,-1.165,-2.978,CTime.ePiCoinTime_ROC2,87991,2558,51.2118,0.36476,2558,1,0,1,3,4.07575,3,1.35858,3.81701e-06,51.2118,0.36476,,OK
27423,coin,PI-SIDIS,LH2,-1.165,-2.978,CTime.ePiCoinTime_ROC2,88915,2736,51.1713,0.376136,2736,1,0,1,3,2.60596,3,0.868654,1.17725e-05,51.1713,0.376136,,OK
27424,coin,PI-SIDIS,LH2,-1.165,-2.978,CTime.ePiCoinTime_ROC2,97188,2837,51.2346,0.392815,2837,1,0,1,3,0.752684,3,0.250895,7.45566e-06,51.2346,0.392815,,OK
27425,coin,PI-SIDIS,LH2,-1.165,-2.978,CTime.ePiCoinTime_ROC2,76398,2176,51.2281,0.26351,2176,1,0,1,3,8.45147,3,2.81716,7.85031e-07,51.2281,0.26351,,OK
27426,coin,PI-SIDIS,LH2,-1.165,-2.978,CTime.ePiCoinTime_ROC2,90217,2827,51.1819,0.32618,2827,1,0,1,3,6.53124,3,2.17708,2.67928e-07,51.1819,0.32618,,OK
27427,coin,PI-SIDIS,LH2,-1.165,-2.978,CTime.ePiCoinTime_ROC2,82438,2374,51.2333,0.39578,2374,1,0,1,3,5.03937,3,1.67979,1.10961e-06,51.2333,0.39578,,OK
27428,coin,PI-SIDIS,LH2,-1.165,-2.978,CTime.ePiCoinTime_ROC2,93489,2917,51.2239,0.347706,2917,1,0,1,3,2.27709,3,0.759028,8.47523e-06,51.2239,0.347706,,OK
27429,coin,PI-SIDIS,LH2,-1.165,-2.978,CTime.ePiCoinTime_ROC2,1360298,3030,51.2619,0.333725,3030,1,0,1,3,4.43645,3,1.47882,3.0953e-07,51.2619,0.333725,,OK
27432,coin,PI-SIDIS,Dummy,-1.165,-2.978,CTime.ePiCoinTime_ROC2,24394,130,51.282,0.361219,130,1,0,1,3,6.48042,2,3.24021,1.49431e-07,51.282,0.361219,,OK
27433,coin,PI-SIDIS,Dummy,-1.165,-2.978,CTime.ePiCoinTime_ROC2,23397,114,,,114,1,1,1,2,1.353,2,0.676501,2.3948e-06,51.2371,0.0728227,MINIMIZER_STATUS_1,FIT_FAILED
27435,coin,PI-SIDIS,Dummy,-1.165,-2.978,CTime.ePiCoinTime_ROC2,18146,93,51.3686,0.730294,93,1,0,1,3,1.09235,1,1.09235,1.10117e-05,51.3686,0.730294,,OK
27436,coin,PI-SIDIS,Dummy,-1.165,-2.978,CTime.ePiCoinTime_ROC2,23354,118,,,118,1,1,1,2,5.53856,1,5.53856,1.21783e-05,50.9754,0.0685312,MINIMIZER_STATUS_1,FIT_FAILED
27437,coin,PI-SIDIS,Dummy,-1.165,-2.978,CTime.ePiCoinTime_ROC2,33260,194,51.2049,0.392947,194,1,0,1,3,1.49494,3,0.498312,2.07253e-06,51.2049,0.392947,,OK
27439,coin,PI-SIDIS,LD2,-1.165,-2.978,CTime.ePiCoinTime_ROC2,127347,2633,51.2962,0.304445,2633,1,0,1,3,4.60154,3,1.53385,1.32191e-06,51.2962,0.304445,,OK
27440,coin,PI-SIDIS,LD2,-1.165,-2.978,CTime.ePiCoinTime_ROC2,108901,2128,51.2153,0.345588,2128,1,0,1,3,4.58544,3,1.52848,2.2456e-06,51.2153,0.345588,,OK
27442,coin,PI-SIDIS,LH2,-1.165,-2.738,CTime.ePiCoinTime_ROC2,407675,20705,51.2321,0.34079,20705,1,0,1,3,10.8738,3,3.62459,1.02349e-07,51.2321,0.34079,,OK
27443,coin,PI-SIDIS,LH2,-1.165,-2.738,CTime.ePiCoinTime_ROC2,383313,19250,51.2372,0.339081,19250,1,0,1,3,12.4564,3,4.15212,1.4812e-06,51.2372,0.339081,,OK
27444,coin,PI-SIDIS,LH2,-1.165,-2.738,CTime.ePiCoinTime_ROC2,436330,21990,51.2315,0.333203,21990,1,0,1,3,8.48171,3,2.82724,3.5703e-06,51.2315,0.333203,,OK
27445,coin,PI-SIDIS,LH2,-1.165,-2.738,CTime.ePiCoinTime_ROC2,453123,23005,51.2387,0.33145,23005,1,0,1,3,25.2316,3,8.41054,2.36798e-07,51.2387,0.33145,,OK
27446,coin,PI-SIDIS,LH2,-1.165,-2.738,CTime.ePiCoinTime_ROC2,455264,23286,51.2449,0.330658,23286,1,0,1,3,31.1744,3,10.3915,2.7e-07,51.2449,0.330658,,OK
27447,coin,PI-SIDIS,LH2,-1.165,-2.738,CTime.ePiCoinTime_ROC2,437885,22076,51.2274,0.341276,22076,1,0,1,3,33.8369,3,11.279,1.32777e-06,51.2274,0.341276,,OK
27448,coin,PI-SIDIS,LH2,-1.165,-2.738,CTime.ePiCoinTime_ROC2,432268,21675,51.2307,0.33414,21675,1,0,1,3,22.0859,3,7.36196,8.39606e-06,51.2307,0.33414,,OK
27449,coin,PI-SIDIS,LH2,-1.165,-2.738,CTime.ePiCoinTime_ROC2,426006,20896,51.2348,0.348819,20896,1,0,1,3,10.8895,3,3.62983,1.65857e-06,51.2348,0.348819,,OK
27451,coin,PI-SIDIS,LH2,-1.165,-2.738,CTime.ePiCoinTime_ROC2,7013021,21512,51.2326,0.328445,21512,1,0,1,3,24.3955,3,8.13184,3.08267e-06,51.2326,0.328445,,OK
27454,coin,PI-SIDIS,Dummy,-1.165,-2.738,CTime.ePiCoinTime_ROC2,298233,14894,51.2833,0.32947,14894,1,0,1,3,17.5232,3,5.84106,4.58252e-06,51.2833,0.32947,,OK
27455,coin,PI-SIDIS,Dummy,-1.165,-2.738,CTime.ePiCoinTime_ROC2,349960,17686,51.2928,0.34278,17686,1,0,1,3,14.4655,3,4.82184,4.90571e-06,51.2928,0.34278,,OK
27456,coin,PI-SIDIS,Dummy,-1.165,-2.738,CTime.ePiCoinTime_ROC2,353807,17764,51.2457,0.34524,17764,1,0,1,3,28.7854,3,9.59515,3.91898e-06,51.2457,0.34524,,OK
27458,coin,PI-SIDIS,LH2,-1.165,-2.738,CTime.ePiCoinTime_ROC2,476624,23027,51.2522,0.340098,23027,1,0,1,3,22.1655,3,7.38848,9.375e-06,51.2522,0.340098,,OK
27459,coin,PI-SIDIS,LH2,-1.165,-2.738,CTime.ePiCoinTime_ROC2,93534,4299,51.292,0.336861,4299,1,0,1,3,3.69566,3,1.23189,1.83141e-06,51.292,0.336861,,OK
27460,coin,PI-SIDIS,LH2,-1.165,-2.738,CTime.ePiCoinTime_ROC2,457798,22329,51.2816,0.311564,22329,1,0,1,3,23.8134,3,7.93781,1.27688e-09,51.2816,0.311564,,OK
27461,coin,PI-SIDIS,LH2,-1.165,-2.738,CTime.ePiCoinTime_ROC2,459504,22244,51.2649,0.3345,22244,1,0,1,3,22.6385,3,7.54617,4.91992e-08,51.2649,0.3345,,OK
27462,coin,PI-SIDIS,LH2,-1.165,-2.738,CTime.ePiCoinTime_ROC2,492673,23783,51.2135,0.34127,23783,1,0,1,3,32.6912,3,10.8971,1.26244e-06,51.2135,0.34127,,OK
27463,coin,PI-SIDIS,LH2,-1.165,-2.738,CTime.ePiCoinTime_ROC2,358687,17019,51.2112,0.323265,17019,1,0,1,3,13.3676,3,4.45585,7.32589e-08,51.2112,0.323265,,OK
27464,coin,PI-SIDIS,LH2,-1.165,-2.738,CTime.ePiCoinTime_ROC2,456220,22120,51.2377,0.330872,22120,1,0,1,3,31.0358,3,10.3453,1.70796e-06,51.2377,0.330872,,OK
27465,coin,PI-SIDIS,LH2,-1.165,-2.738,CTime.ePiCoinTime_ROC2,461752,22323,51.287,0.344065,22323,1,0,1,3,19.6679,3,6.55598,3.49744e-07,51.287,0.344065,,OK
27466,coin,PI-SIDIS,LH2,-1.165,-2.738,CTime.ePiCoinTime_ROC2,499950,24051,51.2812,0.334491,24051,1,0,1,3,25.5888,3,8.52959,1.04091e-05,51.2812,0.334491,,OK
27467,coin,PI+SIDIS,LH2,-1.165,4.929,CTime.ePiCoinTime_ROC2,450854,18797,51.2642,0.355796,18797,1,0,1,3,38.4814,3,12.8271,8.52034e-08,51.2642,0.355796,,OK
27468,coin,PI+SIDIS,LH2,-1.165,4.929,CTime.ePiCoinTime_ROC2,561928,23919,51.2793,0.354203,23919,1,0,1,3,51.2153,3,17.0718,1.79372e-08,51.2793,0.354203,,OK
27471,coin,PI+SIDIS,Dummy,-1.165,4.929,CTime.ePiCoinTime_ROC2,55525,2155,51.3064,0.312318,2155,1,0,1,3,18.3701,3,6.12336,6.6752e-06,51.3064,0.312318,,OK
27473,coin,PI+SIDIS,LH2,-1.165,2.738,CTime.ePiCoinTime_ROC2,528362,36025,51.2681,0.30423,36025,1,0,1,3,26.875,3,8.95833,5.32531e-06,51.2681,0.30423,,OK
27474,coin,PI+SIDIS,LH2,-1.165,2.738,CTime.ePiCoinTime_ROC2,599335,41169,51.2793,0.350291,41169,1,0,1,3,21.8312,3,7.27705,2.50315e-06,51.2793,0.350291,,OK
27475,coin,PI+SIDIS,LH2,-1.165,2.738,CTime.ePiCoinTime_ROC2,539182,36878,51.2966,0.290226,36878,1,0,1,3,52.2821,3,17.4274,4.27027e-06,51.2966,0.290226,,OK
27476,coin,PI+SIDIS,LH2,-1.165,2.738,CTime.ePiCoinTime_ROC2,558003,37802,51.302,0.294286,37802,1,0,1,3,57.3922,3,19.1307,3.10544e-06,51.302,0.294286,,OK
27477,coin,PI+SIDIS,LH2,-1.165,2.738,CTime.ePiCoinTime_ROC2,534709,35928,51.2963,0.33896,35928,1,0,1,3,22.4425,3,7.48085,2.62333e-06,51.2963,0.33896,,OK
27478,coin,PI+SIDIS,LH2,-1.165,2.738,CTime.ePiCoinTime_ROC2,542159,36333,51.2904,0.331731,36333,1,0,1,3,24.4443,3,8.1481,1.31861e-06,51.2904,0.331731,,OK
27479,coin,PI+SIDIS,LH2,-1.165,2.738,CTime.ePiCoinTime_ROC2,501972,33453,51.2796,0.32606,33453,1,0,1,3,22.9415,3,7.64718,2.39175e-07,51.2796,0.32606,,OK
27480,coin,PI+SIDIS,LH2,-1.165,2.738,CTime.ePiCoinTime_ROC2,559458,37421,51.2818,0.340056,37421,1,0,1,3,33.9003,3,11.3001,1.24359e-06,51.2818,0.340056,,OK
27481,coin,PI+SIDIS,LH2,-1.165,2.738,CTime.ePiCoinTime_ROC2,916439,4043,51.2868,0.274722,4043,1,0,1,3,18.527,3,6.17568,1.13623e-07,51.2868,0.274722,,OK
27482,coin,PI+SIDIS,LH2,-1.165,2.738,CTime.ePiCoinTime_ROC2,498619,33361,51.2715,0.345128,33361,1,0,1,3,30.6767,3,10.2256,5.21889e-08,51.2715,0.345128,,OK
27483,coin,PI+SIDIS,LH2,-1.165,2.738,CTime.ePiCoinTime_ROC2,624416,41905,51.2621,0.3444,41905,1,0,1,3,42.6717,3,14.2239,5.39478e-07,51.2621,0.3444,,OK
27486,coin,PI+SIDIS,Dummy,-1.165,2.738,CTime.ePiCoinTime_ROC2,267418,18500,51.2572,0.344816,18500,1,0,1,3,14.1642,3,4.7214,1.22738e-05,51.2572,0.344816,,OK
27487,coin,PI+SIDIS,Dummy,-1.165,2.738,CTime.ePiCoinTime_ROC2,264967,18242,51.2749,0.353416,18242,1,0,1,3,13.6451,3,4.54836,2.93615e-06,51.2749,0.353416,,OK
27614,coin,PI-SIDIS,Dummy,-1.165,-2.978,CTime.ePiCoinTime_ROC2,25435,154,51.3379,0.363697,154,1,0,1,3,0.176385,1,0.176385,9.66098e-06,51.3379,0.363697,,OK
27615,coin,PI-SIDIS,Dummy,-1.165,-2.978,CTime.ePiCoinTime_ROC2,25690,204,51.3311,0.311543,204,1,0,1,3,0.104266,2,0.0521329,9.20989e-07,51.3311,0.311543,,OK
27616,coin,PI-SIDIS,Dummy,-1.165,-2.978,CTime.ePiCoinTime_ROC2,25077,203,51.3261,0.411934,203,1,0,1,3,1.12549,2,0.562747,2.75185e-07,51.3261,0.411934,,OK
27617,coin,PI-SIDIS,Dummy,-1.165,-2.978,CTime.ePiCoinTime_ROC2,27169,212,51.3067,0.381353,212,1,0,1,3,0.894174,3,0.298058,1.94819e-06,51.3067,0.381353,,OK
27618,coin,PI-SIDIS,Dummy,-1.165,-2.978,CTime.ePiCoinTime_ROC2,25341,184,,,184,1,1,1,2,4.63166,1,4.63166,7.37635e-06,50.9892,0.0707885,MINIMIZER_STATUS_1,FIT_FAILED
27619,coin,PI-SIDIS,Dummy,-1.165,-2.978,CTime.ePiCoinTime_ROC2,24677,151,51.3448,0.244516,151,1,0,1,3,1.36754,2,0.683769,1.22892e-06,51.3448,0.244516,,OK
27620,coin,PI-SIDIS,Dummy,-1.165,-2.978,CTime.ePiCoinTime_ROC2,25893,185,51.3373,0.239723,185,1,0,1,3,3.50465,3,1.16822,3.84125e-07,51.3373,0.239723,,OK
27621,coin,PI-SIDIS,Dummy,-1.165,-2.978,CTime.ePiCoinTime_ROC2,24473,171,51.2664,0.121147,171,1,0,1,3,3.60499,3,1.20166,6.77274e-06,51.2664,0.121147,,OK
27622,coin,PI-SIDIS,Dummy,-1.165,-2.978,CTime.ePiCoinTime_ROC2,23800,150,51.1992,0.272195,150,1,0,1,3,1.76458,3,0.588193,3.65431e-07,51.1992,0.272195,,OK
27623,coin,PI-SIDIS,Dummy,-1.165,-2.978,CTime.ePiCoinTime_ROC2,40201,297,51.3543,0.328496,297,1,0,1,3,4.25298,3,1.41766,1.99256e-07,51.3543,0.328496,,OK
27624,coin,PI-SIDIS,LD2,-1.165,-2.978,CTime.ePiCoinTime_ROC2,79515,1623,51.303,0.377141,1623,1,0,1,3,1.71801,3,0.572672,9.21967e-06,51.303,0.377141,,OK
27625,coin,PI-SIDIS,LD2,-1.165,-2.978,CTime.ePiCoinTime_ROC2,145423,2825,51.2515,0.33765,2825,1,0,1,3,0.875313,3,0.291771,6.53972e-06,51.2515,0.33765,,OK
27626,coin,PI-SIDIS,LD2,-1.165,-2.978,CTime.ePiCoinTime_ROC2,143225,2934,51.2274,0.350404,2934,1,0,1,3,0.57841,3,0.192803,5.75002e-06,51.2274,0.350404,,OK
27627,coin,PI-SIDIS,LD2,-1.165,-2.978,CTime.ePiCoinTime_ROC2,119721,2367,51.2497,0.332843,2367,1,0,1,3,3.23334,3,1.07778,9.96855e-07,51.2497,0.332843,,OK
27628,coin,PI-SIDIS,LD2,-1.165,-2.978,CTime.ePiCoinTime_ROC2,114947,2353,51.2778,0.348906,2353,1,0,1,3,2.70518,3,0.901728,2.34579e-07,51.2778,0.348906,,OK
27629,coin,PI-SIDIS,LD2,-1.165,-2.978,CTime.ePiCoinTime_ROC2,126794,2527,51.2663,0.374696,2527,1,0,1,3,2.76248,3,0.920828,2.82376e-06,51.2663,0.374696,,OK
27630,coin,PI-SIDIS,LD2,-1.165,-2.978,CTime.ePiCoinTime_ROC2,132274,2710,51.2194,0.300779,2710,1,0,1,3,3.51539,3,1.1718,2.22047e-06,51.2194,0.300779,,OK
27631,coin,PI-SIDIS,LD2,-1.165,-2.978,CTime.ePiCoinTime_ROC2,134486,2695,51.2188,0.336746,2695,1,0,1,3,1.89874,3,0.632912,4.08196e-07,51.2188,0.336746,,OK
27632,coin,PI-SIDIS,LH2,-1.165,-2.978,CTime.ePiCoinTime_ROC2,80275,2336,51.3004,0.343822,2336,1,0,1,3,11.9307,3,3.97689,1.09718e-05,51.3004,0.343822,,OK
27633,coin,PI-SIDIS,LH2,-1.165,-2.978,CTime.ePiCoinTime_ROC2,94705,2745,51.2249,0.348058,2745,1,0,1,3,9.51352,3,3.17117,1.43888e-07,51.2249,0.348058,,OK
27634,coin,PI-SIDIS,LH2,-1.165,-2.978,CTime.ePiCoinTime_ROC2,91572,2781,51.2122,0.384926,2781,1,0,1,3,5.66395,3,1.88798,1.02039e-05,51.2122,0.384926,,OK
27635,coin,PI-SIDIS,LH2,-1.165,-2.978,CTime.ePiCoinTime_ROC2,75407,2185,51.2609,0.33113,2185,1,0,1,3,3.29236,3,1.09745,1.25297e-07,51.2609,0.33113,,OK
27636,coin,PI-SIDIS,LH2,-1.165,-2.978,CTime.ePiCoinTime_ROC2,92269,2779,51.2236,0.348594,2779,1,0,1,3,4.73499,3,1.57833,1.1875e-05,51.2236,0.348594,,OK
27637,coin,PI-SIDIS,LH2,-1.165,-2.978,CTime.ePiCoinTime_ROC2,88050,2553,51.24,0.326277,2553,1,0,1,3,3.69101,3,1.23034,3.57648e-07,51.24,0.326277,,OK
27638,coin,PI-SIDIS,LH2,-1.165,-2.978,CTime.ePiCoinTime_ROC2,98254,2866,51.2767,0.226656,2866,1,0,1,3,0.624587,3,0.208196,1.02034e-06,51.2767,0.226656,,OK
27639,coin,PI-SIDIS,LH2,-1.165,-2.978,CTime.ePiCoinTime_ROC2,89842,2656,51.2266,0.343176,2656,1,0,1,3,10.6095,3,3.53651,3.23757e-06,51.2266,0.343176,,OK
27640,coin,PI-SIDIS,LH2,-1.165,-2.978,CTime.ePiCoinTime_ROC2,86033,2493,51.1702,0.339228,2493,1,0,1,3,2.99473,3,0.998244,1.38872e-06,51.1702,0.339228,,OK
27641,coin,PI-SIDIS,LH2,-1.165,-2.978,CTime.ePiCoinTime_ROC2,98270,3008,51.2744,0.294686,3008,1,0,1,3,3.06541,3,1.0218,1.79602e-08,51.2744,0.294686,,OK
27642,coin,PI+SIDIS,LH2,-1.165,5.051,CTime.ePiCoinTime_ROC2,127706,4185,51.2604,0.338516,4185,1,0,1,3,27.1596,3,9.05319,6.75989e-08,51.2604,0.338516,,OK
27643,coin,PI+SIDIS,Dummy,-1.165,5.051,CTime.ePiCoinTime_ROC2,9742,69,51.2831,0.32262,69,1,0,1,3,2.19245,2,1.09622,4.68582e-06,51.2831,0.32262,,OK
27644,coin,PI+SIDIS,Dummy,-1.165,5.051,CTime.ePiCoinTime_ROC2,3835,35,,,35,0,,,,,,,,,,LOW_STATISTICS,LOW_STATISTICS
27650,coin,PI+SIDIS,LD2,-1.165,2.806,CTime.ePiCoinTime_ROC2,241726,8364,51.2937,0.325825,8364,1,0,1,3,7.21592,3,2.40531,8.77126e-06,51.2937,0.325825,,OK
27651,coin,PI+SIDIS,LD2,-1.165,2.806,CTime.ePiCoinTime_ROC2,233158,7993,51.2674,0.353887,7993,1,0,1,3,14.0048,3,4.66827,6.88008e-06,51.2674,0.353887,,OK
27652,coin,PI+SIDIS,LD2,-1.165,2.806,CTime.ePiCoinTime_ROC2,234689,8024,51.2697,0.343246,8024,1,0,1,3,2.50878,3,0.83626,1.6395e-06,51.2697,0.343246,,OK
27653,coin,PI+SIDIS,LD2,-1.165,2.806,CTime.ePiCoinTime_ROC2,227268,7975,51.2573,0.334293,7975,1,0,1,3,23.2376,3,7.74587,8.04733e-06,51.2573,0.334293,,OK
27654,coin,PI+SIDIS,LD2,-1.165,2.806,CTime.ePiCoinTime_ROC2,232569,8231,51.2622,0.317453,8231,1,0,1,3,3.19011,3,1.06337,3.23301e-07,51.2622,0.317453,,OK
27655,coin,PI+SIDIS,LD2,-1.165,2.806,CTime.ePiCoinTime_ROC2,234931,8134,51.2904,0.355661,8134,1,0,1,3,11.1009,3,3.70029,3.28803e-07,51.2904,0.355661,,OK
27656,coin,PI+SIDIS,LD2,-1.165,2.806,CTime.ePiCoinTime_ROC2,230040,7997,51.2586,0.337886,7997,1,0,1,3,16.8511,3,5.61704,1.65579e-06,51.2586,0.337886,,OK
27657,coin,PI+SIDIS,LD2,-1.165,2.806,CTime.ePiCoinTime_ROC2,235246,8128,51.2806,0.347599,8128,1,0,1,3,20.9308,3,6.97693,2.6455e-08,51.2806,0.347599,,OK
27658,coin,PI+SIDIS,LD2,-1.165,2.806,CTime.ePiCoinTime_ROC2,224537,7594,51.2739,0.363994,7594,1,0,1,3,8.67991,3,2.8933,1.51818e-06,51.2739,0.363994,,OK
27659,coin,PI+SIDIS,LD2,-1.165,2.806,CTime.ePiCoinTime_ROC2,238440,8229,51.249,0.332171,8229,1,0,1,3,6.51773,3,2.17258,2.87473e-06,51.249,0.332171,,OK
27664,coin,PI+SIDIS,LH2,-1.165,2.806,CTime.ePiCoinTime_ROC2,168363,8553,51.2328,0.313691,8553,1,0,1,3,9.64373,3,3.21458,3.79186e-06,51.2328,0.313691,,OK
27665,coin,PI+SIDIS,LH2,-1.165,2.806,CTime.ePiCoinTime_ROC2,167531,8412,51.2671,0.331261,8412,1,0,1,3,1.81989,3,0.606632,2.99959e-07,51.2671,0.331261,,OK
27666,coin,PI+SIDIS,LH2,-1.165,2.806,CTime.ePiCoinTime_ROC2,181167,9199,51.2447,0.354724,9199,1,0,1,3,9.86412,3,3.28804,1.61152e-07,51.2447,0.354724,,OK
27667,coin,PI+SIDIS,LH2,-1.165,2.806,CTime.ePiCoinTime_ROC2,191460,9780,51.2436,0.342095,9780,1,0,1,3,13.3406,3,4.44686,1.45866e-05,51.2436,0.342095,,OK
27668,coin,PI+SIDIS,LH2,-1.165,2.806,CTime.ePiCoinTime_ROC2,180559,9212,51.2294,0.341464,9212,1,0,1,3,12.7678,3,4.25592,7.01182e-06,51.2294,0.341464,,OK
27669,coin,PI+SIDIS,LH2,-1.165,2.806,CTime.ePiCoinTime_ROC2,78613,3360,51.3145,0.330949,3360,1,0,1,3,6.46679,3,2.1556,2.41897e-06,51.3145,0.330949,,OK
27670,coin,PI+SIDIS,LH2,-1.165,2.806,CTime.ePiCoinTime_ROC2,300483,15449,51.2453,0.339142,15449,1,0,1,3,17.4695,3,5.82317,2.59711e-06,51.2453,0.339142,,OK
27671,coin,PI+SIDIS,LH2,-1.165,2.806,CTime.ePiCoinTime_ROC2,178161,9254,51.267,0.317457,9254,1,0,1,3,27.2242,3,9.07474,6.948e-08,51.267,0.317457,,OK
27672,coin,PI+SIDIS,LH2,-1.165,2.806,CTime.ePiCoinTime_ROC2,188164,9653,51.2762,0.342924,9653,1,0,1,3,25.5333,3,8.51109,4.31127e-07,51.2762,0.342924,,OK
27673,coin,PI+SIDIS,LH2,-1.165,2.806,CTime.ePiCoinTime_ROC2,157654,8094,51.2238,0.338644,8094,1,0,1,3,13.2344,3,4.41147,6.09346e-07,51.2238,0.338644,,OK
27674,coin,PI+SIDIS,LH2,-1.165,2.806,CTime.ePiCoinTime_ROC2,2163165,7396,51.232,0.365224,7396,1,0,1,3,3.95025,3,1.31675,3.92951e-06,51.232,0.365224,,OK
27675,coin,PI+SIDIS,LH2,-1.165,2.806,CTime.ePiCoinTime_ROC2,708988,2414,51.2315,0.339177,2414,1,0,1,3,2.66002,3,0.886673,2.78735e-07,51.2315,0.339177,,OK
27678,coin,PI+SIDIS,Dummy,-1.165,2.806,CTime.ePiCoinTime_ROC2,52996,1697,51.3411,0.289666,1697,1,0,1,3,10.0134,3,3.33781,2.83309e-06,51.3411,0.289666,,OK
27679,coin,PI+SIDIS,Dummy,-1.165,2.806,CTime.ePiCoinTime_ROC2,52524,1653,51.3181,0.322949,1653,1,0,1,3,3.3296,3,1.10987,4.77121e-06,51.3181,0.322949,,OK
27681,coin,PI+SIDIS,LD2,-1.165,2.806,CTime.ePiCoinTime_ROC2,237569,8507,51.2839,0.315238,8507,1,0,1,3,3.62156,3,1.20719,8.05865e-09,51.2839,0.315238,,OK
27682,coin,PI+SIDIS,LD2,-1.165,2.806,CTime.ePiCoinTime_ROC2,216692,7636,51.3033,0.325233,7636,1,0,1,3,11.3623,3,3.78744,4.99417e-06,51.3033,0.325233,,OK
27683,coin,PI+SIDIS,LD2,-1.165,2.806,CTime.ePiCoinTime_ROC2,234479,8256,51.2918,0.37397,8256,1,0,1,3,5.44412,3,1.81471,8.05698e-06,51.2918,0.37397,,OK
27684,coin,PI+SIDIS,LD2,-1.165,2.806,CTime.ePiCoinTime_ROC2,240475,8484,51.2814,0.357457,8484,1,0,1,3,7.70026,3,2.56675,6.61805e-08,51.2814,0.357457,,OK
27685,coin,PI+SIDIS,LD2,-1.165,2.806,CTime.ePiCoinTime_ROC2,131975,4516,51.2441,0.332537,4516,1,0,1,3,13.2235,3,4.40784,6.07706e-07,51.2441,0.332537,,OK
27686,coin,PI+SIDIS,LD2,-1.165,2.806,CTime.ePiCoinTime_ROC2,303895,10765,51.247,0.337176,10765,1,0,1,3,4.36018,3,1.45339,1.48445e-06,51.247,0.337176,,OK
27687,coin,PI+SIDIS,LD2,-1.165,2.806,CTime.ePiCoinTime_ROC2,221151,7750,51.2443,0.345318,7750,1,0,1,3,4.75409,3,1.5847,1.1989e-06,51.2443,0.345318,,OK
27688,coin,PI+SIDIS,LD2,-1.165,2.806,CTime.ePiCoinTime_ROC2,235455,8246,51.2633,0.338958,8246,1,0,1,3,3.38215,3,1.12738,3.80084e-06,51.2633,0.338958,,OK
27689,coin,PI+SIDIS,LD2,-1.165,2.806,CTime.ePiCoinTime_ROC2,230281,8208,51.2412,0.353868,8208,1,0,1,3,5.74291,3,1.9143,3.16158e-06,51.2412,0.353868,,OK
27690,coin,PI+SIDIS,LD2,-1.165,2.806,CTime.ePiCoinTime_ROC2,231755,8147,51.2302,0.340745,8147,1,0,1,3,11.8851,3,3.9617,3.35284e-06,51.2302,0.340745,,OK
27691,coin,PI+SIDIS,LH2,-1.165,2.806,CTime.ePiCoinTime_ROC2,168049,8538,51.3478,0.295897,8538,1,0,1,3,15.8764,3,5.29214,3.64522e-06,51.3478,0.295897,,OK
27692,coin,PI+SIDIS,LH2,-1.165,2.806,CTime.ePiCoinTime_ROC2,165037,8362,51.2956,0.326035,8362,1,0,1,3,20.8754,3,6.95848,1.32361e-08,51.2956,0.326035,,OK
27693,coin,PI+SIDIS,LH2,-1.165,2.806,CTime.ePiCoinTime_ROC2,178895,9260,51.255,0.341074,9260,1,0,1,3,12.1454,3,4.04847,4.39699e-07,51.255,0.341074,,OK
27694,coin,PI+SIDIS,LH2,-1.165,2.806,CTime.ePiCoinTime_ROC2,187553,9678,51.2452,0.343621,9678,1,0,1,3,7.58743,3,2.52914,9.91186e-07,51.2452,0.343621,,OK
27695,coin,PI+SIDIS,LH2,-1.165,2.806,CTime.ePiCoinTime_ROC2,186840,9495,51.2375,0.351369,9495,1,0,1,3,12.4378,3,4.14592,4.19894e-08,51.2375,0.351369,,OK
27696,coin,PI+SIDIS,LH2,-1.165,2.806,CTime.ePiCoinTime_ROC2,188960,9925,51.2737,0.343837,9925,1,0,1,3,12.2566,3,4.08553,5.18499e-08,51.2737,0.343837,,OK
27697,coin,PI+SIDIS,LH2,-1.165,2.806,CTime.ePiCoinTime_ROC2,198039,10146,51.2845,0.34793,10146,1,0,1,3,16.9253,3,5.64177,8.61451e-08,51.2845,0.34793,,OK
27698,coin,PI+SIDIS,LH2,-1.165,2.806,CTime.ePiCoinTime_ROC2,186605,9642,51.2651,0.363191,9642,1,0,1,3,11.5779,3,3.85929,4.20048e-08,51.2651,0.363191,,OK
27699,coin,PI+SIDIS,Dummy,-1.165,2.806,CTime.ePiCoinTime_ROC2,55315,1799,51.291,0.373934,1799,1,0,1,3,8.40783,3,2.80261,9.09952e-07,51.291,0.373934,,OK
27700,coin,PI+SIDIS,Dummy,-1.165,2.806,CTime.ePiCoinTime_ROC2,54165,1602,51.2819,0.341305,1602,1,0,1,3,2.7302,3,0.910068,3.96045e-07,51.2819,0.341305,,OK
27701,coin,PI+SIDIS,Dummy,-1.165,2.806,CTime.ePiCoinTime_ROC2,54027,1690,51.321,0.329959,1690,1,0,1,3,3.87546,3,1.29182,1.81891e-07,51.321,0.329959,,OK
27702,coin,PI+SIDIS,Dummy,-1.165,2.806,CTime.ePiCoinTime_ROC2,54314,1759,51.3272,0.336429,1759,1,0,1,3,2.09496,3,0.698318,7.22846e-06,51.3272,0.336429,,OK
27703,coin,PI-SIDIS,LH2,-1.165,-2.806,CTime.ePiCoinTime_ROC2,183981,7429,51.2191,0.299604,7429,1,0,1,3,11.8053,3,3.93511,4.56723e-06,51.2191,0.299604,,OK
27704,coin,PI-SIDIS,LH2,-1.165,-2.806,CTime.ePiCoinTime_ROC2,179119,7492,51.2648,0.334612,7492,1,0,1,3,7.41018,3,2.47006,2.73696e-06,51.2648,0.334612,,OK
27705,coin,PI-SIDIS,LH2,-1.165,-2.806,CTime.ePiCoinTime_ROC2,168226,6777,51.2436,0.311066,6777,1,0,1,3,13.5925,3,4.53084,1.7635e-09,51.2436,0.311066,,OK
27706,coin,PI-SIDIS,LH2,-1.165,-2.806,CTime.ePiCoinTime_ROC2,177218,7099,51.1883,0.319798,7099,1,0,1,3,6.29953,3,2.09984,1.21776e-08,51.1883,0.319798,,OK
27707,coin,PI-SIDIS,LH2,-1.165,-2.806,CTime.ePiCoinTime_ROC2,185434,7522,51.2285,0.297663,7522,1,0,1,3,12.7121,3,4.23735,8.8785e-08,51.2285,0.297663,,OK
27708,coin,PI-SIDIS,LH2,-1.165,-2.806,CTime.ePiCoinTime_ROC2,192803,7933,51.242,0.327003,7933,1,0,1,3,16.0345,3,5.34483,1.0898e-07,51.242,0.327003,,OK
27709,coin,PI-SIDIS,LH2,-1.165,-2.806,CTime.ePiCoinTime_ROC2,197662,7930,51.2576,0.338742,7930,1,0,1,3,10.9435,3,3.64784,4.42472e-07,51.2576,0.338742,,OK
27710,coin,PI-SIDIS,LH2,-1.165,-2.806,CTime.ePiCoinTime_ROC2,196925,8043,51.2204,0.3268,8043,1,0,1,3,3.15816,3,1.05272,3.60158e-06,51.2204,0.3268,,OK
27711,coin,PI-SIDIS,LH2,-1.165,-2.806,CTime.ePiCoinTime_ROC2,190231,7645,51.227,0.340597,7645,1,0,1,3,9.29892,3,3.09964,3.72173e-06,51.227,0.340597,,OK
27712,coin,PI-SIDIS,LH2,-1.165,-2.806,CTime.ePiCoinTime_ROC2,180597,7273,51.2767,0.342172,7273,1,0,1,3,11.5628,3,3.85428,4.31399e-07,51.2767,0.342172,,OK
27713,coin,PI-SIDIS,LH2,-1.165,-2.806,CTime.ePiCoinTime_ROC2,2913833,7763,51.2669,0.305736,7763,1,0,1,3,4.09496,3,1.36499,4.40234e-07,51.2669,0.305736,,OK
27714,coin,PI-SIDIS,Dummy,-1.165,-2.806,CTime.ePiCoinTime_ROC2,54052,1273,51.211,0.293914,1273,1,0,1,3,9.30959,3,3.1032,1.2833e-07,51.211,0.293914,,OK
27715,coin,PI-SIDIS,Dummy,-1.165,-2.806,CTime.ePiCoinTime_ROC2,41025,898,51.2389,0.302633,898,1,0,1,3,3.13186,3,1.04395,1.01097e-06,51.2389,0.302633,,OK
27716,coin,PI-SIDIS,Dummy,-1.165,-2.806,CTime.ePiCoinTime_ROC2,55668,1354,51.2829,0.322386,1354,1,0,1,3,1.35995,2,0.679973,8.88572e-06,51.2829,0.322386,,OK
27717,coin,PI-SIDIS,Dummy,-1.165,-2.806,CTime.ePiCoinTime_ROC2,80575,1985,51.3049,0.340641,1985,1,0,1,3,10.3449,3,3.44829,2.92534e-06,51.3049,0.340641,,OK
27718,coin,PI-SIDIS,LH2,-1.165,-2.806,CTime.ePiCoinTime_ROC2,195945,7761,51.2228,0.368026,7761,1,0,1,3,11.4482,3,3.81606,1.36794e-05,51.2228,0.368026,,OK
27719,coin,PI-SIDIS,LH2,-1.165,-2.806,CTime.ePiCoinTime_ROC2,189910,7550,51.2106,0.330424,7550,1,0,1,3,27.277,3,9.09232,8.7795e-08,51.2106,0.330424,,OK
27720,coin,PI-SIDIS,LH2,-1.165,-2.806,CTime.ePiCoinTime_ROC2,173322,6654,51.2026,0.331532,6654,1,0,1,3,15.1249,3,5.04163,1.06705e-05,51.2026,0.331532,,OK
27721,coin,PI-SIDIS,LH2,-1.165,-2.806,CTime.ePiCoinTime_ROC2,187058,7389,51.2106,0.318985,7389,1,0,1,3,6.65945,3,2.21982,3.93299e-06,51.2106,0.318985,,OK
27722,coin,PI-SIDIS,LH2,-1.165,-2.806,CTime.ePiCoinTime_ROC2,188501,7352,51.2085,0.344636,7352,1,0,1,3,1.5269,3,0.508968,1.00481e-06,51.2085,0.344636,,OK
27723,coin,PI-SIDIS,LH2,-1.165,-2.806,CTime.ePiCoinTime_ROC2,195610,7879,51.2032,0.32632,7879,1,0,1,3,13.5034,3,4.50114,3.35501e-07,51.2032,0.32632,,OK
27724,coin,PI-SIDIS,LH2,-1.165,-2.806,CTime.ePiCoinTime_ROC2,154781,5981,51.2321,0.313279,5981,1,0,1,3,4.08712,3,1.36237,6.92135e-08,51.2321,0.313279,,OK
27725,coin,PI-SIDIS,LH2,-1.165,-2.806,CTime.ePiCoinTime_ROC2,184285,7333,51.2255,0.327655,7333,1,0,1,3,11.5665,3,3.85549,6.14761e-06,51.2255,0.327655,,OK
27726,coin,PI-SIDIS,LH2,-1.165,-2.806,CTime.ePiCoinTime_ROC2,175710,6790,51.2164,0.356924,6790,1,0,1,3,11.0795,3,3.69315,3.35617e-07,51.2164,0.356924,,OK
27727,coin,PI-SIDIS,LH2,-1.165,-2.806,CTime.ePiCoinTime_ROC2,103427,3840,51.2723,0.350305,3840,1,0,1,3,3.95136,3,1.31712,1.86683e-06,51.2723,0.350305,,OK
27728,coin,PI-SIDIS,LH2,-1.165,-2.806,CTime.ePiCoinTime_ROC2,190803,7792,51.397,0.365137,7792,1,0,1,3,6.76231,3,2.2541,3.56672e-06,51.397,0.365137,,OK
27730,coin,PI-SIDIS,Dummy,-1.165,-2.806,CTime.ePiCoinTime_ROC2,55354,1323,51.2367,0.323876,1323,1,0,1,3,3.80179,2,1.9009,4.70622e-07,51.2367,0.323876,,OK
27731,coin,PI-SIDIS,Dummy,-1.165,-2.806,CTime.ePiCoinTime_ROC2,60465,1472,51.2597,0.310504,1472,1,0,1,3,0.669906,2,0.334953,3.05011e-06,51.2597,0.310504,,OK
27732,coin,PI-SIDIS,Dummy,-1.165,-2.806,CTime.ePiCoinTime_ROC2,54920,1272,51.2007,0.306079,1272,1,0,1,3,3.20821,3,1.0694,1.16548e-06,51.2007,0.306079,,OK
27756,coin,PI-SIDIS,LH2,-3.254,-2.661,CTime.ePiCoinTime_ROC2,3377215,481344,51.204,0.336815,481344,1,0,1,3,353.194,3,117.731,1.19697e-07,51.204,0.336815,,OK
27757,coin,PI-SIDIS,LH2,-3.254,-2.661,CTime.ePiCoinTime_ROC2,484331,68498,51.2045,0.340488,68498,1,0,1,3,65.5491,3,21.8497,4.74078e-07,51.2045,0.340488,,OK
27758,coin,PI-SIDIS,LH2,-3.254,-2.738,CTime.ePiCoinTime_ROC2,-1,-1,,,,0,,,,,,,,,,,MISSING_TREE
27759,coin,PI-SIDIS,LH2,-3.254,-2.738,CTime.ePiCoinTime_ROC2,1680156,223027,51.2508,0.336178,223027,1,0,1,3,158.387,3,52.7957,2.04843e-08,51.2508,0.336178,,OK
27760,coin,PI-SIDIS,LH2,-3.254,-2.738,CTime.ePiCoinTime_ROC2,8821416,394497,51.2465,0.345422,394497,1,0,1,3,222.854,3,74.2848,7.97176e-07,51.2465,0.345422,,OK
27762,coin,PI-SIDIS,LH2,-3.254,-2.738,CTime.ePiCoinTime_ROC2,996349,132932,51.251,0.342474,132932,1,0,1,3,86.0913,3,28.6971,8.27984e-08,51.251,0.342474,,OK
27763,coin,PI-SIDIS,Dummy,-3.254,-2.738,CTime.ePiCoinTime_ROC2,499806,65323,51.2807,0.329263,65323,1,0,1,3,93.656,3,31.2187,3.51001e-06,51.2807,0.329263,,OK
27765,coin,PI-SIDIS,Dummy,-3.254,-2.738,CTime.ePiCoinTime_ROC2,185167,25592,51.4294,0.343211,25592,1,0,1,3,21.3803,3,7.12678,3.72817e-08,51.4294,0.343211,,OK
27766,coin,PI-SIDIS,Dummy,-3.254,-2.738,CTime.ePiCoinTime_ROC2,761515,105378,51.2416,0.331719,105378,1,0,1,3,86.8696,3,28.9565,6.75999e-07,51.2416,0.331719,,OK
27767,coin,PI-SIDIS,LH2,-3.254,-2.738,CTime.ePiCoinTime_ROC2,2632327,351552,51.2374,0.346411,351552,1,0,1,3,277.034,3,92.3448,1.87356e-07,51.2374,0.346411,,OK
27768,coin,PI-SIDIS,LH2,-3.254,-2.738,CTime.ePiCoinTime_ROC2,2087110,278841,51.239,0.344535,278841,1,0,1,3,180.27,3,60.09,3.25795e-08,51.239,0.344535,,OK
27769,coin,PI+SIDIS,LH2,-3.254,2.738,CTime.ePiCoinTime_ROC2,2374578,304291,51.2476,0.349567,304291,1,0,1,3,281.634,3,93.8781,4.07507e-07,51.2476,0.349567,,OK
27770,coin,PI+SIDIS,LH2,-3.254,2.738,CTime.ePiCoinTime_ROC2,2587575,332660,51.2414,0.345359,332660,1,0,1,3,323.062,3,107.687,2.80638e-06,51.2414,0.345359,,OK
27771,coin,PI+SIDIS,Dummy,-3.254,2.738,CTime.ePiCoinTime_ROC2,2238751,297064,51.2455,0.342778,297064,1,0,1,3,256.092,3,85.3642,1.03507e-05,51.2455,0.342778,,OK
27772,coin,PI+SIDIS,LH2,-3.254,4.929,CTime.ePiCoinTime_ROC2,1649986,182962,51.2186,0.449653,182962,1,0,1,3,41.5477,3,13.8492,5.64227e-06,51.2186,0.449653,,OK
27773,coin,PI+SIDIS,Dummy,-3.254,4.929,CTime.ePiCoinTime_ROC2,50637,5677,51.2306,0.431033,5677,1,0,1,3,7.24996,3,2.41665,1.95765e-05,51.2306,0.431033,,OK
27774,coin,PI+SIDIS,LH2,-3.254,2.738,CTime.ePiCoinTime_ROC2,368362,43609,51.2096,0.46684,43609,1,0,1,3,7.4732,3,2.49107,1.21845e-05,51.2096,0.46684,,OK
27775,coin,PI+SIDIS,LH2,-3.254,2.738,CTime.ePiCoinTime_ROC2,214804,25489,51.1887,0.343386,25489,1,0,1,3,43.0281,3,14.3427,6.56324e-06,51.1887,0.343386,,OK
27776,coin,PI+SIDIS,LH2,-3.254,2.738,CTime.ePiCoinTime_ROC2,2344418,280231,51.0754,0.316955,280231,1,0,1,3,420.405,3,140.135,5.97328e-06,51.0754,0.316955,,OK
27777,coin,PI+SIDIS,LH2,-3.254,2.738,CTime.ePiCoinTime_ROC2,967329,115604,51.112,0.341412,115604,1,0,1,3,144.846,3,48.2819,2.5983e-06,51.112,0.341412,,OK
27778,coin,PI+SIDIS,LH2,-3.254,2.738,CTime.ePiCoinTime_ROC2,6963615,282928,51.1532,0.358449,282928,1,0,1,3,473.11,3,157.703,7.57462e-07,51.1532,0.358449,,OK
27783,coin,PI+SIDIS,Dummy,-3.254,2.738,CTime.ePiCoinTime_ROC2,1191066,134850,51.0774,0.319253,134850,1,0,1,3,232.294,3,77.4312,1.0841e-05,51.0774,0.319253,,OK
27787,coin,PI+SIDIS,LH2,-3.254,4.978,CTime.ePiCoinTime_ROC2,795148,83490,51.0223,0.341548,83490,1,0,1,3,555.044,3,185.015,8.28306e-09,51.0223,0.341548,,OK
27788,coin,PI+SIDIS,Dummy,-3.254,4.978,CTime.ePiCoinTime_ROC2,30698,3063,51.0983,0.352613,3063,1,0,1,3,26.7043,3,8.90143,2.69008e-06,51.0983,0.352613,,OK
27789,coin,PI+SIDIS,LH2,-3.254,2.766,CTime.ePiCoinTime_ROC2,996461,114496,51.0647,0.317498,114496,1,0,1,3,295.101,3,98.3671,1.46779e-06,51.0647,0.317498,,OK
27790,coin,PI+SIDIS,LH2,-3.254,2.766,CTime.ePiCoinTime_ROC2,1121302,128988,51.057,0.346097,128988,1,0,1,3,153.394,3,51.1313,1.79806e-06,51.057,0.346097,,OK
27791,coin,PI+SIDIS,LH2,-3.254,2.766,CTime.ePiCoinTime_ROC2,3464193,146883,51.0212,0.354756,146883,1,0,1,3,189.45,3,63.1502,1.02834e-08,51.0212,0.354756,,OK
27796,coin,PI+SIDIS,Dummy,-3.254,2.766,CTime.ePiCoinTime_ROC2,426551,44797,51.1987,0.346332,44797,1,0,1,3,166.579,3,55.5264,4.5836e-07,51.1987,0.346332,,OK
27799,coin,PI+SIDIS,LH2,-3.254,2.766,CTime.ePiCoinTime_ROC2,984225,129213,51.2741,0.344799,129213,1,0,1,3,169.885,3,56.6283,1.07623e-06,51.2741,0.344799,,OK
27800,coin,PI+SIDIS,LH2,-3.254,2.766,CTime.ePiCoinTime_ROC2,936889,122541,51.2938,0.342202,122541,1,0,1,3,128.235,3,42.7449,5.11089e-06,51.2938,0.342202,,OK
27801,coin,PI+SIDIS,LH2,-3.254,2.766,CTime.ePiCoinTime_ROC2,988772,129146,51.2886,0.340319,129146,1,0,1,3,107.929,3,35.9762,2.8406e-07,51.2886,0.340319,,OK
27802,coin,PI+SIDIS,Dummy,-3.254,2.766,CTime.ePiCoinTime_ROC2,393521,49704,51.2557,0.336299,49704,1,0,1,3,55.3556,3,18.4519,1.4447e-06,51.2557,0.336299,,OK
27803,coin,PI-SIDIS,LH2,-3.254,-2.766,CTime.ePiCoinTime_ROC2,1242773,170863,51.1794,0.354209,170863,1,0,1,3,133.16,3,44.3868,1.08832e-05,51.1794,0.354209,,OK
27804,coin,PI-SIDIS,LH2,-3.254,-2.766,CTime.ePiCoinTime_ROC2,1309737,179848,51.1741,0.47636,179848,1,0,1,3,9.67171,3,3.2239,9.07986e-06,51.1741,0.47636,,OK
27805,coin,PI-SIDIS,LH2,-3.254,-2.766,CTime.ePiCoinTime_ROC2,1346838,184492,51.1156,0.46791,184492,1,0,1,3,16.2623,3,5.42078,1.25591e-05,51.1156,0.46791,,OK
27806,coin,PI-SIDIS,Dummy,-3.254,-2.766,CTime.ePiCoinTime_ROC2,527390,70314,51.2196,0.437152,70314,1,0,1,3,3.25263,3,1.08421,3.344e-07,51.2196,0.437152,,OK
27807,coin,PI-SIDIS,LH2,-3.254,-2.766,CTime.ePiCoinTime_ROC2,1074456,143649,51.1828,0.444413,143649,1,0,1,3,28.9726,3,9.65753,3.77864e-06,51.1828,0.444413,,OK
27809,coin,PI-SIDIS,LH2,-3.254,-2.766,CTime.ePiCoinTime_ROC2,812241,108624,51.1877,0.474449,108624,1,0,1,3,7.94492,3,2.64831,3.70612e-06,51.1877,0.474449,,OK
27810,coin,PI-SIDIS,LH2,-3.254,-2.766,CTime.ePiCoinTime_ROC2,555237,74555,51.1585,0.488158,74555,1,0,1,3,10.5545,3,3.51817,6.21237e-06,51.1585,0.488158,,OK
27811,coin,PI-SIDIS,LH2,-3.254,-2.766,CTime.ePiCoinTime_ROC2,557416,75135,51.2038,0.470388,75135,1,0,1,3,17.9726,3,5.99086,2.57747e-07,51.2038,0.470388,,OK
27812,coin,PI-SIDIS,LH2,-3.254,-2.766,CTime.ePiCoinTime_ROC2,309521,41104,51.255,0.463053,41104,1,0,1,3,8.42551,3,2.8085,1.81471e-06,51.255,0.463053,,OK
27813,coin,PI-SIDIS,LH2,-3.254,-2.766,CTime.ePiCoinTime_ROC2,118594,13863,51.2656,0.483246,13863,1,0,1,3,5.18219,3,1.7274,3.14428e-06,51.2656,0.483246,,OK
27814,coin,PI-SIDIS,LH2,-3.254,-2.766,CTime.ePiCoinTime_ROC2,1106937,147729,51.2294,0.460531,147729,1,0,1,3,18.0957,3,6.03189,1.94599e-06,51.2294,0.460531,,OK
27815,coin,PI-SIDIS,LH2,-3.254,-2.766,CTime.ePiCoinTime_ROC2,995385,133201,51.2052,0.490017,133201,1,0,1,3,8.86512,3,2.95504,5.59257e-06,51.2052,0.490017,,OK
27816,coin,PI-SIDIS,LH2,-3.254,-2.766,CTime.ePiCoinTime_ROC2,663688,89742,51.14,0.475054,89742,1,0,1,3,15.6144,3,5.2048,2.89952e-06,51.14,0.475054,,OK
27817,coin,PI-SIDIS,LH2,-3.254,-2.766,CTime.ePiCoinTime_ROC2,563049,75742,51.0672,0.439055,75742,1,0,1,3,6.6433,3,2.21443,1.95828e-06,51.0672,0.439055,,OK
27818,coin,PI-SIDIS,LH2,-3.254,-2.766,CTime.ePiCoinTime_ROC2,29203,2599,51.06,0.414358,2599,1,0,1,3,7.81689,3,2.60563,8.31472e-08,51.06,0.414358,,OK
27819,coin,PI-SIDIS,LH2,-3.254,-2.766,CTime.ePiCoinTime_ROC2,329534,43843,51.0769,0.459184,43843,1,0,1,3,9.70524,3,3.23508,3.44748e-06,51.0769,0.459184,,OK
27820,coin,PI-SIDIS,LH2,-3.254,-2.766,CTime.ePiCoinTime_ROC2,140362,17224,51.0703,0.419664,17224,1,0,1,3,19.6548,3,6.55161,1.29137e-05,51.0703,0.419664,,OK
27821,coin,PI-SIDIS,LH2,-3.254,-2.766,CTime.ePiCoinTime_ROC2,1978694,263998,50.9984,0.463989,263998,1,0,1,3,14.8058,3,4.93528,2.64507e-07,50.9984,0.463989,,OK
27822,coin,PI-SIDIS,LH2,-3.254,-2.766,CTime.ePiCoinTime_ROC2,2335496,310998,51.1018,0.467404,310998,1,0,1,3,39.9328,3,13.3109,2.34715e-06,51.1018,0.467404,,OK
27823,coin,PI-SIDIS,LH2,-3.254,-2.766,CTime.ePiCoinTime_ROC2,5834998,279818,51.1387,0.467495,279818,1,0,1,3,36.6956,3,12.2319,2.91772e-06,51.1387,0.467495,,OK
27825,coin,PI-SIDIS,Dummy,-3.254,-2.766,CTime.ePiCoinTime_ROC2,220219,27114,51.1891,0.45936,27114,1,0,1,3,15.2414,3,5.08048,6.11186e-06,51.1891,0.45936,,OK
27827,coin,PI-SIDIS,Dummy,-3.254,-2.766,CTime.ePiCoinTime_ROC2,131903,16423,51.2029,0.479321,16423,1,0,1,3,7.49898,3,2.49966,6.55867e-07,51.2029,0.479321,,OK
27828,coin,PI-SIDIS,LH2,-3.254,-2.806,CTime.ePiCoinTime_ROC2,517842,69379,51.1362,0.465517,69379,1,0,1,3,13.8516,3,4.6172,7.35433e-06,51.1362,0.465517,,OK
27829,coin,PI-SIDIS,LH2,-3.254,-2.806,CTime.ePiCoinTime_ROC2,547108,73379,51.1635,0.463794,73379,1,0,1,3,4.91224,3,1.63741,1.63725e-06,51.1635,0.463794,,OK
27830,coin,PI-SIDIS,LH2,-3.254,-2.806,CTime.ePiCoinTime_ROC2,593467,79231,51.184,0.466532,79231,1,0,1,3,5.67822,3,1.89274,1.7439e-06,51.184,0.466532,,OK
27831,coin,PI-SIDIS,LH2,-3.254,-2.806,CTime.ePiCoinTime_ROC2,505662,67330,51.161,0.470566,67330,1,0,1,3,9.71289,3,3.23763,3.7084e-07,51.161,0.470566,,OK
27832,coin,PI-SIDIS,LH2,-3.254,-2.806,CTime.ePiCoinTime_ROC2,573733,76901,51.1865,0.464409,76901,1,0,1,3,8.6252,3,2.87507,2.77108e-06,51.1865,0.464409,,OK
27833,coin,PI-SIDIS,LH2,-3.254,-2.806,CTime.ePiCoinTime_ROC2,414974,55386,51.2106,0.467123,55386,1,0,1,3,4.36238,3,1.45413,4.38453e-06,51.2106,0.467123,,OK
27834,coin,PI-SIDIS,LH2,-3.254,-2.806,CTime.ePiCoinTime_ROC2,1423089,79313,51.1208,0.473535,79313,1,0,1,3,12.8345,3,4.27818,1.01861e-07,51.1208,0.473535,,OK
27836,coin,PI-SIDIS,Dummy,-3.254,-2.806,CTime.ePiCoinTime_ROC2,73679,7664,51.2437,0.422683,7664,1,0,1,3,3.00193,3,1.00064,1.39072e-05,51.2437,0.422683,,OK
27837,coin,PI-SIDIS,Dummy,-3.254,-2.806,CTime.ePiCoinTime_ROC2,69052,6781,51.1701,0.407974,6781,1,0,1,3,2.81229,3,0.93743,1.10644e-07,51.1701,0.407974,,OK
27838,coin,PI-SIDIS,Dummy,-3.254,-2.806,CTime.ePiCoinTime_ROC2,28894,2249,51.1519,0.450893,2249,1,0,1,3,7.78683,3,2.59561,1.87816e-09,51.1519,0.450893,,OK
27839,coin,PI-SIDIS,Dummy,-3.254,-2.806,CTime.ePiCoinTime_ROC2,76563,8168,51.1557,0.436889,8168,1,0,1,3,4.4011,3,1.46703,2.69578e-06,51.1557,0.436889,,OK
27841,coin,PI+SIDIS,LH2,-3.254,5.051,CTime.ePiCoinTime_ROC2,256087,28183,51.0331,0.481414,28183,1,0,1,3,14.4264,3,4.80881,8.19005e-06,51.0331,0.481414,,OK
27842,coin,PI+SIDIS,Dummy,-3.254,5.051,CTime.ePiCoinTime_ROC2,12780,409,51.0879,0.495166,409,1,0,1,3,1.65685,3,0.552283,1.91916e-06,51.0879,0.495166,,OK
27843,coin,PI+SIDIS,Dummy,-3.254,5.051,CTime.ePiCoinTime_ROC2,21007,1018,50.9844,0.433042,1018,1,0,1,3,1.1954,3,0.398466,1.71814e-05,50.9844,0.433042,,OK
27844,coin,PI+SIDIS,LH2,-3.254,2.806,CTime.ePiCoinTime_ROC2,762694,84742,51.1442,0.478367,84742,1,0,1,3,2.55264,3,0.85088,1.26839e-06,51.1442,0.478367,,OK
27845,coin,PI+SIDIS,LH2,-3.254,2.806,CTime.ePiCoinTime_ROC2,835850,92925,51.1874,0.481853,92925,1,0,1,3,29.8406,3,9.94688,6.38256e-08,51.1874,0.481853,,OK
27846,coin,PI+SIDIS,LH2,-3.254,2.806,CTime.ePiCoinTime_ROC2,783389,86706,51.1443,0.4579,86706,1,0,1,3,10.3871,3,3.46236,7.17401e-06,51.1443,0.4579,,OK
27847,coin,PI+SIDIS,LD2,-3.254,2.806,CTime.ePiCoinTime_ROC2,901176,90493,51.0944,0.487477,90493,1,0,1,3,9.95694,3,3.31898,3.39977e-07,51.0944,0.487477,,OK
27848,coin,PI+SIDIS,LD2,-3.254,2.806,CTime.ePiCoinTime_ROC2,908392,90763,51.0873,0.43447,90763,1,0,1,3,13.8314,3,4.61047,2.68843e-06,51.0873,0.43447,,OK
27849,coin,PI+SIDIS,LD2,-3.254,2.806,CTime.ePiCoinTime_ROC2,1301581,131895,51.0949,0.461338,131895,1,0,1,3,19.7372,3,6.57907,5.56625e-06,51.0949,0.461338,,OK
27852,coin,PI+SIDIS,Dummy,-3.254,2.806,CTime.ePiCoinTime_ROC2,87692,7490,51.2419,0.456511,7490,1,0,1,3,4.60408,3,1.53469,9.08537e-07,51.2419,0.456511,,OK
27853,coin,PI+SIDIS,Dummy,-3.254,2.806,CTime.ePiCoinTime_ROC2,123426,10978,51.1715,0.469333,10978,1,0,1,3,11.9425,3,3.98082,3.71685e-06,51.1715,0.469333,,OK
27855,coin,PI+SIDIS,LH2,-3.254,2.806,CTime.ePiCoinTime_ROC2,1966340,91277,51.0123,0.465225,91277,1,0,1,3,15.141,3,5.04699,6.40576e-06,51.0123,0.465225,,OK
27858,coin,PI+SIDIS,LH2,-3.254,5.154,CTime.ePiCoinTime_ROC2,67994,6623,51.1101,0.473604,6623,1,0,1,3,13.0162,3,4.33875,2.80816e-06,51.1101,0.473604,,OK
27859,coin,PI+SIDIS,Dummy,-3.254,5.154,CTime.ePiCoinTime_ROC2,8037,231,51.1693,0.51595,231,1,0,1,3,4.01142,3,1.33714,1.1863e-05,51.1693,0.51595,,OK
27860,coin,PI+SIDIS,LH2,-3.254,3.837,CTime.ePiCoinTime_ROC2,101949,9814,51.2018,0.469556,9814,1,0,1,3,6.58898,3,2.19633,1.25476e-07,51.2018,0.469556,,OK
27861,coin,PI+SIDIS,LH2,-3.254,3.837,CTime.ePiCoinTime_ROC2,107956,10423,51.249,0.478039,10423,1,0,1,3,7.32983,3,2.44328,7.75643e-07,51.249,0.478039,,OK
27862,coin,PI+SIDIS,LH2,-3.254,3.837,CTime.ePiCoinTime_ROC2,109719,10726,51.2779,0.490749,10726,1,0,1,3,4.42542,3,1.47514,6.16863e-06,51.2779,0.490749,,OK
27863,coin,PI+SIDIS,LH2,-3.254,3.837,CTime.ePiCoinTime_ROC2,106218,10172,51.2445,0.423013,10172,1,0,1,3,15.4409,3,5.14697,9.20636e-08,51.2445,0.423013,,OK
27864,coin,PI+SIDIS,LH2,-3.254,3.837,CTime.ePiCoinTime_ROC2,107578,10324,51.2107,0.455041,10324,1,0,1,3,5.13632,3,1.71211,1.45263e-05,51.2107,0.455041,,OK
27867,coin,PI+SIDIS,Dummy,-3.254,3.837,CTime.ePiCoinTime_ROC2,33834,1759,51.0502,0.454804,1759,1,0,1,3,2.2888,3,0.762933,5.43475e-07,51.0502,0.454804,,OK
27868,coin,PI+SIDIS,Dummy,-3.254,3.837,CTime.ePiCoinTime_ROC2,19503,826,51.0475,0.482156,826,1,0,1,3,10.0332,3,3.34439,3.9211e-06,51.0475,0.482156,,OK
27871,coin,PI+SIDIS,LH2,-3.254,3.837,CTime.ePiCoinTime_ROC2,109627,10705,51.0174,0.495273,10705,1,0,1,3,5.70573,3,1.90191,2.79429e-06,51.0174,0.495273,,OK
27872,coin,PI+SIDIS,LH2,-3.254,3.837,CTime.ePiCoinTime_ROC2,98739,9642,51.1033,0.492133,9642,1,0,1,3,7.45505,3,2.48502,7.74818e-06,51.1033,0.492133,,OK
27873,coin,PI+SIDIS,LH2,-3.254,3.837,CTime.ePiCoinTime_ROC2,93118,8788,51.1429,0.472154,8788,1,0,1,3,15.1228,3,5.04095,3.48012e-06,51.1429,0.472154,,OK
27874,coin,PI+SIDIS,Dummy,-3.254,3.837,CTime.ePiCoinTime_ROC2,40535,1884,51.1381,0.479284,1884,1,0,1,3,2.18817,3,0.729391,2.02761e-06,51.1381,0.479284,,OK
27875,coin,PI+SIDIS,LD2,-3.254,2.978,CTime.ePiCoinTime_ROC2,143637,12090,51.1432,0.37931,12090,1,0,1,3,4.9797,3,1.6599,1.05934e-07,51.1432,0.37931,,OK
27876,coin,PI+SIDIS,LD2,-3.254,2.978,CTime.ePiCoinTime_ROC2,512308,43914,51.182,0.489238,43914,1,0,1,3,23.4553,3,7.81844,4.67868e-06,51.182,0.489238,,OK
27877,coin,PI+SIDIS,LD2,-3.254,2.978,CTime.ePiCoinTime_ROC2,555492,47202,51.1783,0.473696,47202,1,0,1,3,1.66071,3,0.553571,2.22497e-06,51.1783,0.473696,,OK
27878,coin,PI+SIDIS,LD2,-3.254,2.978,CTime.ePiCoinTime_ROC2,521453,44597,51.1033,0.450944,44597,1,0,1,3,4.81053,3,1.60351,2.72205e-07,51.1033,0.450944,,OK
27881,coin,PI+SIDIS,Dummy,-3.254,2.978,CTime.ePiCoinTime_ROC2,36212,1687,51.1322,0.43468,1687,1,0,1,3,4.02813,3,1.34271,8.48798e-07,51.1322,0.43468,,OK
27883,coin,PI+SIDIS,Dummy,-3.254,2.978,CTime.ePiCoinTime_ROC2,9678,203,51.1975,0.466277,203,1,0,1,3,4.47032,3,1.49011,7.78099e-07,51.1975,0.466277,,OK
27884,coin,PI+SIDIS,Dummy,-3.254,2.978,CTime.ePiCoinTime_ROC2,38794,1804,51.1492,0.448704,1804,1,0,1,3,1.44059,3,0.480197,3.74098e-06,51.1492,0.448704,,OK
27886,coin,PI+SIDIS,LH2,-3.254,2.978,CTime.ePiCoinTime_ROC2,198479,17964,51.2003,0.483523,17964,1,0,1,3,4.52768,3,1.50923,2.69141e-07,51.2003,0.483523,,OK
27887,coin,PI+SIDIS,LH2,-3.254,2.978,CTime.ePiCoinTime_ROC2,173560,15513,51.2422,0.449733,15513,1,0,1,3,0.968838,3,0.322946,5.11169e-06,51.2422,0.449733,,OK
27888,coin,PI+SIDIS,LH2,-3.254,2.978,CTime.ePiCoinTime_ROC2,137748,12128,51.2508,0.481546,12128,1,0,1,3,3.5932,3,1.19773,1.38745e-05,51.2508,0.481546,,OK
27891,coin,PI+SIDIS,LH2,-3.254,2.978,CTime.ePiCoinTime_ROC2,215509,19603,51.2446,0.492679,19603,1,0,1,3,4.35176,3,1.45059,8.7766e-06,51.2446,0.492679,,OK
27892,coin,PI+SIDIS,LH2,-3.254,2.978,CTime.ePiCoinTime_ROC2,222759,20622,51.2474,0.443932,20622,1,0,1,3,16.7527,3,5.58423,1.43774e-07,51.2474,0.443932,,OK
27893,coin,PI+SIDIS,LH2,-3.254,2.978,CTime.ePiCoinTime_ROC2,335288,15734,51.2687,0.484866,15734,1,0,1,3,4.20946,3,1.40315,1.90602e-06,51.2687,0.484866,,OK
27898,coin,PI+SIDIS,Cu,-3.254,2.978,CTime.ePiCoinTime_ROC2,120394,6749,51.2087,0.451436,6749,1,0,1,3,7.83218,3,2.61073,4.90375e-06,51.2087,0.451436,,OK
27899,coin,PI+SIDIS,Cu,-3.254,2.978,CTime.ePiCoinTime_ROC2,234990,14230,51.2479,0.471177,14230,1,0,1,3,1.17821,3,0.392737,6.07048e-06,51.2479,0.471177,,OK
27900,coin,PI+SIDIS,Cu,-3.254,2.978,CTime.ePiCoinTime_ROC2,251580,15629,51.2403,0.424748,15629,1,0,1,3,4.89339,3,1.63113,4.8601e-06,51.2403,0.424748,,OK
27901,coin,PI+SIDIS,Cu,-3.254,2.978,CTime.ePiCoinTime_ROC2,250624,15257,51.2356,0.492878,15257,1,0,1,3,4.25688,3,1.41896,2.20409e-07,51.2356,0.492878,,OK
27902,coin,PI+SIDIS,Cu,-3.254,2.978,CTime.ePiCoinTime_ROC2,242496,14973,51.2635,0.472907,14973,1,0,1,3,7.74188,3,2.58063,8.78427e-08,51.2635,0.472907,,OK
27905,coin,PI+SIDIS,C,-3.254,2.978,CTime.ePiCoinTime_ROC2,219645,16241,51.2914,0.470305,16241,1,0,1,3,3.67665,3,1.22555,8.31803e-06,51.2914,0.470305,,OK
27906,coin,PI+SIDIS,C,-3.254,2.978,CTime.ePiCoinTime_ROC2,209029,15483,51.3058,0.409168,15483,1,0,1,3,13.5731,3,4.52435,4.37713e-07,51.3058,0.409168,,OK
27907,coin,PI+SIDIS,C,-3.254,2.978,CTime.ePiCoinTime_ROC2,208148,15564,51.2724,0.478071,15564,1,0,1,3,1.94834,3,0.649446,3.51218e-06,51.2724,0.478071,,OK
27908,coin,PI+SIDIS,C,-3.254,2.978,CTime.ePiCoinTime_ROC2,216718,16114,51.2581,0.450245,16114,1,0,1,3,8.09604,3,2.69868,9.21185e-06,51.2581,0.450245,,OK
27909,coin,PI+SIDIS,C,-3.254,2.978,CTime.ePiCoinTime_ROC2,207035,15404,51.2685,0.427704,15404,1,0,1,3,3.43407,3,1.14469,4.53116e-06,51.2685,0.427704,,OK
27912,coin,PI+SIDIS,LD2,-3.254,2.978,CTime.ePiCoinTime_ROC2,529744,45883,51.2641,0.454846,45883,1,0,1,3,4.33311,3,1.44437,1.20915e-05,51.2641,0.454846,,OK
27913,coin,PI+SIDIS,LD2,-3.254,2.978,CTime.ePiCoinTime_ROC2,519549,44648,51.2239,0.434514,44648,1,0,1,3,7.37514,3,2.45838,3.59705e-06,51.2239,0.434514,,OK
27914,coin,PI+SIDIS,Dummy,-3.254,2.978,CTime.ePiCoinTime_ROC2,39736,1918,51.28,0.485991,1918,1,0,1,3,6.34673,3,2.11558,3.64543e-06,51.28,0.485991,,OK
27915,coin,PI+SIDIS,LH2,-3.254,2.978,CTime.ePiCoinTime_ROC2,224395,20475,51.2308,0.44988,20475,1,0,1,3,21.4842,3,7.16139,1.3462e-07,51.2308,0.44988,,OK
27916,coin,PI+SIDIS,LH2,-3.254,2.978,CTime.ePiCoinTime_ROC2,228226,20799,51.2374,0.464726,20799,1,0,1,3,7.51326,3,2.50442,2.80979e-06,51.2374,0.464726,,OK
27918,coin,PI+SIDIS,C,-3.254,2.978,CTime.ePiCoinTime_ROC2,92343,6783,51.248,0.415981,6783,1,0,1,3,3.54555,3,1.18185,1.30044e-05,51.248,0.415981,,OK
27925,coin,PI+SIDIS,C,-3.254,2.978,CTime.ePiCoinTime_ROC2,202873,15094,51.2095,0.453345,15094,1,0,1,3,8.42288,3,2.80763,4.19658e-06,51.2095,0.453345,,OK
27926,coin,PI+SIDIS,C,-3.254,2.978,CTime.ePiCoinTime_ROC2,117587,8918,51.1999,0.450275,8918,1,0,1,3,5.67435,3,1.89145,2.57436e-06,51.1999,0.450275,,OK
27927,coin,PI+SIDIS,Cu,-3.254,2.978,CTime.ePiCoinTime_ROC2,138111,8086,51.165,0.470577,8086,1,0,1,3,6.41881,3,2.1396,7.68303e-06,51.165,0.470577,,OK
27928,coin,PI+SIDIS,Cu,-3.254,2.978,CTime.ePiCoinTime_ROC2,225557,13476,51.1738,0.459047,13476,1,0,1,3,5.92056,3,1.97352,4.94796e-06,51.1738,0.459047,,OK
27929,coin,PI+SIDIS,Cu,-3.254,2.978,CTime.ePiCoinTime_ROC2,187609,11478,51.2049,0.441375,11478,1,0,1,3,1.49889,3,0.49963,4.17686e-07,51.2049,0.441375,,OK
27931,coin,PI+SIDIS,Cu,-3.254,2.978,CTime.ePiCoinTime_ROC2,183477,11086,51.2333,0.443467,11086,1,0,1,3,9.33534,3,3.11178,6.38079e-06,51.2333,0.443467,,OK
27932,coin,PI-SIDIS,LH2,-3.254,-3.837,CTime.ePiCoinTime_ROC2,54390,4469,51.244,0.415937,4469,1,0,1,3,4.86075,3,1.62025,2.0592e-08,51.244,0.415937,,OK
27933,coin,PI-SIDIS,LH2,-3.254,-3.837,CTime.ePiCoinTime_ROC2,55983,4474,51.2252,0.424271,4474,1,0,1,3,4.75728,3,1.58576,1.84172e-07,51.2252,0.424271,,OK
27934,coin,PI-SIDIS,LH2,-3.254,-3.837,CTime.ePiCoinTime_ROC2,46573,3563,51.1775,0.438425,3563,1,0,1,3,6.08956,3,2.02985,3.77731e-06,51.1775,0.438425,,OK
27935,coin,PI-SIDIS,LH2,-3.254,-3.837,CTime.ePiCoinTime_ROC2,52550,4237,51.1799,0.454977,4237,1,0,1,3,17.3561,3,5.78537,2.74651e-06,51.1799,0.454977,,OK
27936,coin,PI-SIDIS,LH2,-3.254,-3.837,CTime.ePiCoinTime_ROC2,51438,4129,51.1757,0.406919,4129,1,0,1,3,4.18757,3,1.39586,5.71284e-06,51.1757,0.406919,,OK
27937,coin,PI-SIDIS,LH2,-3.254,-3.837,CTime.ePiCoinTime_ROC2,54537,4419,51.1718,0.430328,4419,1,0,1,3,21.8576,3,7.28587,1.26977e-05,51.1718,0.430328,,OK
27938,coin,PI-SIDIS,LH2,-3.254,-3.837,CTime.ePiCoinTime_ROC2,52965,4346,51.1639,0.436413,4346,1,0,1,3,3.2324,3,1.07747,6.1939e-06,51.1639,0.436413,,OK
27940,coin,PI-SIDIS,Dummy,-3.254,-3.837,CTime.ePiCoinTime_ROC2,24107,871,51.1678,0.420307,871,1,0,1,3,13.895,3,4.63168,1.3654e-06,51.1678,0.420307,,OK
27941,coin,PI-SIDIS,Dummy,-3.254,-3.837,CTime.ePiCoinTime_ROC2,15854,473,51.1539,0.46475,473,1,0,1,3,1.37313,3,0.45771,4.68244e-06,51.1539,0.46475,,OK
27942,coin,PI-SIDIS,Dummy,-3.254,-3.837,CTime.ePiCoinTime_ROC2,23941,812,51.1706,0.418019,812,1,0,1,3,3.5159,3,1.17197,8.609e-08,51.1706,0.418019,,OK
27944,coin,PI-SIDIS,Dummy,-3.254,-3.837,CTime.ePiCoinTime_ROC2,24021,804,51.2561,0.456601,804,1,0,1,3,5.74961,3,1.91654,1.68193e-05,51.2561,0.456601,,OK
27945,coin,PI-SIDIS,Dummy,-3.254,-3.837,CTime.ePiCoinTime_ROC2,13314,418,51.1905,0.33704,418,1,0,1,3,3.35448,3,1.11816,2.02224e-07,51.1905,0.33704,,OK
27946,coin,PI-SIDIS,Dummy,-3.254,-3.837,CTime.ePiCoinTime_ROC2,24357,824,51.1616,0.357674,824,1,0,1,3,1.50448,3,0.501494,4.47164e-07,51.1616,0.357674,,OK
27947,coin,PI-SIDIS,LH2,-3.254,-3.837,CTime.ePiCoinTime_ROC2,56542,4683,51.1691,0.466844,4683,1,0,1,3,9.37599,3,3.12533,1.53274e-06,51.1691,0.466844,,OK
27948,coin,PI-SIDIS,LH2,-3.254,-3.837,CTime.ePiCoinTime_ROC2,91035,7341,51.1648,0.445722,7341,1,0,1,3,11.1385,3,3.71282,1.11541e-07,51.1648,0.445722,,OK
27949,coin,PI-SIDIS,LH2,-3.254,-3.837,CTime.ePiCoinTime_ROC2,53081,3968,51.1799,0.441341,3968,1,0,1,3,1.0205,3,0.340168,9.94957e-07,51.1799,0.441341,,OK
27951,coin,PI-SIDIS,LH2,-3.254,-3.837,CTime.ePiCoinTime_ROC2,40997,2772,51.1515,0.445156,2772,1,0,1,3,3.65205,3,1.21735,5.88075e-06,51.1515,0.445156,,OK
27952,coin,PI-SIDIS,LH2,-3.254,-3.837,CTime.ePiCoinTime_ROC2,58558,4677,51.1353,0.442995,4677,1,0,1,3,6.86777,3,2.28926,6.0951e-07,51.1353,0.442995,,OK
27953,coin,PI-SIDIS,LH2,-3.254,-3.837,CTime.ePiCoinTime_ROC2,114983,9458,51.2,0.447585,9458,1,0,1,3,14.9216,3,4.97386,5.02259e-08,51.2,0.447585,,OK
27954,coin,PI-SIDIS,LH2,-3.254,-3.837,CTime.ePiCoinTime_ROC2,52831,4466,51.3244,0.430154,4466,1,0,1,3,0.228197,3,0.0760658,2.24328e-06,51.3244,0.430154,,OK
27956,coin,PI-SIDIS,LD2,-3.254,-2.978,CTime.ePiCoinTime_ROC2,121407,13933,51.2717,0.394833,13933,1,0,1,3,3.24467,3,1.08156,9.14395e-06,51.2717,0.394833,,OK
27957,coin,PI-SIDIS,LD2,-3.254,-2.978,CTime.ePiCoinTime_ROC2,461985,53134,51.2712,0.415995,53134,1,0,1,3,2.57843,3,0.859478,3.42066e-06,51.2712,0.415995,,OK
27958,coin,PI-SIDIS,LD2,-3.254,-2.978,CTime.ePiCoinTime_ROC2,363518,42063,51.2226,0.452784,42063,1,0,1,3,3.58281,3,1.19427,1.05311e-06,51.2226,0.452784,,OK
27962,coin,PI-SIDIS,LH2,-3.254,-2.978,CTime.ePiCoinTime_ROC2,120903,13603,51.1854,0.443766,13603,1,0,1,3,1.34483,3,0.448275,4.51643e-06,51.1854,0.443766,,OK
27963,coin,PI-SIDIS,LH2,-3.254,-2.978,CTime.ePiCoinTime_ROC2,127773,14191,51.1905,0.438285,14191,1,0,1,3,14.0101,3,4.67002,1.06111e-05,51.1905,0.438285,,OK
27964,coin,PI-SIDIS,LH2,-3.254,-2.978,CTime.ePiCoinTime_ROC2,119110,13314,51.1966,0.456651,13314,1,0,1,3,2.77895,3,0.926318,7.54739e-06,51.1966,0.456651,,OK
27965,coin,PI-SIDIS,LH2,-3.254,-2.978,CTime.ePiCoinTime_ROC2,126008,13668,51.1657,0.408924,13668,1,0,1,3,0.408695,3,0.136232,4.63448e-07,51.1657,0.408924,,OK
27966,coin,PI-SIDIS,LH2,-3.254,-2.978,CTime.ePiCoinTime_ROC2,113159,12664,51.2535,0.455367,12664,1,0,1,3,4.68719,3,1.5624,4.07986e-07,51.2535,0.455367,,OK
27967,coin,PI-SIDIS,LH2,-3.254,-2.978,CTime.ePiCoinTime_ROC2,117218,13118,51.2828,0.393396,13118,1,0,1,3,5.96158,3,1.98719,1.37594e-06,51.2828,0.393396,,OK
27968,coin,PI-SIDIS,LH2,-3.254,-2.978,CTime.ePiCoinTime_ROC2,232804,13483,51.3224,0.438813,13483,1,0,1,3,3.25549,3,1.08516,1.71685e-07,51.3224,0.438813,,OK
27972,coin,PI-SIDIS,Dummy,-3.254,-2.978,CTime.ePiCoinTime_ROC2,27238,1231,51.3462,0.381838,1231,1,0,1,3,3.45025,3,1.15008,1.0056e-05,51.3462,0.381838,,OK
27973,coin,PI-SIDIS,Dummy,-3.254,-2.978,CTime.ePiCoinTime_ROC2,26361,1110,51.2481,0.426419,1110,1,0,1,3,6.63285,3,2.21095,1.02651e-06,51.2481,0.426419,,OK
27974,coin,PI-SIDIS,Dummy,-3.254,-2.978,CTime.ePiCoinTime_ROC2,26265,1141,51.2481,0.410673,1141,1,0,1,3,5.61015,3,1.87005,1.19487e-09,51.2481,0.410673,,OK
27976,coin,PI-SIDIS,LH2,-3.254,-2.978,CTime.ePiCoinTime_ROC2,104284,11414,51.3195,0.355722,11414,1,0,1,3,0.821612,3,0.273871,1.20843e-07,51.3195,0.355722,,OK
27977,coin,PI-SIDIS,LH2,-3.254,-2.978,CTime.ePiCoinTime_ROC2,119394,13388,51.3188,0.371821,13388,1,0,1,3,4.78205,3,1.59402,2.29111e-06,51.3188,0.371821,,OK
27978,coin,PI-SIDIS,LH2,-3.254,-2.978,CTime.ePiCoinTime_ROC2,105194,11616,51.1463,0.443181,11616,1,0,1,3,13.5699,3,4.52329,4.41239e-07,51.1463,0.443181,,OK
27979,coin,PI-SIDIS,LH2,-3.254,-2.978,CTime.ePiCoinTime_ROC2,129629,14770,51.2192,0.465458,14770,1,0,1,3,3.48867,3,1.16289,6.56114e-06,51.2192,0.465458,,OK
27980,coin,PI-SIDIS,LH2,-3.254,-2.978,CTime.ePiCoinTime_ROC2,127737,14318,51.3289,0.468665,14318,1,0,1,3,4.77558,3,1.59186,8.46474e-06,51.3289,0.468665,,OK
27981,coin,PI-SIDIS,LH2,-3.254,-2.978,CTime.ePiCoinTime_ROC2,145604,16582,51.3762,0.454123,16582,1,0,1,3,4.59758,3,1.53253,1.20235e-06,51.3762,0.454123,,OK
27982,coin,PI-SIDIS,LH2,-3.254,-2.978,CTime.ePiCoinTime_ROC2,140977,15796,51.3546,0.444471,15796,1,0,1,3,2.7522,3,0.9174,1.74787e-07,51.3546,0.444471,,OK
27983,coin,PI-SIDIS,Dummy,-3.254,-2.978,CTime.ePiCoinTime_ROC2,27907,1346,51.329,0.360136,1346,1,0,1,3,3.20164,3,1.06721,9.84599e-07,51.329,0.360136,,OK
27984,coin,PI-SIDIS,Dummy,-3.254,-2.978,CTime.ePiCoinTime_ROC2,26731,1183,51.3322,0.354793,1183,1,0,1,3,2.19426,3,0.73142,2.24432e-06,51.3322,0.354793,,OK
27985,coin,PI-SIDIS,Dummy,-3.254,-2.978,CTime.ePiCoinTime_ROC2,27329,1282,51.3798,0.369926,1282,1,0,1,3,1.07581,3,0.358603,2.41722e-07,51.3798,0.369926,,OK
27986,coin,PI-SIDIS,Dummy,-3.254,-2.978,CTime.ePiCoinTime_ROC2,26723,1119,51.391,0.417264,1119,1,0,1,3,3.64793,3,1.21598,5.65369e-06,51.391,0.417264,,OK
27987,coin,PI-SIDIS,LD2,-3.254,-2.978,CTime.ePiCoinTime_ROC2,452503,53146,51.3146,0.419317,53146,1,0,1,3,6.68019,3,2.22673,5.07605e-08,51.3146,0.419317,,OK
27988,coin,PI-SIDIS,LD2,-3.254,-2.978,CTime.ePiCoinTime_ROC2,424499,49676,51.2976,0.381042,49676,1,0,1,3,4.74877,3,1.58292,8.73568e-08,51.2976,0.381042,,OK
27989,coin,PI-SIDIS,LD2,-3.254,-2.978,CTime.ePiCoinTime_ROC2,400089,46601,51.3385,0.432366,46601,1,0,1,3,10.3736,3,3.45787,1.5204e-06,51.3385,0.432366,,OK
27990,coin,PI-SIDIS,LD2,-3.254,-2.978,CTime.ePiCoinTime_ROC2,119381,14117,51.3299,0.444151,14117,1,0,1,3,6.88546,3,2.29515,1.42338e-06,51.3299,0.444151,,OK
27992,coin,PI-SIDIS,LD2,-3.254,-2.978,CTime.ePiCoinTime_ROC2,386096,45007,51.2869,0.423297,45007,1,0,1,3,9.91224,3,3.30408,7.58561e-06,51.2869,0.423297,,OK
27993,coin,PI-SIDIS,LD2,-3.254,-2.978,CTime.ePiCoinTime_ROC2,467891,54957,51.3196,0.451879,54957,1,0,1,3,7.18405,3,2.39468,1.47904e-05,51.3196,0.451879,,OK
27994,coin,PI-SIDIS,LD2,-3.254,-2.978,CTime.ePiCoinTime_ROC2,412803,48361,51.3348,0.392051,48361,1,0,1,3,13.2907,3,4.43022,9.90821e-06,51.3348,0.392051,,OK
28108,coin,PI+SIDIS,LH2,-5.343,5.051,CTime.ePiCoinTime_ROC2,384636,56007,51.2604,0.354506,56007,1,0,1,3,184.586,3,61.5287,5.03476e-06,51.2604,0.354506,,OK
28109,coin,PI+SIDIS,Dummy,-5.343,5.051,CTime.ePiCoinTime_ROC2,38455,4080,51.324,0.318631,4080,1,0,1,3,34.9595,3,11.6532,7.41435e-06,51.324,0.318631,,OK
28110,coin,PI+SIDIS,LH2,-5.343,2.806,CTime.ePiCoinTime_ROC2,2244679,263128,51.2616,0.360216,263128,1,0,1,3,228.448,3,76.1495,8.01698e-08,51.2616,0.360216,,OK
28111,coin,PI+SIDIS,LH2,-5.343,2.806,CTime.ePiCoinTime_ROC2,2165115,254666,51.2433,0.359893,254666,1,0,1,3,334.803,3,111.601,1.09395e-05,51.2433,0.359893,,OK
28112,coin,PI+SIDIS,LH2,-5.343,2.806,CTime.ePiCoinTime_ROC2,2858311,245019,51.2552,0.36785,245019,1,0,1,3,253.045,3,84.3483,1.38416e-05,51.2552,0.36785,,OK
28117,coin,PI+SIDIS,Dummy,-5.343,2.806,CTime.ePiCoinTime_ROC2,323622,32936,51.2815,0.357171,32936,1,0,1,3,47.8658,3,15.9553,1.41258e-06,51.2815,0.357171,,OK
28119,coin,PI+SIDIS,LD2,-5.343,2.806,CTime.ePiCoinTime_ROC2,3086195,342215,51.2472,0.369678,342215,1,0,1,3,266.006,3,88.6686,1.41458e-06,51.2472,0.369678,,OK
28120,coin,PI+SIDIS,LD2,-5.343,2.806,CTime.ePiCoinTime_ROC2,2844735,314774,51.281,0.36213,314774,1,0,1,3,212.211,3,70.7369,2.90161e-06,51.281,0.36213,,OK
28123,coin,PI+SIDIS,Dummy,-5.343,2.806,CTime.ePiCoinTime_ROC2,222129,22579,51.2891,0.361096,22579,1,0,1,3,37.3499,3,12.45,3.95273e-07,51.2891,0.361096,,OK
28124,coin,PI+SIDIS,LD2,-5.343,2.806,CTime.ePiCoinTime_ROC2,1232688,157398,51.2374,0.376372,157398,1,0,1,3,118.487,3,39.4956,1.15696e-07,51.2374,0.376372,,OK
28125,coin,PI+SIDIS,LD2,-5.343,2.806,CTime.ePiCoinTime_ROC2,1601016,205739,51.2391,0.365955,205739,1,0,1,3,153.105,3,51.035,9.52145e-07,51.2391,0.365955,,OK
28126,coin,PI+SIDIS,LD2,-5.343,2.806,CTime.ePiCoinTime_ROC2,1553546,199822,51.2361,0.362244,199822,1,0,1,3,166.825,3,55.6084,4.53038e-06,51.2361,0.362244,,OK
28127,coin,PI+SIDIS,Dummy,-5.343,2.806,CTime.ePiCoinTime_ROC2,479780,55650,51.2583,0.35901,55650,1,0,1,3,75.2135,3,25.0712,6.20479e-06,51.2583,0.35901,,OK
28128,coin,PI+SIDIS,Dummy,-5.343,2.806,CTime.ePiCoinTime_ROC2,328367,37978,51.2442,0.353155,37978,1,0,1,3,54.0979,3,18.0326,9.08267e-06,51.2442,0.353155,,OK
28129,coin,PI+SIDIS,LH2,-5.343,2.806,CTime.ePiCoinTime_ROC2,1453130,196650,51.2151,0.366134,196650,1,0,1,3,136.593,3,45.5311,8.76261e-10,51.2151,0.366134,,OK
28130,coin,PI+SIDIS,LH2,-5.343,2.806,CTime.ePiCoinTime_ROC2,1666867,224983,51.2073,0.368016,224983,1,0,1,3,205.101,3,68.367,7.312e-08,51.2073,0.368016,,OK
28131,coin,PI+SIDIS,LH2,-5.343,2.806,CTime.ePiCoinTime_ROC2,1692899,229630,51.2466,0.362901,229630,1,0,1,3,194.276,3,64.7587,2.66089e-07,51.2466,0.362901,,OK
28132,coin,PI+SIDIS,LH2,-5.343,2.806,CTime.ePiCoinTime_ROC2,2065931,280540,51.2642,0.359936,280540,1,0,1,3,247.96,3,82.6533,6.35439e-08,51.2642,0.359936,,OK
28133,coin,PI+SIDIS,LD2,-5.343,2.806,CTime.ePiCoinTime_ROC2,1814166,233442,51.2378,0.362201,233442,1,0,1,3,244.748,3,81.5826,9.72782e-07,51.2378,0.362201,,OK
28134,coin,PI+SIDIS,LD2,-5.343,2.806,CTime.ePiCoinTime_ROC2,1692069,216812,51.2188,0.361165,216812,1,0,1,3,202.04,3,67.3468,3.12692e-06,51.2188,0.361165,,OK
28135,coin,PI+SIDIS,LD2,-5.343,2.806,CTime.ePiCoinTime_ROC2,1102963,140296,51.2083,0.366594,140296,1,0,1,3,118.573,3,39.5244,6.15846e-08,51.2083,0.366594,,OK
28136,coin,PI-SIDIS,LH2,-5.343,-2.806,CTime.ePiCoinTime_ROC2,2306586,394330,51.2494,0.354611,394330,1,0,1,3,228.307,3,76.1023,8.2811e-06,51.2494,0.354611,,OK
28137,coin,PI-SIDIS,LH2,-5.343,-2.806,CTime.ePiCoinTime_ROC2,2243710,383250,51.2224,0.355963,383250,1,0,1,3,271.175,3,90.3917,1.12853e-07,51.2224,0.355963,,OK
28138,coin,PI-SIDIS,LH2,-5.343,-2.806,CTime.ePiCoinTime_ROC2,2212660,377932,51.212,0.356351,377932,1,0,1,3,228.556,3,76.1855,6.64348e-07,51.212,0.356351,,OK
28139,coin,PI-SIDIS,LH2,-5.343,-2.806,CTime.ePiCoinTime_ROC2,1020734,172794,51.2432,0.35199,172794,1,0,1,3,88.5594,3,29.5198,1.3264e-05,51.2432,0.35199,,OK
28140,coin,PI-SIDIS,Dummy,-5.343,-2.806,CTime.ePiCoinTime_ROC2,308578,48514,51.308,0.320864,48514,1,0,1,3,89.5194,3,29.8398,2.80566e-07,51.308,0.320864,,OK
28141,coin,PI-SIDIS,Dummy,-5.343,-2.806,CTime.ePiCoinTime_ROC2,188565,29277,51.2627,0.341318,29277,1,0,1,3,37.4336,3,12.4779,1.1694e-05,51.2627,0.341318,,OK
28142,coin,PI-SIDIS,LH2,-5.343,-2.806,CTime.ePiCoinTime_ROC2,841036,135379,51.2462,0.35818,135379,1,0,1,3,168.707,3,56.2358,3.31399e-08,51.2462,0.35818,,OK
28143,coin,PI-SIDIS,LH2,-5.343,-2.806,CTime.ePiCoinTime_ROC2,824249,132814,51.2505,0.35667,132814,1,0,1,3,160.262,3,53.4207,8.4725e-07,51.2505,0.35667,,OK
28144,coin,PI-SIDIS,LH2,-5.343,-2.806,CTime.ePiCoinTime_ROC2,688737,110503,51.2961,0.318306,110503,1,0,1,3,106.024,3,35.3415,9.34357e-08,51.2961,0.318306,,OK
28145,coin,PI-SIDIS,LH2,-5.343,-2.806,CTime.ePiCoinTime_ROC2,1221661,144951,51.3017,0.318605,144951,1,0,1,3,171.902,3,57.3008,3.68453e-07,51.3017,0.318605,,OK
28149,coin,PI-SIDIS,Dummy,-5.343,-2.806,CTime.ePiCoinTime_ROC2,135115,19861,51.2738,0.344868,19861,1,0,1,3,48.4919,3,16.164,7.39597e-07,51.2738,0.344868,,OK
28152,coin,PI-SIDIS,Dummy,-5.343,-2.806,CTime.ePiCoinTime_ROC2,152055,22801,51.2853,0.350984,22801,1,0,1,3,33.6904,3,11.2301,2.1771e-09,51.2853,0.350984,,OK
28154,coin,PI-SIDIS,LH2,-5.343,-2.806,CTime.ePiCoinTime_ROC2,1222620,197084,51.2693,0.356537,197084,1,0,1,3,120.16,3,40.0532,6.21098e-06,51.2693,0.356537,,OK
28155,coin,PI+SIDIS,LH2,-5.343,5.154,CTime.ePiCoinTime_ROC2,74165,8856,51.2775,0.315612,8856,1,0,1,3,36.5704,3,12.1901,1.2372e-07,51.2775,0.315612,,OK
28156,coin,PI+SIDIS,LH2,-5.343,5.154,CTime.ePiCoinTime_ROC2,42730,5338,51.2691,0.351807,5338,1,0,1,3,47.7092,3,15.9031,9.5985e-08,51.2691,0.351807,,OK
28157,coin,PI+SIDIS,LH2,-5.343,3.837,CTime.ePiCoinTime_ROC2,167400,17827,51.3112,0.34524,17827,1,0,1,3,81.7004,3,27.2335,1.09272e-05,51.3112,0.34524,,OK
28158,coin,PI+SIDIS,LH2,-5.343,3.837,CTime.ePiCoinTime_ROC2,312592,33782,51.3165,0.346141,33782,1,0,1,3,103.508,3,34.5027,1.55406e-07,51.3165,0.346141,,OK
28159,coin,PI+SIDIS,LH2,-5.343,3.837,CTime.ePiCoinTime_ROC2,373476,42034,51.3127,0.336655,42034,1,0,1,3,157.583,3,52.5276,6.08394e-06,51.3127,0.336655,,OK
28160,coin,PI+SIDIS,LH2,-5.343,3.837,CTime.ePiCoinTime_ROC2,399994,45232,51.3232,0.349726,45232,1,0,1,3,183.086,3,61.0287,4.96094e-07,51.3232,0.349726,,OK
28161,coin,PI+SIDIS,LH2,-5.343,3.837,CTime.ePiCoinTime_ROC2,179135,20051,51.3205,0.357451,20051,1,0,1,3,75.9994,3,25.3331,8.55406e-06,51.3205,0.357451,,OK
28162,coin,PI+SIDIS,LH2,-5.343,3.837,CTime.ePiCoinTime_ROC2,425516,38423,51.3117,0.343625,38423,1,0,1,3,92.8967,3,30.9656,1.29731e-05,51.3117,0.343625,,OK
28165,coin,PI+SIDIS,Dummy,-5.343,3.837,CTime.ePiCoinTime_ROC2,48550,4513,51.3232,0.374952,4513,1,0,1,3,19.3969,3,6.46564,4.98564e-06,51.3232,0.374952,,OK
28166,coin,PI+SIDIS,Dummy,-5.343,3.837,CTime.ePiCoinTime_ROC2,54227,4878,51.3325,0.426747,4878,1,0,1,3,17.1531,3,5.7177,4.94822e-06,51.3325,0.426747,,OK
28167,coin,PI+SIDIS,Dummy,-5.343,3.837,CTime.ePiCoinTime_ROC2,55824,4994,51.3248,0.405343,4994,1,0,1,3,3.80464,3,1.26821,2.50023e-06,51.3248,0.405343,,OK
28168,coin,PI+SIDIS,Dummy,-5.343,3.837,CTime.ePiCoinTime_ROC2,20468,1619,51.3438,0.411823,1619,1,0,1,3,3.35319,3,1.11773,1.54204e-05,51.3438,0.411823,,OK
28169,coin,PI+SIDIS,Dummy,-5.343,3.837,CTime.ePiCoinTime_ROC2,34639,3173,51.3138,0.381291,3173,1,0,1,3,1.05352,3,0.351172,1.51877e-06,51.3138,0.381291,,OK
28171,coin,PI+SIDIS,Dummy,-5.343,5.154,CTime.ePiCoinTime_ROC2,21408,1418,51.2989,0.321454,1418,1,0,1,3,7.54149,3,2.51383,4.11252e-06,51.2989,0.321454,,OK
28172,coin,PI+SIDIS,Dummy,-5.343,3.837,CTime.ePiCoinTime_ROC2,59788,5886,51.3606,0.372134,5886,1,0,1,3,22.4106,3,7.47021,3.39393e-07,51.3606,0.372134,,OK
28173,coin,PI+SIDIS,Dummy,-5.343,3.837,CTime.ePiCoinTime_ROC2,65222,6214,51.337,0.330491,6214,1,0,1,3,30.2372,3,10.0791,6.64382e-06,51.337,0.330491,,OK
28174,coin,PI+SIDIS,Dummy,-5.343,3.837,CTime.ePiCoinTime_ROC2,69090,6609,51.2961,0.322908,6609,1,0,1,3,33.3204,3,11.1068,6.93314e-06,51.2961,0.322908,,OK
28175,coin,PI+SIDIS,Dummy,-5.343,3.837,CTime.ePiCoinTime_ROC2,30126,2869,51.284,0.358055,2869,1,0,1,3,14.7139,3,4.90464,1.58182e-06,51.284,0.358055,,OK
28176,coin,PI+SIDIS,LH2,-5.343,3.837,CTime.ePiCoinTime_ROC2,451445,54073,51.2976,0.352983,54073,1,0,1,3,81.313,3,27.1043,1.16979e-07,51.2976,0.352983,,OK
28177,coin,PI+SIDIS,LH2,-5.343,3.837,CTime.ePiCoinTime_ROC2,504955,60351,51.3326,0.345242,60351,1,0,1,3,236.719,3,78.9064,7.11553e-06,51.3326,0.345242,,OK
28178,coin,PI+SIDIS,LH2,-5.343,3.837,CTime.ePiCoinTime_ROC2,505244,60015,51.3099,0.339325,60015,1,0,1,3,125.424,3,41.8079,9.40711e-06,51.3099,0.339325,,OK
28179,coin,PI+SIDIS,LH2,-5.343,3.837,CTime.ePiCoinTime_ROC2,517530,61931,51.2868,0.367446,61931,1,0,1,3,199.938,3,66.6459,5.7963e-08,51.2868,0.367446,,OK
28180,coin,PI+SIDIS,LH2,-5.343,3.837,CTime.ePiCoinTime_ROC2,868325,113693,51.2662,0.376598,113693,1,0,1,3,143.953,3,47.9844,6.91814e-08,51.2662,0.376598,,OK
28181,coin,PI+SIDIS,LH2,-5.343,3.837,CTime.ePiCoinTime_ROC2,811640,109329,51.311,0.354786,109329,1,0,1,3,155.763,3,51.9209,1.13249e-07,51.311,0.354786,,OK
28182,coin,PI+SIDIS,LH2,-5.343,3.837,CTime.ePiCoinTime_ROC2,637487,85275,51.3035,0.351153,85275,1,0,1,3,104.711,3,34.9038,2.69776e-08,51.3035,0.351153,,OK
28183,coin,PI+SIDIS,LH2,-5.343,3.837,CTime.ePiCoinTime_ROC2,857743,115261,51.2653,0.375505,115261,1,0,1,3,163.287,3,54.4289,1.38772e-05,51.2653,0.375505,,OK
28184,coin,PI+SIDIS,Dummy,-5.343,3.837,CTime.ePiCoinTime_ROC2,65325,6779,51.2888,0.373725,6779,1,0,1,3,18.6982,3,6.23273,4.48708e-08,51.2888,0.373725,,OK
28185,coin,PI+SIDIS,Dummy,-5.343,3.837,CTime.ePiCoinTime_ROC2,74118,7790,51.3101,0.366119,7790,1,0,1,3,37.347,3,12.449,4.2499e-06,51.3101,0.366119,,OK
28186,coin,PI+SIDIS,Dummy,-5.343,3.837,CTime.ePiCoinTime_ROC2,70189,7288,51.3483,0.379868,7288,1,0,1,3,29.88,3,9.96,1.90597e-06,51.3483,0.379868,,OK
28187,coin,PI+SIDIS,LH2,-5.343,2.978,CTime.ePiCoinTime_ROC2,933598,116143,51.248,0.388742,116143,1,0,1,3,99.3286,3,33.1095,5.04353e-06,51.248,0.388742,,OK
28188,coin,PI+SIDIS,LH2,-5.343,2.978,CTime.ePiCoinTime_ROC2,1016255,127481,51.2298,0.384335,127481,1,0,1,3,94.6386,3,31.5462,3.30067e-07,51.2298,0.384335,,OK
28189,coin,PI+SIDIS,LH2,-5.343,2.978,CTime.ePiCoinTime_ROC2,961074,120119,51.2723,0.381446,120119,1,0,1,3,74.9943,3,24.9981,1.37162e-07,51.2723,0.381446,,OK
28190,coin,PI+SIDIS,LH2,-5.343,2.978,CTime.ePiCoinTime_ROC2,1015842,127731,51.2783,0.378978,127731,1,0,1,3,58.0147,3,19.3382,1.53953e-06,51.2783,0.378978,,OK
28191,coin,PI+SIDIS,Dummy,-5.343,2.978,CTime.ePiCoinTime_ROC2,143314,13615,51.2945,0.370892,13615,1,0,1,3,36.5385,3,12.1795,3.11775e-07,51.2945,0.370892,,OK
28192,coin,PI+SIDIS,Dummy,-5.343,2.978,CTime.ePiCoinTime_ROC2,99953,9344,51.2957,0.343447,9344,1,0,1,3,10.308,3,3.436,1.37145e-07,51.2957,0.343447,,OK
28193,coin,PI+SIDIS,C,-5.343,2.978,CTime.ePiCoinTime_ROC2,781895,85767,51.2475,0.387857,85767,1,0,1,3,96.1719,3,32.0573,4.8477e-07,51.2475,0.387857,,OK
28194,coin,PI+SIDIS,C,-5.343,2.978,CTime.ePiCoinTime_ROC2,813849,89767,51.2441,0.385726,89767,1,0,1,3,60.2295,3,20.0765,1.59292e-06,51.2441,0.385726,,OK
28195,coin,PI+SIDIS,C,-5.343,2.978,CTime.ePiCoinTime_ROC2,928634,102539,51.2391,0.381794,102539,1,0,1,3,87.0341,3,29.0114,4.28492e-06,51.2391,0.381794,,OK
28196,coin,PI+SIDIS,Cu,-5.343,2.978,CTime.ePiCoinTime_ROC2,651884,62537,51.2346,0.385452,62537,1,0,1,3,24.4503,3,8.15012,2.33482e-06,51.2346,0.385452,,OK
28197,coin,PI+SIDIS,Cu,-5.343,2.978,CTime.ePiCoinTime_ROC2,651009,62287,51.2384,0.387175,62287,1,0,1,3,23.759,3,7.91965,6.93403e-07,51.2384,0.387175,,OK
28198,coin,PI+SIDIS,Cu,-5.343,2.978,CTime.ePiCoinTime_ROC2,699700,67419,51.2426,0.382323,67419,1,0,1,3,33.7649,3,11.255,1.31723e-06,51.2426,0.382323,,OK
28199,coin,PI+SIDIS,LD2,-5.343,2.978,CTime.ePiCoinTime_ROC2,869410,103700,51.2424,0.379209,103700,1,0,1,3,59.0323,3,19.6774,8.0447e-08,51.2424,0.379209,,OK
28200,coin,PI+SIDIS,LD2,-5.343,2.978,CTime.ePiCoinTime_ROC2,951048,113298,51.2395,0.384046,113298,1,0,1,3,57.1929,3,19.0643,6.95769e-07,51.2395,0.384046,,OK
28201,coin,PI+SIDIS,LD2,-5.343,2.978,CTime.ePiCoinTime_ROC2,947404,113235,51.2361,0.388649,113235,1,0,1,3,78.8596,3,26.2865,4.86207e-08,51.2361,0.388649,,OK
28202,coin,PI+SIDIS,LD2,-5.343,2.978,CTime.ePiCoinTime_ROC2,907670,107981,51.2409,0.383757,107981,1,0,1,3,89.2873,3,29.7624,3.68614e-07,51.2409,0.383757,,OK
28203,coin,PI+SIDIS,LD2,-5.343,2.978,CTime.ePiCoinTime_ROC2,863891,103151,51.2401,0.377923,103151,1,0,1,3,78.7386,3,26.2462,1.17109e-06,51.2401,0.377923,,OK
28204,coin,PI+SIDIS,LD2,-5.343,2.978,CTime.ePiCoinTime_ROC2,577447,67974,51.235,0.379292,67974,1,0,1,3,53.5586,3,17.8529,1.94348e-06,51.235,0.379292,,OK
28205,coin,PI+SIDIS,LD2,-5.343,2.978,CTime.ePiCoinTime_ROC2,1214373,144882,51.2319,0.386685,144882,1,0,1,3,100.741,3,33.5802,1.63905e-06,51.2319,0.386685,,OK
28206,coin,PI+SIDIS,Dummy,-5.343,2.978,CTime.ePiCoinTime_ROC2,148347,13992,51.3039,0.322643,13992,1,0,1,3,30.3477,3,10.1159,2.8234e-08,51.3039,0.322643,,OK
28207,coin,PI+SIDIS,C,-5.343,2.978,CTime.ePiCoinTime_ROC2,864725,94734,51.2684,0.379278,94734,1,0,1,3,85.9744,3,28.6581,5.73241e-07,51.2684,0.379278,,OK
28208,coin,PI+SIDIS,Cu,-5.343,2.978,CTime.ePiCoinTime_ROC2,585420,55748,51.2504,0.37782,55748,1,0,1,3,46.4513,3,15.4838,5.90004e-07,51.2504,0.37782,,OK
28209,coin,PI+SIDIS,Cu,-5.343,2.978,CTime.ePiCoinTime_ROC2,859692,82482,51.2412,0.386072,82482,1,0,1,3,32.9011,3,10.967,5.61038e-07,51.2412,0.386072,,OK
28210,coin,PI+SIDIS,LH2,-5.343,2.978,CTime.ePiCoinTime_ROC2,898614,112509,51.2248,0.383278,112509,1,0,1,3,77.307,3,25.769,4.98648e-06,51.2248,0.383278,,OK
28211,coin,PI+SIDIS,LH2,-5.343,2.978,CTime.ePiCoinTime_ROC2,426624,52428,51.2602,0.378415,52428,1,0,1,3,62.3837,3,20.7946,1.01584e-06,51.2602,0.378415,,OK
28212,coin,PI+SIDIS,LH2,-5.343,2.978,CTime.ePiCoinTime_ROC2,356016,42892,51.3113,0.321776,42892,1,0,1,3,46.921,3,15.6403,2.26567e-08,51.3113,0.321776,,OK
28213,coin,PI+SIDIS,LH2,-5.343,2.978,CTime.ePiCoinTime_ROC2,175176,19920,51.3257,0.330279,19920,1,0,1,3,42.4077,3,14.1359,2.56961e-07,51.3257,0.330279,,OK
28214,coin,PI+SIDIS,LH2,-5.343,2.978,CTime.ePiCoinTime_ROC2,94940,9270,51.2921,0.368094,9270,1,0,1,3,26.3155,3,8.77182,8.94749e-06,51.2921,0.368094,,OK
28215,coin,PI+SIDIS,LH2,-5.343,2.978,CTime.ePiCoinTime_ROC2,601969,75008,51.2249,0.383921,75008,1,0,1,3,62.618,3,20.8727,2.00002e-06,51.2249,0.383921,,OK
28216,coin,PI+SIDIS,LH2,-5.343,2.978,CTime.ePiCoinTime_ROC2,467782,57835,51.2348,0.368722,57835,1,0,1,3,67.7481,3,22.5827,2.11488e-06,51.2348,0.368722,,OK
28217,coin,PI+SIDIS,LH2,-5.343,2.978,CTime.ePiCoinTime_ROC2,322437,38585,51.2753,0.368716,38585,1,0,1,3,41.6737,3,13.8912,3.45021e-07,51.2753,0.368716,,OK
28218,coin,PI+SIDIS,LH2,-5.343,2.978,CTime.ePiCoinTime_ROC2,184340,20850,51.3178,0.332668,20850,1,0,1,3,66.2016,3,22.0672,4.15558e-07,51.3178,0.332668,,OK
28219,coin,PI+SIDIS,LH2,-5.343,2.978,CTime.ePiCoinTime_ROC2,84178,8081,51.32,0.333911,8081,1,0,1,3,28.1022,3,9.36741,8.81705e-06,51.32,0.333911,,OK
28220,coin,PI+SIDIS,LH2,-5.343,2.978,CTime.ePiCoinTime_ROC2,988539,109776,51.2396,0.376421,109776,1,0,1,3,151.895,3,50.6318,2.52689e-06,51.2396,0.376421,,OK
28221,coin,PI+SIDIS,LH2,-5.343,2.978,CTime.ePiCoinTime_ROC2,1160173,128604,51.248,0.373337,128604,1,0,1,3,165.302,3,55.1005,6.90816e-08,51.248,0.373337,,OK
28222,coin,PI+SIDIS,LH2,-5.343,2.978,CTime.ePiCoinTime_ROC2,1143357,126873,51.287,0.372318,126873,1,0,1,3,173.764,3,57.9213,4.41182e-06,51.287,0.372318,,OK
28223,coin,PI+SIDIS,LH2,-5.343,2.978,CTime.ePiCoinTime_ROC2,1542097,127087,51.2846,0.366564,127087,1,0,1,3,127.818,3,42.6059,6.90614e-06,51.2846,0.366564,,OK
28226,coin,PI+SIDIS,Dummy,-5.343,2.978,CTime.ePiCoinTime_ROC2,109031,9419,51.2802,0.355154,9419,1,0,1,3,18.0337,3,6.01123,6.14767e-06,51.2802,0.355154,,OK
28227,coin,PI+SIDIS,Dummy,-5.343,2.978,CTime.ePiCoinTime_ROC2,92625,7674,51.3224,0.314735,7674,1,0,1,3,48.0142,3,16.0047,1.02457e-07,51.3224,0.314735,,OK
28228,coin,PI+SIDIS,Dummy,-5.343,2.978,CTime.ePiCoinTime_ROC2,105416,8906,51.3314,0.340774,8906,1,0,1,3,41.9722,3,13.9907,1.35641e-06,51.3314,0.340774,,OK
28230,coin,PI+SIDIS,C,-5.343,2.978,CTime.ePiCoinTime_ROC2,820532,79258,51.2505,0.373168,79258,1,0,1,3,94.795,3,31.5983,1.68815e-07,51.2505,0.373168,,OK
28231,coin,PI+SIDIS,C,-5.343,2.978,CTime.ePiCoinTime_ROC2,705822,67488,51.2616,0.378001,67488,1,0,1,3,45.5565,3,15.1855,4.50869e-06,51.2616,0.378001,,OK
28233,coin,PI+SIDIS,Cu,-5.343,2.978,CTime.ePiCoinTime_ROC2,1020040,85540,51.2557,0.379543,85540,1,0,1,3,80.9492,3,26.9831,1.66091e-05,51.2557,0.379543,,OK
28234,coin,PI+SIDIS,Cu,-5.343,2.978,CTime.ePiCoinTime_ROC2,1039188,87570,51.237,0.381879,87570,1,0,1,3,73.9086,3,24.6362,1.85043e-06,51.237,0.381879,,OK
28235,coin,PI+SIDIS,Cu,-5.343,2.978,CTime.ePiCoinTime_ROC2,854085,72136,51.2342,0.376178,72136,1,0,1,3,55.8078,3,18.6026,2.7996e-06,51.2342,0.376178,,OK
28237,coin,PI+SIDIS,Cu,-5.343,2.978,CTime.ePiCoinTime_ROC2,407935,34333,51.2403,0.386386,34333,1,0,1,3,27.6768,3,9.22559,1.37337e-05,51.2403,0.386386,,OK
28240,coin,PI+SIDIS,LD2,-5.343,2.978,CTime.ePiCoinTime_ROC2,1416455,149414,51.251,0.379519,149414,1,0,1,3,150.72,3,50.2401,9.1283e-07,51.251,0.379519,,OK
28241,coin,PI+SIDIS,LD2,-5.343,2.978,CTime.ePiCoinTime_ROC2,1247945,131411,51.2542,0.384909,131411,1,0,1,3,90.237,3,30.079,3.68532e-06,51.2542,0.384909,,OK
28242,coin,PI+SIDIS,LD2,-5.343,2.978,CTime.ePiCoinTime_ROC2,1546633,163719,51.2577,0.381617,163719,1,0,1,3,124.493,3,41.4978,3.37191e-08,51.2577,0.381617,,OK
28243,coin,PI+SIDIS,LD2,-5.343,2.978,CTime.ePiCoinTime_ROC2,1494883,157059,51.2581,0.381435,157059,1,0,1,3,101.525,3,33.8417,4.37578e-07,51.2581,0.381435,,OK
28245,coin,PI+SIDIS,LD2,-5.343,2.978,CTime.ePiCoinTime_ROC2,923518,84286,51.2888,0.377736,84286,1,0,1,3,123.825,3,41.2751,1.19479e-07,51.2888,0.377736,,OK
28246,coin,PI+SIDIS,LD2,-5.343,2.978,CTime.ePiCoinTime_ROC2,2273493,208036,51.2635,0.386887,208036,1,0,1,3,143.084,3,47.6945,1.87891e-08,51.2635,0.386887,,OK
28248,coin,PI+SIDIS,Dummy,-5.343,2.978,CTime.ePiCoinTime_ROC2,81158,6146,51.3259,0.341791,6146,1,0,1,3,11.107,3,3.70234,6.50022e-06,51.3259,0.341791,,OK
28249,coin,PI+SIDIS,Dummy,-5.343,2.978,CTime.ePiCoinTime_ROC2,82437,6213,51.3226,0.363747,6213,1,0,1,3,2.92341,3,0.974471,2.71172e-07,51.3226,0.363747,,OK
28250,coin,PI+SIDIS,Dummy,-5.343,2.978,CTime.ePiCoinTime_ROC2,87664,6760,51.3028,0.313691,6760,1,0,1,3,15.2078,3,5.06928,7.18597e-07,51.3028,0.313691,,OK
28252,coin,PI+SIDIS,C,-5.343,2.978,CTime.ePiCoinTime_ROC2,526166,44177,51.2908,0.389071,44177,1,0,1,3,3.29714,3,1.09905,6.89127e-08,51.2908,0.389071,,OK
28253,coin,PI+SIDIS,C,-5.343,2.978,CTime.ePiCoinTime_ROC2,562230,47552,51.297,0.404647,47552,1,0,1,3,14.5961,3,4.86537,4.4513e-07,51.297,0.404647,,OK
28256,coin,PI+SIDIS,Cu,-5.343,2.978,CTime.ePiCoinTime_ROC2,716665,51674,51.2813,0.3971,51674,1,0,1,3,8.29948,3,2.76649,4.7222e-07,51.2813,0.3971,,OK
28257,coin,PI+SIDIS,Cu,-5.343,2.978,CTime.ePiCoinTime_ROC2,657486,46926,51.2748,0.390961,46926,1,0,1,3,29.0225,3,9.67417,4.27781e-08,51.2748,0.390961,,OK
28258,coin,PI+SIDIS,Cu,-5.343,2.978,CTime.ePiCoinTime_ROC2,614004,44205,51.2747,0.399795,44205,1,0,1,3,29.4834,3,9.8278,4.0252e-06,51.2747,0.399795,,OK
28260,coin,PI+SIDIS,LH2,-5.343,2.978,CTime.ePiCoinTime_ROC2,541391,52614,51.2757,0.376591,52614,1,0,1,3,54.694,3,18.2313,3.37285e-07,51.2757,0.376591,,OK
28261,coin,PI+SIDIS,LH2,-5.343,2.978,CTime.ePiCoinTime_ROC2,517546,50208,51.2935,0.378133,50208,1,0,1,3,88.4575,3,29.4858,5.01353e-07,51.2935,0.378133,,OK
28262,coin,PI+SIDIS,LH2,-5.343,2.978,CTime.ePiCoinTime_ROC2,597969,58595,51.3401,0.355295,58595,1,0,1,3,135.378,3,45.1259,1.98686e-06,51.3401,0.355295,,OK
28263,coin,PI+SIDIS,LH2,-5.343,2.978,CTime.ePiCoinTime_ROC2,651640,63468,51.3249,0.363209,63468,1,0,1,3,68.5809,3,22.8603,2.34257e-06,51.3249,0.363209,,OK
28264,coin,PI+SIDIS,LH2,-5.343,2.978,CTime.ePiCoinTime_ROC2,791228,59388,51.2899,0.423546,59388,1,0,1,3,7.50719,3,2.5024,1.63323e-06,51.2899,0.423546,,OK
28267,coin,PI+SIDIS,LD2,-5.343,2.978,CTime.ePiCoinTime_ROC2,2177541,199446,51.3104,0.429127,199446,1,0,1,3,9.33015,3,3.11005,3.00763e-08,51.3104,0.429127,,OK
28268,coin,PI-SIDIS,LH2,-5.343,-5.154,CTime.ePiCoinTime_ROC2,83565,3941,51.2893,0.404674,3941,1,0,1,3,0.849337,3,0.283112,5.86077e-07,51.2893,0.404674,,OK
28269,coin,PI-SIDIS,Dummy,-5.343,-5.154,CTime.ePiCoinTime_ROC2,16047,617,51.3465,0.415945,617,1,0,1,3,3.26342,3,1.08781,6.55837e-07,51.3465,0.415945,,OK
28270,coin,PI-SIDIS,LD2,-5.343,-5.154,CTime.ePiCoinTime_ROC2,193594,14860,51.2967,0.406564,14860,1,0,1,3,8.48778,3,2.82926,3.78467e-06,51.2967,0.406564,,OK
28280,coin,PI-SIDIS,Dummy,-5.343,-3.837,CTime.ePiCoinTime_ROC2,20350,1383,51.3844,0.421803,1383,1,0,1,3,0.952033,3,0.317344,5.31249e-06,51.3844,0.421803,,OK
28281,coin,PI-SIDIS,Dummy,-5.343,-3.837,CTime.ePiCoinTime_ROC2,30737,2473,51.2924,0.343665,2473,1,0,1,3,14.5105,3,4.83684,1.05444e-06,51.2924,0.343665,,OK
28282,coin,PI-SIDIS,Dummy,-5.343,-3.837,CTime.ePiCoinTime_ROC2,33202,2963,51.2948,0.347276,2963,1,0,1,3,7.76331,3,2.58777,1.29103e-07,51.2948,0.347276,,OK
28283,coin,PI-SIDIS,Dummy,-5.343,-3.837,CTime.ePiCoinTime_ROC2,16359,966,51.3156,0.423389,966,1,0,1,3,2.54936,3,0.849787,2.31465e-06,51.3156,0.423389,,OK
28285,coin,PI-SIDIS,Dummy,-5.343,-3.837,CTime.ePiCoinTime_ROC2,31933,2692,51.322,0.390088,2692,1,0,1,3,1.67161,3,0.557205,3.14778e-07,51.322,0.390088,,OK
28286,coin,PI-SIDIS,Dummy,-5.343,-3.837,CTime.ePiCoinTime_ROC2,23835,1956,51.3401,0.463243,1956,1,0,1,3,2.03814,3,0.679382,9.3752e-07,51.3401,0.463243,,OK
28287,coin,PI-SIDIS,LH2,-5.343,-3.837,CTime.ePiCoinTime_ROC2,123564,16514,51.3326,0.454843,16514,1,0,1,3,14.9965,3,4.99885,4.84268e-06,51.3326,0.454843,,OK
28288,coin,PI-SIDIS,LH2,-5.343,-3.837,CTime.ePiCoinTime_ROC2,109496,14147,51.3356,0.397183,14147,1,0,1,3,2.94372,3,0.981241,3.2976e-07,51.3356,0.397183,,OK
28289,coin,PI-SIDIS,LH2,-5.343,-3.837,CTime.ePiCoinTime_ROC2,146258,19632,51.3294,0.434453,19632,1,0,1,3,12.0844,3,4.02813,1.16526e-05,51.3294,0.434453,,OK
28290,coin,PI-SIDIS,LH2,-5.343,-3.837,CTime.ePiCoinTime_ROC2,70564,9185,51.3256,0.448153,9185,1,0,1,3,12.4417,3,4.14725,1.57526e-06,51.3256,0.448153,,OK
28291,coin,PI-SIDIS,LH2,-5.343,-3.837,CTime.ePiCoinTime_ROC2,153688,15857,51.2942,0.339688,15857,1,0,1,3,70.6666,3,23.5555,3.32656e-06,51.2942,0.339688,,OK
28292,coin,PI-SIDIS,LH2,-5.343,-3.837,CTime.ePiCoinTime_ROC2,132308,17149,51.3139,0.363116,17149,1,0,1,3,22.2875,3,7.42918,5.43736e-06,51.3139,0.363116,,OK
28293,coin,PI-SIDIS,LH2,-5.343,-3.837,CTime.ePiCoinTime_ROC2,127214,16978,51.2887,0.339996,16978,1,0,1,3,74.5005,3,24.8335,3.48135e-07,51.2887,0.339996,,OK
28294,coin,PI-SIDIS,LH2,-5.343,-3.837,CTime.ePiCoinTime_ROC2,62966,8417,51.2908,0.345988,8417,1,0,1,3,75.531,3,25.177,1.47075e-08,51.2908,0.345988,,OK
28295,coin,PI-SIDIS,LH2,-5.343,-3.837,CTime.ePiCoinTime_ROC2,219345,30793,51.2887,0.340131,30793,1,0,1,3,127.81,3,42.6032,2.54308e-08,51.2887,0.340131,,OK
28296,coin,PI-SIDIS,LH2,-5.343,-3.837,CTime.ePiCoinTime_ROC2,94861,12957,51.2903,0.344041,12957,1,0,1,3,47.9696,3,15.9899,6.52954e-07,51.2903,0.344041,,OK
28298,coin,PI-SIDIS,LH2,-5.343,-3.837,CTime.ePiCoinTime_ROC2,216222,30629,51.3057,0.339726,30629,1,0,1,3,125.955,3,41.9848,1.08137e-05,51.3057,0.339726,,OK
28299,coin,PI-SIDIS,LH2,-5.343,-3.837,CTime.ePiCoinTime_ROC2,216864,30272,51.3303,0.333388,30272,1,0,1,3,202.668,3,67.556,3.71036e-07,51.3303,0.333388,,OK
28300,coin,PI-SIDIS,Dummy,-5.343,-3.837,CTime.ePiCoinTime_ROC2,38524,3775,51.2929,0.33063,3775,1,0,1,3,31.0146,3,10.3382,3.4624e-07,51.2929,0.33063,,OK
28301,coin,PI-SIDIS,Dummy,-5.343,-3.837,CTime.ePiCoinTime_ROC2,39750,3962,51.2798,0.347885,3962,1,0,1,3,18.0288,3,6.00959,9.01978e-07,51.2798,0.347885,,OK
28302,coin,PI-SIDIS,Dummy,-5.343,-3.837,CTime.ePiCoinTime_ROC2,40180,3987,51.2834,0.339208,3987,1,0,1,3,26.3684,3,8.78946,7.14969e-06,51.2834,0.339208,,OK
28303,coin,PI-SIDIS,Dummy,-5.343,-3.837,CTime.ePiCoinTime_ROC2,49314,4904,51.3404,0.334982,4904,1,0,1,3,31.437,3,10.479,4.30719e-07,51.3404,0.334982,,OK
28304,coin,PI-SIDIS,LH2,-5.343,-3.837,CTime.ePiCoinTime_ROC2,200959,28342,51.3058,0.357818,28342,1,0,1,3,80.0137,3,26.6712,9.32086e-08,51.3058,0.357818,,OK
28305,coin,PI-SIDIS,LH2,-5.343,-3.837,CTime.ePiCoinTime_ROC2,216525,30412,51.2783,0.355433,30412,1,0,1,3,72.3697,3,24.1232,6.91458e-08,51.2783,0.355433,,OK
28306,coin,PI-SIDIS,LH2,-5.343,-3.837,CTime.ePiCoinTime_ROC2,343151,50202,51.2655,0.355246,50202,1,0,1,3,69.9491,3,23.3164,5.32241e-06,51.2655,0.355246,,OK
28307,coin,PI-SIDIS,LH2,-5.343,-3.837,CTime.ePiCoinTime_ROC2,241613,34614,51.2772,0.355968,34614,1,0,1,3,46.2059,3,15.402,6.17066e-06,51.2772,0.355968,,OK
28308,coin,PI-SIDIS,LH2,-5.343,-3.837,CTime.ePiCoinTime_ROC2,351059,50968,51.2745,0.356418,50968,1,0,1,3,118.921,3,39.6404,7.80634e-08,51.2745,0.356418,,OK
28309,coin,PI-SIDIS,LH2,-5.343,-3.837,CTime.ePiCoinTime_ROC2,296983,42708,51.2756,0.348791,42708,1,0,1,3,68.3338,3,22.7779,1.27082e-05,51.2756,0.348791,,OK
28310,coin,PI-SIDIS,Dummy,-5.343,-3.837,CTime.ePiCoinTime_ROC2,50111,5375,51.309,0.344767,5375,1,0,1,3,34.9165,3,11.6388,9.22941e-06,51.309,0.344767,,OK
28311,coin,PI-SIDIS,Dummy,-5.343,-3.837,CTime.ePiCoinTime_ROC2,50706,5304,51.3337,0.35844,5304,1,0,1,3,28.933,3,9.64432,9.00402e-06,51.3337,0.35844,,OK
28312,coin,PI-SIDIS,Dummy,-5.343,-3.837,CTime.ePiCoinTime_ROC2,48369,5047,51.3088,0.346256,5047,1,0,1,3,23.6831,3,7.89437,4.89302e-08,51.3088,0.346256,,OK
28313,coin,PI-SIDIS,Dummy,-5.343,-3.837,CTime.ePiCoinTime_ROC2,61547,6392,51.338,0.352543,6392,1,0,1,3,24.4911,3,8.16371,3.50216e-07,51.338,0.352543,,OK
28314,coin,PI-SIDIS,LH2,-5.343,-3.837,CTime.ePiCoinTime_ROC2,85045,11944,51.3141,0.365783,11944,1,0,1,3,16.9155,3,5.63849,3.2992e-07,51.3141,0.365783,,OK
28315,coin,PI-SIDIS,LH2,-5.343,-3.837,CTime.ePiCoinTime_ROC2,282140,40791,51.3111,0.3508,40791,1,0,1,3,76.159,3,25.3863,1.73786e-06,51.3111,0.3508,,OK
28317,coin,PI-SIDIS,LH2,-5.343,-3.837,CTime.ePiCoinTime_ROC2,300699,43623,51.3267,0.32613,43623,1,0,1,3,135.923,3,45.3076,2.26659e-08,51.3267,0.32613,,OK
28318,coin,PI-SIDIS,LH2,-5.343,-3.837,CTime.ePiCoinTime_ROC2,356675,52420,51.3145,0.33392,52420,1,0,1,3,141.01,3,47.0033,2.64809e-07,51.3145,0.33392,,OK
28319,coin,PI-SIDIS,LH2,-5.343,-2.978,CTime.ePiCoinTime_ROC2,632213,99969,51.29,0.350544,99969,1,0,1,3,69.4287,3,23.1429,1.04459e-06,51.29,0.350544,,OK
28321,coin,PI-SIDIS,LH2,-5.343,-2.978,CTime.ePiCoinTime_ROC2,493060,77686,51.2852,0.357201,77686,1,0,1,3,63.9563,3,21.3188,9.58862e-07,51.2852,0.357201,,OK
28322,coin,PI-SIDIS,LH2,-5.343,-2.978,CTime.ePiCoinTime_ROC2,706912,112718,51.2836,0.360377,112718,1,0,1,3,94.3555,3,31.4518,7.29043e-07,51.2836,0.360377,,OK
28323,coin,PI-SIDIS,LH2,-5.343,-2.978,CTime.ePiCoinTime_ROC2,676901,107337,51.2875,0.354428,107337,1,0,1,3,137.573,3,45.8576,1.10079e-08,51.2875,0.354428,,OK
28324,coin,PI-SIDIS,Dummy,-5.343,-2.978,CTime.ePiCoinTime_ROC2,73391,8742,51.3212,0.347415,8742,1,0,1,3,27.1425,3,9.0475,6.45399e-07,51.3212,0.347415,,OK
28325,coin,PI-SIDIS,Dummy,-5.343,-2.978,CTime.ePiCoinTime_ROC2,80242,10132,51.3026,0.343688,10132,1,0,1,3,21.7625,3,7.25415,5.74644e-08,51.3026,0.343688,,OK
28326,coin,PI-SIDIS,Dummy,-5.343,-2.978,CTime.ePiCoinTime_ROC2,76060,9136,51.3007,0.321794,9136,1,0,1,3,15.9502,3,5.31673,6.33247e-08,51.3007,0.321794,,OK
28327,coin,PI-SIDIS,Dummy,-5.343,-2.978,CTime.ePiCoinTime_ROC2,81531,10175,51.3028,0.341282,10175,1,0,1,3,25.5425,3,8.51415,6.93211e-06,51.3028,0.341282,,OK
28328,coin,PI-SIDIS,LD2,-5.343,-2.978,CTime.ePiCoinTime_ROC2,1545383,243533,51.2454,0.361099,243533,1,0,1,3,174.87,3,58.29,4.9526e-06,51.2454,0.361099,,OK
28330,coin,PI-SIDIS,LD2,-5.343,-2.978,CTime.ePiCoinTime_ROC2,233612,36140,51.2473,0.3567,36140,1,0,1,3,23.9214,3,7.97379,3.00391e-09,51.2473,0.3567,,OK
28331,coin,PI-SIDIS,LD2,-5.343,-2.978,CTime.ePiCoinTime_ROC2,1469118,232068,51.2448,0.357999,232068,1,0,1,3,212.553,3,70.8511,8.64181e-07,51.2448,0.357999,,OK
28332,coin,PI-SIDIS,LD2,-5.343,-2.978,CTime.ePiCoinTime_ROC2,1384691,219484,51.2322,0.359184,219484,1,0,1,3,155.162,3,51.7208,1.54616e-05,51.2322,0.359184,,OK
28333,coin,PI-SIDIS,LD2,-5.343,-2.978,CTime.ePiCoinTime_ROC2,819754,129433,51.2275,0.360051,129433,1,0,1,3,101.486,3,33.8287,1.33221e-07,51.2275,0.360051,,OK
28334,coin,PI-SIDIS,LH2,-5.343,-2.978,CTime.ePiCoinTime_ROC2,709559,111978,51.2489,0.353353,111978,1,0,1,3,106.887,3,35.6289,3.25281e-06,51.2489,0.353353,,OK
28335,coin,PI-SIDIS,LH2,-5.343,-2.978,CTime.ePiCoinTime_ROC2,745719,117410,51.2525,0.356544,117410,1,0,1,3,146.232,3,48.7441,1.06197e-07,51.2525,0.356544,,OK
28336,coin,PI-SIDIS,LH2,-5.343,-2.978,CTime.ePiCoinTime_ROC2,609392,97535,51.2422,0.353841,97535,1,0,1,3,123.59,3,41.1967,1.18115e-05,51.2422,0.353841,,OK
28337,coin,PI-SIDIS,LH2,-5.343,-2.978,CTime.ePiCoinTime_ROC2,417244,62033,51.2638,0.357612,62033,1,0,1,3,98.404,3,32.8013,6.90253e-06,51.2638,0.357612,,OK
28338,coin,PI-SIDIS,LH2,-5.343,-2.978,CTime.ePiCoinTime_ROC2,437646,64793,51.2603,0.354723,64793,1,0,1,3,82.3433,3,27.4478,2.56992e-08,51.2603,0.354723,,OK
28339,coin,PI-SIDIS,LH2,-5.343,-2.978,CTime.ePiCoinTime_ROC2,419123,62736,51.2645,0.35078,62736,1,0,1,3,102.388,3,34.1293,2.77734e-06,51.2645,0.35078,,OK
28340,coin,PI-SIDIS,LH2,-5.343,-2.978,CTime.ePiCoinTime_ROC2,471483,70383,51.2633,0.353482,70383,1,0,1,3,91.3896,3,30.4632,1.98256e-07,51.2633,0.353482,,OK
28341,coin,PI-SIDIS,LH2,-5.343,-2.978,CTime.ePiCoinTime_ROC2,598472,66364,51.2603,0.355986,66364,1,0,1,3,101.772,3,33.9239,7.66025e-06,51.2603,0.355986,,OK
28345,coin,PI-SIDIS,Dummy,-5.343,-2.978,CTime.ePiCoinTime_ROC2,52196,5508,51.3216,0.334015,5508,1,0,1,3,28.6506,3,9.5502,5.8598e-07,51.3216,0.334015,,OK
28346,coin,PI-SIDIS,Dummy,-5.343,-2.978,CTime.ePiCoinTime_ROC2,60248,6518,51.2999,0.340413,6518,1,0,1,3,34.4891,3,11.4964,1.15502e-07,51.2999,0.340413,,OK
28347,coin,PI-SIDIS,Dummy,-5.343,-2.978,CTime.ePiCoinTime_ROC2,58630,6485,51.2925,0.346484,6485,1,0,1,3,5.67758,3,1.89253,2.07313e-07,51.2925,0.346484,,OK
28348,coin,PI-SIDIS,Dummy,-5.343,-2.978,CTime.ePiCoinTime_ROC2,59273,6582,51.2781,0.349287,6582,1,0,1,3,30.9526,3,10.3175,9.58474e-06,51.2781,0.349287,,OK
28351,coin,PI-SIDIS,LD2,-5.343,-2.978,CTime.ePiCoinTime_ROC2,1694536,255169,51.2797,0.352,255169,1,0,1,3,332.31,3,110.77,2.27573e-08,51.2797,0.352,,OK
28352,coin,PI-SIDIS,LD2,-5.343,-2.978,CTime.ePiCoinTime_ROC2,1925322,288936,51.2534,0.361151,288936,1,0,1,3,310,3,103.333,2.60373e-06,51.2534,0.361151,,OK
28353,coin,PI-SIDIS,LD2,-5.343,-2.978,CTime.ePiCoinTime_ROC2,1412449,206934,51.2477,0.362862,206934,1,0,1,3,197,3,65.6667,2.1057e-07,51.2477,0.362862,,OK
28356,coin,PI-SIDIS,LH2,-5.343,-2.978,CTime.ePiCoinTime_ROC2,447903,66250,51.2717,0.352338,66250,1,0,1,3,100.479,3,33.4929,2.01052e-06,51.2717,0.352338,,OK
28357,coin,PI-SIDIS,LH2,-5.343,-2.978,CTime.ePiCoinTime_ROC2,268118,36581,51.3001,0.320891,36581,1,0,1,3,101.453,3,33.8176,2.42679e-07,51.3001,0.320891,,OK
28358,coin,PI-SIDIS,LH2,-5.343,-2.978,CTime.ePiCoinTime_ROC2,249558,34731,51.3011,0.344736,34731,1,0,1,3,120.894,3,40.2979,5.74795e-08,51.3011,0.344736,,OK
28359,coin,PI-SIDIS,LH2,-5.343,-2.978,CTime.ePiCoinTime_ROC2,265780,37299,51.2983,0.321896,37299,1,0,1,3,111.176,3,37.0587,6.95683e-07,51.2983,0.321896,,OK
28360,coin,PI-SIDIS,LH2,-5.343,-2.978,CTime.ePiCoinTime_ROC2,252235,35132,51.3018,0.341485,35132,1,0,1,3,88.7826,3,29.5942,8.76542e-07,51.3018,0.341485,,OK
28361,coin,PI-SIDIS,Dummy,-5.343,-2.978,CTime.ePiCoinTime_ROC2,39449,3503,51.3078,0.32063,3503,1,0,1,3,23.6715,3,7.89049,1.90354e-07,51.3078,0.32063,,OK
28362,coin,PI-SIDIS,Dummy,-5.343,-2.978,CTime.ePiCoinTime_ROC2,42534,3933,51.3095,0.302035,3933,1,0,1,3,40.9322,3,13.6441,6.09611e-08,51.3095,0.302035,,OK
28363,coin,PI-SIDIS,Dummy,-5.343,-2.978,CTime.ePiCoinTime_ROC2,44661,4337,51.3212,0.31126,4337,1,0,1,3,28.6735,3,9.55784,1.0914e-08,51.3212,0.31126,,OK
28364,coin,PI-SIDIS,Dummy,-5.343,-2.978,CTime.ePiCoinTime_ROC2,32324,3264,51.3241,0.313019,3264,1,0,1,3,46.5996,3,15.5332,3.30299e-07,51.3241,0.313019,,OK
28365,coin,PI-SIDIS,Dummy,-5.343,-2.978,CTime.ePiCoinTime_ROC2,22390,2139,51.3228,0.319022,2139,1,0,1,3,26.0486,3,8.68288,2.24602e-08,51.3228,0.319022,,OK
28373,coin,PI-SIDIS,LD2,-5.343,-2.978,CTime.ePiCoinTime_ROC2,1073531,152485,51.2803,0.34237,152485,1,0,1,3,362.808,3,120.936,5.02072e-07,51.2803,0.34237,,OK
28374,coin,PI-SIDIS,LD2,-5.343,-2.978,CTime.ePiCoinTime_ROC2,906332,128309,51.2801,0.341931,128309,1,0,1,3,276.553,3,92.1842,1.68689e-07,51.2801,0.341931,,OK
28375,coin,PI-SIDIS,LD2,-5.343,-2.978,CTime.ePiCoinTime_ROC2,204702,28837,51.2736,0.334471,28837,1,0,1,3,55.5469,3,18.5156,2.88064e-07,51.2736,0.334471,,OK
28376,coin,PI-SIDIS,LD2,-5.343,-2.978,CTime.ePiCoinTime_ROC2,761194,108546,51.2679,0.342771,108546,1,0,1,3,241.736,3,80.5787,1.02951e-07,51.2679,0.342771,,OK
28377,coin,PI-SIDIS,LH2,-5.343,-2.978,CTime.ePiCoinTime_ROC2,250740,35144,51.2831,0.337412,35144,1,0,1,3,92.213,3,30.7377,9.0679e-08,51.2831,0.337412,,OK
28378,coin,PI-SIDIS,LH2,-5.343,-2.978,CTime.ePiCoinTime_ROC2,305411,43239,51.2798,0.339359,43239,1,0,1,3,94.0835,3,31.3612,4.44627e-06,51.2798,0.339359,,OK
28379,coin,PI+SIDIS,LD2,-5.343,5.154,CTime.ePiCoinTime_ROC2,399193,41276,51.2552,0.333862,41276,1,0,1,3,492.124,3,164.041,3.60097e-06,51.2552,0.333862,,OK
28417,coin,PI+SIDIS,LD2,-5.343,5.051,CTime.ePiCoinTime_ROC2,1401954,125301,51.2389,0.359612,125301,1,0,1,3,489.657,3,163.219,1.24916e-07,51.2389,0.359612,,OK
28418,coin,PI+SIDIS,LD2,-5.343,5.051,CTime.ePiCoinTime_ROC2,1409114,126451,51.241,0.357041,126451,1,0,1,3,568.382,3,189.461,3.55146e-08,51.241,0.357041,,OK
28419,coin,PI-SIDIS,LD2,-5.343,-5.051,CTime.ePiCoinTime_ROC2,1232162,88795,51.2336,0.359435,88795,1,0,1,3,284.08,3,94.6934,1.35198e-06,51.2336,0.359435,,OK
28420,coin,PI-SIDIS,LD2,-5.343,-5.051,CTime.ePiCoinTime_ROC2,267448,19120,51.2302,0.357928,19120,1,0,1,3,100.08,3,33.3601,4.92664e-06,51.2302,0.357928,,OK
28421,coin,PI-SIDIS,Dummy,-5.343,-5.051,CTime.ePiCoinTime_ROC2,52489,4694,51.2346,0.346967,4694,1,0,1,3,35.3008,3,11.7669,3.49661e-06,51.2346,0.346967,,OK
28422,coin,PI-SIDIS,Dummy,-5.343,-5.051,CTime.ePiCoinTime_ROC2,52247,4341,51.2279,0.359056,4341,1,0,1,3,37.8778,3,12.6259,9.68141e-07,51.2279,0.359056,,OK
28423,coin,PI-SIDIS,LH2,-5.343,-5.051,CTime.ePiCoinTime_ROC2,323362,21535,51.2318,0.356539,21535,1,0,1,3,88.513,3,29.5043,1.1496e-06,51.2318,0.356539,,OK
28424,coin,PI-SIDIS,LH2,-5.343,-5.051,CTime.ePiCoinTime_ROC2,305609,20346,51.2639,0.357924,20346,1,0,1,3,58.0271,3,19.3424,2.43739e-07,51.2639,0.357924,,OK
28425,coin,PI+SIDIS,LH2,-3.642,3.632,CTime.ePiCoinTime_ROC2,1261941,118528,51.2337,0.371324,118528,1,0,1,3,194.635,3,64.8783,5.76822e-06,51.2337,0.371324,,OK
28426,coin,PI+SIDIS,LH2,-3.642,3.632,CTime.ePiCoinTime_ROC2,1211917,114580,51.2334,0.36805,114580,1,0,1,3,231.227,3,77.0756,5.80402e-07,51.2334,0.36805,,OK
28429,coin,PI+SIDIS,Dummy,-3.642,3.632,CTime.ePiCoinTime_ROC2,121839,10508,51.2761,0.359965,10508,1,0,1,3,26.294,3,8.76465,9.58548e-07,51.2761,0.359965,,OK
28431,coin,PI+SIDIS,Dummy,-3.642,3.632,CTime.ePiCoinTime_ROC2,122786,10640,51.2733,0.35829,10640,1,0,1,3,33.8228,3,11.2743,5.34445e-06,51.2733,0.35829,,OK
28432,coin,PI+SIDIS,Dummy,-3.642,3.632,CTime.ePiCoinTime_ROC2,65864,5782,51.2817,0.354701,5782,1,0,1,3,25.6076,3,8.53588,6.76003e-08,51.2817,0.354701,,OK
28440,coin,PI+SIDIS,LD2,-3.642,3.632,CTime.ePiCoinTime_ROC2,1766360,140724,51.2718,0.379858,140724,1,0,1,3,149.332,3,49.7774,2.39766e-07,51.2718,0.379858,,OK
28441,coin,PI+SIDIS,LD2,-3.642,3.632,CTime.ePiCoinTime_ROC2,2219294,176682,51.2636,0.371342,176682,1,0,1,3,222.847,3,74.2824,2.61544e-06,51.2636,0.371342,,OK
28444,coin,PI+SIDIS,LD2,-3.642,3.632,CTime.ePiCoinTime_ROC2,435977,19674,51.3051,0.325976,19674,1,0,1,3,74.4791,3,24.8264,7.7136e-06,51.3051,0.325976,,OK
28445,coin,PI+SIDIS,LD2,-3.642,3.632,CTime.ePiCoinTime_ROC2,601771,26927,51.3048,0.322145,26927,1,0,1,3,138.248,3,46.0826,8.89564e-08,51.3048,0.322145,,OK
28446,coin,PI+SIDIS,LD2,-3.642,3.632,CTime.ePiCoinTime_ROC2,631931,28404,51.3079,0.356821,28404,1,0,1,3,72.6386,3,24.2129,1.19931e-06,51.3079,0.356821,,OK
28447,coin,PI+SIDIS,LD2,-3.642,3.632,CTime.ePiCoinTime_ROC2,584213,26216,51.3044,0.363159,26216,1,0,1,3,71.3695,3,23.7898,5.39745e-06,51.3044,0.363159,,OK
28448,coin,PI+SIDIS,LD2,-3.642,3.632,CTime.ePiCoinTime_ROC2,617100,27426,51.2981,0.358932,27426,1,0,1,3,66.0197,3,22.0066,1.17172e-10,51.2981,0.358932,,OK
28450,coin,PI+SIDIS,Dummy,-3.642,3.632,CTime.ePiCoinTime_ROC2,40143,1733,51.2958,0.315551,1733,1,0,1,3,12.1794,3,4.05979,1.16166e-06,51.2958,0.315551,,OK
28451,coin,PI+SIDIS,Dummy,-3.642,3.632,CTime.ePiCoinTime_ROC2,63925,2717,51.3125,0.348576,2717,1,0,1,3,14.1547,3,4.71824,9.1598e-06,51.3125,0.348576,,OK
28452,coin,PI+SIDIS,Dummy,-3.642,3.632,CTime.ePiCoinTime_ROC2,55977,2424,51.2799,0.314245,2424,1,0,1,3,21.0312,3,7.01041,1.05331e-06,51.2799,0.314245,,OK
28453,coin,PI+SIDIS,LH2,-3.642,3.632,CTime.ePiCoinTime_ROC2,151192,8778,51.2844,0.355599,8778,1,0,1,3,32.7258,3,10.9086,1.16872e-06,51.2844,0.355599,,OK
28454,coin,PI+SIDIS,LH2,-3.642,3.632,CTime.ePiCoinTime_ROC2,171145,9987,51.2671,0.313258,9987,1,0,1,3,22.5424,3,7.51413,1.06695e-06,51.2671,0.313258,,OK
28455,coin,PI+SIDIS,LH2,-3.642,3.632,CTime.ePiCoinTime_ROC2,184209,10762,51.2768,0.360531,10762,1,0,1,3,50.263,3,16.7543,6.70568e-11,51.2768,0.360531,,OK
28456,coin,PI+SIDIS,LH2,-3.642,3.632,CTime.ePiCoinTime_ROC2,156232,9068,51.2713,0.366081,9068,1,0,1,3,28.5334,3,9.51114,4.72516e-07,51.2713,0.366081,,OK
28457,coin,PI+SIDIS,LH2,-3.642,3.632,CTime.ePiCoinTime_ROC2,177563,10415,51.2715,0.356762,10415,1,0,1,3,52.2652,3,17.4217,2.94108e-08,51.2715,0.356762,,OK
28458,coin,PI+SIDIS,LH2,-3.642,3.632,CTime.ePiCoinTime_ROC2,180074,10662,51.2651,0.353346,10662,1,0,1,3,69.262,3,23.0873,1.93701e-07,51.2651,0.353346,,OK
28459,coin,PI+SIDIS,C,-5.343,2.978,CTime.ePiCoinTime_ROC2,792911,84266,51.2299,0.363169,84266,1,0,1,3,118.656,3,39.5519,3.67742e-06,51.2299,0.363169,,OK
28460,coin,PI+SIDIS,C,-5.343,2.978,CTime.ePiCoinTime_ROC2,882236,83144,51.2353,0.364115,83144,1,0,1,3,162.053,3,54.0177,9.4047e-07,51.2353,0.364115,,OK
28461,coin,PI+SIDIS,C,-5.343,2.978,CTime.ePiCoinTime_ROC2,834515,78705,51.2341,0.361785,78705,1,0,1,3,144.131,3,48.0437,1.21901e-05,51.2341,0.361785,,OK
28462,coin,PI+SIDIS,C,-5.343,2.978,CTime.ePiCoinTime_ROC2,905114,85064,51.2315,0.36766,85064,1,0,1,3,104.881,3,34.9603,6.47734e-06,51.2315,0.36766,,OK
28463,coin,PI+SIDIS,C,-5.343,2.978,CTime.ePiCoinTime_ROC2,547016,45267,51.2973,0.351102,45267,1,0,1,3,127.811,3,42.6036,2.47052e-06,51.2973,0.351102,,OK
28464,coin,PI+SIDIS,C,-5.343,2.978,CTime.ePiCoinTime_ROC2,482431,39085,51.3,0.358115,39085,1,0,1,3,86.4487,3,28.8162,1.85208e-07,51.3,0.358115,,OK
28465,coin,PI+SIDIS,C,-5.343,2.978,CTime.ePiCoinTime_ROC2,717597,58833,51.2612,0.344962,58833,1,0,1,3,181.978,3,60.6593,2.96526e-06,51.2612,0.344962,,OK
28466,coin,PI+SIDIS,C,-5.343,2.978,CTime.ePiCoinTime_ROC2,368276,30053,51.239,0.345715,30053,1,0,1,3,115.566,3,38.522,3.00251e-06,51.239,0.345715,,OK
28467,coin,PI+SIDIS,C,-5.343,2.978,CTime.ePiCoinTime_ROC2,461840,37939,51.2437,0.351315,37939,1,0,1,3,146.242,3,48.7473,3.3879e-07,51.2437,0.351315,,OK
28468,coin,PI+SIDIS,C,-5.343,2.978,CTime.ePiCoinTime_ROC2,822844,76146,51.2912,0.350291,76146,1,0,1,3,131.103,3,43.7011,2.55407e-06,51.2912,0.350291,,OK
28469,coin,PI+SIDIS,C,-5.343,2.978,CTime.ePiCoinTime_ROC2,792388,73612,51.2727,0.353797,73612,1,0,1,3,169.169,3,56.3897,5.46246e-08,51.2727,0.353797,,OK
28470,coin,PI+SIDIS,C,-5.343,2.978,CTime.ePiCoinTime_ROC2,903020,95509,51.2455,0.363013,95509,1,0,1,3,136.629,3,45.5429,6.08439e-07,51.2455,0.363013,,OK
28471,coin,PI+SIDIS,C,-5.343,2.978,CTime.ePiCoinTime_ROC2,889512,94123,51.2429,0.36094,94123,1,0,1,3,175.281,3,58.427,1.39212e-07,51.2429,0.36094,,OK
