run,ebeam,target,hms_p,hms_th,shms_p,shms_th,run_type,x,Q2,z,thpq,BCM1_Q,BCM1_I,BCM2_Q,BCM2_I,BCM4A_Q,BCM4A_I,BCM4B_Q,BCM4B_I,BCM4C_Q,BCM4C_I,h_esing_Eff,h_hadron_Eff,p_esing_Eff,p_hadron_Eff,ps1,ps2,ps3,ps4,ps5,ps6,comp_livetime,electr_deadtime,coin,randoms,ransubcoin,normyield,normyield_err,ctmean,ctsigma,boil_corr,h_EL_CLEAN,p_EL_CLEAN
27106,6.449,LH2,1.67,47.91,-5.52,13.01,HEEP,-999,-999,-999,-999,38.488,18.024,38.361,17.965,33.843,15.849,217.02,101.63,52.719,24.689,0.0,0.9997,0.9985,0.7674,-1.0,-1.0,-1.0,-1.0,1.0,-1.0,0.99969,-999,-999,-999,-999,-999,-999,-999,-999,1.0,-999,20.14
27107,6.449,Dummy,1.67,47.91,-5.52,13.01,HEEP,-999,-999,-999,-999,66.466,36.708,66.147,36.532,58.403,32.255,258.74,142.9,90.913,50.21,0.9999,0.9996,0.9971,0.7405,-1.0,-1.0,-1.0,-1.0,1.0,-1.0,0.99998,-999,-999,-999,-999,-999,-999,-999,-999,1.0,-999,14.589
27108,6.449,Dummy,1.67,47.91,-5.52,13.01,HEE,-999,-999,-999,-999,-999,-999,-999,-999,-999,-999,-999,-999,-999,-999,-999,-999,-999,-999,-999,-999,-999,-999,-999,-999,-999,-999,-999,-999,-999,-999,-999,-999,-999,1.0,-999,-999
27109,6.449,LH2,1.67,47.91,-5.52,13.01,HEE,-999,-999,-999,-999,-999,-999,-999,-999,-999,-999,-999,-999,-999,-999,-999,-999,-999,-999,-999,-999,-999,-999,-999,-999,-999,-999,-999,-999,-999,-999,-999,-999,-999,1.0,-999,-999
27113,6.449,LH2,-1.165,31.278,-2.766,8.275,HMSDIS,0.22,2.2,0.5,2.0,27419.078,28.033,27283.873,27.895,23995.331,24.53,149002.97,152.3,37345.455,38.18,0.9996,0.9984,-999,-999,-1.0,-1.0,17.0,-1.0,-1.0,-1.0,0.99893,95.6526,-999,-999,-999,-999,-999,-999,-999,1.0,0.799,-999
27114,6.449,LH2,-1.165,31.278,-2.766,8.275,HMSDIS,0.22,2.2,0.5,2.0,21643.945,27.736,21543.523,27.607,18905.657,24.22,117685.3,150.8,29426.549,37.7,0.9766,0.9761,-999,-999,-1.0,-1.0,-1.0,1.0,-1.0,-1.0,0.99897,95.6492,-999,-999,-999,-999,-999,-999,-999,1.0,0.79,-999
27115,6.449,LH2,-1.165,31.278,-2.766,8.275,HMSDIS,0.22,2.2,0.5,2.0,16390.539,27.379,16317.804,27.257,14354.462,23.97,89033.557,148.7,22364.336,37.35,0.9998,0.9985,-999,-999,-1.0,-1.0,-1.0,1.0,-1.0,-1.0,0.99684,95.6494,-999,-999,-999,-999,-999,-999,-999,1.0,0.781,-999
27116,6.449,LH2,-1.165,31.278,-2.766,8.275,SHMSDIS,0.22,2.2,0.5,2.0,13604.86,26.547,13549.78,26.44,11956.49,23.331,73984.45,144.36,18633.13,36.359,-999,-999,0.9855,0.9793,-999,-999,-999,-999,-999,-999,-999,95.652,-999,-999,-999,-999,-999,-999,-999,1.0,-999,-999
27118,6.449,LH2,-1.165,31.278,-2.766,8.275,HMSDIS,0.22,2.2,0.5,2.0,24578.551,27.22,24497.881,27.13,21698.749,24.03,133317.89,147.6,33820.725,37.45,0.9996,0.9988,-999,-999,-1.0,-1.0,17.0,-1.0,-1.0,-1.0,0.99992,95.6532,-999,-999,-999,-999,-999,-999,-999,1.0,0.781,-999
27119,6.449,LH2,-1.165,31.278,-2.766,8.275,HMSDIS,0.22,2.2,0.5,2.0,27946.883,27.507,27837.348,27.399,24679.265,24.29,152121.93,149.7,38472.524,37.86,0.9998,0.9988,-999,-999,-1.0,-1.0,-1.0,1.0,-1.0,-1.0,0.99666,95.6639,-999,-999,-999,-999,-999,-999,-999,1.0,0.788,-999
27120,6.449,LH2,-1.165,31.278,-2.766,8.275,SHMSDIS,0.22,2.2,0.5,2.0,30250.5,27.206,30111.02,27.08,26730.54,24.04,164383.9,147.83,41658.68,37.466,-999,-999,0.9853,0.9782,-999,-999,-999,-999,-999,-999,-999,95.6539,-999,-999,-999,-999,-999,-999,-999,1.0,-999,-999
27121,6.449,LH2,-1.165,31.278,-2.766,8.275,SHMSDIS,0.22,2.2,0.5,2.0,25859.51,28.088,25740.55,27.959,22846.33,24.816,140248.8,152.33,35613.52,38.683,-999,-999,0.9883,0.955,-999,-999,-999,-999,-999,-999,-999,95.6214,-999,-999,-999,-999,-999,-999,-999,1.0,-999,-999
27122,6.449,LH2,-1.165,31.278,-2.766,8.275,PI-SIDIS,0.22,2.2,0.5,2.0,51.571,27.79,51.346,27.668,45.284,24.402,279.75,150.75,70.482,37.98,0.998,0.997,0.9844,0.9767,-1.0,-1.0,-1.0,-1.0,-1.0,1.0,0.99991,-999,1292.0,445.0,847.0,16.9874,0.730385,51.4063,0.432662,1.0,0.797,-999
27123,6.449,LH2,-1.165,31.278,-2.766,8.275,PI-SIDIS,0.22,2.2,0.5,2.0,47.752,27.387,47.57,27.283,41.859,24.007,259.82,149.01,65.202,37.395,0.9978,0.9967,0.9849,0.9763,-1.0,-1.0,-1.0,-1.0,-1.0,1.0,0.99992,-999,1128.0,408.154,719.846,15.5931,0.737578,51.3993,0.43904,1.0,0.786,-999
27124,6.449,LH2,-1.165,31.278,-2.766,8.275,PI-SIDIS,0.22,2.2,0.5,2.0,51.489,27.381,51.317,27.29,45.32,24.101,280.03,148.92,70.655,37.574,0.9979,0.9972,0.9841,0.9767,-1.0,-1.0,-1.0,-1.0,-1.0,1.0,0.99992,-999,1268.0,437.538,830.462,16.6669,0.724076,51.3947,0.443134,1.0,0.786,-999
27125,6.449,LH2,-1.165,31.278,-2.766,8.275,PI-SIDIS,0.22,2.2,0.5,2.0,43.855,27.663,43.66,27.54,38.67,24.393,238.03,150.14,60.299,38.036,0.9983,0.9971,0.9853,0.9759,-1.0,-1.0,-1.0,-1.0,-1.0,1.0,0.99993,-999,1107.0,386.692,720.308,16.9986,0.795658,51.4037,0.443728,1.0,0.794,-999
27126,6.449,LH2,-1.165,31.278,-2.766,8.275,PI-SIDIS,0.22,2.2,0.5,2.0,20.469,27.956,20.369,27.82,18.068,24.678,110.8,151.34,28.168,38.471,0.9983,0.9966,0.9831,0.9742,-1.0,-1.0,-1.0,-1.0,-1.0,1.0,0.9999,-999,506.0,176.462,329.538,16.6983,1.15502,51.3687,0.416803,1.0,-999,-999
27127,6.449,LH2,-1.165,31.278,-2.766,8.275,PI-SIDIS,0.22,2.2,0.5,2.0,73.935,27.717,73.613,27.596,65.085,24.399,401.93,150.67,101.33,37.987,0.998,0.9968,0.9834,0.9751,-1.0,-1.0,-1.0,-1.0,-1.0,1.0,0.9999,-999,1955.0,645.308,1309.69,18.3519,0.627378,51.3904,0.431992,1.0,0.796,-999
27128,6.449,LH2,-1.165,31.278,-2.766,8.275,PI-SIDIS,0.22,2.2,0.5,2.0,16.624,27.519,16.56,27.414,14.533,24.058,90.398,149.64,22.607,37.424,0.9982,0.9976,0.9838,0.9745,-1.0,-1.0,-1.0,-1.0,-1.0,1.0,0.99994,-999,435.0,145.154,289.846,18.062,1.31628,51.4217,0.481992,1.0,-999,-999
27129,6.449,LH2,-1.165,31.278,-2.766,8.275,PI-SIDIS,0.22,2.2,0.5,2.0,84.539,27.891,84.236,27.791,74.217,24.486,459.46,151.58,115.73,38.183,0.9978,0.9973,0.9834,0.9746,-1.0,-1.0,-1.0,-1.0,-1.0,1.0,0.99991,-999,2169.0,739.846,1429.15,17.5129,0.57814,51.4038,0.431815,1.0,0.801,-999
27130,6.449,LH2,-1.165,31.278,-2.766,8.275,PI-SIDIS,0.22,2.2,0.5,2.0,50.39,27.904,50.154,27.773,44.412,24.593,273.34,151.36,69.264,38.355,0.9979,0.9967,0.9838,0.9742,-1.0,-1.0,-1.0,-1.0,-1.0,1.0,0.99991,-999,1261.0,433.462,827.538,17.0367,0.740665,51.2717,0.412867,1.0,0.801,-999
27131,6.449,LH2,-1.165,31.278,-2.766,8.275,PI-SIDIS,0.22,2.2,0.5,2.0,52.776,28.031,52.533,27.902,46.516,24.706,286.11,151.96,72.497,38.506,0.998,0.9974,0.9823,0.9744,-1.0,-1.0,-1.0,-1.0,-1.0,1.0,0.99988,-999,1289.0,459.692,829.308,16.2355,0.71245,51.2678,0.425328,1.0,0.805,-999
27132,6.449,LH2,-1.165,31.278,-2.766,8.275,PI-SIDIS,0.22,2.2,0.5,2.0,7.83,28.075,7.795,27.952,6.87,24.635,42.485,152.34,10.694,38.346,0.9976,0.9973,0.9719,0.9614,-1.0,-1.0,-1.0,-1.0,1.0,-1.0,0.99533,-999,174.0,69.9231,104.077,13.9865,1.79986,51.2461,0.359734,1.0,-999,279.75
27133,6.449,LH2,-1.165,31.278,-2.766,8.275,PI-SIDIS,0.22,2.2,0.5,2.0,34.861,27.556,34.716,27.442,30.512,24.118,188.85,149.28,47.491,37.54,0.9998,0.999,0.9709,0.9619,-1.0,-1.0,-1.0,-1.0,1.0,-1.0,0.9954,-999,926.0,315.538,610.462,18.3691,0.927584,51.336,0.451181,1.0,0.792,-999
27134,6.449,LH2,-1.165,31.278,-2.766,8.275,HMSDIS,0.22,2.2,0.5,2.0,25263.442,27.636,25169.056,27.533,22159.356,24.24,137197.02,150.0,34536.556,37.78,0.9998,0.9989,-999,-999,-1.0,-1.0,-1.0,1.0,-1.0,-1.0,0.99662,95.6126,-999,-999,-999,-999,-999,-999,-999,1.0,0.796,-999
27135,6.449,Dummy,-1.165,31.278,-2.766,8.275,PI-SIDIS,0.22,2.2,0.5,2.0,81.438,41.304,81.167,41.166,71.899,36.466,298.95,151.62,112.16,56.886,0.999,0.9979,0.9859,0.9773,-1.0,-1.0,-1.0,-1.0,-1.0,1.0,1.0,-999,613.0,145.769,467.231,5.9109,0.316074,51.2692,0.408001,1.0,-999,-999
27136,6.449,Dummy,-1.165,31.278,-2.766,8.275,PI-SIDIS,0.22,2.2,0.5,2.0,80.818,41.327,80.462,41.145,71.247,36.432,296.33,151.53,110.97,56.75,0.9988,0.9981,0.9863,0.9765,-1.0,-1.0,-1.0,-1.0,-1.0,1.0,0.99997,-999,585.0,147.154,437.846,5.59338,0.311955,51.2703,0.449082,1.0,-999,-999
27137,6.449,Dummy,-1.165,31.278,-2.766,8.275,PI-SIDIS,0.22,2.2,0.5,2.0,79.215,41.355,78.858,41.169,69.384,36.223,290.33,151.57,107.98,56.374,0.9985,0.998,0.986,0.977,-1.0,-1.0,-1.0,-1.0,-1.0,1.0,0.99998,-999,613.0,143.154,469.846,6.12304,0.325543,51.3404,0.371945,1.0,-999,-999
27138,6.449,Dummy,-1.165,31.278,-2.766,8.275,HMSDIS,0.22,2.2,0.5,2.0,37057.18,40.718,36897.56,40.542,32450.888,35.65,136568.57,150.0,50556.741,55.55,0.9998,0.9989,-999,-999,-1.0,-1.0,-1.0,1.0,-1.0,-1.0,0.99983,97.4543,-999,-999,-999,-999,-999,-999,-999,1.0,0.412,-999
27139,6.449,LH2,-1.165,31.278,-2.766,8.275,PI-SIDIS,0.22,2.2,0.5,2.0,46.425,27.471,46.243,27.363,40.879,24.189,251.75,148.97,63.754,37.725,0.9982,0.997,0.9826,0.9747,-1.0,-1.0,-1.0,-1.0,-1.0,1.0,0.99992,-999,1096.0,395.846,700.154,15.6216,0.748837,51.2507,0.422838,1.0,0.791,-999
27140,6.449,LH2,-1.165,31.278,-2.766,8.275,PI-SIDIS,0.22,2.2,0.5,2.0,50.084,27.772,49.917,27.68,44.078,24.442,271.79,150.71,68.655,38.071,0.9979,0.9969,0.9831,0.9751,-1.0,-1.0,-1.0,-1.0,-1.0,1.0,0.99988,-999,1264.0,428.615,835.385,17.2648,0.744285,51.2414,0.403273,1.0,0.8,-999
27141,6.449,LH2,-1.165,31.278,-2.766,8.275,PI-SIDIS,0.22,2.2,0.5,2.0,50.787,27.737,50.577,27.623,44.411,24.255,275.19,150.29,69.144,37.763,0.9979,0.997,0.9834,0.975,-1.0,-1.0,-1.0,-1.0,-1.0,1.0,0.9999,-999,1277.0,444.154,832.846,16.9897,0.73867,51.3125,0.442923,1.0,0.798,-999
27142,6.449,LH2,-1.165,31.278,-2.766,8.275,PI-SIDIS,0.22,2.2,0.5,2.0,51.764,28.061,51.512,27.924,45.268,24.539,280.45,152.02,70.551,38.245,0.9982,0.9967,0.984,0.9734,-1.0,-1.0,-1.0,-1.0,-1.0,1.0,0.99989,-999,1252.0,460.385,791.615,15.8767,0.719623,51.2817,0.393068,1.0,0.807,-999
27143,6.449,LH2,-1.165,31.278,-2.766,8.275,PI-SIDIS,0.22,2.2,0.5,2.0,50.609,27.834,50.38,27.708,44.569,24.512,274.49,150.96,69.519,38.234,0.9978,0.9973,0.984,0.974,-1.0,-1.0,-1.0,-1.0,-1.0,1.0,0.99992,-999,1279.0,431.077,847.923,17.3842,0.742663,51.219,0.413083,1.0,0.8,-999
27144,6.449,LH2,-1.165,31.278,-2.766,8.275,PI-SIDIS,0.22,2.2,0.5,2.0,49.546,27.863,49.35,27.753,43.59,24.513,268.16,150.8,67.892,38.18,0.9979,0.9967,0.9831,0.9741,-1.0,-1.0,-1.0,-1.0,-1.0,1.0,0.99991,-999,1257.0,427.692,829.308,17.3543,0.75157,51.2274,0.384805,1.0,0.802,-999
27145,6.449,LH2,-1.165,31.278,-2.766,8.275,PI-SIDIS,0.22,2.2,0.5,2.0,45.027,27.783,44.873,27.688,39.447,24.34,243.74,150.39,61.407,37.889,0.9982,0.9966,0.9838,0.9726,-1.0,-1.0,-1.0,-1.0,-1.0,1.0,0.99992,-999,1187.0,391.231,795.769,18.3369,0.803897,51.3312,0.440456,1.0,0.8,-999
27146,6.449,LH2,-1.165,31.278,-2.766,8.275,PI-SIDIS,0.22,2.2,0.5,2.0,57.026,27.751,56.805,27.643,49.974,24.319,309.12,150.43,77.896,37.907,0.9978,0.997,0.9818,0.975,-1.0,-1.0,-1.0,-1.0,-1.0,1.0,0.99993,-999,1455.0,500.846,954.154,17.3322,0.702008,51.2595,0.403022,1.0,0.798,-999
27147,6.449,LH2,-1.165,31.278,-2.766,8.275,PI-SIDIS,0.22,2.2,0.5,2.0,51.043,28.111,50.797,27.976,44.99,24.777,276.01,152.0,70.17,38.645,0.9982,0.9969,0.9828,0.9753,-1.0,-1.0,-1.0,-1.0,-1.0,1.0,0.99993,-999,1284.0,447.385,836.615,16.9825,0.737059,51.2384,0.406447,1.0,0.81,-999
27148,6.449,LH2,-1.165,31.278,-2.766,8.275,PI-SIDIS,0.22,2.2,0.5,2.0,11.328,27.418,11.276,27.293,9.975,24.144,61.431,148.68,15.538,37.607,0.9983,0.9972,0.9821,0.9715,-1.0,-1.0,-1.0,-1.0,-1.0,1.0,0.99988,-999,304.0,101.923,202.077,18.5518,1.62119,51.2477,0.39729,1.0,-999,-999
27149,6.449,LH2,-1.165,31.278,-2.766,8.275,PI-SIDIS,0.22,2.2,0.5,2.0,31.6,28.008,31.463,27.887,27.698,24.549,171.04,151.59,43.111,38.211,0.9978,0.9962,0.9818,0.972,-1.0,-1.0,-1.0,-1.0,-1.0,1.0,0.99988,-999,824.0,278.615,545.385,17.9414,0.956518,51.2519,0.434618,1.0,-999,-999
27150,6.449,Dummy,-1.165,31.278,-2.766,8.275,PI-SIDIS,0.22,2.2,0.5,2.0,72.902,40.782,72.639,40.635,63.804,35.692,268.01,149.93,99.362,55.584,0.9988,0.9972,0.9843,0.9781,-1.0,-1.0,-1.0,-1.0,-1.0,1.0,0.99996,-999,536.0,124.846,411.154,5.80885,0.330008,51.3129,0.385331,1.0,-999,-999
27151,6.449,Dummy,-1.165,31.278,-2.766,8.275,PI-SIDIS,0.22,2.2,0.5,2.0,71.191,41.481,70.959,41.346,62.229,36.26,260.82,151.97,96.951,56.491,0.9987,0.9972,0.9879,0.9749,-1.0,-1.0,-1.0,-1.0,-1.0,1.0,0.99998,-999,479.0,129.692,349.308,5.06888,0.320884,51.3196,0.395766,1.0,-999,-999
27152,6.449,Dummy,-1.165,31.278,-2.766,8.275,PI-SIDIS,0.22,2.2,0.5,2.0,60.845,41.348,60.587,41.173,53.442,36.317,222.77,151.38,83.393,56.671,0.9989,0.9974,0.9857,0.9781,-1.0,-1.0,-1.0,-1.0,-1.0,1.0,0.99998,-999,413.0,109.615,303.385,5.13833,0.34769,51.2576,0.345925,1.0,-999,-999
27153,6.449,LH2,-1.165,31.278,-2.766,8.275,PI-SIDIS,0.22,2.2,0.5,2.0,16.183,28.041,16.104,27.903,14.251,24.693,87.675,151.91,22.236,38.528,0.998,0.9969,0.984,0.9734,-1.0,-1.0,-1.0,-1.0,-1.0,1.0,0.99987,-999,414.0,139.308,274.692,17.6272,1.32247,51.2236,0.411848,1.0,-999,-999
27154,6.449,LH2,-1.165,31.278,-2.766,8.275,PI-SIDIS,0.22,2.2,0.5,2.0,55.355,27.891,55.119,27.772,48.588,24.482,299.25,150.78,75.657,38.12,0.9981,0.9965,0.9814,0.9742,-1.0,-1.0,-1.0,-1.0,-1.0,1.0,0.99992,-999,1398.0,480.615,917.385,17.1833,0.70954,51.4636,0.450317,1.0,0.804,-999
27155,6.449,LH2,-1.165,31.278,-2.766,8.275,PI-SIDIS,0.22,2.2,0.5,2.0,45.419,27.946,45.238,27.834,39.725,24.442,245.69,151.17,61.867,38.066,0.9981,0.9968,0.9822,0.9724,-1.0,-1.0,-1.0,-1.0,-1.0,1.0,0.99992,-999,1169.0,393.692,775.308,17.7266,0.791794,51.5079,0.415237,1.0,0.805,-999
27156,6.449,LH2,-1.165,31.278,4.978,8.275,PI+SIDIS,0.22,2.2,0.9,2.0,77.221,50.016,76.944,49.836,67.835,43.936,229.86,148.88,105.64,68.423,0.9997,0.999,0.9878,0.9827,-1.0,-1.0,-1.0,-1.0,-1.0,1.0,0.99995,-999,1920.0,110.154,1809.85,23.9698,0.581607,51.0597,0.428925,1.0,1.429,19.203
27157,6.449,LH2,-1.165,31.278,4.978,8.275,PI+SIDIS,0.22,2.2,0.9,2.0,22.714,51.665,22.629,51.472,20.008,45.511,66.739,151.8,31.211,70.991,0.9996,0.9986,0.9865,0.9835,-1.0,-1.0,-1.0,-1.0,-1.0,1.0,1.0,-999,588.0,33.0769,554.923,24.9773,1.0938,51.1108,0.418,1.0,-999,19.789
27158,6.449,LH2,-1.165,31.278,4.978,8.275,PI+SIDIS,0.22,2.2,0.9,2.0,71.05,50.339,70.794,50.158,62.674,44.405,210.88,149.41,97.619,69.164,0.9998,0.9988,0.9872,0.9834,-1.0,-1.0,-1.0,-1.0,-1.0,1.0,0.99994,-999,1740.0,102.846,1637.15,23.5466,0.60131,51.1163,0.43921,1.0,1.438,19.336
27159,6.449,LH2,-1.165,31.278,4.978,8.275,HMSDIS,0.22,2.2,0.9,2.0,46581.342,50.77,46420.994,50.595,41082.946,44.77,137833.84,150.2,64003.582,69.75,0.9998,0.9986,-999,-999,-1.0,-1.0,-1.0,2.0,-1.0,-1.0,0.99912,98.9082,-999,-999,-999,-999,-999,-999,-999,1.0,1.444,19.5
27160,6.449,Dummy,-1.165,31.278,4.978,8.275,PI+SIDIS,0.22,2.2,0.9,2.0,83.631,41.291,83.246,41.101,73.334,36.208,306.53,151.34,114.26,56.418,1.0,0.9984,0.9828,0.9824,-1.0,-1.0,-1.0,-1.0,-1.0,1.0,1.0,-999,403.0,6.38462,396.615,4.8527,0.245771,51.1225,0.45388,1.0,-999,-999
27161,6.449,Dummy,-1.165,31.278,4.978,8.275,HMSDIS,0.22,2.2,0.9,2.0,41727.12,41.67,41532.06,41.475,36554.818,36.5,152554.3,152.3,56958.869,56.88,0.9997,0.9987,-999,-999,-1.0,-1.0,-1.0,2.0,-1.0,-1.0,0.99982,99.8057,-999,-999,-999,-999,-999,-999,-999,1.0,0.419,3.278
27162,6.449,LH2,-1.165,31.278,2.766,8.275,PI+SIDIS,0.22,2.2,0.5,2.0,13.663,19.783,13.605,19.701,11.941,17.291,76.495,110.76,18.603,26.937,0.9999,0.998,0.9784,0.9815,-1.0,-1.0,-1.0,-1.0,-1.0,1.0,0.99992,-999,538.0,108.462,429.538,32.2602,1.75549,51.0904,0.434611,1.0,-999,22.998
27163,6.449,LH2,-1.165,31.278,2.766,8.275,PI+SIDIS,0.22,2.2,0.5,2.0,50.249,30.916,50.023,30.777,43.965,27.05,245.24,150.89,68.513,42.154,0.9999,0.9987,0.9763,0.9795,-1.0,-1.0,-1.0,-1.0,-1.0,1.0,0.99989,-999,2190.0,648.385,1541.62,31.591,0.969839,51.1777,0.395895,1.0,0.883,37.276
27164,6.449,LH2,-1.165,31.278,2.766,8.275,PI+SIDIS,0.22,2.2,0.5,2.0,49.332,30.9,49.117,30.765,43.43,27.203,240.91,150.9,67.77,42.449,0.9998,0.9986,0.9809,0.9792,-1.0,-1.0,-1.0,-1.0,-1.0,1.0,0.99992,-999,2223.0,616.385,1606.62,33.5438,0.994838,51.1419,0.417855,1.0,0.883,37.322
27165,6.449,LH2,-1.165,31.278,2.766,8.275,PI+SIDIS,0.22,2.2,0.5,2.0,49.382,30.722,49.141,30.572,43.582,27.113,240.97,149.91,67.953,42.275,0.9998,0.9986,0.9795,0.9797,-1.0,-1.0,-1.0,-1.0,-1.0,1.0,0.9999,-999,2174.0,624.846,1549.15,32.3118,0.983208,51.1134,0.422118,1.0,0.877,37.117
27166,6.449,LH2,-1.165,31.278,2.766,8.275,PI+SIDIS,0.22,2.2,0.5,2.0,54.028,31.046,53.756,30.889,47.411,27.243,263.26,151.27,73.787,42.399,0.9998,0.9985,0.9771,0.9789,-1.0,-1.0,-1.0,-1.0,-1.0,1.0,0.99989,-999,2296.0,683.231,1612.77,30.776,0.924785,51.1753,0.414652,1.0,0.886,37.369
27167,6.449,LH2,-1.165,31.278,2.766,8.275,PI+SIDIS,0.22,2.2,0.5,2.0,53.624,30.894,53.361,30.742,46.948,27.048,261.64,150.74,73.136,42.135,0.9999,0.9983,0.9801,0.9785,-1.0,-1.0,-1.0,-1.0,-1.0,1.0,0.99987,-999,2401.0,679.615,1721.38,33.1022,0.952471,51.1558,0.423427,1.0,0.882,37.104
27168,6.449,LH2,-1.165,31.278,2.766,8.275,PI+SIDIS,0.22,2.2,0.5,2.0,54.418,30.944,54.155,30.795,47.844,27.206,265.52,150.98,74.616,42.43,0.9999,0.9987,0.9789,0.9794,-1.0,-1.0,-1.0,-1.0,-1.0,1.0,0.9999,-999,2423.0,687.692,1735.31,32.8501,0.941947,51.0435,0.426107,1.0,0.884,37.253
27169,6.449,LH2,-1.165,31.278,2.766,8.275,PI+SIDIS,0.22,2.2,0.5,2.0,48.939,30.863,48.719,30.724,43.122,27.194,239.06,150.76,67.234,42.4,0.9999,0.9986,0.9789,0.9787,-1.0,-1.0,-1.0,-1.0,-1.0,1.0,0.99989,-999,2151.0,614.923,1536.08,32.3471,0.987337,51.0429,0.415664,1.0,0.881,37.234
27170,6.449,LH2,-1.165,31.278,2.766,8.275,PI+SIDIS,0.22,2.2,0.5,2.0,46.171,30.615,45.971,30.482,40.714,26.997,225.92,149.8,63.461,42.079,0.9998,0.9987,0.9803,0.9793,-1.0,-1.0,-1.0,-1.0,-1.0,1.0,0.99992,-999,2130.0,584.385,1545.62,34.4763,1.04026,51.016,0.427142,1.0,0.876,36.991
27171,6.449,LH2,-1.165,31.278,2.766,8.275,PI+SIDIS,0.22,2.2,0.5,2.0,55.979,31.172,55.686,31.009,49.323,27.466,272.98,152.01,76.859,42.799,0.9998,0.9987,0.9685,0.968,-1.0,-1.0,-1.0,-1.0,1.0,-1.0,0.99152,-999,3410.0,1509.83,1900.17,35.5595,1.13241,51.0054,0.410379,1.0,0.891,37.655
27172,6.449,LH2,-1.165,31.278,2.766,8.275,PI+SIDIS,0.22,2.2,0.5,2.0,32.358,31.165,32.189,31.002,28.503,27.452,158.17,152.33,44.414,42.776,0.9998,0.9987,0.9786,0.9811,-1.0,-1.0,-1.0,-1.0,-1.0,1.0,0.99992,-999,1390.0,412.231,977.769,31.0898,1.19891,50.9993,0.440912,1.0,-999,37.614
27173,6.449,LH2,-1.165,31.278,2.766,8.275,PI+SIDIS,0.22,2.2,0.5,2.0,30.519,31.031,30.363,30.872,26.884,27.335,148.93,151.42,41.881,42.584,0.9999,0.9985,0.9759,0.9803,-1.0,-1.0,-1.0,-1.0,-1.0,1.0,0.9999,-999,1349.0,392.0,957.0,32.2824,1.25274,51.0169,0.414267,1.0,-999,37.453
27174,6.449,LH2,-1.165,31.278,2.766,8.275,HMSDIS,0.22,2.2,0.5,2.0,27589.267,30.98,27451.817,30.825,24302.142,27.28,134810.92,151.3,37857.334,42.5,0.9998,0.9987,-999,-999,-1.0,-1.0,-1.0,1.0,-1.0,-1.0,0.99461,95.4118,-999,-999,-999,-999,-999,-999,-999,1.0,0.886,37.3
27175,6.449,LH2,-1.165,31.278,2.766,8.275,HMSDIS,0.22,2.2,0.5,2.0,27607.681,30.935,27474.971,30.786,24317.122,27.24,135041.81,151.3,37887.184,42.45,0.9998,0.9987,-999,-999,-1.0,-1.0,17.0,-1.0,-1.0,-1.0,0.99877,95.4159,-999,-999,-999,-999,-999,-999,-999,1.0,0.885,37.3
27176,6.449,Dummy,-1.165,31.278,2.766,8.275,PI+SIDIS,0.22,2.2,0.5,2.0,72.616,41.1,72.302,40.922,64.069,36.263,266.77,150.99,99.851,56.515,0.9999,0.999,0.9851,0.9852,-1.0,-1.0,-1.0,-1.0,-1.0,1.0,0.99999,-999,795.0,145.308,649.692,9.14126,0.399497,51.0267,0.420526,1.0,-999,13.582
27177,6.449,Dummy,-1.165,31.278,2.766,8.275,PI+SIDIS,0.22,2.2,0.5,2.0,69.443,40.568,69.107,40.371,61.245,35.779,256.09,149.6,95.446,55.758,0.9997,0.9991,0.9835,0.9838,-1.0,-1.0,-1.0,-1.0,-1.0,1.0,0.99998,-999,722.0,141.0,581.0,8.56671,0.399158,51.0581,0.417209,1.0,-999,13.412
27178,6.449,Dummy,-1.165,31.278,2.766,8.275,PI+SIDIS,0.22,2.2,0.5,2.0,72.184,40.92,71.804,40.705,63.629,36.071,265.71,150.63,99.164,56.215,0.9999,0.9987,0.9859,0.9853,-1.0,-1.0,-1.0,-1.0,-1.0,1.0,0.99996,-999,760.0,143.0,617.0,8.74069,0.393358,51.0481,0.411252,1.0,-999,13.53
27179,6.449,Dummy,-1.165,31.278,2.766,8.275,HMSDIS,0.22,2.2,0.5,2.0,41142.55,40.596,40934.349,40.391,36275.579,35.79,151349.76,149.3,56515.112,55.76,0.9999,0.999,-999,-999,-1.0,-1.0,-1.0,1.0,-1.0,-1.0,0.99958,97.969,-999,-999,-999,-999,-999,-999,-999,1.0,0.409,13.4
27180,6.449,LH2,-1.165,31.278,2.766,8.275,PI+SIDIS,0.22,2.2,0.5,2.0,51.946,30.771,51.69,30.62,45.72,27.083,253.9,150.4,71.226,42.192,0.9998,0.9991,0.9799,0.9816,-1.0,-1.0,-1.0,-1.0,-1.0,1.0,0.99988,-999,2210.0,668.077,1541.92,30.5168,0.941162,51.0091,0.43506,1.0,0.882,37.311
27181,6.449,LH2,-1.165,31.278,2.766,8.275,PI+SIDIS,0.22,2.2,0.5,2.0,45.888,30.824,45.676,30.681,40.398,27.136,224.65,150.9,62.932,42.272,0.9998,0.999,0.9802,0.9822,-1.0,-1.0,-1.0,-1.0,-1.0,1.0,0.99988,-999,2086.0,593.077,1492.92,33.4176,1.03346,51.0092,0.42542,1.0,0.883,37.362
27182,6.449,LH2,-1.165,31.278,2.766,8.275,PI+SIDIS,0.22,2.2,0.5,2.0,55.06,31.034,54.776,30.874,48.453,27.31,269.46,151.88,75.471,42.538,0.9998,0.9989,0.9816,0.9819,-1.0,-1.0,-1.0,-1.0,-1.0,1.0,0.99993,-999,2474.0,691.538,1782.46,33.2794,0.938588,51.0239,0.426532,1.0,0.888,37.569
27183,6.449,LH2,-1.165,31.278,2.766,8.275,PI+SIDIS,0.22,2.2,0.5,2.0,56.852,30.833,56.537,30.662,50.024,27.13,278.02,150.78,77.906,42.251,0.9999,0.9992,0.9797,0.9821,-1.0,-1.0,-1.0,-1.0,-1.0,1.0,1.00054,-999,2570.0,723.231,1846.77,33.3961,0.926616,51.017,0.428601,1.0,0.882,37.279
27184,6.449,LH2,-1.165,31.278,2.766,8.275,PI+SIDIS,0.22,2.2,0.5,2.0,56.783,30.862,56.482,30.699,49.989,27.17,278.07,151.13,77.856,42.316,0.9998,0.999,0.9824,0.9824,-1.0,-1.0,-1.0,-1.0,-1.0,1.0,0.99992,-999,2482.0,713.308,1768.69,32.0082,0.911503,51.0375,0.436389,1.0,0.882,37.319
27185,6.449,LH2,-1.165,31.278,2.766,8.275,PI+SIDIS,0.22,2.2,0.5,2.0,59.6,31.122,59.302,30.966,52.478,27.402,291.74,152.33,81.732,42.678,0.9998,0.9991,0.9832,0.983,-1.0,-1.0,-1.0,-1.0,-1.0,1.0,0.9999,-999,2674.0,763.154,1910.85,32.9164,0.9005,50.9998,0.437003,1.0,0.89,37.66
27186,6.449,Dummy,-1.165,31.278,2.766,8.275,PI+SIDIS,0.22,2.2,0.5,2.0,76.157,40.848,75.81,40.662,67.197,36.042,280.83,150.62,104.68,56.15,0.9998,0.9993,0.9861,0.9842,-1.0,-1.0,-1.0,-1.0,-1.0,1.0,0.99998,-999,799.0,151.077,647.923,8.7044,0.382494,51.0465,0.399428,1.0,-999,13.545
27187,6.449,Dummy,-1.165,31.278,2.766,8.275,PI+SIDIS,0.22,2.2,0.5,2.0,52.399,40.548,52.125,40.336,46.243,35.784,193.45,149.7,72.035,55.743,0.9999,0.9993,0.9852,0.9848,-1.0,-1.0,-1.0,-1.0,-1.0,1.0,0.99994,-999,575.0,109.769,465.231,9.08521,0.4717,51.0285,0.429351,1.0,-999,13.451
27188,6.449,Dummy,-1.165,31.278,2.766,8.275,PI+SIDIS,0.22,2.2,0.5,2.0,94.898,40.89,94.427,40.688,83.843,36.127,349.56,150.62,130.58,56.266,0.9998,0.9989,0.986,0.986,-1.0,-1.0,-1.0,-1.0,-1.0,1.0,0.99997,-999,1051.0,194.538,856.462,9.22069,0.351501,51.0419,0.420885,1.0,-999,13.607
27189,6.449,LH2,-1.165,44.83,5.154,10.24,PI+SIDIS,0.44,4.4,0.9,2.0,39.375,46.561,39.25,46.413,34.606,40.921,121.16,143.27,53.873,63.705,0.9987,1.0,0.9872,0.983,-1.0,-1.0,-1.0,-1.0,-1.0,1.0,1.0,-999,132.0,2.0,130.0,3.38244,0.299107,51.0683,0.729449,1.0,-999,-999
27190,6.449,LH2,-1.165,44.83,5.154,10.24,PI+SIDIS,0.44,4.4,0.9,2.0,83.56,50.743,83.26,50.561,73.746,44.783,247.91,150.55,114.95,69.808,1.0,0.9993,0.9949,0.981,-1.0,-1.0,-1.0,-1.0,-1.0,1.0,1.0,-999,272.0,5.23077,266.769,3.27183,0.202423,51.1215,0.381671,1.0,-999,6.574
27191,6.449,LH2,-1.165,44.83,5.154,10.24,PI+SIDIS,0.44,4.4,0.9,2.0,104.97,54.313,104.6,54.12,93.021,48.126,290.95,150.53,144.94,74.992,0.9995,0.9995,0.996,0.9825,-1.0,-1.0,-1.0,-1.0,-1.0,1.0,0.99997,-999,348.0,5.07692,342.923,3.34308,0.181963,51.0422,0.417237,1.0,-999,7.062
27192,6.449,LH2,-1.165,44.83,5.154,10.24,HMSDIS,0.44,4.4,0.9,2.0,49816.134,55.732,49667.423,55.566,44228.382,49.48,134606.02,150.5,68895.559,77.07,0.9999,0.9993,-999,-999,-1.0,-1.0,-1.0,1.0,-1.0,-1.0,1.0,99.5362,-999,-999,-999,-999,-999,-999,-999,1.0,0.196,7.25
27194,6.449,LH2,-1.165,44.83,5.154,10.24,HMSDIS,0.44,4.4,0.9,2.0,37118.127,56.147,37016.072,55.993,32774.277,49.57,100069.09,151.3,50988.913,77.12,0.9999,0.9992,-999,-999,-1.0,-1.0,5.0,-1.0,-1.0,-1.0,0.99959,99.5352,-999,-999,-999,-999,-999,-999,-999,1.0,0.197,7.292
27195,6.449,Dummy,-1.165,44.83,5.154,10.24,PI+SIDIS,0.44,4.4,0.9,2.0,62.46,41.278,62.194,41.103,54.692,36.145,229.73,151.82,85.189,56.3,1.0,1.0,1.0,0.9755,-1.0,-1.0,-1.0,-1.0,-1.0,1.0,1.0,-999,34.0,0.0,34.0,0.562012,0.0963842,51.2025,0.536531,1.0,-999,-999
27196,6.449,Dummy,-1.165,44.83,5.154,10.24,PI+SIDIS,0.44,4.4,0.9,2.0,70.297,41.203,69.936,40.992,61.913,36.289,258.33,151.41,96.475,56.547,0.9932,0.9925,0.9231,0.9895,-1.0,-1.0,-1.0,-1.0,-1.0,1.0,1.0,-999,36.0,0.230769,35.7692,0.52171,0.0875343,51.0897,0.503552,1.0,-999,-999
27197,6.449,Dummy,-1.165,44.83,5.154,10.24,HMSDIS,0.44,4.4,0.9,2.0,36507.947,41.577,36319.804,41.362,32203.258,36.67,133766.34,152.3,50176.202,57.14,0.9998,0.9992,-999,-999,-1.0,-1.0,-1.0,1.0,-1.0,-1.0,0.99992,99.918,-999,-999,-999,-999,-999,-999,-999,1.0,-999,1.148
27198,6.449,LH2,-1.165,44.83,5.154,10.24,PI+SIDIS,0.44,4.4,0.9,2.0,90.278,55.021,90.005,54.854,80.105,48.821,245.49,149.61,124.73,76.019,1.0,0.9989,0.9957,0.9846,-1.0,-1.0,-1.0,-1.0,-1.0,1.0,1.0,-999,285.0,4.23077,280.769,3.17292,0.190889,51.0288,0.400489,1.0,-999,7.174
27199,6.449,LH2,-1.165,44.83,5.154,10.24,PI+SIDIS,0.44,4.4,0.9,2.0,99.527,56.553,99.268,56.406,87.76,49.867,267.56,152.03,136.45,77.538,0.9995,0.9978,0.9847,0.9861,-1.0,-1.0,-1.0,-1.0,-1.0,1.0,1.0,-999,328.0,5.53846,322.462,3.30022,0.185474,51.0886,0.392364,1.0,-999,7.349
27200,6.449,Dummy,-1.165,44.83,5.154,10.24,PI+SIDIS,0.44,4.4,0.9,2.0,74.092,41.14,73.78,40.967,64.813,35.988,272.6,151.36,100.92,56.041,1.0,0.9923,1.0,0.9888,-1.0,-1.0,-1.0,-1.0,-1.0,1.0,1.0,-999,38.0,0.384615,37.6154,0.516895,0.0847417,51.1347,0.362948,1.0,-999,-999
27201,6.449,LH2,-1.165,44.83,3.837,10.24,PI+SIDIS,0.44,4.4,0.67,2.0,108.72,60.553,108.42,60.386,96.252,53.606,269.87,150.3,150.01,83.551,0.9999,0.9984,0.9814,0.9841,-1.0,-1.0,-1.0,-1.0,-1.0,1.0,0.99997,-999,548.0,49.3846,498.615,4.68611,0.220769,51.0873,0.424946,1.0,-999,35.087
27202,6.449,LH2,-1.165,44.83,3.837,10.24,PI+SIDIS,0.44,4.4,0.67,2.0,106.91,65.326,106.77,65.24,94.412,57.688,245.58,150.06,146.42,89.472,0.9999,0.9987,0.9851,0.9801,-1.0,-1.0,-1.0,-1.0,-1.0,1.0,0.99998,-999,499.0,51.6923,447.308,4.28684,0.214934,51.089,0.442576,1.0,-999,37.792
27203,6.449,LH2,-1.165,44.83,3.837,10.24,PI+SIDIS,0.44,4.4,0.67,2.0,116.34,67.15,116.49,67.239,98.13,56.639,257.76,148.77,150.44,86.832,0.9998,0.9988,0.985,0.9804,-1.0,-1.0,-1.0,-1.0,-1.0,1.0,1.0,-999,532.0,61.6154,470.385,4.13142,0.203483,51.2178,0.449757,1.0,-999,37.852
27204,6.449,LH2,-1.165,44.83,3.837,10.24,PI+SIDIS,0.44,4.4,0.67,2.0,127.77,70.403,128.25,70.668,104.87,57.787,275.54,151.82,162.23,89.388,0.9999,0.9988,0.9822,0.9817,-1.0,-1.0,-1.0,-1.0,-1.0,1.0,0.99995,-999,582.0,65.5385,516.462,4.11413,0.193008,50.9978,0.854658,1.0,-999,39.024
27206,6.449,LH2,-1.165,44.83,3.837,10.24,PI+SIDIS,0.44,4.4,0.67,2.0,118.72,69.736,119.15,69.989,95.333,55.998,257.67,151.35,148.47,87.213,0.9999,0.9997,0.9852,0.98,-1.0,-1.0,-1.0,-1.0,-1.0,1.0,0.99999,-999,481.0,64.9231,416.077,3.57392,0.189359,50.1775,1.11673,1.0,-999,37.717
27208,6.449,LH2,-1.165,44.83,3.837,10.24,PI+SIDIS,0.44,4.4,0.67,2.0,104.53,65.173,104.81,65.349,84.932,52.954,235.39,146.76,132.02,82.314,0.9998,0.999,0.9879,0.9792,-1.0,-1.0,-1.0,-1.0,-1.0,1.0,0.99998,-999,494.0,53.0769,440.923,4.30987,0.218149,49.6336,0.485255,1.0,-999,35.905
27209,6.449,LH2,-1.165,44.83,3.837,10.24,PI+SIDIS,0.44,4.4,0.67,2.0,120.52,69.603,120.96,69.86,96.662,55.824,261.76,151.17,150.57,86.962,0.9999,0.9989,0.9831,0.9816,-1.0,-1.0,-1.0,-1.0,-1.0,1.0,0.99999,-999,505.0,63.0,442.0,3.7335,0.190728,49.2078,0.566948,1.0,-999,38.302
27210,6.449,LH2,-1.165,44.83,3.837,10.24,PI+SIDIS,0.44,4.4,0.67,2.0,114.19,68.495,114.63,68.761,90.233,54.124,250.02,149.96,139.54,83.699,0.9999,0.9984,0.9802,0.981,-1.0,-1.0,-1.0,-1.0,-1.0,1.0,0.99997,-999,515.0,62.0769,452.923,4.03958,0.203338,49.7159,0.554037,1.0,-999,37.441
27211,6.449,LH2,-1.165,44.83,3.837,10.24,PI+SIDIS,0.44,4.4,0.67,2.0,108.72,67.899,109.01,68.082,88.323,55.159,239.13,149.34,141.44,88.335,0.9997,0.9982,0.9859,0.9786,-1.0,-1.0,-1.0,-1.0,-1.0,1.0,0.99999,-999,490.0,54.0769,435.923,4.0994,0.209047,49.9391,0.464296,1.0,-999,37.617
27212,6.449,LH2,-1.165,44.83,3.837,10.24,PI+SIDIS,0.44,4.4,0.67,2.0,107.88,68.813,108.0,68.889,92.039,58.707,235.78,150.39,143.69,91.657,1.0,0.999,0.9835,0.977,-1.0,-1.0,-1.0,-1.0,-1.0,1.0,1.0,-999,429.0,56.0769,372.923,3.54456,0.197854,49.8657,0.466448,1.0,-999,39.309
27213,6.449,LH2,-1.165,44.83,3.837,10.24,PI+SIDIS,0.44,4.4,0.67,2.0,120.0,68.844,120.13,68.919,103.09,59.143,262.11,150.36,159.96,91.767,0.9997,0.9991,0.9781,0.9747,-1.0,-1.0,-1.0,-1.0,1.0,-1.0,0.99974,-999,585.0,62.6154,522.385,4.62447,0.214996,50.0387,0.411104,1.0,-999,39.275
27214,6.449,LH2,-1.165,44.83,3.837,10.24,HMSDIS,0.44,4.4,0.67,2.0,61620.157,69.002,61705.906,69.098,52863.522,59.19,134535.94,150.6,82129.408,91.96,0.9999,0.9989,-999,-999,-1.0,-1.0,-1.0,1.0,-1.0,-1.0,0.99996,97.6274,-999,-999,-999,-999,-999,-999,-999,1.0,0.238,39.3
27215,6.449,LH2,-1.165,44.83,3.837,10.24,HMSDIS,0.44,4.4,0.67,2.0,68089.25,70.78,68210.69,70.906,59066.279,61.4,146565.08,152.3,90625.828,94.2,0.9999,0.9991,-999,-999,-1.0,-1.0,5.0,-1.0,-1.0,-1.0,0.99878,97.6015,-999,-999,-999,-999,-999,-999,-999,1.0,0.244,40.3
27216,6.449,Dummy,-1.165,44.83,3.837,10.24,PI+SIDIS,0.44,4.4,0.67,2.0,71.693,40.282,71.523,40.186,62.535,35.136,269.48,151.41,97.461,54.76,1.0,1.0,0.9825,0.9752,-1.0,-1.0,-1.0,-1.0,-1.0,1.0,1.0,-999,78.0,1.61538,76.3846,1.09815,0.127072,50.0,0.424674,1.0,-999,-999
27217,6.449,Dummy,-1.165,44.83,3.837,10.24,PI+SIDIS,0.44,4.4,0.67,2.0,74.486,40.625,74.26,40.502,65.019,35.461,279.34,152.35,101.25,55.225,1.0,1.0,0.9865,0.9745,-1.0,-1.0,-1.0,-1.0,-1.0,1.0,1.0,-999,82.0,0.769231,81.2308,1.12551,0.125514,49.864,0.439608,1.0,-999,-999
27218,6.449,Dummy,-1.165,44.83,3.837,10.24,PI+SIDIS,0.44,4.4,0.67,2.0,66.21,40.088,65.965,39.939,57.813,35.004,248.84,150.66,89.974,54.475,1.0,0.9959,0.9722,0.9694,-1.0,-1.0,-1.0,-1.0,-1.0,1.0,1.0,-999,66.0,0.615385,65.3846,1.02547,0.127461,49.9646,0.433765,1.0,-999,-999
27219,6.449,Dummy,-1.165,44.83,3.837,10.24,PI+SIDIS,0.44,4.4,0.67,2.0,66.061,39.817,65.832,39.679,57.718,34.788,248.87,150.0,89.819,54.137,1.0,0.9981,0.9861,0.9702,-1.0,-1.0,-1.0,-1.0,-1.0,1.0,1.0,-999,70.0,1.15385,68.8462,1.08101,0.131454,49.799,0.296177,1.0,-999,-999
27220,6.449,Dummy,-1.165,44.83,3.837,10.24,HMSDIS,0.44,4.4,0.67,2.0,37678.254,40.594,37554.603,40.46,32932.229,35.48,141409.23,152.3,51236.852,55.2,0.9999,0.9992,-999,-999,-1.0,-1.0,-1.0,1.0,-1.0,-1.0,0.99989,99.6595,-999,-999,-999,-999,-999,-999,-999,1.0,-999,4.996
27221,6.449,LH2,-1.165,44.83,3.837,10.24,PI+SIDIS,0.44,4.4,0.67,2.0,74.176,62.868,74.216,62.902,65.179,55.242,170.1,144.17,98.353,83.359,1.0,0.9985,0.9876,0.9812,-1.0,-1.0,-1.0,-1.0,-1.0,1.0,1.0,-999,348.0,38.0769,309.923,4.2713,0.258176,49.7921,0.456881,1.0,-999,35.889
27222,6.449,LH2,-1.165,44.83,3.837,10.24,PI+SIDIS,0.44,4.4,0.67,2.0,112.76,67.976,112.82,68.014,99.12,59.751,247.69,149.31,150.0,90.426,1.0,0.9993,0.9784,0.9813,-1.0,-1.0,-1.0,-1.0,-1.0,1.0,1.0,-999,511.0,59.3846,451.615,4.09066,0.205668,49.7711,0.407519,1.0,-999,38.83
27223,6.449,LH2,-1.165,44.83,3.837,10.24,PI+SIDIS,0.44,4.4,0.67,2.0,111.67,67.467,111.64,67.453,98.162,59.306,246.55,148.95,148.27,89.58,1.0,0.9994,0.9915,0.9818,-1.0,-1.0,-1.0,-1.0,-1.0,1.0,0.99999,-999,560.0,55.2308,504.769,4.61859,0.217346,49.6488,0.420403,1.0,-999,38.437
27224,6.449,LH2,-1.165,44.83,3.837,10.24,PI+SIDIS,0.44,4.4,0.67,2.0,120.71,69.211,120.69,69.202,106.2,60.895,262.97,150.77,160.53,92.042,0.9999,0.9994,0.9845,0.9799,-1.0,-1.0,-1.0,-1.0,-1.0,1.0,0.99999,-999,612.0,65.5385,546.462,4.63408,0.21065,49.5634,0.3988,1.0,-999,39.409
27225,6.449,LH2,-1.165,44.83,3.837,10.24,PI+SIDIS,0.44,4.4,0.67,2.0,118.96,69.084,119.0,69.107,104.83,60.881,259.51,150.7,158.53,92.066,0.9998,0.9994,0.9892,0.9792,-1.0,-1.0,-1.0,-1.0,-1.0,1.0,1.0,-999,549.0,58.1538,490.846,4.22502,0.202503,49.3946,0.4178,1.0,-999,39.382
27226,6.449,LH2,-1.165,44.83,3.837,10.24,PI+SIDIS,0.44,4.4,0.67,2.0,120.7,69.505,120.77,69.547,106.52,61.339,262.49,151.15,160.76,92.572,0.9998,0.9994,0.9814,0.9813,-1.0,-1.0,-1.0,-1.0,-1.0,1.0,1.0,-999,577.0,59.3077,517.692,4.38139,0.204098,49.0874,0.449593,1.0,-999,39.668
27227,6.449,LH2,-1.165,44.83,3.837,10.24,PI+SIDIS,0.44,4.4,0.67,2.0,133.28,68.138,133.34,68.167,117.71,60.176,292.62,149.59,177.29,90.633,0.9999,0.9996,0.9861,0.9801,-1.0,-1.0,-1.0,-1.0,-1.0,1.0,1.0,-999,617.0,71.3077,545.692,4.18814,0.191486,48.2625,0.935638,1.0,-999,38.938
27228,6.449,LH2,-1.165,44.83,3.837,10.24,PI+SIDIS,0.44,4.4,0.67,2.0,119.27,68.575,119.22,68.544,105.34,60.566,260.81,149.95,158.68,91.231,1.0,0.9995,0.9844,0.9803,-1.0,-1.0,-1.0,-1.0,-1.0,1.0,0.99999,-999,527.0,59.6154,467.385,4.01052,0.197839,47.3372,0.471757,1.0,-999,39.117
27229,6.449,LH2,-1.165,44.83,3.837,10.24,PI+SIDIS,0.44,4.4,0.67,2.0,114.33,68.031,114.29,68.012,101.06,60.139,251.06,149.39,152.13,90.527,1.0,0.999,0.9857,0.9818,-1.0,-1.0,-1.0,-1.0,-1.0,1.0,0.99999,-999,547.0,59.6923,487.308,4.35515,0.209898,46.6957,0.591903,1.0,-999,38.844
27230,6.449,LH2,-1.165,44.83,3.837,10.24,PI+SIDIS,0.44,4.4,0.67,2.0,121.76,69.186,121.76,69.184,107.73,61.212,265.44,150.82,162.07,92.089,0.9999,0.9993,0.9876,0.9824,-1.0,-1.0,-1.0,-1.0,-1.0,1.0,0.99996,-999,605.0,66.1538,538.846,4.51772,0.207086,46.3235,0.571856,1.0,-999,39.478
27231,6.449,LH2,-1.165,44.83,3.837,10.24,PI+SIDIS,0.44,4.4,0.67,2.0,119.1,69.001,119.14,69.023,105.51,61.123,259.83,150.52,158.61,91.887,1.0,0.9993,0.9886,0.9827,-1.0,-1.0,-1.0,-1.0,-1.0,1.0,1.0,-999,558.0,61.6923,496.308,4.25093,0.203184,46.0034,0.662103,1.0,-999,39.423
27232,6.449,Dummy,-1.165,44.83,3.837,10.24,PI+SIDIS,0.44,4.4,0.67,2.0,73.639,40.563,73.407,40.435,64.989,35.798,276.56,152.34,101.31,55.805,1.0,0.9981,0.9733,0.9729,-1.0,-1.0,-1.0,-1.0,-1.0,1.0,1.0,-999,69.0,2.15385,66.8462,0.938505,0.116763,47.5662,0.400796,1.0,-999,-999
27233,6.449,Dummy,-1.165,44.83,3.837,10.24,PI+SIDIS,0.44,4.4,0.67,2.0,64.457,39.556,64.198,39.397,56.895,34.916,243.28,149.29,88.707,54.438,1.0,1.0,0.9492,0.9761,-1.0,-1.0,-1.0,-1.0,-1.0,1.0,1.0,-999,46.0,1.30769,44.6923,0.715378,0.108682,48.4512,0.416494,1.0,-999,-999
27234,6.449,Dummy,-1.165,44.83,3.837,10.24,PI+SIDIS,0.44,4.4,0.67,2.0,63.428,39.632,63.177,39.475,56.043,35.018,239.54,149.67,87.383,54.6,1.0,1.0,1.0,0.9741,-1.0,-1.0,-1.0,-1.0,-1.0,1.0,1.0,-999,57.0,1.15385,55.8462,0.910311,0.123161,49.3879,0.399327,1.0,-999,-999
27235,6.449,Dummy,-1.165,44.83,3.837,10.24,PI+SIDIS,0.44,4.4,0.67,2.0,69.228,40.023,68.965,39.871,61.208,35.387,260.71,150.73,95.431,55.173,0.9973,1.0,0.9634,0.9762,-1.0,-1.0,-1.0,-1.0,-1.0,1.0,1.0,-999,61.0,1.38462,59.6154,0.890429,0.116757,49.75,0.356987,1.0,-999,-999
27236,6.449,LD2,-1.165,44.83,2.978,10.24,PI+SIDIS,0.44,4.4,0.52,2.0,24.411,23.798,24.322,23.711,21.576,21.034,135.24,131.85,33.622,32.777,0.9998,0.9988,0.9811,0.9809,-1.0,-1.0,-1.0,-1.0,-1.0,1.0,0.99997,-999,208.0,45.4615,162.538,6.83753,0.61178,49.8396,0.447648,1.0,-999,37.906
27237,6.449,LD2,-1.165,44.83,2.978,10.24,PI+SIDIS,0.44,4.4,0.52,2.0,50.101,29.168,49.879,29.039,44.29,25.786,259.22,150.92,69.056,40.204,0.9998,0.9993,0.9808,0.9799,-1.0,-1.0,-1.0,-1.0,-1.0,1.0,0.99999,-999,443.0,105.846,337.154,6.92522,0.436277,49.9025,0.424638,1.0,-999,46.873
27238,6.449,LD2,-1.165,44.83,2.978,10.24,PI+SIDIS,0.44,4.4,0.52,2.0,49.088,29.05,48.889,28.932,43.437,25.706,254.13,150.39,67.735,40.085,0.9998,0.9993,0.983,0.9809,-1.0,-1.0,-1.0,-1.0,-1.0,1.0,0.99994,-999,466.0,116.077,349.923,7.32599,0.456255,49.97,0.41005,1.0,-999,46.62
27239,6.449,LD2,-1.165,44.83,2.978,10.24,PI+SIDIS,0.44,4.4,0.52,2.0,47.454,29.055,47.27,28.942,42.019,25.727,245.7,150.43,65.534,40.125,1.0,0.999,0.9806,0.9821,-1.0,-1.0,-1.0,-1.0,-1.0,1.0,0.99996,-999,438.0,102.692,335.308,7.25,0.456576,50.0154,0.434071,1.0,-999,46.63
27240,6.449,LD2,-1.165,44.83,2.978,10.24,PI+SIDIS,0.44,4.4,0.52,2.0,53.354,29.242,53.163,29.137,47.215,25.877,276.2,151.38,73.567,40.32,0.9998,0.9993,0.9829,0.9816,-1.0,-1.0,-1.0,-1.0,-1.0,1.0,0.99995,-999,525.0,119.692,405.308,7.79778,0.444673,50.0566,0.394492,1.0,-999,46.895
27241,6.449,LD2,-1.165,44.83,2.978,10.24,PI+SIDIS,0.44,4.4,0.52,2.0,52.801,29.076,52.627,28.98,46.374,25.536,273.63,150.68,71.99,39.642,0.9999,0.9993,0.9808,0.9801,-1.0,-1.0,-1.0,-1.0,-1.0,1.0,0.99996,-999,466.0,113.0,353.0,6.87046,0.42405,50.091,0.44638,1.0,-999,46.444
27242,6.449,LD2,-1.165,44.83,2.978,10.24,PI+SIDIS,0.44,4.4,0.52,2.0,51.177,29.334,50.977,29.219,44.956,25.768,265.05,151.92,69.938,40.087,0.9995,0.9989,0.9833,0.981,-1.0,-1.0,-1.0,-1.0,-1.0,1.0,0.99993,-999,471.0,113.154,357.846,7.18638,0.439846,50.0984,0.40849,1.0,-999,46.816
27243,6.449,LD2,-1.165,44.83,2.978,10.24,PI+SIDIS,0.44,4.4,0.52,2.0,51.241,29.217,51.015,29.089,45.178,25.76,264.93,151.06,70.422,40.155,1.0,0.9989,0.9815,0.9814,-1.0,-1.0,-1.0,-1.0,-1.0,1.0,0.99995,-999,454.0,112.308,341.692,6.85075,0.431245,50.1014,0.41501,1.0,-999,46.738
27244,6.449,LD2,-1.165,44.83,2.978,10.24,PI+SIDIS,0.44,4.4,0.52,2.0,52.991,29.161,52.776,29.043,46.855,25.785,274.18,150.88,73.038,40.193,0.9998,0.999,0.984,0.9814,-1.0,-1.0,-1.0,-1.0,-1.0,1.0,0.99994,-999,511.0,113.615,397.385,7.70299,0.441917,50.0618,0.418083,1.0,-999,46.749
27245,6.449,LD2,-1.165,44.83,2.978,10.24,PI+SIDIS,0.44,4.4,0.52,2.0,49.028,28.768,48.84,28.658,43.312,25.414,253.83,148.94,67.42,39.56,0.9999,0.9988,0.9815,0.9815,-1.0,-1.0,-1.0,-1.0,-1.0,1.0,0.99996,-999,454.0,106.385,347.615,7.27992,0.450231,50.0981,0.417419,1.0,-999,46.104
27246,6.449,LD2,-1.165,44.83,2.978,10.24,PI+SIDIS,0.44,4.4,0.52,2.0,49.462,29.121,49.286,29.017,43.402,25.553,255.66,150.52,67.364,39.661,0.9999,0.9987,0.9815,0.9817,-1.0,-1.0,-1.0,-1.0,-1.0,1.0,0.99995,-999,410.0,108.231,301.769,6.26126,0.424369,50.1191,0.405575,1.0,-999,46.537
27247,6.449,LD2,-1.165,44.83,2.978,10.24,HMSDIS,0.44,4.4,0.52,2.0,23795.846,29.116,23713.207,29.015,20898.263,25.57,123229.82,150.7,32501.517,39.76,0.9999,0.999,-999,-999,-1.0,-1.0,-1.0,1.0,-1.0,-1.0,0.99996,95.2776,-999,-999,-999,-999,-999,-999,-999,1.0,0.187,46.5
27248,6.449,LD2,-1.165,44.83,2.978,10.24,HMSDIS,0.44,4.4,0.52,2.0,24924.293,29.073,24833.526,28.967,21947.319,25.6,129027.63,150.5,34199.335,39.89,0.9999,0.999,-999,-999,-1.0,-1.0,9.0,-1.0,-1.0,-1.0,0.99891,95.2779,-999,-999,-999,-999,-999,-999,-999,1.0,0.187,46.5
27249,6.449,LH2,-1.165,44.83,2.978,10.24,PI+SIDIS,0.44,4.4,0.52,2.0,106.51,60.142,106.26,60.002,94.89,53.577,268.01,151.32,147.89,83.502,0.9999,0.9989,0.9827,0.9762,-1.0,-1.0,-1.0,-1.0,-1.0,1.0,1.0,-999,610.0,137.692,472.308,4.57571,0.241344,50.0156,0.412627,1.0,-999,49.12
27250,6.449,LH2,-1.165,44.83,2.978,10.24,PI+SIDIS,0.44,4.4,0.52,2.0,104.72,59.764,104.5,59.643,92.907,53.022,264.93,151.19,144.44,82.434,0.9998,0.9988,0.9834,0.9771,-1.0,-1.0,-1.0,-1.0,-1.0,1.0,0.99997,-999,565.0,128.538,436.462,4.29613,0.236006,49.9823,0.432336,1.0,-999,48.631
27251,6.449,LH2,-1.165,44.83,2.978,10.24,PI+SIDIS,0.44,4.4,0.52,2.0,105.15,59.717,104.95,59.604,92.929,52.775,266.04,151.09,144.36,81.985,0.9999,0.9989,0.977,0.9785,-1.0,-1.0,-1.0,-1.0,-1.0,1.0,0.99998,-999,662.0,133.154,528.846,5.17564,0.253745,50.0104,0.394154,1.0,-999,48.46
27252,6.449,LH2,-1.165,44.83,2.978,10.24,PI+SIDIS,0.44,4.4,0.52,2.0,114.49,60.364,114.31,60.267,101.6,53.569,288.22,151.95,158.35,83.486,0.9997,0.9989,0.9798,0.9776,-1.0,-1.0,-1.0,-1.0,-1.0,1.0,0.99999,-999,707.0,148.077,558.923,5.02785,0.241108,50.0092,0.428364,1.0,-999,49.134
27253,6.449,LH2,-1.165,44.83,2.978,10.24,PI+SIDIS,0.44,4.4,0.52,2.0,116.44,60.338,116.28,60.256,103.71,53.746,293.16,151.91,161.64,83.76,0.9998,0.9987,0.9745,0.976,-1.0,-1.0,-1.0,-1.0,-1.0,1.0,0.99996,-999,672.0,151.385,520.615,4.61083,0.231568,49.9854,0.413881,1.0,-999,49.281
27254,6.449,LH2,-1.165,44.83,2.978,10.24,PI+SIDIS,0.44,4.4,0.52,2.0,112.21,59.987,111.97,59.861,99.913,53.413,283.13,151.36,155.5,83.13,1.0,0.999,0.9817,0.976,-1.0,-1.0,-1.0,-1.0,-1.0,1.0,0.99999,-999,640.0,142.615,497.385,4.57365,0.234612,49.9336,0.412128,1.0,-999,48.965
27255,6.449,LH2,-1.165,44.83,2.978,10.24,PI+SIDIS,0.44,4.4,0.52,2.0,114.31,60.123,114.05,59.986,101.13,53.189,288.31,151.63,157.05,82.598,1.0,0.999,0.9816,0.9751,-1.0,-1.0,-1.0,-1.0,-1.0,1.0,0.99996,-999,691.0,144.385,546.615,4.93928,0.239433,49.9832,0.420192,1.0,-999,48.817
27257,6.449,LH2,-1.165,44.83,2.978,10.24,PI+SIDIS,0.44,4.4,0.52,2.0,110.44,59.76,110.21,59.636,97.868,52.955,279.49,151.22,152.42,82.474,0.9998,0.9988,0.9762,0.9763,-1.0,-1.0,-1.0,-1.0,-1.0,1.0,0.99996,-999,696.0,143.231,552.769,5.16368,0.248388,49.9716,0.433678,1.0,-999,48.631
27258,6.449,LH2,-1.165,44.83,2.978,10.24,PI+SIDIS,0.44,4.4,0.52,2.0,106.02,59.675,105.84,59.573,94.303,53.08,268.3,151.01,146.94,82.711,1.0,0.9985,0.9798,0.9761,-1.0,-1.0,-1.0,-1.0,-1.0,1.0,0.99995,-999,638.0,129.154,508.846,4.94988,0.247613,49.9063,0.449381,1.0,-999,48.695
27259,6.449,LH2,-1.165,44.83,2.978,10.24,PI+SIDIS,0.44,4.4,0.52,2.0,111.98,60.0,111.82,59.91,99.828,53.485,282.74,151.48,155.52,83.325,0.9999,0.9986,0.979,0.9761,-1.0,-1.0,-1.0,-1.0,-1.0,1.0,0.99997,-999,654.0,137.308,516.692,4.75767,0.237372,49.9093,0.402975,1.0,-999,49.061
27261,6.449,LH2,-1.165,44.83,2.978,10.24,PI+SIDIS,0.44,4.4,0.52,2.0,111.15,60.009,110.92,59.883,98.901,53.394,280.55,151.46,153.91,83.094,0.9998,0.999,0.9709,0.9672,-1.0,-1.0,-1.0,-1.0,1.0,-1.0,0.99951,-999,646.0,146.692,499.308,4.999,0.25668,49.8998,0.436402,1.0,-999,49.024
27262,6.449,LH2,-1.165,44.83,2.978,10.24,HMSDIS,0.44,4.4,0.52,2.0,66116.647,60.189,65953.553,60.041,58407.747,53.17,166621.62,151.6,90609.574,82.48,0.9998,0.9989,-999,-999,-1.0,-1.0,-1.0,1.0,-1.0,-1.0,0.99976,95.0908,-999,-999,-999,-999,-999,-999,-999,1.0,0.21,48.9
27264,6.449,LH2,-1.165,44.83,2.978,10.24,HMSDIS,0.44,4.4,0.52,2.0,48441.85,59.313,48330.73,59.177,42791.38,52.39,123011.93,150.6,66512.603,81.43,0.9999,0.999,-999,-999,-1.0,-1.0,5.0,-1.0,-1.0,-1.0,0.9989,95.1676,-999,-999,-999,-999,-999,-999,-999,1.0,0.204,47.5
27265,6.449,Dummy,-1.165,44.83,2.978,10.24,PI+SIDIS,0.44,4.4,0.52,2.0,63.039,39.865,62.772,39.696,55.591,35.155,237.81,150.38,86.631,54.784,1.0,1.0,1.0,0.9675,-1.0,-1.0,-1.0,-1.0,-1.0,1.0,1.0,-999,79.0,4.46154,74.5385,1.23191,0.147215,49.9251,0.43301,1.0,-999,7.191
27266,6.449,Dummy,-1.165,44.83,2.978,10.24,PI+SIDIS,0.44,4.4,0.52,2.0,71.811,40.452,71.538,40.298,63.564,35.806,269.84,152.0,99.006,55.771,1.0,1.0,0.9571,0.9695,-1.0,-1.0,-1.0,-1.0,-1.0,1.0,1.0,-999,66.0,5.30769,60.6923,0.877874,0.117872,49.9349,0.481522,1.0,-999,7.372
27267,6.449,Dummy,-1.165,44.83,2.978,10.24,PI+SIDIS,0.44,4.4,0.52,2.0,62.234,39.371,61.989,39.215,55.156,34.893,235.56,149.02,85.883,54.331,1.0,0.9992,0.9795,0.9737,-1.0,-1.0,-1.0,-1.0,-1.0,1.0,0.99996,-999,73.0,5.07692,67.9231,1.12939,0.142445,49.9423,0.262402,1.0,-999,7.179
27269,6.449,Dummy,-1.165,44.83,2.978,10.24,PI+SIDIS,0.44,4.4,0.52,2.0,70.438,40.43,70.244,40.318,62.265,35.738,264.62,151.89,96.765,55.541,1.0,0.9985,0.9863,0.972,-1.0,-1.0,-1.0,-1.0,-1.0,1.0,1.0,-999,68.0,4.69231,63.3077,0.930132,0.121476,49.8651,0.331115,1.0,-999,7.433
27270,6.449,Dummy,-1.165,44.83,2.978,10.24,HMSDIS,0.44,4.4,0.52,2.0,33633.984,39.949,33546.694,39.845,29567.371,35.11,126754.7,150.5,45883.873,54.49,0.9999,0.9991,-999,-999,-1.0,-1.0,-1.0,1.0,-1.0,-1.0,1.0,99.0938,-999,-999,-999,-999,-999,-999,-999,1.0,-999,7.285
27271,6.449,C,-1.165,44.83,2.978,10.24,PI+SIDIS,0.44,4.4,0.52,2.0,8.743,49.963,8.727,49.876,7.747,44.273,26.657,152.34,12.075,69.01,1.0,0.9984,0.9836,0.9775,-1.0,-1.0,-1.0,-1.0,-1.0,1.0,0.99994,-999,35.0,11.6923,23.3077,2.74229,0.704948,49.7906,0.569062,1.0,-999,43.146
27272,6.449,C,-1.165,44.83,2.978,10.24,PI+SIDIS,0.44,4.4,0.52,2.0,73.953,47.08,73.663,46.895,65.51,41.705,234.25,149.13,102.12,65.013,0.9999,0.9989,0.9836,0.9784,-1.0,-1.0,-1.0,-1.0,-1.0,1.0,0.99997,-999,386.0,107.231,278.769,3.88254,0.276539,49.8347,0.460391,1.0,-999,40.233
27273,6.449,C,-1.165,44.83,2.978,10.24,PI+SIDIS,0.44,4.4,0.52,2.0,82.731,48.286,82.421,48.105,73.488,42.892,259.7,151.58,114.51,66.839,1.0,0.9987,0.9813,0.9784,-1.0,-1.0,-1.0,-1.0,-1.0,1.0,0.99997,-999,446.0,115.538,330.462,4.11262,0.26543,49.7867,0.361201,1.0,-999,41.221
27274,6.449,C,-1.165,44.83,2.978,10.24,PI+SIDIS,0.44,4.4,0.52,2.0,74.663,47.004,74.426,46.855,66.245,41.705,236.8,149.08,103.08,64.896,1.0,0.9989,0.984,0.978,-1.0,-1.0,-1.0,-1.0,-1.0,1.0,0.99998,-999,413.0,100.385,312.615,4.31042,0.282818,49.7666,0.377904,1.0,-999,40.064
27275,6.449,C,-1.165,44.83,2.978,10.24,PI+SIDIS,0.44,4.4,0.52,2.0,65.867,45.121,65.694,45.002,58.161,39.842,212.03,145.25,90.358,61.898,0.9998,0.9992,0.979,0.9794,-1.0,-1.0,-1.0,-1.0,-1.0,1.0,0.99995,-999,352.0,90.0769,261.923,4.08767,0.295669,49.8783,0.486182,1.0,-999,38.297
27276,6.449,C,-1.165,44.83,2.978,10.24,PI+SIDIS,0.44,4.4,0.52,2.0,77.59,46.437,77.375,46.308,68.696,41.114,246.98,147.82,107.07,64.082,0.9996,0.999,0.9795,0.9782,-1.0,-1.0,-1.0,-1.0,-1.0,1.0,0.99996,-999,407.0,103.923,303.077,4.02045,0.270236,49.8216,0.446609,1.0,-999,39.502
27277,6.449,C,-1.165,44.83,2.978,10.24,PI+SIDIS,0.44,4.4,0.52,2.0,81.052,47.965,80.828,47.833,72.002,42.61,255.26,151.06,112.24,66.423,0.9999,0.999,0.9759,0.9785,-1.0,-1.0,-1.0,-1.0,-1.0,1.0,0.99996,-999,433.0,110.231,322.769,4.09609,0.266644,49.7627,0.380047,1.0,-999,40.93
27278,6.449,C,-1.165,44.83,2.978,10.24,PI+SIDIS,0.44,4.4,0.52,2.0,77.619,46.981,77.288,46.781,68.785,41.634,245.74,148.74,107.03,64.787,0.9998,0.9988,0.9834,0.9779,-1.0,-1.0,-1.0,-1.0,-1.0,1.0,0.99997,-999,412.0,106.462,305.538,4.058,0.272251,49.7688,0.386061,1.0,-999,39.968
27279,6.449,C,-1.165,44.83,2.978,10.24,PI+SIDIS,0.44,4.4,0.52,2.0,82.642,48.027,82.358,47.862,72.84,42.33,259.75,150.95,113.09,65.727,0.9998,0.9989,0.9788,0.9776,-1.0,-1.0,-1.0,-1.0,-1.0,1.0,0.99996,-999,436.0,113.692,322.308,4.01841,0.262929,49.8625,0.408264,1.0,-999,40.733
27280,6.449,C,-1.165,44.83,2.978,10.24,PI+SIDIS,0.44,4.4,0.52,2.0,34.844,47.617,34.73,47.461,30.64,41.872,109.88,150.16,47.585,65.029,0.9998,0.9984,0.9782,0.9789,-1.0,-1.0,-1.0,-1.0,-1.0,1.0,0.99995,-999,182.0,45.5385,136.462,4.02988,0.402214,49.8415,0.50803,1.0,-999,40.266
27281,6.449,C,-1.165,44.83,2.978,10.24,PI+SIDIS,0.44,4.4,0.52,2.0,118.34,48.082,118.01,47.947,105.11,42.705,371.99,151.13,163.7,66.509,1.0,0.9991,0.9819,0.977,-1.0,-1.0,-1.0,-1.0,-1.0,1.0,0.99995,-999,680.0,163.846,516.154,4.49261,0.229067,49.7376,0.416854,1.0,-999,-999
27282,6.449,C,-1.165,44.83,2.978,10.24,HMSDIS,0.44,4.4,0.52,2.0,11015.741,47.216,10985.72,47.087,9751.342,41.79,34927.345,149.7,15159.115,64.97,0.9998,0.9986,-999,-999,-1.0,-1.0,-1.0,1.0,-1.0,-1.0,0.99935,95.4942,-999,-999,-999,-999,-999,-999,-999,1.0,-999,40.22
27283,6.449,C,-1.165,44.83,2.978,10.24,HMSDIS,0.44,4.4,0.52,2.0,38628.964,47.431,38502.605,47.276,34091.554,41.86,122008.23,149.8,52955.253,65.02,0.9998,0.9987,-999,-999,-1.0,-1.0,-1.0,1.0,-1.0,-1.0,1.0,95.4763,-999,-999,-999,-999,-999,-999,-999,1.0,0.215,40.2
27284,6.449,C,-1.165,44.83,2.978,10.24,HMSDIS,0.44,4.4,0.52,2.0,42321.029,47.319,42135.453,47.112,37203.279,41.59,133549.65,149.3,57776.869,64.6,0.9996,0.9987,-999,-999,-1.0,-1.0,9.0,-1.0,-1.0,-1.0,0.99899,95.4731,-999,-999,-999,-999,-999,-999,-999,1.0,0.213,40.0
27285,6.449,Cu,-1.165,44.83,2.978,10.24,PI+SIDIS,0.44,4.4,0.52,2.0,80.765,47.813,80.491,47.65,71.66,42.423,254.05,150.4,111.68,66.12,0.9999,0.9984,0.9805,0.9736,-1.0,-1.0,-1.0,-1.0,-1.0,1.0,0.99996,-999,269.0,91.0769,177.923,2.27824,0.212729,49.6864,0.396039,1.0,-999,37.369
27286,6.449,Cu,-1.165,44.83,2.978,10.24,PI+SIDIS,0.44,4.4,0.52,2.0,78.819,47.412,78.585,47.271,70.087,42.159,248.8,149.66,109.12,65.639,0.9995,0.999,0.9761,0.9747,-1.0,-1.0,-1.0,-1.0,-1.0,1.0,0.99998,-999,250.0,92.0769,157.923,2.06969,0.210134,49.6575,0.493627,1.0,-999,37.017
27287,6.449,Cu,-1.165,44.83,2.978,10.24,PI+SIDIS,0.44,4.4,0.52,2.0,76.508,47.285,76.318,47.168,67.714,41.85,241.75,149.41,105.21,65.029,0.9999,0.9982,0.9813,0.9756,-1.0,-1.0,-1.0,-1.0,-1.0,1.0,0.99992,-999,247.0,88.2308,158.769,2.13979,0.214704,49.7529,0.390783,1.0,-999,36.805
27288,6.449,Cu,-1.165,44.83,2.978,10.24,PI+SIDIS,0.44,4.4,0.52,2.0,34.842,48.204,34.751,48.077,30.716,42.496,109.24,151.13,47.704,65.997,1.0,0.9981,0.9789,0.9749,-1.0,-1.0,-1.0,-1.0,-1.0,1.0,0.99997,-999,112.0,43.8462,68.1538,2.01886,0.318176,49.6631,0.635558,1.0,-999,37.442
27289,6.449,Cu,-1.165,44.83,2.978,10.24,PI+SIDIS,0.44,4.4,0.52,2.0,135.66,47.93,135.15,47.749,120.16,42.454,425.83,150.44,187.32,66.181,0.9999,0.9983,0.9782,0.9737,-1.0,-1.0,-1.0,-1.0,-1.0,1.0,0.99995,-999,503.0,163.692,339.308,2.58733,0.173145,49.6938,0.418175,1.0,-999,-999
27290,6.449,Cu,-1.165,44.83,2.978,10.24,PI+SIDIS,0.44,4.4,0.52,2.0,81.873,47.374,81.586,47.208,72.819,42.135,258.27,149.44,113.43,65.639,0.9998,0.9982,0.9778,0.9736,-1.0,-1.0,-1.0,-1.0,-1.0,1.0,0.99997,-999,282.0,98.7692,183.231,2.31506,0.215011,49.6803,0.47034,1.0,-999,36.936
27291,6.449,Cu,-1.165,44.83,2.978,10.24,PI+SIDIS,0.44,4.4,0.52,2.0,84.741,48.293,84.472,48.14,75.492,43.023,265.9,151.53,117.58,67.009,0.9999,0.9981,0.9823,0.9731,-1.0,-1.0,-1.0,-1.0,-1.0,1.0,0.99995,-999,295.0,98.0769,196.923,2.40394,0.212335,49.5824,0.432524,1.0,-999,37.689
27292,6.449,Cu,-1.165,44.83,2.978,10.24,PI+SIDIS,0.44,4.4,0.52,2.0,67.875,46.185,67.683,46.055,60.535,41.191,216.65,147.42,94.305,64.17,0.9996,0.9984,0.978,0.9741,-1.0,-1.0,-1.0,-1.0,-1.0,1.0,0.99998,-999,224.0,78.1538,145.846,2.22061,0.230915,49.588,0.433985,1.0,-999,35.991
27293,6.449,Cu,-1.165,44.83,2.978,10.24,PI+SIDIS,0.44,4.4,0.52,2.0,78.729,47.382,78.543,47.27,70.256,42.283,248.77,149.72,109.48,65.891,1.0,0.9982,0.9792,0.9745,-1.0,-1.0,-1.0,-1.0,-1.0,1.0,0.99995,-999,284.0,94.7692,189.231,2.48064,0.223735,49.5547,0.421643,1.0,-999,37.014
27294,6.449,Cu,-1.165,44.83,2.978,10.24,PI+SIDIS,0.44,4.4,0.52,2.0,81.212,48.028,81.012,47.91,72.256,42.732,255.2,150.92,112.47,66.518,0.9998,0.9981,0.978,0.973,-1.0,-1.0,-1.0,-1.0,-1.0,1.0,0.99994,-999,275.0,92.0,183.0,2.32994,0.213834,49.5406,0.423998,1.0,-999,37.511
27295,6.449,Cu,-1.165,44.83,2.978,10.24,HMSDIS,0.44,4.4,0.52,2.0,43889.9,47.786,43722.992,47.604,38733.463,42.17,137890.23,150.1,60087.717,65.42,0.9998,0.9983,-999,-999,-1.0,-1.0,-1.0,1.0,-1.0,-1.0,0.99956,95.5941,-999,-999,-999,-999,-999,-999,-999,1.0,0.209,37.0
27297,6.449,Cu,-1.165,44.83,2.978,10.24,HMSDIS,0.44,4.4,0.52,2.0,43497.575,48.328,43311.338,48.121,38374.513,42.63,136192.58,151.3,59669.08,66.29,0.9993,0.9984,-999,-999,-1.0,-1.0,9.0,-1.0,-1.0,-1.0,0.99882,95.5825,-999,-999,-999,-999,-999,-999,-999,1.0,0.211,37.4
27298,6.449,Al,-1.165,44.83,2.978,10.24,HMSDIS,0.44,4.4,0.52,2.0,70956.251,40.443,70691.277,40.292,62717.193,35.74,265863.08,151.5,97766.411,55.72,0.9998,0.9986,-999,-999,-1.0,-1.0,-1.0,1.0,-1.0,-1.0,1.0,99.1099,-999,-999,-999,-999,-999,-999,-999,1.0,0.064,7.14
27299,6.449,Al,-1.165,44.83,2.978,10.24,HMSDIS,0.44,4.4,0.52,2.0,67405.424,39.698,67179.659,39.565,59663.174,35.13,254016.02,149.6,92979.392,54.76,0.9997,0.9988,-999,-999,-1.0,-1.0,2.0,-1.0,-1.0,-1.0,0.9991,99.1155,-999,-999,-999,-999,-999,-999,-999,1.0,0.063,7.03
27300,6.449,LD2,-1.165,44.83,2.978,10.24,PI+SIDIS,0.44,4.4,0.52,2.0,52.419,29.442,52.173,29.304,46.327,26.021,270.39,151.87,72.183,40.544,0.9998,0.9982,0.9794,0.9764,-1.0,-1.0,-1.0,-1.0,-1.0,1.0,0.99997,-999,479.0,115.923,363.077,7.15543,0.435322,49.435,0.440681,1.0,-999,47.573
27301,6.449,LD2,-1.165,44.83,2.978,10.24,PI+SIDIS,0.44,4.4,0.52,2.0,50.454,29.244,50.217,29.106,44.61,25.856,260.04,150.72,69.491,40.277,0.9998,0.9979,0.9813,0.9766,-1.0,-1.0,-1.0,-1.0,-1.0,1.0,0.99998,-999,469.0,108.846,360.154,7.37296,0.447284,49.4272,0.422819,1.0,-999,47.098
27302,6.449,LD2,-1.165,44.83,2.978,10.24,PI+SIDIS,0.44,4.4,0.52,2.0,53.226,29.234,52.997,29.108,47.087,25.862,274.65,150.85,73.347,40.285,0.9999,0.9985,0.9823,0.9779,-1.0,-1.0,-1.0,-1.0,-1.0,1.0,0.99998,-999,470.0,117.923,352.077,6.81995,0.423978,49.3724,0.432743,1.0,-999,47.092
27303,6.449,LD2,-1.165,44.83,2.978,10.24,PI+SIDIS,0.44,4.4,0.52,2.0,48.091,29.01,47.914,28.903,42.564,25.676,248.57,149.94,66.311,40.001,0.9998,0.9986,0.9771,0.9781,-1.0,-1.0,-1.0,-1.0,-1.0,1.0,0.99996,-999,465.0,105.538,359.462,7.70089,0.465987,49.1474,0.424428,1.0,-999,46.752
27304,6.449,LD2,-1.165,44.83,2.978,10.24,PI+SIDIS,0.44,4.4,0.52,2.0,47.679,28.857,47.512,28.756,42.224,25.556,246.33,149.09,65.758,39.8,0.9999,0.9987,0.9838,0.9784,-1.0,-1.0,-1.0,-1.0,-1.0,1.0,0.99998,-999,447.0,101.846,345.154,7.45389,0.460571,48.9506,0.416734,1.0,-999,46.547
27305,6.449,LD2,-1.165,44.83,2.978,10.24,PI+SIDIS,0.44,4.4,0.52,2.0,47.855,29.035,47.664,28.918,42.351,25.695,247.35,150.07,65.973,40.027,0.9998,0.9984,0.9785,0.9779,-1.0,-1.0,-1.0,-1.0,-1.0,1.0,0.99991,-999,436.0,104.769,331.231,7.13467,0.453904,48.8651,0.42487,1.0,-999,46.784
27306,6.449,LD2,-1.165,44.83,2.978,10.24,PI+SIDIS,0.44,4.4,0.52,2.0,72.058,29.039,71.703,28.896,63.74,25.687,371.74,149.81,99.28,40.009,0.9997,0.9989,0.9799,0.9782,-1.0,-1.0,-1.0,-1.0,-1.0,1.0,0.99998,-999,649.0,156.846,492.154,7.04561,0.368078,48.9353,0.499442,1.0,-999,-999
27307,6.449,LD2,-1.165,44.83,2.978,10.24,PI+SIDIS,0.44,4.4,0.52,2.0,45.23,29.22,45.035,29.094,40.033,25.863,233.55,150.88,62.349,40.28,0.9997,0.999,0.9845,0.9785,-1.0,-1.0,-1.0,-1.0,-1.0,1.0,0.99994,-999,419.0,101.231,317.769,7.24144,0.47078,47.3801,1.22493,1.0,-999,47.137
27308,6.449,LD2,-1.165,44.83,2.978,10.24,PI+SIDIS,0.44,4.4,0.52,2.0,47.361,28.813,47.188,28.707,41.942,25.516,244.84,148.95,65.331,39.745,0.9997,0.999,0.9765,0.9802,-1.0,-1.0,-1.0,-1.0,-1.0,1.0,0.99997,-999,388.0,105.308,282.692,6.1374,0.432089,49.6288,0.449379,1.0,-999,46.495
27309,6.449,LD2,-1.165,44.83,2.978,10.24,PI+SIDIS,0.44,4.4,0.52,2.0,30.255,28.877,30.146,28.773,26.8,25.579,156.46,149.33,41.741,39.839,0.9999,0.999,0.9816,0.9789,-1.0,-1.0,-1.0,-1.0,-1.0,1.0,0.99996,-999,268.0,67.9231,200.077,6.80779,0.562431,49.5784,0.461509,1.0,-999,46.619
27310,6.449,LH2,-1.165,44.83,2.978,10.24,PI+SIDIS,0.44,4.4,0.52,2.0,99.952,54.937,99.682,54.789,89.136,48.993,272.57,149.81,138.85,76.317,0.9999,0.999,0.9804,0.9752,-1.0,-1.0,-1.0,-1.0,-1.0,1.0,0.99997,-999,567.0,114.846,452.154,4.67445,0.248081,49.625,0.417343,1.0,-999,44.913
27311,6.449,LH2,-1.165,44.83,2.978,10.24,PI+SIDIS,0.44,4.4,0.52,2.0,96.828,55.504,96.609,55.378,85.867,49.221,262.49,150.46,133.37,76.453,0.9999,0.999,0.9783,0.9769,-1.0,-1.0,-1.0,-1.0,-1.0,1.0,0.99997,-999,546.0,115.308,430.692,4.58604,0.250823,49.6972,0.442296,1.0,-999,45.202
27312,6.449,LH2,-1.165,44.83,2.978,10.24,PI+SIDIS,0.44,4.4,0.52,2.0,98.067,54.488,97.877,54.383,86.662,48.152,268.1,148.96,134.62,74.802,0.9999,0.9993,0.9816,0.9759,-1.0,-1.0,-1.0,-1.0,-1.0,1.0,0.99996,-999,585.0,117.077,467.923,4.92307,0.256423,49.7083,0.396676,1.0,-999,44.222
27313,6.449,LH2,-1.165,44.83,2.978,10.24,PI+SIDIS,0.44,4.4,0.52,2.0,85.871,54.804,85.665,54.672,76.138,48.591,234.2,149.47,118.64,75.717,0.9997,0.9993,0.9764,0.9766,-1.0,-1.0,-1.0,-1.0,-1.0,1.0,0.99999,-999,482.0,102.385,379.615,4.56128,0.265941,49.6924,0.443501,1.0,-999,44.542
27314,6.449,LH2,-1.165,44.83,2.978,10.24,PI+SIDIS,0.44,4.4,0.52,2.0,92.143,55.053,91.831,54.866,81.918,48.944,250.35,149.58,127.72,76.313,1.0,0.9986,0.9815,0.977,-1.0,-1.0,-1.0,-1.0,-1.0,1.0,0.99998,-999,523.0,113.923,409.077,4.5817,0.258274,49.6734,0.436481,1.0,-999,44.83
27315,6.449,LH2,-1.165,44.83,2.978,10.24,PI+SIDIS,0.44,4.4,0.52,2.0,91.594,55.33,91.355,55.185,81.616,49.303,248.59,150.16,127.21,76.847,0.9997,0.9988,0.9813,0.975,-1.0,-1.0,-1.0,-1.0,-1.0,1.0,0.99994,-999,549.0,109.538,439.462,4.95921,0.266431,49.6453,0.4212,1.0,-999,45.143
27316,6.449,LH2,-1.165,44.83,2.978,10.24,PI+SIDIS,0.44,4.4,0.52,2.0,92.932,54.854,92.706,54.72,82.401,48.638,253.1,149.39,128.08,75.604,1.0,0.9989,0.9784,0.9764,-1.0,-1.0,-1.0,-1.0,-1.0,1.0,0.99996,-999,565.0,111.154,453.846,5.03837,0.265868,49.6949,0.428179,1.0,-999,44.607
27317,6.449,LH2,-1.165,44.83,2.978,10.24,PI+SIDIS,0.44,4.4,0.52,2.0,116.0,54.924,115.73,54.793,102.67,48.611,315.87,149.54,159.64,75.582,0.9999,0.9989,0.9829,0.9758,-1.0,-1.0,-1.0,-1.0,-1.0,1.0,0.99996,-999,671.0,134.308,536.692,4.77597,0.232282,49.6862,0.472134,1.0,-999,44.584
27318,6.449,LH2,-1.165,44.83,2.978,10.24,PI+SIDIS,0.44,4.4,0.52,2.0,86.115,52.849,85.913,52.725,76.642,47.035,238.74,146.52,119.5,73.339,0.9997,0.999,0.9797,0.9752,-1.0,-1.0,-1.0,-1.0,-1.0,1.0,1.0,-999,461.0,99.6923,361.308,4.33503,0.259745,49.6597,0.407262,1.0,-999,43.035
27319,6.449,LH2,-1.165,44.83,2.978,10.24,PI+SIDIS,0.44,4.4,0.52,2.0,96.191,55.314,95.97,55.187,85.701,49.281,261.15,150.17,133.58,76.817,0.9997,0.9992,0.9836,0.9774,-1.0,-1.0,-1.0,-1.0,-1.0,1.0,0.99996,-999,579.0,117.385,461.615,4.94651,0.259847,49.7185,0.406385,1.0,-999,45.139
27320,6.449,Dummy,-1.165,44.83,2.978,10.24,PI+SIDIS,0.44,4.4,0.52,2.0,63.473,39.28,63.227,39.127,55.803,34.533,239.97,148.5,86.635,53.613,0.9985,0.9992,0.9669,0.9721,-1.0,-1.0,-1.0,-1.0,-1.0,1.0,1.0,-999,61.0,4.0,57.0,0.932208,0.128055,49.9326,0.513282,1.0,-999,7.106
27321,6.449,Dummy,-1.165,44.83,2.978,10.24,PI+SIDIS,0.44,4.4,0.52,2.0,61.427,39.875,61.184,39.717,54.1,35.118,231.05,149.98,84.205,54.661,1.0,0.9992,0.9853,0.9741,-1.0,-1.0,-1.0,-1.0,-1.0,1.0,1.0,-999,51.0,3.84615,47.1538,0.793956,0.120593,49.8408,0.380189,1.0,-999,7.24
27322,6.449,Dummy,-1.165,44.83,2.978,10.24,PI+SIDIS,0.44,4.4,0.52,2.0,70.67,39.205,70.393,39.051,62.535,34.692,267.35,148.31,97.549,54.116,1.0,0.9971,0.9679,0.9666,-1.0,-1.0,-1.0,-1.0,-1.0,1.0,1.0,-999,64.0,4.46154,59.5385,0.878053,0.118297,49.7095,0.562747,1.0,-999,7.148
27323,6.449,Dummy,-1.165,44.83,2.978,10.24,PI+SIDIS,0.44,4.4,0.52,2.0,66.004,39.777,65.748,39.622,58.468,35.235,248.47,149.74,91.094,54.896,1.0,0.9992,0.9833,0.9683,-1.0,-1.0,-1.0,-1.0,-1.0,1.0,1.0,-999,72.0,3.92308,68.0769,1.07288,0.134007,49.7906,0.413997,1.0,-999,7.273
27324,6.449,C,-1.165,44.83,2.978,10.24,PI+SIDIS,0.44,4.4,0.52,2.0,79.202,47.617,78.937,47.458,69.818,41.975,249.73,150.14,108.39,65.166,0.9999,0.999,0.9794,0.9781,-1.0,-1.0,-1.0,-1.0,-1.0,1.0,0.99994,-999,412.0,103.308,308.692,4.01297,0.266402,49.7925,0.448605,1.0,-999,40.665
27326,6.449,C,-1.165,44.83,2.978,10.24,PI+SIDIS,0.44,4.4,0.52,2.0,80.497,47.643,80.227,47.483,71.032,42.041,253.62,150.11,110.58,65.453,0.9999,0.9985,0.9846,0.9785,-1.0,-1.0,-1.0,-1.0,-1.0,1.0,0.99995,-999,440.0,113.308,326.692,4.17695,0.270836,49.7829,0.431208,1.0,-999,40.558
27327,6.449,C,-1.165,44.83,2.978,10.24,PI+SIDIS,0.44,4.4,0.52,2.0,79.403,47.726,79.137,47.565,70.455,42.347,249.89,150.19,109.92,66.069,0.9999,0.9985,0.9799,0.9796,-1.0,-1.0,-1.0,-1.0,-1.0,1.0,0.99992,-999,476.0,107.846,368.154,4.76655,0.284925,49.7627,0.415103,1.0,-999,40.756
27328,6.449,C,-1.165,44.83,2.978,10.24,PI+SIDIS,0.44,4.4,0.52,2.0,81.955,48.019,81.681,47.859,72.834,42.675,257.28,150.74,113.52,66.517,0.9997,0.9985,0.9804,0.9776,-1.0,-1.0,-1.0,-1.0,-1.0,1.0,0.99994,-999,426.0,115.231,310.769,3.90696,0.262167,49.748,0.448659,1.0,-999,41.045
27329,6.449,C,-1.165,44.83,2.978,10.24,PI+SIDIS,0.44,4.4,0.52,2.0,70.274,47.599,70.039,47.44,62.127,42.081,221.62,150.11,96.581,65.418,0.9999,0.999,0.9838,0.9789,-1.0,-1.0,-1.0,-1.0,-1.0,1.0,0.99995,-999,341.0,95.2308,245.769,3.5981,0.273236,49.7711,0.397581,1.0,-999,40.542
27330,6.449,C,-1.165,44.83,2.978,10.24,PI+SIDIS,0.44,4.4,0.52,2.0,65.017,46.551,64.796,46.392,57.363,41.071,206.5,147.85,89.191,63.859,0.9997,0.9985,0.9785,0.9786,-1.0,-1.0,-1.0,-1.0,-1.0,1.0,0.99995,-999,327.0,87.6923,239.308,3.78894,0.289247,49.7976,0.47124,1.0,-999,39.554
27331,6.449,C,-1.165,44.83,2.978,10.24,PI+SIDIS,0.44,4.4,0.52,2.0,71.662,48.388,71.419,48.224,63.474,42.859,224.24,151.41,99.024,66.863,0.9996,0.9989,0.9815,0.9783,-1.0,-1.0,-1.0,-1.0,-1.0,1.0,0.99995,-999,392.0,95.9231,296.077,4.25463,0.287177,49.7574,0.395417,1.0,-999,41.283
27332,6.449,C,-1.165,44.83,2.978,10.24,PI+SIDIS,0.44,4.4,0.52,2.0,114.68,48.525,114.3,48.362,102.0,43.158,358.93,151.87,159.1,67.321,0.9999,0.9989,0.9787,0.9768,-1.0,-1.0,-1.0,-1.0,-1.0,1.0,0.99998,-999,629.0,154.923,474.077,4.26179,0.227585,49.7273,0.395516,1.0,-999,41.545
27333,6.449,C,-1.165,44.83,2.978,10.24,PI+SIDIS,0.44,4.4,0.52,2.0,81.218,47.66,80.955,47.506,72.354,42.459,255.81,150.11,112.81,66.203,0.9999,0.9986,0.9814,0.9784,-1.0,-1.0,-1.0,-1.0,-1.0,1.0,0.99995,-999,426.0,107.077,318.923,4.04136,0.264061,49.7166,0.391149,1.0,-999,40.732
27334,6.449,C,-1.165,44.83,2.978,10.24,PI+SIDIS,0.44,4.4,0.52,2.0,84.007,48.03,83.738,47.876,74.868,42.805,264.0,150.94,116.7,66.725,0.9996,0.9981,0.9804,0.9779,-1.0,-1.0,-1.0,-1.0,-1.0,1.0,0.99997,-999,467.0,108.923,358.077,4.39023,0.26732,49.7354,0.409333,1.0,-999,41.044
27335,6.449,Cu,-1.165,44.83,2.978,10.24,PI+SIDIS,0.44,4.4,0.52,2.0,77.87,46.952,77.614,46.798,69.384,41.836,246.44,148.59,108.08,65.17,0.9996,0.9984,0.9798,0.9742,-1.0,-1.0,-1.0,-1.0,-1.0,1.0,0.99996,-999,270.0,93.2308,176.769,2.34667,0.221014,49.7549,0.374418,1.0,-999,36.799
27336,6.449,Cu,-1.165,44.83,2.978,10.24,PI+SIDIS,0.44,4.4,0.52,2.0,73.252,46.926,73.009,46.77,65.218,41.78,232.08,148.67,101.58,65.073,0.9995,0.9986,0.9805,0.9748,-1.0,-1.0,-1.0,-1.0,-1.0,1.0,0.99993,-999,261.0,84.4615,176.538,2.49016,0.2307,49.7436,0.443614,1.0,-999,36.663
27337,6.449,Cu,-1.165,44.83,2.978,10.24,PI+SIDIS,0.44,4.4,0.52,2.0,71.147,47.152,70.904,46.991,63.292,41.946,225.12,149.2,98.585,65.335,0.9998,0.9984,0.9791,0.9735,-1.0,-1.0,-1.0,-1.0,-1.0,1.0,0.99997,-999,244.0,85.8462,158.154,2.29949,0.230168,49.7986,0.451279,1.0,-999,36.841
27338,6.449,Cu,-1.165,44.83,2.978,10.24,PI+SIDIS,0.44,4.4,0.52,2.0,84.411,47.893,84.113,47.724,75.047,42.58,265.48,150.62,116.87,66.314,0.9996,0.9985,0.9795,0.9753,-1.0,-1.0,-1.0,-1.0,-1.0,1.0,0.99995,-999,294.0,96.6923,197.308,2.41414,0.212431,49.7075,0.403355,1.0,-999,37.403
27339,6.449,Cu,-1.165,44.83,2.978,10.24,PI+SIDIS,0.44,4.4,0.52,2.0,81.924,47.716,81.634,47.547,72.784,42.393,258.05,150.3,113.37,66.035,0.9996,0.9981,0.9813,0.9739,-1.0,-1.0,-1.0,-1.0,-1.0,1.0,0.99994,-999,260.0,98.6923,161.308,2.03655,0.206526,49.7001,0.416624,1.0,-999,37.264
27340,6.449,Cu,-1.165,44.83,2.978,10.24,PI+SIDIS,0.44,4.4,0.52,2.0,76.024,46.712,75.754,46.546,67.512,41.482,241.78,148.56,105.14,64.606,0.9998,0.9983,0.9748,0.9742,-1.0,-1.0,-1.0,-1.0,-1.0,1.0,0.99996,-999,254.0,89.3846,164.615,2.23848,0.219634,49.6552,0.354644,1.0,-999,36.427
27341,6.449,Cu,-1.165,44.83,2.978,10.24,PI+SIDIS,0.44,4.4,0.52,2.0,78.11,46.551,77.867,46.406,69.36,41.337,248.42,148.05,108.03,64.384,0.9998,0.9988,0.975,0.9739,-1.0,-1.0,-1.0,-1.0,-1.0,1.0,0.99998,-999,236.0,90.6923,145.308,1.92302,0.206289,49.636,0.366867,1.0,-999,36.333
27342,6.449,Cu,-1.165,44.83,2.978,10.24,PI+SIDIS,0.44,4.4,0.52,2.0,31.656,47.127,31.567,46.996,28.112,41.851,100.17,149.13,43.786,65.187,1.0,0.999,0.9797,0.9715,-1.0,-1.0,-1.0,-1.0,-1.0,1.0,0.99994,-999,125.0,34.8462,90.1538,2.95087,0.369853,49.5364,0.428569,1.0,-999,36.853
27343,6.449,Cu,-1.165,44.83,2.978,10.24,PI+SIDIS,0.44,4.4,0.52,2.0,77.211,47.237,76.853,47.017,68.429,41.864,244.2,149.4,106.57,65.201,0.9998,0.9991,0.9817,0.9736,-1.0,-1.0,-1.0,-1.0,-1.0,1.0,0.99993,-999,250.0,91.9231,158.077,2.12027,0.215054,49.4251,0.463736,1.0,-999,36.994
27344,6.449,Cu,-1.165,44.83,2.978,10.24,PI+SIDIS,0.44,4.4,0.52,2.0,86.253,47.616,85.903,47.423,76.478,42.22,272.03,150.17,119.09,65.747,0.9998,0.9987,0.9783,0.9745,-1.0,-1.0,-1.0,-1.0,-1.0,1.0,0.99997,-999,295.0,98.0,197.0,2.36176,0.208526,49.0081,1.60135,1.0,-999,37.177
27345,6.449,Cu,-1.165,44.83,2.978,10.24,PI+SIDIS,0.44,4.4,0.52,2.0,75.781,46.781,75.516,46.617,67.208,41.489,240.78,148.64,104.66,64.612,0.9997,0.9987,0.9781,0.9759,-1.0,-1.0,-1.0,-1.0,-1.0,1.0,0.99996,-999,238.0,91.6154,146.385,1.9937,0.213201,49.0377,0.88289,1.0,-999,36.487
27347,6.449,Cu,-1.165,44.83,2.978,10.24,PI+SIDIS,0.44,4.4,0.52,2.0,80.393,47.536,80.145,47.389,71.299,42.158,254.15,150.28,111.06,65.671,0.9998,0.9986,0.9772,0.9748,-1.0,-1.0,-1.0,-1.0,-1.0,1.0,0.99996,-999,276.0,98.8462,177.154,2.27557,0.216319,49.964,1.34563,1.0,-999,37.104
27348,6.449,Cu,-1.165,44.83,2.978,10.24,PI+SIDIS,0.44,4.4,0.52,2.0,83.584,46.121,83.302,45.965,74.089,40.882,266.92,147.28,115.42,63.689,0.9997,0.9988,0.9778,0.9753,-1.0,-1.0,-1.0,-1.0,-1.0,1.0,0.99999,-999,280.0,100.308,179.692,2.21977,0.209537,51.2151,0.411777,1.0,-999,35.943
27349,6.449,Cu,-1.165,44.83,2.978,10.24,PI+SIDIS,0.44,4.4,0.52,2.0,102.74,47.401,102.26,47.182,91.005,41.986,324.62,149.76,141.74,65.393,0.9999,0.9989,0.9781,0.9733,-1.0,-1.0,-1.0,-1.0,-1.0,1.0,0.99997,-999,382.0,122.154,259.846,2.61941,0.199432,51.281,0.387051,1.0,-999,36.936
27350,6.449,Cu,-1.165,44.83,2.978,10.24,PI+SIDIS,0.44,4.4,0.52,2.0,108.32,48.041,107.91,47.857,96.053,42.599,340.74,151.11,149.61,66.353,0.9998,0.9988,0.9797,0.9755,-1.0,-1.0,-1.0,-1.0,-1.0,1.0,0.99997,-999,375.0,130.615,244.385,2.3297,0.187061,51.243,0.356608,1.0,-999,37.475
27352,6.449,LH2,-5.39,14.005,3.61,27.75,HEE,-999,-999,-999,-999,62509.155,67.499,62475.344,67.463,55231.902,59.64,137756.46,148.7,83148.058,89.78,0.9979,0.213,-999,-999,-1.0,-1.0,-1.0,17.0,-1.0,-1.0,1.0,99.9854,-999,-999,-999,-999,-999,-999,-999,1.0,-999,-999
27355,6.449,Dummy,-5.39,14.005,3.61,27.75,HEE,-999,-999,-999,-999,23049.703,36.152,22934.668,35.971,20358.722,31.93,96172.761,150.8,31732.896,49.77,0.9986,0.2112,-999,-999,-1.0,-1.0,-1.0,2.0,-1.0,-1.0,0.99953,99.9963,-999,-999,-999,-999,-999,-999,-999,1.0,5.236,-999
27356,6.449,LD2,-5.39,14.005,3.61,27.75,HEE,-999,-999,-999,-999,35995.006,55.511,35906.329,55.374,32086.443,49.48,96689.231,149.1,50002.582,77.11,0.9972,0.2645,-999,-999,-1.0,-1.0,-1.0,17.0,-1.0,-1.0,1.0,99.9736,-999,-999,-999,-999,-999,-999,-999,1.0,-999,-999
27357,6.449,LH2,-3.7,27.0,3.61,27.72,HEEP,-999,-999,-999,-999,6.503,70.407,6.499,70.362,5.749,62.24,13.961,151.16,8.633,93.472,1.0,0.9999,0.0,0.9881,-1.0,-1.0,-1.0,-1.0,-1.0,1.0,1.0,-999,1.0,0.0,1.0,0.177285,0.177285,53.0751,0.245959,1.0,-999,-999
27358,6.449,LH2,-1.165,44.83,-3.837,10.24,PI-SIDIS,0.44,4.4,0.67,2.0,120.53,68.742,120.38,68.656,106.4,60.682,263.84,150.47,160.44,91.506,0.9999,0.9989,0.9822,0.9572,-1.0,-1.0,-1.0,-1.0,-1.0,1.0,0.99997,-999,208.0,34.8462,173.154,1.50886,0.126482,51.3213,0.406084,1.0,-999,-999
27361,6.449,LH2,-1.165,44.83,-3.837,10.24,PI-SIDIS,0.44,4.4,0.67,2.0,126.52,69.148,126.39,69.074,111.59,60.99,275.53,150.58,168.34,92.004,0.9998,0.9988,0.9829,0.9521,-1.0,-1.0,-1.0,-1.0,-1.0,1.0,0.99998,-999,251.0,33.8462,217.154,1.81216,0.132894,51.2372,0.366472,1.0,-999,-999
27362,6.449,LH2,-1.165,44.83,-3.837,10.24,PI-SIDIS,0.44,4.4,0.67,2.0,108.79,69.55,108.55,69.397,95.851,61.276,236.56,151.23,144.59,92.435,0.9999,0.9984,0.9846,0.9579,-1.0,-1.0,-1.0,-1.0,-1.0,1.0,1.0,-999,204.0,27.8462,176.154,1.7011,0.138651,51.2986,0.398152,1.0,-999,-999
27363,6.449,LH2,-1.165,44.83,-3.837,10.24,PI-SIDIS,0.44,4.4,0.67,2.0,83.033,66.187,82.9,66.082,73.184,58.337,185.32,147.72,110.5,88.086,0.9999,0.9989,0.9834,0.9572,-1.0,-1.0,-1.0,-1.0,-1.0,1.0,0.99999,-999,140.0,22.3077,117.692,1.48968,0.15068,51.2713,0.335672,1.0,-999,-999
27364,6.449,LH2,-1.165,44.83,-3.837,10.24,PI-SIDIS,0.44,4.4,0.67,2.0,105.7,66.513,105.59,66.445,93.17,58.627,235.22,148.01,140.67,88.517,0.9997,0.9993,0.9823,0.9565,-1.0,-1.0,-1.0,-1.0,-1.0,1.0,0.99993,-999,218.0,29.0,189.0,1.87955,0.147581,51.2797,0.356794,1.0,-999,-999
27365,6.449,LH2,-1.165,44.83,-3.837,10.24,PI-SIDIS,0.44,4.4,0.67,2.0,123.1,68.618,122.98,68.552,108.48,60.469,269.54,150.24,163.95,91.388,0.9998,0.9989,0.9846,0.9544,-1.0,-1.0,-1.0,-1.0,-1.0,1.0,0.99997,-999,227.0,34.7692,192.231,1.64451,0.129649,51.2409,0.391692,1.0,-999,-999
27366,6.449,LH2,-1.165,44.83,-3.837,10.24,PI-SIDIS,0.44,4.4,0.67,2.0,116.2,67.963,116.07,67.886,102.37,59.874,255.54,149.45,154.59,90.418,0.9999,0.999,0.984,0.9624,-1.0,-1.0,-1.0,-1.0,-1.0,1.0,0.99998,-999,200.0,33.3846,166.615,1.49761,0.127929,51.2432,0.387783,1.0,-999,-999
27367,6.449,LH2,-1.165,44.83,-3.837,10.24,PI-SIDIS,0.44,4.4,0.67,2.0,119.71,68.756,119.43,68.597,105.37,60.519,261.49,150.18,158.97,91.306,0.9998,0.9992,0.9828,0.961,-1.0,-1.0,-1.0,-1.0,-1.0,1.0,0.99997,-999,218.0,35.2308,182.769,1.59904,0.129978,51.3034,0.406919,1.0,-999,-999
27368,6.449,LH2,-1.165,44.83,-3.837,10.24,PI-SIDIS,0.44,4.4,0.67,2.0,115.47,69.129,115.29,69.016,101.71,60.889,251.71,150.68,153.61,91.955,0.9998,0.9996,0.9847,0.9523,-1.0,-1.0,-1.0,-1.0,-1.0,1.0,0.99997,-999,228.0,30.9231,197.077,1.80258,0.138829,51.3048,0.348205,1.0,-999,-999
27369,6.449,LH2,-1.165,44.83,-3.837,10.24,PI-SIDIS,0.44,4.4,0.67,2.0,119.72,69.19,119.6,69.118,105.49,60.969,260.94,150.8,159.3,92.064,0.9998,0.9991,0.9836,0.9575,-1.0,-1.0,-1.0,-1.0,-1.0,1.0,0.99998,-999,203.0,34.3077,168.692,1.47921,0.125744,51.2854,0.372919,1.0,-999,-999
27370,6.449,LH2,-1.165,44.83,-3.837,10.24,PI-SIDIS,0.44,4.4,0.67,2.0,129.84,70.392,129.71,70.32,114.43,62.035,280.13,151.86,172.55,93.547,0.9999,0.9993,0.9757,0.9477,-1.0,-1.0,-1.0,-1.0,1.0,-1.0,0.99954,-999,208.0,36.3846,171.615,1.47788,0.125031,51.2339,0.386936,1.0,-999,-999
27372,6.449,LH2,-1.165,44.83,-3.837,10.24,HMSDIS,0.44,4.4,0.67,2.0,62481.816,68.241,62412.388,68.165,55089.45,60.16,137232.21,149.8,83173.153,90.84,0.9999,0.9993,-999,-999,-1.0,-1.0,-1.0,1.0,-1.0,-1.0,0.99995,96.1455,-999,-999,-999,-999,-999,-999,-999,1.0,0.236,-999
27373,6.449,LH2,-1.165,44.83,-3.837,10.24,HMSDIS,0.44,4.4,0.67,2.0,58550.689,68.473,58451.599,68.357,51597.286,60.34,128278.97,150.0,77959.018,91.17,0.9998,0.9993,-999,-999,-1.0,-1.0,5.0,-1.0,-1.0,-1.0,0.99889,96.1441,-999,-999,-999,-999,-999,-999,-999,1.0,0.236,-999
27375,6.449,Dummy,-1.165,44.83,-3.837,10.24,PI-SIDIS,0.44,4.4,0.67,2.0,70.538,39.778,70.174,39.573,61.906,34.911,266.21,150.12,96.214,54.258,1.0,0.9985,0.9776,0.961,-1.0,-1.0,-1.0,-1.0,-1.0,1.0,1.0,-999,46.0,1.0,45.0,0.669475,0.100986,51.3122,0.432714,1.0,-999,-999
27376,6.449,Dummy,-1.165,44.83,-3.837,10.24,PI-SIDIS,0.44,4.4,0.67,2.0,51.327,38.966,51.082,38.78,45.086,34.228,194.84,147.91,70.061,53.188,1.0,0.999,0.9694,0.9664,-1.0,-1.0,-1.0,-1.0,-1.0,1.0,1.0,-999,27.0,0.461538,26.5385,0.539938,0.105788,51.25,0.402047,1.0,-999,-999
27377,6.449,Dummy,-1.165,44.83,-3.837,10.24,PI-SIDIS,0.44,4.4,0.67,2.0,72.349,39.256,72.035,39.086,63.622,34.521,274.38,148.88,98.894,53.659,1.0,1.0,0.9811,0.9503,-1.0,-1.0,-1.0,-1.0,-1.0,1.0,0.99996,-999,26.0,0.461538,25.5385,0.374317,0.0747874,51.5864,0.456786,1.0,-999,-999
27378,6.449,Dummy,-1.165,44.83,-3.837,10.24,PI-SIDIS,0.44,4.4,0.67,2.0,67.729,38.956,67.445,38.793,59.682,34.328,257.3,148.0,93.023,53.506,1.0,0.9992,0.9791,0.9362,-1.0,-1.0,-1.0,-1.0,-1.0,1.0,1.0,-999,30.0,1.69231,28.3077,0.44985,0.0872297,51.3162,0.508551,1.0,-999,-999
27379,6.449,Dummy,-1.165,44.83,-3.837,10.24,HMSDIS,0.44,4.4,0.67,2.0,36560.197,39.407,36397.29,39.232,32270.604,34.78,138422.46,149.2,50322.404,54.24,0.9998,0.9991,-999,-999,-1.0,-1.0,-1.0,1.0,-1.0,-1.0,1.0,99.1858,-999,-999,-999,-999,-999,-999,-999,1.0,-999,-999
27381,6.449,LH2,-1.165,44.83,-3.837,10.24,PI-SIDIS,0.44,4.4,0.67,2.0,122.21,67.679,122.01,67.564,108.62,60.152,269.62,149.3,162.69,90.095,0.9998,0.9993,0.9853,0.9593,-1.0,-1.0,-1.0,-1.0,-1.0,1.0,1.0,-999,245.0,36.9231,208.077,1.78511,0.13506,51.2634,0.378291,1.0,-999,-999
27382,6.449,LH2,-1.165,44.83,-3.837,10.24,PI-SIDIS,0.44,4.4,0.67,2.0,117.04,68.485,116.89,68.399,104.1,60.916,256.18,149.9,155.73,91.127,1.0,0.9994,0.9834,0.9624,-1.0,-1.0,-1.0,-1.0,-1.0,1.0,0.99999,-999,239.0,31.4615,207.538,1.85217,0.138666,51.1963,0.341857,1.0,-999,-999
27383,6.449,LH2,-1.165,44.83,-3.837,10.24,PI-SIDIS,0.44,4.4,0.67,2.0,126.3,68.573,126.15,68.496,111.56,60.573,276.48,150.11,168.03,91.23,0.9999,0.9986,0.984,0.9591,-1.0,-1.0,-1.0,-1.0,-1.0,1.0,0.99998,-999,236.0,36.3846,199.615,1.65642,0.128231,51.2978,0.466633,1.0,-999,-999
27384,6.449,LH2,-1.165,44.83,-3.837,10.24,PI-SIDIS,0.44,4.4,0.67,2.0,121.47,69.73,121.36,69.669,107.23,61.556,263.39,151.19,161.53,92.726,1.0,0.9989,0.983,0.9609,-1.0,-1.0,-1.0,-1.0,-1.0,1.0,0.99997,-999,242.0,34.6923,207.308,1.78473,0.134662,51.244,0.406851,1.0,-999,-999
27385,6.449,LH2,-1.165,44.83,-3.837,10.24,PI-SIDIS,0.44,4.4,0.67,2.0,47.984,69.168,47.943,69.109,42.485,61.242,104.32,150.37,63.836,92.019,0.9998,0.9999,0.9863,0.9653,-1.0,-1.0,-1.0,-1.0,-1.0,1.0,1.0,-999,90.0,12.4615,77.5385,1.68374,0.207099,51.2006,0.393782,1.0,-999,-999
27386,6.449,LH2,-1.165,44.83,-3.837,10.24,PI-SIDIS,0.44,4.4,0.67,2.0,117.68,69.747,117.57,69.681,104.47,61.916,255.27,151.29,156.52,92.768,0.9998,0.9991,0.9853,0.9549,-1.0,-1.0,-1.0,-1.0,-1.0,1.0,0.99997,-999,237.0,33.3077,203.692,1.82188,0.138438,51.2237,0.350857,1.0,-999,-999
27387,6.449,LH2,-1.165,44.83,-3.837,10.24,PI-SIDIS,0.44,4.4,0.67,2.0,103.86,69.583,103.65,69.444,91.526,61.319,225.37,150.99,138.0,92.46,0.9997,0.9987,0.9831,0.9516,-1.0,-1.0,-1.0,-1.0,-1.0,1.0,1.0,-999,208.0,28.9231,179.077,1.82342,0.147635,51.3568,0.353936,1.0,-999,-999
27388,6.449,LH2,-1.165,44.83,-3.837,10.24,PI-SIDIS,0.44,4.4,0.67,2.0,107.18,67.213,107.01,67.105,94.718,59.395,237.24,148.76,142.63,89.442,1.0,0.9984,0.9833,0.9524,-1.0,-1.0,-1.0,-1.0,-1.0,1.0,0.99998,-999,182.0,28.3846,153.615,1.51329,0.133694,51.2988,0.341997,1.0,-999,-999
27389,6.449,LH2,-1.165,44.83,-3.837,10.24,PI-SIDIS,0.44,4.4,0.67,2.0,117.21,69.296,117.07,69.212,103.98,61.473,255.04,150.77,155.92,92.176,0.9998,0.9985,0.9844,0.9583,-1.0,-1.0,-1.0,-1.0,-1.0,1.0,0.99997,-999,226.0,35.2308,190.769,1.70741,0.135354,51.2334,0.421508,1.0,-999,-999
27390,6.449,LH2,-1.165,44.83,-3.837,10.24,PI-SIDIS,0.44,4.4,0.67,2.0,119.46,69.603,119.34,69.536,106.2,61.879,259.15,150.99,158.92,92.595,0.9998,0.9986,0.9843,0.956,-1.0,-1.0,-1.0,-1.0,-1.0,1.0,0.99997,-999,250.0,35.5385,214.462,1.88753,0.139919,51.2745,0.421275,1.0,-999,-999
27391,6.449,LH2,-1.165,44.83,-3.837,10.24,PI-SIDIS,0.44,4.4,0.67,2.0,113.64,67.864,113.54,67.802,101.06,60.35,250.19,149.39,151.35,90.377,0.9997,0.9987,0.9841,0.9585,-1.0,-1.0,-1.0,-1.0,-1.0,1.0,0.99997,-999,224.0,31.2308,192.769,1.77887,0.138851,51.2175,0.365704,1.0,-999,-999
27392,6.449,Dummy,-1.165,44.83,-3.837,10.24,PI-SIDIS,0.44,4.4,0.67,2.0,77.314,40.086,76.957,39.9,68.417,35.473,291.02,150.88,106.63,55.288,0.9981,1.0,0.982,0.9513,-1.0,-1.0,-1.0,-1.0,-1.0,1.0,1.0,-999,27.0,1.53846,25.4615,0.3496,0.071502,51.3034,0.398383,1.0,-999,-999
27393,6.449,Dummy,-1.165,44.83,-3.837,10.24,PI-SIDIS,0.44,4.4,0.67,2.0,71.905,40.492,71.514,40.271,63.583,35.805,269.8,151.93,99.069,55.788,1.0,0.996,0.9807,0.9556,-1.0,-1.0,-1.0,-1.0,-1.0,1.0,1.0,-999,32.0,1.23077,30.7692,0.451635,0.0831548,51.1993,0.301122,1.0,-999,-999
27394,6.449,Dummy,-1.165,44.83,-3.837,10.24,PI-SIDIS,0.44,4.4,0.67,2.0,52.371,40.36,52.116,40.164,46.308,35.687,196.61,151.52,72.141,55.596,1.0,0.9989,0.976,0.9522,-1.0,-1.0,-1.0,-1.0,-1.0,1.0,1.0,-999,25.0,0.461538,24.5385,0.496465,0.101232,51.2265,0.285793,1.0,-999,-999
27395,6.449,Dummy,-1.165,44.83,-3.837,10.24,PI-SIDIS,0.44,4.4,0.67,2.0,87.166,39.833,86.781,39.658,77.025,35.199,328.93,150.31,119.98,54.831,1.0,0.9981,0.9778,0.9446,-1.0,-1.0,-1.0,-1.0,-1.0,1.0,1.0,-999,55.0,2.15385,52.8462,0.64681,0.0909071,51.2609,0.33951,1.0,-999,-999
27396,6.449,Dummy,-1.165,44.83,-3.837,10.24,PI-SIDIS,0.44,4.4,0.67,2.0,72.108,39.974,71.795,39.8,63.675,35.299,271.9,150.73,99.184,54.984,1.0,0.9985,0.9768,0.9455,-1.0,-1.0,-1.0,-1.0,-1.0,1.0,1.0,-999,41.0,1.15385,39.8462,0.588864,0.0947306,51.2358,0.327461,1.0,-999,-999
27397,6.449,Dummy,-1.165,44.83,-3.837,10.24,PI-SIDIS,0.44,4.4,0.67,2.0,76.418,40.198,76.028,39.993,67.391,35.45,287.8,151.39,104.96,55.215,1.0,0.9985,0.9798,0.9494,-1.0,-1.0,-1.0,-1.0,-1.0,1.0,1.0,-999,29.0,0.769231,28.2308,0.39234,0.0749172,51.3125,0.300035,1.0,-999,-999
27399,6.449,LD2,-1.165,44.83,-2.987,10.24,PI-SIDIS,0.44,4.4,0.52,2.0,49.727,27.973,49.506,27.849,43.702,24.584,266.52,149.93,68.041,38.276,0.9999,0.9988,0.9851,0.9787,-1.0,-1.0,-1.0,-1.0,-1.0,1.0,0.99997,-999,256.0,79.6923,176.308,3.65282,0.33544,51.261,0.381516,1.0,-999,-999
27400,6.449,LD2,-1.165,44.83,-2.987,10.24,PI-SIDIS,0.44,4.4,0.52,2.0,48.543,28.33,48.332,28.207,42.608,24.866,260.12,151.8,66.156,38.609,1.0,0.9988,0.9845,0.9783,-1.0,-1.0,-1.0,-1.0,-1.0,1.0,0.99997,-999,297.0,82.0,215.0,4.56337,0.369648,51.3265,0.463602,1.0,-999,-999
27401,6.449,LD2,-1.165,44.83,-2.987,10.24,PI-SIDIS,0.44,4.4,0.52,2.0,45.801,27.341,45.601,27.222,40.186,23.989,245.07,146.29,62.406,37.254,1.0,0.999,0.9835,0.9777,-1.0,-1.0,-1.0,-1.0,-1.0,1.0,0.99995,-999,263.0,73.9231,189.077,4.25646,0.369005,51.2761,0.355592,1.0,-999,-999
27402,6.449,LD2,-1.165,44.83,-2.987,10.24,PI-SIDIS,0.44,4.4,0.52,2.0,60.418,27.964,60.09,27.813,53.051,24.555,323.38,149.68,82.578,38.221,1.0,0.9994,0.9847,0.9755,-1.0,-1.0,-1.0,-1.0,-1.0,1.0,0.99998,-999,323.0,104.538,218.462,3.74033,0.311513,51.2879,0.467387,1.0,-999,-999
27403,6.449,LD2,-1.165,44.83,-2.978,10.24,PI-SIDIS,0.44,4.4,0.52,2.0,3.003,28.207,2.988,28.07,2.642,24.82,16.123,151.46,4.115,38.659,0.9984,0.9989,0.9797,0.9811,-1.0,-1.0,-1.0,-1.0,-1.0,1.0,1.0,-999,18.0,6.0,12.0,4.12903,1.47843,51.19,0.294066,1.0,-999,289.39
27406,6.449,LD2,-1.165,44.83,-2.978,10.245,PI-SIDIS,0.44,4.4,0.52,2.0,50.93,28.618,50.709,28.494,44.604,25.064,271.11,152.34,69.22,38.896,0.9997,0.9984,0.9842,0.9741,-1.0,-1.0,-1.0,-1.0,-1.0,1.0,0.99995,-999,309.0,86.4615,222.538,4.52208,0.361025,51.2788,0.316481,1.0,-999,-999
27407,6.449,LD2,-1.165,44.83,-2.978,10.245,PI-SIDIS,0.44,4.4,0.52,2.0,47.993,28.318,47.743,28.171,42.149,24.87,254.65,150.25,65.58,38.695,0.9997,0.9978,0.984,0.9743,-1.0,-1.0,-1.0,-1.0,-1.0,1.0,0.99996,-999,296.0,83.0769,212.923,4.59471,0.375249,51.2649,0.352152,1.0,-999,-999
27408,6.449,LD2,-1.165,44.83,-2.978,10.245,PI-SIDIS,0.44,4.4,0.52,2.0,48.249,28.107,48.021,27.974,42.617,24.826,257.24,149.85,66.395,38.678,1.0,0.9979,0.9839,0.9759,-1.0,-1.0,-1.0,-1.0,-1.0,1.0,0.99997,-999,284.0,86.4615,197.538,4.22986,0.365056,51.2285,0.424111,1.0,-999,-999
27409,6.449,LD2,-1.165,44.83,-2.978,10.245,PI-SIDIS,0.44,4.4,0.52,2.0,47.526,28.437,47.31,28.308,41.877,25.057,251.57,150.53,65.1,38.952,0.9997,0.9978,0.9833,0.9744,-1.0,-1.0,-1.0,-1.0,-1.0,1.0,0.99994,-999,265.0,77.6923,187.308,4.07855,0.358439,51.3104,0.382481,1.0,-999,-999
27410,6.449,LD2,-1.165,44.83,-2.978,10.245,PI-SIDIS,0.44,4.4,0.52,2.0,28.668,28.434,28.553,28.32,25.162,24.957,152.45,151.21,39.031,38.712,1.0,0.9983,0.9835,0.9721,-1.0,-1.0,-1.0,-1.0,-1.0,1.0,0.99992,-999,172.0,48.1538,123.846,4.47781,0.479263,51.3152,0.323717,1.0,-999,-999
27411,6.449,LD2,-1.165,44.83,-2.978,10.245,PI-SIDIS,0.44,4.4,0.52,2.0,48.19,28.416,48.007,28.308,42.412,25.009,256.37,151.17,66.001,38.919,0.9997,0.9975,0.9833,0.9739,-1.0,-1.0,-1.0,-1.0,-1.0,1.0,0.99996,-999,251.0,83.5385,167.462,3.59529,0.344465,51.2322,0.414207,1.0,-999,-999
27412,6.449,LD2,-1.165,44.83,-2.978,10.245,PI-SIDIS,0.44,4.4,0.52,2.0,47.265,28.155,47.055,28.03,41.755,24.873,251.6,149.87,65.077,38.765,0.9998,0.9979,0.9845,0.9753,-1.0,-1.0,-1.0,-1.0,-1.0,1.0,0.99996,-999,264.0,78.7692,185.231,4.0509,0.359391,51.2417,0.410435,1.0,-999,-999
27413,6.449,LD2,-1.165,44.83,-2.978,10.245,PI-SIDIS,0.44,4.4,0.52,2.0,50.251,28.272,49.994,28.127,44.416,24.989,267.74,150.63,69.139,38.898,0.9998,0.9977,0.985,0.9718,-1.0,-1.0,-1.0,-1.0,-1.0,1.0,0.99995,-999,275.0,81.6923,193.308,3.99333,0.346464,51.2017,0.426777,1.0,-999,-999
27414,6.449,LD2,-1.165,44.83,-2.978,10.245,PI-SIDIS,0.44,4.4,0.52,2.0,43.679,27.273,43.481,27.15,38.409,23.983,232.79,145.36,59.621,37.228,0.9997,0.9976,0.9813,0.9731,-1.0,-1.0,-1.0,-1.0,-1.0,1.0,0.99995,-999,218.0,74.6154,143.385,3.40168,0.354864,51.2912,0.354032,1.0,-999,-999
27415,6.449,LD2,-1.165,44.83,-2.978,10.245,HMSDIS,0.44,4.4,0.52,2.0,24950.468,28.564,24835.497,28.432,21931.97,25.1,133073.46,152.3,34064.357,38.99,0.9998,0.9976,-999,-999,-1.0,-1.0,-1.0,1.0,-1.0,-1.0,0.99926,95.5245,-999,-999,-999,-999,-999,-999,-999,1.0,0.183,-999
27417,6.449,LD2,-1.165,44.83,-2.978,10.245,HMSDIS,0.44,4.4,0.52,2.0,23250.237,28.01,23157.957,27.899,20541.568,24.74,124410.01,149.8,31998.143,38.54,0.9997,0.9978,-999,-999,-1.0,-1.0,9.0,-1.0,-1.0,-1.0,0.99887,95.5567,-999,-999,-999,-999,-999,-999,-999,1.0,0.179,-999
27418,6.449,LH2,-1.165,44.83,-2.978,10.245,PI-SIDIS,0.44,4.4,0.52,2.0,98.267,55.806,97.972,55.638,87.429,49.651,265.78,150.93,136.17,77.331,0.9998,0.9978,0.981,0.9706,-1.0,-1.0,-1.0,-1.0,-1.0,1.0,0.99999,-999,250.0,73.5385,176.462,1.86372,0.168873,51.2107,0.39904,1.0,-999,-999
27419,6.449,LH2,-1.165,44.83,-2.978,10.245,PI-SIDIS,0.44,4.4,0.52,2.0,66.959,55.379,66.696,55.161,59.533,49.237,181.17,149.83,92.721,76.685,0.9997,0.9976,0.9783,0.9685,-1.0,-1.0,-1.0,-1.0,-1.0,1.0,0.99998,-999,168.0,52.0,116.0,1.80436,0.203999,51.193,0.396408,1.0,-999,-999
27420,6.449,LH2,-1.165,44.83,-2.978,10.245,PI-SIDIS,0.44,4.4,0.52,2.0,76.168,55.925,75.931,55.75,67.783,49.768,202.99,149.04,105.55,77.501,1.0,0.998,0.9804,0.9686,-1.0,-1.0,-1.0,-1.0,-1.0,1.0,0.99999,-999,181.0,61.8462,119.154,1.62732,0.186139,51.1845,0.373377,1.0,-999,-999
27421,6.449,LH2,-1.165,44.83,-2.978,10.245,PI-SIDIS,0.44,4.4,0.52,2.0,98.08,59.272,97.855,59.136,87.338,52.781,246.42,148.91,135.98,82.181,1.0,0.9977,0.978,0.9662,-1.0,-1.0,-1.0,-1.0,-1.0,1.0,0.99999,-999,243.0,79.3846,163.615,1.73813,0.167668,51.215,0.364066,1.0,-999,-999
27423,6.449,LH2,-1.165,44.83,-2.978,10.245,PI-SIDIS,0.44,4.4,0.52,2.0,99.112,59.823,98.906,59.699,88.275,53.282,248.2,149.81,137.46,82.972,0.9998,0.9978,0.979,0.967,-1.0,-1.0,-1.0,-1.0,-1.0,1.0,0.99996,-999,278.0,88.3846,189.615,1.99168,0.177261,51.1445,0.426294,1.0,-999,-999
27424,6.449,LH2,-1.165,44.83,-2.978,10.245,PI-SIDIS,0.44,4.4,0.52,2.0,105.55,59.287,105.27,59.127,93.932,52.759,265.39,149.06,146.3,82.176,0.9998,0.9976,0.981,0.9659,-1.0,-1.0,-1.0,-1.0,-1.0,1.0,0.99998,-999,282.0,90.6923,191.308,1.89034,0.167972,51.1935,0.403233,1.0,-999,-999
27425,6.449,LH2,-1.165,44.83,-2.978,10.245,PI-SIDIS,0.44,4.4,0.52,2.0,82.638,58.113,82.359,57.917,73.498,51.685,208.98,146.96,114.45,80.488,0.9999,0.9973,0.9771,0.9681,-1.0,-1.0,-1.0,-1.0,-1.0,1.0,0.99999,-999,235.0,68.3077,166.692,2.10035,0.195305,51.1999,0.347691,1.0,-999,-999
27426,6.449,LH2,-1.165,44.83,-2.978,10.245,PI-SIDIS,0.44,4.4,0.52,2.0,99.856,58.974,99.562,58.8,88.837,52.466,251.4,148.47,138.33,81.699,0.9999,0.9981,0.9814,0.9685,-1.0,-1.0,-1.0,-1.0,-1.0,1.0,0.99998,-999,284.0,88.0769,195.923,2.04106,0.177644,51.1982,0.379968,1.0,-999,-999
27427,6.449,LH2,-1.165,44.83,-2.978,10.245,PI-SIDIS,0.44,4.4,0.52,2.0,91.284,59.588,91.073,59.45,81.252,53.04,229.16,149.59,126.51,82.586,0.9998,0.9981,0.9785,0.9693,-1.0,-1.0,-1.0,-1.0,-1.0,1.0,0.99999,-999,232.0,72.2308,159.769,1.81824,0.175405,51.1831,0.431587,1.0,-999,-999
27428,6.449,LH2,-1.165,44.83,-2.978,10.245,PI-SIDIS,0.44,4.4,0.52,2.0,105.97,60.917,105.74,60.787,94.301,54.208,262.82,151.08,146.87,84.433,0.9996,0.9983,0.978,0.9674,-1.0,-1.0,-1.0,-1.0,-1.0,1.0,0.99997,-999,292.0,86.1538,205.846,2.02177,0.169728,51.2128,0.378654,1.0,-999,-999
27429,6.449,LH2,-1.165,44.83,-2.978,10.245,PI-SIDIS,0.44,4.4,0.52,2.0,108.09,60.899,107.81,60.743,96.126,54.157,268.52,151.28,149.74,84.367,0.9996,0.9983,0.9711,0.96,-1.0,-1.0,-1.0,-1.0,1.0,-1.0,0.99951,-999,313.0,94.3077,218.692,2.2522,0.184298,51.2373,0.384335,1.0,-999,-999
27430,6.449,LH2,-1.165,44.83,-2.978,10.245,HMSDIS,0.44,4.4,0.52,2.0,54662.682,57.734,54463.666,57.523,48583.694,51.31,139385.58,147.2,75663.848,79.91,0.9999,0.9984,-999,-999,-1.0,-1.0,-1.0,1.0,-1.0,-1.0,1.0,95.6213,-999,-999,-999,-999,-999,-999,-999,1.0,0.199,-999
27431,6.449,LH2,-1.165,44.83,-2.978,10.245,HMSDIS,0.44,4.4,0.52,2.0,53842.223,60.447,53675.204,60.26,47891.586,53.76,133675.69,150.0,74574.878,83.72,0.9998,0.9983,-999,-999,-1.0,-1.0,5.0,-1.0,-1.0,-1.0,0.99903,95.5463,-999,-999,-999,-999,-999,-999,-999,1.0,0.209,-999
27432,6.449,Dummy,-1.165,44.83,-2.978,10.245,PI-SIDIS,0.44,4.4,0.52,2.0,72.655,40.252,72.33,40.072,64.321,35.635,273.12,151.31,100.18,55.503,1.0,0.9987,0.9709,0.9633,-1.0,-1.0,-1.0,-1.0,-1.0,1.0,0.99996,-999,42.0,3.0,39.0,0.561548,0.0935701,51.321,0.418534,1.0,-999,-999
27433,6.449,Dummy,-1.165,44.83,-2.978,10.245,PI-SIDIS,0.44,4.4,0.52,2.0,68.607,39.832,68.32,39.666,60.77,35.283,258.34,149.99,94.651,54.954,1.0,0.998,0.9761,0.96,-1.0,-1.0,-1.0,-1.0,-1.0,1.0,1.0,-999,25.0,3.15385,21.8462,0.334179,0.0768549,51.3874,0.232457,1.0,-999,-999
27435,6.449,Dummy,-1.165,44.83,-2.978,10.245,PI-SIDIS,0.44,4.4,0.52,2.0,45.99,39.772,45.755,39.569,40.755,35.245,173.18,149.77,63.47,54.889,1.0,0.9957,0.9651,0.9562,-1.0,-1.0,-1.0,-1.0,-1.0,1.0,1.0,-999,31.0,2.30769,28.6923,0.658301,0.128109,51.3533,0.356949,1.0,-999,82.888
27436,6.449,Dummy,-1.165,44.83,-2.978,10.245,PI-SIDIS,0.44,4.4,0.52,2.0,58.692,40.136,58.449,39.97,51.853,35.459,220.48,150.77,80.767,55.232,1.0,1.0,0.9812,0.9671,-1.0,-1.0,-1.0,-1.0,-1.0,1.0,1.0,-999,34.0,3.61538,30.3846,0.539591,0.103973,51.2002,0.549036,1.0,-999,-999
27437,6.449,Dummy,-1.165,44.83,-2.978,10.245,PI-SIDIS,0.44,4.4,0.52,2.0,95.138,40.396,94.65,40.189,84.204,35.754,355.98,151.15,131.13,55.681,1.0,0.9995,0.973,0.9529,-1.0,-1.0,-1.0,-1.0,-1.0,1.0,1.0,-999,65.0,5.61538,59.3846,0.660642,0.0899886,51.1734,0.361007,1.0,-999,-999
27438,6.449,Dummy,-1.165,44.83,-2.978,10.245,HMSDIS,0.44,4.4,0.52,2.0,36055.239,39.895,35884.657,39.706,31826.576,35.21,135653.59,150.1,49477.341,54.74,0.9999,0.9988,-999,-999,-1.0,-1.0,-1.0,1.0,-1.0,-1.0,1.0,98.9771,-999,-999,-999,-999,-999,-999,-999,1.0,-999,83.0
27439,6.449,LD2,-1.165,44.83,-2.978,10.245,PI-SIDIS,0.44,4.4,0.52,2.0,48.876,28.205,48.665,28.084,42.85,24.728,260.78,150.49,66.478,38.363,0.9997,0.9986,0.9832,0.9747,-1.0,-1.0,-1.0,-1.0,-1.0,1.0,0.99996,-999,257.0,86.9231,170.077,3.59908,0.343629,51.2877,0.341662,1.0,-999,-999
27440,6.449,LD2,-1.165,44.83,-2.978,10.245,PI-SIDIS,0.44,4.4,0.52,2.0,40.829,28.119,40.669,28.009,35.955,24.762,218.18,150.26,55.969,38.545,1.0,0.9982,0.9823,0.9742,-1.0,-1.0,-1.0,-1.0,-1.0,1.0,0.99996,-999,259.0,67.9231,191.077,4.83989,0.411731,51.201,0.376577,1.0,-999,-999
27442,6.449,LH2,-1.165,26.6,-2.738,7.5,PI-SIDIS,-999,-999,-999,-999,34.018,21.165,33.843,21.056,29.888,18.595,191.93,119.41,44.995,27.994,0.9997,0.9987,0.9844,0.9753,-1.0,-1.0,-1.0,-1.0,-1.0,1.0,0.99987,-999,1961.0,638.0,1323.0,40.2447,1.36382,51.2176,0.363695,1.0,1.292,-999
27443,6.449,LH2,-1.165,26.6,-2.738,7.5,PI-SIDIS,-999,-999,-999,-999,31.998,21.182,31.845,21.081,28.128,18.62,180.61,119.55,42.4,28.068,0.9998,0.9988,0.9845,0.9748,-1.0,-1.0,-1.0,-1.0,-1.0,1.0,1.00049,-999,1829.0,593.462,1235.54,39.9587,1.40028,51.2213,0.364815,1.0,1.293,-999
27444,6.449,LH2,-1.165,26.6,-2.738,7.5,PI-SIDIS,-999,-999,-999,-999,36.532,21.115,36.374,21.023,32.136,18.574,206.34,119.26,48.451,28.003,0.9999,0.9987,0.985,0.9748,-1.0,-1.0,-1.0,-1.0,-1.0,1.0,0.99985,-999,2195.0,670.154,1524.85,43.1701,1.34188,51.2167,0.361872,1.0,1.289,-999
27445,6.449,LH2,-1.165,26.6,-2.738,7.5,PI-SIDIS,-999,-999,-999,-999,37.871,21.338,37.705,21.244,33.315,18.77,213.94,120.54,50.523,28.466,0.9999,0.9986,0.9845,0.9751,-1.0,-1.0,-1.0,-1.0,-1.0,1.0,0.99987,-999,2168.0,699.385,1468.62,40.0984,1.28698,51.2265,0.363789,1.0,1.303,-999
27446,6.449,LH2,-1.165,26.6,-2.738,7.5,PI-SIDIS,-999,-999,-999,-999,38.019,21.347,37.837,21.244,33.467,18.791,214.89,120.65,50.815,28.531,0.9997,0.9987,0.9848,0.9747,-1.0,-1.0,-1.0,-1.0,-1.0,1.0,0.99988,-999,2157.0,712.154,1444.85,39.3359,1.28038,51.2322,0.368086,1.0,1.303,-999
27447,6.449,LH2,-1.165,26.6,-2.738,7.5,PI-SIDIS,-999,-999,-999,-999,36.445,21.23,36.255,21.12,32.094,18.696,206.09,120.05,49.446,28.804,0.9998,0.9986,0.985,0.9745,-1.0,-1.0,-1.0,-1.0,-1.0,1.0,0.99985,-999,2114.0,668.077,1445.92,41.0878,1.32232,51.2281,0.363443,1.0,1.298,-999
27448,6.449,LH2,-1.165,26.6,-2.738,7.5,PI-SIDIS,-999,-999,-999,-999,35.916,21.145,35.748,21.046,31.672,18.646,203.36,119.72,49.32,29.036,0.9998,0.9988,0.9848,0.975,-1.0,-1.0,-1.0,-1.0,-1.0,1.0,0.99989,-999,2045.0,664.692,1380.31,39.7594,1.31878,51.2158,0.360099,1.0,1.294,-999
27449,6.449,LH2,-1.165,26.6,-2.738,7.5,PI-SIDIS,-999,-999,-999,-999,34.644,21.201,34.494,21.109,30.585,18.717,196.37,120.17,47.668,29.172,0.9998,0.9985,0.9848,0.9747,-1.0,-1.0,-1.0,-1.0,-1.0,1.0,0.9999,-999,1965.0,637.846,1327.15,39.6335,1.34023,51.2261,0.367352,1.0,1.305,-999
27451,6.449,LH2,-1.165,26.6,-2.738,7.5,PI-SIDIS,-999,-999,-999,-999,37.427,21.259,37.27,21.17,33.07,18.784,212.3,120.59,51.581,29.299,0.9998,0.9988,0.9729,0.9623,-1.0,-1.0,-1.0,-1.0,1.0,-1.0,0.96409,-999,2128.0,668.923,1459.08,42.2063,1.35043,51.2153,0.360692,1.0,1.314,-999
27452,6.449,LH2,-1.165,26.6,-2.738,7.5,HMSDIS,-999,-999,-999,-999,17188.236,21.206,17117.601,21.119,15194.692,18.74,97554.559,120.3,23709.629,29.25,0.9998,0.9987,-999,-999,-1.0,-1.0,-1.0,2.0,-1.0,-1.0,0.99952,95.5721,-999,-999,-999,-999,-999,-999,-999,1.0,1.309,-999
27453,6.449,LH2,-1.165,26.6,-2.738,7.5,HMSDIS,-999,-999,-999,-999,18830.121,21.128,18745.017,21.033,16651.791,18.68,106902.41,119.9,25982.144,29.15,0.9996,0.9987,-999,-999,-1.0,-1.0,33.0,-1.0,-1.0,-1.0,0.99911,95.5787,-999,-999,-999,-999,-999,-999,-999,1.0,1.308,-999
27454,6.449,Dummy,-1.165,26.6,-2.738,7.5,PI-SIDIS,-999,-999,-999,-999,72.887,46.012,72.571,45.813,64.286,40.583,228.46,144.22,100.03,63.153,0.9998,0.9985,0.9858,0.976,-1.0,-1.0,-1.0,-1.0,-1.0,1.0,0.99988,-999,1421.0,460.462,960.538,13.6149,0.540932,51.2715,0.342304,1.0,1.007,-999
27455,6.449,Dummy,-1.165,26.6,-2.738,7.5,PI-SIDIS,-999,-999,-999,-999,84.843,49.156,84.495,48.955,74.642,43.246,258.78,149.93,116.19,67.319,0.9998,0.9987,0.985,0.9771,-1.0,-1.0,-1.0,-1.0,-1.0,1.0,0.99992,-999,1620.0,553.231,1066.77,12.9726,0.495843,51.288,0.351383,1.0,1.073,-999
27456,6.449,Dummy,-1.165,26.6,-2.738,7.5,PI-SIDIS,-999,-999,-999,-999,85.899,49.58,85.572,49.392,75.926,43.824,261.79,151.1,118.59,68.453,0.9998,0.9987,0.9843,0.9747,-1.0,-1.0,-1.0,-1.0,-1.0,1.0,0.99988,-999,1656.0,557.692,1098.31,13.2204,0.496141,51.2324,0.359084,1.0,1.082,-999
27457,6.449,Dummy,-1.165,26.6,-2.738,7.5,HMSDIS,-999,-999,-999,-999,37664.608,46.931,37519.417,46.75,33372.828,41.58,117326.75,146.1,52144.17,64.97,0.9997,0.9985,-999,-999,-1.0,-1.0,-1.0,2.0,-1.0,-1.0,0.99972,95.9008,-999,-999,-999,-999,-999,-999,-999,1.0,1.027,-999
27458,6.449,LH2,-1.165,26.6,-2.738,7.5,PI-SIDIS,-999,-999,-999,-999,38.056,21.361,37.879,21.262,33.617,18.869,215.88,121.17,52.499,29.469,0.9998,0.9984,0.9853,0.9755,-1.0,-1.0,-1.0,-1.0,-1.0,1.0,0.99987,-999,2181.0,710.846,1470.15,39.9507,1.28489,51.2388,0.364908,1.0,1.322,-999
27459,6.449,LH2,-1.165,26.6,-2.738,7.5,PI-SIDIS,-999,-999,-999,-999,7.093,20.998,7.055,20.885,6.245,18.489,40.104,118.72,9.739,28.831,0.9999,0.9986,0.9849,0.9731,-1.0,-1.0,-1.0,-1.0,-1.0,1.0,0.99987,-999,389.0,133.923,255.077,37.3121,2.923,51.2769,0.372863,1.0,-999,287.08
27460,6.449,LH2,-1.165,26.6,-2.738,7.5,PI-SIDIS,-999,-999,-999,-999,36.585,21.245,36.415,21.147,32.031,18.601,205.71,119.46,49.819,28.93,0.9998,0.9987,0.9845,0.9747,-1.0,-1.0,-1.0,-1.0,-1.0,1.0,0.99986,-999,2089.0,684.923,1404.08,39.7214,1.30922,51.2748,0.339205,1.0,1.314,-999
27461,6.449,LH2,-1.165,26.6,-2.738,7.5,PI-SIDIS,-999,-999,-999,-999,36.708,21.181,36.547,21.089,32.246,18.607,207.07,119.48,50.317,29.034,0.9996,0.9985,0.9849,0.9751,-1.0,-1.0,-1.0,-1.0,-1.0,1.0,0.99986,-999,2031.0,684.308,1346.69,37.9525,1.28642,51.2528,0.358271,1.0,1.311,-999
27462,6.449,LH2,-1.165,26.6,-2.738,7.5,PI-SIDIS,-999,-999,-999,-999,39.373,21.321,39.207,21.231,34.708,18.795,222.87,120.68,54.258,29.381,0.9997,0.9981,0.9854,0.9745,-1.0,-1.0,-1.0,-1.0,-1.0,1.0,0.99988,-999,2185.0,733.846,1451.15,38.1414,1.24437,51.2032,0.377725,1.0,1.319,-999
27463,6.449,LH2,-1.165,26.6,-2.738,7.5,PI-SIDIS,-999,-999,-999,-999,28.181,21.322,28.062,21.232,24.898,18.839,159.87,120.96,38.913,29.442,0.9999,0.9984,0.9854,0.9749,-1.0,-1.0,-1.0,-1.0,-1.0,1.0,0.99985,-999,1541.0,522.769,1018.23,37.3714,1.45945,51.2047,0.348743,1.0,1.322,-999
27464,6.449,LH2,-1.165,26.6,-2.738,7.5,PI-SIDIS,-999,-999,-999,-999,36.551,21.109,36.374,21.006,32.213,18.603,206.88,119.47,50.276,29.035,0.9998,0.9982,0.9848,0.9743,-1.0,-1.0,-1.0,-1.0,-1.0,1.0,0.99987,-999,2112.0,679.769,1432.23,40.5799,1.31812,51.2355,0.349806,1.0,1.304,-999
27465,6.449,LH2,-1.165,26.6,-2.738,7.5,PI-SIDIS,-999,-999,-999,-999,36.935,21.106,36.754,21.002,32.369,18.497,207.88,118.79,50.387,28.793,0.9999,0.9984,0.9845,0.975,-1.0,-1.0,-1.0,-1.0,-1.0,1.0,0.99985,-999,2090.0,685.769,1404.23,39.3432,1.29693,51.276,0.357506,1.0,1.307,-999
27466,6.449,LH2,-1.165,26.6,-2.738,7.5,PI-SIDIS,-999,-999,-999,-999,39.782,21.452,39.598,21.354,34.957,18.851,224.5,121.06,54.617,29.453,0.9998,0.9984,0.9844,0.9744,-1.0,-1.0,-1.0,-1.0,-1.0,1.0,0.99986,-999,2222.0,743.769,1478.23,38.4702,1.24244,51.2744,0.351096,1.0,1.328,-999
27467,6.449,LH2,-1.165,26.6,4.929,7.5,PI+SIDIS,-999,-999,-999,-999,72.797,59.126,72.679,59.03,64.644,52.504,173.18,140.65,97.207,78.951,0.9997,0.9977,0.9832,0.9803,-1.0,-1.0,-1.0,-1.0,-1.0,1.0,0.99977,-999,3930.0,448.923,3481.08,48.9697,0.885748,51.2653,0.374626,1.0,3.629,32.977
27468,6.449,LH2,-1.165,26.6,4.929,7.5,PI+SIDIS,-999,-999,-999,-999,92.834,62.249,92.623,62.108,82.416,55.264,218.5,146.51,127.25,85.33,0.9996,0.9978,0.9847,0.9799,-1.0,-1.0,-1.0,-1.0,-1.0,1.0,0.99977,-999,5146.0,570.846,4575.15,50.5255,0.795582,51.2792,0.372086,1.0,3.827,34.715
27469,6.449,LH2,-1.165,26.6,4.929,7.5,HMSDIS,-999,-999,-999,-999,47329.022,64.454,47190.47,64.265,41978.432,57.16,108029.17,147.1,64713.139,88.12,0.9997,0.9977,-999,-999,-1.0,-1.0,-1.0,5.0,-1.0,-1.0,0.99903,97.8526,-999,-999,-999,-999,-999,-999,-999,1.0,3.955,35.9
27470,6.449,LH2,-1.165,26.6,4.929,7.5,HMSDIS,-999,-999,-999,-999,86355.451,63.571,86157.597,63.425,76611.996,56.39,197651.16,145.5,118066.04,86.91,0.9998,0.9977,-999,-999,-1.0,-1.0,65.0,-1.0,-1.0,-1.0,0.99855,97.8545,-999,-999,-999,-999,-999,-999,-999,1.0,3.909,35.4
27471,6.449,Dummy,-1.165,26.6,4.929,7.5,PI+SIDIS,-999,-999,-999,-999,92.185,49.428,91.815,49.23,81.635,43.771,279.92,150.09,127.6,68.419,0.9998,0.9978,0.9866,0.9863,-1.0,-1.0,-1.0,-1.0,-1.0,1.0,1.0,-999,1093.0,32.6923,1060.31,11.7175,0.365773,51.3063,0.340454,1.0,1.087,5.812
27472,6.449,Dummy,-1.165,26.6,4.929,7.5,HMSDIS,-999,-999,-999,-999,-999,50.529,-999,50.326,-999,44.73,2751.093,152.3,1262.726,69.92,0.9996,0.9968,-999,-999,-1.0,-1.0,-1.0,5.0,-1.0,-1.0,1.0,99.6539,-999,-999,-999,-999,-999,-999,-999,1.0,-999,0.96
27473,6.449,LH2,-1.165,26.6,2.738,7.5,PI+SIDIS,-999,-999,-999,-999,42.267,24.533,42.065,24.416,37.203,21.594,238.96,138.7,58.139,33.745,0.9998,0.9982,0.9807,0.981,-1.0,-1.0,-1.0,-1.0,-1.0,1.0,0.99983,-999,3877.0,1145.23,2731.77,66.472,1.53222,51.2505,0.364503,1.0,1.518,34.867
27474,6.449,LH2,-1.165,26.6,2.738,7.5,PI+SIDIS,-999,-999,-999,-999,47.216,25.221,46.944,25.076,41.49,22.162,266.48,142.34,64.825,34.627,0.9998,0.9983,0.9823,0.9803,-1.0,-1.0,-1.0,-1.0,-1.0,1.0,0.99984,-999,4377.0,1318.38,3058.62,66.7418,1.46028,51.27,0.367378,1.0,1.56,35.746
27475,6.449,LH2,-1.165,26.6,2.738,7.5,PI+SIDIS,-999,-999,-999,-999,42.396,25.356,42.171,25.222,37.225,22.264,239.1,143.0,58.163,34.786,0.9997,0.9984,0.9804,0.9809,-1.0,-1.0,-1.0,-1.0,-1.0,1.0,0.99979,-999,3889.0,1164.15,2724.85,66.1548,1.53138,51.2768,0.356885,1.0,1.569,35.915
27476,6.449,LH2,-1.165,26.6,2.738,7.5,PI+SIDIS,-999,-999,-999,-999,43.999,25.178,43.786,25.056,38.612,22.096,248.0,141.91,60.305,34.509,0.9998,0.9985,0.9802,0.9807,-1.0,-1.0,-1.0,-1.0,-1.0,1.0,0.99986,-999,3972.0,1206.23,2765.77,64.6776,1.49093,51.2765,0.356663,1.0,1.558,35.638
27477,6.449,LH2,-1.165,26.6,2.738,7.5,PI+SIDIS,-999,-999,-999,-999,42.041,25.072,41.843,24.954,36.866,21.986,236.79,141.21,57.441,34.256,0.9998,0.9985,0.9819,0.9819,-1.0,-1.0,-1.0,-1.0,-1.0,1.0,0.99985,-999,3688.0,1152.23,2535.77,61.9776,1.50203,51.28,0.358426,1.0,1.552,35.491
27478,6.449,LH2,-1.165,26.6,2.738,7.5,PI+SIDIS,-999,-999,-999,-999,42.831,24.968,42.63,24.851,37.544,21.887,241.19,140.6,58.525,34.117,0.9998,0.9985,0.9801,0.9815,-1.0,-1.0,-1.0,-1.0,-1.0,1.0,0.9998,-999,3837.0,1170.77,2666.23,63.988,1.50395,51.274,0.357371,1.0,1.544,35.336
27479,6.449,LH2,-1.165,26.6,2.738,7.5,PI+SIDIS,-999,-999,-999,-999,39.274,24.873,39.052,24.732,34.441,21.812,221.21,140.09,53.746,34.038,0.9998,0.9987,0.9815,0.9811,-1.0,-1.0,-1.0,-1.0,-1.0,1.0,0.99982,-999,3531.0,1061.69,2469.31,64.7206,1.57537,51.2671,0.351361,1.0,1.539,35.241
27480,6.449,LH2,-1.165,26.6,2.738,7.5,PI+SIDIS,-999,-999,-999,-999,44.236,25.286,44.008,25.155,38.895,22.233,249.8,142.79,60.814,34.762,0.9997,0.9987,0.9804,0.9819,-1.0,-1.0,-1.0,-1.0,-1.0,1.0,0.99982,-999,3899.0,1202.46,2696.54,62.6696,1.46831,51.2677,0.363934,1.0,1.565,35.85
27481,6.449,LH2,-1.165,26.6,2.738,7.5,PI+SIDIS,-999,-999,-999,-999,5.049,25.549,5.024,25.42,4.444,22.489,28.547,144.45,6.95,35.166,0.9998,0.9989,0.97,0.9691,-1.0,-1.0,-1.0,-1.0,1.0,-1.0,0.9349,-999,414.0,130.692,283.308,62.2534,4.52496,51.2574,0.341611,1.0,-999,36.273
27482,6.449,LH2,-1.165,26.6,2.738,7.5,PI+SIDIS,-999,-999,-999,-999,39.145,24.94,38.957,24.821,34.512,21.989,221.67,141.23,53.956,34.377,0.9998,0.9987,0.9824,0.9816,-1.0,-1.0,-1.0,-1.0,-1.0,1.0,0.99983,-999,3578.0,1057.15,2520.85,66.1979,1.58854,51.2527,0.366466,1.0,1.543,35.452
27483,6.449,LH2,-1.165,26.6,2.738,7.5,PI+SIDIS,-999,-999,-999,-999,49.203,25.11,48.98,24.996,43.422,22.159,278.85,142.3,67.867,34.635,0.9998,0.9987,0.9813,0.9814,-1.0,-1.0,-1.0,-1.0,-1.0,1.0,0.99984,-999,4463.0,1342.15,3120.85,65.1958,1.41165,51.2462,0.362391,1.0,1.555,35.713
27484,6.449,LH2,-1.165,26.6,2.738,7.5,HMSDIS,-999,-999,-999,-999,20800.856,24.926,20709.256,24.816,18370.491,22.01,117980.72,141.3,28716.42,34.41,0.9998,0.999,-999,-999,-1.0,-1.0,-1.0,5.0,-1.0,-1.0,1.0,95.6141,-999,-999,-999,-999,-999,-999,-999,1.0,1.543,35.4
27485,6.449,LH2,-1.165,26.6,2.738,7.5,HMSDIS,-999,-999,-999,-999,21669.431,25.015,21572.753,24.903,19147.549,22.1,122970.6,141.9,29926.509,34.54,0.9997,0.9988,-999,-999,-1.0,-1.0,12.0,-1.0,-1.0,-1.0,0.09301,95.6001,-999,-999,-999,-999,-999,-999,-999,1.0,1.549,35.6
27486,6.449,Dummy,-1.165,26.6,2.738,7.5,PI+SIDIS,-999,-999,-999,-999,82.939,49.13,82.539,48.892,73.629,43.614,252.08,149.32,115.12,68.195,0.9998,0.9988,0.9834,0.9844,-1.0,-1.0,-1.0,-1.0,-1.0,1.0,0.99991,-999,2138.0,598.462,1539.54,19.0076,0.576986,51.2394,0.366906,1.0,1.078,21.943
27487,6.449,Dummy,-1.165,26.6,2.738,7.5,PI+SIDIS,-999,-999,-999,-999,82.156,49.281,81.795,49.064,72.816,43.678,249.45,149.63,113.76,68.244,0.9998,0.9987,0.9832,0.9848,-1.0,-1.0,-1.0,-1.0,-1.0,1.0,0.99991,-999,2003.0,592.385,1410.62,17.5671,0.563661,51.2581,0.380677,1.0,1.081,21.96
27488,6.449,Dummy,-1.165,26.6,2.738,7.5,HMSDIS,-999,-999,-999,-999,44330.708,50.018,44143.283,49.806,39052.213,44.06,133920.76,151.1,60827.446,68.63,0.9997,0.9988,-999,-999,-1.0,-1.0,-1.0,5.0,-1.0,-1.0,0.99989,96.931,-999,-999,-999,-999,-999,-999,-999,1.0,1.098,22.2
27490,6.449,LH2,1.165,26.6,4.929,7.5,PI+SIDIS,-999,-999,-999,-999,47.472,62.995,47.387,62.882,42.096,55.861,108.8,144.38,63.179,83.838,0.9984,0.9963,0.9831,0.981,-1.0,-1.0,-1.0,-1.0,-1.0,1.0,0.99964,-999,48.0,40.8462,7.15385,0.154192,0.154139,51.3,0.5,1.0,-999,35.236
27491,6.449,LH2,1.165,26.6,4.929,7.5,HMSDIS,-999,-999,-999,-999,60829.082,64.558,60737.601,64.461,54004.087,57.31,137210.17,145.6,80947.156,85.91,0.9986,0.9963,-999,-999,-1.0,-1.0,-1.0,5.0,-1.0,-1.0,1.0,97.7985,-999,-999,-999,-999,-999,-999,-999,1.0,0.835,36.0
27492,6.449,LH2,1.165,26.6,4.929,7.5,PI+SIDIS,-999,-999,-999,-999,70.482,67.746,70.38,67.647,62.636,60.204,155.04,149.02,93.828,90.185,0.9984,0.9961,0.9843,0.9802,-1.0,-1.0,-1.0,-1.0,-1.0,1.0,0.9996,-999,81.0,57.1538,23.8462,0.346358,0.134223,51.3,0.5,1.0,-999,37.914
27493,6.449,Dummy,1.165,26.6,4.929,7.5,PI+SIDIS,-999,-999,-999,-999,45.966,50.684,45.787,50.487,40.826,45.017,138.15,152.33,63.885,70.443,1.0,0.9967,0.9835,0.9836,-1.0,-1.0,-1.0,-1.0,-1.0,1.0,1.0,-999,2.0,1.23077,0.769231,0.0170803,0.0321364,51.3,0.5,1.0,-999,-999
27494,6.449,Dummy,1.165,26.6,4.929,7.5,HMSDIS,-999,-999,-999,-999,45704.014,49.559,45510.161,49.349,40582.654,44.0,138402.91,150.0,63476.424,68.83,0.9988,0.9983,-999,-999,-1.0,-1.0,-1.0,5.0,-1.0,-1.0,0.99994,99.6606,-999,-999,-999,-999,-999,-999,-999,1.0,0.159,5.847
27495,6.449,Dummy,1.165,26.6,2.738,7.5,PI+SIDIS,-999,-999,-999,-999,75.927,44.056,75.55,43.837,66.711,38.708,255.81,148.43,103.88,60.28,0.9981,0.9982,0.9822,0.9846,-1.0,-1.0,-1.0,-1.0,-1.0,1.0,0.99994,-999,107.0,49.6154,57.3846,0.772949,0.141794,51.3,0.5,1.0,-999,19.402
27496,6.449,LH2,1.165,26.6,2.738,7.5,PI+SIDIS,-999,-999,-999,-999,47.753,25.12,47.517,24.995,41.963,22.074,269.54,141.79,65.577,34.496,0.999,0.9979,0.98,0.982,-1.0,-1.0,-1.0,-1.0,-1.0,1.0,0.99978,-999,288.0,174.846,113.154,2.42796,0.372545,51.3,0.5,1.0,-999,35.646
27497,6.449,LH2,1.165,26.6,2.738,7.5,PI+SIDIS,-999,-999,-999,-999,47.514,25.219,47.296,25.103,41.902,22.24,269.14,142.85,65.537,34.785,0.9983,0.9975,0.9822,0.9819,-1.0,-1.0,-1.0,-1.0,-1.0,1.0,0.99976,-999,270.0,170.538,99.4615,2.14588,0.363023,51.3,0.5,1.0,-999,35.839
27498,6.449,LH2,1.165,26.6,2.738,7.5,HMSDIS,-999,-999,-999,-999,24663.722,25.193,24554.998,25.082,21787.092,22.25,139955.59,142.9,34080.793,34.81,0.9989,0.9977,-999,-999,-1.0,-1.0,-1.0,5.0,-1.0,-1.0,0.99963,95.5946,-999,-999,-999,-999,-999,-999,-999,1.0,0.317,35.8
27499,6.449,LH2,1.165,26.6,2.738,7.5,HMSDIS,-999,-999,-999,-999,23057.333,25.441,22954.753,25.328,20383.397,22.49,130931.31,144.4,31886.815,35.18,0.9983,0.9978,-999,-999,-1.0,-1.0,-1.0,5.0,-1.0,-1.0,0.99948,95.6,-999,-999,-999,-999,-999,-999,-999,1.0,0.32,36.1
27500,6.449,LH2,1.165,26.6,-2.738,7.5,PI-SIDIS,-999,-999,-999,-999,41.487,21.296,41.287,21.193,36.334,18.651,233.41,119.81,56.596,29.052,0.9987,0.9979,0.9853,0.9758,-1.0,-1.0,-1.0,-1.0,-1.0,1.0,0.99978,-999,198.0,103.0,95.0,2.36161,0.356728,51.3,0.5,1.0,-999,-999
27501,6.449,LH2,1.165,26.6,-2.738,7.5,PI-SIDIS,-999,-999,-999,-999,38.967,21.3,38.785,21.201,34.265,18.73,220.12,120.32,53.586,29.29,0.9988,0.9979,0.9849,0.9758,-1.0,-1.0,-1.0,-1.0,-1.0,1.0,0.9998,-999,172.0,92.0,80.0,2.11677,0.354082,51.3,0.5,1.0,-999,-999
27502,6.449,Dummy,1.165,26.6,-2.738,7.5,PI-SIDIS,-999,-999,-999,-999,62.88,48.947,62.62,48.744,55.759,43.403,191.47,149.04,87.25,67.916,0.9981,0.9978,0.9844,0.9758,-1.0,-1.0,-1.0,-1.0,-1.0,1.0,0.99988,-999,46.0,40.4615,5.53846,0.0908226,0.114921,51.3,0.5,1.0,-999,-999
27504,6.449,Dummy,1.165,31.29,-2.766,8.28,PI-SIDIS,-999,-999,-999,-999,88.572,44.766,88.203,44.58,77.91,39.377,297.11,150.16,121.42,61.372,0.9979,0.9982,0.9865,0.9781,-1.0,-1.0,-1.0,-1.0,-1.0,1.0,0.99996,-999,31.0,17.3077,13.6923,0.159052,0.0660501,51.3,0.5,1.0,-999,-999
27505,6.449,LH2,1.165,31.29,-2.766,8.28,PI-SIDIS,-999,-999,-999,-999,51.649,27.448,51.361,27.295,45.382,24.118,285.46,151.7,70.985,37.723,0.9988,0.998,0.9855,0.9758,-1.0,-1.0,-1.0,-1.0,-1.0,1.0,0.99986,-999,80.0,56.6923,23.3077,0.46568,0.18351,51.3,0.5,1.0,-999,-999
27506,6.449,LH2,1.165,31.29,-2.766,8.28,PI-SIDIS,-999,-999,-999,-999,51.314,26.92,51.052,26.783,45.264,23.746,283.84,148.91,70.831,37.159,0.999,0.9978,0.9855,0.9768,-1.0,-1.0,-1.0,-1.0,-1.0,1.0,0.99989,-999,71.0,57.3846,13.6154,0.273335,0.174338,51.3,0.5,1.0,-999,-999
27507,6.449,LH2,1.165,31.29,4.978,8.28,PI+SIDIS,-999,-999,-999,-999,58.837,58.335,58.679,58.178,52.163,51.718,150.43,149.15,81.463,80.767,0.9985,0.9968,0.9883,0.9818,-1.0,-1.0,-1.0,-1.0,-1.0,1.0,0.99992,-999,15.0,12.3077,2.69231,0.0468064,0.0694252,51.3,0.5,1.0,-999,22.209
27508,6.449,LH2,1.165,31.29,4.978,8.28,HMSDIS,-999,-999,-999,-999,55343.347,58.067,55195.024,57.912,48831.599,51.23,141575.5,148.5,76017.148,79.75,0.9984,0.9971,-999,-999,-1.0,-1.0,-1.0,5.0,-1.0,-1.0,0.99931,98.7075,-999,-999,-999,-999,-999,-999,-999,1.0,0.347,22.0
27509,6.449,LH2,1.165,31.29,4.978,8.28,HMSDIS,-999,-999,-999,-999,54534.103,60.006,54394.893,59.853,48039.696,52.86,137616.91,151.4,74876.131,82.39,0.9981,0.997,-999,-999,-1.0,-1.0,-1.0,5.0,-1.0,-1.0,0.99921,98.6949,-999,-999,-999,-999,-999,-999,-999,1.0,0.359,22.7
27510,6.449,Dummy,1.165,31.29,4.978,8.28,PI+SIDIS,-999,-999,-999,-999,44.663,48.355,44.488,48.166,39.394,42.65,136.64,147.94,61.582,66.673,1.0,0.9954,0.9905,0.9807,-1.0,-1.0,-1.0,-1.0,-1.0,1.0,1.0,-999,0.0,0.307692,-0.307692,-0.00705241,0.00352621,51.3,0.5,1.0,-999,-999
27511,6.449,Dummy,1.165,31.29,4.978,8.28,HMSDIS,-999,-999,-999,-999,40902.912,48.769,40710.381,48.54,36140.069,43.09,124744.24,148.7,56551.148,67.42,0.9989,0.9978,-999,-999,-1.0,-1.0,-1.0,1.0,-1.0,-1.0,0.99888,99.7615,-999,-999,-999,-999,-999,-999,-999,1.0,-999,3.818
27512,6.449,Dummy,1.165,31.29,4.978,8.28,HMSDIS,-999,-999,-999,-999,42761.617,49.405,42560.816,49.173,37848.421,43.72,129641.88,149.7,59233.467,68.43,0.9991,0.9979,-999,-999,-1.0,-1.0,-1.0,1.0,-1.0,-1.0,0.99882,99.7616,-999,-999,-999,-999,-999,-999,-999,1.0,-999,3.878
27513,6.449,Dummy,1.165,31.29,2.766,8.28,PI+SIDIS,-999,-999,-999,-999,83.633,50.031,83.287,49.825,74.264,44.427,252.56,151.09,116.16,69.49,0.9974,0.9981,0.9865,0.9825,-1.0,-1.0,-1.0,-1.0,-1.0,1.0,0.99997,-999,37.0,21.4615,15.5385,0.19039,0.0761755,51.3,0.5,1.0,-999,16.522
27514,6.449,LH2,1.165,31.29,2.766,8.28,PI+SIDIS,-999,-999,-999,-999,51.688,30.155,51.453,30.018,45.727,26.677,258.41,150.76,71.482,41.703,0.9982,0.9975,0.9802,0.9803,-1.0,-1.0,-1.0,-1.0,-1.0,1.0,0.99984,-999,115.0,76.8462,38.1538,0.757914,0.218431,51.3,0.5,1.0,-999,35.643
27515,6.449,LH2,1.165,31.29,2.766,8.28,PI+SIDIS,-999,-999,-999,-999,49.599,30.038,49.376,29.902,43.858,26.561,247.9,150.13,68.55,41.514,0.9987,0.9978,0.98,0.9802,-1.0,-1.0,-1.0,-1.0,-1.0,1.0,0.99984,-999,118.0,72.5385,45.4615,0.940691,0.230026,51.3,0.5,1.0,-999,35.451
27516,6.449,LH2,1.165,37.33,5.051,9.225,PI+SIDIS,-999,-999,-999,-999,62.153,69.789,62.004,69.622,55.155,61.931,134.6,151.13,82.566,92.71,0.9985,0.9969,0.9909,0.9805,-1.0,-1.0,-1.0,-1.0,-1.0,1.0,0.99994,-999,2.0,2.76923,-0.769231,-0.0126727,0.0245078,51.3,0.5,1.0,-999,16.181
27517,6.449,LH2,1.165,37.33,5.051,9.225,HMSDIS,-999,-999,-999,-999,58496.658,69.731,58370.33,69.58,51915.984,61.88,126704.06,151.0,77678.093,92.59,0.9987,0.9974,-999,-999,-1.0,-1.0,-1.0,1.0,-1.0,-1.0,0.96227,99.0072,-999,-999,-999,-999,-999,-999,-999,1.0,0.148,16.1
27518,6.449,LH2,1.165,37.33,5.051,9.225,HMSDIS,-999,-999,-999,-999,56129.362,63.782,56013.624,63.651,49796.508,56.58,127700.32,145.1,74866.08,85.07,0.9991,0.9974,-999,-999,-1.0,-1.0,-1.0,2.0,-1.0,-1.0,0.99974,99.0348,-999,-999,-999,-999,-999,-999,-999,1.0,0.135,14.7
27519,6.449,Dummy,1.165,37.33,5.051,9.225,PI+SIDIS,-999,-999,-999,-999,48.123,49.606,47.937,49.414,42.631,43.945,145.83,150.32,66.631,68.684,1.0,0.9959,1.0,0.9864,-1.0,-1.0,-1.0,-1.0,-1.0,1.0,1.0,-999,0.0,0.0,0.0,0.0,0.0,51.3,0.5,1.0,-999,-999
27521,6.449,Dummy,1.165,37.33,5.051,9.225,HMSDIS,-999,-999,-999,-999,44227.237,50.66,44058.614,50.466,39157.905,44.85,132996.37,152.3,61211.892,70.11,0.9991,0.998,-999,-999,-1.0,-1.0,-1.0,1.0,-1.0,-1.0,0.99946,99.84,-999,-999,-999,-999,-999,-999,-999,1.0,-999,2.438
27522,6.449,Dummy,1.165,37.33,5.051,9.225,HMSDIS,-999,-999,-999,-999,-999,35.632,-999,35.516,-999,31.75,-999,107.6,-999,49.4,1.0,0.9941,-999,-999,-1.0,-1.0,-1.0,1.0,-1.0,-1.0,-999,99.8299,-999,-999,-999,-999,-999,-999,-999,1.0,-999,-999
27523,6.449,Dummy,1.165,37.33,5.051,9.225,HMSDIS,-999,-999,-999,-999,48829.341,49.361,48643.064,49.172,43209.139,43.67,148287.03,149.9,67543.519,68.27,0.9991,0.9981,-999,-999,-1.0,-1.0,-1.0,1.0,-1.0,-1.0,1.0,99.8419,-999,-999,-999,-999,-999,-999,-999,1.0,-999,2.384
27530,6.449,LD2,1.165,37.33,5.051,9.225,PI+SIDIS,-999,-999,-999,-999,70.184,65.888,70.023,65.737,62.137,58.334,156.56,146.98,93.383,87.668,0.9975,0.9971,0.9829,0.9799,-1.0,-1.0,-1.0,-1.0,-1.0,1.0,0.99987,-999,9.0,10.2308,-1.23077,-0.0179844,0.0457134,51.3,0.5,1.0,-999,29.581
27532,6.449,LD2,1.165,37.33,5.051,9.225,HMSDIS,-999,-999,-999,-999,47971.547,66.399,47875.049,66.266,42478.339,58.79,106578.49,147.5,63842.355,88.36,0.9988,0.9972,-999,-999,-1.0,-1.0,-1.0,3.0,-1.0,-1.0,0.99913,98.1488,-999,-999,-999,-999,-999,-999,-999,1.0,0.271,29.7
27533,6.449,LD2,1.165,37.33,5.051,9.225,HMSDIS,-999,-999,-999,-999,39199.763,59.952,39119.763,59.83,34721.044,53.1,92573.866,141.5,52434.642,80.19,0.9987,0.997,-999,-999,-1.0,-1.0,-1.0,3.0,-1.0,-1.0,0.99937,98.2165,-999,-999,-999,-999,-999,-999,-999,1.0,0.246,26.8
27536,6.449,LD2,1.165,37.33,2.806,9.225,PI+SIDIS,-999,-999,-999,-999,28.47,18.218,28.361,18.148,25.078,16.047,161.12,103.1,39.191,25.078,0.9993,0.9984,0.9823,0.9807,-1.0,-1.0,-1.0,-1.0,-1.0,1.0,0.99992,-999,28.0,27.7692,0.230769,0.00830348,0.197527,51.3,0.5,1.0,-999,34.263
27537,6.449,LD2,1.165,37.33,2.806,9.225,PI+SIDIS,-999,-999,-999,-999,36.867,18.225,36.726,18.156,32.483,16.058,208.69,103.17,50.753,25.09,0.9992,0.9984,0.9806,0.9804,-1.0,-1.0,-1.0,-1.0,-1.0,1.0,0.99992,-999,48.0,34.0769,13.9231,0.387026,0.197775,51.3,0.5,1.0,-999,34.344
27538,6.449,LH2,1.165,37.33,2.806,9.225,PI+SIDIS,-999,-999,-999,-999,63.278,36.249,62.982,36.08,55.8,31.965,264.24,151.37,87.234,49.972,0.9968,0.9985,0.9836,0.9799,-1.0,-1.0,-1.0,-1.0,-1.0,1.0,0.99991,-999,48.0,28.8462,19.1538,0.311377,0.115203,51.3,0.5,1.0,-999,33.799
27539,6.449,LH2,1.165,37.33,2.806,9.225,PI+SIDIS,-999,-999,-999,-999,63.329,36.067,63.021,35.891,55.879,31.824,264.4,150.58,87.362,49.754,0.9987,0.9986,0.98,0.9813,-1.0,-1.0,-1.0,-1.0,-1.0,1.0,0.99989,-999,37.0,29.2308,7.76923,0.125807,0.101447,51.3,0.5,1.0,-999,33.587
27540,6.449,Dummy,1.165,37.33,2.806,9.225,PI+SIDIS,-999,-999,-999,-999,87.09,49.379,86.681,49.147,77.177,43.758,264.2,149.8,120.66,68.415,1.0,0.9977,0.981,0.9821,-1.0,-1.0,-1.0,-1.0,-1.0,1.0,1.0,-999,8.0,5.69231,2.30769,0.0271081,0.0341222,51.3,0.5,1.0,-999,11.364
27541,6.449,Dummy,1.165,37.33,-2.806,9.225,PI-SIDIS,-999,-999,-999,-999,93.163,50.663,92.801,50.466,82.708,44.977,280.13,152.33,129.33,70.332,1.0,0.9982,0.9863,0.9777,-1.0,-1.0,-1.0,-1.0,-1.0,1.0,0.99995,-999,11.0,5.07692,5.92308,0.0652843,0.0371992,51.3,0.5,1.0,-999,-999
27542,6.449,LH2,1.165,37.33,-2.806,9.225,PI-SIDIS,-999,-999,-999,-999,62.114,36.235,61.828,36.068,54.922,32.04,258.74,150.94,85.829,50.07,0.9993,0.9984,0.9849,0.9769,-1.0,-1.0,-1.0,-1.0,-1.0,1.0,0.9999,-999,39.0,20.5385,18.4615,0.3059,0.105552,51.3,0.5,1.0,-999,-999
27543,6.449,LH2,1.165,37.33,-2.806,9.225,PI-SIDIS,-999,-999,-999,-999,68.314,36.264,67.978,36.086,59.983,31.841,284.68,151.12,93.455,49.61,0.9981,0.9982,0.9851,0.9768,-1.0,-1.0,-1.0,-1.0,-1.0,1.0,0.99991,-999,48.0,21.4615,26.5385,0.400467,0.10633,51.3,0.5,1.0,-999,-999
27544,6.449,LH2,1.165,44.83,-3.837,10.25,PI-SIDIS,0.44,4.4,0.67,2.0,110.65,67.503,110.45,67.379,97.85,59.692,244.2,148.97,146.91,89.621,1.0,0.999,0.9854,0.9588,-1.0,-1.0,-1.0,-1.0,-1.0,1.0,0.99994,-999,4.0,2.0,2.0,0.0188869,0.0192467,51.3,0.5,1.0,-999,-999
27545,6.449,LH2,1.165,44.83,-3.837,10.25,PI-SIDIS,0.44,4.4,0.67,2.0,124.55,68.761,124.34,68.644,110.45,60.977,271.71,150.0,165.58,91.414,0.9985,0.9981,0.9849,0.9545,-1.0,-1.0,-1.0,-1.0,-1.0,1.0,0.99996,-999,3.0,2.23077,0.769231,0.00649129,0.0150284,51.3,0.5,1.0,-999,-999
27546,6.449,LH2,1.165,44.83,-3.837,10.25,PI-SIDIS,0.44,4.4,0.67,2.0,129.81,70.4,129.63,70.305,115.35,62.559,279.91,151.8,172.42,93.507,0.9981,0.9983,0.9844,0.9585,-1.0,-1.0,-1.0,-1.0,-1.0,1.0,0.99996,-999,6.0,2.23077,3.76923,0.0303929,0.0200317,51.3,0.5,1.0,-999,-999
27547,6.449,Dummy,1.165,44.83,-3.837,10.25,PI-SIDIS,0.44,4.4,0.67,2.0,89.767,48.831,89.452,48.66,79.731,43.373,273.48,148.77,124.62,67.795,1.0,0.9984,0.9752,0.9401,-1.0,-1.0,-1.0,-1.0,-1.0,1.0,0.99997,-999,1.0,0.0769231,0.923077,0.0109771,0.011927,51.3,0.5,1.0,-999,-999
27548,6.449,Dummy,1.165,44.83,-3.837,10.25,PI-SIDIS,0.44,4.4,0.67,2.0,92.433,48.899,92.088,48.717,81.547,43.14,281.32,148.82,127.08,67.23,0.9908,0.9993,0.9834,0.9477,-1.0,-1.0,-1.0,-1.0,-1.0,1.0,1.0,-999,0.0,0.0769231,-0.0769231,-0.000889604,0.000889604,51.3,0.5,1.0,-999,-999
27550,6.449,Dummy,1.165,44.83,-2.978,10.25,PI-SIDIS,0.44,4.4,0.52,2.0,94.483,50.15,94.071,49.931,83.464,44.302,284.87,151.2,130.54,69.29,1.0,0.9987,0.9743,0.962,-1.0,-1.0,-1.0,-1.0,-1.0,1.0,1.0,-999,0.0,0.538462,-0.538462,-0.00595009,0.00224892,51.3,0.5,1.0,-999,-999
27551,6.449,Dummy,1.165,44.83,-2.978,10.25,PI-SIDIS,0.44,4.4,0.52,2.0,91.618,50.131,91.234,49.922,81.182,44.421,276.42,151.25,127.02,69.507,0.9926,0.9974,0.9771,0.9678,-1.0,-1.0,-1.0,-1.0,-1.0,1.0,0.99997,-999,2.0,0.461538,1.53846,0.0175544,0.0162792,51.3,0.5,1.0,-999,-999
27552,6.449,LD2,1.165,44.83,-2.978,10.25,PI-SIDIS,0.44,4.4,0.52,2.0,53.314,28.298,53.083,28.176,47.027,24.961,284.95,151.24,73.471,38.997,0.9985,0.9983,0.9843,0.9761,-1.0,-1.0,-1.0,-1.0,-1.0,1.0,0.99993,-999,17.0,8.76923,8.23077,0.1591,0.0812653,51.3,0.5,1.0,-999,-999
27553,6.449,LD2,1.165,44.83,-2.978,10.25,PI-SIDIS,0.44,4.4,0.52,2.0,51.632,28.291,51.403,28.165,45.229,24.782,275.87,151.15,70.41,38.58,0.9977,0.9979,0.9826,0.9744,-1.0,-1.0,-1.0,-1.0,-1.0,1.0,0.99999,-999,8.0,7.15385,0.846154,0.0169329,0.0585156,51.3,0.5,1.0,-999,-999
27554,6.449,LD2,1.165,44.83,-2.978,10.25,PI-SIDIS,0.44,4.4,0.52,2.0,51.873,28.087,51.595,27.936,45.459,24.614,277.14,150.05,70.942,38.412,0.9984,0.9982,0.9826,0.9743,-1.0,-1.0,-1.0,-1.0,-1.0,1.0,0.99993,-999,18.0,6.38462,11.6154,0.231451,0.0856854,51.3,0.5,1.0,-999,-999
27555,6.449,LH2,1.165,44.83,-2.978,10.25,PI-SIDIS,0.44,4.4,0.52,2.0,110.02,59.128,109.63,58.921,97.54,52.419,279.27,150.08,152.61,82.018,0.9984,0.9981,0.9829,0.9733,-1.0,-1.0,-1.0,-1.0,-1.0,1.0,0.99997,-999,8.0,6.0,2.0,0.0187726,0.0273036,51.3,0.5,1.0,-999,-999
27556,6.449,LH2,1.165,44.83,-2.978,10.25,PI-SIDIS,0.44,4.4,0.52,2.0,109.9,59.469,109.56,59.283,97.68,52.854,278.49,150.69,152.83,82.698,0.9991,0.9983,0.9823,0.9745,-1.0,-1.0,-1.0,-1.0,-1.0,1.0,0.99995,-999,13.0,6.61538,6.38462,0.059857,0.034458,51.3,0.5,1.0,-999,-999
27557,6.449,LH2,1.165,44.83,-2.978,10.25,PI-SIDIS,0.44,4.4,0.52,2.0,121.87,59.207,121.54,59.044,108.07,52.504,309.27,150.24,168.81,82.011,0.9987,0.998,0.9813,0.9721,-1.0,-1.0,-1.0,-1.0,-1.0,1.0,0.99996,-999,12.0,7.0,5.0,0.0423755,0.0300101,51.3,0.5,1.0,-999,-999
27558,6.449,LH2,1.165,44.83,5.154,10.25,PI+SIDIS,0.44,4.4,0.9,2.0,70.693,66.192,70.566,66.073,62.407,58.434,157.61,147.58,94.022,88.036,1.0,0.9978,0.995,0.9828,-1.0,-1.0,-1.0,-1.0,-1.0,1.0,1.0,-999,1.0,0.384615,0.615385,0.00887332,0.0146309,51.3,0.5,1.0,-999,-999
27559,6.449,LH2,1.165,44.83,5.154,10.25,PI+SIDIS,0.44,4.4,0.9,2.0,67.959,68.999,67.783,68.821,60.089,61.008,147.96,150.22,90.161,91.541,1.0,0.998,0.9897,0.9779,-1.0,-1.0,-1.0,-1.0,-1.0,1.0,1.0,-999,1.0,0.230769,0.769231,0.0116049,0.0152197,51.3,0.5,1.0,-999,-999
27560,6.449,LH2,1.165,44.83,5.154,10.25,HMSDIS,0.44,4.4,0.9,2.0,68090.504,68.835,67911.487,68.654,60301.368,60.96,148352.37,149.9,90381.572,91.37,0.999,0.9979,-999,-999,-1.0,-1.0,-1.0,1.0,-1.0,-1.0,0.99921,99.4048,-999,-999,-999,-999,-999,-999,-999,1.0,-999,8.762
27561,6.449,LH2,1.165,44.83,5.154,10.25,HMSDIS,0.44,4.4,0.9,2.0,64501.544,71.038,64365.256,70.888,57220.335,63.01,138318.78,152.3,85546.126,94.21,0.9982,0.9978,-999,-999,-1.0,-1.0,-1.0,1.0,-1.0,-1.0,0.99892,99.4009,-999,-999,-999,-999,-999,-999,-999,1.0,-999,9.061
27562,6.449,Dummy,1.165,44.83,5.154,10.25,PI+SIDIS,0.44,4.4,0.9,2.0,49.303,49.103,49.089,48.89,43.752,43.575,150.05,149.44,68.451,68.173,1.0,1.0,0.0,0.9785,-1.0,-1.0,-1.0,-1.0,-1.0,1.0,1.0,-999,0.0,0.0769231,-0.0769231,-0.00160144,0.00160144,51.3,0.5,1.0,-999,-999
27563,6.449,Dummy,1.165,44.83,5.154,10.25,PI+SIDIS,0.44,4.4,0.9,2.0,46.623,49.897,46.442,49.704,41.386,44.292,141.15,151.06,64.723,69.267,1.0,0.9917,1.0,0.9756,-1.0,-1.0,-1.0,-1.0,-1.0,1.0,1.0,-999,0.0,0.0,0.0,0.0,0.0,51.3,0.5,1.0,-999,-999
27564,6.449,Dummy,1.165,44.83,5.154,10.25,HMSDIS,0.44,4.4,0.9,2.0,47773.941,49.748,47592.175,49.559,42236.742,43.98,144685.41,150.6,65960.602,68.68,0.9984,0.9977,-999,-999,-1.0,-1.0,-1.0,1.0,-1.0,-1.0,1.0,99.8983,-999,-999,-999,-999,-999,-999,-999,1.0,-999,1.357
27565,6.449,Dummy,1.165,44.83,5.154,10.25,HMSDIS,0.44,4.4,0.9,2.0,41286.502,50.107,41126.247,49.913,36361.93,44.13,124655.43,151.2,56632.722,68.73,0.9981,0.9973,-999,-999,-1.0,-1.0,-1.0,1.0,-1.0,-1.0,1.0,99.8981,-999,-999,-999,-999,-999,-999,-999,1.0,-999,1.366
27566,6.449,C,1.165,44.83,5.154,10.25,HMSDIS,0.44,4.4,0.9,2.0,48514.162,49.515,48336.546,49.334,42958.557,43.84,147069.63,150.1,67108.817,68.49,0.9989,0.9973,-999,-999,-1.0,-1.0,-1.0,1.0,-1.0,-1.0,0.99972,99.571,-999,-999,-999,-999,-999,-999,-999,1.0,-999,6.121
27567,6.449,C,1.165,44.83,5.154,10.25,HMSDIS,0.44,4.4,0.9,2.0,45285.078,49.341,45106.792,49.147,39918.779,43.49,137514.83,149.8,62203.201,67.77,0.9985,0.9975,-999,-999,-1.0,-1.0,-1.0,1.0,-1.0,-1.0,1.0,99.5716,-999,-999,-999,-999,-999,-999,-999,1.0,-999,6.06
27571,6.449,NONE,1.165,44.83,5.154,10.25,BCM,0.44,4.4,0.9,2.0,91.188,39.306,90.862,39.166,80.741,34.803,285.48,123.05,121.54,52.391,0.0,0.0,0.0,0.0,-1.0,-1.0,-1.0,1.0,-1.0,-1.0,-999,-999,0.0,0.0,0.0,nan,nan,1.13482e-315,1.13482e-315,1.0,-999,-999
27572,6.449,Cu,1.165,44.83,5.154,10.25,HMSDIS,0.44,4.4,0.9,2.0,57658.861,69.718,57535.014,69.569,51182.128,61.88,125103.43,151.2,76688.371,92.72,0.9986,0.997,-999,-999,-1.0,-1.0,-1.0,1.0,-1.0,-1.0,0.99802,99.1029,-999,-999,-999,-999,-999,-999,-999,1.0,-999,7.907
27573,6.449,Cu,1.165,44.83,5.154,10.25,HMSDIS,0.44,4.4,0.9,2.0,56182.66,68.23,56083.997,68.11,49902.956,60.6,123223.74,149.6,74835.185,90.88,0.9988,0.997,-999,-999,-1.0,-1.0,-1.0,1.0,-1.0,-1.0,0.99833,99.1134,-999,-999,-999,-999,-999,-999,-999,1.0,-999,7.676
27574,6.449,Al,1.165,44.83,5.154,10.25,HMSDIS,0.44,4.4,0.9,2.0,45256.125,49.125,45074.25,48.927,40151.01,43.58,137612.55,149.3,62797.44,68.16,0.9983,0.9984,-999,-999,-1.0,-1.0,-1.0,1.0,-1.0,-1.0,1.0,99.9044,-999,-999,-999,-999,-999,-999,-999,1.0,-999,1.31
27575,6.449,Al,1.165,44.83,5.154,10.25,HMSDIS,0.44,4.4,0.9,2.0,45709.473,50.573,45528.059,50.373,40556.696,44.87,137685.16,152.3,63429.578,70.17,0.9986,0.9982,-999,-999,-1.0,-1.0,-1.0,1.0,-1.0,-1.0,0.99979,99.9054,-999,-999,-999,-999,-999,-999,-999,1.0,-999,1.351
27576,6.449,LD2,1.165,44.83,5.154,10.25,HMSDIS,0.44,4.4,0.9,2.0,66423.722,70.817,66272.564,70.656,58998.135,62.9,142885.24,152.3,88371.557,94.21,0.9985,0.9974,-999,-999,-1.0,-1.0,-1.0,1.0,-1.0,-1.0,0.99816,98.8689,-999,-999,-999,-999,-999,-999,-999,1.0,-999,17.3
27579,6.449,LD2,1.165,44.83,5.154,10.25,HMSDIS,0.44,4.4,0.9,2.0,69136.372,68.68,68972.275,68.517,61262.707,60.85,151185.24,150.1,92126.018,91.51,0.9984,0.9976,-999,-999,-1.0,-1.0,-1.0,1.0,-1.0,-1.0,0.99762,98.8773,-999,-999,-999,-999,-999,-999,-999,1.0,-999,16.7
27580,6.449,LD2,1.165,44.83,5.154,10.25,HMSDIS,0.44,4.4,0.9,2.0,65515.263,70.773,65370.385,70.617,57797.256,62.43,141019.68,152.3,87208.702,94.2,0.9984,0.9977,-999,-999,-1.0,-1.0,-1.0,1.0,-1.0,-1.0,0.99747,98.866,-999,-999,-999,-999,-999,-999,-999,1.0,-999,17.1
27581,6.449,LH2,1.165,44.83,3.837,10.25,HMSDIS,0.44,4.4,0.67,2.0,118650.97,68.568,118430.45,68.441,104617.92,60.45,259787.37,150.1,157893.3,91.24,0.9988,0.998,-999,-999,-1.0,-1.0,-1.0,1.0,-1.0,-1.0,0.99946,97.6462,-999,-999,-999,-999,-999,-999,-999,1.0,-999,38.9
27582,6.449,LH2,1.165,44.83,3.837,10.25,HMSDIS,0.44,4.4,0.67,2.0,3008.443,42.803,3000.26,42.686,2656.478,37.79,8819.731,125.4,4073.996,57.96,0.9923,0.9981,-999,-999,-1.0,-1.0,-1.0,1.0,-1.0,-1.0,1.0,98.0916,-999,-999,-999,-999,-999,-999,-999,1.0,-999,23.93
27583,6.449,LH2,1.165,44.83,3.837,10.25,PI+SIDIS,0.44,4.4,0.67,2.0,110.2,67.762,110.0,67.642,97.585,60.004,242.49,149.1,146.56,90.119,1.0,0.998,0.9824,0.9774,-1.0,-1.0,-1.0,-1.0,-1.0,1.0,0.99997,-999,11.0,3.84615,7.15385,0.0665362,0.0312592,51.3,0.5,1.0,-999,38.509
27584,6.449,LH2,1.165,44.83,3.837,10.25,PI+SIDIS,0.44,4.4,0.67,2.0,119.3,69.286,118.99,69.104,105.81,61.448,259.29,150.58,158.31,91.935,1.0,0.9988,0.9851,0.9781,-1.0,-1.0,-1.0,-1.0,-1.0,1.0,0.99995,-999,13.0,4.23077,8.76923,0.0753481,0.0313655,51.3,0.5,1.0,-999,39.315
27585,6.449,LH2,1.165,44.83,3.837,10.25,PI+SIDIS,0.44,4.4,0.67,2.0,56.417,68.312,56.276,68.141,50.088,60.648,123.38,149.4,74.936,90.735,1.0,0.9977,0.9825,0.9764,-1.0,-1.0,-1.0,-1.0,-1.0,1.0,0.99996,-999,4.0,1.61538,2.38462,0.0433997,0.0369608,51.3,0.5,1.0,-999,38.795
27586,6.449,Dummy,1.165,44.83,3.837,10.25,PI+SIDIS,0.44,4.4,0.67,2.0,53.379,50.247,53.136,50.019,47.081,44.319,160.66,151.24,73.41,69.103,1.0,1.0,1.0,0.9689,-1.0,-1.0,-1.0,-1.0,-1.0,1.0,1.0,-999,0.0,0.153846,-0.153846,-0.00298826,0.00211302,51.3,0.5,1.0,-999,-999
27590,6.449,Dummy,1.165,44.83,2.978,10.25,PI+SIDIS,0.44,4.4,0.52,2.0,74.64,47.901,74.326,47.7,66.077,42.406,229.68,147.4,102.52,65.798,0.987,0.9971,0.9932,0.9712,-1.0,-1.0,-1.0,-1.0,-1.0,1.0,1.0,-999,1.0,0.461538,0.538462,0.00755767,0.0142827,51.3,0.5,1.0,-999,8.426
27591,6.449,Dummy,1.165,44.83,2.978,10.25,PI+SIDIS,0.44,4.4,0.52,2.0,79.801,48.348,79.493,48.161,70.197,42.53,244.77,148.3,108.76,65.893,1.0,0.9985,0.9864,0.9715,-1.0,-1.0,-1.0,-1.0,-1.0,1.0,1.0,-999,1.0,0.846154,0.153846,0.00199212,0.0133635,51.3,0.5,1.0,-999,8.436
27592,6.449,Dummy,1.165,44.83,2.978,10.25,PI+SIDIS,0.44,4.4,0.52,2.0,83.387,48.86,82.995,48.63,73.223,42.905,254.86,149.33,113.65,66.594,1.0,0.999,0.9779,0.9737,-1.0,-1.0,-1.0,-1.0,-1.0,1.0,1.0,-999,2.0,1.0,1.0,0.0123744,0.0178334,51.3,0.5,1.0,-999,8.504
27593,6.449,C,1.165,44.83,2.978,10.25,PI+SIDIS,0.44,4.4,0.52,2.0,79.06,47.024,78.608,46.755,69.625,41.412,250.78,149.16,108.17,64.338,0.9994,0.9981,0.9788,0.9763,-1.0,-1.0,-1.0,-1.0,-1.0,1.0,0.99996,-999,19.0,12.4615,6.53846,0.0852518,0.0582496,51.3,0.5,1.0,-999,38.116
27594,6.449,C,1.165,44.83,2.978,10.25,PI+SIDIS,0.44,4.4,0.52,2.0,87.795,48.284,87.332,48.03,77.492,42.618,275.98,151.78,120.38,66.209,0.9968,0.9976,0.979,0.9756,-1.0,-1.0,-1.0,-1.0,-1.0,1.0,0.99996,-999,25.0,14.6154,10.3846,0.12228,0.0601849,51.3,0.5,1.0,-999,39.041
27595,6.449,C,1.165,44.83,2.978,10.25,PI+SIDIS,0.44,4.4,0.52,2.0,90.053,48.563,89.638,48.34,79.65,42.953,282.48,152.33,123.72,66.72,0.9995,0.9978,0.977,0.9786,-1.0,-1.0,-1.0,-1.0,-1.0,1.0,0.99993,-999,19.0,14.4615,4.53846,0.0517677,0.0511543,51.3,0.5,1.0,-999,39.244
27596,6.449,C,1.165,44.83,2.978,10.25,PI+SIDIS,0.44,4.4,0.52,2.0,87.151,47.485,86.782,47.284,77.118,42.018,275.46,150.08,119.72,65.233,0.999,0.9983,0.9833,0.9772,-1.0,-1.0,-1.0,-1.0,-1.0,1.0,0.99994,-999,28.0,15.5385,12.4615,0.147102,0.0637826,51.3,0.5,1.0,-999,38.448
27597,6.449,Cu,1.165,44.83,2.978,10.25,PI+SIDIS,0.44,4.4,0.52,2.0,59.612,50.732,59.35,50.509,52.412,44.605,178.89,152.24,81.235,69.134,0.9979,0.998,0.9731,0.9729,-1.0,-1.0,-1.0,-1.0,-1.0,1.0,0.99991,-999,26.0,19.0769,6.92308,0.12016,0.0909644,51.3,0.5,1.0,-999,37.688
27598,6.449,Cu,1.165,44.83,2.978,10.25,PI+SIDIS,0.44,4.4,0.52,2.0,99.89,50.636,99.348,50.361,87.935,44.576,300.52,152.34,136.66,69.276,0.9993,0.9977,0.9808,0.9745,-1.0,-1.0,-1.0,-1.0,-1.0,1.0,0.99995,-999,46.0,31.6923,14.3077,0.147895,0.0719411,51.3,0.5,1.0,-999,37.589
27599,6.449,Cu,1.165,44.83,2.978,10.25,PI+SIDIS,0.44,4.4,0.52,2.0,91.833,49.582,91.378,49.336,81.147,43.812,278.19,150.2,126.14,68.106,0.9984,0.9975,0.9724,0.9734,-1.0,-1.0,-1.0,-1.0,-1.0,1.0,0.99995,-999,43.0,31.1538,11.8462,0.133402,0.0758746,51.3,0.5,1.0,-999,36.851
27600,6.449,Cu,1.165,44.83,2.978,10.25,PI+SIDIS,0.44,4.4,0.52,2.0,87.611,50.253,87.237,50.038,77.42,44.407,264.32,151.61,120.17,68.93,1.0,0.9975,0.9753,0.9731,-1.0,-1.0,-1.0,-1.0,-1.0,1.0,0.99993,-999,48.0,31.1538,16.8462,0.198461,0.0836324,51.3,0.5,1.0,-999,37.311
27601,6.449,Cu,1.165,44.83,2.978,10.25,PI+SIDIS,0.44,4.4,0.52,2.0,133.88,49.639,133.35,49.444,117.58,43.595,406.31,150.65,182.36,67.616,0.9984,0.9981,0.9784,0.9739,-1.0,-1.0,-1.0,-1.0,-1.0,1.0,0.99995,-999,61.0,41.4615,19.5385,0.15069,0.0617909,51.3,0.5,1.0,-999,36.722
27602,6.449,Cu,1.165,44.83,2.978,10.25,PI+SIDIS,0.44,4.4,0.52,2.0,89.28,50.326,88.836,50.076,78.622,44.318,268.96,151.61,122.22,68.894,0.9981,0.9978,0.9815,0.9737,-1.0,-1.0,-1.0,-1.0,-1.0,1.0,0.99998,-999,33.0,27.4615,5.53846,0.0641522,0.0686361,51.3,0.5,1.0,-999,37.294
27603,6.449,Cu,1.165,44.83,2.978,10.25,PI+SIDIS,0.44,4.4,0.52,2.0,88.724,50.387,88.251,50.118,78.386,44.515,267.48,151.9,121.85,69.202,0.9986,0.9973,0.9805,0.9756,-1.0,-1.0,-1.0,-1.0,-1.0,1.0,0.99994,-999,48.0,26.9231,21.0769,0.245159,0.0823065,51.3,0.5,1.0,-999,37.428
27604,6.449,LD2,1.165,44.83,2.978,10.25,PI+SIDIS,0.44,4.4,0.52,2.0,47.425,27.356,47.179,27.214,41.627,24.012,261.45,150.81,64.534,37.225,0.998,0.9981,0.9817,0.9787,-1.0,-1.0,-1.0,-1.0,-1.0,1.0,0.99996,-999,13.0,7.92308,5.07692,0.110176,0.0800586,51.3,0.5,1.0,-999,41.61
27605,6.449,LD2,1.165,44.83,2.978,10.25,PI+SIDIS,0.44,4.4,0.52,2.0,47.153,27.439,46.93,27.31,41.173,23.96,261.06,151.91,63.831,37.145,1.0,0.998,0.9785,0.9782,-1.0,-1.0,-1.0,-1.0,-1.0,1.0,0.99997,-999,9.0,8.38462,0.615385,0.0134054,0.0676527,51.3,0.5,1.0,-999,41.527
27606,6.449,LD2,1.165,44.83,2.978,10.25,PI+SIDIS,0.44,4.4,0.52,2.0,48.784,27.427,48.555,27.298,42.702,24.007,270.34,151.98,66.384,37.321,0.9972,0.9986,0.9761,0.9771,-1.0,-1.0,-1.0,-1.0,-1.0,1.0,0.99994,-999,11.0,8.69231,2.30769,0.0487806,0.072207,51.3,0.5,1.0,-999,41.606
27607,6.449,LD2,1.165,44.83,2.978,10.25,PI+SIDIS,0.44,4.4,0.52,2.0,48.897,27.379,48.618,27.222,42.964,24.057,270.78,151.61,66.796,37.4,0.999,0.9981,0.9761,0.9778,-1.0,-1.0,-1.0,-1.0,-1.0,1.0,0.99998,-999,11.0,8.07692,2.92308,0.061551,0.0717832,51.3,0.5,1.0,-999,41.626
27608,6.449,LH2,1.165,44.83,2.978,10.25,PI+SIDIS,0.44,4.4,0.52,2.0,107.57,44.688,106.99,44.446,94.365,39.199,363.42,150.96,146.4,60.816,0.9979,0.9978,0.982,0.9782,-1.0,-1.0,-1.0,-1.0,-1.0,1.0,0.99997,-999,13.0,7.53846,5.46154,0.0522934,0.0352842,51.3,0.5,1.0,-999,33.799
27609,6.449,LH2,1.165,44.83,2.978,10.25,PI+SIDIS,0.44,4.4,0.52,2.0,48.365,50.422,48.19,50.24,42.749,44.568,138.16,144.04,66.467,69.294,1.0,0.9987,0.9771,0.9765,-1.0,-1.0,-1.0,-1.0,-1.0,1.0,0.99995,-999,10.0,3.53846,6.46154,0.137318,0.0681118,51.3,0.5,1.0,-999,38.953
27610,6.449,LH2,1.165,44.83,2.978,10.25,PI+SIDIS,0.44,4.4,0.52,2.0,91.81,54.133,91.493,53.946,81.352,47.966,255.49,150.64,126.45,74.562,0.9979,0.9978,0.9795,0.9762,-1.0,-1.0,-1.0,-1.0,-1.0,1.0,0.99998,-999,10.0,7.07692,2.92308,0.0327972,0.0364341,51.3,0.5,1.0,-999,41.954
27612,6.449,LH2,1.165,44.83,2.978,10.25,PI+SIDIS,0.44,4.4,0.52,2.0,-999,-999,-999,-999,-999,-999,-999,-999,-999,-999,-999,-999,-999,-999,-999,-999,-999,-999,-999,-999,-999,-999,-999,-999,-999,-999,-999,-999,-999,1.0,-999,-999
27614,6.449,Dummy,-1.165,44.83,-2.978,10.25,PI-SIDIS,0.44,4.4,0.52,2.0,-999,-999,-999,-999,-999,-999,-999,-999,-999,-999,-999,-999,-999,-999,-999,-999,-999,-999,-999,-999,-999,-999,43.0,4.23077,38.7692,0.514567,0.0873627,51.3639,0.345295,1.0,-999,-999
27615,6.449,Dummy,-1.165,44.83,-2.978,10.25,PI-SIDIS,0.44,4.4,0.52,2.0,80.348,50.296,80.013,50.087,70.374,44.053,241.22,151.0,109.2,68.363,1.0,0.9995,0.9825,0.955,-1.0,-1.0,-1.0,-1.0,-1.0,1.0,1.0,-999,59.0,5.0,54.0,0.706691,0.100849,51.2923,0.354431,1.0,-999,-999
27616,6.449,Dummy,-1.165,44.83,-2.978,10.25,PI-SIDIS,0.44,4.4,0.52,2.0,83.02,50.367,82.683,50.163,73.014,44.297,248.97,151.04,113.52,68.873,1.0,1.0,0.9802,0.9622,-1.0,-1.0,-1.0,-1.0,-1.0,1.0,1.0,-999,41.0,6.07692,34.9231,0.438966,0.0809417,51.3897,0.368488,1.0,-999,-999
27617,6.449,Dummy,-1.165,44.83,-2.978,10.25,PI-SIDIS,0.44,4.4,0.52,2.0,87.068,50.424,86.706,50.214,76.802,44.478,261.04,151.17,119.41,69.159,0.999,0.9987,0.9851,0.9704,-1.0,-1.0,-1.0,-1.0,-1.0,1.0,1.0,-999,59.0,6.23077,52.7692,0.627791,0.0917524,51.3395,0.426215,1.0,-999,-999
27618,6.449,Dummy,-1.165,44.83,-2.978,10.25,PI-SIDIS,0.44,4.4,0.52,2.0,81.552,50.232,81.132,49.973,71.922,44.3,244.79,150.78,111.7,68.806,1.0,0.999,0.982,0.9653,-1.0,-1.0,-1.0,-1.0,-1.0,1.0,1.0,-999,40.0,5.76923,34.2308,0.437081,0.0812029,51.1067,0.631344,1.0,-999,-999
27619,6.449,Dummy,-1.165,44.83,-2.978,10.25,PI-SIDIS,0.44,4.4,0.52,2.0,72.636,48.622,72.264,48.374,63.719,42.654,220.52,147.62,98.812,66.145,1.0,0.9994,0.9835,0.9573,-1.0,-1.0,-1.0,-1.0,-1.0,1.0,1.0,-999,43.0,4.30769,38.6923,0.559313,0.0951549,51.3289,0.403201,1.0,-999,-999
27620,6.449,Dummy,-1.165,44.83,-2.978,10.25,PI-SIDIS,0.44,4.4,0.52,2.0,87.82,51.083,87.415,50.847,76.87,44.714,261.9,152.34,119.3,69.395,1.0,0.9987,0.9734,0.9666,-1.0,-1.0,-1.0,-1.0,-1.0,1.0,1.0,-999,47.0,5.30769,41.6923,0.493427,0.0814881,51.3039,0.345515,1.0,-999,-999
27621,6.449,Dummy,-1.165,44.83,-2.978,10.25,PI-SIDIS,0.44,4.4,0.52,2.0,81.294,50.397,80.95,50.184,71.469,44.307,243.7,151.08,111.13,68.899,1.0,0.999,0.9755,0.9602,-1.0,-1.0,-1.0,-1.0,-1.0,1.0,1.0,-999,51.0,5.84615,45.1538,0.58092,0.0922811,51.2723,0.317101,1.0,-999,-999
27622,6.449,Dummy,-1.165,44.83,-2.978,10.25,PI-SIDIS,0.44,4.4,0.52,2.0,69.64,50.668,69.363,50.467,61.453,44.711,208.19,151.47,95.549,69.519,0.9988,0.9989,0.9801,0.9652,-1.0,-1.0,-1.0,-1.0,-1.0,1.0,1.0,-999,39.0,4.38462,34.6154,0.517661,0.0937947,51.1815,0.389427,1.0,-999,-999
27623,6.449,Dummy,-1.165,44.83,-2.978,10.25,PI-SIDIS,0.44,4.4,0.52,2.0,128.74,50.328,128.14,50.093,113.27,44.283,386.41,151.05,175.91,68.77,0.9993,0.9981,0.9763,0.9703,-1.0,-1.0,-1.0,-1.0,-1.0,1.0,0.99995,-999,78.0,7.92308,70.0769,0.564036,0.0713623,51.3695,0.349032,1.0,-999,-999
27624,6.449,LD2,-1.165,44.83,-2.978,10.25,PI-SIDIS,0.44,4.4,0.52,2.0,30.163,28.113,29.975,27.937,26.37,24.577,160.12,149.24,40.937,38.154,0.9999,0.9989,0.9819,0.9767,-1.0,-1.0,-1.0,-1.0,-1.0,1.0,0.99996,-999,164.0,51.8462,112.154,3.83137,0.442771,51.2926,0.39023,1.0,-999,-999
27625,6.449,LD2,-1.165,44.83,-2.978,10.25,PI-SIDIS,0.44,4.4,0.52,2.0,54.125,28.176,53.859,28.037,47.603,24.781,287.68,149.76,73.916,38.478,0.9998,0.9995,0.9831,0.975,-1.0,-1.0,-1.0,-1.0,-1.0,1.0,0.99999,-999,316.0,89.8462,226.154,4.30759,0.342272,51.2354,0.36997,1.0,-999,-999
27626,6.449,LD2,-1.165,44.83,-2.978,10.25,PI-SIDIS,0.44,4.4,0.52,2.0,53.895,28.247,53.655,28.121,47.437,24.862,286.34,150.07,73.676,38.614,0.9998,0.9991,0.9845,0.9775,-1.0,-1.0,-1.0,-1.0,-1.0,1.0,0.99996,-999,313.0,92.3846,220.615,4.20737,0.34121,51.2108,0.399381,1.0,-999,-999
27627,6.449,LD2,-1.165,44.83,-2.978,10.25,PI-SIDIS,0.44,4.4,0.52,2.0,44.235,27.95,44.025,27.818,38.865,24.557,235.02,148.5,60.293,38.097,0.9999,0.999,0.9823,0.9763,-1.0,-1.0,-1.0,-1.0,-1.0,1.0,0.99993,-999,241.0,72.9231,168.077,3.91112,0.365425,51.2473,0.3565,1.0,-999,-999
27628,6.449,LD2,-1.165,44.83,-2.978,10.25,PI-SIDIS,0.44,4.4,0.52,2.0,42.248,27.964,42.001,27.8,36.829,24.378,224.51,148.6,57.075,37.778,0.9999,0.999,0.983,0.9762,-1.0,-1.0,-1.0,-1.0,-1.0,1.0,1.0,-999,265.0,73.8462,191.154,4.6626,0.401304,51.287,0.383439,1.0,-999,-999
27629,6.449,LD2,-1.165,44.83,-2.978,10.25,PI-SIDIS,0.44,4.4,0.52,2.0,47.036,27.97,46.761,27.807,41.056,24.414,250.0,148.66,63.787,37.931,0.9998,0.9991,0.9831,0.9787,-1.0,-1.0,-1.0,-1.0,-1.0,1.0,0.99995,-999,242.0,77.7692,164.231,3.58945,0.344179,51.225,0.410635,1.0,-999,-999
27630,6.449,LD2,-1.165,44.83,-2.978,10.25,PI-SIDIS,0.44,4.4,0.52,2.0,49.604,28.427,49.34,28.275,43.463,24.907,263.61,151.06,67.563,38.718,0.9998,0.999,0.9841,0.9784,-1.0,-1.0,-1.0,-1.0,-1.0,1.0,0.99992,-999,297.0,85.0,212.0,4.39279,0.361003,51.1951,0.368135,1.0,-999,-999
27631,6.449,LD2,-1.165,44.83,-2.978,10.25,PI-SIDIS,0.44,4.4,0.52,2.0,50.686,28.702,50.441,28.563,44.537,25.22,269.02,152.34,69.208,39.19,0.9996,0.999,0.9822,0.9768,-1.0,-1.0,-1.0,-1.0,-1.0,1.0,0.99997,-999,297.0,85.4615,211.538,4.29523,0.353777,51.2365,0.361177,1.0,-999,-999
27632,6.449,LH2,-1.165,44.83,-2.978,10.25,PI-SIDIS,0.44,4.4,0.52,2.0,87.383,54.612,87.116,54.445,76.817,48.009,231.75,144.83,119.13,74.456,0.9997,0.9996,0.9817,0.9733,-1.0,-1.0,-1.0,-1.0,-1.0,1.0,0.99995,-999,233.0,77.1538,155.846,1.83867,0.182367,51.2893,0.389783,1.0,-999,-999
27633,6.449,LH2,-1.165,44.83,-2.978,10.25,PI-SIDIS,0.44,4.4,0.52,2.0,105.19,59.775,104.77,59.538,92.316,52.457,266.09,151.2,143.39,81.482,0.9998,0.9992,0.9823,0.9745,-1.0,-1.0,-1.0,-1.0,-1.0,1.0,0.99993,-999,298.0,82.2308,215.769,2.11376,0.170898,51.2242,0.385015,1.0,-999,-999
27634,6.449,LH2,-1.165,44.83,-2.978,10.25,PI-SIDIS,0.44,4.4,0.52,2.0,102.69,60.63,102.27,60.38,90.477,53.417,258.03,152.34,140.67,83.055,0.9999,0.9992,0.9799,0.9739,-1.0,-1.0,-1.0,-1.0,-1.0,1.0,0.99996,-999,270.0,85.3846,184.615,1.8538,0.166992,51.1908,0.410728,1.0,-999,-999
27635,6.449,LH2,-1.165,44.83,-2.978,10.25,PI-SIDIS,0.44,4.4,0.52,2.0,79.392,60.028,79.097,59.805,70.159,53.047,200.31,151.45,109.04,82.448,0.9999,0.9989,0.9798,0.9721,-1.0,-1.0,-1.0,-1.0,-1.0,1.0,0.99996,-999,214.0,70.6154,143.385,1.86506,0.192681,51.2338,0.391975,1.0,-999,-999
27636,6.449,LH2,-1.165,44.83,-2.978,10.25,PI-SIDIS,0.44,4.4,0.52,2.0,103.72,60.616,103.41,60.43,91.576,53.515,260.68,152.33,142.14,83.065,0.9997,0.9989,0.9807,0.9737,-1.0,-1.0,-1.0,-1.0,-1.0,1.0,0.99999,-999,263.0,87.4615,175.538,1.74389,0.163159,51.1644,0.445698,1.0,-999,-999
27637,6.449,LH2,-1.165,44.83,-2.978,10.25,PI-SIDIS,0.44,4.4,0.52,2.0,98.117,58.731,97.846,58.569,86.136,51.559,250.21,149.77,133.54,79.937,0.9999,0.9986,0.9806,0.973,-1.0,-1.0,-1.0,-1.0,-1.0,1.0,0.99998,-999,242.0,80.6923,161.308,1.69454,0.165503,51.2307,0.361928,1.0,-999,-999
27638,6.449,LH2,-1.165,44.83,-2.978,10.25,PI-SIDIS,0.44,4.4,0.52,2.0,109.28,59.248,108.96,59.073,95.811,51.942,277.49,150.43,148.82,80.68,0.9998,0.9988,0.9799,0.9701,-1.0,-1.0,-1.0,-1.0,-1.0,1.0,0.99998,-999,289.0,95.9231,193.077,1.82692,0.162896,51.277,0.322966,1.0,-999,-999
27639,6.449,LH2,-1.165,44.83,-2.978,10.25,PI-SIDIS,0.44,4.4,0.52,2.0,99.626,58.732,99.209,58.486,87.708,51.706,253.88,149.67,136.39,80.405,0.9997,0.9986,0.9816,0.9703,-1.0,-1.0,-1.0,-1.0,-1.0,1.0,0.99998,-999,254.0,84.6923,169.308,1.75938,0.167725,51.198,0.421422,1.0,-999,-999
27640,6.449,LH2,-1.165,44.83,-2.978,10.25,PI-SIDIS,0.44,4.4,0.52,2.0,93.448,58.631,93.066,58.391,82.522,51.776,238.5,149.64,128.28,80.489,0.9995,0.9985,0.98,0.9691,-1.0,-1.0,-1.0,-1.0,-1.0,1.0,0.99999,-999,258.0,77.2308,180.769,2.00534,0.180225,51.1496,0.376892,1.0,-999,-999
27641,6.449,LH2,-1.165,44.83,-2.978,10.25,PI-SIDIS,0.44,4.4,0.52,2.0,109.92,60.543,109.54,60.336,96.867,53.353,276.38,152.23,150.3,82.787,0.9998,0.9989,0.98,0.9718,-1.0,-1.0,-1.0,-1.0,-1.0,1.0,0.99999,-999,316.0,95.4615,220.538,2.0721,0.16895,51.2673,0.379911,1.0,-999,-999
27642,6.449,LH2,-1.165,37.33,5.051,9.245,PI+SIDIS,-999,-999,-999,-999,174.23,67.476,173.8,67.311,153.31,59.375,384.92,149.07,232.39,90.002,0.9998,0.9985,0.9894,0.9828,-1.0,-1.0,-1.0,-1.0,-1.0,1.0,0.99997,-999,1714.0,74.9231,1639.08,9.59787,0.242834,51.2584,0.36913,1.0,0.747,15.13
27643,6.449,Dummy,-1.165,37.33,5.051,9.245,PI+SIDIS,-999,-999,-999,-999,31.683,45.224,31.559,45.047,27.845,39.745,99.163,141.54,43.223,61.697,1.0,1.0,1.0,0.9891,-1.0,-1.0,-1.0,-1.0,-1.0,1.0,1.0,-999,47.0,0.461538,46.5385,1.4909,0.21971,51.2637,0.379335,1.0,-999,-999
27644,6.449,Dummy,-1.165,37.33,5.051,9.245,PI+SIDIS,-999,-999,-999,-999,16.12,50.376,16.06,50.188,14.169,44.28,48.748,152.34,21.996,68.739,1.0,1.0,1.0,0.989,-1.0,-1.0,-1.0,-1.0,-1.0,1.0,1.0,-999,25.0,0.384615,24.6154,1.54976,0.314981,51.3607,0.494338,1.0,-999,-999
27650,6.449,LD2,-1.165,37.33,2.806,9.245,PI+SIDIS,-999,-999,-999,-999,32.874,18.31,32.694,18.21,28.724,15.998,184.42,102.71,44.577,24.828,0.9999,0.9988,0.9806,0.9819,-1.0,-1.0,-1.0,-1.0,-1.0,1.0,0.99993,-999,1088.0,275.077,812.923,25.3272,1.03761,51.2659,0.384938,1.0,-999,33.037
27651,6.449,LD2,-1.165,37.33,2.806,9.245,PI+SIDIS,-999,-999,-999,-999,31.989,18.21,31.823,18.116,27.956,15.914,179.52,102.19,43.393,24.702,0.9998,0.999,0.9849,0.9821,-1.0,-1.0,-1.0,-1.0,-1.0,1.0,0.99991,-999,1024.0,259.923,764.077,24.4549,1.03414,51.2425,0.386185,1.0,-999,32.905
27652,6.449,LD2,-1.165,37.33,2.806,9.245,PI+SIDIS,-999,-999,-999,-999,31.838,18.275,31.699,18.196,27.848,15.985,178.82,102.64,43.231,24.815,0.9998,0.9989,0.9818,0.9826,-1.0,-1.0,-1.0,-1.0,-1.0,1.0,0.99995,-999,984.0,267.769,716.231,23.0006,1.01785,51.2514,0.378797,1.0,-999,33.14
27653,6.449,LD2,-1.165,37.33,2.806,9.245,PI+SIDIS,-999,-999,-999,-999,30.848,18.272,30.73,18.201,26.998,15.991,173.36,102.68,41.91,24.824,0.9998,0.9988,0.9834,0.9819,-1.0,-1.0,-1.0,-1.0,-1.0,1.0,0.99993,-999,947.0,259.231,687.769,22.7997,1.03083,51.2379,0.352948,1.0,-999,33.185
27654,6.449,LD2,-1.165,37.33,2.806,9.245,PI+SIDIS,-999,-999,-999,-999,31.472,18.248,31.358,18.182,27.551,15.974,176.93,102.58,42.762,24.794,0.9999,0.9989,0.9814,0.983,-1.0,-1.0,-1.0,-1.0,-1.0,1.0,0.99994,-999,1017.0,266.923,750.077,24.3375,1.04513,51.2413,0.375893,1.0,-999,33.172
27655,6.449,LD2,-1.165,37.33,2.806,9.245,PI+SIDIS,-999,-999,-999,-999,32.083,18.29,31.939,18.209,28.061,15.998,180.22,102.74,43.562,24.835,0.9998,0.9989,0.9792,0.9825,-1.0,-1.0,-1.0,-1.0,-1.0,1.0,0.99991,-999,993.0,273.308,719.692,22.9412,1.01507,51.26,0.369299,1.0,-999,33.199
27656,6.449,LD2,-1.165,37.33,2.806,9.245,PI+SIDIS,-999,-999,-999,-999,31.261,18.235,31.09,18.135,27.329,15.942,175.5,102.37,42.428,24.749,0.9998,0.9989,0.9814,0.9825,-1.0,-1.0,-1.0,-1.0,-1.0,1.0,0.9999,-999,1022.0,267.154,754.846,24.7193,1.05737,51.2407,0.351513,1.0,-999,33.096
27657,6.449,LD2,-1.165,37.33,2.806,9.245,PI+SIDIS,-999,-999,-999,-999,31.853,18.09,31.689,17.997,27.866,15.826,178.93,101.62,43.255,24.566,0.9999,0.999,0.9821,0.9826,-1.0,-1.0,-1.0,-1.0,-1.0,1.0,0.99994,-999,1014.0,269.0,745.0,23.93,1.03322,51.2527,0.386755,1.0,-999,32.845
27658,6.449,LD2,-1.165,37.33,2.806,9.245,PI+SIDIS,-999,-999,-999,-999,30.071,17.963,29.943,17.886,26.34,15.734,169.12,101.02,40.881,24.42,0.9998,0.999,0.982,0.9823,-1.0,-1.0,-1.0,-1.0,-1.0,1.0,0.99989,-999,931.0,251.231,679.769,23.1183,1.04841,51.2297,0.386771,1.0,-999,32.698
27659,6.449,LD2,-1.165,37.33,2.806,9.245,PI+SIDIS,-999,-999,-999,-999,32.361,18.13,32.239,18.062,28.368,15.893,182.15,102.05,44.037,24.672,0.9998,0.9992,0.983,0.982,-1.0,-1.0,-1.0,-1.0,-1.0,1.0,0.99993,-999,1053.0,275.231,777.769,24.5739,1.03552,51.2234,0.357935,1.0,-999,33.097
27660,6.449,LD2,-1.165,37.33,2.806,9.245,HMSDIS,-999,-999,-999,-999,11637.68,18.045,11598.743,17.985,10211.367,15.83,65565.968,101.6,15850.744,24.57,0.9998,0.9989,-999,-999,-1.0,-1.0,-1.0,1.0,-1.0,-1.0,0.99973,95.6484,-999,-999,-999,-999,-999,-999,-999,1.0,0.391,32.9
27661,6.449,LD2,-1.165,37.33,2.806,9.245,HMSDIS,-999,-999,-999,-999,4625.873,18.344,4603.312,18.255,4056.616,16.08,26042.196,103.2,6295.55,24.96,0.9998,0.999,-999,-999,-1.0,-1.0,-1.0,1.0,-1.0,-1.0,0.99807,95.6259,-999,-999,-999,-999,-999,-999,-999,1.0,0.397,33.69
27662,6.449,LD2,-1.165,37.33,2.806,9.245,HMSDIS,-999,-999,-999,-999,15598.742,18.196,15515.599,18.099,13675.907,15.95,87820.824,102.4,21228.45,24.76,1.0,0.999,-999,-999,-1.0,-1.0,17.0,-1.0,-1.0,-1.0,0.99895,95.6373,-999,-999,-999,-999,-999,-999,-999,1.0,0.394,33.2
27663,6.449,LD2,-1.165,37.33,2.806,9.245,HMSDIS,-999,-999,-999,-999,2597.568,18.378,2583.252,18.276,2277.01,16.11,14623.029,103.4,3534.951,25.0,0.9999,0.9986,-999,-999,-1.0,-1.0,-1.0,1.0,-1.0,-1.0,0.99811,95.6199,-999,-999,-999,-999,-999,-999,-999,1.0,-999,33.59
27664,6.449,LH2,-1.165,37.33,2.806,9.245,PI+SIDIS,-999,-999,-999,-999,60.256,37.578,59.895,37.353,52.919,33.002,239.39,149.29,82.165,51.241,0.9998,0.9991,0.9788,0.9804,-1.0,-1.0,-1.0,-1.0,-1.0,1.0,0.99996,-999,1096.0,280.692,815.308,13.8878,0.569446,51.2227,0.347457,1.0,-999,34.262
27665,6.449,LH2,-1.165,37.33,2.806,9.245,PI+SIDIS,-999,-999,-999,-999,59.766,36.978,59.458,36.788,52.551,32.514,238.38,147.49,81.587,50.479,0.9997,0.9986,0.9834,0.9807,-1.0,-1.0,-1.0,-1.0,-1.0,1.0,0.99995,-999,1085.0,269.846,815.154,13.9844,0.570472,51.234,0.383112,1.0,-999,33.699
27666,6.449,LH2,-1.165,37.33,2.806,9.245,PI+SIDIS,-999,-999,-999,-999,64.845,37.886,64.535,37.705,57.055,33.335,257.41,150.39,88.584,51.756,0.9998,0.9993,0.9822,0.9801,-1.0,-1.0,-1.0,-1.0,-1.0,1.0,0.99994,-999,1196.0,305.0,891.0,14.0905,0.552245,51.2345,0.383201,1.0,-999,34.57
27667,6.449,LH2,-1.165,37.33,2.806,9.245,PI+SIDIS,-999,-999,-999,-999,68.501,38.558,68.19,38.383,60.308,33.947,270.63,152.33,93.652,52.715,0.9998,0.9989,0.9822,0.9805,-1.0,-1.0,-1.0,-1.0,-1.0,1.0,0.9999,-999,1237.0,322.077,914.923,13.6882,0.531438,51.2189,0.378079,1.0,-999,35.197
27668,6.449,LH2,-1.165,37.33,2.806,9.245,PI+SIDIS,-999,-999,-999,-999,64.734,38.354,64.395,38.154,56.974,33.757,255.99,151.67,88.465,52.415,0.9999,0.9989,0.9825,0.9809,-1.0,-1.0,-1.0,-1.0,-1.0,1.0,0.99993,-999,1187.0,311.692,875.308,13.8598,0.551015,51.2178,0.37375,1.0,-999,34.99
27669,6.449,LH2,-1.165,37.33,2.806,9.245,PI+SIDIS,-999,-999,-999,-999,23.982,38.336,23.833,38.099,21.023,33.607,95.011,151.88,32.599,52.111,1.0,0.9992,0.9774,0.9793,-1.0,-1.0,-1.0,-1.0,-1.0,1.0,0.99996,-999,419.0,107.154,311.846,13.3617,0.885644,51.2936,0.374261,1.0,-999,34.879
27670,6.449,LH2,-1.165,37.33,2.806,9.245,PI+SIDIS,-999,-999,-999,-999,109.97,38.201,109.46,38.025,96.791,33.622,435.7,151.35,150.34,52.224,0.9999,0.9987,0.9788,0.9801,-1.0,-1.0,-1.0,-1.0,-1.0,1.0,0.99994,-999,2015.0,507.154,1507.85,14.0564,0.422491,51.2293,0.3627,1.0,0.426,-999
27671,6.449,LH2,-1.165,37.33,2.806,9.245,PI+SIDIS,-999,-999,-999,-999,65.388,38.369,64.997,38.139,57.159,33.54,258.67,151.78,88.639,52.012,0.9998,0.9989,0.9835,0.9803,-1.0,-1.0,-1.0,-1.0,-1.0,1.0,0.99997,-999,1186.0,306.615,879.385,13.8047,0.545965,51.25,0.356891,1.0,-999,34.89
27672,6.449,LH2,-1.165,37.33,2.806,9.245,PI+SIDIS,-999,-999,-999,-999,69.007,38.533,68.596,38.304,60.219,33.626,272.82,152.34,93.506,52.213,0.9997,0.9988,0.9775,0.9804,-1.0,-1.0,-1.0,-1.0,-1.0,1.0,0.99996,-999,1232.0,319.231,912.769,13.5771,0.527276,51.2584,0.355393,1.0,-999,34.963
27673,6.449,LH2,-1.165,37.33,2.806,9.245,PI+SIDIS,-999,-999,-999,-999,56.436,38.387,56.117,38.17,49.449,33.635,223.2,151.82,76.896,52.305,0.9997,0.9986,0.9796,0.9788,-1.0,-1.0,-1.0,-1.0,-1.0,1.0,0.99996,-999,1058.0,261.231,796.769,14.5108,0.59798,51.2099,0.371638,1.0,-999,34.958
27674,6.449,LH2,-1.165,37.33,2.806,9.245,PI+SIDIS,-999,-999,-999,-999,51.436,38.575,51.189,38.391,45.253,33.939,203.12,152.34,70.349,52.76,0.9998,0.9986,0.9691,0.9686,-1.0,-1.0,-1.0,-1.0,1.0,-1.0,0.99877,-999,921.0,237.154,683.846,13.8121,0.618999,51.2158,0.383684,1.0,-999,35.306
27675,6.449,LH2,-1.165,37.33,2.806,9.245,PI+SIDIS,-999,-999,-999,-999,16.865,38.548,16.787,38.37,14.858,33.96,66.649,152.33,23.092,52.781,0.9996,0.9985,0.9683,0.9692,-1.0,-1.0,-1.0,-1.0,1.0,-1.0,0.99869,-999,305.0,80.0,225.0,13.8528,1.08604,51.2229,0.382614,1.0,-999,35.285
27676,6.449,LH2,-1.165,37.33,2.806,9.245,HMSDIS,-999,-999,-999,-999,41915.392,38.222,41730.827,38.053,36932.454,33.67,165780.24,151.1,57374.25,52.31,0.9998,0.9984,-999,-999,-1.0,-1.0,-1.0,1.0,-1.0,-1.0,0.99893,95.4909,-999,-999,-999,-999,-999,-999,-999,1.0,0.426,35.0
27677,6.449,LH2,-1.165,37.33,2.806,9.245,HMSDIS,-999,-999,-999,-999,41075.525,37.855,40898.43,37.691,36052.339,33.22,162924.83,150.1,55905.571,51.52,0.9997,0.9986,-999,-999,-1.0,-1.0,17.0,-1.0,-1.0,-1.0,0.99957,95.4993,-999,-999,-999,-999,-999,-999,-999,1.0,0.423,34.5
27678,6.449,Dummy,-1.165,37.33,2.806,9.245,PI+SIDIS,-999,-999,-999,-999,86.1,50.277,85.67,50.026,75.354,44.003,259.9,151.76,116.89,68.257,1.0,0.9981,0.9794,0.9799,-1.0,-1.0,-1.0,-1.0,-1.0,1.0,0.99998,-999,362.0,55.3846,306.615,3.65251,0.227978,51.3011,0.360269,1.0,-999,11.25
27679,6.449,Dummy,-1.165,37.33,2.806,9.245,PI+SIDIS,-999,-999,-999,-999,83.107,49.247,82.672,48.989,72.96,43.234,252.67,149.72,113.43,67.221,0.9996,0.9984,0.9838,0.9795,-1.0,-1.0,-1.0,-1.0,-1.0,1.0,1.0,-999,344.0,49.5385,294.462,3.63781,0.2304,51.2683,0.359792,1.0,-999,11.059
27680,6.449,Dummy,-1.165,37.33,2.806,9.245,HMSDIS,-999,-999,-999,-999,59085.215,50.159,58800.378,49.917,52057.121,44.19,178378.53,151.4,80950.932,68.72,0.9998,0.9983,-999,-999,-1.0,-1.0,-1.0,1.0,-1.0,-1.0,0.99998,98.1605,-999,-999,-999,-999,-999,-999,-999,1.0,0.193,11.3
27681,6.449,LD2,-1.165,37.33,2.806,9.245,PI+SIDIS,-999,-999,-999,-999,33.006,18.273,32.88,18.203,29.024,16.068,186.37,103.17,45.07,24.951,0.9997,0.9982,0.978,0.98,-1.0,-1.0,-1.0,-1.0,-1.0,1.0,0.99994,-999,1036.0,285.538,750.462,23.2985,1.0098,51.2688,0.375338,1.0,-999,33.669
27682,6.449,LD2,-1.165,37.33,2.806,9.245,PI+SIDIS,-999,-999,-999,-999,29.741,18.191,29.637,18.127,26.011,15.909,167.02,102.15,40.326,24.665,0.9998,0.9982,0.9798,0.98,-1.0,-1.0,-1.0,-1.0,-1.0,1.0,0.99995,-999,1021.0,247.769,773.231,26.6292,1.11065,51.278,0.378662,1.0,-999,33.35
27683,6.449,LD2,-1.165,37.33,2.806,9.245,PI+SIDIS,-999,-999,-999,-999,32.443,18.234,32.312,18.16,28.272,15.889,181.54,102.02,43.872,24.656,0.9998,0.9979,0.9821,0.9801,-1.0,-1.0,-1.0,-1.0,-1.0,1.0,0.99991,-999,1082.0,275.769,806.231,25.4654,1.04911,51.2787,0.37455,1.0,-999,33.303
27684,6.449,LD2,-1.165,37.33,2.806,9.245,PI+SIDIS,-999,-999,-999,-999,33.382,18.298,33.2,18.199,29.188,15.999,187.42,102.73,45.375,24.873,0.9997,0.9981,0.9794,0.9796,-1.0,-1.0,-1.0,-1.0,-1.0,1.0,0.99995,-999,1079.0,276.538,802.462,24.6824,1.02027,51.2659,0.383401,1.0,-999,33.468
27685,6.449,LD2,-1.165,37.33,2.806,9.245,PI+SIDIS,-999,-999,-999,-999,21.791,18.172,21.678,18.077,19.108,15.934,122.69,102.32,29.692,24.76,0.9999,0.9973,0.9853,0.9789,-1.0,-1.0,-1.0,-1.0,-1.0,1.0,0.99995,-999,578.0,147.769,430.231,20.2773,1.1442,51.2266,0.375938,1.0,-999,27.39
27686,6.449,LD2,-1.165,37.33,2.806,9.245,PI+SIDIS,-999,-999,-999,-999,42.021,18.124,41.859,18.054,36.978,15.948,237.43,102.4,57.428,24.768,0.9996,0.998,0.9827,0.9785,-1.0,-1.0,-1.0,-1.0,-1.0,1.0,0.99995,-999,1347.0,356.0,991.0,24.2057,0.90552,51.2259,0.365419,1.0,-999,33.405
27687,6.449,LD2,-1.165,37.33,2.806,9.245,PI+SIDIS,-999,-999,-999,-999,30.601,17.984,30.487,17.917,26.94,15.832,172.97,101.65,41.824,24.58,0.9997,0.9977,0.9815,0.9792,-1.0,-1.0,-1.0,-1.0,-1.0,1.0,0.9999,-999,979.0,253.769,725.231,24.3031,1.05892,51.2231,0.361791,1.0,-999,33.026
27688,6.449,LD2,-1.165,37.33,2.806,9.245,PI+SIDIS,-999,-999,-999,-999,32.674,18.306,32.508,18.214,28.737,16.1,184.5,103.37,44.614,24.996,0.9997,0.9977,0.9795,0.9791,-1.0,-1.0,-1.0,-1.0,-1.0,1.0,0.99994,-999,1008.0,269.077,738.923,23.224,1.00805,51.2384,0.370488,1.0,-999,33.593
27689,6.449,LD2,-1.165,37.33,2.806,9.245,PI+SIDIS,-999,-999,-999,-999,31.94,18.201,31.767,18.102,28.084,16.004,180.31,102.75,43.594,24.842,0.9998,0.9978,0.9787,0.9791,-1.0,-1.0,-1.0,-1.0,-1.0,1.0,0.99992,-999,1047.0,270.385,776.615,24.976,1.0509,51.2165,0.379048,1.0,-999,33.387
27690,6.449,LD2,-1.165,37.33,2.806,9.245,PI+SIDIS,-999,-999,-999,-999,32.118,18.098,31.96,18.009,28.257,15.923,181.4,102.21,43.855,24.712,0.9997,0.9982,0.9779,0.9785,-1.0,-1.0,-1.0,-1.0,-1.0,1.0,0.99995,-999,1046.0,261.692,784.308,25.0883,1.04446,51.221,0.361031,1.0,-999,33.223
27691,6.449,LH2,-1.165,37.33,2.806,9.245,PI+SIDIS,-999,-999,-999,-999,60.694,37.276,60.395,37.093,53.072,32.595,241.83,148.52,82.278,50.532,0.9998,0.9978,0.9793,0.9763,-1.0,-1.0,-1.0,-1.0,-1.0,1.0,0.99996,-999,1105.0,275.385,829.615,14.0733,0.569276,51.3611,0.430578,1.0,-999,34.062
27692,6.449,LH2,-1.165,37.33,2.806,9.245,PI+SIDIS,-999,-999,-999,-999,59.424,33.329,59.158,33.18,51.956,29.14,236.5,132.64,80.645,45.231,0.9999,0.9977,0.978,0.9767,-1.0,-1.0,-1.0,-1.0,-1.0,1.0,0.99996,-999,1073.0,267.615,805.385,13.9409,0.572418,51.273,0.364665,1.0,-999,30.372
27693,6.449,LH2,-1.165,37.33,2.806,9.245,PI+SIDIS,-999,-999,-999,-999,65.058,38.196,64.706,37.989,57.025,33.48,257.78,151.34,88.624,52.032,0.9999,0.9976,0.9772,0.977,-1.0,-1.0,-1.0,-1.0,-1.0,1.0,0.99996,-999,1269.0,302.231,966.769,15.2948,0.568714,51.2321,0.376295,1.0,-999,34.941
27694,6.449,LH2,-1.165,37.33,2.806,9.245,PI+SIDIS,-999,-999,-999,-999,68.428,38.355,67.987,38.108,60.084,33.679,270.57,151.66,93.358,52.329,0.9998,0.9981,0.9763,0.9779,-1.0,-1.0,-1.0,-1.0,-1.0,1.0,0.99994,-999,1235.0,326.154,908.846,13.6737,0.534066,51.2121,0.37032,1.0,-999,35.078
27695,6.449,LH2,-1.165,37.33,2.806,9.245,PI+SIDIS,-999,-999,-999,-999,68.117,38.41,67.706,38.178,59.929,33.793,269.18,151.79,93.118,52.508,0.9998,0.998,0.9773,0.9775,-1.0,-1.0,-1.0,-1.0,-1.0,1.0,0.99995,-999,1178.0,314.0,864.0,13.0581,0.524018,51.2076,0.389884,1.0,-999,35.159
27696,6.449,LH2,-1.165,37.33,2.806,9.245,PI+SIDIS,-999,-999,-999,-999,68.66,38.382,68.298,38.179,60.23,33.669,271.41,151.72,93.422,52.224,0.9998,0.9984,0.9821,0.9769,-1.0,-1.0,-1.0,-1.0,-1.0,1.0,0.99994,-999,1280.0,324.462,955.538,14.3253,0.54157,51.2511,0.389134,1.0,-999,35.121
27697,6.449,LH2,-1.165,37.33,2.806,9.245,PI+SIDIS,-999,-999,-999,-999,72.079,38.565,71.737,38.383,62.913,33.661,284.73,152.34,97.53,52.183,0.9998,0.9978,0.9798,0.9764,-1.0,-1.0,-1.0,-1.0,-1.0,1.0,0.99993,-999,1289.0,325.692,963.308,13.7566,0.517668,51.263,0.380084,1.0,-999,35.173
27698,6.449,LH2,-1.165,37.33,2.806,9.245,PI+SIDIS,-999,-999,-999,-999,68.099,38.546,67.779,38.365,59.545,33.704,269.14,152.34,92.554,52.388,0.9999,0.9981,0.9787,0.9769,-1.0,-1.0,-1.0,-1.0,-1.0,1.0,0.99993,-999,1194.0,319.0,875.0,13.2171,0.527288,51.2454,0.378679,1.0,-999,35.187
27699,6.449,Dummy,-1.165,37.33,2.806,9.245,PI+SIDIS,-999,-999,-999,-999,89.716,50.304,89.234,50.034,79.115,44.36,270.53,151.68,123.02,68.979,0.9998,0.9987,0.9821,0.9784,-1.0,-1.0,-1.0,-1.0,-1.0,1.0,0.99993,-999,383.0,56.1538,326.846,3.74468,0.225479,51.2767,0.409249,1.0,-999,11.372
27700,6.449,Dummy,-1.165,37.33,2.806,9.245,PI+SIDIS,-999,-999,-999,-999,84.103,49.013,83.666,48.758,74.129,43.2,256.16,149.28,115.09,67.072,0.9998,0.9978,0.9817,0.981,-1.0,-1.0,-1.0,-1.0,-1.0,1.0,0.99998,-999,323.0,51.2308,271.769,3.3119,0.220349,51.2767,0.348539,1.0,-999,11.08
27701,6.449,Dummy,-1.165,37.33,2.806,9.245,PI+SIDIS,-999,-999,-999,-999,86.473,49.609,86.081,49.384,75.766,43.466,262.12,150.38,117.5,67.412,0.9996,0.9973,0.9763,0.9762,-1.0,-1.0,-1.0,-1.0,-1.0,1.0,0.99998,-999,381.0,50.2308,330.769,3.93787,0.233555,51.2971,0.354999,1.0,-999,11.188
27702,6.449,Dummy,-1.165,37.33,2.806,9.245,PI+SIDIS,-999,-999,-999,-999,87.744,49.978,87.398,49.78,76.977,43.845,265.47,151.21,119.66,68.157,0.9996,0.9969,0.9783,0.9764,-1.0,-1.0,-1.0,-1.0,-1.0,1.0,1.0,-999,344.0,54.9231,289.077,3.38889,0.218763,51.2869,0.365825,1.0,-999,11.281
27703,6.449,LH2,-1.165,37.33,-2.806,9.245,PI-SIDIS,-999,-999,-999,-999,69.553,39.951,69.159,39.724,61.113,35.103,261.54,150.23,94.937,54.531,0.9998,0.998,0.9829,0.9727,-1.0,-1.0,-1.0,-1.0,-1.0,1.0,0.99995,-999,663.0,234.538,428.462,6.37081,0.388034,51.22,0.329656,1.0,-999,-999
27704,6.449,LH2,-1.165,37.33,-2.806,9.245,PI-SIDIS,-999,-999,-999,-999,67.423,40.026,67.016,39.784,58.907,34.97,253.25,150.34,91.401,54.259,0.9998,0.998,0.9826,0.9733,-1.0,-1.0,-1.0,-1.0,-1.0,1.0,0.99996,-999,659.0,237.615,421.385,6.46186,0.399082,51.2608,0.357348,1.0,-999,-999
27705,6.449,LH2,-1.165,37.33,-2.806,9.245,PI-SIDIS,-999,-999,-999,-999,63.065,40.254,62.706,40.026,55.189,35.227,236.74,151.11,85.814,54.775,1.0,0.9978,0.9818,0.9723,-1.0,-1.0,-1.0,-1.0,-1.0,1.0,0.99996,-999,645.0,215.615,429.385,7.04292,0.42189,51.2373,0.357282,1.0,-999,-999
27706,6.449,LH2,-1.165,37.33,-2.806,9.245,PI-SIDIS,-999,-999,-999,-999,67.009,39.794,66.674,39.595,58.925,34.993,252.6,150.0,91.673,54.441,0.9999,0.9979,0.9813,0.9733,-1.0,-1.0,-1.0,-1.0,-1.0,1.0,0.99996,-999,647.0,228.462,418.538,6.45053,0.397312,51.194,0.354858,1.0,-999,-999
27707,6.449,LH2,-1.165,37.33,-2.806,9.245,PI-SIDIS,-999,-999,-999,-999,70.221,40.013,69.92,39.841,61.835,35.234,264.32,150.61,96.059,54.735,0.9997,0.9978,0.983,0.9726,-1.0,-1.0,-1.0,-1.0,-1.0,1.0,0.99996,-999,677.0,247.231,429.769,6.32188,0.38808,51.2133,0.337533,1.0,-999,-999
27708,6.449,LH2,-1.165,37.33,-2.806,9.245,PI-SIDIS,-999,-999,-999,-999,73.269,40.605,72.911,40.407,64.112,35.53,274.89,152.34,99.424,55.1,0.9997,0.9979,0.9821,0.9735,-1.0,-1.0,-1.0,-1.0,-1.0,1.0,0.99993,-999,696.0,254.615,441.385,6.22086,0.37702,51.2279,0.35629,1.0,-999,-999
27709,6.449,LH2,-1.165,37.33,-2.806,9.245,PI-SIDIS,-999,-999,-999,-999,74.81,40.719,74.347,40.468,65.377,35.585,279.88,152.34,101.61,55.307,0.9997,0.9978,0.9833,0.9732,-1.0,-1.0,-1.0,-1.0,-1.0,1.0,0.99994,-999,723.0,254.923,468.077,6.47152,0.376764,51.243,0.360541,1.0,-999,-999
27710,6.449,LH2,-1.165,37.33,-2.806,9.245,PI-SIDIS,-999,-999,-999,-999,74.534,40.669,74.094,40.429,65.509,35.744,279.19,152.34,101.9,55.606,0.9997,0.9981,0.9806,0.9713,-1.0,-1.0,-1.0,-1.0,-1.0,1.0,0.99997,-999,774.0,256.692,517.308,7.19045,0.391604,51.2178,0.357601,1.0,-999,-999
27711,6.449,LH2,-1.165,37.33,-2.806,9.245,PI-SIDIS,-999,-999,-999,-999,72.318,40.464,71.96,40.263,63.667,35.623,271.25,151.77,98.915,55.345,0.9998,0.9975,0.9823,0.9724,-1.0,-1.0,-1.0,-1.0,-1.0,1.0,0.9999,-999,687.0,243.923,443.077,6.3339,0.379771,51.2199,0.384436,1.0,-999,-999
27712,6.449,LH2,-1.165,37.33,-2.806,9.245,PI-SIDIS,-999,-999,-999,-999,68.369,39.912,68.069,39.737,59.873,34.952,257.52,150.33,92.855,54.206,0.9998,0.9975,0.9822,0.974,-1.0,-1.0,-1.0,-1.0,-1.0,1.0,0.99995,-999,670.0,236.538,433.462,6.53959,0.395782,51.2615,0.361284,1.0,-999,-999
27713,6.449,LH2,-1.165,37.33,-2.806,9.245,PI-SIDIS,-999,-999,-999,-999,71.017,40.389,70.684,40.199,62.113,35.325,266.91,151.8,96.548,54.909,0.9996,0.9979,0.9716,0.9614,-1.0,-1.0,-1.0,-1.0,1.0,-1.0,0.9987,-999,695.0,248.692,446.308,6.57884,0.393916,51.2556,0.358766,1.0,-999,-999
27714,6.449,Dummy,-1.165,37.33,-2.806,9.245,PI-SIDIS,-999,-999,-999,-999,81.974,48.44,81.534,48.181,72.353,42.755,252.04,148.93,112.56,66.519,0.9998,0.9972,0.9847,0.9754,-1.0,-1.0,-1.0,-1.0,-1.0,1.0,0.99998,-999,217.0,40.1538,176.846,2.22418,0.186583,51.2141,0.328587,1.0,-999,-999
27715,6.449,Dummy,-1.165,37.33,-2.806,9.245,PI-SIDIS,-999,-999,-999,-999,53.044,50.087,52.779,49.837,46.824,44.214,160.15,151.22,72.708,68.655,0.9991,0.998,0.9869,0.9784,-1.0,-1.0,-1.0,-1.0,-1.0,1.0,0.99998,-999,141.0,27.3077,113.692,2.20371,0.23187,51.25,0.35863,1.0,-999,-999
27716,6.449,Dummy,-1.165,37.33,-2.806,9.245,PI-SIDIS,-999,-999,-999,-999,86.215,50.024,85.811,49.79,76.188,44.207,260.46,151.13,118.48,68.748,0.9996,0.9968,0.9832,0.9724,-1.0,-1.0,-1.0,-1.0,-1.0,1.0,0.99998,-999,216.0,42.0769,173.923,2.08522,0.177521,51.25,0.350769,1.0,-999,-999
27717,6.449,Dummy,-1.165,37.33,-2.806,9.245,PI-SIDIS,-999,-999,-999,-999,123.9,49.979,123.25,49.719,108.97,43.957,374.89,151.22,169.08,68.205,0.9996,0.997,0.9854,0.9779,-1.0,-1.0,-1.0,-1.0,-1.0,1.0,1.0,-999,361.0,60.0769,300.923,2.49762,0.158704,51.276,0.356028,1.0,-999,-999
27718,6.449,LH2,-1.165,37.33,-2.806,9.245,PI-SIDIS,-999,-999,-999,-999,71.024,41.069,70.671,40.865,62.35,36.053,261.16,151.01,96.997,56.088,0.9997,0.9977,0.9814,0.9722,-1.0,-1.0,-1.0,-1.0,-1.0,1.0,0.99995,-999,714.0,242.615,471.385,6.86327,0.394101,51.1968,0.390916,1.0,-999,-999
27719,6.449,LH2,-1.165,37.33,-2.806,9.245,PI-SIDIS,-999,-999,-999,-999,70.345,40.118,70.02,39.932,61.943,35.326,264.71,150.96,96.326,54.935,0.9999,0.9973,0.9809,0.9719,-1.0,-1.0,-1.0,-1.0,-1.0,1.0,0.99993,-999,692.0,243.538,448.462,6.59109,0.391819,51.1734,0.388583,1.0,-999,-999
27720,6.449,LH2,-1.165,37.33,-2.806,9.245,PI-SIDIS,-999,-999,-999,-999,64.288,39.281,64.002,39.106,56.695,34.642,243.52,148.79,88.137,53.853,0.9998,0.9971,0.9805,0.971,-1.0,-1.0,-1.0,-1.0,-1.0,1.0,0.99994,-999,650.0,212.308,437.692,7.04483,0.415477,51.2002,0.386867,1.0,-999,-999
27721,6.449,LH2,-1.165,37.33,-2.806,9.245,PI-SIDIS,-999,-999,-999,-999,69.572,40.182,69.169,39.949,61.31,35.41,261.58,151.08,95.307,55.046,0.9997,0.9973,0.9807,0.9723,-1.0,-1.0,-1.0,-1.0,-1.0,1.0,0.99994,-999,691.0,239.308,451.692,6.71876,0.396182,51.2009,0.337697,1.0,-999,-999
27722,6.449,LH2,-1.165,37.33,-2.806,9.245,PI-SIDIS,-999,-999,-999,-999,69.697,39.977,69.267,39.73,61.394,35.214,262.32,150.46,95.393,54.715,0.9998,0.9972,0.9798,0.9716,-1.0,-1.0,-1.0,-1.0,-1.0,1.0,0.99994,-999,700.0,233.538,466.462,6.93289,0.398244,51.1914,0.370045,1.0,-999,-999
27723,6.449,LH2,-1.165,37.33,-2.806,9.245,PI-SIDIS,-999,-999,-999,-999,72.912,40.623,72.495,40.391,64.231,35.786,273.42,152.33,99.807,55.608,0.9997,0.997,0.9804,0.9705,-1.0,-1.0,-1.0,-1.0,-1.0,1.0,0.99994,-999,747.0,254.615,492.385,7.00093,0.393669,51.1807,0.36774,1.0,-999,-999
27724,6.449,LH2,-1.165,37.33,-2.806,9.245,PI-SIDIS,-999,-999,-999,-999,56.417,40.251,56.136,40.051,49.719,35.473,212.34,151.5,77.248,55.114,0.9999,0.9968,0.9826,0.97,-1.0,-1.0,-1.0,-1.0,-1.0,1.0,0.99996,-999,521.0,194.077,326.923,6.00476,0.42521,51.2126,0.345454,1.0,-999,-999
27725,6.449,LH2,-1.165,37.33,-2.806,9.245,PI-SIDIS,-999,-999,-999,-999,68.199,39.5,67.895,39.324,60.108,34.814,258.06,149.47,93.358,54.072,0.9995,0.9973,0.9827,0.9714,-1.0,-1.0,-1.0,-1.0,-1.0,1.0,0.99994,-999,683.0,234.769,448.231,6.8,0.401684,51.1886,0.3956,1.0,-999,-999
27726,6.449,LH2,-1.165,37.33,-2.806,9.245,PI-SIDIS,-999,-999,-999,-999,64.965,39.646,64.658,39.459,57.232,34.927,245.36,149.73,88.892,54.248,0.9998,0.9967,0.982,0.9715,-1.0,-1.0,-1.0,-1.0,-1.0,1.0,0.99995,-999,652.0,219.0,433.0,6.89496,0.41182,51.1815,0.402709,1.0,-999,-999
27727,6.449,LH2,-1.165,37.33,-2.806,9.245,PI-SIDIS,-999,-999,-999,-999,36.191,39.71,35.974,39.473,31.839,34.935,136.55,149.83,49.461,54.271,0.9998,0.9973,0.981,0.9718,-1.0,-1.0,-1.0,-1.0,-1.0,1.0,0.99995,-999,391.0,126.538,264.462,7.56667,0.572757,51.2427,0.409054,1.0,-999,-999
27728,6.449,LH2,-1.165,37.33,-2.806,9.245,PI-SIDIS,-999,-999,-999,-999,70.86,39.952,70.439,39.715,62.345,35.151,266.97,150.52,96.832,54.596,0.9998,0.9973,0.981,0.972,-1.0,-1.0,-1.0,-1.0,-1.0,1.0,0.99994,-999,723.0,246.231,476.769,6.96535,0.397942,51.36,0.342018,1.0,-999,-999
27730,6.449,Dummy,-1.165,37.33,-2.806,9.245,PI-SIDIS,-999,-999,-999,-999,81.06,48.759,80.728,48.559,71.64,43.093,247.63,148.95,111.25,66.92,0.9998,0.9982,0.9806,0.9712,-1.0,-1.0,-1.0,-1.0,-1.0,1.0,0.99998,-999,221.0,43.0769,177.923,2.26983,0.191069,51.2472,0.346771,1.0,-999,-999
27731,6.449,Dummy,-1.165,37.33,-2.806,9.245,PI-SIDIS,-999,-999,-999,-999,91.51,50.516,91.166,50.326,80.897,44.657,275.96,152.33,125.65,69.363,1.0,0.9968,0.987,0.974,-1.0,-1.0,-1.0,-1.0,-1.0,1.0,0.99998,-999,235.0,45.4615,189.538,2.13458,0.173923,51.2341,0.356627,1.0,-999,-999
27732,6.449,Dummy,-1.165,37.33,-2.806,9.245,PI-SIDIS,-999,-999,-999,-999,80.252,48.823,79.874,48.593,70.894,43.13,245.23,149.19,110.12,67.0,0.9998,0.9988,0.9855,0.9758,-1.0,-1.0,-1.0,-1.0,-1.0,1.0,0.99996,-999,217.0,40.1538,176.846,2.26951,0.190386,51.1888,0.346027,1.0,-999,-999
27733,6.449,LH2,-3.7,27.0,3.61,27.72,HEEP,-999,-999,-999,-999,103.72,65.329,103.45,65.158,91.788,57.81,232.97,146.73,138.42,87.182,0.9999,0.8182,0.875,0.9759,-1.0,-1.0,-1.0,-1.0,-1.0,1.0,1.0,-999,-999,-999,-999,-999,-999,-999,-999,1.0,-999,-999
27734,6.449,LH2,-3.7,27.0,3.61,27.72,HEEP,-999,-999,-999,-999,115.62,66.377,115.36,66.226,102.37,58.769,257.28,147.7,154.15,88.499,0.9999,0.913,0.9999,0.9767,-1.0,-1.0,-1.0,-1.0,-1.0,1.0,1.0,-999,-999,-999,-999,-999,-999,-999,-999,1.0,-999,-999
27735,6.449,LH2,-3.7,27.0,3.61,27.72,HEE,-999,-999,-999,-999,-999,-999,-999,-999,-999,-999,-999,-999,-999,-999,-999,-999,-999,-999,-999,-999,-999,-999,-999,-999,-999,-999,-999,-999,-999,-999,-999,-999,-999,1.0,-999,-999
27736,6.449,Dummy,-3.7,27.0,3.61,27.72,HEEP,-999,-999,-999,-999,88.624,50.332,88.125,50.048,77.64,44.094,264.02,149.94,120.33,68.339,1.0,1.0,0.0,0.9767,-1.0,-1.0,-1.0,-1.0,-1.0,1.0,1.0,-999,-999,-999,-999,-999,-999,-999,-999,1.0,-999,-999
27737,6.449,Dummy,-3.7,27.0,3.61,27.72,HEE,-999,-999,-999,-999,-999,-999,-999,-999,-999,-999,-999,-999,-999,-999,-999,-999,-999,-999,-999,-999,-999,-999,-999,-999,-999,-999,-999,-999,-999,-999,-999,-999,-999,1.0,-999,-999
27738,6.449,LD2,-3.7,27.0,3.61,27.72,HEE,-999,-999,-999,-999,-999,-999,-999,-999,-999,-999,-999,-999,-999,-999,-999,-999,-999,-999,-999,-999,-999,-999,-999,-999,-999,-999,-999,-999,-999,-999,-999,-999,-999,1.0,-999,-999
27739,6.449,LH2,-3.318,30.5,4.01,24.825,HEEP,-999,-999,-999,-999,119.81,68.943,119.63,68.837,105.6,60.762,259.31,149.2,156.79,90.22,0.9998,0.9444,0.0,0.9779,-1.0,-1.0,-1.0,-1.0,-1.0,1.0,1.0,-999,-999,-999,-999,-999,-999,-999,-999,1.0,-999,-999
27740,6.449,LH2,-3.318,30.5,4.01,24.825,HEEP,-999,-999,-999,-999,107.52,66.886,107.29,66.745,94.306,58.664,236.31,147.0,140.72,87.54,0.9998,0.9,1.0,0.9774,-1.0,-1.0,-1.0,-1.0,-1.0,1.0,1.0,-999,-999,-999,-999,-999,-999,-999,-999,1.0,-999,-999
27741,6.449,LH2,-3.318,30.5,4.01,24.825,HEE,-999,-999,-999,-999,-999,-999,-999,-999,-999,-999,-999,-999,-999,-999,-999,-999,-999,-999,-999,-999,-999,-999,-999,-999,-999,-999,-999,-999,-999,-999,-999,-999,-999,1.0,-999,-999
27742,6.449,Dummy,-3.318,30.5,4.01,24.825,HEEP,-999,-999,-999,-999,91.963,50.451,91.486,50.189,81.303,44.603,273.23,149.89,126.38,69.333,1.0,0.9999,0.0,0.9904,-1.0,-1.0,-1.0,-1.0,-1.0,1.0,1.0,-999,-999,-999,-999,-999,-999,-999,-999,1.0,-999,-999
27743,6.449,Dummy,-3.318,30.5,4.01,24.825,HEE,-999,-999,-999,-999,-999,-999,-999,-999,-999,-999,-999,-999,-999,-999,-999,-999,-999,-999,-999,-999,-999,-999,-999,-999,-999,-999,-999,-999,-999,-999,-999,-999,-999,1.0,-999,-999
27744,6.449,LD2,-3.318,30.5,4.01,24.825,HEE,-999,-999,-999,-999,-999,-999,-999,-999,-999,-999,-999,-999,-999,-999,-999,-999,-999,-999,-999,-999,-999,-999,-999,-999,-999,-999,-999,-999,-999,-999,-999,-999,-999,1.0,-999,-999
27745,6.449,LH2,1.165,44.83,2.978,10.25,PI+SIDIS,0.44,4.4,0.52,2.0,91.438,52.745,91.069,52.532,80.346,46.346,262.11,151.19,124.85,72.021,0.998,0.9969,0.9768,0.9743,-1.0,-1.0,-1.0,-1.0,-1.0,1.0,0.99995,-999,17.0,7.30769,9.69231,0.10946,0.0473279,51.3,0.5,1.0,-999,41.649
27746,6.449,LH2,1.165,44.83,2.978,10.25,PI+SIDIS,0.44,4.4,0.52,2.0,86.345,52.626,86.036,52.437,76.267,46.484,246.67,150.34,118.67,72.33,0.999,0.9973,0.9806,0.9728,-1.0,-1.0,-1.0,-1.0,-1.0,1.0,0.99999,-999,13.0,7.07692,5.92308,0.0708406,0.0440164,51.3,0.5,1.0,-999,41.547
27747,6.449,Cu,1.165,44.83,2.978,10.25,PI+SIDIS,0.44,4.4,0.52,2.0,84.843,48.814,84.457,48.591,74.679,42.966,261.78,150.61,115.88,66.672,0.9983,0.9967,0.9798,0.9716,-1.0,-1.0,-1.0,-1.0,-1.0,1.0,0.99998,-999,33.0,29.3077,3.69231,0.0450738,0.0724826,51.3,0.5,1.0,-999,37.265
27748,6.449,Cu,1.165,44.83,2.978,10.25,PI+SIDIS,0.44,4.4,0.52,2.0,83.122,48.823,82.677,48.562,72.777,42.746,256.21,150.49,112.9,66.314,0.9997,0.9966,0.9794,0.9702,-1.0,-1.0,-1.0,-1.0,-1.0,1.0,0.99995,-999,40.0,25.9231,14.0769,0.175556,0.0808167,51.3,0.5,1.0,-999,36.956
27749,6.449,LH2,1.165,37.33,-2.806,9.43,PI-SIDIS,-999,-999,-999,-999,78.368,43.735,78.009,43.535,69.066,38.544,272.97,152.34,107.46,59.974,0.9981,0.9963,0.9833,0.9736,-1.0,-1.0,-1.0,-1.0,-1.0,1.0,0.99991,-999,51.0,24.5385,26.4615,0.349103,0.0959434,51.3,0.5,1.0,-999,-999
27750,6.449,LH2,1.165,37.33,-2.806,9.43,PI-SIDIS,-999,-999,-999,-999,53.518,43.195,53.296,43.016,47.058,37.981,187.72,151.51,73.056,58.964,0.998,0.9962,0.9817,0.9732,-1.0,-1.0,-1.0,-1.0,-1.0,1.0,0.99992,-999,32.0,17.0,15.0,0.289801,0.111502,51.3,0.5,1.0,-999,-999
27751,6.449,LH2,1.165,37.33,-2.806,9.43,PI-SIDIS,-999,-999,-999,-999,76.827,42.69,76.441,42.475,67.191,37.335,274.16,152.34,104.32,57.971,0.9981,0.9963,0.9827,0.9735,-1.0,-1.0,-1.0,-1.0,-1.0,1.0,0.9999,-999,50.0,26.1538,23.8462,0.321088,0.0971083,51.3,0.5,1.0,-999,-999
27752,6.449,LH2,1.165,37.33,-2.806,9.43,PI-SIDIS,-999,-999,-999,-999,72.762,42.247,72.324,41.993,63.758,37.019,260.08,151.0,99.208,57.603,0.9983,0.9962,0.9814,0.9726,-1.0,-1.0,-1.0,-1.0,-1.0,1.0,0.99993,-999,30.0,22.7692,7.23077,0.102977,0.0802484,51.3,0.5,1.0,-999,-999
27753,6.449,LD2,1.165,37.33,2.806,9.43,PI+SIDIS,-999,-999,-999,-999,30.411,18.213,30.293,18.142,26.775,16.036,171.98,103.0,41.603,24.916,0.9986,0.9966,0.9792,0.9761,-1.0,-1.0,-1.0,-1.0,-1.0,1.0,0.99991,-999,42.0,26.4615,15.5385,0.526281,0.224756,51.3,0.5,1.0,-999,31.568
27754,6.449,LD2,1.165,37.33,2.806,9.43,PI+SIDIS,-999,-999,-999,-999,12.907,18.09,12.861,18.024,11.365,15.928,73.002,102.31,17.657,24.746,0.9982,0.9963,0.9793,0.9766,-1.0,-1.0,-1.0,-1.0,-1.0,1.0,0.99998,-999,19.0,10.0,9.0,0.717868,0.354647,51.3,0.5,1.0,-999,30.897
27756,8.581,LH2,-3.254,13.76,-2.661,10.12,PI-SIDIS,-999,-999,-999,-999,61.342,38.062,61.068,37.892,53.771,33.364,235.55,146.16,83.621,51.886,0.9991,0.9962,0.9861,0.9839,-1.0,-1.0,-1.0,-1.0,-1.0,1.0,0.99835,-999,41868.0,14773.4,27094.6,452.093,3.4602,51.1963,0.366472,1.0,22.79,-999
27757,8.581,LH2,-3.254,13.76,-2.661,10.12,PI-SIDIS,-999,-999,-999,-999,8.58,40.349,8.541,40.167,7.543,35.471,32.186,151.35,11.729,55.157,0.9991,0.9959,0.9859,0.9837,-1.0,-1.0,-1.0,-1.0,-1.0,1.0,0.99752,-999,9029.0,4334.67,4694.33,560.627,11.7933,51.1878,0.372453,1.0,24.163,114.76
27758,8.581,LH2,-3.254,13.76,-2.738,10.12,PI-SIDIS,-999,-999,-999,-999,26.807,40.748,26.687,40.566,23.364,35.514,97.245,147.81,36.275,55.141,0.9989,0.9964,0.9853,0.9842,-1.0,-1.0,-1.0,-1.0,-1.0,1.0,0.99978,-999,18311.0,6338.85,11972.2,456.416,5.22698,51.2474,0.358237,1.0,24.4,118.8
27759,8.581,LH2,-3.254,13.76,-2.738,10.12,PI-SIDIS,-999,-999,-999,-999,30.419,40.34,30.237,40.1,26.518,35.167,110.81,146.96,41.176,54.607,0.999,0.9965,0.9847,0.9819,-1.0,-1.0,-1.0,-1.0,-1.0,1.0,0.99722,-999,20531.0,7071.38,13459.6,455.06,4.90817,51.2369,0.361312,1.0,24.13,117.25
27760,8.581,LH2,-3.254,13.76,-2.738,10.12,PI-SIDIS,-999,-999,-999,-999,70.817,41.253,70.403,41.012,61.772,35.984,256.15,149.22,95.923,55.878,0.9989,0.9974,0.9726,0.9682,-1.0,-1.0,-1.0,-1.0,1.0,-1.0,0.74299,-999,36519.0,12592.5,23926.5,472.95,3.82719,51.2322,0.364612,1.0,24.69,-999
27761,8.581,LH2,-3.254,13.76,-2.738,10.12,HMSDIS,-999,-999,-999,-999,26151.747,40.107,26012.18,39.893,22831.034,35.01,95164.527,145.9,35449.505,54.36,0.9991,0.9962,-999,-999,-1.0,-1.0,-1.0,17.0,-1.0,-1.0,1.0,95.6844,-999,-999,-999,-999,-999,-999,-999,1.0,-999,116.0
27762,8.581,LH2,-3.254,13.76,-2.738,10.12,PI-SIDIS,-999,-999,-999,-999,17.859,42.47,17.768,42.254,15.596,37.088,64.062,152.34,24.218,57.593,0.999,0.9963,0.9845,0.9816,-1.0,-1.0,-1.0,-1.0,-1.0,1.0,0.99702,-999,12206.0,4199.77,8006.23,460.878,6.44342,51.2366,0.360269,1.0,25.42,123.42
27763,8.581,Dummy,-3.254,13.76,-2.738,10.12,PI-SIDIS,-999,-999,-999,-999,53.463,49.273,53.265,49.092,46.894,43.219,162.96,150.19,72.819,67.113,0.9993,0.9958,0.988,0.9862,-1.0,-1.0,-1.0,-1.0,-1.0,1.0,0.99977,-999,10730.0,1976.38,8753.62,166.795,1.9877,51.262,0.348421,1.0,11.76,54.851
27764,8.581,Dummy,-3.254,13.76,-2.738,10.12,HMSDIS,-999,-999,-999,-999,35590.327,47.445,35458.594,47.269,31237.376,41.64,109596.69,146.1,48492.793,64.64,0.9994,0.9965,-999,-999,-1.0,-1.0,-1.0,17.0,-1.0,-1.0,1.0,98.2457,-999,-999,-999,-999,-999,-999,-999,1.0,11.32,52.7
27765,8.581,Dummy,-3.254,13.76,-2.738,8.26,PI-SIDIS,-999,-999,-999,-999,10.686,47.328,10.635,47.102,9.374,41.518,32.89,145.67,14.556,64.47,0.9993,0.9964,0.9847,0.9826,-1.0,-1.0,-1.0,-1.0,-1.0,1.0,0.99941,-999,2556.0,818.846,1737.15,166.451,4.9036,51.3935,0.344781,1.0,11.289,112.35
27766,8.581,Dummy,-3.254,13.76,-2.738,8.26,PI-SIDIS,-999,-999,-999,-999,43.894,49.681,43.682,49.441,38.563,43.648,133.35,150.93,59.873,67.767,0.9993,0.996,0.9859,0.9826,-1.0,-1.0,-1.0,-1.0,-1.0,1.0,0.99945,-999,10462.0,3353.85,7108.15,165.814,2.41525,51.228,0.359059,1.0,11.85,-999
27767,8.581,LH2,-3.254,13.76,-2.738,8.26,PI-SIDIS,-999,-999,-999,-999,46.451,24.05,46.239,23.941,40.66,21.052,260.96,135.11,63.127,32.685,0.9993,0.9965,0.9841,0.9813,-1.0,-1.0,-1.0,-1.0,-1.0,1.0,0.99903,-999,32275.0,11081.9,21193.1,467.851,4.01798,51.2233,0.366082,1.0,14.44,-999
27768,8.581,LH2,-3.254,13.76,-2.738,8.26,PI-SIDIS,-999,-999,-999,-999,36.757,24.099,36.603,23.998,32.2,21.111,206.65,135.48,49.984,32.771,0.9992,0.9968,0.9842,0.9807,-1.0,-1.0,-1.0,-1.0,-1.0,1.0,0.99906,-999,25657.0,8841.0,16816.0,469.275,4.52885,51.2254,0.365659,1.0,14.47,-999
27769,8.581,LH2,-3.254,13.76,2.738,8.26,PI+SIDIS,-999,-999,-999,-999,40.205,17.985,39.994,17.891,35.218,15.754,226.07,101.13,54.66,24.452,0.9994,0.9966,0.9807,0.9807,-1.0,-1.0,-1.0,-1.0,-1.0,1.0,0.99931,-999,26103.0,6176.31,19926.7,781.422,6.39312,51.2275,0.372105,1.0,10.84,34.617
27770,8.581,LH2,-3.254,13.76,2.738,8.26,PI+SIDIS,-999,-999,-999,-999,43.794,18.209,43.592,18.125,38.391,15.962,246.43,102.46,59.588,24.776,0.9994,0.9966,0.9807,0.9808,-1.0,-1.0,-1.0,-1.0,-1.0,1.0,0.99931,-999,43516.0,10358.5,33157.5,776.52,4.92988,51.2264,0.367501,1.0,10.97,35.016
27771,8.581,Dummy,-3.254,13.76,2.738,8.26,PI+SIDIS,-999,-999,-999,-999,119.26,44.522,118.73,44.324,104.92,39.169,402.65,150.31,162.94,60.827,0.9994,0.9959,0.9817,0.9812,-1.0,-1.0,-1.0,-1.0,-1.0,1.0,0.99951,-999,35845.0,9476.31,26368.7,226.587,1.64336,51.2307,0.364039,1.0,10.63,25.322
27772,8.581,LH2,-3.254,13.76,4.929,10.13,PI+SIDIS,-999,-999,-999,-999,105.92,39.43,105.38,39.229,92.517,34.439,400.81,149.2,143.62,53.463,0.999,0.9961,0.9897,0.9857,-1.0,-1.0,-1.0,-1.0,-1.0,1.0,0.99969,-999,79485.0,3196.62,76288.4,735.367,2.72182,51.218,0.485558,1.0,23.69,17.9
27773,8.581,Dummy,-3.254,13.76,4.929,10.13,PI+SIDIS,-999,-999,-999,-999,21.445,35.631,21.31,35.406,18.736,31.13,83.283,138.37,29.08,48.316,0.999,0.9954,0.9882,0.9883,-1.0,-1.0,-1.0,-1.0,-1.0,1.0,0.99994,-999,3698.0,62.6154,3635.38,172.798,2.89237,51.2269,0.485406,1.0,8.516,-999
27774,8.581,LH2,-3.254,13.76,2.738,10.13,PI+SIDIS,-999,-999,-999,-999,7.899,20.05,7.859,19.948,6.904,17.524,44.327,112.51,10.719,27.208,0.9994,0.9968,0.9848,0.9835,-1.0,-1.0,-1.0,-1.0,-1.0,1.0,0.99944,-999,7375.0,1319.85,6055.15,784.309,11.1998,51.2211,0.503396,1.0,12.066,21.709
27775,8.581,LH2,-3.254,13.76,2.738,10.13,PI+SIDIS,-999,-999,-999,-999,4.573,20.219,4.546,20.102,4.009,17.727,25.738,113.79,6.223,27.513,0.9993,0.9964,0.9814,0.983,-1.0,-1.0,-1.0,-1.0,-1.0,1.0,0.99948,-999,4213.0,772.154,3440.85,770.926,14.6448,51.1714,0.375903,1.0,12.181,21.99
27776,8.581,LH2,-3.254,13.76,2.738,10.13,PI+SIDIS,-999,-999,-999,-999,42.226,25.125,42.039,25.014,37.172,22.118,238.56,141.95,57.682,34.322,0.9993,0.9964,0.9811,0.981,-1.0,-1.0,-1.0,-1.0,-1.0,1.0,0.99896,-999,40388.0,8710.46,31677.5,769.457,4.92189,51.0368,0.428286,1.0,15.1,27.817
27777,8.581,LH2,-3.254,13.76,2.738,10.13,PI+SIDIS,-999,-999,-999,-999,17.431,24.807,17.349,24.691,15.325,21.81,98.37,139.99,23.768,33.825,0.9991,0.9962,0.9826,0.9812,-1.0,-1.0,-1.0,-1.0,-1.0,1.0,0.99906,-999,16730.0,3599.0,13131.0,772.801,7.67506,51.0809,0.421286,1.0,14.92,27.362
27778,8.581,LH2,-3.254,13.76,2.738,10.13,PI+SIDIS,-999,-999,-999,-999,43.38,25.108,43.127,24.961,37.864,21.915,243.07,140.68,58.663,33.954,0.9992,0.9974,0.971,0.9689,-1.0,-1.0,-1.0,-1.0,1.0,-1.0,0.97171,-999,40685.0,8804.0,31881.0,785.801,5.01283,51.1224,0.403416,1.0,15.09,27.504
27779,8.581,LH2,-3.254,13.76,2.738,10.13,HMSDIS,-999,-999,-999,-999,22282.964,25.295,22149.655,25.144,19440.381,22.06,124784.7,141.6,30177.023,34.25,0.9992,0.9966,-999,-999,-1.0,-1.0,-1.0,17.0,-1.0,-1.0,1.0,95.9492,-999,-999,-999,-999,-999,-999,-999,1.0,-999,27.6
27780,8.581,LH2,-3.254,13.76,2.738,10.13,HMSDIS,-999,-999,-999,-999,21406.505,25.082,21285.386,24.94,18721.138,21.93,120202.06,140.8,29080.799,34.07,0.9992,0.9976,-999,-999,-1.0,-1.0,33.0,-1.0,-1.0,-1.0,0.99917,95.9617,-999,-999,-999,-999,-999,-999,-999,1.0,-999,27.4
27783,8.581,Dummy,-3.254,13.76,2.738,10.13,PI+SIDIS,-999,-999,-999,-999,89.193,50.085,88.722,49.82,78.029,43.816,270.13,151.68,121.02,67.96,0.9993,0.996,0.9843,0.9843,-1.0,-1.0,-1.0,-1.0,-1.0,1.0,0.99963,-999,24197.0,4069.38,20127.6,230.727,1.79464,51.0379,0.431251,1.0,11.97,13.77
27786,8.581,Dummy,-3.254,13.76,2.738,10.13,HMSDIS,-999,-999,-999,-999,40633.483,49.642,40434.021,49.398,35666.436,43.57,123543.78,150.9,55429.023,67.71,0.9993,0.9963,-999,-999,-1.0,-1.0,-1.0,3.0,-1.0,-1.0,1.0,97.5666,-999,-999,-999,-999,-999,-999,-999,1.0,11.86,13.6
27787,8.581,LH2,-3.254,16.125,4.978,11.41,PI+SIDIS,-999,-999,-999,-999,126.15,57.29,125.75,57.111,111.5,50.635,325.88,147.99,173.14,78.631,0.9992,0.9953,0.9891,0.9861,-1.0,-1.0,-1.0,-1.0,-1.0,1.0,0.99982,-999,42622.0,1256.92,41365.1,333.888,1.66831,50.9603,0.459831,1.0,16.59,13.254
27788,8.581,Dummy,-3.254,16.125,4.978,11.41,PI+SIDIS,-999,-999,-999,-999,32.069,50.382,31.904,50.122,28.286,44.438,96.967,152.33,43.92,69.0,0.9995,0.9941,0.9939,0.9876,-1.0,-1.0,-1.0,-1.0,-1.0,1.0,0.99997,-999,2211.0,26.9231,2184.08,69.3543,1.49384,51.0651,0.426986,1.0,5.656,-999
27789,8.581,LH2,-3.254,16.125,2.766,11.41,PI+SIDIS,-999,-999,-999,-999,42.803,30.194,42.531,30.002,37.575,26.506,215.02,151.68,58.332,41.149,0.9994,0.9958,0.9815,0.984,-1.0,-1.0,-1.0,-1.0,-1.0,1.0,0.99956,-999,20038.0,3574.62,16463.4,393.795,3.40908,51.007,0.450479,1.0,8.742,22.618
27790,8.581,LH2,-3.254,16.125,2.766,11.41,PI+SIDIS,-999,-999,-999,-999,48.319,29.718,48.04,29.546,42.438,26.101,243.4,149.7,65.853,40.502,0.9994,0.9957,0.984,0.9838,-1.0,-1.0,-1.0,-1.0,-1.0,1.0,0.99962,-999,22829.0,3950.92,18878.1,399.829,3.22131,51.0116,0.442894,1.0,8.61,22.218
27791,8.581,LH2,-3.254,16.125,2.766,11.41,PI+SIDIS,-999,-999,-999,-999,54.389,30.168,54.101,30.009,47.755,26.488,273.16,151.51,74.092,41.097,0.9993,0.9976,0.9736,0.9735,-1.0,-1.0,-1.0,-1.0,1.0,-1.0,0.99843,-999,25472.0,4563.85,20908.2,397.887,3.05808,51.0302,0.3987,1.0,8.738,22.494
27792,8.581,LH2,-3.254,16.125,2.766,11.41,HMSDIS,-999,-999,-999,-999,14014.525,29.02,13943.862,28.873,12301.099,25.47,70413.324,145.8,19085.242,39.52,0.9994,0.9961,-999,-999,-1.0,-1.0,-1.0,5.0,-1.0,-1.0,0.99913,96.475,-999,-999,-999,-999,-999,-999,-999,1.0,8.412,21.6
27793,8.581,LH2,-3.254,16.125,2.766,11.41,HMSDIS,-999,-999,-999,-999,5649.473,29.55,5621.113,29.401,4956.193,25.92,28353.881,148.3,7687.961,40.21,0.9993,0.9967,-999,-999,-1.0,-1.0,-1.0,5.0,-1.0,-1.0,0.99894,96.4637,-999,-999,-999,-999,-999,-999,-999,1.0,8.566,22.03
27794,8.581,LH2,-3.254,16.125,2.766,11.41,HMSDIS,-999,-999,-999,-999,27312.934,30.155,27176.018,30.004,23939.357,26.43,136904.3,151.1,37151.059,41.01,0.9994,0.9964,-999,-999,-1.0,-1.0,-1.0,5.0,-1.0,-1.0,1.0,96.4389,-999,-999,-999,-999,-999,-999,-999,1.0,8.738,22.4
27795,8.581,LH2,-3.254,16.125,2.766,11.41,HMSDIS,-999,-999,-999,-999,26633.718,29.783,26483.692,29.615,23319.764,26.07,133685.41,149.4,36183.898,40.46,0.9994,0.9978,-999,-999,-1.0,-1.0,17.0,-1.0,-1.0,-1.0,0.99903,96.4497,-999,-999,-999,-999,-999,-999,-999,1.0,8.633,22.1
27796,8.581,Dummy,-3.254,16.125,2.766,11.41,PI+SIDIS,-999,-999,-999,-999,89.368,49.806,88.857,49.521,78.443,43.717,271.1,151.08,121.72,67.838,0.9995,0.9956,0.9866,0.9864,-1.0,-1.0,-1.0,-1.0,-1.0,1.0,0.99991,-999,11117.0,1289.15,9827.85,112.194,1.20902,51.1746,0.388466,1.0,5.582,9.046
27798,8.581,Dummy,-3.254,16.125,2.766,11.41,HMSDIS,-999,-999,-999,-999,53742.771,50.197,53470.881,49.944,47078.888,43.97,163033.24,152.2,73059.212,68.24,0.9995,0.9962,-999,-999,-1.0,-1.0,-1.0,3.0,-1.0,-1.0,0.99883,98.2912,-999,-999,-999,-999,-999,-999,-999,1.0,5.629,9.157
27799,8.581,LH2,-3.254,16.125,2.766,8.41,PI+SIDIS,-999,-999,-999,-999,35.112,19.217,34.953,19.13,30.557,16.724,196.24,107.4,47.403,25.943,0.9995,0.9962,0.9829,0.9844,-1.0,-1.0,-1.0,-1.0,-1.0,1.0,0.99972,-999,17232.0,4075.69,13156.3,382.665,3.85272,51.2547,0.364974,1.0,5.593,36.309
27800,8.581,LH2,-3.254,16.125,2.766,8.41,PI+SIDIS,-999,-999,-999,-999,33.405,19.124,33.262,19.042,29.034,16.621,186.49,106.76,45.033,25.781,0.9995,0.9956,0.9824,0.9843,-1.0,-1.0,-1.0,-1.0,-1.0,1.0,0.9997,-999,16518.0,3828.31,12689.7,387.903,3.96359,51.2786,0.360534,1.0,5.565,36.068
27801,8.581,LH2,-3.254,16.125,2.766,8.41,PI+SIDIS,-999,-999,-999,-999,35.249,19.138,35.095,19.054,30.595,16.611,196.5,106.69,47.45,25.763,0.9995,0.9962,0.9834,0.9844,-1.0,-1.0,-1.0,-1.0,-1.0,1.0,0.99971,-999,17683.0,4063.08,13619.9,394.548,3.88605,51.2728,0.359292,1.0,5.572,36.075
27802,8.581,Dummy,-3.254,16.125,2.766,8.41,PI+SIDIS,-999,-999,-999,-999,50.914,38.23,50.585,37.983,44.129,33.136,194.4,145.97,68.455,51.401,0.9996,0.9961,0.986,0.9863,-1.0,-1.0,-1.0,-1.0,-1.0,1.0,0.99982,-999,7085.0,1561.92,5523.08,110.765,1.70232,51.2374,0.360308,1.0,4.284,20.541
27803,8.581,LH2,-3.254,16.125,-2.766,8.41,PI-SIDIS,-999,-999,-999,-999,46.238,26.091,45.977,25.944,40.189,22.678,258.06,145.61,62.382,35.201,0.9994,0.9963,0.985,0.9835,-1.0,-1.0,-1.0,-1.0,-1.0,1.0,0.99958,-999,15351.0,5476.38,9874.62,218.599,2.7802,51.1587,0.386916,1.0,7.563,-999
27804,8.581,LH2,-3.254,16.125,-2.766,8.41,PI-SIDIS,-999,-999,-999,-999,48.76,25.823,48.473,25.671,42.415,22.462,272.33,144.22,65.823,34.859,0.9994,0.9963,0.9853,0.9834,-1.0,-1.0,-1.0,-1.0,-1.0,1.0,0.9996,-999,16214.0,5787.62,10426.4,218.947,2.7104,51.1927,0.52083,1.0,7.485,-999
27805,8.581,LH2,-3.254,16.125,-2.766,8.41,PI-SIDIS,-999,-999,-999,-999,50.087,26.243,49.817,26.101,43.609,22.849,279.99,146.7,67.685,35.463,0.9994,0.996,0.9853,0.983,-1.0,-1.0,-1.0,-1.0,-1.0,1.0,0.99957,-999,16901.0,5911.85,10989.2,224.637,2.69301,51.1282,0.51963,1.0,7.604,-999
27806,8.581,Dummy,-3.254,16.125,-2.766,8.41,PI-SIDIS,-999,-999,-999,-999,67.823,48.672,67.549,48.476,59.41,42.635,207.0,148.55,92.23,66.188,0.9995,0.9962,0.9875,0.9843,-1.0,-1.0,-1.0,-1.0,-1.0,1.0,0.9998,-999,7403.0,2278.92,5124.08,77.1213,1.31022,51.2327,0.500008,1.0,5.453,-999
27807,8.581,LH2,-3.254,16.125,-2.766,11.395,PI-SIDIS,-999,-999,-999,-999,52.558,47.976,52.361,47.796,46.058,42.042,161.45,147.38,71.526,65.289,0.9993,0.9961,0.9868,0.9853,-1.0,-1.0,-1.0,-1.0,-1.0,1.0,0.99935,-999,15732.0,4660.62,11071.4,214.888,2.46204,51.1925,0.501152,1.0,13.88,88.727
27809,8.581,LH2,-3.254,16.125,-2.766,11.395,PI-SIDIS,-999,-999,-999,-999,34.65,52.051,34.51,51.841,30.437,45.723,93.196,139.99,47.24,70.964,0.9993,0.9961,0.9853,0.9839,-1.0,-1.0,-1.0,-1.0,-1.0,1.0,0.99891,-999,10970.0,3530.77,7439.23,219.489,3.12823,51.1972,0.520931,1.0,15.06,96.402
27810,8.581,LH2,-3.254,16.125,-2.766,11.395,PI-SIDIS,-999,-999,-999,-999,33.143,38.501,32.941,38.266,28.959,33.641,126.36,146.79,44.958,52.226,0.9993,0.9957,0.989,0.9866,-1.0,-1.0,-1.0,-1.0,-1.0,1.0,0.99962,-999,9638.0,2386.85,7251.15,223.357,3.05269,51.1723,0.517977,1.0,11.139,70.593
27811,8.581,LH2,-3.254,16.125,-2.766,11.395,PI-SIDIS,-999,-999,-999,-999,42.556,29.817,42.304,29.641,37.157,26.035,214.07,149.99,57.667,40.405,0.9994,0.9961,0.9879,0.9874,-1.0,-1.0,-1.0,-1.0,-1.0,1.0,0.99981,-999,11579.0,2365.08,9213.92,220.756,2.5983,51.213,0.493379,1.0,8.633,54.391
27812,8.581,LH2,-3.254,16.125,-2.766,11.395,PI-SIDIS,-999,-999,-999,-999,32.655,19.868,32.499,19.773,28.531,17.359,183.22,111.47,44.265,26.932,0.9994,0.996,0.9889,0.9882,-1.0,-1.0,-1.0,-1.0,-1.0,1.0,0.99991,-999,8297.0,1233.08,7063.92,220.106,2.8544,51.2356,0.506036,1.0,5.77,36.099
27813,8.581,LH2,-3.254,16.125,-2.766,11.395,PI-SIDIS,-999,-999,-999,-999,18.587,10.017,18.563,10.004,16.276,8.772,104.6,56.375,25.239,13.602,0.9996,0.9962,0.9914,0.9881,-1.0,-1.0,-1.0,-1.0,-1.0,1.0,0.99997,-999,4484.0,369.769,4114.23,224.403,3.66391,51.2375,0.512313,1.0,2.929,18.138
27814,8.581,LH2,-3.254,16.125,-2.766,11.395,PI-SIDIS,-999,-999,-999,-999,46.31,56.912,46.184,56.756,40.775,50.109,120.46,148.04,63.293,77.782,0.9992,0.9958,0.9853,0.9837,-1.0,-1.0,-1.0,-1.0,-1.0,1.0,0.99897,-999,14559.0,4809.23,9749.77,214.999,2.69436,51.237,0.508184,1.0,16.47,105.81
27815,8.581,LH2,-3.254,16.125,-2.766,11.395,PI-SIDIS,-999,-999,-999,-999,48.8,47.728,48.591,47.522,42.876,41.933,150.61,147.3,66.539,65.077,0.9993,0.9961,0.9861,0.9849,-1.0,-1.0,-1.0,-1.0,-1.0,1.0,0.99939,-999,14579.0,4311.85,10267.2,214.819,2.55489,51.2251,0.497156,1.0,13.81,88.194
27816,8.581,LH2,-3.254,16.125,-2.766,11.395,PI-SIDIS,-999,-999,-999,-999,39.814,38.239,39.571,38.005,34.839,33.461,152.16,146.14,54.079,51.94,0.9993,0.9957,0.9873,0.9858,-1.0,-1.0,-1.0,-1.0,-1.0,1.0,0.9996,-999,11363.0,2866.15,8496.85,218.056,2.76204,51.1476,0.509553,1.0,11.05,70.163
27817,8.581,LH2,-3.254,16.125,-2.766,11.395,PI-SIDIS,-999,-999,-999,-999,42.875,30.133,42.613,29.949,37.486,26.345,215.33,151.33,58.173,40.884,0.9994,0.9959,0.9885,0.9862,-1.0,-1.0,-1.0,-1.0,-1.0,1.0,0.99979,-999,11800.0,2406.77,9393.23,223.696,2.60715,51.0631,0.464522,1.0,8.725,54.992
27818,8.581,LH2,-3.254,16.125,-2.766,11.395,PI-SIDIS,-999,-999,-999,-999,2.068,18.154,2.058,18.063,1.81,15.891,11.621,102.01,2.807,24.638,0.9996,0.9971,0.9888,0.9882,-1.0,-1.0,-1.0,-1.0,-1.0,1.0,0.99993,-999,515.0,80.8462,434.154,213.578,11.2311,51.0377,0.481542,1.0,-999,32.945
27819,8.581,LH2,-3.254,16.125,-2.766,11.395,PI-SIDIS,-999,-999,-999,-999,34.944,20.061,34.779,19.966,30.586,17.559,196.4,112.75,47.463,27.248,0.9994,0.9956,0.9909,0.9886,-1.0,-1.0,-1.0,-1.0,-1.0,1.0,0.99991,-999,9034.0,1329.0,7705.0,224.25,2.78191,51.0702,0.478493,1.0,5.824,36.56
27820,8.581,LH2,-3.254,16.125,-2.766,11.395,PI-SIDIS,-999,-999,-999,-999,22.885,10.029,22.856,10.017,20.088,8.803,129.09,56.574,31.146,13.65,0.9993,0.9956,0.9907,0.9883,-1.0,-1.0,-1.0,-1.0,-1.0,1.0,0.99999,-999,5738.0,457.0,5281.0,233.958,3.36611,51.0656,0.466199,1.0,2.929,18.179
27821,8.581,LH2,-3.254,16.125,-2.766,11.395,PI-SIDIS,-999,-999,-999,-999,82.157,58.144,81.923,57.979,72.514,51.32,211.24,149.5,112.55,79.66,0.9992,0.996,0.9845,0.9833,-1.0,-1.0,-1.0,-1.0,-1.0,1.0,0.99894,-999,25777.0,8594.31,17182.7,213.703,2.02224,50.9858,0.484349,1.0,16.83,-999
27822,8.581,LH2,-3.254,16.125,-2.766,11.395,PI-SIDIS,-999,-999,-999,-999,96.88,58.898,96.503,58.669,85.492,51.975,247.23,150.3,132.7,80.677,0.9992,0.9959,0.9852,0.9829,-1.0,-1.0,-1.0,-1.0,-1.0,1.0,0.99897,-999,30662.0,10128.5,20533.5,216.874,1.87281,51.1162,0.521494,1.0,17.03,-999
27823,8.581,LH2,-3.254,16.125,-2.766,11.395,PI-SIDIS,-999,-999,-999,-999,88.616,59.801,88.242,59.549,78.229,52.792,224.48,151.48,121.4,81.93,0.9991,0.9973,0.9737,0.9701,-1.0,-1.0,-1.0,-1.0,1.0,-1.0,0.97101,-999,27302.0,9194.69,18107.3,218.037,2.01524,51.1502,0.518542,1.0,17.3,-999
27824,8.581,LH2,-3.254,16.125,-2.766,11.395,HMSDIS,-999,-999,-999,-999,46942.791,58.28,46759.362,58.052,41469.113,51.48,120396.58,149.4,64352.743,79.89,0.9993,0.9959,-999,-999,-1.0,-1.0,-1.0,9.0,-1.0,-1.0,1.0,95.9568,-999,-999,-999,-999,-999,-999,-999,1.0,-999,108.0
27825,8.581,Dummy,-3.254,16.125,-2.766,11.395,PI-SIDIS,-999,-999,-999,-999,73.701,48.508,73.377,48.295,65.009,42.787,226.05,148.78,100.89,66.409,0.9994,0.996,0.9898,0.9877,-1.0,-1.0,-1.0,-1.0,-1.0,1.0,0.99992,-999,6310.0,800.615,5509.38,76.0698,1.10213,51.1732,0.469099,1.0,5.43,34.405
27826,8.581,Dummy,-3.254,16.125,-2.766,11.395,HMSDIS,-999,-999,-999,-999,40526.245,48.453,40363.092,48.258,35603.82,42.56,124116.58,148.3,55165.685,65.95,0.9995,0.9959,-999,-999,-1.0,-1.0,-1.0,3.0,-1.0,-1.0,0.99901,98.9079,-999,-999,-999,-999,-999,-999,-999,1.0,5.427,34.3
27827,8.581,Dummy,-3.254,16.125,-2.766,11.395,PI-SIDIS,-999,-999,-999,-999,44.406,50.386,44.235,50.192,38.872,44.107,134.26,152.34,60.214,68.323,0.9995,0.9964,0.9908,0.9872,-1.0,-1.0,-1.0,-1.0,-1.0,1.0,0.99993,-999,3814.0,486.538,3327.46,76.241,1.42196,51.2008,0.464118,1.0,5.637,35.737
27828,8.581,LH2,-3.254,19.18,-2.806,12.98,PI-SIDIS,-999,-999,-999,-999,92.597,57.405,92.253,57.191,81.366,50.442,239.16,148.26,126.42,78.375,0.9994,0.9952,0.9873,0.9848,-1.0,-1.0,-1.0,-1.0,-1.0,1.0,0.99984,-999,9984.0,2255.31,7728.69,85.1352,1.11019,51.1211,0.464353,1.0,6.709,-999
27829,8.581,LH2,-3.254,19.18,-2.806,12.98,PI-SIDIS,-999,-999,-999,-999,97.719,58.393,97.302,58.144,86.046,51.418,249.99,149.38,133.64,79.86,0.9994,0.9944,0.9873,0.985,-1.0,-1.0,-1.0,-1.0,-1.0,1.0,0.99985,-999,10372.0,2384.46,7987.54,83.4028,1.07277,51.1711,0.502438,1.0,6.82,-999
27830,8.581,LH2,-3.254,19.18,-2.806,12.98,PI-SIDIS,-999,-999,-999,-999,105.95,58.571,105.53,58.343,93.378,51.62,270.8,149.7,144.96,80.138,0.9994,0.9944,0.9868,0.9842,-1.0,-1.0,-1.0,-1.0,-1.0,1.0,0.99982,-999,11325.0,2593.46,8731.54,84.1278,1.03433,51.1966,0.500299,1.0,6.842,-999
27831,8.581,LH2,-3.254,19.18,-2.806,12.98,PI-SIDIS,-999,-999,-999,-999,90.616,57.545,90.314,57.353,79.864,50.717,234.62,148.99,123.97,78.727,0.9994,0.9944,0.9882,0.9845,-1.0,-1.0,-1.0,-1.0,-1.0,1.0,0.99983,-999,9627.0,2193.46,7433.54,83.6683,1.114,51.1491,0.473408,1.0,6.723,62.61
27832,8.581,LH2,-3.254,19.18,-2.806,12.98,PI-SIDIS,-999,-999,-999,-999,102.0,58.666,101.7,58.494,89.865,51.685,260.69,149.93,139.45,80.208,0.9994,0.9951,0.9869,0.9839,-1.0,-1.0,-1.0,-1.0,-1.0,1.0,0.99984,-999,10920.0,2502.54,8417.46,84.1836,1.05427,51.1966,0.501081,1.0,6.858,-999
27833,8.581,LH2,-3.254,19.18,-2.806,12.98,PI-SIDIS,-999,-999,-999,-999,73.474,59.193,73.262,59.022,64.664,52.096,186.9,150.57,100.36,80.854,0.9994,0.9945,0.9863,0.9847,-1.0,-1.0,-1.0,-1.0,-1.0,1.0,0.99982,-999,7883.0,1820.85,6062.15,84.0973,1.24258,51.2157,0.502854,1.0,6.923,64.399
27834,8.581,LH2,-3.254,19.18,-2.806,12.98,PI-SIDIS,-999,-999,-999,-999,103.83,60.052,103.42,59.816,91.239,52.767,262.3,151.7,141.59,81.888,0.9994,0.9968,0.9792,0.9752,-1.0,-1.0,-1.0,-1.0,1.0,-1.0,0.9995,-999,11314.0,2579.92,8734.08,86.6888,1.06495,51.1104,0.476903,1.0,7.021,-999
27835,8.581,LH2,-3.254,19.18,-2.806,12.98,HMSDIS,-999,-999,-999,-999,44214.547,57.865,44017.574,57.607,38805.309,50.78,113175.43,148.1,60199.577,78.78,0.9994,0.994,-999,-999,-1.0,-1.0,-1.0,5.0,-1.0,-1.0,0.99951,97.6309,-999,-999,-999,-999,-999,-999,-999,1.0,6.765,62.8
27836,8.581,Dummy,-3.254,19.18,-2.806,12.98,PI-SIDIS,-999,-999,-999,-999,85.594,49.598,85.153,49.342,74.88,43.39,259.9,150.6,116.2,67.337,0.9996,0.9957,0.9885,0.9847,-1.0,-1.0,-1.0,-1.0,-1.0,1.0,0.99999,-999,2545.0,204.231,2340.77,27.9277,0.603749,51.2262,0.450501,1.0,2.117,20.982
27837,8.581,Dummy,-3.254,19.18,-2.806,12.98,PI-SIDIS,-999,-999,-999,-999,75.256,44.433,74.914,44.232,65.793,38.846,236.25,139.49,102.07,60.265,0.9997,0.9953,0.9881,0.9869,-1.0,-1.0,-1.0,-1.0,-1.0,1.0,0.99999,-999,2361.0,175.846,2185.15,29.5653,0.659309,51.1487,0.456087,1.0,1.898,18.806
27838,8.581,Dummy,-3.254,19.18,-2.806,12.98,PI-SIDIS,-999,-999,-999,-999,26.624,44.687,26.51,44.497,23.248,39.021,86.648,145.43,36.07,60.543,0.9997,0.9951,0.9871,0.9905,-1.0,-1.0,-1.0,-1.0,-1.0,1.0,1.0,-999,745.0,62.0,683.0,26.0188,1.04311,51.1445,0.456745,1.0,1.907,18.933
27839,8.581,Dummy,-3.254,19.18,-2.806,12.98,PI-SIDIS,-999,-999,-999,-999,88.589,49.502,88.228,49.3,77.316,43.203,269.27,150.46,119.97,67.038,0.9997,0.9942,0.9872,0.9877,-1.0,-1.0,-1.0,-1.0,-1.0,1.0,0.99996,-999,2764.0,213.692,2550.31,29.2758,0.605302,51.1289,0.466263,1.0,2.113,20.996
27840,8.581,Dummy,-3.254,19.18,-2.806,12.98,HMSDIS,-999,-999,-999,-999,48453.342,48.806,48248.581,48.599,42246.124,42.55,148207.29,149.2,65553.916,66.03,0.9996,0.9954,-999,-999,-1.0,-1.0,-1.0,1.0,-1.0,-1.0,0.99592,99.3579,-999,-999,-999,-999,-999,-999,-999,1.0,2.082,20.6
27841,8.581,LH2,-3.254,19.18,5.051,12.98,PI+SIDIS,-999,-999,-999,-999,164.19,59.255,163.53,59.018,143.42,51.759,417.42,150.64,222.59,80.33,0.9995,0.9921,0.9889,0.9861,-1.0,-1.0,-1.0,-1.0,-1.0,1.0,0.99995,-999,20627.0,230.538,20396.5,126.547,0.891462,51.0463,0.485011,1.0,6.929,5.476
27842,8.581,Dummy,-3.254,19.18,5.051,12.98,PI+SIDIS,-999,-999,-999,-999,14.685,26.607,14.62,26.489,12.794,23.182,63.364,114.8,19.853,35.97,1.0,1.0,0.9829,0.9857,-1.0,-1.0,-1.0,-1.0,-1.0,1.0,1.0,-999,356.0,1.84615,354.154,24.5754,1.30954,51.0995,0.493669,1.0,-999,-999
27843,8.581,Dummy,-3.254,19.18,5.051,12.98,PI+SIDIS,-999,-999,-999,-999,35.161,39.904,35.018,39.741,30.738,34.885,120.19,136.4,47.732,54.17,1.0,0.9946,0.9911,0.9841,-1.0,-1.0,-1.0,-1.0,-1.0,1.0,1.0,-999,865.0,3.84615,861.154,24.9891,0.853595,50.9854,0.466873,1.0,1.706,-999
27844,8.581,LH2,-3.254,19.18,2.806,12.98,PI+SIDIS,-999,-999,-999,-999,77.386,50.047,77.078,49.847,67.822,43.861,232.3,150.23,105.33,68.121,0.9995,0.9946,0.9825,0.9814,-1.0,-1.0,-1.0,-1.0,-1.0,1.0,0.99971,-999,15413.0,2677.69,12735.3,168.49,1.65345,51.1647,0.521642,1.0,5.859,23.939
27845,8.581,LH2,-3.254,19.18,2.806,12.98,PI+SIDIS,-999,-999,-999,-999,85.055,49.813,84.628,49.564,74.569,43.673,255.26,149.49,115.78,67.81,0.9995,0.9948,0.9808,0.9816,-1.0,-1.0,-1.0,-1.0,-1.0,1.0,0.99972,-999,17063.0,2936.77,14126.2,170.182,1.58406,51.201,0.514383,1.0,5.835,23.725
27846,8.581,LH2,-3.254,19.18,2.806,12.98,PI+SIDIS,-999,-999,-999,-999,79.814,49.788,79.406,49.533,70.037,43.689,239.52,149.41,108.72,67.819,0.9995,0.9945,0.9826,0.9815,-1.0,-1.0,-1.0,-1.0,-1.0,1.0,0.99972,-999,15923.0,2730.38,13192.6,169.405,1.631,51.1566,0.519135,1.0,5.826,23.672
27847,8.581,LD2,-3.254,19.18,2.806,12.98,PI+SIDIS,-999,-999,-999,-999,41.357,28.455,41.149,28.312,36.189,24.9,216.98,149.29,56.172,38.649,0.9994,0.9958,0.9831,0.9811,-1.0,-1.0,-1.0,-1.0,-1.0,1.0,0.99961,-999,14642.0,2933.38,11708.6,290.31,3.02327,51.1164,0.536424,1.0,6.182,26.945
27848,8.581,LD2,-3.254,19.18,2.806,12.98,PI+SIDIS,-999,-999,-999,-999,41.996,28.034,41.802,27.905,36.798,24.564,220.35,147.09,57.113,38.126,0.9994,0.996,0.9832,0.9811,-1.0,-1.0,-1.0,-1.0,-1.0,1.0,0.99966,-999,14435.0,2946.92,11488.1,280.379,2.95523,51.1045,0.524399,1.0,6.09,26.491
27849,8.581,LD2,-3.254,19.18,2.806,12.98,PI+SIDIS,-999,-999,-999,-999,59.97,28.585,59.656,28.435,52.551,25.048,314.11,149.72,81.566,38.878,0.9995,0.9962,0.982,0.981,-1.0,-1.0,-1.0,-1.0,-1.0,1.0,0.99962,-999,21119.0,4258.0,16861.0,288.364,2.50459,51.1087,0.522373,1.0,6.213,27.01
27850,8.581,LD2,-3.254,19.18,2.806,12.98,HMSDIS,-999,-999,-999,-999,26654.273,28.338,26489.602,28.163,23358.155,24.83,139690.09,148.5,36255.93,38.54,0.9995,0.996,-999,-999,-1.0,-1.0,-1.0,5.0,-1.0,-1.0,0.99932,95.5276,-999,-999,-999,-999,-999,-999,-999,1.0,6.148,26.7
27852,8.581,Dummy,-3.254,19.18,2.806,12.98,PI+SIDIS,-999,-999,-999,-999,57.19,51.252,56.9,50.992,50.4,45.168,169.87,152.23,78.243,70.119,0.9996,0.9939,0.9868,0.9845,-1.0,-1.0,-1.0,-1.0,-1.0,1.0,0.99999,-999,2700.0,196.846,2503.15,44.7031,0.930565,51.2304,0.469811,1.0,2.189,-999
27853,8.581,Dummy,-3.254,19.18,2.806,12.98,PI+SIDIS,-999,-999,-999,-999,83.228,49.986,82.87,49.772,73.457,44.118,249.46,149.82,114.03,68.488,0.9995,0.9957,0.9866,0.9841,-1.0,-1.0,-1.0,-1.0,-1.0,1.0,0.99995,-999,4064.0,280.308,3783.69,46.4213,0.784202,51.1572,0.463698,1.0,2.137,-999
27854,8.581,Dummy,-3.254,19.18,2.806,12.98,HMSDIS,-999,-999,-999,-999,43816.553,51.343,43637.96,51.133,38692.726,45.33,129872.79,152.1,60069.703,70.38,0.9996,0.9955,-999,-999,-1.0,-1.0,-1.0,2.0,-1.0,-1.0,0.99937,98.8352,-999,-999,-999,-999,-999,-999,-999,1.0,2.191,5.915
27855,8.581,LH2,-3.254,19.18,2.806,12.98,PI+SIDIS,-999,-999,-999,-999,83.114,50.615,82.785,50.415,73.425,44.714,247.85,150.93,113.95,69.398,0.9995,0.9969,0.9695,0.9698,-1.0,-1.0,-1.0,-1.0,1.0,-1.0,0.99921,-999,16623.0,2904.62,13718.4,171.093,1.61876,51.0109,0.500624,1.0,5.923,24.328
27856,8.581,LH2,-3.254,19.18,2.806,12.98,HMSDIS,-999,-999,-999,-999,41792.941,50.662,41591.526,50.418,36721.2,44.51,124535.22,150.9,56911.897,68.98,0.9995,0.9949,-999,-999,-1.0,-1.0,-1.0,3.0,-1.0,-1.0,0.99887,96.0002,-999,-999,-999,-999,-999,-999,-999,1.0,5.929,24.1
27857,8.581,LH2,-3.254,19.18,2.806,12.98,HMSDIS,-999,-999,-999,-999,45947.615,50.451,45703.912,50.184,40186.544,44.12,137498.35,150.9,62250.958,68.35,0.9995,0.9966,-999,-999,-1.0,-1.0,9.0,-1.0,-1.0,-1.0,0.99896,96.0073,-999,-999,-999,-999,-999,-999,-999,1.0,5.901,23.9
27858,8.581,LH2,-3.254,22.89,5.154,14.78,PI+SIDIS,-999,-999,-999,-999,146.66,58.73,146.12,58.513,129.14,51.715,371.22,148.65,200.54,80.306,0.9995,0.9859,0.9878,0.9886,-1.0,-1.0,-1.0,-1.0,-1.0,1.0,1.0,-999,6047.0,16.9231,6030.08,41.7645,0.538643,51.117,0.468685,1.0,2.172,-999
27859,8.581,Dummy,-3.254,22.89,5.154,14.78,PI+SIDIS,-999,-999,-999,-999,33.215,51.443,33.079,51.232,29.277,45.344,98.36,152.33,45.456,70.403,1.0,0.9804,1.0,0.9808,-1.0,-1.0,-1.0,-1.0,-1.0,1.0,1.0,-999,223.0,0.307692,222.692,6.86392,0.460302,51.2096,0.546332,1.0,-999,-999
27860,8.581,LH2,-3.254,22.89,3.837,14.78,PI+SIDIS,-999,-999,-999,-999,96.721,58.929,96.436,58.755,85.517,52.103,244.06,148.7,132.72,80.864,0.9997,0.9856,0.989,0.9838,-1.0,-1.0,-1.0,-1.0,-1.0,1.0,0.99997,-999,5341.0,130.154,5210.85,54.9421,0.771285,51.206,0.46833,1.0,2.179,10.261
27861,8.581,LH2,-3.254,22.89,3.837,14.78,PI+SIDIS,-999,-999,-999,-999,102.75,58.977,102.36,58.754,90.829,52.133,259.26,148.8,141.01,80.935,0.9994,0.9887,0.9919,0.9855,-1.0,-1.0,-1.0,-1.0,-1.0,1.0,0.99997,-999,5654.0,140.846,5513.15,54.6846,0.746549,51.247,0.509725,1.0,2.18,10.242
27862,8.581,LH2,-3.254,22.89,3.837,14.78,PI+SIDIS,-999,-999,-999,-999,105.36,60.554,104.91,60.295,93.165,53.542,262.8,151.03,144.62,83.117,0.9996,0.9885,0.9839,0.9848,-1.0,-1.0,-1.0,-1.0,-1.0,1.0,0.99998,-999,5650.0,146.923,5503.08,53.2846,0.728541,51.2732,0.499718,1.0,2.238,10.521
27863,8.581,LH2,-3.254,22.89,3.837,14.78,PI+SIDIS,-999,-999,-999,-999,100.51,59.026,100.12,58.798,88.931,52.224,253.82,149.05,138.0,81.044,0.9996,0.9898,0.9897,0.9843,-1.0,-1.0,-1.0,-1.0,-1.0,1.0,0.99997,-999,5452.0,140.846,5311.15,53.9139,0.750275,51.2416,0.51724,1.0,2.181,10.256
27864,8.581,LH2,-3.254,22.89,3.837,14.78,PI+SIDIS,-999,-999,-999,-999,101.68,58.493,101.35,58.301,89.811,51.661,257.84,148.31,139.24,80.098,0.9996,0.9894,0.9873,0.9823,-1.0,-1.0,-1.0,-1.0,-1.0,1.0,0.99995,-999,5637.0,134.077,5502.92,55.2971,0.755144,51.2099,0.461665,1.0,2.163,10.17
27865,8.581,LH2,-3.254,22.89,3.837,14.78,HMSDIS,-999,-999,-999,-999,49737.041,59.495,49590.753,59.32,43650.094,52.21,125189.87,149.7,67607.146,80.87,0.9996,0.9905,-999,-999,-1.0,-1.0,-1.0,1.0,-1.0,-1.0,0.99695,99.1997,-999,-999,-999,-999,-999,-999,-999,1.0,2.2,10.31
27867,8.581,Dummy,-3.254,22.89,3.837,14.78,PI+SIDIS,-999,-999,-999,-999,102.39,51.08,101.84,50.806,90.249,45.021,304.02,151.66,140.19,69.936,0.9995,0.9874,0.9882,0.983,-1.0,-1.0,-1.0,-1.0,-1.0,1.0,1.0,-999,1326.0,12.0,1314.0,13.1315,0.364035,51.048,0.464389,1.0,0.632,-999
27868,8.581,Dummy,-3.254,22.89,3.837,14.78,PI+SIDIS,-999,-999,-999,-999,52.413,50.775,52.147,50.517,46.27,44.824,155.91,151.04,71.879,69.633,0.9997,0.9836,0.9953,0.9836,-1.0,-1.0,-1.0,-1.0,-1.0,1.0,1.0,-999,615.0,5.84615,609.154,11.8798,0.483814,51.0597,0.46705,1.0,-999,-999
27870,8.581,Dummy,-3.254,22.89,3.837,14.78,HMSDIS,-999,-999,-999,-999,46689.182,50.392,46496.47,50.184,41002.916,44.25,141146.29,152.3,63559.523,68.6,0.9996,0.9939,-999,-999,-1.0,-1.0,-1.0,1.0,-1.0,-1.0,0.99932,99.7912,-999,-999,-999,-999,-999,-999,-999,1.0,0.624,2.383
27871,8.581,LH2,-3.254,22.89,3.837,14.78,PI+SIDIS,-999,-999,-999,-999,104.84,59.096,104.54,58.929,92.187,51.962,267.23,150.62,143.11,80.667,0.9995,0.9855,0.9897,0.9823,-1.0,-1.0,-1.0,-1.0,-1.0,1.0,0.99997,-999,5768.0,144.231,5623.77,54.7899,0.740633,51.0202,0.502569,1.0,2.185,10.303
27872,8.581,LH2,-3.254,22.89,3.837,14.78,PI+SIDIS,-999,-999,-999,-999,93.553,58.211,93.213,58.0,82.535,51.356,239.31,148.9,128.22,79.788,0.9995,0.99,0.9922,0.9819,-1.0,-1.0,-1.0,-1.0,-1.0,1.0,1.0,-999,5363.0,126.538,5236.46,57.2415,0.801256,51.1142,0.49617,1.0,2.151,10.142
27873,8.581,LH2,-3.254,22.89,3.837,14.78,PI+SIDIS,-999,-999,-999,-999,87.646,58.236,87.257,57.977,77.439,51.454,224.75,149.33,120.3,79.934,0.9995,0.9892,0.9873,0.983,-1.0,-1.0,-1.0,-1.0,-1.0,1.0,0.99993,-999,4818.0,116.846,4701.15,54.8404,0.810465,51.141,0.467166,1.0,2.152,10.121
27874,8.581,Dummy,-3.254,22.89,3.837,14.78,PI+SIDIS,-999,-999,-999,-999,112.4,48.729,111.87,48.499,99.31,43.053,343.58,148.95,154.2,66.85,0.9997,0.986,0.9921,0.9821,-1.0,-1.0,-1.0,-1.0,-1.0,1.0,1.0,-999,1397.0,14.6923,1382.31,12.5852,0.340432,51.1353,0.470943,1.0,0.603,-999
27875,8.581,LD2,-3.254,22.89,2.978,14.78,PI+SIDIS,-999,-999,-999,-999,22.418,52.812,22.349,52.65,19.86,46.785,60.303,142.05,30.825,72.617,0.9996,0.9934,0.9768,0.9755,-1.0,-1.0,-1.0,-1.0,-1.0,1.0,0.99983,-999,2148.0,391.077,1756.92,80.6337,2.14191,51.1659,0.538871,1.0,3.449,31.543
27876,8.581,LD2,-3.254,22.89,2.978,14.78,PI+SIDIS,-999,-999,-999,-999,84.436,53.835,84.136,53.643,74.72,47.64,234.63,149.6,115.98,73.948,0.9995,0.9929,0.9791,0.9752,-1.0,-1.0,-1.0,-1.0,-1.0,1.0,0.99982,-999,8541.0,1405.54,7135.46,87.0247,1.13424,51.1916,0.518498,1.0,3.515,31.941
27877,8.581,LD2,-3.254,22.89,2.978,14.78,PI+SIDIS,-999,-999,-999,-999,91.763,53.097,91.433,52.907,81.136,46.948,255.62,147.91,125.92,72.863,0.9996,0.9931,0.9781,0.9757,-1.0,-1.0,-1.0,-1.0,-1.0,1.0,0.99984,-999,9202.0,1506.0,7696.0,86.3155,1.08263,51.1896,0.516827,1.0,3.466,31.328
27878,8.581,LD2,-3.254,22.89,2.978,14.78,PI+SIDIS,-999,-999,-999,-999,86.07,53.854,85.665,53.601,75.972,47.536,239.31,149.73,117.91,73.778,0.9996,0.9939,0.9791,0.9755,-1.0,-1.0,-1.0,-1.0,-1.0,1.0,0.99983,-999,8684.0,1441.77,7242.23,86.7139,1.12288,51.1315,0.526904,1.0,3.519,31.717
27879,8.581,LD2,-3.254,22.89,2.978,14.78,HMSDIS,-999,-999,-999,-999,38856.7,51.82,38658.323,51.556,34269.809,45.7,109563.3,146.1,53194.46,70.94,0.9995,0.9938,-999,-999,-1.0,-1.0,-1.0,2.0,-1.0,-1.0,0.99941,95.6345,-999,-999,-999,-999,-999,-999,-999,1.0,3.384,30.4
27881,8.581,Dummy,-3.254,22.89,2.978,14.78,PI+SIDIS,-999,-999,-999,-999,74.883,48.448,74.503,48.202,65.932,42.657,229.24,148.31,102.31,66.197,0.9996,0.992,0.9821,0.9808,-1.0,-1.0,-1.0,-1.0,-1.0,1.0,1.0,-999,990.0,32.7692,957.231,13.105,0.43131,51.14,0.4533,1.0,-999,-999
27883,8.581,Dummy,-3.254,22.89,2.978,14.78,PI+SIDIS,-999,-999,-999,-999,9.003,47.715,8.964,47.507,7.924,41.995,27.772,147.19,12.296,65.166,1.0,1.0,1.0,0.9743,-1.0,-1.0,-1.0,-1.0,-1.0,1.0,1.0,-999,114.0,4.38462,109.615,12.551,1.22433,51.181,0.481124,1.0,-999,-999
27884,8.581,Dummy,-3.254,22.89,2.978,14.78,PI+SIDIS,-999,-999,-999,-999,82.75,48.051,82.364,47.827,72.809,42.278,254.78,147.94,112.97,65.601,0.9997,0.9939,0.9843,0.9803,-1.0,-1.0,-1.0,-1.0,-1.0,1.0,0.99992,-999,1014.0,33.2308,980.769,12.1516,0.395033,51.1488,0.46808,1.0,0.594,-999
27885,8.581,Dummy,-3.254,22.89,2.978,14.78,HMSDIS,-999,-999,-999,-999,47647.066,50.302,47377.741,50.017,41889.437,44.22,144127.61,152.1,65017.971,68.64,0.9996,0.9943,-999,-999,-1.0,-1.0,-1.0,1.0,-1.0,-1.0,0.99932,99.3801,-999,-999,-999,-999,-999,-999,-999,1.0,0.623,3.73
27886,8.581,LH2,-3.254,22.89,2.978,14.78,PI+SIDIS,-999,-999,-999,-999,92.037,58.802,91.63,58.543,81.096,51.813,235.21,150.28,125.85,80.412,0.9995,0.9897,0.9844,0.979,-1.0,-1.0,-1.0,-1.0,-1.0,1.0,0.99992,-999,5637.0,509.846,5127.15,57.1882,0.840348,51.2113,0.516686,1.0,2.17,17.104
27887,8.581,LH2,-3.254,22.89,2.978,14.78,PI+SIDIS,-999,-999,-999,-999,80.748,55.622,80.448,55.415,71.178,49.03,211.47,145.67,110.44,76.076,0.9996,0.9923,0.9818,0.9788,-1.0,-1.0,-1.0,-1.0,-1.0,1.0,0.99993,-999,4851.0,441.385,4409.62,56.0271,0.888029,51.2596,0.507631,1.0,2.054,16.134
27888,8.581,LH2,-3.254,22.89,2.978,14.78,PI+SIDIS,-999,-999,-999,-999,62.851,53.976,62.642,53.796,55.419,47.593,166.45,142.95,85.973,73.833,0.9996,0.9909,0.9849,0.9789,-1.0,-1.0,-1.0,-1.0,-1.0,1.0,0.99997,-999,3942.0,333.462,3608.54,58.8727,1.02766,51.2531,0.513444,1.0,1.994,15.644
27891,8.581,LH2,-3.254,22.89,2.978,14.78,PI+SIDIS,-999,-999,-999,-999,101.73,59.085,101.32,58.846,89.686,52.087,259.07,150.46,139.17,80.83,0.9996,0.9892,0.9819,0.9799,-1.0,-1.0,-1.0,-1.0,-1.0,1.0,0.99993,-999,6141.0,553.462,5587.54,56.3042,0.792392,51.264,0.503575,1.0,2.184,17.175
27892,8.581,LH2,-3.254,22.89,2.978,14.78,PI+SIDIS,-999,-999,-999,-999,105.47,59.476,104.99,59.203,92.983,52.43,267.82,151.02,144.3,81.366,0.9997,0.987,0.9831,0.9787,-1.0,-1.0,-1.0,-1.0,-1.0,1.0,0.99991,-999,6517.0,577.231,5939.77,57.8254,0.788583,51.2759,0.503603,1.0,2.198,17.217
27893,8.581,LH2,-3.254,22.89,2.978,14.78,PI+SIDIS,-999,-999,-999,-999,82.856,54.404,82.507,54.176,73.071,47.98,220.98,145.09,113.4,74.46,0.9995,0.9948,0.9775,0.9727,-1.0,-1.0,-1.0,-1.0,1.0,-1.0,0.99988,-999,4878.0,443.231,4434.77,55.293,0.873841,51.2824,0.498668,1.0,2.009,15.718
27894,8.581,LH2,-3.254,22.89,2.978,14.78,HMSDIS,-999,-999,-999,-999,47911.037,57.673,47742.665,57.47,42294.764,50.91,123113.45,148.1,65633.325,79.0,0.9996,0.9903,-999,-999,-1.0,-1.0,-1.0,1.0,-1.0,-1.0,0.99663,97.585,-999,-999,-999,-999,-999,-999,-999,1.0,2.135,16.7
27895,8.581,LH2,-3.254,22.89,2.978,14.78,HMSDIS,-999,-999,-999,-999,48548.114,57.407,48388.666,57.218,42875.448,50.69,124994.28,147.8,66526.88,78.66,0.9996,0.9948,-999,-999,-1.0,-1.0,3.0,-1.0,-1.0,-1.0,0.99932,97.5836,-999,-999,-999,-999,-999,-999,-999,1.0,2.119,16.6
27896,8.581,Al,-3.254,22.89,2.978,14.78,HMSDIS,-999,-999,-999,-999,41794.346,49.395,41594.874,49.159,36842.565,43.54,126688.44,149.7,57193.854,67.59,0.9997,0.9944,-999,-999,-1.0,-1.0,-1.0,1.0,-1.0,-1.0,0.99963,99.3928,-999,-999,-999,-999,-999,-999,-999,1.0,0.681,3.573
27897,8.581,Al,-3.254,22.89,2.978,14.78,HMSDIS,-999,-999,-999,-999,45334.771,50.199,45086.996,49.924,39946.837,44.23,136894.73,151.5,62011.022,68.66,0.9997,0.9942,-999,-999,-1.0,-1.0,-1.0,1.0,-1.0,-1.0,0.99922,99.3937,-999,-999,-999,-999,-999,-999,-999,1.0,0.69,3.624
27898,8.581,Cu,-3.254,22.89,2.978,14.78,PI+SIDIS,-999,-999,-999,-999,46.053,54.44,45.842,54.192,40.678,48.087,120.66,142.64,63.119,74.614,0.9995,0.995,0.9787,0.978,-1.0,-1.0,-1.0,-1.0,-1.0,1.0,0.99991,-999,1342.0,223.0,1119.0,24.9738,0.822789,51.2426,0.497967,1.0,1.733,16.978
27899,8.581,Cu,-3.254,22.89,2.978,14.78,PI+SIDIS,-999,-999,-999,-999,95.87,59.021,95.484,58.782,84.735,52.165,243.47,149.89,131.49,80.95,0.9995,0.9959,0.9798,0.9768,-1.0,-1.0,-1.0,-1.0,-1.0,1.0,0.99992,-999,2894.0,477.462,2416.54,25.9244,0.580767,51.2583,0.513741,1.0,1.877,18.398
27900,8.581,Cu,-3.254,22.89,2.978,14.78,PI+SIDIS,-999,-999,-999,-999,103.28,59.385,102.93,59.185,91.354,52.525,261.42,150.3,141.77,81.516,0.9995,0.9961,0.9787,0.9766,-1.0,-1.0,-1.0,-1.0,-1.0,1.0,0.99992,-999,3125.0,516.769,2608.23,25.9597,0.559917,51.2527,0.518906,1.0,1.889,18.452
27901,8.581,Cu,-3.254,22.89,2.978,14.78,PI+SIDIS,-999,-999,-999,-999,102.31,59.505,101.99,59.319,90.533,52.654,258.67,150.44,140.49,81.714,0.9996,0.9955,0.9807,0.9769,-1.0,-1.0,-1.0,-1.0,-1.0,1.0,0.99994,-999,3126.0,506.769,2619.23,26.2998,0.564891,51.2495,0.531486,1.0,1.893,18.494
27902,8.581,Cu,-3.254,22.89,2.978,14.78,PI+SIDIS,-999,-999,-999,-999,99.497,58.872,99.196,58.694,88.066,52.108,252.77,149.56,136.68,80.877,0.9996,0.9963,0.984,0.9766,-1.0,-1.0,-1.0,-1.0,-1.0,1.0,0.9999,-999,3000.0,489.923,2510.08,25.9236,0.569219,51.263,0.516971,1.0,1.873,18.285
27903,8.581,Cu,-3.254,22.89,2.978,14.78,HMSDIS,-999,-999,-999,-999,35788.384,60.785,35667.899,60.58,31682.09,53.81,89691.046,152.3,49173.17,83.51,0.9995,0.9966,-999,-999,-1.0,-1.0,-1.0,1.0,-1.0,-1.0,0.99383,97.0051,-999,-999,-999,-999,-999,-999,-999,1.0,1.933,18.9
27904,8.581,Cu,-3.254,22.89,2.978,14.78,HMSDIS,-999,-999,-999,-999,30933.994,57.272,30809.583,57.042,27376.912,50.68,79609.287,147.3,42488.533,78.66,0.9996,0.9965,-999,-999,-1.0,-1.0,-1.0,1.0,-1.0,-1.0,0.99485,97.0582,-999,-999,-999,-999,-999,-999,-999,1.0,1.819,17.76
27905,8.581,C,-3.254,22.89,2.978,14.78,PI+SIDIS,-999,-999,-999,-999,86.133,49.643,85.663,49.372,75.713,43.638,260.97,150.41,117.32,67.618,0.9996,0.9939,0.9845,0.9791,-1.0,-1.0,-1.0,-1.0,-1.0,1.0,0.99994,-999,4424.0,488.769,3935.23,46.9407,0.796754,51.2943,0.504953,1.0,2.077,15.809
27906,8.581,C,-3.254,22.89,2.978,14.78,PI+SIDIS,-999,-999,-999,-999,81.775,48.712,81.365,48.468,71.534,42.612,249.08,148.37,110.86,66.037,0.9996,0.9944,0.9839,0.9785,-1.0,-1.0,-1.0,-1.0,-1.0,1.0,0.99998,-999,4191.0,463.154,3727.85,46.8429,0.816926,51.3086,0.509344,1.0,2.035,15.444
27907,8.581,C,-3.254,22.89,2.978,14.78,PI+SIDIS,-999,-999,-999,-999,81.298,49.381,80.933,49.16,71.368,43.35,246.45,149.69,110.87,67.343,0.9997,0.9947,0.9801,0.9799,-1.0,-1.0,-1.0,-1.0,-1.0,1.0,0.99992,-999,4249.0,463.769,3785.23,47.7473,0.825687,51.2904,0.512099,1.0,2.065,15.72
27908,8.581,C,-3.254,22.89,2.978,14.78,PI+SIDIS,-999,-999,-999,-999,84.936,49.735,84.579,49.526,74.802,43.801,256.79,150.36,116.19,68.038,0.9995,0.9955,0.9842,0.9782,-1.0,-1.0,-1.0,-1.0,-1.0,1.0,0.99992,-999,4419.0,483.077,3935.92,47.6003,0.807316,51.2825,0.513276,1.0,2.076,15.861
27909,8.581,C,-3.254,22.89,2.978,14.78,PI+SIDIS,-999,-999,-999,-999,80.978,49.401,80.652,49.202,71.469,43.6,245.54,149.79,110.99,67.715,0.9996,0.9949,0.9849,0.9798,-1.0,-1.0,-1.0,-1.0,-1.0,1.0,0.99993,-999,4358.0,465.538,3892.46,49.2807,0.839215,51.2795,0.502821,1.0,2.064,15.79
27910,8.581,C,-3.254,22.89,2.978,14.78,HMSDIS,-999,-999,-999,-999,24094.969,47.224,23992.097,47.022,21276.415,41.7,74239.606,145.5,33047.801,64.77,0.9996,0.995,-999,-999,-1.0,-1.0,-1.0,1.0,-1.0,-1.0,0.99643,97.597,-999,-999,-999,-999,-999,-999,-999,1.0,1.976,15.09
27911,8.581,C,-3.254,22.89,2.978,14.78,HMSDIS,-999,-999,-999,-999,28486.582,49.71,28346.957,49.466,25148.032,43.88,86399.292,150.7,39050.806,68.14,0.9996,0.995,-999,-999,-1.0,-1.0,-1.0,1.0,-1.0,-1.0,0.99556,97.566,-999,-999,-999,-999,-999,-999,-999,1.0,2.078,15.92
27912,8.581,LD2,-3.254,22.89,2.978,14.78,PI+SIDIS,-999,-999,-999,-999,87.198,53.194,86.777,52.937,76.562,46.706,242.59,147.99,118.63,72.369,0.9996,0.9935,0.9811,0.977,-1.0,-1.0,-1.0,-1.0,-1.0,1.0,0.99981,-999,8699.0,1460.31,7238.69,85.4313,1.10784,51.2841,0.511689,1.0,3.473,31.35
27913,8.581,LD2,-3.254,22.89,2.978,14.78,PI+SIDIS,-999,-999,-999,-999,85.317,52.775,84.937,52.539,74.78,46.257,238.08,147.27,116.05,71.786,0.9995,0.993,0.981,0.9764,-1.0,-1.0,-1.0,-1.0,-1.0,1.0,0.99982,-999,8488.0,1435.23,7052.77,85.0999,1.11887,51.2478,0.520812,1.0,3.447,30.963
27914,8.581,Dummy,-3.254,22.89,2.978,14.78,PI+SIDIS,-999,-999,-999,-999,87.678,49.672,87.305,49.461,77.196,43.734,265.17,150.22,119.96,67.964,0.9996,0.9936,0.9821,0.979,-1.0,-1.0,-1.0,-1.0,-1.0,1.0,1.0,-999,1114.0,36.0769,1077.92,12.6165,0.391142,51.2766,0.504104,1.0,0.615,-999
27915,8.581,LH2,-3.254,22.89,2.978,14.78,PI+SIDIS,-999,-999,-999,-999,105.14,59.505,104.83,59.332,93.015,52.64,265.86,150.46,144.46,81.759,0.9997,0.9882,0.9861,0.9798,-1.0,-1.0,-1.0,-1.0,-1.0,1.0,0.99993,-999,6579.0,568.769,6010.23,58.5318,0.792538,51.2572,0.491722,1.0,2.197,17.331
27916,8.581,LH2,-3.254,22.89,2.978,14.78,PI+SIDIS,-999,-999,-999,-999,107.2,59.576,106.84,59.375,94.367,52.442,270.96,150.58,146.27,81.286,0.9998,0.9909,0.9799,0.9797,-1.0,-1.0,-1.0,-1.0,-1.0,1.0,0.99995,-999,6637.0,585.0,6052.0,57.8322,0.781131,51.2665,0.490294,1.0,2.201,17.258
27918,8.581,C,-3.254,22.89,2.978,14.78,PI+SIDIS,-999,-999,-999,-999,-999,-999,-999,-999,-999,-999,-999,-999,-999,-999,-999,-999,-999,-999,-999,-999,-999,-999,-999,-999,-999,-999,-999,-999,-999,-999,-999,-999,-999,1.0,-999,-999
27925,8.581,C,-3.254,22.89,2.978,14.78,PI+SIDIS,-999,-999,-999,-999,79.325,48.927,78.977,48.713,69.603,42.931,241.4,148.89,108.02,66.63,0.9995,0.9942,0.9858,0.9827,-1.0,-1.0,-1.0,-1.0,-1.0,1.0,0.99995,-999,4211.0,449.462,3761.54,48.4934,0.840011,51.2244,0.489012,1.0,2.04,15.703
27926,8.581,C,-3.254,22.89,2.978,14.78,PI+SIDIS,-999,-999,-999,-999,46.271,49.27,46.076,49.063,40.627,43.26,140.67,149.78,63.08,67.169,0.9994,0.9939,0.9852,0.9827,-1.0,-1.0,-1.0,-1.0,-1.0,1.0,0.99993,-999,2416.0,275.231,2140.77,47.3112,1.09103,51.2222,0.502078,1.0,2.056,15.76
27927,8.581,Cu,-3.254,22.89,2.978,14.78,PI+SIDIS,-999,-999,-999,-999,62.93,48.146,62.651,47.932,55.315,42.32,189.19,144.74,85.854,65.684,0.9994,0.9958,0.9829,0.9797,-1.0,-1.0,-1.0,-1.0,-1.0,1.0,0.99996,-999,1805.0,262.769,1542.23,25.1424,0.69649,51.1484,0.474357,1.0,1.529,14.81
27928,8.581,Cu,-3.254,22.89,2.978,14.78,PI+SIDIS,-999,-999,-999,-999,104.51,48.882,103.93,48.61,91.875,42.971,315.75,147.68,142.58,66.686,0.9995,0.9965,0.9837,0.9803,-1.0,-1.0,-1.0,-1.0,-1.0,1.0,0.99993,-999,3140.0,434.769,2705.23,26.5669,0.553226,51.2021,0.500026,1.0,1.553,14.981
27929,8.581,Cu,-3.254,22.89,2.978,14.78,PI+SIDIS,-999,-999,-999,-999,87.948,50.054,87.494,49.796,77.338,44.016,265.35,151.02,120.04,68.324,0.9996,0.9961,0.9834,0.9801,-1.0,-1.0,-1.0,-1.0,-1.0,1.0,0.99994,-999,2643.0,369.077,2273.92,26.5295,0.603006,51.201,0.453633,1.0,1.588,15.297
27931,8.581,Cu,-3.254,22.89,2.978,14.78,PI+SIDIS,-999,-999,-999,-999,85.995,49.376,85.613,49.156,75.689,43.458,260.72,149.7,117.44,67.433,0.9996,0.9958,0.9847,0.9806,-1.0,-1.0,-1.0,-1.0,-1.0,1.0,0.99992,-999,2593.0,355.462,2237.54,26.6653,0.610034,51.25,0.48802,1.0,1.569,15.142
27932,8.581,LH2,-3.254,22.89,-3.837,14.78,PI-SIDIS,-999,-999,-999,-999,98.26,54.284,97.774,54.015,86.55,47.815,273.38,151.02,134.31,74.201,0.9995,0.9919,0.9916,0.9858,-1.0,-1.0,-1.0,-1.0,-1.0,1.0,1.00028,-999,2269.0,66.7692,2202.23,22.8596,0.495009,51.2375,0.433931,1.0,2.003,32.868
27933,8.581,LH2,-3.254,22.89,-3.837,14.78,PI-SIDIS,-999,-999,-999,-999,102.54,55.775,102.01,55.484,90.334,49.132,280.08,152.33,140.16,76.236,0.9993,0.9941,0.9933,0.9836,-1.0,-1.0,-1.0,-1.0,-1.0,1.0,0.99998,-999,2230.0,68.6154,2161.38,21.5563,0.471528,51.2156,0.441274,1.0,2.06,33.723
27934,8.581,LH2,-3.254,22.89,-3.837,14.78,PI-SIDIS,-999,-999,-999,-999,78.423,53.868,78.064,53.621,69.126,47.482,217.38,149.31,107.23,73.658,0.9994,0.9936,0.9914,0.9825,-1.0,-1.0,-1.0,-1.0,-1.0,1.0,0.99998,-999,1823.0,51.1538,1771.85,23.116,0.557632,51.1558,0.474432,1.0,1.989,32.548
27935,8.581,LH2,-3.254,22.89,-3.837,14.78,PI-SIDIS,-999,-999,-999,-999,93.391,54.581,93.026,54.368,82.377,48.144,257.26,150.35,127.8,74.694,0.9995,0.9943,0.9915,0.984,-1.0,-1.0,-1.0,-1.0,-1.0,1.0,1.0,-999,2054.0,68.4615,1985.54,21.7018,0.495991,51.178,0.444116,1.0,2.014,33.006
27936,8.581,LH2,-3.254,22.89,-3.837,14.78,PI-SIDIS,-999,-999,-999,-999,89.394,54.065,89.077,53.874,78.884,47.709,245.3,148.35,122.38,74.018,0.9995,0.991,0.9907,0.9846,-1.0,-1.0,-1.0,-1.0,-1.0,1.0,0.99998,-999,2058.0,62.8462,1995.15,22.7602,0.518122,51.1725,0.445428,1.0,1.997,32.709
27937,8.581,LH2,-3.254,22.89,-3.837,14.78,PI-SIDIS,-999,-999,-999,-999,97.948,55.557,97.59,55.355,86.455,49.038,265.46,150.57,134.1,76.067,0.9997,0.9942,0.9908,0.9864,-1.0,-1.0,-1.0,-1.0,-1.0,1.0,1.0,-999,2120.0,71.1538,2048.85,21.2903,0.479071,51.1553,0.4453,1.0,2.051,33.604
27938,8.581,LH2,-3.254,22.89,-3.837,14.78,PI-SIDIS,-999,-999,-999,-999,93.183,55.103,92.73,54.835,82.181,48.597,253.25,149.75,127.49,75.395,0.9996,0.9948,0.9905,0.9855,-1.0,-1.0,-1.0,-1.0,-1.0,1.0,0.99998,-999,2117.0,68.6923,2048.31,22.4233,0.504321,51.1644,0.443638,1.0,2.034,33.296
27939,8.581,LH2,-3.254,22.89,-3.837,14.78,HMSDIS,-999,-999,-999,-999,55160.198,55.412,54891.739,55.142,48645.965,48.86,149348.37,150.0,75490.044,75.83,0.9996,0.9907,-999,-999,-1.0,-1.0,-1.0,1.0,-1.0,-1.0,0.99742,99.5526,-999,-999,-999,-999,-999,-999,-999,1.0,2.044,33.4
27940,8.581,Dummy,-3.254,22.89,-3.837,14.78,PI-SIDIS,-999,-999,-999,-999,92.14,51.324,91.701,51.08,81.167,45.212,272.34,151.7,126.03,70.202,1.0,0.9937,0.9857,0.9833,-1.0,-1.0,-1.0,-1.0,-1.0,1.0,0.99996,-999,611.0,7.92308,603.077,6.68853,0.27428,51.133,0.464326,1.0,0.634,12.171
27941,8.581,Dummy,-3.254,22.89,-3.837,14.78,PI-SIDIS,-999,-999,-999,-999,50.786,50.668,50.573,50.455,44.769,44.665,150.65,150.3,69.512,69.351,0.9985,0.9948,0.9966,0.9807,-1.0,-1.0,-1.0,-1.0,-1.0,1.0,1.0,-999,346.0,3.84615,342.154,6.90905,0.375769,51.1466,0.46113,1.0,-999,12.017
27942,8.581,Dummy,-3.254,22.89,-3.837,14.78,PI-SIDIS,-999,-999,-999,-999,86.381,50.34,86.041,50.142,76.209,44.412,257.36,149.98,118.28,68.932,0.9995,0.9965,0.9858,0.9793,-1.0,-1.0,-1.0,-1.0,-1.0,1.0,1.0,-999,568.0,6.76923,561.231,6.66404,0.283119,51.15,0.450188,1.0,0.622,11.954
27943,8.581,Dummy,-3.254,22.89,-3.837,14.78,HMSDIS,-999,-999,-999,-999,47294.75,51.657,47100.674,51.445,41604.294,45.44,139472.05,152.3,64485.74,70.43,0.9996,0.9937,-999,-999,-1.0,-1.0,-1.0,1.0,-1.0,-1.0,0.99922,99.8478,-999,-999,-999,-999,-999,-999,-999,1.0,0.637,12.2
27944,8.581,Dummy,-3.254,22.89,-3.837,14.78,PI-SIDIS,-999,-999,-999,-999,90.152,50.737,89.683,50.474,78.771,44.332,267.53,150.56,122.04,68.684,0.9991,0.9985,0.9851,0.9827,-1.0,-1.0,-1.0,-1.0,-1.0,1.0,1.0,-999,554.0,7.30769,546.692,6.20873,0.267445,51.2358,0.456883,1.0,0.627,12.023
27945,8.581,Dummy,-3.254,22.89,-3.837,14.78,PI-SIDIS,-999,-999,-999,-999,43.987,51.692,43.745,51.408,38.427,45.159,129.49,152.18,59.677,70.13,1.0,1.0,0.9892,0.987,-1.0,-1.0,-1.0,-1.0,-1.0,1.0,1.0,-999,296.0,4.0,292.0,6.76297,0.398681,51.2166,0.405934,1.0,-999,12.251
27946,8.581,Dummy,-3.254,22.89,-3.837,14.78,PI-SIDIS,-999,-999,-999,-999,91.203,50.048,90.748,49.798,80.044,43.924,275.75,151.32,124.33,68.227,0.9996,0.9952,0.9883,0.9856,-1.0,-1.0,-1.0,-1.0,-1.0,1.0,1.0,-999,541.0,7.07692,533.923,5.97193,0.260287,51.1542,0.401005,1.0,0.618,11.88
27947,8.581,LH2,-3.254,22.89,-3.837,14.78,PI-SIDIS,-999,-999,-999,-999,98.504,58.922,98.202,58.741,86.854,51.953,250.32,149.73,134.89,80.691,0.9994,0.9946,0.9913,0.9838,-1.0,-1.0,-1.0,-1.0,-1.0,1.0,1.0,-999,2230.0,74.7692,2155.23,22.3217,0.489717,51.1747,0.448844,1.0,2.175,35.663
27948,8.581,LH2,-3.254,22.89,-3.837,14.78,PI-SIDIS,-999,-999,-999,-999,156.18,58.935,155.67,58.744,137.81,52.006,397.15,149.86,214.54,80.961,0.9994,0.9939,0.9918,0.9844,-1.0,-1.0,-1.0,-1.0,-1.0,1.0,0.99998,-999,3464.0,118.308,3345.69,21.8457,0.384803,51.1626,0.443544,1.0,2.173,35.654
27949,8.581,LH2,-3.254,22.89,-3.837,14.78,PI-SIDIS,-999,-999,-999,-999,80.908,59.111,80.582,58.874,71.286,52.082,198.64,145.12,111.24,81.275,0.9998,0.9955,0.9897,0.9844,-1.0,-1.0,-1.0,-1.0,-1.0,1.0,0.99998,-999,1803.0,64.6154,1738.38,21.9195,0.536144,51.1785,0.454753,1.0,2.175,35.663
27951,8.581,LH2,-3.254,22.89,-3.837,14.78,PI-SIDIS,-999,-999,-999,-999,54.8,64.719,54.628,64.516,48.244,56.976,124.87,147.48,73.647,86.978,0.9996,0.9942,0.9898,0.983,-1.0,-1.0,-1.0,-1.0,-1.0,1.0,1.0,-999,1209.0,47.3846,1161.62,21.6405,0.648742,51.153,0.449388,1.0,2.379,38.986
27952,8.581,LH2,-3.254,22.89,-3.837,14.78,PI-SIDIS,-999,-999,-999,-999,91.758,65.615,91.555,65.47,80.793,57.774,205.25,146.77,121.89,87.165,0.9994,0.9903,0.9917,0.9827,-1.0,-1.0,-1.0,-1.0,-1.0,1.0,1.0,-999,2040.0,81.6923,1958.31,21.779,0.503084,51.1398,0.445945,1.0,2.411,39.525
27953,8.581,LH2,-3.254,22.89,-3.837,14.78,PI-SIDIS,-999,-999,-999,-999,186.44,67.562,186.08,67.431,164.13,59.478,410.6,148.79,247.75,89.777,0.9996,0.9945,0.9903,0.9843,-1.0,-1.0,-1.0,-1.0,-1.0,1.0,1.0,-999,4214.0,158.308,4055.69,22.1515,0.355068,51.1829,0.481428,1.0,2.48,-999
27954,8.581,LH2,-3.254,22.89,-3.837,14.78,PI-SIDIS,-999,-999,-999,-999,86.992,67.666,86.718,67.453,76.525,59.525,191.4,148.88,115.6,89.924,0.9995,0.9963,0.9903,0.9857,-1.0,-1.0,-1.0,-1.0,-1.0,1.0,0.99996,-999,2027.0,76.6923,1950.31,22.8288,0.527761,51.3212,0.451976,1.0,2.484,40.692
27956,8.581,LD2,-3.254,22.89,-2.978,14.76,PI-SIDIS,-999,-999,-999,-999,34.673,54.317,34.524,54.084,30.509,47.795,93.216,146.02,46.83,73.362,0.9996,0.9942,0.9852,0.984,-1.0,-1.0,-1.0,-1.0,-1.0,1.0,0.99984,-999,2084.0,440.692,1643.31,48.4003,1.35544,51.3,0.5,1.0,3.532,72.765
27957,8.581,LD2,-3.254,22.89,-2.978,14.76,PI-SIDIS,-999,-999,-999,-999,113.32,65.111,113.07,64.964,99.78,57.328,250.74,144.06,146.11,83.951,0.9995,0.994,0.9854,0.983,-1.0,-1.0,-1.0,-1.0,-1.0,1.0,0.99987,-999,7285.0,1714.46,5570.54,50.1488,0.775308,51.2672,0.485784,1.0,4.227,-999
27958,8.581,LD2,-3.254,22.89,-2.978,14.76,PI-SIDIS,-999,-999,-999,-999,86.802,69.082,86.673,68.98,76.226,60.666,182.48,145.23,106.96,85.13,0.9995,0.9933,0.9854,0.9839,-1.0,-1.0,-1.0,-1.0,-1.0,1.0,0.99985,-999,5609.0,1363.77,4245.23,49.8135,0.886977,51.2319,0.489518,1.0,4.477,-999
27959,8.581,LD2,-3.254,22.89,-2.978,14.76,HMSDIS,-999,-999,-999,-999,41957.799,71.516,41915.294,71.444,36772.895,62.67,84751.221,144.4,49634.881,84.6,0.9995,0.9942,-999,-999,-1.0,-1.0,-1.0,2.0,-1.0,-1.0,0.99894,96.6406,-999,-999,-999,-999,-999,-999,-999,1.0,4.628,95.5
27961,8.581,NONE,-3.254,22.89,-2.978,14.76,BCM,-999,-999,-999,-999,86.557,36.09,86.212,35.946,75.82,31.613,265.67,110.77,112.91,47.08,0.0,0.0,0.0,0.0,-1.0,-1.0,-1.0,-1.0,-1.0,1.0,1.0,-999,0.0,0.0,0.0,nan,nan,0.0,0.0,1.0,-999,-999
27962,8.581,LH2,-3.254,22.89,-2.978,14.76,PI-SIDIS,-999,-999,-999,-999,115.31,68.528,115.04,68.367,101.24,60.169,251.69,149.57,152.81,90.816,0.9996,0.9912,0.9882,0.9862,-1.0,-1.0,-1.0,-1.0,-1.0,1.0,0.99998,-999,3084.0,415.385,2668.62,23.5317,0.492224,51.1693,0.455268,1.0,2.514,43.539
27963,8.581,LH2,-3.254,22.89,-2.978,14.76,PI-SIDIS,-999,-999,-999,-999,121.69,68.74,121.44,68.594,106.89,60.376,265.56,149.99,161.22,91.065,0.9997,0.9904,0.9882,0.9853,-1.0,-1.0,-1.0,-1.0,-1.0,1.0,0.99996,-999,3237.0,432.692,2804.31,23.4444,0.478086,51.1805,0.439931,1.0,2.52,43.648
27964,8.581,LH2,-3.254,22.89,-2.978,14.76,PI-SIDIS,-999,-999,-999,-999,113.61,68.527,113.28,68.328,99.74,60.156,247.97,149.55,150.53,90.794,0.9995,0.9903,0.9878,0.9868,-1.0,-1.0,-1.0,-1.0,-1.0,1.0,0.99992,-999,3037.0,405.923,2631.08,23.5489,0.49577,51.1911,0.453682,1.0,2.515,43.486
27965,8.581,LH2,-3.254,22.89,-2.978,14.76,PI-SIDIS,-999,-999,-999,-999,120.26,68.226,119.8,67.968,105.53,59.872,263.52,149.5,159.43,90.452,0.9997,0.9901,0.9888,0.9856,-1.0,-1.0,-1.0,-1.0,-1.0,1.0,0.99999,-999,3133.0,408.615,2724.38,23.0793,0.476543,51.1624,0.449177,1.0,2.497,43.257
27966,8.581,LH2,-3.254,22.89,-2.978,14.76,PI-SIDIS,-999,-999,-999,-999,107.56,67.765,107.19,67.536,94.427,59.49,236.49,148.99,142.72,89.917,0.9995,0.9934,0.9902,0.9853,-1.0,-1.0,-1.0,-1.0,-1.0,1.0,0.99998,-999,2919.0,371.923,2547.08,24.1273,0.514281,51.2445,0.464445,1.0,2.485,43.0
27967,8.581,LH2,-3.254,22.89,-2.978,14.76,PI-SIDIS,-999,-999,-999,-999,111.86,68.531,111.56,68.346,98.292,60.214,244.91,150.03,148.64,91.062,0.9996,0.9904,0.9878,0.9854,-1.0,-1.0,-1.0,-1.0,-1.0,1.0,0.99999,-999,3003.0,400.923,2602.08,23.6782,0.501217,51.2812,0.495935,1.0,2.514,43.515
27968,8.581,LH2,-3.254,22.89,-2.978,14.76,PI-SIDIS,-999,-999,-999,-999,112.06,69.587,111.8,69.428,98.49,61.16,243.05,150.93,148.86,92.443,0.9995,0.9945,0.9833,0.9802,-1.0,-1.0,-1.0,-1.0,1.0,-1.0,0.99995,-999,3086.0,396.077,2689.92,24.5585,0.509675,51.3102,0.467601,1.0,2.549,44.202
27969,8.581,LH2,-3.254,22.89,-2.978,14.76,HMSDIS,-999,-999,-999,-999,57942.976,68.637,57821.141,68.493,50952.091,60.35,126656.49,150.0,76918.171,91.11,0.9996,0.9908,-999,-999,-1.0,-1.0,-1.0,1.0,-1.0,-1.0,0.99443,98.7204,-999,-999,-999,-999,-999,-999,-999,1.0,2.517,43.6
27970,8.581,LH2,-3.254,22.89,-2.978,14.76,HMSDIS,-999,-999,-999,-999,58669.18,68.703,58541.531,68.553,51595.245,60.41,128442.67,150.4,78029.871,91.37,0.9996,0.9949,-999,-999,-1.0,-1.0,3.0,-1.0,-1.0,-1.0,0.99899,98.7244,-999,-999,-999,-999,-999,-999,-999,1.0,2.522,43.6
27972,8.581,Dummy,-3.254,22.89,-2.978,14.76,PI-SIDIS,-999,-999,-999,-999,86.457,49.717,85.969,49.437,75.959,43.68,261.58,150.42,117.65,67.659,0.9992,0.9923,0.9835,0.9834,-1.0,-1.0,-1.0,-1.0,-1.0,1.0,1.0,-999,594.0,26.3077,567.692,6.7203,0.289006,51.3499,0.456648,1.0,0.614,12.499
27973,8.581,Dummy,-3.254,22.89,-2.978,14.76,PI-SIDIS,-999,-999,-999,-999,80.654,49.087,80.189,48.804,70.955,43.184,245.17,149.21,110.58,67.306,0.9997,0.9947,0.99,0.9813,-1.0,-1.0,-1.0,-1.0,-1.0,1.0,1.0,-999,575.0,21.3077,553.692,7.03853,0.305257,51.2286,0.462207,1.0,-999,12.343
27974,8.581,Dummy,-3.254,22.89,-2.978,14.76,PI-SIDIS,-999,-999,-999,-999,81.592,49.047,81.167,48.791,71.869,43.202,248.23,149.22,112.18,67.439,0.9997,0.9945,0.9883,0.9856,-1.0,-1.0,-1.0,-1.0,-1.0,1.0,1.0,-999,613.0,21.3077,591.692,7.39854,0.309999,51.2564,0.430093,1.0,0.606,12.351
27975,8.581,Dummy,-3.254,22.89,-2.978,14.76,HMSDIS,-999,-999,-999,-999,41987.937,49.557,41789.57,49.323,36937.573,43.59,127395.67,150.3,57289.322,67.61,0.9996,0.9945,-999,-999,-1.0,-1.0,-1.0,1.0,-1.0,-1.0,1.0,99.6831,-999,-999,-999,-999,-999,-999,-999,1.0,0.611,12.4
27976,8.581,LH2,-3.254,22.89,-2.978,14.76,PI-SIDIS,-999,-999,-999,-999,97.339,66.569,97.135,66.429,85.247,58.299,215.97,147.69,129.2,88.358,0.9995,0.9898,0.9878,0.9848,-1.0,-1.0,-1.0,-1.0,-1.0,1.0,0.99999,-999,2710.0,342.692,2367.31,24.7601,0.547122,51.3243,0.480568,1.0,2.442,42.314
27977,8.581,LH2,-3.254,22.89,-2.978,14.76,PI-SIDIS,-999,-999,-999,-999,113.99,69.128,113.77,68.994,99.787,60.51,248.0,150.38,151.2,91.69,0.9994,0.9899,0.9877,0.9865,-1.0,-1.0,-1.0,-1.0,-1.0,1.0,0.99994,-999,3068.0,405.846,2662.15,23.734,0.496323,51.3159,0.470232,1.0,2.534,43.898
27978,8.581,LH2,-3.254,22.89,-2.978,14.76,PI-SIDIS,-999,-999,-999,-999,98.622,64.786,98.34,64.601,86.622,56.903,221.82,145.71,130.92,86.003,0.9995,0.9925,0.9876,0.985,-1.0,-1.0,-1.0,-1.0,-1.0,1.0,0.99996,-999,2688.0,345.385,2342.62,24.1974,0.538168,51.1478,0.444988,1.0,2.378,41.156
27979,8.581,LH2,-3.254,22.89,-2.978,14.76,PI-SIDIS,-999,-999,-999,-999,124.76,70.515,124.33,70.272,109.82,62.072,268.35,151.67,165.23,93.388,0.9997,0.9889,0.9877,0.9844,-1.0,-1.0,-1.0,-1.0,-1.0,1.0,0.99999,-999,3401.0,452.615,2948.38,24.0966,0.479057,51.2166,0.470564,1.0,2.584,44.76
27980,8.581,LH2,-3.254,22.89,-2.978,14.76,PI-SIDIS,-999,-999,-999,-999,122.06,68.912,121.69,68.701,107.42,60.645,265.37,149.81,161.91,91.409,0.9996,0.9905,0.9898,0.9848,-1.0,-1.0,-1.0,-1.0,-1.0,1.0,0.99996,-999,3374.0,420.846,2953.15,24.6522,0.48721,51.3112,0.49109,1.0,2.528,43.751
27981,8.581,LH2,-3.254,22.89,-2.978,14.76,PI-SIDIS,-999,-999,-999,-999,138.56,70.892,138.25,70.732,121.16,61.986,295.62,151.24,181.4,92.808,0.9995,0.9908,0.988,0.9854,-1.0,-1.0,-1.0,-1.0,-1.0,1.0,0.99997,-999,3711.0,495.692,3215.31,23.6139,0.449687,51.3683,0.476765,1.0,2.598,44.941
27982,8.581,LH2,-3.254,22.89,-2.978,14.76,PI-SIDIS,-999,-999,-999,-999,132.72,68.837,132.46,68.699,116.26,60.299,287.59,149.15,173.68,90.076,0.9995,0.9896,0.9868,0.9842,-1.0,-1.0,-1.0,-1.0,-1.0,1.0,0.99995,-999,3679.0,482.462,3196.54,24.5328,0.467856,51.3501,0.471334,1.0,2.522,43.666
27983,8.581,Dummy,-3.254,22.89,-2.978,14.76,PI-SIDIS,-999,-999,-999,-999,91.224,51.095,90.815,50.866,80.235,44.94,270.93,151.75,124.36,69.656,1.0,0.9966,0.9863,0.9835,-1.0,-1.0,-1.0,-1.0,-1.0,1.0,1.0,-999,686.0,27.9231,658.077,7.36792,0.293703,51.3537,0.475924,1.0,0.63,12.866
27984,8.581,Dummy,-3.254,22.89,-2.978,14.76,PI-SIDIS,-999,-999,-999,-999,80.464,48.443,80.029,48.181,70.87,42.667,242.87,146.22,109.72,66.057,0.9994,0.9945,0.9939,0.9802,-1.0,-1.0,-1.0,-1.0,-1.0,1.0,1.0,-999,604.0,23.2308,580.769,7.40802,0.313949,51.3095,0.418211,1.0,-999,12.193
27985,8.581,Dummy,-3.254,22.89,-2.978,14.76,PI-SIDIS,-999,-999,-999,-999,88.385,50.72,87.904,50.443,77.564,44.51,262.18,150.45,119.91,68.814,1.0,0.9951,0.9858,0.9818,-1.0,-1.0,-1.0,-1.0,-1.0,1.0,1.0,-999,661.0,26.3077,634.692,7.35413,0.298355,51.3803,0.483281,1.0,0.626,12.766
27986,8.581,Dummy,-3.254,22.89,-2.978,14.76,PI-SIDIS,-999,-999,-999,-999,75.703,50.779,75.334,50.531,66.123,44.353,224.78,150.77,102.26,68.596,0.9994,0.9956,0.9799,0.9826,-1.0,-1.0,-1.0,-1.0,-1.0,1.0,1.0,-999,570.0,22.5385,547.462,7.40025,0.323214,51.39,0.46696,1.0,-999,12.783
27987,8.581,LD2,-3.254,22.89,-2.978,14.76,PI-SIDIS,-999,-999,-999,-999,113.45,68.705,113.22,68.567,99.469,60.235,245.65,148.76,148.45,89.902,0.9995,0.9934,0.9851,0.9821,-1.0,-1.0,-1.0,-1.0,-1.0,1.0,0.99989,-999,7139.0,1710.15,5428.85,48.8502,0.767259,51.3097,0.496681,1.0,4.459,-999
27988,8.581,LD2,-3.254,22.89,-2.978,14.76,PI-SIDIS,-999,-999,-999,-999,107.12,67.032,106.92,66.907,94.393,59.063,235.64,147.44,140.19,87.721,0.9995,0.9937,0.9846,0.9822,-1.0,-1.0,-1.0,-1.0,-1.0,1.0,0.99989,-999,6907.0,1609.62,5297.38,50.4696,0.798862,51.3027,0.482299,1.0,4.353,-999
27989,8.581,LD2,-3.254,22.89,-2.978,14.76,PI-SIDIS,-999,-999,-999,-999,100.76,65.804,100.47,65.616,88.462,57.771,223.2,145.76,131.76,86.05,0.9994,0.9941,0.9862,0.9821,-1.0,-1.0,-1.0,-1.0,-1.0,1.0,0.99985,-999,6225.0,1504.85,4720.15,47.8715,0.807591,51.3355,0.469812,1.0,4.272,-999
27990,8.581,LD2,-3.254,22.89,-2.978,14.76,PI-SIDIS,-999,-999,-999,-999,29.426,72.34,29.333,72.112,25.759,63.327,61.914,152.21,38.287,94.124,0.9995,0.9936,0.9868,0.9828,-1.0,-1.0,-1.0,-1.0,-1.0,1.0,0.99989,-999,1936.0,453.462,1482.54,51.4575,1.5409,51.3216,0.487116,1.0,4.699,96.693
27992,8.581,LD2,-3.254,22.89,-2.978,14.76,PI-SIDIS,-999,-999,-999,-999,98.472,63.874,98.256,63.734,86.847,56.333,219.95,142.67,130.58,84.705,0.9994,0.9935,0.9857,0.9823,-1.0,-1.0,-1.0,-1.0,-1.0,1.0,0.99984,-999,6279.0,1464.69,4814.31,49.9182,0.828957,51.2782,0.488354,1.0,4.147,-999
27993,8.581,LD2,-3.254,22.89,-2.978,14.76,PI-SIDIS,-999,-999,-999,-999,118.09,69.504,117.87,69.376,103.95,61.181,256.21,150.79,156.41,92.056,0.9995,0.9933,0.9849,0.9823,-1.0,-1.0,-1.0,-1.0,-1.0,1.0,0.99987,-999,7523.0,1764.08,5758.92,49.7664,0.756263,51.3153,0.487578,1.0,4.516,-999
27994,8.581,LD2,-3.254,22.89,-2.978,14.76,PI-SIDIS,-999,-999,-999,-999,105.14,66.669,104.91,66.519,92.128,58.413,233.24,147.88,139.29,88.319,0.9995,0.9941,0.9852,0.9819,-1.0,-1.0,-1.0,-1.0,-1.0,1.0,0.99986,-999,6810.0,1535.38,5274.62,51.2364,0.808528,51.3332,0.488867,1.0,4.329,-999
27995,8.581,LD2,-3.254,19.18,-2.978,14.76,HMSDIS,-999,-999,-999,-999,45846.226,68.64,45789.927,68.556,40091.605,60.02,96963.534,145.1,56979.804,85.3,0.9993,0.9954,-999,-999,-1.0,-1.0,-1.0,9.0,-1.0,-1.0,1.0,96.8021,-999,-999,-999,-999,-999,-999,-999,1.0,14.75,91.9
27996,8.581,LD2,-3.254,19.18,-2.978,14.76,HMSDIS,-999,-999,-999,-999,26197.988,55.951,26105.766,55.754,22918.066,48.94,71331.229,152.3,35472.234,75.75,0.9993,0.9956,-999,-999,-1.0,-1.0,-1.0,5.0,-1.0,-1.0,1.0,97.577,-999,-999,-999,-999,-999,-999,-999,1.0,12.09,74.8
27997,8.581,LD2,-3.254,19.18,-2.978,14.76,HMSDIS,-999,-999,-999,-999,15861.609,34.716,15779.887,34.537,13820.903,30.24,68021.911,148.8,21434.787,46.91,0.9994,0.996,-999,-999,-1.0,-1.0,-1.0,5.0,-1.0,-1.0,0.99916,98.4784,-999,-999,-999,-999,-999,-999,-999,1.0,7.491,46.0
27998,8.581,LD2,-3.254,19.18,-2.978,14.76,HMSDIS,-999,-999,-999,-999,9978.682,15.148,9936.567,15.084,8712.972,13.22,55994.328,85.0,13525.26,20.53,0.9996,0.9959,-999,-999,-1.0,-1.0,-1.0,5.0,-1.0,-1.0,0.99978,99.3454,-999,-999,-999,-999,-999,-999,-999,1.0,3.29,19.9
27999,8.581,LD2,-3.254,19.18,-2.978,14.76,HMSDIS,-999,-999,-999,-999,6249.053,10.11,6232.474,10.084,5475.974,8.86,35200.556,56.95,8493.262,13.74,0.9995,0.9956,-999,-999,-1.0,-1.0,-1.0,5.0,-1.0,-1.0,1.0,99.5639,-999,-999,-999,-999,-999,-999,-999,1.0,2.201,13.28
28000,8.581,LH2,-3.254,19.18,-2.978,14.76,HMSDIS,-999,-999,-999,-999,37797.49,70.013,37690.94,69.816,33315.177,61.71,79405.311,147.0,46962.53,86.99,0.9994,0.9939,-999,-999,-1.0,-1.0,-1.0,5.0,-1.0,-1.0,0.99894,98.6545,-999,-999,-999,-999,-999,-999,-999,1.0,8.083,44.4
28001,8.581,LH2,-3.254,19.18,-2.978,14.76,HMSDIS,-999,-999,-999,-999,28363.036,52.704,28223.864,52.446,25039.678,46.52,79024.208,146.8,38763.746,72.03,0.9995,0.9942,-999,-999,-1.0,-1.0,-1.0,5.0,-1.0,-1.0,0.99946,98.9991,-999,-999,-999,-999,-999,-999,-999,1.0,6.13,33.5
28002,8.581,LH2,-3.254,19.18,-2.978,14.76,HMSDIS,-999,-999,-999,-999,19774.355,34.215,19652.074,34.003,17323.965,29.97,84911.42,146.9,26788.936,46.35,0.9996,0.9948,-999,-999,-1.0,-1.0,-1.0,5.0,-1.0,-1.0,0.99979,99.3577,-999,-999,-999,-999,-999,-999,-999,1.0,3.987,21.6
28003,8.581,LH2,-3.254,19.18,-2.978,14.76,HMSDIS,-999,-999,-999,-999,8036.637,15.272,8001.353,15.205,7022.877,13.34,45113.03,85.72,10864.938,20.64,0.9996,0.9943,-999,-999,-1.0,-1.0,-1.0,1.0,-1.0,-1.0,0.99745,99.7216,-999,-999,-999,-999,-999,-999,-999,1.0,1.793,9.652
28004,8.581,LH2,-3.254,19.18,-2.978,14.76,HMSDIS,-999,-999,-999,-999,5554.171,10.084,5542.913,10.063,4851.764,8.808,31179.457,56.6,7499.587,13.61,0.9997,0.9946,-999,-999,-1.0,-1.0,-1.0,1.0,-1.0,-1.0,0.99887,99.8135,-999,-999,-999,-999,-999,-999,-999,1.0,1.191,6.374
28005,8.581,Dummy,-3.254,19.18,-2.978,14.76,HMSDIS,-999,-999,-999,-999,25678.59,35.682,25544.98,35.497,22398.244,31.12,99409.816,138.1,34669.172,48.17,0.9995,0.9951,-999,-999,-1.0,-1.0,-1.0,1.0,-1.0,-1.0,0.99898,99.752,-999,-999,-999,-999,-999,-999,-999,1.0,1.514,8.937
28006,8.581,C,-3.254,19.18,-2.978,14.76,HMSDIS,-999,-999,-999,-999,25015.121,50.861,24905.269,50.638,21948.909,44.62,74926.037,152.3,34050.732,69.23,0.9994,0.9961,-999,-999,-1.0,-1.0,-1.0,3.0,-1.0,-1.0,0.99976,98.7545,-999,-999,-999,-999,-999,-999,-999,1.0,7.237,42.2
28007,8.581,C,-3.254,19.18,-2.978,14.76,HMSDIS,-999,-999,-999,-999,20036.002,35.7,19933.323,35.517,17548.665,31.26,85498.759,152.3,27224.249,48.5,0.9995,0.996,-999,-999,-1.0,-1.0,-1.0,3.0,-1.0,-1.0,0.99896,99.135,-999,-999,-999,-999,-999,-999,-999,1.0,5.06,29.3
28008,8.581,C,-3.254,19.18,-2.978,14.76,HMSDIS,-999,-999,-999,-999,13335.25,15.301,13290.228,15.249,11699.557,13.42,75176.718,86.25,18149.871,20.82,0.9996,0.9959,-999,-999,-1.0,-1.0,-1.0,3.0,-1.0,-1.0,0.99966,99.6312,-999,-999,-999,-999,-999,-999,-999,1.0,2.18,12.4
28010,8.581,C,-3.254,19.18,-2.978,14.76,HMSDIS,-999,-999,-999,-999,9226.739,10.147,9204.465,10.123,8059.838,8.864,51815.523,56.98,12489.262,13.73,0.9996,0.996,-999,-999,-1.0,-1.0,-1.0,1.0,-1.0,-1.0,0.99812,99.7531,-999,-999,-999,-999,-999,-999,-999,1.0,1.449,8.293
28012,8.581,C,-3.254,19.18,-2.978,14.76,HMSDIS,-999,-999,-999,-999,6468.477,5.089,6501.074,5.114,5694.603,4.48,36644.389,28.82,8824.462,6.942,0.9996,0.9961,-999,-999,-1.0,-1.0,-1.0,1.0,-1.0,-1.0,0.99912,99.8767,-999,-999,-999,-999,-999,-999,-999,1.0,0.735,4.162
28014,8.581,Cu,-3.254,19.18,-2.978,14.76,HMSDIS,-999,-999,-999,-999,47580.808,71.289,47513.621,71.188,41987.948,62.9,98686.386,147.8,59093.197,88.53,0.9993,0.9963,-999,-999,-1.0,-1.0,-1.0,5.0,-1.0,-1.0,0.99884,98.2278,-999,-999,-999,-999,-999,-999,-999,1.0,8.133,53.2
28015,8.581,Cu,-3.254,19.18,-2.978,14.76,HMSDIS,-999,-999,-999,-999,41751.309,55.894,41604.756,55.698,36875.544,49.36,113789.78,152.3,57053.575,76.38,0.9994,0.9966,-999,-999,-1.0,-1.0,-1.0,3.0,-1.0,-1.0,0.99836,98.6906,-999,-999,-999,-999,-999,-999,-999,1.0,6.385,41.6
28016,8.581,Cu,-3.254,19.18,-2.978,14.76,HMSDIS,-999,-999,-999,-999,30763.254,35.576,30609.077,35.397,26923.407,31.13,131731.0,152.3,41621.393,48.13,0.9995,0.9966,-999,-999,-1.0,-1.0,-1.0,2.0,-1.0,-1.0,0.99841,99.1791,-999,-999,-999,-999,-999,-999,-999,1.0,4.047,26.2
28018,8.581,Cu,-3.254,19.18,-2.978,14.76,HMSDIS,-999,-999,-999,-999,13277.431,15.158,13220.875,15.094,11567.961,13.2,74302.471,84.82,17884.475,20.41,0.9996,0.9965,-999,-999,-1.0,-1.0,-1.0,1.0,-1.0,-1.0,0.99681,99.6521,-999,-999,-999,-999,-999,-999,-999,1.0,1.734,11.06
28019,8.581,Cu,-3.254,19.18,-2.978,14.76,HMSDIS,-999,-999,-999,-999,8963.776,10.193,8939.617,10.165,7796.23,8.865,50113.489,56.98,12049.92,13.7,0.9996,0.9967,-999,-999,-1.0,-1.0,-1.0,1.0,-1.0,-1.0,0.99835,99.767,-999,-999,-999,-999,-999,-999,-999,1.0,1.171,7.432
28020,8.581,Cu,-3.254,19.18,-2.978,14.76,HMSDIS,-999,-999,-999,-999,9838.929,5.08,9877.672,5.1,8615.189,4.448,55448.611,28.63,13346.952,6.892,0.9996,0.9969,-999,-999,-1.0,-1.0,-1.0,1.0,-1.0,-1.0,0.99934,99.8832,-999,-999,-999,-999,-999,-999,-999,1.0,0.592,3.712
28021,8.581,LD2,3.254,22.885,-2.978,14.76,PI-SIDIS,-999,-999,-999,-999,138.56,65.173,138.28,65.043,121.62,57.204,310.6,146.09,183.69,86.401,0.9908,0.9975,0.9834,0.9783,-1.0,-1.0,-1.0,-1.0,-1.0,1.0,0.99995,-999,4.0,2.23077,1.76923,0.0131996,0.015238,51.3,0.5,1.0,-999,-999
28022,8.581,Dummy,3.254,22.885,-2.978,14.76,PI-SIDIS,-999,-999,-999,-999,115.99,49.979,115.34,49.699,102.1,43.994,349.41,150.55,158.39,68.25,0.9333,0.9973,0.9854,0.9678,-1.0,-1.0,-1.0,-1.0,-1.0,1.0,1.0,-999,0.0,0.0769231,-0.0769231,-0.000738344,0.000738344,51.3,0.5,1.0,-999,12.559
28023,8.581,LH2,3.254,22.885,-2.978,14.76,PI-SIDIS,-999,-999,-999,-999,110.89,68.596,110.58,68.404,97.427,60.266,241.99,149.69,146.61,90.694,0.98,0.9977,0.9849,0.9786,-1.0,-1.0,-1.0,-1.0,-1.0,1.0,0.99993,-999,2.0,0.461538,1.53846,0.0145077,0.0134539,51.3,0.5,1.0,-999,43.584
28024,8.581,LH2,3.254,22.885,-2.978,14.76,PI-SIDIS,-999,-999,-999,-999,103.2,69.436,102.98,69.287,90.507,60.893,223.93,150.66,136.45,91.804,1.0,0.9969,0.9884,0.9768,-1.0,-1.0,-1.0,-1.0,-1.0,1.0,0.99998,-999,1.0,0.384615,0.615385,0.00611773,0.0100873,51.3,0.5,1.0,-999,44.111
28025,8.581,LH2,3.254,22.885,-3.837,14.76,PI-SIDIS,-999,-999,-999,-999,121.73,69.699,121.39,69.505,107.34,61.462,263.31,150.76,160.85,92.096,0.9785,0.9981,0.9875,0.972,-1.0,-1.0,-1.0,-1.0,-1.0,1.0,1.0,-999,2.0,0.153846,1.84615,0.0159897,0.0122848,51.3,0.5,1.0,-999,41.862
28026,8.581,LH2,3.254,22.885,-3.837,14.76,PI-SIDIS,-999,-999,-999,-999,104.9,64.073,104.52,63.842,92.082,56.242,238.45,145.64,138.7,84.714,0.9848,0.9974,0.9883,0.9702,-1.0,-1.0,-1.0,-1.0,-1.0,1.0,0.99998,-999,0.0,0.0,0.0,0.0,0.0,51.3,0.5,1.0,-999,38.445
28027,8.581,LH2,3.254,22.885,3.837,14.76,PI+SIDIS,-999,-999,-999,-999,176.57,68.479,176.19,68.333,155.6,60.348,385.62,149.55,233.59,90.596,0.9773,0.9976,0.9867,0.9771,-1.0,-1.0,-1.0,-1.0,-1.0,1.0,1.0,-999,1.0,0.307692,0.692308,0.00411475,0.00601346,51.3,0.5,1.0,-999,11.882
28028,8.581,LH2,3.254,22.885,2.978,14.76,PI+SIDIS,-999,-999,-999,-999,173.17,69.037,172.74,68.865,152.16,60.661,377.07,150.31,229.14,91.349,0.9903,0.9975,0.9818,0.9735,-1.0,-1.0,-1.0,-1.0,-1.0,1.0,0.99996,-999,1.0,0.769231,0.230769,0.00138573,0.00617992,51.3,0.5,1.0,-999,20.1
28029,8.581,LH2,3.254,22.885,2.978,14.76,HMSDIS,-999,-999,-999,-999,58562.786,69.668,58359.485,69.426,51213.985,60.92,126734.5,150.7,77335.098,92.0,0.9895,0.9972,-999,-999,-1.0,-1.0,-1.0,1.0,-1.0,-1.0,0.99961,97.146,-999,-999,-999,-999,-999,-999,-999,1.0,-999,20.1
28030,8.581,Dummy,3.254,22.885,2.978,14.76,PI+SIDIS,-999,-999,-999,-999,85.963,50.061,85.498,49.79,75.52,43.979,258.97,150.81,117.27,68.297,1.0,0.9975,0.9852,0.9734,-1.0,-1.0,-1.0,-1.0,-1.0,1.0,1.0,-999,0.0,0.0769231,-0.0769231,-0.000924292,0.000924292,51.3,0.5,1.0,-999,-999
28031,8.581,Dummy,3.254,22.885,2.978,14.76,HMSDIS,-999,-999,-999,-999,44450.596,49.99,44240.86,49.754,39191.288,44.07,134229.71,150.9,60776.03,68.35,0.9821,0.9973,-999,-999,-1.0,-1.0,-1.0,1.0,-1.0,-1.0,1.0,99.3795,-999,-999,-999,-999,-999,-999,-999,1.0,-999,3.697
28032,8.581,C,3.254,22.885,2.978,14.76,PI+SIDIS,-999,-999,-999,-999,139.09,50.903,138.5,50.687,121.91,44.615,416.26,152.34,188.75,69.078,0.9886,0.9972,0.9772,0.9747,-1.0,-1.0,-1.0,-1.0,-1.0,1.0,0.99994,-999,3.0,1.84615,1.15385,0.00864627,0.0132826,51.3,0.5,1.0,-999,16.225
28033,8.581,C,3.254,22.885,2.978,14.76,HMSDIS,-999,-999,-999,-999,45499.044,50.79,45306.654,50.575,39743.851,44.36,136472.86,152.3,61557.16,68.71,0.9901,0.997,-999,-999,-1.0,-1.0,-1.0,1.0,-1.0,-1.0,0.99839,97.5376,-999,-999,-999,-999,-999,-999,-999,1.0,-999,16.1
28034,8.581,Cu,3.254,22.885,2.978,14.76,PI+SIDIS,-999,-999,-999,-999,110.19,61.074,109.69,60.798,96.865,53.685,274.86,152.34,150.43,83.377,0.9868,0.9968,0.9775,0.9717,-1.0,-1.0,-1.0,-1.0,-1.0,1.0,1.00061,-999,7.0,3.38462,3.61538,0.0343712,0.0256164,51.3,0.5,1.0,-999,18.947
28035,8.581,Cu,3.254,22.885,2.978,14.76,PI+SIDIS,-999,-999,-999,-999,-999,-999,-999,-999,-999,-999,-999,-999,-999,-999,-999,-999,-999,-999,-999,-999,-999,-999,-999,-999,-999,-999,-999,-999,-999,-999,-999,-999,-999,1.0,-999,-999
28036,8.581,Cu,3.254,22.885,2.978,14.76,PI+SIDIS,-999,-999,-999,-999,75.072,61.004,74.792,60.777,65.886,53.539,187.47,152.34,102.01,82.898,0.9913,0.9966,0.9795,0.9719,-1.0,-1.0,-1.0,-1.0,-1.0,1.0,0.99993,-999,1.0,1.69231,-0.692308,-0.00960831,0.0147544,51.3,0.5,1.0,-999,18.957
28037,8.581,Cu,3.254,22.885,2.978,14.76,HMSDIS,-999,-999,-999,-999,41620.123,59.265,41479.276,59.064,36453.344,51.9,105321.23,149.9,56441.914,80.37,0.9898,0.9966,-999,-999,-1.0,-1.0,-1.0,1.0,-1.0,-1.0,0.99653,97.0123,-999,-999,-999,-999,-999,-999,-999,1.0,-999,18.2
28038,8.581,Al,3.254,22.885,2.978,14.76,HMSDIS,-999,-999,-999,-999,40797.911,45.907,40581.917,45.664,35799.663,40.28,127839.87,143.8,55330.517,62.25,0.9862,0.9978,-999,-999,-1.0,-1.0,-1.0,1.0,-1.0,-1.0,1.0,99.4071,-999,-999,-999,-999,-999,-999,-999,1.0,-999,3.324
28039,8.581,LD2,3.254,22.885,2.978,14.76,PI+SIDIS,-999,-999,-999,-999,103.65,46.867,103.01,46.582,91.403,41.33,320.1,144.74,140.95,63.734,0.9921,0.9973,0.9767,0.9718,-1.0,-1.0,-1.0,-1.0,-1.0,1.0,0.99995,-999,1.0,1.84615,-0.846154,-0.00851968,0.0107599,51.3,0.5,1.0,-999,27.402
28040,8.581,LD2,3.254,22.885,2.978,14.76,HMSDIS,-999,-999,-999,-999,44563.977,47.523,44297.74,47.239,39029.555,41.62,136986.84,146.0,60132.681,64.12,0.9872,0.9976,-999,-999,-1.0,-1.0,-1.0,1.0,-1.0,-1.0,0.99871,96.0033,-999,-999,-999,-999,-999,-999,-999,1.0,-999,27.5
28042,8.581,LD2,3.254,19.185,2.806,12.99,PI+SIDIS,-999,-999,-999,-999,6.792,25.262,6.752,25.115,5.95,22.132,36.419,135.46,9.177,34.133,0.9918,0.9978,0.9798,0.9752,-1.0,-1.0,-1.0,-1.0,-1.0,1.0,0.9999,-999,4.0,1.07692,2.92308,0.447643,0.309438,51.3,0.5,1.0,-999,23.659
28043,8.581,LD2,3.254,19.185,2.806,12.99,PI+SIDIS,-999,-999,-999,-999,16.046,28.179,15.956,28.021,13.988,24.564,85.527,150.19,21.569,37.877,0.9983,0.9979,0.9766,0.9768,-1.0,-1.0,-1.0,-1.0,-1.0,1.0,0.99988,-999,6.0,3.30769,2.69231,0.173056,0.160752,51.3,0.5,1.0,-999,26.346
28045,8.581,LD2,3.254,19.185,2.806,12.99,HMSDIS,-999,-999,-999,-999,31684.819,26.734,31523.404,26.598,27618.292,23.3,169115.95,142.6,42599.06,35.94,0.9927,0.9979,-999,-999,-1.0,-1.0,-1.0,1.0,-1.0,-1.0,0.91177,95.6662,-999,-999,-999,-999,-999,-999,-999,1.0,0.205,24.8
28048,8.581,Dummy,3.254,19.185,2.806,12.99,PI+SIDIS,-999,-999,-999,-999,48.623,47.759,48.415,47.556,42.816,42.056,149.45,146.8,66.272,65.096,1.0,0.9974,0.9872,0.9767,-1.0,-1.0,-1.0,-1.0,-1.0,1.0,1.0,-999,2.0,0.230769,1.76923,0.0374148,0.0300395,51.3,0.5,1.0,-999,-999
28049,8.581,Dummy,3.254,19.185,2.806,12.99,HMSDIS,-999,-999,-999,-999,36003.672,45.634,35851.982,45.442,31774.598,40.27,112342.77,142.3,49177.79,62.33,0.9908,0.9982,-999,-999,-1.0,-1.0,-1.0,1.0,-1.0,-1.0,1.0,98.8903,-999,-999,-999,-999,-999,-999,-999,1.0,-999,5.161
28050,8.581,LH2,3.254,19.185,2.806,12.99,PI+SIDIS,-999,-999,-999,-999,25.068,44.388,24.943,44.166,22.13,39.186,79.094,140.05,34.167,60.498,0.9876,0.9979,0.977,0.9771,-1.0,-1.0,-1.0,-1.0,-1.0,1.0,0.9999,-999,4.0,1.92308,2.07692,0.0862972,0.0846237,51.3,0.5,1.0,-999,20.995
28051,8.581,LH2,3.254,19.185,2.806,12.99,PI+SIDIS,-999,-999,-999,-999,60.421,50.223,60.12,49.973,53.073,44.115,181.74,151.07,82.119,68.26,0.9931,0.998,0.9779,0.9766,-1.0,-1.0,-1.0,-1.0,-1.0,1.0,0.99987,-999,6.0,5.23077,0.769231,0.0131943,0.0434011,51.3,0.5,1.0,-999,23.702
28052,8.581,LH2,3.254,19.185,2.806,12.99,HMSDIS,-999,-999,-999,-999,35960.597,43.276,35795.095,43.077,31677.214,38.12,113303.56,136.3,49022.054,58.99,0.9928,0.998,-999,-999,-1.0,-1.0,-1.0,2.0,-1.0,-1.0,0.99993,96.2062,-999,-999,-999,-999,-999,-999,-999,1.0,0.167,20.2
28053,8.581,LH2,3.254,19.185,-2.806,12.99,PI-SIDIS,-999,-999,-999,-999,99.015,48.006,98.597,47.804,86.902,42.134,275.16,133.41,134.31,65.121,0.9946,0.9981,0.9873,0.9819,-1.0,-1.0,-1.0,-1.0,-1.0,1.0,0.9999,-999,22.0,6.30769,15.6923,0.162987,0.0492509,51.3,0.5,1.0,-999,-999
28054,8.581,Dummy,3.254,19.185,-2.806,12.99,PI-SIDIS,-999,-999,-999,-999,17.199,41.787,17.106,41.561,15.137,36.776,54.757,133.03,23.437,56.942,1.0,0.9976,0.989,0.9782,-1.0,-1.0,-1.0,-1.0,-1.0,1.0,1.0,-999,0.0,0.153846,-0.153846,-0.00919413,0.00650123,51.3,0.5,1.0,-999,17.559
28055,8.581,Dummy,3.254,19.185,-2.806,12.99,PI-SIDIS,-999,-999,-999,-999,41.289,45.968,41.119,45.779,36.245,40.352,128.47,143.03,55.966,62.309,1.0,0.9972,0.989,0.9824,-1.0,-1.0,-1.0,-1.0,-1.0,1.0,1.0,-999,3.0,0.0,3.0,0.0742661,0.0428775,51.3,0.5,1.0,-999,19.401
28056,8.581,Dummy,3.254,16.13,-2.766,8.41,PI-SIDIS,-999,-999,-999,-999,58.982,48.739,58.691,48.499,51.64,42.672,179.91,148.67,79.857,65.989,0.9946,0.9982,0.9843,0.9812,-1.0,-1.0,-1.0,-1.0,-1.0,1.0,0.99989,-999,19.0,7.46154,11.5385,0.201474,0.0772521,51.3,0.5,1.0,-999,-999
28057,8.581,LH2,3.254,16.13,-2.766,8.41,PI-SIDIS,-999,-999,-999,-999,28.694,25.355,28.516,25.197,25.113,22.19,160.76,142.05,38.88,34.355,0.9928,0.9985,0.9831,0.978,-1.0,-1.0,-1.0,-1.0,-1.0,1.0,0.99969,-999,27.0,17.2308,9.76923,0.352945,0.19228,51.3,0.5,1.0,-999,-999
28058,8.581,LH2,3.254,16.13,-2.766,11.41,PI-SIDIS,-999,-999,-999,-999,119.49,56.449,119.0,56.217,105.64,49.906,309.1,146.01,163.3,77.14,0.9934,0.9979,0.984,0.9801,-1.0,-1.0,-1.0,-1.0,-1.0,1.0,0.99929,-999,103.0,61.1538,41.8462,0.361403,0.0896298,51.3,0.5,1.0,0.697,-999
28059,8.581,Dummy,3.254,16.13,-2.766,11.41,PI-SIDIS,-999,-999,-999,-999,46.24,44.608,46.044,44.419,40.6,39.167,145.63,140.49,62.661,60.448,0.9888,0.9984,0.9869,0.9846,-1.0,-1.0,-1.0,-1.0,-1.0,1.0,0.99996,-999,11.0,2.46154,8.53846,0.190482,0.0746236,51.3,0.5,1.0,-999,31.345
28060,8.581,Dummy,3.254,16.13,2.766,11.41,PI+SIDIS,-999,-999,-999,-999,32.217,50.86,32.067,50.624,28.269,44.628,96.502,152.34,43.74,69.052,0.9832,0.9983,0.9774,0.9807,-1.0,-1.0,-1.0,-1.0,-1.0,1.0,0.99994,-999,5.0,1.76923,3.23077,0.104495,0.0733006,51.3,0.5,1.0,-999,-999
28061,8.581,Dummy,3.254,16.13,2.766,11.41,HMSDIS,-999,-999,-999,-999,26039.647,49.975,25905.234,49.717,22892.698,43.93,78294.172,150.2,35437.577,68.01,0.9927,0.9982,-999,-999,-1.0,-1.0,-1.0,2.0,-1.0,-1.0,1.0,98.2727,-999,-999,-999,-999,-999,-999,-999,1.0,-999,9.228
28062,8.581,LH2,3.254,16.13,2.766,11.41,PI+SIDIS,-999,-999,-999,-999,33.657,29.548,33.443,29.36,29.552,25.944,167.72,147.25,45.676,40.1,0.9949,0.9982,0.9827,0.9791,-1.0,-1.0,-1.0,-1.0,-1.0,1.0,0.99976,-999,28.0,14.4615,13.5385,0.415682,0.165665,51.3,0.5,1.0,-999,22.049
28063,8.581,LH2,3.254,16.13,2.766,11.41,HMSDIS,-999,-999,-999,-999,20784.481,28.014,20660.193,27.846,18219.821,24.55,103956.14,140.1,28119.927,37.9,0.9925,0.9983,-999,-999,-1.0,-1.0,-1.0,5.0,-1.0,-1.0,0.99958,96.4921,-999,-999,-999,-999,-999,-999,-999,1.0,0.345,20.8
28064,8.581,LH2,3.254,16.13,2.766,11.41,HMSDIS,-999,-999,-999,-999,24842.577,29.566,24700.512,29.397,21711.156,25.83,123715.89,147.2,33520.515,39.89,0.9934,0.9983,-999,-999,-1.0,-1.0,-1.0,5.0,-1.0,-1.0,0.99933,96.4395,-999,-999,-999,-999,-999,-999,-999,1.0,0.364,21.9
28065,8.581,LH2,3.254,16.13,2.766,8.405,PI+SIDIS,-999,-999,-999,-999,29.682,19.243,29.556,19.161,25.872,16.773,166.06,107.65,39.964,25.908,0.995,0.9984,0.9797,0.9782,-1.0,-1.0,-1.0,-1.0,-1.0,1.0,0.99978,-999,18.0,17.2308,0.769231,0.0267458,0.152849,51.3,0.5,1.0,-999,36.213
28066,8.581,Dummy,3.254,16.13,2.766,8.405,PI+SIDIS,-999,-999,-999,-999,24.545,45.024,24.441,44.834,21.553,39.536,78.961,144.84,33.383,61.235,0.996,0.9979,0.9773,0.9789,-1.0,-1.0,-1.0,-1.0,-1.0,1.0,0.99982,-999,4.0,3.92308,0.0769231,0.00322862,0.087053,51.3,0.5,1.0,-999,24.743
28067,8.581,Dummy,3.254,13.745,2.738,10.125,PI+SIDIS,-999,-999,-999,-999,20.676,38.303,20.594,38.152,18.238,33.787,69.53,128.8,28.221,52.281,0.9936,0.9981,0.9792,0.9807,-1.0,-1.0,-1.0,-1.0,-1.0,1.0,0.99984,-999,14.0,5.92308,8.07692,0.402557,0.189496,51.3,0.5,1.0,-999,10.426
28068,8.581,Dummy,3.254,13.745,2.738,10.125,HMSDIS,-999,-999,-999,-999,40996.272,45.964,40804.185,45.748,36214.793,40.6,127820.38,143.3,55955.143,62.73,0.9939,0.9982,-999,-999,-1.0,-1.0,-1.0,1.0,-1.0,-1.0,0.61774,97.6141,-999,-999,-999,-999,-999,-999,-999,1.0,0.374,12.6
28069,8.581,LH2,3.254,13.745,2.738,10.125,PI+SIDIS,-999,-999,-999,-999,38.644,23.547,38.423,23.412,33.967,20.697,218.0,132.83,52.295,31.865,0.9936,0.9982,0.9807,0.9792,-1.0,-1.0,-1.0,-1.0,-1.0,1.0,0.9994,-999,122.0,56.1538,65.8462,1.76245,0.30083,51.3,0.5,1.0,0.68,25.789
28073,8.581,LH2,3.254,13.745,2.738,10.125,HMSDIS,-999,-999,-999,-999,20476.42,24.992,20361.993,24.852,17866.883,21.8,114677.28,139.9,27528.586,33.59,0.9938,0.9982,-999,-999,-1.0,-1.0,-1.0,5.0,-1.0,-1.0,1.0,95.9292,-999,-999,-999,-999,-999,-999,-999,1.0,0.726,27.2
28074,8.581,LH2,3.254,13.745,2.738,10.125,HMSDIS,-999,-999,-999,-999,21199.136,24.731,21088.524,24.602,18503.626,21.58,118742.52,138.5,28537.005,33.29,0.994,0.9982,-999,-999,-1.0,-1.0,-1.0,5.0,-1.0,-1.0,1.0,95.9394,-999,-999,-999,-999,-999,-999,-999,1.0,0.717,26.9
28076,8.581,LH2,3.254,13.745,2.738,8.115,PI+SIDIS,-999,-999,-999,-999,27.403,18.31,27.265,18.217,24.056,16.073,154.44,103.19,37.154,24.824,0.9943,0.9984,0.9797,0.979,-1.0,-1.0,-1.0,-1.0,-1.0,1.0,0.9995,-999,80.0,44.7692,35.2308,1.32811,0.344356,51.3,0.5,1.0,-999,36.737
28077,8.581,Dummy,3.254,13.745,2.738,8.115,PI+SIDIS,-999,-999,-999,-999,36.753,50.648,36.549,50.368,32.426,44.686,110.48,152.25,50.076,69.008,0.9944,0.9983,0.9804,0.979,-1.0,-1.0,-1.0,-1.0,-1.0,1.0,0.99974,-999,35.0,18.6154,16.3846,0.460607,0.169682,51.3,0.5,1.0,-999,30.863
28078,8.581,Dummy,3.254,13.745,-2.738,8.115,PI-SIDIS,-999,-999,-999,-999,63.837,50.461,63.57,50.25,56.381,44.567,192.45,152.13,87.044,68.806,0.9937,0.9984,0.9848,0.9805,-1.0,-1.0,-1.0,-1.0,-1.0,1.0,0.99973,-999,50.0,32.0769,17.9231,0.289451,0.116979,51.3,0.5,1.0,-999,-999
28080,8.581,LH2,3.254,13.745,-2.738,8.115,PI-SIDIS,-999,-999,-999,-999,33.285,22.012,33.146,21.92,29.262,19.351,187.81,124.2,45.138,29.85,0.9934,0.9985,0.9843,0.9803,-1.0,-1.0,-1.0,-1.0,-1.0,1.0,0.99937,-999,106.0,51.7692,54.2308,1.68114,0.325102,51.3,0.5,1.0,-999,-999
28081,8.581,LH2,3.254,13.745,-2.738,10.12,PI-SIDIS,-999,-999,-999,-999,50.585,41.944,50.296,41.704,44.498,36.897,181.19,150.24,68.686,56.952,0.9928,0.9981,0.9838,0.9805,-1.0,-1.0,-1.0,-1.0,-1.0,1.0,0.99844,-999,157.0,82.0,75.0,1.53425,0.26142,51.1566,0.535742,1.0,1.237,-999
28082,8.581,Dummy,3.254,13.745,-2.738,10.12,PI-SIDIS,-999,-999,-999,-999,34.908,48.306,34.708,48.03,30.778,42.591,107.2,148.35,47.504,65.737,0.9962,0.9988,0.9878,0.9845,-1.0,-1.0,-1.0,-1.0,-1.0,1.0,0.99988,-999,23.0,7.92308,15.0769,0.44297,0.142759,51.3,0.5,1.0,-999,53.618
28083,8.581,LH2,2.28,42.005,-7.07,12.455,HEEP,-999,-999,-999,-999,109.43,65.818,109.24,65.701,95.838,57.639,247.83,149.05,145.59,87.563,1.0,0.999,0.9925,0.6374,-1.0,-1.0,-1.0,-1.0,1.0,-1.0,0.99977,-999,0.0,0.0,0.0,0.0,0.0,0.0,0.0,1.0,-999,37.001
28084,8.581,LH2,2.28,42.005,-7.07,12.455,HEEP,-999,-999,-999,-999,131.14,65.825,130.93,65.719,115.29,57.872,293.05,147.09,173.57,87.124,1.0,0.9989,0.9924,0.6571,-1.0,-1.0,-1.0,-1.0,1.0,-1.0,0.99974,-999,0.0,0.0,0.0,0.0,0.0,0.0,0.0,1.0,-999,36.964
28085,8.581,LH2,2.28,42.005,-7.07,12.455,HEE,-999,-999,-999,-999,-999,-999,-999,-999,-999,-999,-999,-999,-999,-999,-999,-999,-999,-999,-999,-999,-999,-999,-999,-999,-999,-999,-999,-999,-999,-999,-999,-999,-999,1.0,-999,-999
28086,8.581,Dummy,2.28,42.005,-7.07,12.455,HEEP,-999,-999,-999,-999,85.758,49.646,85.299,49.381,75.712,43.83,259.07,149.98,116.79,67.614,0.0,0.9987,0.9918,0.5735,-1.0,-1.0,-1.0,-1.0,1.0,-1.0,0.99998,-999,0.0,0.0,0.0,nan,nan,0.0,0.0,1.0,-999,9.775
28087,8.581,Dummy,2.28,42.005,-7.07,12.455,HEE,-999,-999,-999,-999,-999,-999,-999,-999,-999,-999,-999,-999,-999,-999,-999,-999,-999,-999,-999,-999,-999,-999,-999,-999,-999,-999,-999,-999,-999,-999,-999,-999,-999,1.0,-999,-999
28088,8.581,Dummy,2.28,42.005,-7.07,12.455,HEE,-999,-999,-999,-999,-999,-999,-999,-999,-999,-999,-999,-999,-999,-999,-999,-999,-999,-999,-999,-999,-999,-999,-999,-999,-999,-999,-999,-999,-999,-999,-999,-999,-999,1.0,-999,-999
28089,8.581,LD2,2.28,42.005,-7.07,12.455,HEE,-999,-999,-999,-999,-999,-999,-999,-999,-999,-999,-999,-999,-999,-999,-999,-999,-999,-999,-999,-999,-999,-999,-999,-999,-999,-999,-999,-999,-999,-999,-999,-999,-999,1.0,-999,-999
28090,8.581,LD2,2.28,42.005,-7.07,12.455,HEE,-999,-999,-999,-999,-999,-999,-999,-999,-999,-999,-999,-999,-999,-999,-999,-999,-999,-999,-999,-999,-999,-999,-999,-999,-999,-999,-999,-999,-999,-999,-999,-999,-999,1.0,-999,-999
28091,8.581,LH2,-5.44,21.03,3.99,28.53,HEEP,-999,-999,-999,-999,111.3,65.763,111.01,65.59,97.493,57.6,248.09,146.57,145.61,86.029,0.9997,0.35,1.0,0.9789,-1.0,-1.0,-1.0,-1.0,1.0,-1.0,1.0,-999,43.0,0.0769231,42.9231,0.395091,0.060363,53.2039,0.359557,1.0,-999,-999
28092,8.581,LH2,-5.44,21.03,3.99,28.53,HEEP,-999,-999,-999,-999,119.13,69.801,118.89,69.659,104.82,61.414,255.91,149.93,155.14,90.898,0.9996,0.5926,1.0,0.9754,-1.0,-1.0,-1.0,-1.0,1.0,-1.0,0.99998,-999,39.0,0.0,39.0,0.336435,0.0538728,53.3304,0.56988,1.0,-999,-999
28093,8.581,LH2,-5.44,21.03,3.99,28.53,HEEP,-999,-999,-999,-999,113.65,67.833,113.46,67.722,100.37,59.909,247.97,148.0,148.4,88.58,0.9998,0.4138,0.75,0.9792,-1.0,-1.0,-1.0,-1.0,1.0,-1.0,0.99998,-999,45.0,0.0,45.0,0.40512,0.0603917,53.0992,0.427103,1.0,-999,-999
28094,8.581,LH2,-5.44,21.03,3.99,28.53,HEE,-999,-999,-999,-999,72516.045,72.227,72412.439,72.124,63888.609,63.63,152946.66,152.3,94416.852,94.04,0.9973,0.2244,-999,-999,-1.0,-1.0,-1.0,1.0,-1.0,-1.0,0.99859,99.9854,-999,-999,-999,-999,-999,-999,-999,1.0,0.265,-999
28095,8.581,Dummy,-5.44,21.03,3.99,28.53,HEEP,-999,-999,-999,-999,94.089,51.6,93.667,51.369,82.343,45.159,277.74,152.32,127.04,69.672,1.0,0.2,0.0,0.9803,-1.0,-1.0,-1.0,-1.0,1.0,-1.0,1.0,-999,0.0,0.0,0.0,0.0,0.0,0.0,0.0,1.0,-999,-999
28098,8.581,LH2,-5.44,21.03,3.99,28.53,HEEP,-999,-999,-999,-999,113.11,68.001,112.92,67.89,99.181,59.627,246.95,148.46,147.71,88.807,0.9999,0.3846,1.0,0.9771,-1.0,-1.0,-1.0,-1.0,1.0,-1.0,1.0,-999,29.0,0.153846,28.8462,0.261456,0.04882,53.2134,0.525023,1.0,-999,-999
28099,8.581,LH2,-5.44,21.03,3.99,28.53,HEEP,-999,-999,-999,-999,131.07,71.469,130.9,71.377,114.81,62.607,277.91,151.53,170.81,93.138,0.9995,0.375,1.0,0.9801,-1.0,-1.0,-1.0,-1.0,1.0,-1.0,0.99998,-999,46.0,0.0,46.0,0.358733,0.0528922,53.0832,0.401584,1.0,-999,-999
28100,8.581,LH2,-5.44,21.03,3.99,28.53,HEEP,-999,-999,-999,-999,59.473,72.221,59.367,72.092,52.307,63.519,125.26,152.11,77.458,94.061,1.0,0.3333,0.0,0.9763,-1.0,-1.0,-1.0,-1.0,1.0,-1.0,1.0,-999,15.0,0.0,15.0,0.258799,0.0668217,53.0415,0.268317,1.0,-999,-999
28101,8.581,LH2,-5.44,21.03,3.99,28.53,HEEP,-999,-999,-999,-999,133.21,69.858,132.81,69.651,117.29,61.508,288.11,151.08,176.03,92.311,0.9997,0.3824,1.0,0.9776,-1.0,-1.0,-1.0,-1.0,1.0,-1.0,1.0,-999,42.0,0.0,42.0,0.323563,0.0499268,53.1863,0.541611,1.0,-999,-999
28102,8.581,LH2,-5.44,21.03,3.99,28.53,HEEP,-999,-999,-999,-999,127.78,69.628,127.49,69.467,111.98,61.016,276.84,150.84,168.96,92.066,0.9996,0.3784,1.0,0.9758,-1.0,-1.0,-1.0,-1.0,1.0,-1.0,0.99998,-999,36.0,0.153846,35.8462,0.288258,0.0482572,53.2934,0.441091,1.0,-999,-999
28103,8.581,LH2,-5.44,21.03,3.99,28.53,HEEP,-999,-999,-999,-999,124.65,68.773,124.41,68.64,109.39,60.353,271.71,149.9,164.79,90.918,0.9997,0.3235,0.6666,0.9778,-1.0,-1.0,-1.0,-1.0,1.0,-1.0,0.99998,-999,36.0,0.0,36.0,0.296012,0.0493353,53.1651,0.515992,1.0,-999,-999
28104,8.581,LH2,-5.44,21.03,3.99,28.53,HEEP,-999,-999,-999,-999,124.39,70.421,124.18,70.3,109.76,62.137,267.8,151.6,164.53,93.14,0.9997,0.2727,1.0,0.976,-1.0,-1.0,-1.0,-1.0,1.0,-1.0,0.99996,-999,33.0,0.0769231,32.9231,0.271721,0.0474153,53.095,0.391404,1.0,-999,-999
28105,8.581,LH2,-5.44,21.03,3.99,28.53,HEEP,-999,-999,-999,-999,108.82,69.305,108.64,69.189,96.124,61.215,236.73,150.76,144.27,91.88,0.9995,0.3571,1.0,0.9756,-1.0,-1.0,-1.0,-1.0,1.0,-1.0,1.0,-999,33.0,0.0,33.0,0.311491,0.0542236,53.2407,0.57124,1.0,-999,-999
28106,8.581,LH2,-5.44,21.03,3.99,28.53,HEEP,-999,-999,-999,-999,8.846,71.035,8.828,70.897,7.788,62.543,18.961,152.27,11.716,94.088,0.9987,0.9999,0.0,0.9835,-1.0,-1.0,-1.0,-1.0,1.0,-1.0,1.0,-999,0.0,0.461538,-0.461538,-0.0532275,0.02173,61.5895,5.50254,1.0,-999,-999
28108,10.676,LH2,-5.343,13.495,5.051,14.74,PI+SIDIS,-999,-999,-999,-999,112.17,45.631,111.59,45.393,98.697,40.148,362.66,147.52,154.39,62.803,0.9989,0.8168,0.9912,0.9881,-1.0,-1.0,-1.0,-1.0,-1.0,1.0,0.99992,-999,48326.0,485.0,47841.0,434.394,1.99773,51.258,0.378575,1.0,19.74,-999
28109,10.676,Dummy,-5.343,13.495,5.051,14.74,PI+SIDIS,-999,-999,-999,-999,45.034,45.262,44.789,45.016,39.232,39.431,143.97,144.7,61.276,61.588,0.9998,0.7731,0.9942,0.9875,-1.0,-1.0,-1.0,-1.0,-1.0,1.0,1.0,-999,3692.0,25.1667,3666.83,82.922,1.37485,51.3196,0.364217,1.0,7.166,-999
28110,10.676,LH2,-5.343,13.495,2.806,14.74,PI+SIDIS,-999,-999,-999,-999,87.592,48.336,87.16,48.098,76.676,42.312,274.47,151.46,120.13,66.292,0.9989,0.8567,0.9843,0.9832,-1.0,-1.0,-1.0,-1.0,-1.0,1.0,0.99918,-999,66558.0,15763.8,50794.2,593.87,3.07528,51.2387,0.383662,1.0,20.91,16.999
28111,10.676,LH2,-5.343,13.495,2.806,14.74,PI+SIDIS,-999,-999,-999,-999,84.772,47.525,84.379,47.305,74.534,41.785,267.03,149.7,116.74,65.447,0.9988,0.8584,0.9835,0.9833,-1.0,-1.0,-1.0,-1.0,-1.0,1.0,0.99919,-999,64599.0,15320.5,49278.5,595.129,3.12957,51.222,0.387445,1.0,20.55,16.699
28112,10.676,LH2,-5.343,13.495,2.806,14.74,PI+SIDIS,-999,-999,-999,-999,81.27,47.542,80.905,47.329,71.562,41.863,255.87,149.68,111.97,65.501,0.9988,0.9145,0.9751,0.9733,-1.0,-1.0,-1.0,-1.0,1.0,-1.0,0.99873,-999,62529.0,14732.5,47796.5,608.484,3.24532,51.2313,0.391374,1.0,20.57,16.714
28113,10.676,LH2,-5.343,13.495,2.806,14.74,HMSDIS,-999,-999,-999,-999,45084.377,48.787,44847.816,48.531,39492.02,42.73,140779.03,152.3,61672.921,66.73,0.9989,0.8604,-999,-999,-1.0,-1.0,-1.0,9.0,-1.0,-1.0,1.0,96.7711,-999,-999,-999,-999,-999,-999,-999,1.0,-999,17.0
28114,10.676,LH2,-5.343,13.495,2.806,14.74,HMSDIS,-999,-999,-999,-999,43556.828,48.717,43304.634,48.435,38012.349,42.51,135922.11,152.0,59370.863,66.4,0.9988,0.9175,-999,-999,-1.0,-1.0,17.0,-1.0,-1.0,-1.0,0.99916,96.7655,-999,-999,-999,-999,-999,-999,-999,1.0,-999,16.9
28117,10.676,Dummy,-5.343,13.495,2.806,14.74,PI+SIDIS,-999,-999,-999,-999,84.251,47.566,83.803,47.313,73.748,41.636,265.0,149.61,115.56,65.245,0.9992,0.8525,0.9868,0.9851,-1.0,-1.0,-1.0,-1.0,-1.0,1.0,0.99988,-999,14594.0,1563.17,13030.8,157.99,1.47771,51.267,0.381785,1.0,7.524,-999
28118,10.676,Dummy,-5.343,13.495,2.806,14.74,HMSDIS,-999,-999,-999,-999,36531.737,44.327,36352.336,44.109,32118.022,38.97,117238.77,142.2,50306.269,61.04,0.9992,0.8792,-999,-999,-1.0,-1.0,-1.0,5.0,-1.0,-1.0,0.99967,99.0236,-999,-999,-999,-999,-999,-999,-999,1.0,7.006,4.082
28119,10.676,LD2,-5.343,13.495,2.806,14.74,PI+SIDIS,-999,-999,-999,-999,52.81,30.159,52.543,30.007,46.284,26.432,247.32,141.24,72.349,41.317,0.9988,0.8913,0.9826,0.9827,-1.0,-1.0,-1.0,-1.0,-1.0,1.0,0.99865,-999,73446.0,21485.7,51960.3,1008.89,5.3888,51.2225,0.395519,1.0,24.47,21.251
28120,10.676,LD2,-5.343,13.495,2.806,14.74,PI+SIDIS,-999,-999,-999,-999,48.659,29.618,48.378,29.447,42.379,25.795,226.47,137.85,66.219,40.306,0.9987,0.891,0.9832,0.9824,-1.0,-1.0,-1.0,-1.0,-1.0,1.0,0.99861,-999,67116.0,19726.7,47389.3,999.802,5.59798,51.2587,0.38181,1.0,24.05,20.669
28122,10.676,LD2,-5.343,13.495,2.806,14.74,HMSDIS,-999,-999,-999,-999,27962.931,30.53,27787.456,30.338,24391.7,26.63,130389.77,142.3,38183.675,41.68,0.9987,0.8971,-999,-999,-1.0,-1.0,-1.0,9.0,-1.0,-1.0,1.0,95.9763,-999,-999,-999,-999,-999,-999,-999,1.0,-999,21.3
28123,10.676,Dummy,-5.343,13.495,2.806,14.74,PI+SIDIS,-999,-999,-999,-999,57.699,47.836,57.381,47.572,50.647,41.99,180.39,149.55,79.293,65.739,0.9991,0.8576,0.9835,0.9847,-1.0,-1.0,-1.0,-1.0,-1.0,1.0,0.99988,-999,9965.0,1063.5,8901.5,157.7,1.78417,51.2708,0.383917,1.0,7.57,-999
28124,10.676,LD2,-5.343,13.495,2.806,11.74,PI+SIDIS,-999,-999,-999,-999,19.885,14.904,19.788,14.831,17.416,13.054,93.164,69.827,27.23,20.409,0.9991,0.8955,0.9821,0.9846,-1.0,-1.0,-1.0,-1.0,-1.0,1.0,0.99938,-999,29681.0,9957.17,19723.8,1013.89,9.10021,51.2096,0.404334,1.0,12.15,28.703
28125,10.676,LD2,-5.343,13.495,2.806,11.74,PI+SIDIS,-999,-999,-999,-999,25.88,15.077,25.764,15.009,22.675,13.21,121.29,70.66,35.464,20.66,0.9992,0.8932,0.9828,0.9847,-1.0,-1.0,-1.0,-1.0,-1.0,1.0,0.99939,-999,38662.0,13017.7,25644.3,1012.25,7.97618,51.2155,0.390766,1.0,12.29,28.893
28126,10.676,LD2,-5.343,13.495,2.806,11.74,PI+SIDIS,-999,-999,-999,-999,25.082,15.094,24.982,15.035,21.994,13.236,117.65,70.805,34.396,20.7,0.9991,0.8971,0.9844,0.985,-1.0,-1.0,-1.0,-1.0,-1.0,1.0,0.99942,-999,37986.0,12655.5,25330.5,1030.92,8.14945,51.211,0.391808,1.0,12.31,28.895
28127,10.676,Dummy,-5.343,13.495,2.806,11.74,PI+SIDIS,-999,-999,-999,-999,77.089,45.703,76.724,45.487,67.866,40.236,245.69,145.66,106.14,62.927,0.9992,0.8611,0.9864,0.9866,-1.0,-1.0,-1.0,-1.0,-1.0,1.0,0.99986,-999,15342.0,3280.33,12061.7,159.494,1.66679,51.2359,0.389787,1.0,7.228,11.127
28128,10.676,Dummy,-5.343,13.495,2.806,11.74,PI+SIDIS,-999,-999,-999,-999,54.443,39.797,54.188,39.61,47.933,35.038,182.24,133.22,74.954,54.79,0.9992,0.8732,0.9872,0.9872,-1.0,-1.0,-1.0,-1.0,-1.0,1.0,0.99985,-999,10734.0,2213.5,8520.5,159.43,1.97162,51.2251,0.37915,1.0,6.294,9.66
28129,10.676,LH2,-5.343,13.495,2.806,11.74,PI+SIDIS,-999,-999,-999,-999,45.498,28.304,45.216,28.128,39.916,24.831,212.09,131.94,62.412,38.826,0.9991,0.8617,0.9833,0.9846,-1.0,-1.0,-1.0,-1.0,-1.0,1.0,0.99937,-999,39386.0,12265.8,27120.2,610.104,4.579,51.1968,0.389056,1.0,12.27,27.195
28130,10.676,LH2,-5.343,13.495,2.806,11.74,PI+SIDIS,-999,-999,-999,-999,50.234,30.725,49.925,30.536,44.107,26.978,233.01,142.52,68.979,42.19,0.999,0.8537,0.9843,0.9846,-1.0,-1.0,-1.0,-1.0,-1.0,1.0,0.99928,-999,43297.0,14129.8,29167.2,594.378,4.3541,51.1834,0.396381,1.0,13.31,29.623
28131,10.676,LH2,-5.343,13.495,2.806,11.74,PI+SIDIS,-999,-999,-999,-999,50.449,31.184,50.169,31.011,44.088,27.252,233.6,144.39,68.807,42.531,0.999,0.8651,0.9839,0.984,-1.0,-1.0,-1.0,-1.0,-1.0,1.0,0.99927,-999,43592.0,14390.5,29201.5,592.554,4.35167,51.2281,0.384491,1.0,13.52,30.006
28132,10.676,LH2,-5.343,13.495,2.806,11.74,PI+SIDIS,-999,-999,-999,-999,59.919,33.252,59.61,33.08,52.128,28.928,273.38,151.71,81.437,45.193,0.999,0.8641,0.9832,0.9839,-1.0,-1.0,-1.0,-1.0,-1.0,1.0,0.99924,-999,52771.0,17649.2,35121.8,599.889,4.03153,51.2414,0.382895,1.0,14.41,31.994
28133,10.676,LD2,-5.343,13.495,2.806,11.74,PI+SIDIS,-999,-999,-999,-999,28.33,15.81,28.227,15.753,24.765,13.82,132.48,73.936,38.768,21.635,0.999,0.8925,0.9829,0.9844,-1.0,-1.0,-1.0,-1.0,-1.0,1.0,0.99938,-999,43157.0,14836.2,28320.8,1020.87,7.69999,51.2156,0.388565,1.0,12.9,30.348
28134,10.676,LD2,-5.343,13.495,2.806,11.74,PI+SIDIS,-999,-999,-999,-999,26.508,15.721,26.392,15.652,23.235,13.78,124.33,73.733,36.365,21.566,0.9991,0.8905,0.9835,0.9847,-1.0,-1.0,-1.0,-1.0,-1.0,1.0,0.99939,-999,39821.0,13783.7,26037.3,1003.4,7.90886,51.1952,0.388507,1.0,12.83,30.208
28135,10.676,LD2,-5.343,13.495,2.806,11.74,PI+SIDIS,-999,-999,-999,-999,17.238,15.284,17.157,15.212,15.135,13.419,80.966,71.788,23.664,20.981,0.999,0.8938,0.983,0.9848,-1.0,-1.0,-1.0,-1.0,-1.0,1.0,0.99933,-999,26302.0,8818.83,17483.2,1036.46,9.87953,51.1851,0.395041,1.0,12.47,29.436
28136,10.676,LH2,-5.343,13.495,-2.806,11.74,PI-SIDIS,-999,-999,-999,-999,89.402,49.544,89.008,49.326,78.162,43.315,274.9,152.34,122.34,67.803,0.9989,0.862,0.986,0.9859,-1.0,-1.0,-1.0,-1.0,-1.0,1.0,0.99914,-999,53273.0,25849.0,27424.0,313.128,2.73988,51.2309,0.373887,1.0,21.43,-999
28137,10.676,LH2,-5.343,13.495,-2.806,11.74,PI-SIDIS,-999,-999,-999,-999,87.061,49.549,86.694,49.34,76.545,43.564,267.47,152.22,119.92,68.253,0.999,0.8572,0.9863,0.9864,-1.0,-1.0,-1.0,-1.0,-1.0,1.0,0.99915,-999,52027.0,25169.0,26858.0,314.655,2.77788,51.2018,0.381294,1.0,21.42,-999
28138,10.676,LH2,-5.343,13.495,-2.806,11.74,PI-SIDIS,-999,-999,-999,-999,86.177,49.154,85.743,48.907,75.935,43.312,265.55,151.47,118.88,67.807,0.9989,0.866,0.9857,0.9864,-1.0,-1.0,-1.0,-1.0,-1.0,1.0,0.99917,-999,51779.0,24817.7,26961.3,319.395,2.80125,51.1936,0.380482,1.0,21.26,-999
28139,10.676,LH2,-5.343,13.495,-2.806,11.74,PI-SIDIS,-999,-999,-999,-999,39.204,49.639,38.982,49.358,34.416,43.575,120.26,152.27,53.789,68.105,0.9989,0.8634,0.986,0.9861,-1.0,-1.0,-1.0,-1.0,-1.0,1.0,0.9992,-999,23610.0,11359.8,12250.2,319.288,4.16236,51.2227,0.373856,1.0,21.48,68.133
28140,10.676,Dummy,-5.343,13.495,-2.806,11.74,PI-SIDIS,-999,-999,-999,-999,86.382,48.372,85.947,48.128,75.455,42.253,270.43,151.43,118.03,66.096,0.9994,0.8833,0.9907,0.9882,-1.0,-1.0,-1.0,-1.0,-1.0,1.0,0.99994,-999,11853.0,2898.67,8954.33,105.498,1.30857,51.2837,0.368862,1.0,7.642,24.022
28141,10.676,Dummy,-5.343,13.495,-2.806,11.74,PI-SIDIS,-999,-999,-999,-999,53.332,47.493,53.084,47.272,46.788,41.665,167.75,149.38,73.316,65.289,0.9995,0.8793,0.9869,0.9882,-1.0,-1.0,-1.0,-1.0,-1.0,1.0,0.9999,-999,7394.0,1758.0,5636.0,107.503,1.67235,51.2436,0.370589,1.0,7.501,23.611
28142,10.676,LH2,-5.343,13.495,-2.806,14.74,PI-SIDIS,-999,-999,-999,-999,77.305,47.053,76.963,46.845,68.159,41.486,244.08,148.56,106.75,64.979,0.9989,0.8585,0.9896,0.9886,-1.0,-1.0,-1.0,-1.0,-1.0,1.0,0.99972,-999,31300.0,8351.83,22948.2,302.028,2.37968,51.2255,0.380365,1.0,20.36,23.139
28143,10.676,LH2,-5.343,13.495,-2.806,14.74,PI-SIDIS,-999,-999,-999,-999,75.2,48.252,74.862,48.035,66.401,42.606,235.83,151.32,103.96,66.707,0.9989,0.8516,0.9893,0.9885,-1.0,-1.0,-1.0,-1.0,-1.0,1.0,0.99973,-999,30317.0,8175.5,22141.5,299.617,2.40851,51.2311,0.378686,1.0,20.88,23.737
28144,10.676,LH2,-5.343,13.495,-2.806,14.74,PI-SIDIS,-999,-999,-999,-999,63.288,45.537,62.932,45.281,55.49,39.926,201.46,144.95,86.654,62.349,0.9989,0.8589,0.9905,0.9886,-1.0,-1.0,-1.0,-1.0,-1.0,1.0,0.99968,-999,25489.0,6812.33,18676.7,300.624,2.62642,51.2735,0.368152,1.0,19.71,22.327
28145,10.676,LH2,-5.343,13.495,-2.806,14.74,PI-SIDIS,-999,-999,-999,-999,80.909,47.455,80.456,47.19,70.766,41.506,254.69,149.38,110.7,64.933,0.9988,0.9166,0.9837,0.9823,-1.0,-1.0,-1.0,-1.0,1.0,-1.0,0.99956,-999,32836.0,8869.33,23966.7,303.75,2.34772,51.282,0.369821,1.0,20.55,23.23
28148,10.676,LH2,-5.343,13.495,-2.806,14.74,HMSDIS,-999,-999,-999,-999,41355.041,48.252,41140.25,48.002,36277.866,42.32,129914.24,151.5,56818.383,66.29,0.999,0.8622,-999,-999,-1.0,-1.0,-1.0,9.0,-1.0,-1.0,1.0,98.5929,-999,-999,-999,-999,-999,-999,-999,1.0,-999,23.6
28149,10.676,Dummy,-5.343,13.495,-2.806,14.74,PI-SIDIS,-999,-999,-999,-999,73.209,46.905,72.855,46.678,64.367,41.24,231.57,148.37,100.75,64.551,0.9993,0.8644,0.9885,0.9879,-1.0,-1.0,-1.0,-1.0,-1.0,1.0,0.99998,-999,8066.0,1002.33,7063.67,98.2136,1.2616,51.2601,0.370254,1.0,7.41,8.803
28150,10.676,Dummy,-5.343,13.495,-2.806,14.74,HMSDIS,-999,-999,-999,-999,41789.892,47.863,41592.85,47.638,36776.59,42.12,131366.77,150.4,57552.524,65.91,0.9993,0.8805,-999,-999,-1.0,-1.0,-1.0,3.0,-1.0,-1.0,0.9987,99.5228,-999,-999,-999,-999,-999,-999,-999,1.0,7.561,8.99
28152,10.676,Dummy,-5.343,13.495,-2.806,14.74,PI-SIDIS,-999,-999,-999,-999,83.435,47.313,83.065,47.103,73.459,41.656,263.42,149.37,114.94,65.181,0.9993,0.8609,0.9896,0.9893,-1.0,-1.0,-1.0,-1.0,-1.0,1.0,0.99997,-999,9324.0,1133.17,8190.83,99.7471,1.18776,51.2693,0.367479,1.0,7.476,8.893
28154,10.676,LH2,-5.343,13.495,-2.806,14.74,PI-SIDIS,-999,-999,-999,-999,111.71,47.796,111.06,47.519,98.262,42.04,351.23,150.27,153.75,65.782,0.9989,0.8535,0.9891,0.9881,-1.0,-1.0,-1.0,-1.0,-1.0,1.0,0.99971,-999,45328.0,12193.3,33134.7,302.339,1.98572,51.2478,0.378685,1.0,20.7,23.517
28155,10.676,LH2,-5.343,15.97,5.154,16.87,PI+SIDIS,-999,-999,-999,-999,60.653,51.053,60.454,50.885,53.471,45.008,163.08,137.27,83.084,69.934,0.9994,0.6767,0.9868,0.9877,-1.0,-1.0,-1.0,-1.0,-1.0,1.0,0.99999,-999,8399.0,30.1667,8368.83,140.243,1.53624,51.2746,0.373087,1.0,7.262,-999
28156,10.676,LH2,-5.343,15.97,5.154,16.87,PI+SIDIS,-999,-999,-999,-999,35.421,53.37,35.314,53.208,31.198,47.007,87.907,132.45,47.491,71.555,0.9993,0.6753,0.991,0.9867,-1.0,-1.0,-1.0,-1.0,-1.0,1.0,0.99995,-999,5017.0,19.3333,4997.67,143.536,2.03495,51.2643,0.377482,1.0,7.585,-999
28157,10.676,LH2,-5.343,15.97,3.837,16.87,PI+SIDIS,-999,-999,-999,-999,57.601,61.735,57.401,61.521,50.631,54.265,128.96,138.22,72.617,77.829,0.9992,0.7271,0.9904,0.9859,-1.0,-1.0,-1.0,-1.0,-1.0,1.0,0.99995,-999,11702.0,374.167,11327.8,200.339,1.91824,51.2965,0.387555,1.0,8.738,-999
28158,10.676,LH2,-5.343,15.97,3.837,16.87,PI+SIDIS,-999,-999,-999,-999,110.83,57.135,110.46,56.943,97.556,50.288,267.82,138.05,148.26,76.428,0.9992,0.7165,0.9903,0.9866,-1.0,-1.0,-1.0,-1.0,-1.0,1.0,0.99991,-999,22672.0,636.5,22035.5,202.368,1.38605,51.3042,0.392684,1.0,8.109,5.723
28159,10.676,LH2,-5.343,15.97,3.837,16.87,PI+SIDIS,-999,-999,-999,-999,135.64,67.388,135.32,67.229,119.43,59.334,298.47,148.28,180.07,89.465,0.9992,0.7142,0.9902,0.9854,-1.0,-1.0,-1.0,-1.0,-1.0,1.0,0.9999,-999,27562.0,843.667,26718.3,200.55,1.24932,51.2989,0.387468,1.0,9.544,6.755
28160,10.676,LH2,-5.343,15.97,3.837,16.87,PI+SIDIS,-999,-999,-999,-999,145.97,70.29,145.65,70.133,128.54,61.896,314.94,151.65,193.8,93.322,0.9992,0.7062,0.9893,0.9859,-1.0,-1.0,-1.0,-1.0,-1.0,1.0,0.9999,-999,29534.0,921.333,28612.7,199.436,1.20097,51.3073,0.391074,1.0,9.957,7.041
28161,10.676,LH2,-5.343,15.97,3.837,16.87,PI+SIDIS,-999,-999,-999,-999,64.754,66.537,64.554,66.332,56.994,58.563,143.21,147.15,85.905,88.27,0.9991,0.7185,0.9897,0.9857,-1.0,-1.0,-1.0,-1.0,-1.0,1.0,0.99992,-999,13100.0,413.0,12687.0,199.581,1.80523,51.3078,0.396736,1.0,9.432,-999
28162,10.676,LH2,-5.343,15.97,3.837,16.87,PI+SIDIS,-999,-999,-999,-999,122.88,67.069,122.43,66.825,108.13,59.018,270.86,147.83,163.05,88.991,0.9992,0.8439,0.9902,0.9845,-1.0,-1.0,-1.0,-1.0,1.0,-1.0,0.99987,-999,25161.0,765.667,24395.3,202.573,1.3205,51.2994,0.393961,1.0,9.506,6.713
28163,10.676,LH2,-5.343,15.97,3.837,16.87,HMSDIS,-999,-999,-999,-999,61359.358,66.379,61158.733,66.162,54014.003,58.43,136089.73,147.2,81457.572,88.12,0.9993,0.7626,-999,-999,-1.0,-1.0,-1.0,5.0,-1.0,-1.0,0.99906,99.394,-999,-999,-999,-999,-999,-999,-999,1.0,9.409,6.639
28164,10.676,LH2,-5.343,15.97,3.837,16.87,HMSDIS,-999,-999,-999,-999,55658.317,63.866,55496.992,63.681,49016.405,56.24,125890.27,144.4,74116.094,85.04,0.9992,0.8644,-999,-999,-1.0,-1.0,5.0,-1.0,-1.0,-1.0,0.99888,99.4043,-999,-999,-999,-999,-999,-999,-999,1.0,9.051,6.388
28165,10.676,Dummy,-5.343,15.97,3.837,16.87,PI+SIDIS,-999,-999,-999,-999,76.811,49.39,76.45,49.158,67.619,43.479,232.52,149.51,105.78,68.019,0.9995,0.6786,0.9923,0.9887,-1.0,-1.0,-1.0,-1.0,-1.0,1.0,1.0,-999,3713.0,37.5,3675.5,48.651,0.80724,51.3052,0.408038,1.0,2.397,-999
28166,10.676,Dummy,-5.343,15.97,3.837,16.87,PI+SIDIS,-999,-999,-999,-999,83.42,48.918,83.053,48.703,73.478,43.088,253.67,148.75,114.95,67.409,0.9993,0.7143,0.992,0.9865,-1.0,-1.0,-1.0,-1.0,-1.0,1.0,1.0,-999,4004.0,46.3333,3957.67,48.3382,0.773601,51.3127,0.44607,1.0,2.374,-999
28167,10.676,Dummy,-5.343,15.97,3.837,16.87,PI+SIDIS,-999,-999,-999,-999,87.653,49.007,87.223,48.767,77.225,43.176,265.9,148.66,120.84,67.563,0.9994,0.7258,0.9838,0.9847,-1.0,-1.0,-1.0,-1.0,-1.0,1.0,0.99998,-999,4119.0,44.3333,4074.67,47.4707,0.748374,51.3195,0.430769,1.0,2.379,-999
28168,10.676,Dummy,-5.343,15.97,3.837,16.87,PI+SIDIS,-999,-999,-999,-999,28.302,45.829,28.139,45.564,24.933,40.373,87.919,142.36,39.015,63.175,0.9992,0.6667,0.9928,0.9857,-1.0,-1.0,-1.0,-1.0,-1.0,1.0,1.0,-999,1302.0,18.3333,1283.67,46.3176,1.30349,51.324,0.440539,1.0,2.226,-999
28169,10.676,Dummy,-5.343,15.97,3.837,16.87,PI+SIDIS,-999,-999,-999,-999,55.541,50.02,55.224,49.735,48.982,44.113,167.41,150.77,76.652,69.033,0.9993,0.7237,0.9948,0.986,-1.0,-1.0,-1.0,-1.0,-1.0,1.0,0.99997,-999,2601.0,30.1667,2570.83,47.2483,0.938213,51.3069,0.440922,1.0,2.431,-999
28170,10.676,Dummy,-5.343,15.97,3.837,16.87,HMSDIS,-999,-999,-999,-999,48771.005,49.968,48503.898,49.695,43042.805,44.09,147147.69,150.7,67348.908,69.0,0.9994,0.8287,-999,-999,-1.0,-1.0,-1.0,1.0,-1.0,-1.0,0.99641,99.8399,-999,-999,-999,-999,-999,-999,-999,1.0,2.425,1.57
28171,10.676,Dummy,-5.343,15.97,5.154,16.87,PI+SIDIS,-999,-999,-999,-999,59.2,50.138,58.91,49.893,52.036,44.071,178.31,151.01,81.266,68.827,0.9998,0.7222,0.9964,0.9882,-1.0,-1.0,-1.0,-1.0,-1.0,1.0,1.0,-999,1368.0,4.0,1364.0,23.4351,0.635626,51.2924,0.385774,1.0,2.436,-999
28172,10.676,Dummy,-5.343,15.97,3.837,14.865,PI+SIDIS,-999,-999,-999,-999,79.287,50.227,78.949,50.012,69.306,43.904,238.83,151.29,108.24,68.569,0.9993,0.7886,0.9908,0.9858,-1.0,-1.0,-1.0,-1.0,-1.0,1.0,1.0,-999,4145.0,97.5,4047.5,52.0422,0.829432,51.3401,0.389427,1.0,2.438,-999
28173,10.676,Dummy,-5.343,15.97,3.837,14.865,PI+SIDIS,-999,-999,-999,-999,86.702,49.87,86.339,49.661,76.0,43.714,261.82,150.59,118.99,68.445,0.9994,0.7318,0.987,0.9884,-1.0,-1.0,-1.0,-1.0,-1.0,1.0,0.99999,-999,4372.0,105.167,4266.83,50.0303,0.776848,51.3143,0.384463,1.0,2.421,-999
28174,10.676,Dummy,-5.343,15.97,3.837,14.865,PI+SIDIS,-999,-999,-999,-999,91.767,50.327,91.326,50.085,80.74,44.28,276.27,151.51,126.47,69.36,0.9991,0.7826,0.986,0.9856,-1.0,-1.0,-1.0,-1.0,-1.0,1.0,1.0,-999,4662.0,110.0,4552.0,50.6172,0.760737,51.2887,0.379272,1.0,2.446,-999
28175,10.676,Dummy,-5.343,15.97,3.837,14.865,PI+SIDIS,-999,-999,-999,-999,38.062,47.629,37.847,47.36,33.546,41.977,116.41,145.66,52.54,65.746,0.9988,0.7674,0.9905,0.9872,-1.0,-1.0,-1.0,-1.0,-1.0,1.0,1.0,-999,2004.0,49.5,1954.5,52.3746,1.20206,51.2778,0.38416,1.0,2.314,-999
28176,10.676,LH2,-5.343,15.97,3.837,14.865,PI+SIDIS,-999,-999,-999,-999,108.21,65.306,107.86,65.093,95.394,57.569,242.51,146.35,144.0,86.903,0.9993,0.7044,0.9876,0.9844,-1.0,-1.0,-1.0,-1.0,-1.0,1.0,0.99987,-999,25155.0,1781.17,23373.8,220.323,1.5038,51.2868,0.395265,1.0,9.262,15.849
28177,10.676,LH2,-5.343,15.97,3.837,14.865,PI+SIDIS,-999,-999,-999,-999,120.15,69.316,119.86,69.151,105.31,60.755,260.24,150.13,159.05,91.759,0.9992,0.749,0.9874,0.9853,-1.0,-1.0,-1.0,-1.0,-1.0,1.0,0.99985,-999,27847.0,1976.0,25871.0,219.258,1.4226,51.3122,0.388474,1.0,9.821,16.743
28178,10.676,LH2,-5.343,15.97,3.837,14.865,PI+SIDIS,-999,-999,-999,-999,119.47,70.236,119.24,70.1,104.83,61.632,257.53,151.39,158.3,93.062,0.9991,0.7057,0.9892,0.9848,-1.0,-1.0,-1.0,-1.0,-1.0,1.0,0.99988,-999,27491.0,1993.17,25497.8,217.351,1.42188,51.2991,0.391893,1.0,9.959,16.977
28179,10.676,LH2,-5.343,15.97,3.837,14.865,PI+SIDIS,-999,-999,-999,-999,122.95,70.198,122.73,70.072,108.35,61.865,265.11,151.36,163.03,93.081,0.9993,0.7366,0.9874,0.9846,-1.0,-1.0,-1.0,-1.0,-1.0,1.0,0.99987,-999,28671.0,2035.67,26635.3,220.594,1.41062,51.2762,0.398143,1.0,9.947,16.995
28180,10.676,LH2,-5.343,15.97,3.837,12.87,PI+SIDIS,-999,-999,-999,-999,126.4,71.215,126.04,71.011,111.47,62.803,270.39,152.33,167.19,94.194,0.9992,0.7291,0.9863,0.9828,-1.0,-1.0,-1.0,-1.0,-1.0,1.0,0.99973,-999,31001.0,5110.83,25890.2,209.223,1.44228,51.2557,0.402781,1.0,10.09,40.093
28181,10.676,LH2,-5.343,15.97,3.837,12.87,PI+SIDIS,-999,-999,-999,-999,118.36,69.51,118.0,69.298,103.66,60.878,256.28,150.5,156.62,91.975,0.9993,0.7359,0.987,0.9832,-1.0,-1.0,-1.0,-1.0,-1.0,1.0,0.99972,-999,29780.0,4938.17,24841.8,214.317,1.50923,51.2978,0.401293,1.0,9.861,38.91
28182,10.676,LH2,-5.343,15.97,3.837,12.87,PI+SIDIS,-999,-999,-999,-999,94.58,63.335,94.326,63.165,82.809,55.453,214.62,143.72,125.55,84.076,0.9993,0.7286,0.9854,0.9833,-1.0,-1.0,-1.0,-1.0,-1.0,1.0,0.99976,-999,23613.0,3850.5,19762.5,213.271,1.6807,51.2876,0.406549,1.0,8.988,35.366
28183,10.676,LH2,-5.343,15.97,3.837,12.87,PI+SIDIS,-999,-999,-999,-999,127.39,64.311,127.12,64.174,112.23,56.655,286.94,144.85,169.44,85.533,0.9992,0.7303,0.9873,0.9829,-1.0,-1.0,-1.0,-1.0,-1.0,1.0,0.99975,-999,32237.0,5182.17,27054.8,216.743,1.45754,51.2536,0.400055,1.0,9.123,36.064
28184,10.676,Dummy,-5.343,15.97,3.837,12.87,PI+SIDIS,-999,-999,-999,-999,67.87,47.008,67.595,46.818,59.899,41.487,208.66,144.52,93.783,64.956,0.9995,0.7696,0.983,0.9849,-1.0,-1.0,-1.0,-1.0,-1.0,1.0,1.0,-999,3640.0,182.167,3457.83,51.9654,0.910468,51.282,0.393196,1.0,2.282,-999
28185,10.676,Dummy,-5.343,15.97,3.837,12.87,PI+SIDIS,-999,-999,-999,-999,78.502,50.836,78.118,50.588,68.844,44.582,235.24,152.34,107.57,69.664,0.9994,0.8115,0.9879,0.9866,-1.0,-1.0,-1.0,-1.0,-1.0,1.0,0.99996,-999,4128.0,221.667,3906.33,50.7172,0.837897,51.2997,0.396617,1.0,2.469,7.496
28186,10.676,Dummy,-5.343,15.97,3.837,12.87,PI+SIDIS,-999,-999,-999,-999,73.181,49.796,72.787,49.528,63.932,43.503,220.53,150.06,99.957,68.016,0.9993,0.7566,0.9946,0.9842,-1.0,-1.0,-1.0,-1.0,-1.0,1.0,0.99999,-999,3932.0,211.5,3720.5,51.9726,0.879869,51.3236,0.399215,1.0,2.42,7.332
28187,10.676,LH2,-5.343,15.97,2.978,12.87,PI+SIDIS,0.44,4.4,0.52,-2.0,84.733,49.836,84.316,49.591,74.519,43.829,255.29,150.15,116.75,68.668,0.9992,0.748,0.9811,0.9801,-1.0,-1.0,-1.0,-1.0,-1.0,1.0,0.99968,-999,24336.0,7140.0,17196.0,208.322,1.93553,51.2232,0.424884,1.0,7.097,39.032
28188,10.676,LH2,-5.343,15.97,2.978,12.87,PI+SIDIS,0.44,4.4,0.52,-2.0,92.298,50.766,91.897,50.546,81.515,44.835,276.96,152.33,127.69,70.237,0.9992,0.7525,0.9807,0.9796,-1.0,-1.0,-1.0,-1.0,-1.0,1.0,0.99972,-999,26708.0,7813.5,18894.5,210.114,1.86114,51.2107,0.413262,1.0,7.224,39.832
28189,10.676,LH2,-5.343,15.97,2.978,12.87,PI+SIDIS,0.44,4.4,0.52,-2.0,87.232,48.991,86.879,48.793,76.744,43.101,264.63,148.62,119.93,67.355,0.9993,0.7523,0.9817,0.9796,-1.0,-1.0,-1.0,-1.0,-1.0,1.0,0.9997,-999,25104.0,7271.33,17832.7,209.743,1.908,51.2526,0.411897,1.0,6.975,38.378
28190,10.676,LH2,-5.343,15.97,2.978,12.87,PI+SIDIS,0.44,4.4,0.52,-2.0,92.271,50.178,91.808,49.926,80.876,43.981,277.97,151.16,126.56,68.827,0.9993,0.7401,0.98,0.9797,-1.0,-1.0,-1.0,-1.0,-1.0,1.0,0.99968,-999,26667.0,7812.67,18854.3,209.837,1.86128,51.2628,0.402989,1.0,7.142,39.089
28191,10.676,Dummy,-5.343,15.97,2.978,12.87,PI+SIDIS,0.44,4.4,0.52,-2.0,89.578,49.172,89.093,48.906,78.766,43.237,271.0,148.76,123.35,67.715,0.9994,0.7858,0.9866,0.9829,-1.0,-1.0,-1.0,-1.0,-1.0,1.0,0.99998,-999,4996.0,725.167,4270.83,48.8011,0.81737,51.2775,0.395996,1.0,2.389,9.694
28192,10.676,Dummy,-5.343,15.97,2.978,12.87,PI+SIDIS,0.44,4.4,0.52,-2.0,61.991,48.593,61.688,48.355,54.622,42.816,187.74,147.17,85.51,67.029,0.9993,0.8137,0.9876,0.9836,-1.0,-1.0,-1.0,-1.0,-1.0,1.0,0.99996,-999,3462.0,474.333,2987.67,49.2759,0.981451,51.2854,0.403619,1.0,2.358,9.616
28193,10.676,C,-5.343,15.97,2.978,12.87,PI+SIDIS,0.44,4.4,0.52,-2.0,65.055,40.239,64.733,40.039,57.226,35.396,240.34,148.66,89.597,55.419,0.9994,0.8451,0.9811,0.9794,-1.0,-1.0,-1.0,-1.0,-1.0,1.0,0.99972,-999,16630.0,5424.33,11205.7,176.903,2.09044,51.2256,0.425089,1.0,6.4,34.639
28194,10.676,C,-5.343,15.97,2.978,12.87,PI+SIDIS,0.44,4.4,0.52,-2.0,67.885,39.939,67.563,39.749,59.764,35.161,250.95,147.64,93.525,55.024,0.9993,0.8473,0.9813,0.9789,-1.0,-1.0,-1.0,-1.0,-1.0,1.0,0.99971,-999,17428.0,5600.17,11827.8,179.014,2.05086,51.227,0.413551,1.0,6.353,34.307
28195,10.676,C,-5.343,15.97,2.978,12.87,PI+SIDIS,0.44,4.4,0.52,-2.0,77.045,41.173,76.619,40.945,67.79,36.227,283.39,151.44,106.12,56.711,0.9993,0.8487,0.9815,0.9789,-1.0,-1.0,-1.0,-1.0,-1.0,1.0,0.99976,-999,20100.0,6399.0,13701.0,182.847,1.9416,51.2239,0.410028,1.0,6.55,35.384
28196,10.676,Cu,-5.343,15.97,2.978,12.87,PI+SIDIS,0.44,4.4,0.52,-2.0,70.422,40.841,69.982,40.586,61.969,35.939,258.92,150.16,96.974,56.24,0.9993,0.8854,0.9802,0.9772,-1.0,-1.0,-1.0,-1.0,-1.0,1.0,0.99979,-999,10450.0,4120.5,6329.5,92.6391,1.54456,51.2125,0.42023,1.0,4.916,33.198
28197,10.676,Cu,-5.343,15.97,2.978,12.87,PI+SIDIS,0.44,4.4,0.52,-2.0,70.95,39.786,70.548,39.561,62.456,35.023,262.75,147.34,97.749,54.814,0.9993,0.8976,0.9832,0.9774,-1.0,-1.0,-1.0,-1.0,-1.0,1.0,0.9998,-999,10595.0,4054.33,6540.67,94.9415,1.54103,51.217,0.414061,1.0,4.783,32.312
28198,10.676,Cu,-5.343,15.97,2.978,12.87,PI+SIDIS,0.44,4.4,0.52,-2.0,75.529,41.422,75.135,41.206,66.5,36.47,277.74,152.32,104.08,57.08,0.9993,0.8919,0.9806,0.9771,-1.0,-1.0,-1.0,-1.0,-1.0,1.0,0.99978,-999,11274.0,4393.17,6880.83,93.8118,1.49389,51.2204,0.417429,1.0,4.986,33.715
28199,10.676,LD2,-5.343,15.97,2.978,12.87,PI+SIDIS,0.44,4.4,0.52,-2.0,42.934,25.414,42.726,25.291,37.753,22.347,201.69,119.38,59.051,34.954,0.9992,0.8075,0.9828,0.9792,-1.0,-1.0,-1.0,-1.0,-1.0,1.0,0.99972,-999,20246.0,6443.67,13802.3,330.263,3.49382,51.2272,0.407027,1.0,6.459,39.585
28200,10.676,LD2,-5.343,15.97,2.978,12.87,PI+SIDIS,0.44,4.4,0.52,-2.0,46.984,25.736,46.701,25.58,41.278,22.61,220.54,120.8,64.569,35.368,0.9993,0.8035,0.9794,0.9798,-1.0,-1.0,-1.0,-1.0,-1.0,1.0,0.9997,-999,21862.0,7114.83,14747.2,322.612,3.32114,51.2202,0.412032,1.0,6.54,39.991
28201,10.676,LD2,-5.343,15.97,2.978,12.87,PI+SIDIS,0.44,4.4,0.52,-2.0,46.604,25.862,46.313,25.701,40.944,22.722,218.73,121.38,64.043,35.54,0.9994,0.8105,0.9822,0.9796,-1.0,-1.0,-1.0,-1.0,-1.0,1.0,0.9997,-999,22067.0,7059.33,15007.7,331.095,3.36349,51.2199,0.417249,1.0,6.572,40.147
28202,10.676,LD2,-5.343,15.97,2.978,12.87,PI+SIDIS,0.44,4.4,0.52,-2.0,44.742,25.8,44.491,25.655,39.331,22.679,210.14,121.17,61.517,35.473,0.9993,0.814,0.9806,0.9792,-1.0,-1.0,-1.0,-1.0,-1.0,1.0,0.99971,-999,20933.0,6779.0,14154.0,325.213,3.41287,51.2219,0.418179,1.0,6.554,40.083
28203,10.676,LD2,-5.343,15.97,2.978,12.87,PI+SIDIS,0.44,4.4,0.52,-2.0,42.635,25.482,42.42,25.353,37.496,22.41,200.34,119.73,58.657,35.058,0.9993,0.8068,0.9815,0.9792,-1.0,-1.0,-1.0,-1.0,-1.0,1.0,0.9997,-999,19887.0,6394.83,13492.2,325.144,3.48831,51.2232,0.402069,1.0,6.474,39.649
28204,10.676,LD2,-5.343,15.97,2.978,12.87,PI+SIDIS,0.44,4.4,0.52,-2.0,28.291,24.457,28.158,24.342,24.895,21.521,133.0,114.98,38.934,33.658,0.9993,0.8125,0.9803,0.9799,-1.0,-1.0,-1.0,-1.0,-1.0,1.0,0.99972,-999,13361.0,4232.67,9128.33,331.158,4.30265,51.2145,0.409455,1.0,6.219,38.11
28205,10.676,LD2,-5.343,15.97,2.978,12.87,PI+SIDIS,0.44,4.4,0.52,-2.0,59.703,25.9,59.343,25.744,52.479,22.766,280.41,121.64,82.087,35.611,0.9994,0.8195,0.9818,0.9801,-1.0,-1.0,-1.0,-1.0,-1.0,1.0,0.99972,-999,28434.0,8946.5,19487.5,335.349,2.97687,51.2116,0.41997,1.0,6.586,40.314
28206,10.676,Dummy,-5.343,15.97,2.978,12.87,PI+SIDIS,0.44,4.4,0.52,-2.0,91.159,49.782,90.682,49.522,80.199,43.797,272.3,148.7,125.28,68.415,0.9994,0.8003,0.9847,0.9824,-1.0,-1.0,-1.0,-1.0,-1.0,1.0,0.99995,-999,5021.0,718.167,4302.83,48.3314,0.805352,51.2904,0.389513,1.0,2.418,9.882
28207,10.676,C,-5.343,15.97,2.978,12.87,PI+SIDIS,0.44,4.4,0.52,-2.0,72.801,40.465,72.43,40.258,63.672,35.39,272.68,151.56,99.684,55.407,0.9993,0.8517,0.9821,0.9797,-1.0,-1.0,-1.0,-1.0,-1.0,1.0,0.99974,-999,18488.0,5944.5,12543.5,176.939,1.96873,51.2513,0.403887,1.0,6.435,34.793
28208,10.676,Cu,-5.343,15.97,2.978,12.87,PI+SIDIS,0.44,4.4,0.52,-2.0,63.89,39.695,63.559,39.489,56.021,34.806,240.01,149.12,87.71,54.495,0.9993,0.8924,0.9811,0.9787,-1.0,-1.0,-1.0,-1.0,-1.0,1.0,0.9998,-999,9513.0,3666.17,5846.83,94.0776,1.61898,51.2307,0.411512,1.0,4.779,32.377
28209,10.676,Cu,-5.343,15.97,2.978,12.87,PI+SIDIS,0.44,4.4,0.52,-2.0,94.321,40.084,93.713,39.825,82.805,35.19,353.42,150.19,129.64,55.096,0.9993,0.8899,0.9811,0.9781,-1.0,-1.0,-1.0,-1.0,-1.0,1.0,0.99982,-999,13974.0,5378.5,8595.5,93.8577,1.33156,51.2186,0.412866,1.0,4.831,32.649
28210,10.676,LH2,-5.343,15.97,2.978,12.87,PI+SIDIS,0.44,4.4,0.52,-2.0,82.02,49.42,81.6,49.166,72.437,43.645,248.14,149.51,113.38,68.321,0.9993,0.7436,0.9813,0.9796,-1.0,-1.0,-1.0,-1.0,-1.0,1.0,0.99968,-999,23450.0,6851.5,16598.5,207.86,1.96381,51.2032,0.415542,1.0,7.034,38.937
28211,10.676,LH2,-5.343,15.97,2.978,12.87,PI+SIDIS,0.44,4.4,0.52,-2.0,45.964,39.846,45.714,39.629,40.389,35.012,172.4,149.45,63.133,54.729,0.9994,0.7579,0.9833,0.9811,-1.0,-1.0,-1.0,-1.0,-1.0,1.0,0.9998,-999,12787.0,3090.83,9696.17,216.364,2.57363,51.2435,0.40372,1.0,5.667,30.736
28212,10.676,LH2,-5.343,15.97,2.978,12.87,PI+SIDIS,0.44,4.4,0.52,-2.0,46.805,30.185,46.567,30.032,40.833,26.334,218.1,140.65,63.736,41.104,0.9995,0.7461,0.9817,0.982,-1.0,-1.0,-1.0,-1.0,-1.0,1.0,0.99987,-999,12146.0,2449.5,9696.5,212.176,2.45176,51.2926,0.384294,1.0,4.301,22.782
28213,10.676,LH2,-5.343,15.97,2.978,12.87,PI+SIDIS,0.44,4.4,0.52,-2.0,29.23,20.218,29.101,20.129,25.462,17.612,136.1,94.144,39.82,27.543,0.9996,0.7081,0.9851,0.9834,-1.0,-1.0,-1.0,-1.0,-1.0,1.0,0.99995,-999,7168.0,1030.83,6137.17,214.549,2.99502,51.3087,0.37796,1.0,2.891,14.923
28214,10.676,LH2,-5.343,15.97,2.978,12.87,PI+SIDIS,0.44,4.4,0.52,-2.0,20.526,10.189,20.471,10.162,17.967,8.919,96.185,47.746,28.124,13.961,0.9993,0.7557,0.9883,0.9844,-1.0,-1.0,-1.0,-1.0,-1.0,1.0,0.99999,-999,4733.0,379.5,4353.5,216.191,3.43913,51.2819,0.380918,1.0,1.47,7.362
28215,10.676,LH2,-5.343,15.97,2.978,12.87,PI+SIDIS,0.44,4.4,0.52,-2.0,54.679,49.448,54.372,49.171,48.171,43.563,165.18,149.38,75.436,68.219,0.9994,0.7572,0.9796,0.979,-1.0,-1.0,-1.0,-1.0,-1.0,1.0,0.99968,-999,15678.0,4545.0,11133.0,209.341,2.41065,51.2044,0.411968,1.0,7.04,38.988
28216,10.676,LH2,-5.343,15.97,2.978,12.87,PI+SIDIS,0.44,4.4,0.52,-2.0,50.288,40.365,49.984,40.121,44.243,35.513,188.19,151.05,69.272,55.603,0.9994,0.737,0.9836,0.9803,-1.0,-1.0,-1.0,-1.0,-1.0,1.0,0.99982,-999,13689.0,3452.83,10236.2,209.066,2.43935,51.2161,0.400403,1.0,5.742,31.224
28217,10.676,LH2,-5.343,15.97,2.978,12.87,PI+SIDIS,0.44,4.4,0.52,-2.0,42.65,29.907,42.417,29.744,37.423,26.242,199.9,140.18,58.494,41.018,0.9994,0.7412,0.9851,0.9822,-1.0,-1.0,-1.0,-1.0,-1.0,1.0,0.9999,-999,11121.0,2178.5,8942.5,214.794,2.57402,51.2632,0.389027,1.0,4.262,22.653
28218,10.676,LH2,-5.343,15.97,2.978,12.87,PI+SIDIS,0.44,4.4,0.52,-2.0,31.034,20.376,30.892,20.283,27.067,17.771,144.6,94.942,42.244,27.736,0.9994,0.7504,0.9835,0.9839,-1.0,-1.0,-1.0,-1.0,-1.0,1.0,0.99994,-999,7527.0,1068.67,6458.33,212.623,2.88988,51.2999,0.385428,1.0,2.913,15.058
28219,10.676,LH2,-5.343,15.97,2.978,12.87,PI+SIDIS,0.44,4.4,0.52,-2.0,18.329,10.157,18.305,10.144,16.001,8.867,85.627,47.451,25.018,13.864,0.9995,0.749,0.9871,0.983,-1.0,-1.0,-1.0,-1.0,-1.0,1.0,0.99998,-999,4189.0,310.0,3879.0,215.687,3.62094,51.2996,0.389247,1.0,1.464,7.321
28220,10.676,LH2,-5.343,15.97,2.978,14.87,PI+SIDIS,0.44,4.4,0.52,0.0,106.05,65.808,105.7,65.594,93.486,58.011,235.91,146.39,140.6,87.248,0.9993,0.7455,0.9828,0.9801,-1.0,-1.0,-1.0,-1.0,-1.0,1.0,0.99961,-999,29259.0,6518.83,22740.2,219.733,1.68325,51.2199,0.408891,1.0,9.336,25.984
28221,10.676,LH2,-5.343,15.97,2.978,14.87,PI+SIDIS,0.44,4.4,0.52,0.0,123.35,69.632,122.94,69.403,108.86,61.455,266.95,150.69,163.32,92.199,0.9993,0.7398,0.9831,0.9801,-1.0,-1.0,-1.0,-1.0,-1.0,1.0,0.99962,-999,33818.0,7644.67,26173.3,217.441,1.55628,51.2303,0.40467,1.0,9.879,27.463
28222,10.676,LH2,-5.343,15.97,2.978,14.87,PI+SIDIS,0.44,4.4,0.52,0.0,121.04,70.343,120.73,70.159,106.22,61.729,260.59,151.43,160.21,93.104,0.9992,0.7532,0.9815,0.979,-1.0,-1.0,-1.0,-1.0,-1.0,1.0,0.99963,-999,33350.0,7497.83,25852.2,218.979,1.57558,51.2692,0.398549,1.0,9.977,27.625
28223,10.676,LH2,-5.343,15.97,2.978,14.87,PI+SIDIS,0.44,4.4,0.52,0.0,120.89,69.461,120.62,69.309,105.96,60.887,261.8,150.42,160.06,91.969,0.9992,0.8557,0.9709,0.969,-1.0,-1.0,-1.0,-1.0,1.0,-1.0,0.99941,-999,33048.0,7611.0,25437.0,217.924,1.58705,51.268,0.390084,1.0,9.857,27.254
28224,10.676,LH2,-5.343,15.97,2.978,14.87,HMSDIS,0.44,4.4,0.52,0.0,52140.258,67.279,52033.402,67.141,45871.275,59.19,114724.0,148.0,69211.353,89.3,0.9992,0.7568,-999,-999,-1.0,-1.0,-1.0,5.0,-1.0,-1.0,0.99911,96.3644,-999,-999,-999,-999,-999,-999,-999,1.0,9.548,26.4
28225,10.676,LH2,-5.343,15.97,2.978,14.87,HMSDIS,0.44,4.4,0.52,0.0,55595.929,67.429,55485.41,67.295,49035.054,59.47,122392.79,148.4,73897.858,89.62,0.9992,0.866,-999,-999,-1.0,-1.0,9.0,-1.0,-1.0,-1.0,0.99953,96.3747,-999,-999,-999,-999,-999,-999,-999,1.0,9.557,26.5
28226,10.676,Dummy,-5.343,15.97,2.978,14.87,PI+SIDIS,0.44,4.4,0.52,0.0,88.928,50.374,88.492,50.127,78.504,44.469,267.35,151.44,122.86,69.596,0.9994,0.7816,0.9902,0.9835,-1.0,-1.0,-1.0,-1.0,-1.0,1.0,0.99993,-999,4972.0,391.333,4580.67,52.6675,0.816036,51.263,0.385013,1.0,2.449,-999
28227,10.676,Dummy,-5.343,15.97,2.978,14.87,PI+SIDIS,0.44,4.4,0.52,0.0,72.994,48.238,72.589,47.97,63.985,42.284,222.35,146.94,99.936,66.042,0.9993,0.7935,0.9894,0.9825,-1.0,-1.0,-1.0,-1.0,-1.0,1.0,0.99996,-999,4075.0,308.333,3766.67,52.8538,0.901373,51.3062,0.368365,1.0,2.346,-999
28228,10.676,Dummy,-5.343,15.97,2.978,14.87,PI+SIDIS,0.44,4.4,0.52,0.0,85.649,49.915,85.201,49.654,74.905,43.654,258.28,150.52,117.14,68.272,0.9994,0.7789,0.9863,0.9835,-1.0,-1.0,-1.0,-1.0,-1.0,1.0,0.99998,-999,4653.0,367.333,4285.67,51.1762,0.819889,51.3067,0.381791,1.0,2.424,-999
28229,10.676,Dummy,-5.343,15.97,2.978,14.87,HMSDIS,0.44,4.4,0.52,0.0,44567.74,49.893,44347.97,49.647,39132.102,43.8,134705.41,150.8,61293.305,68.61,0.9994,0.8341,-999,-999,-1.0,-1.0,-1.0,5.0,-1.0,-1.0,0.99998,99.1723,-999,-999,-999,-999,-999,-999,-999,1.0,2.416,5.158
28230,10.676,C,-5.343,15.97,2.978,14.87,PI+SIDIS,0.44,4.4,0.52,0.0,86.452,49.489,86.043,49.255,76.213,43.628,261.65,149.78,119.36,68.331,0.9993,0.8423,0.9849,0.9801,-1.0,-1.0,-1.0,-1.0,-1.0,1.0,0.99972,-999,20242.0,4823.33,15418.7,183.015,1.72196,51.2336,0.403736,1.0,7.887,21.95
28231,10.676,C,-5.343,15.97,2.978,14.87,PI+SIDIS,0.44,4.4,0.52,0.0,73.546,50.72,73.213,50.49,64.913,44.766,220.77,152.25,101.58,70.057,0.9993,0.8405,0.9832,0.98,-1.0,-1.0,-1.0,-1.0,-1.0,1.0,0.99978,-999,17223.0,4158.5,13064.5,182.255,1.86727,51.2438,0.401645,1.0,8.076,22.476
28232,10.676,C,-5.343,15.97,2.978,14.87,HMSDIS,0.44,4.4,0.52,0.0,43390.875,49.794,43173.915,49.545,37938.313,43.53,131050.24,150.3,59270.277,68.01,0.9992,0.8482,-999,-999,-1.0,-1.0,-1.0,5.0,-1.0,-1.0,0.99922,96.7882,-999,-999,-999,-999,-999,-999,-999,1.0,7.94,22.0
28233,10.676,Cu,-5.343,15.97,2.978,14.87,PI+SIDIS,0.44,4.4,0.52,0.0,106.82,64.81,106.44,64.576,93.836,56.927,243.02,147.43,145.23,88.108,0.9991,0.8928,0.982,0.9747,-1.0,-1.0,-1.0,-1.0,-1.0,1.0,0.9996,-999,15777.0,5676.17,10100.8,97.4836,1.24805,51.2291,0.412888,1.0,7.819,28.473
28234,10.676,Cu,-5.343,15.97,2.978,14.87,PI+SIDIS,0.44,4.4,0.52,0.0,109.07,64.989,108.72,64.78,96.171,57.3,248.05,147.79,148.53,88.497,0.9992,0.897,0.9793,0.9748,-1.0,-1.0,-1.0,-1.0,-1.0,1.0,0.99963,-999,16078.0,5798.0,10280.0,97.108,1.23325,51.217,0.409195,1.0,7.84,28.568
28235,10.676,Cu,-5.343,15.97,2.978,14.87,PI+SIDIS,0.44,4.4,0.52,0.0,90.301,64.835,90.045,64.651,79.735,57.249,207.49,148.97,122.97,88.294,0.9992,0.8937,0.9822,0.9744,-1.0,-1.0,-1.0,-1.0,-1.0,1.0,0.99959,-999,13106.0,4808.17,8297.83,94.6882,1.34572,51.21,0.414504,1.0,7.815,28.492
28236,10.676,Cu,-5.343,15.97,2.978,14.87,HMSDIS,0.44,4.4,0.52,0.0,57580.882,64.262,57438.336,64.103,50883.587,56.78,131458.94,146.7,78429.776,87.53,0.9991,0.8957,-999,-999,-1.0,-1.0,-1.0,5.0,-1.0,-1.0,0.99918,96.4804,-999,-999,-999,-999,-999,-999,-999,1.0,7.747,17.1
28237,10.676,Cu,-5.343,15.97,2.978,14.87,PI+SIDIS,0.44,4.4,0.52,0.0,42.775,65.791,42.67,65.63,37.8,58.139,97.216,149.52,58.302,89.672,0.9991,0.8933,0.9804,0.9747,-1.0,-1.0,-1.0,-1.0,-1.0,1.0,0.99963,-999,6237.0,2306.67,3930.33,94.6212,1.959,51.2149,0.414663,1.0,7.933,28.981
28239,10.676,Al,-5.343,15.97,2.978,14.87,HMSDIS,0.44,4.4,0.52,0.0,60370.775,49.717,60103.929,49.497,53273.48,43.87,182656.98,150.4,83383.132,68.66,0.9994,0.8284,-999,-999,-1.0,-1.0,-1.0,5.0,-1.0,-1.0,1.0,99.1918,-999,-999,-999,-999,-999,-999,-999,1.0,2.591,4.95
28240,10.676,LD2,-5.343,15.97,2.978,14.87,PI+SIDIS,0.44,4.4,0.52,0.0,72.13,41.659,71.701,41.412,63.428,36.634,257.79,148.89,99.25,57.323,0.9992,0.8136,0.9802,0.9771,-1.0,-1.0,-1.0,-1.0,-1.0,1.0,0.99948,-999,33073.0,9317.33,23755.7,339.529,2.65956,51.2305,0.408235,1.0,10.57,32.755
28241,10.676,LD2,-5.343,15.97,2.978,14.87,PI+SIDIS,0.44,4.4,0.52,0.0,64.169,40.629,63.758,40.368,56.405,35.713,231.16,146.36,88.239,55.869,0.9992,0.825,0.9797,0.9768,-1.0,-1.0,-1.0,-1.0,-1.0,1.0,0.99947,-999,29273.0,8201.83,21071.2,338.787,2.81438,51.2378,0.412024,1.0,10.31,31.814
28242,10.676,LD2,-5.343,15.97,2.978,14.87,PI+SIDIS,0.44,4.4,0.52,0.0,77.731,43.304,77.275,43.05,68.328,38.066,273.45,152.33,106.89,59.553,0.9992,0.8178,0.9809,0.977,-1.0,-1.0,-1.0,-1.0,-1.0,1.0,0.99949,-999,36403.0,10163.2,26239.8,348.014,2.58869,51.2385,0.405156,1.0,10.98,34.007
28243,10.676,LD2,-5.343,15.97,2.978,14.87,PI+SIDIS,0.44,4.4,0.52,0.0,75.078,42.869,74.675,42.639,66.0,37.686,263.57,150.5,103.24,58.955,0.9992,0.8219,0.9782,0.9767,-1.0,-1.0,-1.0,-1.0,-1.0,1.0,0.99946,-999,34475.0,9801.5,24673.5,338.748,2.60887,51.2392,0.408595,1.0,10.87,33.671
28244,10.676,LD2,-5.343,15.97,2.978,14.87,HMSDIS,0.44,4.4,0.52,0.0,49154.465,42.427,48900.041,42.208,43200.631,37.28,172895.38,149.2,67568.135,58.32,0.9992,0.8209,-999,-999,-1.0,-1.0,-1.0,5.0,-1.0,-1.0,1.0,95.7125,-999,-999,-999,-999,-999,-999,-999,1.0,-999,30.6
28245,10.676,LD2,-5.343,15.97,2.978,16.87,PI+SIDIS,0.44,4.4,0.52,2.0,71.009,43.538,70.649,43.317,62.383,38.249,248.46,152.33,97.585,59.832,0.9991,0.8066,0.9849,0.9792,-1.0,-1.0,-1.0,-1.0,-1.0,1.0,0.99971,-999,27417.0,4854.67,22562.3,326.531,2.43145,51.2708,0.401877,1.0,11.04,16.056
28246,10.676,LD2,-5.343,15.97,2.978,16.87,PI+SIDIS,0.44,4.4,0.52,2.0,120.85,69.003,120.5,68.801,106.46,60.783,265.29,151.46,160.24,91.493,0.999,0.817,0.9805,0.9762,-1.0,-1.0,-1.0,-1.0,-1.0,1.0,0.99906,-999,51486.0,12986.3,38499.7,327.91,1.9728,51.2434,0.416377,1.0,17.48,26.621
28247,10.676,LD2,-5.343,15.97,2.978,16.87,HMSDIS,0.44,4.4,0.52,2.0,48079.987,65.548,47907.266,65.312,42319.785,57.69,106099.29,144.6,62984.054,85.86,0.999,0.822,-999,-999,-1.0,-1.0,-1.0,5.0,-1.0,-1.0,1.0,95.7523,-999,-999,-999,-999,-999,-999,-999,1.0,-999,25.2
28248,10.676,Dummy,-5.343,15.97,2.978,16.87,PI+SIDIS,0.44,4.4,0.52,2.0,80.864,48.292,80.414,48.023,71.183,42.51,244.23,145.86,111.35,66.501,0.9992,0.7881,0.988,0.9812,-1.0,-1.0,-1.0,-1.0,-1.0,1.0,0.99994,-999,4142.0,188.5,3953.5,50.1495,0.819466,51.3054,0.413263,1.0,2.347,-999
28249,10.676,Dummy,-5.343,15.97,2.978,16.87,PI+SIDIS,0.44,4.4,0.52,2.0,84.024,49.974,83.607,49.726,74.016,44.021,250.71,149.11,115.8,68.874,0.9995,0.7867,0.9877,0.9806,-1.0,-1.0,-1.0,-1.0,-1.0,1.0,1.0,-999,4162.0,192.333,3969.67,48.4436,0.790314,51.3075,0.413241,1.0,2.425,-999
28250,10.676,Dummy,-5.343,15.97,2.978,16.87,PI+SIDIS,0.44,4.4,0.52,2.0,89.707,50.544,89.294,50.311,79.065,44.547,267.0,150.43,123.7,69.699,0.9995,0.7815,0.9742,0.9822,-1.0,-1.0,-1.0,-1.0,-1.0,1.0,0.99999,-999,4550.0,206.333,4343.67,49.5514,0.772397,51.2865,0.382677,1.0,2.452,-999
28251,10.676,Dummy,-5.343,15.97,2.978,16.87,HMSDIS,0.44,4.4,0.52,2.0,48262.016,49.91,48048.593,49.689,42552.753,44.0,144591.48,149.5,66574.948,68.84,0.9994,0.8275,-999,-999,-1.0,-1.0,-1.0,1.0,-1.0,-1.0,0.9964,99.4812,-999,-999,-999,-999,-999,-999,-999,1.0,2.423,2.654
28252,10.676,C,-5.343,15.97,2.978,16.87,PI+SIDIS,0.44,4.4,0.52,2.0,81.043,49.199,80.66,48.967,71.46,43.382,243.54,147.84,111.8,67.871,0.9992,0.8454,0.9857,0.9811,-1.0,-1.0,-1.0,-1.0,-1.0,1.0,0.99983,-999,16314.0,2377.67,13936.3,176.279,1.6351,51.2743,0.439644,1.0,7.845,10.817
28253,10.676,C,-5.343,15.97,2.978,16.87,PI+SIDIS,0.44,4.4,0.52,2.0,87.43,49.402,86.924,49.116,77.044,43.533,264.55,149.48,120.54,68.111,0.9992,0.8313,0.9878,0.9824,-1.0,-1.0,-1.0,-1.0,-1.0,1.0,0.99985,-999,17736.0,2572.33,15163.7,177.741,1.57979,51.2889,0.493907,1.0,7.877,10.818
28254,10.676,C,-5.343,15.97,2.978,16.87,HMSDIS,0.44,4.4,0.52,2.0,16056.029,50.756,15963.307,50.463,14152.856,44.74,48190.155,152.3,22145.254,70.0,0.9992,0.859,-999,-999,-1.0,-1.0,-1.0,3.0,-1.0,-1.0,0.99866,98.0469,-999,-999,-999,-999,-999,-999,-999,1.0,7.281,11.11
28255,10.676,C,-5.343,15.97,2.978,16.87,HMSDIS,0.44,4.4,0.52,2.0,42260.927,48.863,42038.451,48.606,37266.748,43.08,128347.35,148.3,58309.869,67.42,0.9993,0.8511,-999,-999,-1.0,-1.0,-1.0,3.0,-1.0,-1.0,0.99866,98.0661,-999,-999,-999,-999,-999,-999,-999,1.0,7.795,10.7
28256,10.676,Cu,-5.343,15.97,2.978,16.87,PI+SIDIS,0.44,4.4,0.52,2.0,109.47,66.547,109.19,66.375,96.658,58.756,243.12,147.78,145.29,88.323,0.9992,0.8893,0.9825,0.9783,-1.0,-1.0,-1.0,-1.0,-1.0,1.0,0.99976,-999,13250.0,3306.33,9943.67,93.1827,1.10089,51.259,0.44793,1.0,8.02,14.998
28257,10.676,Cu,-5.343,15.97,2.978,16.87,PI+SIDIS,0.44,4.4,0.52,2.0,101.12,64.131,100.88,63.98,89.28,56.62,228.55,144.94,134.33,85.192,0.9992,0.89,0.9824,0.9786,-1.0,-1.0,-1.0,-1.0,-1.0,1.0,0.99978,-999,12357.0,3000.67,9356.33,94.8659,1.14968,51.2537,0.42828,1.0,7.726,14.394
28258,10.676,Cu,-5.343,15.97,2.978,16.87,PI+SIDIS,0.44,4.4,0.52,2.0,95.047,62.171,94.785,61.999,83.906,54.884,218.57,142.96,126.62,82.828,0.9991,0.8873,0.9841,0.9791,-1.0,-1.0,-1.0,-1.0,-1.0,1.0,0.99976,-999,11686.0,2804.17,8881.83,95.8149,1.18926,51.2508,0.442489,1.0,7.492,13.939
28259,10.676,Cu,-5.343,15.97,2.978,16.87,HMSDIS,0.44,4.4,0.52,2.0,61995.479,69.591,61780.629,69.349,54730.789,61.43,134247.34,150.6,82134.317,92.19,0.9992,0.8922,-999,-999,-1.0,-1.0,-1.0,3.0,-1.0,-1.0,0.99843,97.0916,-999,-999,-999,-999,-999,-999,-999,1.0,8.391,15.6
28260,10.676,LH2,-5.343,15.97,2.978,16.87,PI+SIDIS,0.44,4.4,0.52,2.0,95.317,57.632,94.869,57.362,84.308,50.976,244.1,147.59,131.88,79.745,0.9992,0.7311,0.9866,0.9826,-1.0,-1.0,-1.0,-1.0,-1.0,1.0,0.99983,-999,22738.0,2613.0,20125.0,216.101,1.63462,51.2612,0.403079,1.0,8.204,10.785
28261,10.676,LH2,-5.343,15.97,2.978,16.87,PI+SIDIS,0.44,4.4,0.52,2.0,91.204,57.939,90.825,57.698,80.55,51.171,233.24,148.17,125.89,79.978,0.9991,0.7274,0.986,0.9819,-1.0,-1.0,-1.0,-1.0,-1.0,1.0,0.99981,-999,21507.0,2508.83,18998.2,213.262,1.66216,51.2754,0.400455,1.0,8.251,10.845
28262,10.676,LH2,-5.343,15.97,2.978,16.87,PI+SIDIS,0.44,4.4,0.52,2.0,104.98,59.537,104.59,59.317,92.146,52.258,265.4,150.51,143.88,81.6,0.9993,0.746,0.9851,0.9824,-1.0,-1.0,-1.0,-1.0,-1.0,1.0,0.99984,-999,25110.0,2946.5,22163.5,215.885,1.55852,51.3166,0.397068,1.0,8.475,11.097
28263,10.676,LH2,-5.343,15.97,2.978,16.87,PI+SIDIS,0.44,4.4,0.52,2.0,114.15,60.279,113.76,60.073,100.18,52.904,287.15,151.63,156.73,82.766,0.9992,0.7417,0.986,0.9824,-1.0,-1.0,-1.0,-1.0,-1.0,1.0,0.9998,-999,26887.0,3133.17,23753.8,212.758,1.48286,51.3037,0.413219,1.0,8.578,11.237
28264,10.676,LH2,-5.343,15.97,2.978,16.87,PI+SIDIS,0.44,4.4,0.52,2.0,105.96,58.98,105.55,58.75,93.418,51.995,268.88,149.65,146.29,81.422,0.9993,0.8573,0.9785,0.9768,-1.0,-1.0,-1.0,-1.0,1.0,-1.0,0.99973,-999,25247.0,2916.83,22330.2,216.785,1.55734,51.2773,0.464042,1.0,8.396,11.046
28265,10.676,LH2,-5.343,15.97,2.978,16.87,HMSDIS,0.44,4.4,0.52,2.0,44457.134,58.048,44245.075,57.771,39268.07,51.27,113534.05,148.2,61475.215,80.26,0.9993,0.7511,-999,-999,-1.0,-1.0,-1.0,1.0,-1.0,-1.0,0.63116,98.1807,-999,-999,-999,-999,-999,-999,-999,1.0,8.263,10.87
28266,10.676,LH2,-5.343,15.97,2.978,16.87,HMSDIS,0.44,4.4,0.52,2.0,59961.681,55.862,59681.982,55.602,53005.847,49.38,155696.86,145.0,82908.879,77.24,0.9992,0.8635,-999,-999,-1.0,-1.0,5.0,-1.0,-1.0,-1.0,0.99927,98.2044,-999,-999,-999,-999,-999,-999,-999,1.0,7.961,10.4
28267,10.676,LD2,-5.343,15.97,2.978,16.87,PI+SIDIS,0.44,4.4,0.52,2.0,115.19,68.481,114.88,68.295,101.03,60.066,251.54,149.54,152.88,90.885,0.999,0.8077,0.9802,0.978,-1.0,-1.0,-1.0,-1.0,-1.0,1.0,0.9991,-999,48688.0,12605.2,36082.8,321.763,2.00965,51.2984,0.495772,1.0,17.36,26.523
28268,10.676,LH2,-5.343,15.97,-5.154,16.87,PI-SIDIS,-999,-999,-999,-999,163.22,67.205,162.82,67.04,143.97,59.278,359.59,148.05,217.01,89.348,0.9989,0.8579,0.9918,0.9637,-1.0,-1.0,-1.0,-1.0,-1.0,1.0,0.99996,-999,2390.0,98.6667,2291.33,14.6188,0.312976,51.2874,0.453733,1.0,9.522,6.803
28269,10.676,Dummy,-5.343,15.97,-5.154,16.87,PI-SIDIS,-999,-999,-999,-999,58.183,50.003,57.874,49.738,50.845,43.697,175.74,151.03,79.407,68.243,0.9995,0.8824,0.9888,0.9868,-1.0,-1.0,-1.0,-1.0,-1.0,1.0,1.0,-999,551.0,3.5,547.5,9.59155,0.411443,51.3423,0.455004,1.0,2.425,-999
28270,10.676,LD2,-5.343,15.97,-5.154,16.87,PI-SIDIS,-999,-999,-999,-999,126.69,70.132,126.38,69.957,111.32,61.625,273.78,151.54,168.33,93.18,0.9989,0.8704,0.9919,0.967,-1.0,-1.0,-1.0,-1.0,-1.0,1.0,0.99995,-999,9564.0,340.833,9223.17,75.5566,0.803522,51.2892,0.447773,1.0,17.74,14.639
28276,10.676,LH2,-5.343,15.97,-3.837,16.87,HMSDIS,-999,-999,-999,-999,53449.247,69.332,53315.344,69.158,47234.487,61.27,115999.45,150.4,70839.759,91.89,0.9992,0.7558,-999,-999,-1.0,-1.0,-1.0,5.0,-1.0,-1.0,0.99909,99.6417,-999,-999,-999,-999,-999,-999,-999,1.0,9.816,17.7
28277,10.676,LH2,-5.343,15.97,-3.837,16.87,HMSDIS,-999,-999,-999,-999,9054.522,70.312,9033.054,70.145,7992.617,62.06,19477.685,151.2,12041.558,93.5,0.9992,0.8673,-999,-999,-1.0,-1.0,5.0,-1.0,-1.0,-1.0,1.0,99.6416,-999,-999,-999,-999,-999,-999,-999,1.0,9.963,18.04
28278,10.676,LH2,-5.343,15.97,-3.837,16.87,HMSDIS,-999,-999,-999,-999,27622.417,67.559,27562.978,67.414,24271.72,59.36,60707.04,148.4,36634.011,89.6,0.9991,0.8629,-999,-999,-1.0,-1.0,5.0,-1.0,-1.0,-1.0,0.99882,99.643,-999,-999,-999,-999,-999,-999,-999,1.0,9.563,17.34
28280,10.676,Dummy,-5.343,15.97,-3.837,16.87,PI-SIDIS,-999,-999,-999,-999,40.994,49.612,40.817,49.399,35.88,43.424,124.04,150.11,56.091,67.884,0.9997,0.8333,0.9933,0.9845,-1.0,-1.0,-1.0,-1.0,-1.0,1.0,1.0,-999,1014.0,20.8333,993.167,24.7227,0.794026,51.3829,0.485979,1.0,2.406,-999
28281,10.676,Dummy,-5.343,15.97,-3.837,16.87,PI-SIDIS,-999,-999,-999,-999,78.003,48.305,77.544,48.021,68.774,42.59,238.03,147.41,107.53,66.593,0.9995,0.8333,0.9872,0.9872,-1.0,-1.0,-1.0,-1.0,-1.0,1.0,1.0,-999,1927.0,31.3333,1895.67,24.7757,0.574503,51.2805,0.406813,1.0,2.348,-999
28282,10.676,Dummy,-5.343,15.97,-3.837,16.87,PI-SIDIS,-999,-999,-999,-999,91.98,50.313,91.474,50.036,81.042,44.33,276.6,151.3,126.69,69.302,0.9991,0.8737,0.9905,0.9885,-1.0,-1.0,-1.0,-1.0,-1.0,1.0,1.0,-999,2237.0,40.0,2197.0,24.3191,0.524319,51.2855,0.408504,1.0,2.443,-999
28283,10.676,Dummy,-5.343,15.97,-3.837,16.87,PI-SIDIS,-999,-999,-999,-999,30.33,48.367,30.175,48.121,26.703,42.584,92.389,147.33,41.751,66.58,0.9991,0.9091,0.9835,0.9875,-1.0,-1.0,-1.0,-1.0,-1.0,1.0,1.0,-999,753.0,12.1667,740.833,24.8844,0.922971,51.3136,0.456293,1.0,2.347,-999
28284,10.676,Dummy,-5.343,15.97,-3.837,16.87,HMSDIS,-999,-999,-999,-999,45582.08,49.758,45366.189,49.522,40113.681,43.78,137683.04,150.2,62700.276,68.44,0.9993,0.8307,-999,-999,-1.0,-1.0,-1.0,3.0,-1.0,-1.0,0.99981,99.9162,-999,-999,-999,-999,-999,-999,-999,1.0,2.416,4.101
28285,10.676,Dummy,-5.343,15.97,-3.837,16.87,PI-SIDIS,-999,-999,-999,-999,87.732,49.853,87.329,49.625,77.167,43.85,264.98,150.57,120.61,68.541,0.9998,0.8837,0.994,0.987,-1.0,-1.0,-1.0,-1.0,-1.0,1.0,1.0,-999,2092.0,32.6667,2059.33,23.8967,0.531443,51.3254,0.505444,1.0,2.417,-999
28286,10.676,Dummy,-5.343,15.97,-3.837,16.87,PI-SIDIS,-999,-999,-999,-999,63.66,49.378,63.352,49.139,55.96,43.405,192.7,149.46,87.471,67.846,0.9996,0.8971,0.992,0.9865,-1.0,-1.0,-1.0,-1.0,-1.0,1.0,1.0,-999,1487.0,27.6667,1459.33,23.3599,0.618222,51.3344,0.493324,1.0,2.397,-999
28287,10.676,LH2,-5.343,15.97,-3.837,16.87,PI-SIDIS,-999,-999,-999,-999,112.02,67.302,111.61,67.053,98.464,59.155,246.38,148.02,148.67,89.319,0.9991,0.772,0.9903,0.9853,-1.0,-1.0,-1.0,-1.0,-1.0,1.0,0.99998,-999,9347.0,435.5,8911.5,81.1112,0.883376,51.3271,0.502019,1.0,9.543,14.034
28288,10.676,LH2,-5.343,15.97,-3.837,16.87,PI-SIDIS,-999,-999,-999,-999,96.466,66.238,96.133,66.009,84.763,58.202,214.08,146.99,127.91,87.83,0.9991,0.8205,0.9907,0.9864,-1.0,-1.0,-1.0,-1.0,-1.0,1.0,0.99997,-999,8084.0,368.333,7715.67,81.4424,0.952649,51.3357,0.490003,1.0,9.391,13.8
28289,10.676,LH2,-5.343,15.97,-3.837,16.87,PI-SIDIS,-999,-999,-999,-999,133.58,70.317,133.2,70.121,117.44,61.822,287.8,151.5,177.01,93.182,0.9991,0.8017,0.993,0.9868,-1.0,-1.0,-1.0,-1.0,-1.0,1.0,0.99998,-999,11121.0,512.833,10608.2,80.7752,0.806068,51.3227,0.487524,1.0,9.964,14.648
28290,10.676,LH2,-5.343,15.97,-3.837,16.87,PI-SIDIS,-999,-999,-999,-999,63.843,63.245,63.67,63.074,56.143,55.617,145.58,144.22,84.903,84.108,0.9991,0.7729,0.9915,0.9888,-1.0,-1.0,-1.0,-1.0,-1.0,1.0,0.99996,-999,5295.0,233.667,5061.33,80.4695,1.16116,51.3206,0.495729,1.0,8.965,13.18
28291,10.676,LH2,-5.343,15.97,-3.837,16.87,PI-SIDIS,-999,-999,-999,-999,107.5,64.56,107.11,64.328,94.533,56.772,241.05,144.76,142.66,85.677,0.9991,0.8772,0.9897,0.9851,-1.0,-1.0,-1.0,-1.0,1.0,-1.0,0.99995,-999,8847.0,429.167,8417.83,79.8511,0.895833,51.2872,0.367505,1.0,9.151,13.453
28292,10.676,LH2,-5.343,15.97,-3.837,16.87,PI-SIDIS,-999,-999,-999,-999,115.47,67.616,115.11,67.406,101.65,59.525,253.63,148.52,153.21,89.719,0.9991,0.8089,0.9909,0.9868,-1.0,-1.0,-1.0,-1.0,-1.0,1.0,0.99999,-999,9698.0,456.667,9241.33,81.431,0.871152,51.3035,0.402395,1.0,9.579,14.09
28293,10.676,LH2,-5.343,15.97,-3.837,16.87,PI-SIDIS,-999,-999,-999,-999,116.74,68.434,116.43,68.255,102.87,60.305,255.21,149.6,155.13,90.938,0.999,0.7667,0.9916,0.9882,-1.0,-1.0,-1.0,-1.0,-1.0,1.0,0.99998,-999,9575.0,440.333,9134.67,79.4684,0.854533,51.2823,0.369436,1.0,9.69,14.25
28294,10.676,LH2,-5.343,15.97,-3.837,16.87,PI-SIDIS,-999,-999,-999,-999,57.292,67.456,57.15,67.288,50.506,59.466,126.06,148.42,76.187,89.702,0.9992,0.7649,0.9911,0.9857,-1.0,-1.0,-1.0,-1.0,-1.0,1.0,0.99997,-999,4761.0,230.167,4530.83,80.4968,1.23081,51.2872,0.365808,1.0,9.548,14.049
28295,10.676,LH2,-5.343,15.97,-3.837,14.875,PI-SIDIS,-999,-999,-999,-999,118.38,68.157,118.13,68.01,104.46,60.138,259.69,149.5,157.38,90.607,0.9991,0.7924,0.9904,0.9848,-1.0,-1.0,-1.0,-1.0,-1.0,1.0,0.99997,-999,12022.0,1185.17,10836.8,93.2346,0.951047,51.2826,0.364785,1.0,9.653,29.366
28296,10.676,LH2,-5.343,15.97,-3.837,14.875,PI-SIDIS,-999,-999,-999,-999,49.832,66.927,49.713,66.768,43.987,59.078,110.05,147.8,66.247,88.974,0.9991,0.7853,0.9907,0.9851,-1.0,-1.0,-1.0,-1.0,-1.0,1.0,0.99994,-999,5065.0,507.5,4557.5,93.1526,1.46674,51.2814,0.372583,1.0,9.486,28.798
28298,10.676,LH2,-5.343,15.97,-3.837,14.875,PI-SIDIS,-999,-999,-999,-999,116.8,67.697,116.41,67.473,102.69,59.519,256.42,148.62,154.85,89.753,0.9992,0.7935,0.99,0.9859,-1.0,-1.0,-1.0,-1.0,-1.0,1.0,0.99993,-999,11806.0,1170.5,10635.5,92.7469,0.955327,51.2972,0.363746,1.0,9.594,29.124
28299,10.676,LH2,-5.343,15.97,-3.837,14.875,PI-SIDIS,-999,-999,-999,-999,116.56,69.123,116.23,68.926,102.07,60.529,253.58,150.37,154.83,91.819,0.9993,0.7879,0.9913,0.9863,-1.0,-1.0,-1.0,-1.0,-1.0,1.0,0.99994,-999,11633.0,1154.17,10478.8,91.4747,0.949282,51.3131,0.359511,1.0,9.789,29.66
28300,10.676,Dummy,-5.343,15.97,-3.837,14.875,PI-SIDIS,-999,-999,-999,-999,84.504,49.856,84.109,49.623,74.297,43.834,254.87,150.37,116.29,68.614,0.9996,0.9236,0.9922,0.9881,-1.0,-1.0,-1.0,-1.0,-1.0,1.0,1.0,-999,2377.0,86.5,2290.5,27.5715,0.588651,51.278,0.375267,1.0,2.418,8.394
28301,10.676,Dummy,-5.343,15.97,-3.837,14.875,PI-SIDIS,-999,-999,-999,-999,88.248,49.77,87.845,49.543,77.813,43.885,266.83,150.49,121.77,68.677,0.9989,0.8561,0.9891,0.9883,-1.0,-1.0,-1.0,-1.0,-1.0,1.0,1.0,-999,2533.0,90.5,2442.5,28.1648,0.582075,51.2743,0.37323,1.0,2.413,8.386
28302,10.676,Dummy,-5.343,15.97,-3.837,14.875,PI-SIDIS,-999,-999,-999,-999,88.321,49.422,87.931,49.203,77.976,43.633,267.71,149.8,121.94,68.237,0.9999,0.8394,0.9892,0.9878,-1.0,-1.0,-1.0,-1.0,-1.0,1.0,1.0,-999,2567.0,81.8333,2485.17,28.6146,0.584919,51.2794,0.371948,1.0,2.397,8.335
28303,10.676,Dummy,-5.343,15.97,-3.837,14.875,PI-SIDIS,-999,-999,-999,-999,110.41,50.352,109.83,50.085,96.809,44.147,332.56,151.65,151.11,68.912,0.9992,0.8381,0.992,0.9885,-1.0,-1.0,-1.0,-1.0,-1.0,1.0,1.0,-999,3108.0,109.333,2998.67,27.6423,0.515414,51.3232,0.370222,1.0,2.443,8.477
28304,10.676,LH2,-5.343,15.97,-3.837,14.875,PI-SIDIS,-999,-999,-999,-999,107.48,68.871,107.15,68.662,94.186,60.35,233.6,149.68,142.55,91.345,0.9991,0.788,0.992,0.9864,-1.0,-1.0,-1.0,-1.0,-1.0,1.0,0.99994,-999,11109.0,1070.33,10038.7,95.063,1.00608,51.3004,0.380054,1.0,9.749,29.57
28305,10.676,LH2,-5.343,15.97,-3.837,14.875,PI-SIDIS,-999,-999,-999,-999,116.09,70.92,115.8,70.739,102.17,62.416,249.18,152.22,154.03,94.093,0.9992,0.7961,0.9912,0.986,-1.0,-1.0,-1.0,-1.0,-1.0,1.0,0.99995,-999,11868.0,1145.17,10722.8,93.9918,0.962573,51.2694,0.376205,1.0,10.04,30.448
28306,10.676,LH2,-5.343,15.97,-3.837,12.865,PI-SIDIS,-999,-999,-999,-999,101.01,66.092,100.78,65.945,89.174,58.345,224.46,146.86,134.32,87.885,0.9991,0.7691,0.9893,0.9847,-1.0,-1.0,-1.0,-1.0,-1.0,1.0,0.99982,-999,11705.0,2431.5,9273.5,93.5392,1.11001,51.2566,0.384507,1.0,9.357,59.482
28307,10.676,LH2,-5.343,15.97,-3.837,12.865,PI-SIDIS,-999,-999,-999,-999,72.566,59.25,72.401,59.115,64.065,52.308,175.83,143.56,97.0,79.2,0.9992,0.7756,0.9895,0.9837,-1.0,-1.0,-1.0,-1.0,-1.0,1.0,0.99986,-999,8454.0,1661.67,6792.33,95.4598,1.3132,51.2682,0.384849,1.0,8.396,53.307
28308,10.676,LH2,-5.343,15.97,-3.837,12.865,PI-SIDIS,-999,-999,-999,-999,102.77,67.488,102.44,67.275,90.575,59.479,226.19,148.53,136.33,89.529,0.9992,0.7657,0.9885,0.9847,-1.0,-1.0,-1.0,-1.0,-1.0,1.0,0.99987,-999,11874.0,2449.0,9425.0,93.5138,1.09959,51.2674,0.379383,1.0,9.561,60.653
28309,10.676,LH2,-5.343,15.97,-3.837,12.865,PI-SIDIS,-999,-999,-999,-999,87.567,62.929,87.247,62.7,77.1,55.408,199.7,143.51,116.39,83.644,0.9992,0.7613,0.9885,0.9847,-1.0,-1.0,-1.0,-1.0,-1.0,1.0,0.99987,-999,10075.0,2046.5,8028.5,93.5372,1.18906,51.2674,0.37252,1.0,8.919,56.456
28310,10.676,Dummy,-5.343,15.97,-3.837,12.865,PI-SIDIS,-999,-999,-999,-999,83.981,49.375,83.558,49.126,73.801,43.39,254.34,149.53,115.36,67.824,0.9994,0.8755,0.9917,0.987,-1.0,-1.0,-1.0,-1.0,-1.0,1.0,0.99998,-999,2572.0,171.667,2400.33,29.123,0.618731,51.3009,0.375458,1.0,2.396,17.167
28311,10.676,Dummy,-5.343,15.97,-3.837,12.865,PI-SIDIS,-999,-999,-999,-999,84.879,49.493,84.476,49.258,74.534,43.46,256.51,149.57,116.49,67.929,0.9995,0.8957,0.9898,0.9852,-1.0,-1.0,-1.0,-1.0,-1.0,1.0,1.0,-999,2472.0,173.833,2298.17,27.6275,0.601193,51.3143,0.382101,1.0,2.4,17.22
28312,10.676,Dummy,-5.343,15.97,-3.837,12.865,PI-SIDIS,-999,-999,-999,-999,78.185,47.97,77.836,47.756,68.591,42.084,239.02,146.65,107.2,65.775,0.9993,0.8596,0.9936,0.9854,-1.0,-1.0,-1.0,-1.0,-1.0,1.0,1.0,-999,2382.0,166.5,2215.5,28.9057,0.640467,51.3017,0.371805,1.0,2.327,16.711
28313,10.676,Dummy,-5.343,15.97,-3.837,12.865,PI-SIDIS,-999,-999,-999,-999,100.32,48.474,99.86,48.248,87.905,42.472,305.78,147.74,137.33,66.355,0.9995,0.8453,0.9893,0.9862,-1.0,-1.0,-1.0,-1.0,-1.0,1.0,0.99998,-999,3039.0,205.0,2834.0,28.7917,0.563197,51.3195,0.374609,1.0,2.353,16.885
28314,10.676,LH2,-5.343,15.97,-3.837,12.865,PI-SIDIS,-999,-999,-999,-999,25.893,51.24,25.788,51.034,22.661,44.845,65.557,129.73,34.591,68.454,0.999,0.8107,0.9845,0.9846,-1.0,-1.0,-1.0,-1.0,-1.0,1.0,0.99989,-999,2936.0,566.0,2370.0,93.444,2.17044,51.3061,0.384793,1.0,7.275,46.02
28315,10.676,LH2,-5.343,15.97,-3.837,12.865,PI-SIDIS,-999,-999,-999,-999,87.317,59.512,87.03,59.316,76.316,52.014,210.95,143.77,118.74,80.932,0.9991,0.7717,0.9895,0.9843,-1.0,-1.0,-1.0,-1.0,-1.0,1.0,0.99989,-999,9936.0,1952.5,7983.5,93.2901,1.18371,51.3035,0.373479,1.0,8.451,53.559
28317,10.676,LH2,-5.343,15.97,-3.837,12.865,PI-SIDIS,-999,-999,-999,-999,93.172,61.021,92.879,60.829,81.428,53.33,223.03,146.07,127.25,83.34,0.9992,0.7551,0.9903,0.9848,-1.0,-1.0,-1.0,-1.0,-1.0,1.0,0.99991,-999,10603.0,2085.67,8517.33,93.2019,1.14509,51.3078,0.370858,1.0,8.669,54.873
28318,10.676,LH2,-5.343,15.97,-3.837,12.865,PI-SIDIS,-999,-999,-999,-999,110.26,63.9,109.92,63.704,96.474,55.91,258.37,149.73,150.82,87.406,0.9992,0.7634,0.9894,0.9847,-1.0,-1.0,-1.0,-1.0,-1.0,1.0,0.9999,-999,12918.0,2470.67,10447.3,96.6058,1.0676,51.3011,0.374217,1.0,9.075,57.435
28319,10.676,LH2,-5.343,15.97,-2.978,12.865,PI-SIDIS,0.44,4.4,0.52,-2.0,97.189,60.519,96.78,60.264,85.026,52.945,234.19,145.83,132.85,82.73,0.9992,0.7598,0.9866,0.9854,-1.0,-1.0,-1.0,-1.0,-1.0,1.0,0.99978,-999,15447.0,6316.83,9130.17,95.8349,1.34829,51.2768,0.371049,1.0,8.6,60.445
28321,10.676,LH2,-5.343,15.97,-2.978,12.865,PI-SIDIS,0.44,4.4,0.52,-2.0,76.915,55.972,76.545,55.703,67.233,48.927,191.28,139.2,105.02,76.426,0.9992,0.7649,0.9864,0.9853,-1.0,-1.0,-1.0,-1.0,-1.0,1.0,0.99979,-999,12202.0,4903.83,7298.17,96.8646,1.51442,51.271,0.382341,1.0,7.956,55.785
28322,10.676,LH2,-5.343,15.97,-2.978,12.865,PI-SIDIS,0.44,4.4,0.52,-2.0,107.5,63.086,107.04,62.818,94.017,55.171,253.12,148.54,146.9,86.205,0.9992,0.7624,0.9856,0.9851,-1.0,-1.0,-1.0,-1.0,-1.0,1.0,0.99979,-999,17203.0,7124.33,10078.7,95.6715,1.28729,51.2685,0.381669,1.0,8.962,-999
28323,10.676,LH2,-5.343,15.97,-2.978,12.865,PI-SIDIS,0.44,4.4,0.52,-2.0,103.28,61.396,102.88,61.161,90.393,53.735,245.28,145.8,141.23,83.957,0.9993,0.7594,0.9857,0.9857,-1.0,-1.0,-1.0,-1.0,-1.0,1.0,0.99977,-999,16319.0,6813.33,9505.67,93.8185,1.30395,51.2733,0.380552,1.0,8.718,-999
28324,10.676,Dummy,-5.343,15.97,-2.978,12.865,PI-SIDIS,0.44,4.4,0.52,-2.0,80.258,47.642,79.843,47.396,70.237,41.693,244.27,145.0,109.77,65.162,0.999,0.8602,0.9921,0.9882,-1.0,-1.0,-1.0,-1.0,-1.0,1.0,1.0,-999,2777.0,476.333,2300.67,29.1881,0.67805,51.3011,0.369144,1.0,2.311,17.493
28325,10.676,Dummy,-5.343,15.97,-2.978,12.865,PI-SIDIS,0.44,4.4,0.52,-2.0,90.488,50.911,90.008,50.641,79.25,44.588,269.17,151.44,123.88,69.702,0.9995,0.8486,0.988,0.9879,-1.0,-1.0,-1.0,-1.0,-1.0,1.0,0.99996,-999,3239.0,542.0,2697.0,30.3473,0.649259,51.2959,0.363171,1.0,2.472,18.719
28326,10.676,Dummy,-5.343,15.97,-2.978,12.865,PI-SIDIS,0.44,4.4,0.52,-2.0,81.371,49.047,80.874,48.747,71.259,42.952,244.8,147.55,111.4,67.147,0.9993,0.811,0.9901,0.9884,-1.0,-1.0,-1.0,-1.0,-1.0,1.0,0.99999,-999,2901.0,486.167,2414.83,30.2312,0.683634,51.2857,0.37804,1.0,2.382,18.038
28327,10.676,Dummy,-5.343,15.97,-2.978,12.865,PI-SIDIS,0.44,4.4,0.52,-2.0,91.789,50.998,91.231,50.689,80.47,44.71,272.72,151.52,125.76,69.874,0.9993,0.8363,0.9865,0.9873,-1.0,-1.0,-1.0,-1.0,-1.0,1.0,0.99998,-999,3208.0,554.5,2653.5,29.481,0.638275,51.2812,0.381288,1.0,2.476,18.786
28328,10.676,LD2,-5.343,15.97,-2.978,12.865,PI-SIDIS,0.44,4.4,0.52,-2.0,81.543,44.833,81.057,44.566,71.403,39.257,272.01,149.55,111.57,61.346,0.9992,0.8317,0.9825,0.9839,-1.0,-1.0,-1.0,-1.0,-1.0,1.0,0.99944,-999,31587.0,15548.8,16038.2,201.375,2.32128,51.2324,0.384948,1.0,11.37,-999
28330,10.676,LD2,-5.343,15.97,-2.978,12.865,PI-SIDIS,0.44,4.4,0.52,-2.0,12.643,39.52,12.572,39.299,11.076,34.622,44.015,137.58,17.308,54.104,0.9993,0.8385,0.9845,0.9844,-1.0,-1.0,-1.0,-1.0,-1.0,1.0,0.99949,-999,4835.0,2296.33,2538.67,205.378,5.84372,51.2305,0.385856,1.0,10.028,87.701
28331,10.676,LD2,-5.343,15.97,-2.978,12.865,PI-SIDIS,0.44,4.4,0.52,-2.0,79.918,42.075,79.427,41.816,70.043,36.876,273.6,144.04,109.47,57.634,0.9992,0.8175,0.9842,0.9841,-1.0,-1.0,-1.0,-1.0,-1.0,1.0,0.9995,-999,30531.0,14801.2,15729.8,201.502,2.32701,51.2291,0.387057,1.0,10.67,-999
28332,10.676,LD2,-5.343,15.97,-2.978,12.865,PI-SIDIS,0.44,4.4,0.52,-2.0,74.375,44.601,73.864,44.294,65.199,39.098,250.98,150.5,101.9,61.111,0.9992,0.8208,0.9835,0.9841,-1.0,-1.0,-1.0,-1.0,-1.0,1.0,0.9995,-999,28569.0,14013.0,14556.0,200.509,2.4216,51.2192,0.384218,1.0,11.31,-999
28333,10.676,LD2,-5.343,15.97,-2.978,12.865,PI-SIDIS,0.44,4.4,0.52,-2.0,44.394,42.909,44.102,42.627,38.937,37.636,151.03,145.98,60.856,58.821,0.9991,0.8249,0.9839,0.9841,-1.0,-1.0,-1.0,-1.0,-1.0,1.0,0.99958,-999,17000.0,8269.83,8730.17,201.418,3.12773,51.2119,0.389785,1.0,10.88,95.027
28334,10.676,LH2,-5.343,15.97,-2.978,12.865,PI-SIDIS,0.44,4.4,0.52,-2.0,104.59,60.417,104.24,60.212,92.094,53.196,243.07,140.4,138.69,80.113,0.9993,0.7629,0.9863,0.9853,-1.0,-1.0,-1.0,-1.0,-1.0,1.0,0.99977,-999,16877.0,7082.33,9794.67,95.4528,1.30956,51.235,0.380366,1.0,8.565,-999
28335,10.676,LH2,-5.343,15.97,-2.978,12.865,PI-SIDIS,0.44,4.4,0.52,-2.0,106.37,67.602,106.06,67.405,93.721,59.559,232.08,147.48,139.97,88.954,0.9992,0.7533,0.986,0.9852,-1.0,-1.0,-1.0,-1.0,-1.0,1.0,0.99974,-999,17107.0,7549.5,9557.5,91.5584,1.29823,51.2324,0.389675,1.0,9.575,-999
28336,10.676,LH2,-5.343,15.97,-2.978,12.865,PI-SIDIS,0.44,4.4,0.52,-2.0,86.585,70.427,86.349,70.235,76.296,62.058,185.82,151.14,113.98,92.717,0.9992,0.7403,0.9857,0.9848,-1.0,-1.0,-1.0,-1.0,-1.0,1.0,0.99977,-999,14139.0,6233.83,7905.17,93.0582,1.45027,51.2262,0.383496,1.0,9.966,70.457
28337,10.676,LH2,-5.343,15.97,-2.978,14.88,PI-SIDIS,-999,-999,-999,-999,106.22,66.211,105.8,65.949,93.58,58.332,235.08,146.53,140.0,87.267,0.9992,0.7733,0.9888,0.9873,-1.0,-1.0,-1.0,-1.0,-1.0,1.0,0.99986,-999,13569.0,3820.17,9748.83,93.417,1.1421,51.2478,0.382555,1.0,9.385,33.289
28338,10.676,LH2,-5.343,15.97,-2.978,14.88,PI-SIDIS,-999,-999,-999,-999,111.7,66.778,111.27,66.522,98.453,58.854,246.74,147.5,147.4,88.115,0.9991,0.7637,0.9875,0.9876,-1.0,-1.0,-1.0,-1.0,-1.0,1.0,0.99985,-999,14430.0,3920.5,10509.5,95.7287,1.11869,51.2441,0.378743,1.0,9.463,33.631
28339,10.676,LH2,-5.343,15.97,-2.978,14.88,PI-SIDIS,-999,-999,-999,-999,106.55,66.186,106.18,65.955,93.971,58.367,235.17,146.07,140.11,87.027,0.9992,0.7603,0.9888,0.9871,-1.0,-1.0,-1.0,-1.0,-1.0,1.0,0.99985,-999,13813.0,3752.5,10060.5,96.0714,1.14745,51.254,0.373943,1.0,9.382,33.346
28340,10.676,LH2,-5.343,15.97,-2.978,14.88,PI-SIDIS,-999,-999,-999,-999,119.22,69.922,118.84,69.702,105.18,61.691,256.53,150.45,156.85,91.993,0.9992,0.7718,0.9883,0.9872,-1.0,-1.0,-1.0,-1.0,-1.0,1.0,0.99985,-999,15321.0,4308.83,11012.2,93.9483,1.08045,51.2498,0.381649,1.0,9.898,35.259
28341,10.676,LH2,-5.343,15.97,-2.978,14.88,PI-SIDIS,-999,-999,-999,-999,112.31,66.819,111.97,66.62,99.152,58.991,247.53,147.26,148.16,88.154,0.9991,0.8652,0.9826,0.9808,-1.0,-1.0,-1.0,-1.0,1.0,-1.0,0.9998,-999,14267.0,4055.83,10211.2,93.0785,1.11428,51.247,0.380511,1.0,9.465,33.736
28343,10.676,LH2,-5.343,15.97,-2.978,14.88,HMSDIS,-999,-999,-999,-999,58118.965,66.597,57951.089,66.405,51138.618,58.59,128087.46,146.7,76544.095,87.71,0.9992,0.759,-999,-999,-1.0,-1.0,-1.0,3.0,-1.0,-1.0,0.99831,98.4195,-999,-999,-999,-999,-999,-999,-999,1.0,9.444,33.6
28344,10.676,LH2,-5.343,15.97,-2.978,14.88,HMSDIS,-999,-999,-999,-999,57633.849,69.932,57452.353,69.712,50493.562,61.26,124186.05,150.6,75881.222,92.07,0.9992,0.8625,-999,-999,-1.0,-1.0,5.0,-1.0,-1.0,-1.0,0.99868,98.3948,-999,-999,-999,-999,-999,-999,-999,1.0,9.915,35.2
28345,10.676,Dummy,-5.343,15.97,-2.978,14.88,PI-SIDIS,-999,-999,-999,-999,78.706,49.41,78.225,49.108,68.733,43.15,236.16,148.25,107.37,67.409,0.9995,0.8698,0.9924,0.989,-1.0,-1.0,-1.0,-1.0,-1.0,1.0,1.0,-999,2510.0,249.667,2260.33,29.2313,0.653255,51.3009,0.367469,1.0,2.4,9.474
28346,10.676,Dummy,-5.343,15.97,-2.978,14.88,PI-SIDIS,-999,-999,-999,-999,94.57,50.096,94.006,49.798,82.923,43.927,282.61,149.7,129.7,68.711,0.9993,0.8583,0.9895,0.9882,-1.0,-1.0,-1.0,-1.0,-1.0,1.0,0.99998,-999,3033.0,289.0,2744.0,29.5594,0.597955,51.2934,0.365398,1.0,2.431,9.626
28347,10.676,Dummy,-5.343,15.97,-2.978,14.88,PI-SIDIS,-999,-999,-999,-999,91.838,49.628,91.322,49.349,80.758,43.641,275.67,148.96,126.3,68.251,0.9991,0.8201,0.9857,0.9892,-1.0,-1.0,-1.0,-1.0,-1.0,1.0,0.99998,-999,2953.0,282.667,2670.33,29.5872,0.606887,51.2844,0.368718,1.0,2.406,9.553
28348,10.676,Dummy,-5.343,15.97,-2.978,14.88,PI-SIDIS,-999,-999,-999,-999,94.216,50.947,93.72,50.679,83.026,44.896,280.19,151.51,129.82,70.203,0.9993,0.8233,0.9896,0.9882,-1.0,-1.0,-1.0,-1.0,-1.0,1.0,1.0,-999,2994.0,297.5,2696.5,29.1358,0.596101,51.2593,0.375454,1.0,2.47,9.825
28349,10.676,Dummy,-5.343,15.97,-2.978,14.88,HMSDIS,-999,-999,-999,-999,24342.022,51.3,24217.712,51.038,21472.803,45.25,72179.821,152.1,33580.695,70.77,0.9994,0.826,-999,-999,-1.0,-1.0,-1.0,3.0,-1.0,-1.0,1.0,99.5988,-999,-999,-999,-999,-999,-999,-999,1.0,2.484,9.891
28350,10.676,Dummy,-5.343,15.97,-2.978,14.88,HMSDIS,-999,-999,-999,-999,42707.223,50.649,42472.059,50.37,37461.708,44.42,128451.89,152.3,58452.322,69.32,0.9994,0.8273,-999,-999,-1.0,-1.0,-1.0,3.0,-1.0,-1.0,0.99976,99.6023,-999,-999,-999,-999,-999,-999,-999,1.0,2.458,9.785
28351,10.676,LD2,-5.343,15.97,-2.978,14.88,PI-SIDIS,-999,-999,-999,-999,108.26,68.41,107.83,68.142,94.619,59.788,236.84,149.66,143.64,90.768,0.999,0.8236,0.9846,0.9838,-1.0,-1.0,-1.0,-1.0,-1.0,1.0,0.99931,-999,37294.0,16201.8,21092.2,199.147,1.88822,51.2681,0.375947,1.0,17.33,-999
28352,10.676,LD2,-5.343,15.97,-2.978,14.88,PI-SIDIS,-999,-999,-999,-999,122.91,69.201,122.46,68.944,107.85,60.721,266.9,150.26,163.15,91.853,0.999,0.824,0.9837,0.9834,-1.0,-1.0,-1.0,-1.0,-1.0,1.0,0.99927,-999,42412.0,18380.7,24031.3,199.894,1.77383,51.2379,0.388098,1.0,17.53,-999
28353,10.676,LD2,-5.343,15.97,-2.978,14.88,PI-SIDIS,-999,-999,-999,-999,99.501,69.215,99.169,68.983,87.541,60.895,216.87,150.86,132.25,91.995,0.999,0.8208,0.9838,0.9835,-1.0,-1.0,-1.0,-1.0,-1.0,1.0,0.99928,-999,30324.0,13350.8,16973.2,174.326,1.85297,51.2336,0.387802,1.0,17.53,-999
28354,10.676,LD2,-5.343,15.97,-2.978,14.88,HMSDIS,-999,-999,-999,-999,51579.73,64.775,51416.853,64.571,45438.214,57.06,116174.45,145.8,68732.108,86.31,0.999,0.8253,-999,-999,-1.0,-1.0,-1.0,9.0,-1.0,-1.0,1.0,97.8876,-999,-999,-999,-999,-999,-999,-999,1.0,-999,32.2
28356,10.676,LH2,-5.343,15.97,-2.978,14.88,PI-SIDIS,-999,-999,-999,-999,-999,-999,-999,-999,-999,-999,-999,-999,-999,-999,-999,-999,-999,-999,-999,-999,-999,-999,-999,-999,-999,-999,-999,-999,-999,-999,-999,-999,-999,1.0,-999,-999
28357,10.676,LH2,-5.343,15.97,-2.978,16.87,PI-SIDIS,0.44,4.4,0.52,2.0,116.37,61.07,115.98,60.868,102.34,53.71,273.3,143.42,154.9,81.293,0.9992,0.7536,0.9896,0.9873,-1.0,-1.0,-1.0,-1.0,-1.0,1.0,0.99994,-999,12162.0,1975.67,10186.3,89.0293,0.976829,51.2827,0.370101,1.0,8.676,16.077
28358,10.676,LH2,-5.343,15.97,-2.978,16.87,PI-SIDIS,0.44,4.4,0.52,2.0,108.03,66.702,107.7,66.495,94.965,58.63,240.37,148.4,143.6,88.66,0.9991,0.7656,0.989,0.9875,-1.0,-1.0,-1.0,-1.0,-1.0,1.0,0.99993,-999,11415.0,1895.67,9519.33,89.5906,1.01935,51.2863,0.373988,1.0,9.471,17.533
28359,10.676,LH2,-5.343,15.97,-2.978,16.87,PI-SIDIS,0.44,4.4,0.52,2.0,114.54,67.645,114.1,67.386,100.57,59.398,251.5,148.53,151.91,89.714,0.9992,0.777,0.9891,0.987,-1.0,-1.0,-1.0,-1.0,-1.0,1.0,0.9999,-999,11897.0,2085.83,9811.17,87.1966,0.983449,51.2843,0.36969,1.0,9.605,17.787
28360,10.676,LH2,-5.343,15.97,-2.978,16.87,PI-SIDIS,0.44,4.4,0.52,2.0,107.76,68.179,107.33,67.907,94.579,59.837,235.94,149.27,142.47,90.137,0.9992,0.7653,0.9903,0.9878,-1.0,-1.0,-1.0,-1.0,-1.0,1.0,0.99992,-999,11237.0,1953.0,9284.0,87.6412,1.01508,51.2903,0.367412,1.0,9.685,17.91
28361,10.676,Dummy,-5.343,15.97,-2.978,16.87,PI-SIDIS,0.44,4.4,0.52,2.0,74.223,48.415,73.797,48.137,65.052,42.432,225.9,147.35,101.6,66.273,0.9993,0.8403,0.9862,0.9858,-1.0,-1.0,-1.0,-1.0,-1.0,1.0,1.0,-999,2112.0,121.667,1990.33,27.378,0.635182,51.2945,0.34422,1.0,2.355,-999
28362,10.676,Dummy,-5.343,15.97,-2.978,16.87,PI-SIDIS,0.44,4.4,0.52,2.0,84.531,49.037,84.071,48.77,74.069,42.968,256.2,148.62,115.7,67.118,0.9995,0.7639,0.9937,0.9887,-1.0,-1.0,-1.0,-1.0,-1.0,1.0,1.0,-999,2385.0,144.5,2240.5,26.9682,0.590789,51.2948,0.35121,1.0,2.383,-999
28363,10.676,Dummy,-5.343,15.97,-2.978,16.87,PI-SIDIS,0.44,4.4,0.52,2.0,90.732,49.416,90.248,49.153,79.45,43.272,274.69,149.61,124.12,67.603,0.9995,0.8143,0.992,0.9844,-1.0,-1.0,-1.0,-1.0,-1.0,1.0,1.0002,-999,2662.0,143.333,2518.67,28.3647,0.583649,51.307,0.350622,1.0,2.404,-999
28364,10.676,Dummy,-5.343,15.97,-2.978,16.87,PI-SIDIS,0.44,4.4,0.52,2.0,67.583,50.793,67.183,50.492,59.149,44.454,202.67,152.32,92.411,69.452,0.9997,0.8,0.9877,0.9858,-1.0,-1.0,-1.0,-1.0,-1.0,1.0,1.0,-999,1925.0,113.0,1812.0,27.3678,0.665904,51.3066,0.342824,1.0,2.467,-999
28365,10.676,Dummy,-5.343,15.97,-2.978,16.87,PI-SIDIS,0.44,4.4,0.52,2.0,44.951,49.492,44.66,49.172,39.328,43.302,136.18,149.94,61.439,67.647,0.9993,0.873,0.9867,0.9893,-1.0,-1.0,-1.0,-1.0,-1.0,1.0,1.00018,-999,1263.0,77.0,1186.0,26.8622,0.809011,51.304,0.358113,1.0,2.403,-999
28373,10.676,LD2,-5.343,15.97,-2.978,16.87,PI-SIDIS,0.44,4.4,0.52,2.0,120.49,68.592,120.07,68.351,105.61,60.119,262.81,149.6,159.73,90.924,0.999,0.8264,0.9869,0.9859,-1.0,-1.0,-1.0,-1.0,-1.0,1.0,0.99963,-999,31514.0,9461.67,22052.3,186.535,1.53873,51.2665,0.368648,1.0,17.37,39.91
28374,10.676,LD2,-5.343,15.97,-2.978,16.87,PI-SIDIS,0.44,4.4,0.52,2.0,103.5,63.801,103.16,63.591,90.759,55.944,234.13,144.32,137.56,84.795,0.999,0.8206,0.9868,0.9864,-1.0,-1.0,-1.0,-1.0,-1.0,1.0,0.99965,-999,26961.0,7970.0,18991.0,186.875,1.65506,51.2683,0.368848,1.0,16.16,37.066
28375,10.676,LD2,-5.343,15.97,-2.978,16.87,PI-SIDIS,0.44,4.4,0.52,2.0,22.287,66.961,22.218,66.754,19.552,58.742,49.238,147.93,29.553,88.79,0.9989,0.817,0.9859,0.9865,-1.0,-1.0,-1.0,-1.0,-1.0,1.0,0.99968,-999,6035.0,1892.5,4142.5,189.268,3.64097,51.2609,0.3571,1.0,16.958,39.062
28376,10.676,LD2,-5.343,15.97,-2.978,16.87,PI-SIDIS,0.44,4.4,0.52,2.0,85.974,66.553,85.608,66.27,75.404,58.371,190.23,147.26,113.98,88.24,0.9991,0.8244,0.9878,0.9863,-1.0,-1.0,-1.0,-1.0,-1.0,1.0,0.99966,-999,22686.0,6710.83,15975.2,189.435,1.82955,51.2535,0.369724,1.0,16.86,38.714
28377,10.676,LH2,-5.343,15.97,-2.978,16.87,PI-SIDIS,0.44,4.4,0.52,2.0,108.41,66.241,107.99,65.983,95.169,58.15,240.15,146.73,143.84,87.889,0.9992,0.7828,0.9886,0.9874,-1.0,-1.0,-1.0,-1.0,-1.0,1.0,0.99992,-999,11394.0,1933.0,9461.0,88.8057,1.01601,51.2729,0.361994,1.0,9.393,17.388
28378,10.676,LH2,-5.343,15.97,-2.978,16.87,PI-SIDIS,0.44,4.4,0.52,2.0,131.29,70.961,130.87,70.731,115.4,62.372,281.86,152.33,174.19,94.146,0.9992,0.7612,0.9892,0.9879,-1.0,-1.0,-1.0,-1.0,-1.0,1.0,0.99994,-999,13896.0,2398.17,11497.8,89.01,0.925604,51.2651,0.364167,1.0,10.05,18.655
28379,10.676,LD2,-5.343,15.97,5.154,16.875,PI+SIDIS,-999,-999,-999,-999,191.14,69.8,190.53,69.577,168.2,61.423,414.18,151.24,254.04,92.768,0.999,0.7766,0.9949,0.9853,-1.0,-1.0,-1.0,-1.0,-1.0,1.0,0.99994,-999,35174.0,396.5,34777.5,185.441,1.00098,51.2541,0.365657,1.0,17.69,-999
28380,10.676,LH2,-5.38,23.985,6.163,20.79,HEE,-999,-999,-999,-999,155514.76,69.683,154905.8,69.41,136968.73,61.37,336820.59,150.9,206386.66,92.47,0.9979,0.348,-999,-999,-1.0,-1.0,-1.0,1.0,-1.0,-1.0,1.0,99.9384,-999,-999,-999,-999,-999,-999,-999,1.0,0.054,0.1
28381,10.676,LH2,-5.38,23.985,6.163,20.79,HEE,-999,-999,-999,-999,97775.288,67.17,97429.68,66.933,86152.434,59.18,215980.42,148.3,130012.48,89.31,0.9982,0.3724,-999,-999,-1.0,-1.0,-1.0,1.0,-1.0,-1.0,1.0,99.9331,-999,-999,-999,-999,-999,-999,-999,1.0,-999,-999
28382,10.676,LH2,-5.38,23.985,6.163,20.79,HEE,-999,-999,-999,-999,114810.94,70.01,114430.04,69.778,101189.63,61.7,247941.71,151.1,152359.31,92.9,0.9976,0.3459,-999,-999,-1.0,-1.0,-1.0,1.0,-1.0,-1.0,1.0,99.9305,-999,-999,-999,-999,-999,-999,-999,1.0,-999,-999
28383,10.676,LH2,-5.38,23.985,6.163,20.79,HEE,-999,-999,-999,-999,129110.91,70.691,128704.71,70.468,113828.79,62.32,278209.11,152.3,171436.31,93.86,0.9979,0.3484,-999,-999,-1.0,-1.0,-1.0,1.0,-1.0,-1.0,0.99895,99.9313,-999,-999,-999,-999,-999,-999,-999,1.0,-999,-999
28384,10.676,Dummy,-5.38,23.985,6.163,20.79,HEE,-999,-999,-999,-999,129871.62,49.351,129115.92,49.063,114390.95,43.46,393880.17,149.6,178741.77,67.92,0.998,0.7096,-999,-999,-1.0,-1.0,-1.0,1.0,-1.0,-1.0,1.0,99.9797,-999,-999,-999,-999,-999,-999,-999,1.0,-999,-999
28385,10.676,LH2,5.343,15.965,6.163,20.79,HMSDIS,-999,-999,-999,-999,92166.23,66.324,91853.268,66.099,80661.44,58.04,204286.38,147.0,122321.03,88.02,0.9988,0.9964,-999,-999,-1.0,-1.0,-1.0,1.0,-1.0,-1.0,0.99987,99.9329,-999,-999,-999,-999,-999,-999,-999,1.0,0.315,-999
28386,10.676,Dummy,5.343,15.965,6.163,20.79,HMSDIS,-999,-999,-999,-999,56136.961,49.401,55830.274,49.131,49089.152,43.19,170150.23,149.7,76737.382,67.53,0.9988,0.9972,-999,-999,-1.0,-1.0,-1.0,1.0,-1.0,-1.0,1.0,99.9799,-999,-999,-999,-999,-999,-999,-999,1.0,0.11,-999
28387,10.676,Dummy,5.343,15.965,6.163,20.79,HMSDIS,-999,-999,-999,-999,44702.109,49.729,44456.497,49.456,39185.935,43.59,135322.22,150.5,61272.596,68.16,0.9989,0.9971,-999,-999,-1.0,-1.0,-1.0,1.0,-1.0,-1.0,0.99994,99.98,-999,-999,-999,-999,-999,-999,-999,1.0,-999,-999
28388,10.676,C,5.343,15.965,6.163,20.79,HMSDIS,-999,-999,-999,-999,52159.668,49.923,51873.758,49.65,45815.523,43.85,157349.61,150.6,71638.615,68.56,0.9988,0.9966,-999,-999,-1.0,-1.0,-1.0,1.0,-1.0,-1.0,0.9995,99.935,-999,-999,-999,-999,-999,-999,-999,1.0,0.387,-999
28390,10.676,C,5.343,15.965,2.978,16.87,HMSDIS,0.44,4.4,0.52,2.0,23100.801,50.765,22955.757,50.447,20350.121,44.72,69320.866,152.3,31796.582,69.87,0.9986,0.9956,-999,-999,-1.0,-1.0,-1.0,1.0,-1.0,-1.0,0.99805,98.0493,-999,-999,-999,-999,-999,-999,-999,1.0,0.391,11.0
28391,10.676,C,5.343,15.965,2.978,16.87,HMSDIS,0.44,4.4,0.52,2.0,60401.107,49.782,60033.982,49.479,53231.503,43.87,182306.87,150.2,83167.954,68.54,0.9985,0.996,-999,-999,-1.0,-1.0,-1.0,1.0,-1.0,-1.0,0.99825,98.0612,-999,-999,-999,-999,-999,-999,-999,1.0,0.382,10.7
28392,10.676,Cu,5.343,15.965,2.978,16.87,PI+SIDIS,0.44,4.4,0.52,2.0,75.646,65.587,75.394,65.368,66.757,57.88,169.3,146.78,100.84,87.438,0.9993,0.996,0.9813,0.9767,-1.0,-1.0,-1.0,-1.0,-1.0,1.0,0.99993,-999,17.0,12.0,5.0,0.0679525,0.0592396,51.3,0.5,1.0,-999,14.536
28393,10.676,Cu,5.343,15.965,2.978,16.87,PI+SIDIS,0.44,4.4,0.52,2.0,12.415,16.551,12.379,16.502,10.897,14.527,45.058,60.068,16.794,22.388,1.0,0.994,0.987,0.976,-1.0,-1.0,-1.0,-1.0,-1.0,1.0,1.0,-999,2.0,0.833333,1.16667,0.0965631,0.121048,51.3,0.5,1.0,-999,-999
28394,10.676,Cu,5.343,15.965,2.978,16.87,PI+SIDIS,0.44,4.4,0.52,2.0,49.116,37.048,48.885,36.874,42.941,32.39,146.35,110.4,67.093,50.609,0.9994,0.996,0.9866,0.9771,-1.0,-1.0,-1.0,-1.0,-1.0,1.0,0.99994,-999,5.0,5.16667,-0.166667,-0.00349159,0.0507182,51.3,0.5,1.0,-999,7.965
28397,10.676,Cu,5.343,15.965,2.978,16.87,HMSDIS,0.44,4.4,0.52,2.0,9452.349,14.935,9404.213,14.859,8254.287,13.04,44095.5,69.67,12876.281,20.34,0.9986,0.9967,-999,-999,-1.0,-1.0,-1.0,1.0,-1.0,-1.0,1.0,99.2111,-999,-999,-999,-999,-999,-999,-999,1.0,-999,3.067
28398,10.676,Cu,5.343,15.965,2.978,16.87,HMSDIS,0.44,4.4,0.52,2.0,20463.882,13.748,20381.394,13.693,17866.245,12.0,95543.753,64.18,27875.26,18.72,0.9985,0.9964,-999,-999,-1.0,-1.0,-1.0,1.0,-1.0,-1.0,1.0,99.2506,-999,-999,-999,-999,-999,-999,-999,1.0,0.129,2.809
28399,10.676,Cu,5.343,15.965,2.978,16.87,HMSDIS,0.44,4.4,0.52,2.0,20810.882,25.541,20716.52,25.425,18195.285,22.33,78106.464,95.85,28400.921,34.85,0.9987,0.9961,-999,-999,-1.0,-1.0,-1.0,1.0,-1.0,-1.0,1.0,98.408,-999,-999,-999,-999,-999,-999,-999,1.0,0.232,5.422
28400,10.676,Cu,5.343,15.965,2.978,16.87,HMSDIS,0.44,4.4,0.52,2.0,3395.593,40.232,3376.524,40.007,2963.906,35.11,12723.385,150.7,4628.463,54.84,0.9985,0.9958,-999,-999,-1.0,-1.0,-1.0,1.0,-1.0,-1.0,1.0,98.3336,-999,-999,-999,-999,-999,-999,-999,1.0,-999,0.572
28402,10.676,Al,5.343,15.965,2.978,16.87,HMSDIS,0.44,4.4,0.52,2.0,83622.509,47.388,83142.02,47.116,73120.52,41.43,258129.64,146.2,114234.18,64.73,0.9989,0.9969,-999,-999,-1.0,-1.0,-1.0,1.0,-1.0,-1.0,1.0,99.5049,-999,-999,-999,-999,-999,-999,-999,1.0,0.108,2.396
28403,10.676,LD2,5.343,15.965,2.978,16.87,HMSDIS,0.44,4.4,0.52,2.0,54022.225,49.372,53703.891,49.081,47221.666,43.15,163237.78,149.1,73759.35,67.41,0.9986,0.9961,-999,-999,-1.0,-1.0,-1.0,1.0,-1.0,-1.0,0.99757,96.9462,-999,-999,-999,-999,-999,-999,-999,1.0,0.442,18.2
28404,10.676,LD2,5.343,15.965,2.978,16.87,PI+SIDIS,0.44,4.4,0.52,2.0,72.314,57.087,72.009,56.846,63.321,49.988,181.87,143.58,98.081,77.428,0.9987,0.9963,0.9839,0.9759,-1.0,-1.0,-1.0,-1.0,-1.0,1.0,0.9999,-999,28.0,17.3333,10.6667,0.152001,0.0791987,51.3,0.5,1.0,-999,21.361
28405,10.676,LD2,5.343,15.965,2.978,16.87,PI+SIDIS,0.44,4.4,0.52,2.0,22.002,50.311,21.931,50.15,19.251,44.02,54.807,125.32,29.371,67.162,1.0,0.9956,0.9846,0.9772,-1.0,-1.0,-1.0,-1.0,-1.0,1.0,0.99997,-999,8.0,5.83333,2.16667,0.101103,0.139772,51.3,0.5,1.0,-999,18.815
28406,10.676,LD2,5.343,15.965,2.978,16.87,PI+SIDIS,0.44,4.4,0.52,2.0,57.403,62.714,57.251,62.548,50.224,54.871,131.26,143.4,76.329,83.391,0.9986,0.9963,0.9836,0.9757,-1.0,-1.0,-1.0,-1.0,-1.0,1.0,0.99989,-999,16.0,14.0,2.0,0.0358582,0.0767678,51.3,0.5,1.0,-999,23.681
28408,10.676,LD2,5.343,13.5,2.806,14.74,PI+SIDIS,-999,-999,-999,-999,46.321,34.649,46.061,34.454,40.325,30.164,203.66,152.34,63.004,47.127,0.9987,0.9966,0.9814,0.9784,-1.0,-1.0,-1.0,-1.0,-1.0,1.0,0.99967,-999,158.0,113.167,44.8333,0.996459,0.29558,51.3,0.5,1.0,1.752,24.461
28409,10.676,LD2,5.343,13.5,2.806,14.74,PI+SIDIS,-999,-999,-999,-999,40.972,33.982,40.707,33.762,35.664,29.579,180.27,149.51,55.715,46.209,0.9984,0.9963,0.9811,0.9788,-1.0,-1.0,-1.0,-1.0,-1.0,1.0,0.9997,-999,124.0,101.0,23.0,0.57835,0.298412,51.3,0.5,1.0,1.716,23.985
28410,10.676,LD2,5.343,13.5,2.806,14.74,HMSDIS,-999,-999,-999,-999,33594.429,32.555,33366.443,32.334,29254.221,28.34,147893.7,143.3,45691.641,44.27,0.9988,0.9963,-999,-999,-1.0,-1.0,-1.0,3.0,-1.0,-1.0,0.99922,95.5147,-999,-999,-999,-999,-999,-999,-999,1.0,1.647,22.9
28411,10.676,LD2,5.343,13.5,2.806,14.74,HMSDIS,-999,-999,-999,-999,41639.174,34.362,41361.861,34.133,36270.941,29.93,182792.75,150.8,56659.871,46.75,0.9986,0.9965,-999,-999,-1.0,-1.0,-1.0,3.0,-1.0,-1.0,1.0,95.4475,-999,-999,-999,-999,-999,-999,-999,1.0,1.739,24.3
28412,10.676,Dummy,5.343,13.5,2.806,14.74,HMSDIS,-999,-999,-999,-999,41434.537,44.782,41222.28,44.552,36285.253,39.21,129147.57,139.5,56681.515,61.26,0.9988,0.9971,-999,-999,-1.0,-1.0,-1.0,1.0,-1.0,-1.0,0.99953,98.9902,-999,-999,-999,-999,-999,-999,-999,1.0,0.405,4.064
28413,10.676,Dummy,5.343,13.5,2.806,14.74,HMSDIS,-999,-999,-999,-999,62218.885,49.521,61922.309,49.285,54506.017,43.38,188934.84,150.3,85178.807,67.79,0.9991,0.9968,-999,-999,-1.0,-1.0,-1.0,1.0,-1.0,-1.0,0.99786,98.9638,-999,-999,-999,-999,-999,-999,-999,1.0,0.447,4.515
28415,10.676,LH2,5.343,13.5,2.806,14.74,HMSDIS,-999,-999,-999,-999,74769.861,65.173,74584.885,65.012,65639.212,57.21,170042.19,148.2,102126.38,89.01,0.999,0.9962,-999,-999,-1.0,-1.0,-1.0,3.0,-1.0,-1.0,0.99898,95.5257,-999,-999,-999,-999,-999,-999,-999,1.0,1.676,23.5
28416,10.676,LH2,5.343,13.5,2.806,14.74,HMSDIS,-999,-999,-999,-999,81824.766,66.156,81606.875,65.98,71850.513,58.09,184981.84,149.5,111727.28,90.33,0.9989,0.9961,-999,-999,-1.0,-1.0,-1.0,3.0,-1.0,-1.0,1.0,95.5065,-999,-999,-999,-999,-999,-999,-999,1.0,1.704,23.9
28417,10.676,LD2,-5.343,13.5,5.051,14.74,PI+SIDIS,-999,-999,-999,-999,120.81,69.88,120.44,69.669,106.15,61.401,261.9,151.49,160.7,92.952,0.998,0.8807,0.9897,0.9826,-1.0,-1.0,-1.0,-1.0,-1.0,1.0,0.99952,-999,79790.0,2881.0,76909.0,651.449,2.39983,51.2361,0.386491,1.0,56.52,7.788
28418,10.676,LD2,-5.343,13.5,5.051,14.74,PI+SIDIS,-999,-999,-999,-999,121.95,68.631,121.65,68.463,107.25,60.36,266.59,150.03,162.34,91.362,0.998,0.8793,0.9911,0.9833,-1.0,-1.0,-1.0,-1.0,-1.0,1.0,0.9995,-999,80736.0,2902.17,77833.8,652.304,2.38843,51.2361,0.386824,1.0,55.53,7.637
28419,10.676,LD2,-5.343,13.5,-5.051,14.74,PI-SIDIS,-999,-999,-999,-999,128.51,70.081,128.07,69.837,113.0,61.622,277.6,151.37,170.78,93.125,0.998,0.9067,0.9919,0.9732,-1.0,-1.0,-1.0,-1.0,-1.0,1.0,0.99963,-999,45720.0,2737.17,42982.8,345.674,1.72815,51.2293,0.388389,1.0,-999,41.049
28420,10.676,LD2,-5.343,13.5,-5.051,14.74,PI-SIDIS,-999,-999,-999,-999,27.92,67.23,27.819,66.988,24.559,59.137,61.517,148.13,37.148,89.452,0.9978,0.9124,0.9919,0.9717,-1.0,-1.0,-1.0,-1.0,-1.0,1.0,0.99959,-999,9926.0,592.5,9333.5,346.182,3.71361,51.232,0.386471,1.0,54.34,39.386
28421,10.676,Dummy,-5.343,13.5,-5.051,14.74,PI-SIDIS,-999,-999,-999,-999,87.137,49.731,86.676,49.468,76.765,43.812,263.35,150.3,119.98,68.476,0.9995,0.8877,0.9941,0.9844,-1.0,-1.0,-1.0,-1.0,-1.0,1.0,1.0,-999,3935.0,47.5,3887.5,45.5845,0.736301,51.227,0.383328,1.0,7.865,5.861
28422,10.676,Dummy,-5.343,13.5,-5.051,14.74,PI-SIDIS,-999,-999,-999,-999,84.456,47.617,83.969,47.343,74.417,41.957,258.76,145.89,116.29,65.568,0.999,0.9021,0.9922,0.9842,-1.0,-1.0,-1.0,-1.0,-1.0,1.0,1.0,-999,3668.0,41.8333,3626.17,43.9218,0.734276,51.2171,0.399228,1.0,7.529,-999
28423,10.676,LH2,-5.343,13.5,-5.051,14.74,PI-SIDIS,-999,-999,-999,-999,126.01,68.308,125.63,68.102,111.22,60.292,274.82,148.97,166.41,90.21,0.9987,0.8737,0.9935,0.9713,-1.0,-1.0,-1.0,-1.0,-1.0,1.0,0.99991,-999,12492.0,581.833,11910.2,97.738,0.920748,51.226,0.388778,1.0,29.38,20.91
28424,10.676,LH2,-5.343,13.5,-5.051,14.74,PI-SIDIS,-999,-999,-999,-999,118.41,66.76,118.12,66.597,104.15,58.722,260.58,146.91,155.82,87.85,0.9989,0.8715,0.9933,0.9717,-1.0,-1.0,-1.0,-1.0,-1.0,1.0,0.99991,-999,11956.0,550.333,11405.7,99.4837,0.957378,51.2641,0.381808,1.0,28.75,20.439
28425,10.676,LH2,-3.642,16.75,3.632,13.505,PI+SIDIS,0.25,3.3,0.5,5.2,129.8,70.268,129.35,70.023,114.06,61.75,278.26,150.64,170.3,92.195,0.9993,0.9954,0.9855,0.9801,-1.0,-1.0,-1.0,-1.0,-1.0,1.0,0.9996,-999,33391.0,5249.5,28141.5,222.224,1.46175,51.2233,0.403629,1.0,9.926,36.653
28426,10.676,LH2,-3.642,16.75,3.632,13.505,PI+SIDIS,0.25,3.3,0.5,5.2,125.16,69.15,124.78,68.941,110.22,60.895,270.55,149.47,164.03,90.625,0.9993,0.9955,0.9845,0.9796,-1.0,-1.0,-1.0,-1.0,-1.0,1.0,0.99963,-999,32359.0,5108.67,27250.3,223.168,1.49244,51.2268,0.395987,1.0,9.768,35.946
28427,10.676,LH2,-3.642,16.75,3.632,13.505,HMSDIS,0.25,3.3,0.5,5.2,57137.565,69.959,56993.666,69.783,50339.302,61.63,122814.31,150.3,75071.039,91.91,0.9993,0.996,-999,-999,-1.0,-1.0,-1.0,9.0,-1.0,-1.0,1.0,97.4057,-999,-999,-999,-999,-999,-999,-999,1.0,9.885,36.3
28428,10.676,LH2,-3.642,16.75,3.632,13.505,HMSDIS,0.25,3.3,0.5,5.2,53918.015,68.045,53792.647,67.886,47497.976,59.94,117166.57,147.8,70683.908,89.2,0.9993,0.9971,-999,-999,-1.0,-1.0,17.0,-1.0,-1.0,-1.0,0.99882,97.4193,-999,-999,-999,-999,-999,-999,-999,1.0,9.622,35.3
28429,10.676,Dummy,-3.642,16.75,3.632,13.505,PI+SIDIS,0.25,3.3,0.5,5.2,88.998,49.928,88.603,49.707,78.293,43.923,264.99,148.66,122.33,68.63,0.9997,0.9934,0.9889,0.9829,-1.0,-1.0,-1.0,-1.0,-1.0,1.0,0.99995,-999,5848.0,283.833,5564.17,63.9137,0.881956,51.2725,0.391809,1.0,2.688,6.868
28431,10.676,Dummy,-3.642,16.75,3.632,13.505,PI+SIDIS,0.25,3.3,0.5,5.2,89.855,50.604,89.4,50.347,78.945,44.459,266.01,149.81,123.36,69.476,0.9996,0.9949,0.9854,0.9828,-1.0,-1.0,-1.0,-1.0,-1.0,1.0,0.99994,-999,5934.0,278.0,5656.0,64.4029,0.880559,51.2686,0.386151,1.0,2.725,6.972
28432,10.676,Dummy,-3.642,16.75,3.632,13.505,PI+SIDIS,0.25,3.3,0.5,5.2,48.208,50.973,47.925,50.674,42.334,44.762,142.25,150.41,66.118,69.91,0.9995,0.9959,0.9866,0.9831,-1.0,-1.0,-1.0,-1.0,-1.0,1.0,0.99995,-999,3244.0,154.833,3089.17,65.6022,1.21433,51.2781,0.37827,1.0,2.741,-999
28435,10.676,LH2,-3.642,16.75,3.632,13.505,BCM,0.25,3.3,0.5,5.2,99.089,37.901,98.73,37.764,86.743,33.179,299.12,114.41,132.56,50.707,0.9994,0.9951,0.9855,0.9811,-1.0,-1.0,-1.0,-1.0,-1.0,1.0,0.99969,-999,24635.0,3061.0,21574.0,222.927,1.63855,51.2701,0.390512,1.0,5.378,19.453
28437,10.676,Dummy,-3.642,16.75,3.632,13.505,HMSDIS,0.25,3.3,0.5,5.2,-999,50.964,-999,50.67,-999,44.52,1582.837,152.3,-999,69.56,0.9995,0.996,-999,-999,-1.0,-1.0,-1.0,1.0,-1.0,-1.0,0.97632,99.4048,-999,-999,-999,-999,-999,-999,-999,1.0,-999,-999
28440,10.676,LD2,-3.642,16.75,3.632,13.505,PI+SIDIS,0.25,3.3,0.5,5.2,56.55,51.773,56.276,51.522,49.414,45.24,150.1,137.42,77.167,70.649,0.9992,0.9964,0.9822,0.977,-1.0,-1.0,-1.0,-1.0,-1.0,1.0,0.99835,-999,27973.0,6990.83,20982.2,382.559,3.11228,51.2657,0.403052,1.0,14.03,54.444
28441,10.676,LD2,-3.642,16.75,3.632,13.505,PI+SIDIS,0.25,3.3,0.5,5.2,69.78,56.821,69.44,56.544,60.979,49.654,179.34,146.03,95.25,77.561,0.9991,0.9963,0.9812,0.9769,-1.0,-1.0,-1.0,-1.0,-1.0,1.0,0.99828,-999,34728.0,8780.17,25947.8,383.512,2.81177,51.2583,0.397286,1.0,15.39,59.791
28443,10.676,LD2,-3.642,16.75,3.632,13.505,HMSDIS,0.25,3.3,0.5,5.2,48155.27,57.001,47940.616,56.746,42097.099,49.83,123621.82,146.3,65750.953,77.82,0.9992,0.9966,-999,-999,-1.0,-1.0,-1.0,9.0,-1.0,-1.0,1.0,95.6164,-999,-999,-999,-999,-999,-999,-999,1.0,-999,59.8
28444,10.676,LD2,-3.642,16.75,3.632,20.0,PI+SIDIS,-999,-999,-999,-999,95.427,60.35,95.127,60.16,83.41,52.751,228.51,144.51,128.28,81.129,0.9991,0.9962,0.9884,0.9822,-1.0,-1.0,-1.0,-1.0,-1.0,1.0,0.9999,-999,8508.0,684.0,7824.0,83.8226,0.994801,51.298,0.385791,1.0,16.32,-999
28445,10.676,LD2,-3.642,16.75,3.632,20.0,PI+SIDIS,-999,-999,-999,-999,124.72,68.633,124.43,68.474,108.99,59.978,271.68,149.5,165.3,90.963,0.999,0.996,0.9901,0.9819,-1.0,-1.0,-1.0,-1.0,-1.0,1.0,0.99983,-999,11194.0,974.167,10219.8,83.7435,0.873226,51.2946,0.377261,1.0,18.55,-999
28446,10.676,LD2,-3.642,16.75,3.632,20.0,PI+SIDIS,-999,-999,-999,-999,130.06,70.464,129.73,70.286,113.66,61.58,279.65,151.5,172.03,93.204,0.9989,0.9959,0.9917,0.9821,-1.0,-1.0,-1.0,-1.0,-1.0,1.0,0.99985,-999,11704.0,1049.83,10654.2,83.7248,0.856493,51.3063,0.376766,1.0,19.04,-999
28447,10.676,LD2,-3.642,16.75,3.632,20.0,PI+SIDIS,-999,-999,-999,-999,120.82,67.985,120.37,67.736,105.56,59.397,264.7,148.94,159.68,89.853,0.999,0.9963,0.9892,0.9831,-1.0,-1.0,-1.0,-1.0,-1.0,1.0,0.99981,-999,10895.0,962.667,9932.33,84.0272,0.889522,51.3015,0.382554,1.0,18.36,-999
28448,10.676,LD2,-3.642,16.75,3.632,20.0,PI+SIDIS,-999,-999,-999,-999,127.6,67.902,127.16,67.668,111.56,59.366,278.62,148.26,169.01,89.933,0.9989,0.9963,0.9904,0.9827,-1.0,-1.0,-1.0,-1.0,-1.0,1.0,1.00019,-999,11435.0,1003.0,10432.0,83.57,0.862883,51.2923,0.381325,1.0,18.35,-999
28450,10.676,Dummy,-3.642,16.75,3.632,20.0,PI+SIDIS,-999,-999,-999,-999,94.056,50.287,93.587,50.037,82.255,43.978,283.23,151.43,128.53,68.723,0.9996,0.9944,0.9924,0.9852,-1.0,-1.0,-1.0,-1.0,-1.0,1.0,0.99998,-999,1328.0,25.1667,1302.83,14.1362,0.39603,51.2859,0.3891,1.0,2.707,-999
28451,10.676,Dummy,-3.642,16.75,3.632,20.0,PI+SIDIS,-999,-999,-999,-999,149.45,49.939,148.75,49.704,130.81,43.711,451.51,150.86,204.38,68.291,0.9995,0.9944,0.9937,0.9857,-1.0,-1.0,-1.0,-1.0,-1.0,1.0,1.0,-999,2149.0,31.5,2117.5,14.4486,0.316701,51.2991,0.388805,1.0,2.688,-999
28452,10.676,Dummy,-3.642,16.75,3.632,20.0,PI+SIDIS,-999,-999,-999,-999,126.74,48.875,126.01,48.593,110.96,42.789,385.38,148.61,173.35,66.851,0.9995,0.9927,0.9981,0.9843,-1.0,-1.0,-1.0,-1.0,-1.0,1.0,0.99996,-999,1887.0,30.5,1856.5,14.9757,0.350884,51.2631,0.38586,1.0,2.632,-999
28453,10.676,LH2,-3.642,16.75,3.632,20.0,PI+SIDIS,-999,-999,-999,-999,104.81,64.947,104.45,64.722,91.945,56.972,235.54,145.94,139.48,86.426,0.9993,0.9956,0.9906,0.9836,-1.0,-1.0,-1.0,-1.0,-1.0,1.0,0.99998,-999,5269.0,219.833,5049.17,49.1805,0.709483,51.2803,0.381612,1.0,9.186,-999
28454,10.676,LH2,-3.642,16.75,3.632,20.0,PI+SIDIS,-999,-999,-999,-999,118.94,70.097,118.61,69.901,104.45,61.554,257.14,151.53,158.12,93.186,0.9994,0.9951,0.9875,0.9833,-1.0,-1.0,-1.0,-1.0,-1.0,1.0,0.99996,-999,5929.0,242.833,5686.17,48.7836,0.66286,51.2648,0.374397,1.0,9.909,-999
28455,10.676,LH2,-3.642,16.75,3.632,20.0,PI+SIDIS,-999,-999,-999,-999,128.39,68.471,128.07,68.305,112.84,60.182,280.62,149.65,170.86,91.124,0.9993,0.9947,0.9905,0.9846,-1.0,-1.0,-1.0,-1.0,-1.0,1.0,0.99994,-999,6351.0,272.5,6078.5,48.2379,0.634689,51.2719,0.387449,1.0,9.681,-999
28456,10.676,LH2,-3.642,16.75,3.632,20.0,PI+SIDIS,-999,-999,-999,-999,109.19,68.15,108.92,67.979,96.029,59.932,239.21,149.29,145.26,90.663,0.9995,0.9959,0.9873,0.9846,-1.0,-1.0,-1.0,-1.0,-1.0,1.0,0.99996,-999,5422.0,230.667,5191.33,48.4321,0.689395,51.2679,0.376348,1.0,9.639,-999
28457,10.676,LH2,-3.642,16.75,3.632,20.0,PI+SIDIS,-999,-999,-999,-999,123.72,68.009,123.27,67.766,108.79,59.806,271.75,149.38,164.52,90.44,0.9993,0.9954,0.9905,0.985,-1.0,-1.0,-1.0,-1.0,-1.0,1.0,0.99994,-999,6185.0,268.667,5916.33,48.7595,0.650493,51.2667,0.380834,1.0,9.617,-999
28458,10.676,LH2,-3.642,16.75,3.632,20.0,PI+SIDIS,-999,-999,-999,-999,125.32,69.148,124.88,68.907,110.26,60.838,273.08,150.67,166.62,91.935,0.9992,0.9948,0.9923,0.9848,-1.0,-1.0,-1.0,-1.0,-1.0,1.0,0.99994,-999,6402.0,260.333,6141.67,49.9807,0.653342,51.2622,0.378784,1.0,9.775,-999
28459,10.676,C,-5.343,15.97,2.978,12.865,PI+SIDIS,0.44,4.4,0.52,-2.0,67.178,39.081,66.811,38.868,58.947,34.293,253.65,147.56,92.101,53.581,0.9993,0.8369,0.9821,0.9792,-1.0,-1.0,-1.0,-1.0,-1.0,1.0,0.99976,-999,16300.0,5348.83,10951.2,167.552,2.00607,51.2092,0.398434,1.0,6.219,33.558
28460,10.676,C,-5.343,15.97,2.978,14.865,PI+SIDIS,0.44,4.4,0.52,0.0,92.314,50.638,91.893,50.407,81.338,44.617,277.71,152.33,127.09,69.717,0.9993,0.8426,0.9857,0.9801,-1.0,-1.0,-1.0,-1.0,-1.0,1.0,0.99971,-999,21333.0,5057.33,16275.7,180.89,1.65507,51.2179,0.396475,1.0,8.078,22.218
28461,10.676,C,-5.343,15.97,2.978,14.865,PI+SIDIS,0.44,4.4,0.52,0.0,87.508,49.822,87.021,49.545,77.083,43.886,264.53,150.6,120.44,68.576,0.9993,0.8459,0.9844,0.98,-1.0,-1.0,-1.0,-1.0,-1.0,1.0,0.99972,-999,20089.0,4780.33,15308.7,179.685,1.69629,51.2133,0.399619,1.0,7.944,21.802
28462,10.676,C,-5.343,15.97,2.978,14.865,PI+SIDIS,0.44,4.4,0.52,0.0,94.652,50.614,94.121,50.33,83.392,44.593,284.87,152.33,130.28,69.669,0.9993,0.8402,0.9842,0.9801,-1.0,-1.0,-1.0,-1.0,-1.0,1.0,0.99976,-999,21763.0,5175.67,16587.3,179.982,1.63212,51.2152,0.394735,1.0,8.071,22.14
28463,10.676,C,-5.343,15.97,2.978,16.87,PI+SIDIS,0.44,4.4,0.52,2.0,84.418,49.352,83.995,49.105,73.878,43.19,255.91,149.61,115.19,67.344,0.9994,0.8327,0.9878,0.9818,-1.0,-1.0,-1.0,-1.0,-1.0,1.0,0.99984,-999,16926.0,2475.83,14450.2,175.359,1.59795,51.286,0.370834,1.0,7.869,10.604
28464,10.676,C,-5.343,15.97,2.978,16.87,PI+SIDIS,0.44,4.4,0.52,2.0,74.163,47.68,73.818,47.459,64.834,41.683,227.27,146.11,101.3,65.132,0.9992,0.8336,0.9856,0.9817,-1.0,-1.0,-1.0,-1.0,-1.0,1.0,0.99985,-999,14693.0,2126.0,12567.0,173.582,1.69435,51.2824,0.380739,1.0,7.603,10.247
28465,10.676,C,-5.343,15.97,2.978,16.87,PI+SIDIS,0.44,4.4,0.52,2.0,111.61,48.584,111.08,48.355,97.991,42.655,339.99,147.99,153.23,66.704,0.9992,0.8427,0.9879,0.982,-1.0,-1.0,-1.0,-1.0,-1.0,1.0,0.99982,-999,22321.0,3221.67,19099.3,175.258,1.38732,51.2449,0.381767,1.0,7.747,10.479
28466,10.676,C,-5.343,15.97,2.978,16.87,PI+SIDIS,0.44,4.4,0.52,2.0,56.984,49.44,56.658,49.156,50.11,43.475,172.6,149.75,78.354,67.98,0.9992,0.8267,0.9862,0.9812,-1.0,-1.0,-1.0,-1.0,-1.0,1.0,0.99983,-999,11167.0,1635.5,9531.5,171.619,1.92579,51.2267,0.378106,1.0,7.886,10.683
28467,10.676,C,-5.343,15.97,2.978,16.87,PI+SIDIS,0.44,4.4,0.52,2.0,71.434,50.211,71.029,49.926,62.898,44.211,215.23,151.28,98.335,69.12,0.9993,0.8427,0.9865,0.9821,-1.0,-1.0,-1.0,-1.0,-1.0,1.0,0.99981,-999,14292.0,2063.5,12228.5,175.456,1.73582,51.2242,0.391555,1.0,8.004,10.843
28468,10.676,C,-5.343,15.97,2.978,14.87,PI+SIDIS,0.44,4.4,0.52,0.0,86.37,49.252,85.957,49.016,75.526,43.068,261.91,149.35,117.76,67.151,0.9992,0.8414,0.9844,0.979,-1.0,-1.0,-1.0,-1.0,-1.0,1.0,0.99972,-999,19472.0,4666.17,14805.8,176.132,1.69284,51.2741,0.377377,1.0,7.859,21.499
28469,10.676,C,-5.343,15.97,2.978,14.87,PI+SIDIS,0.44,4.4,0.52,0.0,83.331,48.775,82.946,48.549,72.94,42.693,254.07,148.71,114.02,66.742,0.9992,0.8481,0.984,0.9791,-1.0,-1.0,-1.0,-1.0,-1.0,1.0,0.99977,-999,18895.0,4495.5,14399.5,177.489,1.72759,51.2573,0.377737,1.0,7.777,21.231
28470,10.676,C,-5.343,15.97,2.978,12.87,PI+SIDIS,0.44,4.4,0.52,-2.0,72.912,42.0,72.465,41.743,63.761,36.729,261.0,150.35,99.65,57.403,0.9993,0.8342,0.9815,0.9772,-1.0,-1.0,-1.0,-1.0,-1.0,1.0,0.9997,-999,17944.0,6129.83,11814.2,167.003,1.94673,51.2288,0.394041,1.0,6.691,36.059
28471,10.676,C,-5.343,15.97,2.978,12.87,PI+SIDIS,0.44,4.4,0.52,-2.0,71.938,41.421,71.469,41.151,62.9,36.217,257.7,148.38,98.282,56.59,0.9992,0.8481,0.9819,0.9774,-1.0,-1.0,-1.0,-1.0,-1.0,1.0,0.99973,-999,17836.0,5980.33,11855.7,169.903,1.96668,51.2229,0.394697,1.0,6.598,35.436
