run,spec,run_type,target,hms_p,shms_p,fit_variable,all_events,selected_events,fit_mean,fit_sigma,fit_entries,fit_attempted,fit_status,fit_valid,covariance_status,fit_chi2,fit_ndf,fit_chi2_ndf,fit_edm,candidate_mean,candidate_sigma,failure_reason,status
23861,coin,PI-SIDIS,LH2,-1.531,-3.632,CTime.ePiCoinTime_ROC2,184441,7924,51.155,0.349904,7924,1,0,1,3,2.37454,3,0.791515,3.64286e-06,51.155,0.349904,,OK
23862,coin,PI-SIDIS,LD2,-1.531,-3.632,CTime.ePiCoinTime_ROC2,280478,9163,51.1678,0.359673,9163,1,0,1,3,8.96852,3,2.98951,6.44756e-08,51.1678,0.359673,,OK
23864,coin,PI-SIDIS,C,-1.531,-3.632,CTime.ePiCoinTime_ROC2,233559,8069,51.1272,0.305753,8069,1,0,1,3,5.29676,3,1.76559,4.86308e-06,51.1272,0.305753,,OK
23865,coin,PI-SIDIS,Cu,-1.531,-3.632,CTime.ePiCoinTime_ROC2,171320,5565,51.2071,0.338342,5565,1,0,1,3,2.1475,3,0.715833,3.07561e-07,51.2071,0.338342,,OK
23866,coin,PI-SIDIS,Dummy,-1.531,-3.632,CTime.ePiCoinTime_ROC2,68833,2514,51.2663,0.357055,2514,1,0,1,3,4.17049,3,1.39016,4.20502e-08,51.2663,0.357055,,OK
23867,coin,PI-SIDIS,LH2,-1.531,-3.632,CTime.ePiCoinTime_ROC2,138591,6040,51.2194,0.363803,6040,1,0,1,3,6.23473,3,2.07824,3.21131e-07,51.2194,0.363803,,OK
23868,coin,PI-SIDIS,LH2,-1.531,-3.632,CTime.ePiCoinTime_ROC2,162532,7008,51.1946,0.359201,7008,1,0,1,3,2.4687,3,0.8229,8.12144e-06,51.1946,0.359201,,OK
23876,coin,PI-SIDIS,LH2,-1.531,-2.615,CTime.ePiCoinTime_ROC2,123411,8218,51.4061,0.318268,8218,1,0,1,3,3.90124,3,1.30041,6.01662e-08,51.4061,0.318268,,OK
23878,coin,PI-SIDIS,LD2,-1.531,-2.615,CTime.ePiCoinTime_ROC2,131436,6041,51.415,0.321676,6041,1,0,1,3,0.234379,3,0.0781264,1.54022e-07,51.415,0.321676,,OK
23879,coin,PI-SIDIS,Dummy,-1.531,-2.615,CTime.ePiCoinTime_ROC2,81476,4563,51.3911,0.30661,4563,1,0,1,3,5.09289,3,1.69763,4.83843e-06,51.3911,0.30661,,OK
23880,coin,PI-SIDIS,LH2,-1.531,-2.615,CTime.ePiCoinTime_ROC2,867791,4448,51.3683,0.285455,4448,1,0,1,3,1.44856,3,0.482853,5.30149e-07,51.3683,0.285455,,OK
23881,coin,PI-SIDIS,LH2,-1.531,-2.615,CTime.ePiCoinTime_ROC2,75586,5087,51.3884,0.305964,5087,1,0,1,3,3.50834,3,1.16945,5.06734e-09,51.3884,0.305964,,OK
23882,coin,PI-SIDIS,LH2,-1.531,-2.615,CTime.ePiCoinTime_ROC2,86326,5686,51.3792,0.306807,5686,1,0,1,3,8.64176,3,2.88059,1.30372e-08,51.3792,0.306807,,OK
23883,coin,PI-SIDIS,LH2,-1.531,-2.615,CTime.ePiCoinTime_ROC2,84065,5623,51.3753,0.307456,5623,1,0,1,3,5.82297,3,1.94099,1.19531e-05,51.3753,0.307456,,OK
23884,coin,PI-SIDIS,LH2,-1.531,-2.615,CTime.ePiCoinTime_ROC2,90683,6006,51.3853,0.295397,6006,1,0,1,3,2.43399,3,0.811328,1.21787e-05,51.3853,0.295397,,OK
23885,coin,PI-SIDIS,LH2,-1.531,-2.615,CTime.ePiCoinTime_ROC2,23542,1802,51.3871,0.279677,1802,1,0,1,3,13.088,3,4.36265,5.96855e-08,51.3871,0.279677,,OK
23886,coin,PI-SIDIS,LD2,-1.531,-2.615,CTime.ePiCoinTime_ROC2,117387,5445,51.3894,0.313846,5445,1,0,1,3,1.72994,3,0.576647,4.16914e-06,51.3894,0.313846,,OK
23887,coin,PI-SIDIS,LD2,-1.531,-2.615,CTime.ePiCoinTime_ROC2,115426,5430,51.3891,0.272348,5430,1,0,1,3,1.35263,3,0.450876,9.65963e-09,51.3891,0.272348,,OK
23888,coin,PI-SIDIS,LD2,-1.531,-2.615,CTime.ePiCoinTime_ROC2,98545,4628,51.3902,0.30547,4628,1,0,1,3,8.74898,3,2.91633,7.53553e-09,51.3902,0.30547,,OK
23889,coin,PI-SIDIS,LD2,-1.531,-2.615,CTime.ePiCoinTime_ROC2,105107,4960,51.3955,0.314852,4960,1,0,1,3,3.67185,3,1.22395,3.5401e-06,51.3955,0.314852,,OK
23890,coin,PI-SIDIS,Dummy,-1.531,-2.615,CTime.ePiCoinTime_ROC2,56206,3083,51.4063,0.344859,3083,1,0,1,3,4.26679,3,1.42226,9.38128e-07,51.4063,0.344859,,OK
23891,coin,PI-SIDIS,Dummy,-1.531,-2.615,CTime.ePiCoinTime_ROC2,24716,1582,51.4277,0.263681,1582,1,0,1,3,5.33332,3,1.77777,1.42519e-07,51.4277,0.263681,,OK
23892,coin,PI-SIDIS,LH2,-1.531,-2.615,CTime.ePiCoinTime_ROC2,192256,11453,51.3447,0.29763,11453,1,0,1,3,6.61116,3,2.20372,9.98745e-08,51.3447,0.29763,,OK
23893,coin,PI-SIDIS,LH2,-1.531,-2.615,CTime.ePiCoinTime_ROC2,173651,10350,51.3557,0.333701,10350,1,0,1,3,4.06161,3,1.35387,1.82495e-06,51.3557,0.333701,,OK
23894,coin,PI-SIDIS,LH2,-1.531,-2.615,CTime.ePiCoinTime_ROC2,173367,10281,51.3853,0.308494,10281,1,0,1,3,11.0245,3,3.67482,3.33105e-08,51.3853,0.308494,,OK
23895,coin,PI-SIDIS,LH2,-1.531,-2.615,CTime.ePiCoinTime_ROC2,177093,10522,51.359,0.336176,10522,1,0,1,3,10.0214,3,3.34047,4.4544e-07,51.359,0.336176,,OK
23896,coin,PI-SIDIS,LH2,-1.531,-2.615,CTime.ePiCoinTime_ROC2,57438,4084,51.4229,0.321125,4084,1,0,1,3,4.22694,3,1.40898,2.1131e-07,51.4229,0.321125,,OK
23897,coin,PI-SIDIS,LD2,-1.531,-2.615,CTime.ePiCoinTime_ROC2,211778,8811,51.3774,0.313779,8811,1,0,1,3,4.06758,3,1.35586,8.57876e-06,51.3774,0.313779,,OK
23898,coin,PI-SIDIS,LD2,-1.531,-2.615,CTime.ePiCoinTime_ROC2,261130,10998,51.3923,0.34152,10998,1,0,1,3,3.16296,3,1.05432,1.66127e-08,51.3923,0.34152,,OK
23899,coin,PI-SIDIS,LD2,-1.531,-2.615,CTime.ePiCoinTime_ROC2,249884,10375,51.3879,0.298234,10375,1,0,1,3,5.67182,3,1.89061,2.78414e-06,51.3879,0.298234,,OK
23900,coin,PI-SIDIS,LD2,-1.531,-2.615,CTime.ePiCoinTime_ROC2,313228,13266,51.3642,0.317432,13266,1,0,1,3,4.91436,3,1.63812,2.80731e-06,51.3642,0.317432,,OK
23901,coin,PI-SIDIS,Dummy,-1.531,-2.615,CTime.ePiCoinTime_ROC2,21652,1351,51.3877,0.280552,1351,1,0,1,3,11.8187,3,3.93958,1.19582e-05,51.3877,0.280552,,OK
23902,coin,PI-SIDIS,Dummy,-1.531,-2.615,CTime.ePiCoinTime_ROC2,139591,7033,51.3854,0.306225,7033,1,0,1,3,7.98046,3,2.66015,6.96579e-08,51.3854,0.306225,,OK
23903,coin,PI-SIDIS,Dummy,-1.531,-2.615,CTime.ePiCoinTime_ROC2,18641,969,51.4684,0.234272,969,1,0,1,3,3.7671,3,1.2557,3.8557e-06,51.4684,0.234272,,OK
23904,coin,PI-SIDIS,LH2,-1.531,-2.615,CTime.ePiCoinTime_ROC2,164471,10479,51.3944,0.292992,10479,1,0,1,3,4.20225,3,1.40075,2.94258e-06,51.3944,0.292992,,OK
23905,coin,PI-SIDIS,LH2,-1.531,-2.615,CTime.ePiCoinTime_ROC2,159016,10096,51.4024,0.307149,10096,1,0,1,3,9.12088,3,3.04029,3.3204e-06,51.4024,0.307149,,OK
23906,coin,PI-SIDIS,LH2,-1.531,-2.615,CTime.ePiCoinTime_ROC2,159122,9913,51.3757,0.296435,9913,1,0,1,3,14.1509,3,4.71698,1.03408e-06,51.3757,0.296435,,OK
23907,coin,PI-SIDIS,LH2,-1.531,-2.615,CTime.ePiCoinTime_ROC2,170681,10867,51.3915,0.305695,10867,1,0,1,3,12.4861,3,4.16202,2.39292e-08,51.3915,0.305695,,OK
23908,coin,PI-SIDIS,LH2,-1.531,-2.615,CTime.ePiCoinTime_ROC2,49291,3303,51.4165,0.292201,3303,1,0,1,3,4.84635,3,1.61545,1.22886e-06,51.4165,0.292201,,OK
23942,coin,PI-SIDIS,LH2,-1.531,-2.615,CTime.ePiCoinTime_ROC2,42321,2851,51.3853,0.296349,2851,1,0,1,3,10.5468,3,3.5156,9.04976e-07,51.3853,0.296349,,OK
23943,coin,PI-SIDIS,LH2,-1.531,-2.615,CTime.ePiCoinTime_ROC2,12782,863,51.4121,0.245092,863,1,0,1,3,0.751323,3,0.250441,3.51444e-08,51.4121,0.245092,,OK
23944,coin,PI-SIDIS,LH2,-1.531,-2.615,CTime.ePiCoinTime_ROC2,165297,10341,51.3367,0.287223,10341,1,0,1,3,5.05765,3,1.68588,6.6524e-06,51.3367,0.287223,,OK
23945,coin,PI-SIDIS,LH2,-1.531,-2.615,CTime.ePiCoinTime_ROC2,103995,6612,51.398,0.269667,6612,1,0,1,3,1.54194,3,0.513978,5.43503e-06,51.398,0.269667,,OK
23946,coin,PI-SIDIS,LH2,-1.531,-2.615,CTime.ePiCoinTime_ROC2,171844,10755,51.4031,0.299921,10755,1,0,1,3,28.6909,3,9.56364,9.80366e-07,51.4031,0.299921,,OK
23947,coin,PI-SIDIS,LH2,-1.531,-2.615,CTime.ePiCoinTime_ROC2,169294,10615,51.3789,0.295481,10615,1,0,1,3,6.66387,3,2.22129,2.32221e-06,51.3789,0.295481,,OK
23948,coin,PI-SIDIS,Dummy,-1.531,-2.615,CTime.ePiCoinTime_ROC2,179006,9582,51.3457,0.285633,9582,1,0,1,3,11.5688,3,3.85627,9.65318e-07,51.3457,0.285633,,OK
23949,coin,PI-SIDIS,Dummy,-1.531,-2.615,CTime.ePiCoinTime_ROC2,16427,952,51.3258,0.28908,952,1,0,1,3,0.602714,3,0.200905,2.0172e-06,51.3258,0.28908,,OK
23950,coin,PI-SIDIS,LH2,-1.531,-2.615,CTime.ePiCoinTime_ROC2,197254,12178,51.3615,0.312739,12178,1,0,1,3,10.6533,3,3.55109,5.50394e-08,51.3615,0.312739,,OK
23951,coin,PI-SIDIS,LH2,-1.531,-2.615,CTime.ePiCoinTime_ROC2,212616,13129,51.3622,0.278022,13129,1,0,1,3,8.83891,3,2.9463,1.8173e-06,51.3622,0.278022,,OK
23952,coin,PI-SIDIS,LH2,-1.531,-2.615,CTime.ePiCoinTime_ROC2,171038,10635,51.3857,0.283547,10635,1,0,1,3,11.2154,3,3.73848,4.50745e-09,51.3857,0.283547,,OK
23953,coin,PI-SIDIS,LH2,-1.531,-2.615,CTime.ePiCoinTime_ROC2,168930,10579,51.3624,0.28275,10579,1,0,1,3,11.3663,3,3.78876,5.08401e-06,51.3624,0.28275,,OK
23954,coin,PI-SIDIS,LH2,-1.531,-2.615,CTime.ePiCoinTime_ROC2,45636,3106,51.3999,0.292643,3106,1,0,1,3,4.22891,3,1.40964,1.34637e-07,51.3999,0.292643,,OK
23955,coin,PI-SIDIS,Dummy,-1.531,-2.615,CTime.ePiCoinTime_ROC2,123353,6774,51.4052,0.285428,6774,1,0,1,3,8.38292,3,2.79431,3.379e-07,51.4052,0.285428,,OK
23956,coin,PI-SIDIS,Dummy,-1.531,-2.615,CTime.ePiCoinTime_ROC2,22409,1372,51.428,0.282657,1372,1,0,1,3,1.65402,3,0.55134,7.45116e-07,51.428,0.282657,,OK
23957,coin,PI-SIDIS,LH2,-1.531,-6.538,CTime.ePiCoinTime_ROC2,66809,379,51.3163,0.18519,379,1,0,1,3,8.20359,3,2.73453,1.4665e-07,51.3163,0.18519,,OK
23960,coin,PI-SIDIS,LH2,-1.531,-6.538,CTime.ePiCoinTime_ROC2,195358,1035,51.3933,0.282334,1035,1,0,1,3,4.59744,3,1.53248,4.17047e-07,51.3933,0.282334,,OK
23961,coin,PI-SIDIS,LH2,-1.531,-6.538,CTime.ePiCoinTime_ROC2,44299,276,51.4129,0.295597,276,1,0,1,3,6.27281,3,2.09094,5.96307e-07,51.4129,0.295597,,OK
23962,coin,PI-SIDIS,LH2,-1.531,-6.538,CTime.ePiCoinTime_ROC2,11015,74,51.4135,0.293981,74,1,0,1,3,1.79536,3,0.598453,8.70312e-06,51.4135,0.293981,,OK
23964,coin,PI-SIDIS,LD2,-1.531,-6.538,CTime.ePiCoinTime_ROC2,400646,1824,51.3708,0.298843,1824,1,0,1,3,9.02146,3,3.00715,1.78898e-06,51.3708,0.298843,,OK
23965,coin,PI-SIDIS,LD2,-1.531,-6.538,CTime.ePiCoinTime_ROC2,360876,1599,51.3719,0.305393,1599,1,0,1,3,3.1491,3,1.0497,4.77676e-08,51.3719,0.305393,,OK
23966,coin,PI-SIDIS,LD2,-1.531,-6.538,CTime.ePiCoinTime_ROC2,422914,1896,51.3406,0.322647,1896,1,0,1,3,4.47755,3,1.49252,1.67682e-06,51.3406,0.322647,,OK
23967,coin,PI-SIDIS,Dummy,-1.531,-6.538,CTime.ePiCoinTime_ROC2,191729,840,51.3356,0.288988,840,1,0,1,3,4.69998,3,1.56666,1.30746e-07,51.3356,0.288988,,OK
23969,coin,PI-SIDIS,C,-1.531,-6.538,CTime.ePiCoinTime_ROC2,364466,1614,51.3581,0.280344,1614,1,0,1,3,5.51392,3,1.83797,3.49789e-07,51.3581,0.280344,,OK
23970,coin,PI-SIDIS,C,-1.531,-6.538,CTime.ePiCoinTime_ROC2,349986,1594,51.336,0.269489,1594,1,0,1,3,1.82939,3,0.609798,1.86262e-09,51.336,0.269489,,OK
23972,coin,PI-SIDIS,Cu,-1.531,-6.538,CTime.ePiCoinTime_ROC2,255293,1093,51.3662,0.301588,1093,1,0,1,3,1.6592,3,0.553067,3.09546e-07,51.3662,0.301588,,OK
23973,coin,PI-SIDIS,Cu,-1.531,-6.538,CTime.ePiCoinTime_ROC2,84169,361,51.4361,0.379845,361,1,0,1,3,1.5943,3,0.531433,3.18394e-06,51.4361,0.379845,,OK
23974,coin,PI-SIDIS,Cu,-1.531,-6.538,CTime.ePiCoinTime_ROC2,240059,1015,51.3375,0.34099,1015,1,0,1,3,6.25392,3,2.08464,1.2763e-05,51.3375,0.34099,,OK
23975,coin,PI-SIDIS,Cu,-1.531,-6.538,CTime.ePiCoinTime_ROC2,39127,200,51.3968,0.308046,200,1,0,1,3,3.48857,3,1.16286,4.24933e-06,51.3968,0.308046,,OK
23977,coin,PI-SIDIS,LH2,-1.531,-4.868,CTime.ePiCoinTime_ROC2,198204,3747,51.3342,0.277382,3747,1,0,1,3,6.49247,3,2.16416,3.92411e-07,51.3342,0.277382,,OK
23979,coin,PI-SIDIS,LH2,-1.531,-4.868,CTime.ePiCoinTime_ROC2,1836661,2713,51.4068,0.277988,2713,1,0,1,3,3.53017,3,1.17672,8.8101e-06,51.4068,0.277988,,OK
23980,coin,PI-SIDIS,LD2,-1.531,-4.868,CTime.ePiCoinTime_ROC2,149650,2182,51.3049,0.297657,2182,1,0,1,3,6.38967,3,2.12989,8.36566e-08,51.3049,0.297657,,OK
23981,coin,PI-SIDIS,Dummy,-1.531,-4.868,CTime.ePiCoinTime_ROC2,244114,3336,51.3165,0.281944,3336,1,0,1,3,12.6452,3,4.21508,5.64156e-08,51.3165,0.281944,,OK
23982,coin,PI-SIDIS,C,-1.531,-4.868,CTime.ePiCoinTime_ROC2,78471,1166,51.3548,0.324679,1166,1,0,1,3,4.3498,3,1.44993,3.24303e-06,51.3548,0.324679,,OK
23983,coin,PI-SIDIS,C,-1.531,-4.868,CTime.ePiCoinTime_ROC2,329671,4805,51.3429,0.289781,4805,1,0,1,3,12.7762,3,4.25874,1.25622e-07,51.3429,0.289781,,OK
23984,coin,PI-SIDIS,Cu,-1.531,-4.868,CTime.ePiCoinTime_ROC2,219592,2957,51.3227,0.26901,2957,1,0,1,3,4.84692,3,1.61564,9.45674e-09,51.3227,0.26901,,OK
23985,coin,PI-SIDIS,LH2,-1.531,-4.868,CTime.ePiCoinTime_ROC2,234022,4190,51.3505,0.284996,4190,1,0,1,3,7.05441,3,2.35147,1.79742e-06,51.3505,0.284996,,OK
23986,coin,PI-SIDIS,LH2,-1.531,-4.868,CTime.ePiCoinTime_ROC2,225524,4117,51.3974,0.30631,4117,1,0,1,3,9.61359,3,3.20453,1.214e-06,51.3974,0.30631,,OK
23987,coin,PI-SIDIS,LH2,-1.531,-4.868,CTime.ePiCoinTime_ROC2,199384,3752,51.3545,0.300235,3752,1,0,1,3,3.5357,3,1.17857,5.98403e-08,51.3545,0.300235,,OK
23988,coin,PI-SIDIS,LH2,-1.531,-4.868,CTime.ePiCoinTime_ROC2,214735,3915,51.3678,0.30737,3915,1,0,1,3,4.98278,3,1.66093,1.46378e-06,51.3678,0.30737,,OK
23989,coin,PI-SIDIS,LH2,-1.531,-4.868,CTime.ePiCoinTime_ROC2,334609,6058,51.3249,0.285905,6058,1,0,1,3,14.1308,3,4.71028,6.13762e-07,51.3249,0.285905,,OK
23990,coin,PI-SIDIS,LH2,-1.531,-4.868,CTime.ePiCoinTime_ROC2,98929,2059,51.3899,0.311254,2059,1,0,1,3,0.688795,3,0.229598,2.38259e-08,51.3899,0.311254,,OK
23991,coin,PI-SIDIS,LH2,-1.531,-4.868,CTime.ePiCoinTime_ROC2,26812,662,51.4124,0.28892,662,1,0,1,3,8.27938,3,2.75979,1.4146e-08,51.4124,0.28892,,OK
23992,coin,PI-SIDIS,LD2,-1.531,-4.868,CTime.ePiCoinTime_ROC2,413196,6063,51.3576,0.280357,6063,1,0,1,3,1.77321,3,0.591069,4.22556e-06,51.3576,0.280357,,OK
23993,coin,PI-SIDIS,LD2,-1.531,-4.868,CTime.ePiCoinTime_ROC2,494798,7292,51.3786,0.297523,7292,1,0,1,3,13.7713,3,4.59042,3.2687e-08,51.3786,0.297523,,OK
23994,coin,PI-SIDIS,LD2,-1.531,-4.868,CTime.ePiCoinTime_ROC2,580901,8615,51.396,0.284352,8615,1,0,1,3,9.91025,3,3.30342,2.24329e-06,51.396,0.284352,,OK
23995,coin,PI-SIDIS,LD2,-1.531,-4.868,CTime.ePiCoinTime_ROC2,376655,5433,51.395,0.326433,5433,1,0,1,3,14.4812,3,4.82708,2.19217e-06,51.395,0.326433,,OK
23996,coin,PI-SIDIS,LD2,-1.531,-4.868,CTime.ePiCoinTime_ROC2,260540,4078,51.393,0.279696,4078,1,0,1,3,1.87527,3,0.625089,1.36318e-06,51.393,0.279696,,OK
23998,coin,PI-SIDIS,LD2,-1.531,-4.868,CTime.ePiCoinTime_ROC2,119877,2037,51.4077,0.309155,2037,1,0,1,3,13.253,3,4.41766,6.02928e-06,51.4077,0.309155,,OK
23999,coin,PI-SIDIS,Dummy,-1.531,-4.868,CTime.ePiCoinTime_ROC2,221227,3013,51.3911,0.280207,3013,1,0,1,3,8.41759,3,2.80586,1.77708e-08,51.3911,0.280207,,OK
24001,coin,PI-SIDIS,C,-1.531,-4.868,CTime.ePiCoinTime_ROC2,449757,6425,51.3689,0.29957,6425,1,0,1,3,2.83125,3,0.943751,1.00642e-06,51.3689,0.29957,,OK
24002,coin,PI-SIDIS,C,-1.531,-4.868,CTime.ePiCoinTime_ROC2,470194,6477,51.3625,0.298626,6477,1,0,1,3,5.40137,3,1.80046,1.2276e-06,51.3625,0.298626,,OK
24003,coin,PI-SIDIS,C,-1.531,-4.868,CTime.ePiCoinTime_ROC2,451668,6233,51.3955,0.329805,6233,1,0,1,3,10.0903,3,3.36345,7.1521e-07,51.3955,0.329805,,OK
24004,coin,PI-SIDIS,C,-1.531,-4.868,CTime.ePiCoinTime_ROC2,135639,2152,51.3994,0.283026,2152,1,0,1,3,12.3186,3,4.10621,1.39165e-07,51.3994,0.283026,,OK
24005,coin,PI-SIDIS,Cu,-1.531,-4.868,CTime.ePiCoinTime_ROC2,465166,5709,51.3684,0.295545,5709,1,0,1,3,10.4713,3,3.49042,3.99324e-06,51.3684,0.295545,,OK
24006,coin,PI-SIDIS,Cu,-1.531,-4.868,CTime.ePiCoinTime_ROC2,416893,5384,51.3807,0.293917,5384,1,0,1,3,3.19082,3,1.06361,1.41374e-06,51.3807,0.293917,,OK
24007,coin,PI-SIDIS,Cu,-1.531,-4.868,CTime.ePiCoinTime_ROC2,412314,5323,51.3546,0.277835,5323,1,0,1,3,7.72671,3,2.57557,2.93289e-07,51.3546,0.277835,,OK
24008,coin,PI-SIDIS,Cu,-1.531,-4.868,CTime.ePiCoinTime_ROC2,113601,1407,51.4134,0.314885,1407,1,0,1,3,3.35621,3,1.11874,1.26752e-06,51.4134,0.314885,,OK
24009,coin,PI-SIDIS,Cu,-1.531,-4.868,CTime.ePiCoinTime_ROC2,575934,7272,51.3618,0.319804,7272,1,0,1,3,2.70081,3,0.90027,1.10298e-07,51.3618,0.319804,,OK
24010,coin,PI-SIDIS,Cu,-1.531,-4.868,CTime.ePiCoinTime_ROC2,512560,6413,51.3534,0.298677,6413,1,0,1,3,14.0945,3,4.69816,3.45946e-06,51.3534,0.298677,,OK
24011,coin,PI-SIDIS,LH2,-1.531,-4.868,CTime.ePiCoinTime_ROC2,322140,5758,51.3494,0.304889,5758,1,0,1,3,16.7349,3,5.5783,4.89125e-07,51.3494,0.304889,,OK
24012,coin,PI-SIDIS,LH2,-1.531,-4.868,CTime.ePiCoinTime_ROC2,326501,5721,51.3385,0.298384,5721,1,0,1,3,3.04082,3,1.01361,3.84346e-07,51.3385,0.298384,,OK
24013,coin,PI-SIDIS,LH2,-1.531,-4.868,CTime.ePiCoinTime_ROC2,358020,6278,51.3372,0.299149,6278,1,0,1,3,12.5678,3,4.18926,1.7049e-07,51.3372,0.299149,,OK
24014,coin,PI-SIDIS,LH2,-1.531,-4.868,CTime.ePiCoinTime_ROC2,335343,5950,51.3306,0.287132,5950,1,0,1,3,5.10839,3,1.7028,1.83358e-08,51.3306,0.287132,,OK
24015,coin,PI-SIDIS,LH2,-1.531,-4.868,CTime.ePiCoinTime_ROC2,170788,3205,51.3506,0.280613,3205,1,0,1,3,11.9542,3,3.98472,2.07927e-06,51.3506,0.280613,,OK
24016,coin,PI-SIDIS,LH2,-1.531,-4.868,CTime.ePiCoinTime_ROC2,48456,1055,51.3519,0.297573,1055,1,0,1,3,4.84846,3,1.61615,8.70817e-06,51.3519,0.297573,,OK
24019,coin,PI-SIDIS,LD2,-1.531,-4.868,CTime.ePiCoinTime_ROC2,458909,6674,51.339,0.284516,6674,1,0,1,3,4.86658,3,1.62219,4.48952e-08,51.339,0.284516,,OK
24020,coin,PI-SIDIS,LD2,-1.531,-4.868,CTime.ePiCoinTime_ROC2,408292,6119,51.3488,0.309767,6119,1,0,1,3,8.72901,3,2.90967,9.8596e-07,51.3488,0.309767,,OK
24021,coin,PI-SIDIS,LD2,-1.531,-4.868,CTime.ePiCoinTime_ROC2,467658,6751,51.3471,0.291342,6751,1,0,1,3,5.51074,3,1.83691,1.44594e-06,51.3471,0.291342,,OK
24022,coin,PI-SIDIS,LD2,-1.531,-4.868,CTime.ePiCoinTime_ROC2,473723,6867,51.3396,0.289681,6867,1,0,1,3,6.05405,3,2.01802,5.10469e-06,51.3396,0.289681,,OK
24023,coin,PI-SIDIS,LD2,-1.531,-4.868,CTime.ePiCoinTime_ROC2,52504,837,51.3489,0.270087,837,1,0,1,3,9.59819,3,3.1994,8.87019e-06,51.3489,0.270087,,OK
24024,coin,PI-SIDIS,LD2,-1.531,-4.868,CTime.ePiCoinTime_ROC2,242375,3722,51.3473,0.29352,3722,1,0,1,3,3.54718,3,1.18239,3.95094e-08,51.3473,0.29352,,OK
24026,coin,PI-SIDIS,LD2,-1.531,-4.868,CTime.ePiCoinTime_ROC2,133528,2187,51.3618,0.319125,2187,1,0,1,3,19.9202,3,6.64008,9.52585e-06,51.3618,0.319125,,OK
24032,coin,PI-SIDIS,Dummy,-1.531,-4.868,CTime.ePiCoinTime_ROC2,238679,3212,51.3454,0.277712,3212,1,0,1,3,7.37588,3,2.45863,2.06205e-07,51.3454,0.277712,,OK
24039,coin,PI-SIDIS,C,-1.531,-4.868,CTime.ePiCoinTime_ROC2,46206,634,51.3873,0.259253,634,1,0,1,3,4.54156,3,1.51385,1.52172e-07,51.3873,0.259253,,OK
24040,coin,PI-SIDIS,C,-1.531,-4.868,CTime.ePiCoinTime_ROC2,275265,3851,51.355,0.294479,3851,1,0,1,3,10.836,3,3.61201,5.30975e-07,51.355,0.294479,,OK
24041,coin,PI-SIDIS,C,-1.531,-4.868,CTime.ePiCoinTime_ROC2,384729,5317,51.3435,0.295294,5317,1,0,1,3,8.79477,3,2.93159,3.66191e-09,51.3435,0.295294,,OK
24042,coin,PI-SIDIS,C,-1.531,-4.868,CTime.ePiCoinTime_ROC2,359840,5195,51.3198,0.298805,5195,1,0,1,3,8.69491,3,2.8983,8.50426e-08,51.3198,0.298805,,OK
24043,coin,PI-SIDIS,C,-1.531,-4.868,CTime.ePiCoinTime_ROC2,119329,1904,51.3481,0.286669,1904,1,0,1,3,10.6337,3,3.54458,9.95881e-07,51.3481,0.286669,,OK
24047,coin,PI-SIDIS,Cu,-1.531,-4.868,CTime.ePiCoinTime_ROC2,421285,5268,51.3276,0.321549,5268,1,0,1,3,10.1755,3,3.39184,1.72666e-06,51.3276,0.321549,,OK
24048,coin,PI-SIDIS,Cu,-1.531,-4.868,CTime.ePiCoinTime_ROC2,402464,5024,51.3235,0.286654,5024,1,0,1,3,3.39259,3,1.13086,3.5724e-09,51.3235,0.286654,,OK
24049,coin,PI-SIDIS,Cu,-1.531,-4.868,CTime.ePiCoinTime_ROC2,435947,5451,51.3027,0.312052,5451,1,0,1,3,4.49323,3,1.49774,6.6999e-06,51.3027,0.312052,,OK
24050,coin,PI-SIDIS,Cu,-1.531,-4.868,CTime.ePiCoinTime_ROC2,456182,5884,51.2868,0.29606,5884,1,0,1,3,9.3287,3,3.10957,8.72835e-06,51.2868,0.29606,,OK
24051,coin,PI-SIDIS,Cu,-1.531,-4.868,CTime.ePiCoinTime_ROC2,381161,4978,51.2301,0.312556,4978,1,0,1,3,8.07289,3,2.69096,1.18602e-05,51.2301,0.312556,,OK
24054,coin,PI-SIDIS,LH2,-1.531,-4.868,CTime.ePiCoinTime_ROC2,314125,5676,51.1913,0.318812,5676,1,0,1,3,5.86988,3,1.95663,3.53481e-08,51.1913,0.318812,,OK
24055,coin,PI-SIDIS,LH2,-1.531,-4.868,CTime.ePiCoinTime_ROC2,316717,5589,51.1912,0.295722,5589,1,0,1,3,1.294,3,0.431333,1.86977e-07,51.1912,0.295722,,OK
24056,coin,PI-SIDIS,LH2,-1.531,-4.868,CTime.ePiCoinTime_ROC2,332900,5908,51.2536,0.310305,5908,1,0,1,3,7.029,3,2.343,8.0889e-10,51.2536,0.310305,,OK
24057,coin,PI-SIDIS,LH2,-1.531,-4.868,CTime.ePiCoinTime_ROC2,294966,5247,51.2121,0.317848,5247,1,0,1,3,2.85131,3,0.950437,8.06715e-08,51.2121,0.317848,,OK
24058,coin,PI-SIDIS,LH2,-1.531,-4.868,CTime.ePiCoinTime_ROC2,140482,2674,51.2253,0.305329,2674,1,0,1,3,16.4423,3,5.48076,2.6694e-07,51.2253,0.305329,,OK
24059,coin,PI-SIDIS,LH2,-1.531,-4.868,CTime.ePiCoinTime_ROC2,45761,987,51.2174,0.243025,987,1,0,1,3,1.26347,2,0.631735,5.55546e-06,51.2174,0.243025,,OK
24060,coin,PI-SIDIS,LD2,-1.531,-4.868,CTime.ePiCoinTime_ROC2,412878,5960,51.2438,0.325479,5960,1,0,1,3,6.77969,3,2.2599,2.21144e-06,51.2438,0.325479,,OK
24061,coin,PI-SIDIS,LD2,-1.531,-4.868,CTime.ePiCoinTime_ROC2,499463,7184,51.2153,0.315489,7184,1,0,1,3,12.1587,3,4.05288,1.68556e-06,51.2153,0.315489,,OK
24062,coin,PI-SIDIS,LD2,-1.531,-4.868,CTime.ePiCoinTime_ROC2,479414,7036,51.1881,0.314895,7036,1,0,1,3,14.8136,3,4.93788,1.26638e-07,51.1881,0.314895,,OK
24063,coin,PI-SIDIS,LD2,-1.531,-4.868,CTime.ePiCoinTime_ROC2,416964,6025,51.2033,0.307852,6025,1,0,1,3,8.40918,3,2.80306,7.91672e-09,51.2033,0.307852,,OK
24064,coin,PI-SIDIS,LD2,-1.531,-4.868,CTime.ePiCoinTime_ROC2,225750,3526,51.2316,0.292259,3526,1,0,1,3,5.40365,3,1.80122,8.50882e-06,51.2316,0.292259,,OK
24065,coin,PI-SIDIS,LD2,-1.531,-4.868,CTime.ePiCoinTime_ROC2,118347,1973,51.2908,0.29433,1973,1,0,1,3,3.54729,3,1.18243,4.00187e-06,51.2908,0.29433,,OK
24066,coin,PI-SIDIS,Dummy,-1.531,-4.868,CTime.ePiCoinTime_ROC2,188983,2546,51.1825,0.301258,2546,1,0,1,3,3.35839,3,1.11946,5.81513e-07,51.1825,0.301258,,OK
24067,coin,PI-SIDIS,C,-1.531,-4.868,CTime.ePiCoinTime_ROC2,370237,5200,51.1837,0.315173,5200,1,0,1,3,11.5016,3,3.83386,6.75901e-07,51.1837,0.315173,,OK
24068,coin,PI-SIDIS,C,-1.531,-4.868,CTime.ePiCoinTime_ROC2,366311,5231,51.2072,0.307509,5231,1,0,1,3,9.66572,3,3.22191,1.35504e-06,51.2072,0.307509,,OK
24069,coin,PI-SIDIS,C,-1.531,-4.868,CTime.ePiCoinTime_ROC2,515113,7218,51.1964,0.324686,7218,1,0,1,3,10.2802,3,3.42675,1.08117e-07,51.1964,0.324686,,OK
24070,coin,PI-SIDIS,C,-1.531,-4.868,CTime.ePiCoinTime_ROC2,129803,2084,51.2151,0.290264,2084,1,0,1,3,8.19093,3,2.73031,2.77219e-06,51.2151,0.290264,,OK
24071,coin,PI-SIDIS,Cu,-1.531,-4.868,CTime.ePiCoinTime_ROC2,481986,6085,51.1997,0.300817,6085,1,0,1,3,8.63609,3,2.8787,2.92667e-07,51.1997,0.300817,,OK
24072,coin,PI-SIDIS,Cu,-1.531,-4.868,CTime.ePiCoinTime_ROC2,416867,5342,51.2117,0.322811,5342,1,0,1,3,9.83234,3,3.27745,3.89437e-07,51.2117,0.322811,,OK
24073,coin,PI-SIDIS,Cu,-1.531,-4.868,CTime.ePiCoinTime_ROC2,430364,5336,51.2274,0.315904,5336,1,0,1,3,5.00692,3,1.66897,8.13694e-07,51.2274,0.315904,,OK
24074,coin,PI-SIDIS,Cu,-1.531,-4.868,CTime.ePiCoinTime_ROC2,437691,5357,51.215,0.315316,5357,1,0,1,3,4.95901,3,1.653,2.26993e-07,51.215,0.315316,,OK
24075,coin,PI-SIDIS,Cu,-1.531,-4.868,CTime.ePiCoinTime_ROC2,397080,4991,51.2169,0.299664,4991,1,0,1,3,17.1164,3,5.70546,3.58044e-06,51.2169,0.299664,,OK
24076,coin,PI-SIDIS,Cu,-1.531,-4.868,CTime.ePiCoinTime_ROC2,433351,5464,51.2141,0.281047,5464,1,0,1,3,4.34544,3,1.44848,2.76578e-06,51.2141,0.281047,,OK
24079,coin,PI-SIDIS,Cu,-1.531,-4.868,CTime.ePiCoinTime_ROC2,425506,5351,51.2153,0.316738,5351,1,0,1,3,15.3166,3,5.10552,1.10337e-06,51.2153,0.316738,,OK
24080,coin,PI-SIDIS,Cu,-1.531,-4.868,CTime.ePiCoinTime_ROC2,484501,6114,51.1889,0.320365,6114,1,0,1,3,9.40562,3,3.13521,1.20354e-07,51.1889,0.320365,,OK
24081,coin,PI-SIDIS,LH2,-1.531,-4.868,CTime.ePiCoinTime_ROC2,321738,5569,51.1956,0.320926,5569,1,0,1,3,10.6653,3,3.55509,4.37095e-06,51.1956,0.320926,,OK
24082,coin,PI-SIDIS,LH2,-1.531,-4.868,CTime.ePiCoinTime_ROC2,309840,5566,51.1918,0.315856,5566,1,0,1,3,5.23417,3,1.74472,1.16072e-08,51.1918,0.315856,,OK
24084,coin,PI-SIDIS,Dummy,-1.531,-4.868,CTime.ePiCoinTime_ROC2,209236,2811,51.1997,0.291466,2811,1,0,1,3,9.88025,3,3.29342,6.32841e-07,51.1997,0.291466,,OK
24085,coin,PI-SIDIS,Dummy,-1.531,-4.868,CTime.ePiCoinTime_ROC2,219316,2891,51.2033,0.314938,2891,1,0,1,3,9.36911,3,3.12304,1.54713e-08,51.2033,0.314938,,OK
24086,coin,PI-SIDIS,Dummy,-1.531,-4.868,CTime.ePiCoinTime_ROC2,225088,3001,51.1956,0.320756,3001,1,0,1,3,5.8614,3,1.9538,4.45926e-07,51.1956,0.320756,,OK
24087,coin,PI-SIDIS,C,-1.531,-4.868,CTime.ePiCoinTime_ROC2,621056,8437,51.2248,0.321069,8437,1,0,1,3,18.8713,3,6.29042,4.20027e-06,51.2248,0.321069,,OK
24089,coin,PI-SIDIS,LH2,-1.531,-3.632,CTime.ePiCoinTime_ROC2,216894,8977,51.199,0.317628,8977,1,0,1,3,16.7332,3,5.57773,5.82125e-07,51.199,0.317628,,OK
24091,coin,PI-SIDIS,LH2,-1.531,-3.632,CTime.ePiCoinTime_ROC2,1867325,6297,51.2025,0.31963,6297,1,0,1,3,4.86905,3,1.62302,2.98779e-08,51.2025,0.31963,,OK
24092,coin,PI-SIDIS,LH2,-1.531,-3.632,CTime.ePiCoinTime_ROC2,275319,11371,51.178,0.332635,11371,1,0,1,3,39.6612,3,13.2204,8.4877e-06,51.178,0.332635,,OK
24093,coin,PI-SIDIS,LH2,-1.531,-3.632,CTime.ePiCoinTime_ROC2,265456,11194,51.1885,0.319346,11194,1,0,1,3,21.3343,3,7.11142,2.89685e-06,51.1885,0.319346,,OK
24094,coin,PI-SIDIS,LH2,-1.531,-3.632,CTime.ePiCoinTime_ROC2,248795,10581,51.2207,0.324526,10581,1,0,1,3,8.66873,3,2.88958,1.70146e-06,51.2207,0.324526,,OK
24095,coin,PI-SIDIS,LH2,-1.531,-3.632,CTime.ePiCoinTime_ROC2,108975,4758,51.2311,0.277657,4758,1,0,1,3,2.61279,3,0.870929,7.14512e-06,51.2311,0.277657,,OK
24096,coin,PI-SIDIS,LH2,-1.531,-3.632,CTime.ePiCoinTime_ROC2,34874,1770,51.2386,0.286002,1770,1,0,1,3,6.85221,3,2.28407,6.86596e-08,51.2386,0.286002,,OK
24097,coin,PI-SIDIS,LD2,-1.531,-3.632,CTime.ePiCoinTime_ROC2,23528,794,51.1829,0.280641,794,1,0,1,3,4.16071,3,1.3869,8.65915e-07,51.1829,0.280641,,OK
24098,coin,PI-SIDIS,LD2,-1.531,-3.632,CTime.ePiCoinTime_ROC2,306476,9870,51.184,0.309449,9870,1,0,1,3,25.1594,3,8.38646,2.35842e-08,51.184,0.309449,,OK
24099,coin,PI-SIDIS,LD2,-1.531,-3.632,CTime.ePiCoinTime_ROC2,323310,10653,51.2117,0.287382,10653,1,0,1,3,8.8419,3,2.9473,2.7354e-06,51.2117,0.287382,,OK
24100,coin,PI-SIDIS,LD2,-1.531,-3.632,CTime.ePiCoinTime_ROC2,277762,9060,51.2315,0.310917,9060,1,0,1,3,6.70309,3,2.23436,2.50034e-08,51.2315,0.310917,,OK
24101,coin,PI-SIDIS,LD2,-1.531,-3.632,CTime.ePiCoinTime_ROC2,320552,10392,51.1977,0.308609,10392,1,0,1,3,11.6375,3,3.87915,5.32058e-06,51.1977,0.308609,,OK
24103,coin,PI-SIDIS,LD2,-1.531,-3.632,CTime.ePiCoinTime_ROC2,170874,5747,51.2056,0.304703,5747,1,0,1,3,14.6488,3,4.88292,1.68195e-06,51.2056,0.304703,,OK
24104,coin,PI-SIDIS,LD2,-1.531,-3.632,CTime.ePiCoinTime_ROC2,425183,13586,51.2351,0.313553,13586,1,0,1,3,10.5875,3,3.52917,3.04207e-07,51.2351,0.313553,,OK
24110,coin,PI-SIDIS,LD2,-1.531,-3.632,CTime.ePiCoinTime_ROC2,287177,9035,51.1531,0.294777,9035,1,0,1,3,14.7395,3,4.91315,9.16272e-07,51.1531,0.294777,,OK
24111,coin,PI-SIDIS,LD2,-1.531,-3.632,CTime.ePiCoinTime_ROC2,300837,9628,51.1814,0.316073,9628,1,0,1,3,27.6376,3,9.21253,2.23067e-07,51.1814,0.316073,,OK
24112,coin,PI-SIDIS,LD2,-1.531,-3.632,CTime.ePiCoinTime_ROC2,334682,10683,51.2213,0.328695,10683,1,0,1,3,9.06501,3,3.02167,2.11472e-06,51.2213,0.328695,,OK
24113,coin,PI-SIDIS,LD2,-1.531,-3.632,CTime.ePiCoinTime_ROC2,146136,4949,51.1884,0.292952,4949,1,0,1,3,24.8426,3,8.28086,1.63258e-07,51.1884,0.292952,,OK
24116,coin,PI-SIDIS,Dummy,-1.531,-3.632,CTime.ePiCoinTime_ROC2,238322,7168,51.1693,0.314052,7168,1,0,1,3,12.1275,3,4.04249,8.73427e-06,51.1693,0.314052,,OK
24117,coin,PI-SIDIS,Dummy,-1.531,-3.632,CTime.ePiCoinTime_ROC2,240514,7244,51.1994,0.320701,7244,1,0,1,3,3.32494,3,1.10831,1.39167e-07,51.1994,0.320701,,OK
24120,coin,PI-SIDIS,C,-1.531,-3.632,CTime.ePiCoinTime_ROC2,420492,13385,51.1834,0.316543,13385,1,0,1,3,7.22192,3,2.40731,9.33852e-08,51.1834,0.316543,,OK
24121,coin,PI-SIDIS,C,-1.531,-3.632,CTime.ePiCoinTime_ROC2,395044,12781,51.1981,0.312954,12781,1,0,1,3,14.6221,3,4.87403,2.14359e-06,51.1981,0.312954,,OK
24122,coin,PI-SIDIS,C,-1.531,-3.632,CTime.ePiCoinTime_ROC2,371022,11788,51.2361,0.31717,11788,1,0,1,3,3.58863,3,1.19621,1.29717e-07,51.2361,0.31717,,OK
24123,coin,PI-SIDIS,C,-1.531,-3.632,CTime.ePiCoinTime_ROC2,353379,11133,51.2115,0.325186,11133,1,0,1,3,15.0019,3,5.00064,1.43735e-07,51.2115,0.325186,,OK
24125,coin,PI-SIDIS,C,-1.531,-3.632,CTime.ePiCoinTime_ROC2,88466,3059,51.2191,0.28942,3059,1,0,1,3,3.55718,3,1.18573,1.11476e-08,51.2191,0.28942,,OK
24126,coin,PI-SIDIS,Cu,-1.531,-3.632,CTime.ePiCoinTime_ROC2,386382,10859,51.2306,0.315821,10859,1,0,1,3,19.029,3,6.34299,9.18231e-06,51.2306,0.315821,,OK
24127,coin,PI-SIDIS,Cu,-1.531,-3.632,CTime.ePiCoinTime_ROC2,341499,9735,51.2303,0.30316,9735,1,0,1,3,8.67597,3,2.89199,4.98384e-08,51.2303,0.30316,,OK
24128,coin,PI-SIDIS,Cu,-1.531,-3.632,CTime.ePiCoinTime_ROC2,436906,12374,51.2209,0.336086,12374,1,0,1,3,8.66534,3,2.88845,4.43169e-06,51.2209,0.336086,,OK
24129,coin,PI-SIDIS,Cu,-1.531,-3.632,CTime.ePiCoinTime_ROC2,392334,11078,51.1875,0.296448,11078,1,0,1,3,8.58826,3,2.86275,4.49415e-07,51.1875,0.296448,,OK
24130,coin,PI-SIDIS,LH2,-1.531,-3.632,CTime.ePiCoinTime_ROC2,301189,12071,51.2468,0.309021,12071,1,0,1,3,13.0952,3,4.36506,5.44146e-06,51.2468,0.309021,,OK
24131,coin,PI-SIDIS,LH2,-1.531,-3.632,CTime.ePiCoinTime_ROC2,267910,10757,51.2079,0.301151,10757,1,0,1,3,14.3369,3,4.77897,1.3306e-06,51.2079,0.301151,,OK
24132,coin,PI-SIDIS,LH2,-1.531,-3.632,CTime.ePiCoinTime_ROC2,196218,7995,51.1898,0.311735,7995,1,0,1,3,10.4471,3,3.48236,9.56863e-06,51.1898,0.311735,,OK
24133,coin,PI-SIDIS,LH2,-1.531,-3.632,CTime.ePiCoinTime_ROC2,272965,11130,51.22,0.31945,11130,1,0,1,3,16.573,3,5.52434,4.28593e-06,51.22,0.31945,,OK
24134,coin,PI-SIDIS,LH2,-1.531,-3.632,CTime.ePiCoinTime_ROC2,133180,5727,51.2482,0.29531,5727,1,0,1,3,6.62776,3,2.20925,7.16638e-06,51.2482,0.29531,,OK
24135,coin,PI-SIDIS,LH2,-1.531,-3.632,CTime.ePiCoinTime_ROC2,33765,1568,51.2317,0.271893,1568,1,0,1,3,15.6275,3,5.20918,2.95533e-09,51.2317,0.271893,,OK
24138,coin,PI-SIDIS,C,-1.531,-3.632,CTime.ePiCoinTime_ROC2,536760,16445,51.2178,0.317539,16445,1,0,1,3,17.6971,3,5.89902,3.20178e-06,51.2178,0.317539,,OK
24139,coin,PI-SIDIS,C,-1.531,-3.632,CTime.ePiCoinTime_ROC2,570243,17650,51.2169,0.325976,17650,1,0,1,3,4.22644,3,1.40881,1.79879e-06,51.2169,0.325976,,OK
24140,coin,PI-SIDIS,C,-1.531,-3.632,CTime.ePiCoinTime_ROC2,591268,17777,51.2224,0.323891,17777,1,0,1,3,11.0849,3,3.69497,6.18463e-08,51.2224,0.323891,,OK
24141,coin,PI-SIDIS,C,-1.531,-3.632,CTime.ePiCoinTime_ROC2,566975,17326,51.2326,0.330071,17326,1,0,1,3,10.703,3,3.56765,2.64584e-07,51.2326,0.330071,,OK
24144,coin,PI-SIDIS,Cu,-1.531,-3.632,CTime.ePiCoinTime_ROC2,411914,11456,51.2301,0.302252,11456,1,0,1,3,16.1023,3,5.36744,2.72854e-06,51.2301,0.302252,,OK
24145,coin,PI-SIDIS,Cu,-1.531,-3.632,CTime.ePiCoinTime_ROC2,400317,11258,51.2446,0.337338,11258,1,0,1,3,4.58737,3,1.52912,1.26487e-06,51.2446,0.337338,,OK
24146,coin,PI-SIDIS,Cu,-1.531,-3.632,CTime.ePiCoinTime_ROC2,381079,10809,51.2233,0.298205,10809,1,0,1,3,4.31059,3,1.43686,5.60358e-06,51.2233,0.298205,,OK
24147,coin,PI-SIDIS,Cu,-1.531,-3.632,CTime.ePiCoinTime_ROC2,412162,11496,51.2378,0.308779,11496,1,0,1,3,10.4081,3,3.46936,9.74306e-07,51.2378,0.308779,,OK
24150,coin,PI-SIDIS,LH2,-1.531,-3.632,CTime.ePiCoinTime_ROC2,287046,11786,51.2045,0.311415,11786,1,0,1,3,3.39193,3,1.13064,9.65179e-06,51.2045,0.311415,,OK
24151,coin,PI-SIDIS,LH2,-1.531,-3.632,CTime.ePiCoinTime_ROC2,291691,11777,51.2158,0.313624,11777,1,0,1,3,7.68519,3,2.56173,8.20066e-06,51.2158,0.313624,,OK
24153,coin,PI-SIDIS,LH2,-1.531,-3.632,CTime.ePiCoinTime_ROC2,276240,11155,51.2101,0.315985,11155,1,0,1,3,17.0121,3,5.6707,4.06856e-07,51.2101,0.315985,,OK
24155,coin,PI-SIDIS,LH2,-1.531,-3.632,CTime.ePiCoinTime_ROC2,262395,10643,51.2163,0.319101,10643,1,0,1,3,10.9867,3,3.66225,8.70805e-06,51.2163,0.319101,,OK
24156,coin,PI-SIDIS,LH2,-1.531,-3.632,CTime.ePiCoinTime_ROC2,131902,5526,51.2132,0.312892,5526,1,0,1,3,11.3955,3,3.79849,1.46207e-07,51.2132,0.312892,,OK
24157,coin,PI-SIDIS,LH2,-1.531,-3.632,CTime.ePiCoinTime_ROC2,32714,1520,51.2295,0.289372,1520,1,0,1,3,5.94109,3,1.98036,2.36426e-06,51.2295,0.289372,,OK
24158,coin,PI-SIDIS,LD2,-1.531,-3.632,CTime.ePiCoinTime_ROC2,353774,11051,51.2074,0.291687,11051,1,0,1,3,16.1858,3,5.39528,2.91494e-06,51.2074,0.291687,,OK
24159,coin,PI-SIDIS,LD2,-1.531,-3.632,CTime.ePiCoinTime_ROC2,336151,10471,51.2235,0.320684,10471,1,0,1,3,10.263,3,3.421,1.70486e-06,51.2235,0.320684,,OK
24160,coin,PI-SIDIS,LD2,-1.531,-3.632,CTime.ePiCoinTime_ROC2,352697,10945,51.1915,0.310387,10945,1,0,1,3,1.57928,3,0.526427,6.7857e-06,51.1915,0.310387,,OK
24161,coin,PI-SIDIS,LD2,-1.531,-3.632,CTime.ePiCoinTime_ROC2,327810,10240,51.2106,0.301701,10240,1,0,1,3,13.1783,3,4.39275,1.68767e-07,51.2106,0.301701,,OK
24162,coin,PI-SIDIS,C,-1.531,-3.632,CTime.ePiCoinTime_ROC2,327847,10243,51.2399,0.314578,10243,1,0,1,3,8.31759,3,2.77253,6.57794e-06,51.2399,0.314578,,OK
24163,coin,PI-SIDIS,C,-1.531,-3.632,CTime.ePiCoinTime_ROC2,339370,10711,51.2213,0.286404,10711,1,0,1,3,21.6669,3,7.22229,6.13534e-06,51.2213,0.286404,,OK
24164,coin,PI-SIDIS,C,-1.531,-3.632,CTime.ePiCoinTime_ROC2,324994,10457,51.2167,0.312028,10457,1,0,1,3,16.0549,3,5.35163,6.99438e-06,51.2167,0.312028,,OK
24165,coin,PI-SIDIS,C,-1.531,-3.632,CTime.ePiCoinTime_ROC2,389181,12341,51.2109,0.312878,12341,1,0,1,3,19.262,3,6.42067,7.13391e-06,51.2109,0.312878,,OK
24166,coin,PI-SIDIS,C,-1.531,-3.632,CTime.ePiCoinTime_ROC2,99075,3423,51.2226,0.305911,3423,1,0,1,3,17.5663,3,5.85542,3.41846e-06,51.2226,0.305911,,OK
24167,coin,PI-SIDIS,Cu,-1.531,-3.632,CTime.ePiCoinTime_ROC2,344053,9679,51.2645,0.324397,9679,1,0,1,3,10.0156,3,3.33853,3.61309e-06,51.2645,0.324397,,OK
24168,coin,PI-SIDIS,Cu,-1.531,-3.632,CTime.ePiCoinTime_ROC2,381330,10713,51.2397,0.309029,10713,1,0,1,3,8.77506,3,2.92502,1.77779e-06,51.2397,0.309029,,OK
24169,coin,PI-SIDIS,Cu,-1.531,-3.632,CTime.ePiCoinTime_ROC2,383717,10756,51.2393,0.332861,10756,1,0,1,3,13.0922,3,4.36408,1.91554e-06,51.2393,0.332861,,OK
24170,coin,PI-SIDIS,Cu,-1.531,-3.632,CTime.ePiCoinTime_ROC2,353981,10085,51.2304,0.325349,10085,1,0,1,3,1.31771,3,0.439238,6.81953e-07,51.2304,0.325349,,OK
24171,coin,PI-SIDIS,Dummy,-1.531,-3.632,CTime.ePiCoinTime_ROC2,206789,6283,51.229,0.31926,6283,1,0,1,3,2.37018,3,0.790059,1.28843e-08,51.229,0.31926,,OK
24172,coin,PI-SIDIS,Dummy,-1.531,-3.632,CTime.ePiCoinTime_ROC2,257787,7757,51.2422,0.308658,7757,1,0,1,3,7.8018,3,2.6006,2.44188e-06,51.2422,0.308658,,OK
24173,coin,PI-SIDIS,Cu,-1.531,-3.632,CTime.ePiCoinTime_ROC2,304148,8479,51.1983,0.30489,8479,1,0,1,3,8.7994,3,2.93313,3.01403e-06,51.1983,0.30489,,OK
24174,coin,PI-SIDIS,Cu,-1.531,-3.632,CTime.ePiCoinTime_ROC2,378419,10826,51.1903,0.330983,10826,1,0,1,3,3.09679,3,1.03226,4.34453e-07,51.1903,0.330983,,OK
24175,coin,PI-SIDIS,Cu,-1.531,-3.632,CTime.ePiCoinTime_ROC2,357112,10040,51.215,0.32183,10040,1,0,1,3,7.20902,3,2.40301,6.84416e-06,51.215,0.32183,,OK
24176,coin,PI-SIDIS,Cu,-1.531,-3.632,CTime.ePiCoinTime_ROC2,378178,10723,51.2497,0.286257,10723,1,0,1,3,4.61877,3,1.53959,2.27706e-06,51.2497,0.286257,,OK
24177,coin,PI-SIDIS,Cu,-1.531,-3.632,CTime.ePiCoinTime_ROC2,326232,9270,51.2099,0.30826,9270,1,0,1,3,24.0713,3,8.02378,7.56027e-06,51.2099,0.30826,,OK
24178,coin,PI-SIDIS,LH2,-1.531,-3.632,CTime.ePiCoinTime_ROC2,232115,9316,51.1876,0.300394,9316,1,0,1,3,11.1764,3,3.72547,7.57387e-08,51.1876,0.300394,,OK
24179,coin,PI-SIDIS,LH2,-1.531,-3.632,CTime.ePiCoinTime_ROC2,278192,11334,51.1933,0.291883,11334,1,0,1,3,17.9377,3,5.97924,2.73399e-09,51.1933,0.291883,,OK
24185,coin,PI-SIDIS,LD2,-1.531,-3.632,CTime.ePiCoinTime_ROC2,324259,9967,51.2158,0.304698,9967,1,0,1,3,20.7501,3,6.9167,1.59979e-06,51.2158,0.304698,,OK
24187,coin,PI+SIDIS,LH2,-1.531,6.538,CTime.ePiCoinTime_ROC2,99848,3445,51.2004,0.311989,3445,1,0,1,3,10.0484,3,3.34948,4.0672e-06,51.2004,0.311989,,OK
24188,coin,PI+SIDIS,LH2,-1.531,6.538,CTime.ePiCoinTime_ROC2,1273807,3531,51.2218,0.319369,3531,1,0,1,3,11.6183,3,3.87276,5.96117e-07,51.2218,0.319369,,OK
24189,coin,PI+SIDIS,LH2,-1.531,6.538,CTime.ePiCoinTime_ROC2,94425,3152,51.2267,0.316992,3152,1,0,1,3,3.2789,3,1.09297,4.64755e-08,51.2267,0.316992,,OK
24190,coin,PI+SIDIS,LH2,-1.531,6.538,CTime.ePiCoinTime_ROC2,108547,3457,51.2215,0.305999,3457,1,0,1,3,10.5703,3,3.52342,5.155e-07,51.2215,0.305999,,OK
24191,coin,PI+SIDIS,LH2,-1.531,6.538,CTime.ePiCoinTime_ROC2,89640,3004,51.2155,0.318545,3004,1,0,1,3,16.4847,3,5.49491,1.38608e-07,51.2155,0.318545,,OK
24192,coin,PI+SIDIS,LH2,-1.531,6.538,CTime.ePiCoinTime_ROC2,103603,3398,51.2114,0.297578,3398,1,0,1,3,35.4591,3,11.8197,2.07918e-08,51.2114,0.297578,,OK
24193,coin,PI+SIDIS,LH2,-1.531,6.538,CTime.ePiCoinTime_ROC2,90596,3020,51.2234,0.305034,3020,1,0,1,3,20.5328,3,6.84426,2.60877e-06,51.2234,0.305034,,OK
24194,coin,PI+SIDIS,LH2,-1.531,6.538,CTime.ePiCoinTime_ROC2,101934,3359,51.2192,0.300916,3359,1,0,1,3,24.6699,3,8.2233,2.11539e-08,51.2192,0.300916,,OK
24195,coin,PI+SIDIS,LH2,-1.531,6.538,CTime.ePiCoinTime_ROC2,104269,3498,51.2164,0.309226,3498,1,0,1,3,12.3655,3,4.12182,2.62484e-07,51.2164,0.309226,,OK
24196,coin,PI+SIDIS,LH2,-1.531,6.538,CTime.ePiCoinTime_ROC2,42446,1766,51.2233,0.316357,1766,1,0,1,3,7.12479,3,2.37493,4.0978e-07,51.2233,0.316357,,OK
24197,coin,PI+SIDIS,LH2,-1.531,6.538,CTime.ePiCoinTime_ROC2,15329,868,51.2614,0.30597,868,1,0,1,3,12.353,3,4.11766,1.90303e-06,51.2614,0.30597,,OK
24200,coin,PI+SIDIS,LD2,-1.531,6.538,CTime.ePiCoinTime_ROC2,79203,1548,51.2515,0.305479,1548,1,0,1,3,23.4683,3,7.82277,2.70485e-07,51.2515,0.305479,,OK
24201,coin,PI+SIDIS,LD2,-1.531,6.538,CTime.ePiCoinTime_ROC2,327055,6128,51.2482,0.318536,6128,1,0,1,3,9.93345,3,3.31115,1.03787e-07,51.2482,0.318536,,OK
24203,coin,PI+SIDIS,LD2,-1.531,6.538,CTime.ePiCoinTime_ROC2,479023,9172,51.2273,0.312211,9172,1,0,1,3,38.012,3,12.6707,3.66476e-07,51.2273,0.312211,,OK
24204,coin,PI+SIDIS,LD2,-1.531,6.538,CTime.ePiCoinTime_ROC2,105685,2711,51.2572,0.303789,2711,1,0,1,3,9.0088,3,3.00293,1.22075e-07,51.2572,0.303789,,OK
24206,coin,PI+SIDIS,Dummy,-1.531,6.538,CTime.ePiCoinTime_ROC2,34430,994,51.2518,0.300493,994,1,0,1,3,5.11366,3,1.70455,4.53639e-07,51.2518,0.300493,,OK
24207,coin,PI+SIDIS,C,-1.531,6.538,CTime.ePiCoinTime_ROC2,141887,3329,51.2228,0.307208,3329,1,0,1,3,13.9036,3,4.63455,1.51041e-06,51.2228,0.307208,,OK
24208,coin,PI+SIDIS,C,-1.531,6.538,CTime.ePiCoinTime_ROC2,150223,3630,51.2106,0.310226,3630,1,0,1,3,17.1302,3,5.71006,1.38513e-06,51.2106,0.310226,,OK
24210,coin,PI+SIDIS,Cu,-1.531,6.538,CTime.ePiCoinTime_ROC2,132247,2236,51.2105,0.334386,2236,1,0,1,3,11.2216,3,3.74054,4.9446e-07,51.2105,0.334386,,OK
24211,coin,PI+SIDIS,Cu,-1.531,6.538,CTime.ePiCoinTime_ROC2,138889,2392,51.2254,0.305948,2392,1,0,1,3,15.0774,3,5.02581,5.4363e-07,51.2254,0.305948,,OK
24213,coin,PI+SIDIS,LD2,-1.531,4.868,CTime.ePiCoinTime_ROC2,811696,24663,51.2278,0.315814,24663,1,0,1,3,46.3589,3,15.453,4.90917e-08,51.2278,0.315814,,OK
24214,coin,PI+SIDIS,LD2,-1.531,4.868,CTime.ePiCoinTime_ROC2,655956,20015,51.2337,0.328096,20015,1,0,1,3,32.2651,3,10.755,1.59534e-06,51.2337,0.328096,,OK
24215,coin,PI+SIDIS,LD2,-1.531,4.868,CTime.ePiCoinTime_ROC2,880633,26761,51.2345,0.320082,26761,1,0,1,3,30.0331,3,10.011,3.70082e-06,51.2345,0.320082,,OK
24216,coin,PI+SIDIS,LD2,-1.531,4.868,CTime.ePiCoinTime_ROC2,961417,28852,51.2228,0.33382,28852,1,0,1,3,40.7924,3,13.5975,1.48522e-06,51.2228,0.33382,,OK
24217,coin,PI+SIDIS,LD2,-1.531,4.868,CTime.ePiCoinTime_ROC2,873938,26496,51.2262,0.324973,26496,1,0,1,3,34.0488,3,11.3496,2.97011e-07,51.2262,0.324973,,OK
24218,coin,PI+SIDIS,LD2,-1.531,4.868,CTime.ePiCoinTime_ROC2,841963,25401,51.2203,0.3286,25401,1,0,1,3,25.7806,3,8.59355,1.10734e-08,51.2203,0.3286,,OK
24219,coin,PI+SIDIS,LD2,-1.531,4.868,CTime.ePiCoinTime_ROC2,434834,13989,51.241,0.323624,13989,1,0,1,3,18.9372,3,6.3124,7.27831e-09,51.241,0.323624,,OK
24220,coin,PI+SIDIS,LD2,-1.531,4.868,CTime.ePiCoinTime_ROC2,107971,4079,51.2301,0.29483,4079,1,0,1,3,42.2518,3,14.0839,4.4044e-06,51.2301,0.29483,,OK
24222,coin,PI+SIDIS,LH2,-1.531,4.868,CTime.ePiCoinTime_ROC2,334846,14877,51.2211,0.314562,14877,1,0,1,3,15.3076,3,5.10252,5.23552e-08,51.2211,0.314562,,OK
24223,coin,PI+SIDIS,LH2,-1.531,4.868,CTime.ePiCoinTime_ROC2,2005593,7677,51.214,0.322599,7677,1,0,1,3,26.5101,3,8.83671,5.50839e-06,51.214,0.322599,,OK
24224,coin,PI+SIDIS,LH2,-1.531,4.868,CTime.ePiCoinTime_ROC2,339335,15001,51.2138,0.320164,15001,1,0,1,3,12.4762,3,4.15873,1.28935e-07,51.2138,0.320164,,OK
24225,coin,PI+SIDIS,LH2,-1.531,4.868,CTime.ePiCoinTime_ROC2,125024,5514,51.2133,0.317509,5514,1,0,1,3,11.1884,3,3.72948,4.54017e-07,51.2133,0.317509,,OK
24226,coin,PI+SIDIS,LH2,-1.531,4.868,CTime.ePiCoinTime_ROC2,351072,15556,51.1991,0.317631,15556,1,0,1,3,30.5596,3,10.1865,4.94319e-07,51.1991,0.317631,,OK
24227,coin,PI+SIDIS,LH2,-1.531,4.868,CTime.ePiCoinTime_ROC2,429563,19117,51.2114,0.327855,19117,1,0,1,3,33.1703,3,11.0568,2.7769e-07,51.2114,0.327855,,OK
24228,coin,PI+SIDIS,LH2,-1.531,4.868,CTime.ePiCoinTime_ROC2,321338,14029,51.2091,0.32192,14029,1,0,1,3,26.5607,3,8.85356,1.19985e-07,51.2091,0.32192,,OK
24229,coin,PI+SIDIS,LH2,-1.531,4.868,CTime.ePiCoinTime_ROC2,162223,7645,51.211,0.307609,7645,1,0,1,3,28.5764,3,9.52545,8.64515e-06,51.211,0.307609,,OK
24230,coin,PI+SIDIS,LH2,-1.531,4.868,CTime.ePiCoinTime_ROC2,50373,2821,51.2047,0.306168,2821,1,0,1,3,15.3817,3,5.12725,2.20808e-07,51.2047,0.306168,,OK
24232,coin,PI+SIDIS,Dummy,-1.531,4.868,CTime.ePiCoinTime_ROC2,129251,4686,51.2265,0.310278,4686,1,0,1,3,13.4938,3,4.49793,7.73801e-07,51.2265,0.310278,,OK
24233,coin,PI+SIDIS,Dummy,-1.531,4.868,CTime.ePiCoinTime_ROC2,122917,4478,51.2302,0.29061,4478,1,0,1,3,4.12445,3,1.37482,1.57401e-06,51.2302,0.29061,,OK
24234,coin,PI+SIDIS,Dummy,-1.531,4.868,CTime.ePiCoinTime_ROC2,128116,4600,51.2426,0.309682,4600,1,0,1,3,11.9944,3,3.99813,3.07607e-08,51.2426,0.309682,,OK
24236,coin,PI+SIDIS,C,-1.531,4.868,CTime.ePiCoinTime_ROC2,549828,17780,51.2395,0.330478,17780,1,0,1,3,21.572,3,7.19068,1.10223e-06,51.2395,0.330478,,OK
24237,coin,PI+SIDIS,C,-1.531,4.868,CTime.ePiCoinTime_ROC2,479096,15620,51.225,0.318357,15620,1,0,1,3,18.1682,3,6.05607,1.10955e-05,51.225,0.318357,,OK
24238,coin,PI+SIDIS,C,-1.531,4.868,CTime.ePiCoinTime_ROC2,553408,17938,51.2317,0.312652,17938,1,0,1,3,10.29,3,3.42999,6.65519e-08,51.2317,0.312652,,OK
24239,coin,PI+SIDIS,C,-1.531,4.868,CTime.ePiCoinTime_ROC2,529789,17450,51.2371,0.327505,17450,1,0,1,3,25.3063,3,8.43543,3.56492e-06,51.2371,0.327505,,OK
24240,coin,PI+SIDIS,C,-1.531,4.868,CTime.ePiCoinTime_ROC2,573443,18646,51.2415,0.315837,18646,1,0,1,3,31.1391,3,10.3797,8.44925e-06,51.2415,0.315837,,OK
24241,coin,PI+SIDIS,C,-1.531,4.868,CTime.ePiCoinTime_ROC2,150572,5756,51.2554,0.309238,5756,1,0,1,3,16.9779,3,5.6593,2.83802e-08,51.2554,0.309238,,OK
24243,coin,PI+SIDIS,Cu,-1.531,4.868,CTime.ePiCoinTime_ROC2,306950,8945,51.2399,0.316501,8945,1,0,1,3,12.2988,3,4.0996,1.74921e-06,51.2399,0.316501,,OK
24244,coin,PI+SIDIS,Cu,-1.531,4.868,CTime.ePiCoinTime_ROC2,409346,11723,51.2356,0.308231,11723,1,0,1,3,15.7913,3,5.26378,8.94447e-06,51.2356,0.308231,,OK
24245,coin,PI+SIDIS,Cu,-1.531,4.868,CTime.ePiCoinTime_ROC2,407993,11669,51.2239,0.319348,11669,1,0,1,3,28.947,3,9.64899,7.46243e-07,51.2239,0.319348,,OK
24246,coin,PI+SIDIS,Cu,-1.531,4.868,CTime.ePiCoinTime_ROC2,406492,11392,51.2488,0.313854,11392,1,0,1,3,9.87047,3,3.29016,5.21757e-06,51.2488,0.313854,,OK
24247,coin,PI+SIDIS,Cu,-1.531,4.868,CTime.ePiCoinTime_ROC2,370560,10603,51.2445,0.331392,10603,1,0,1,3,18.3389,3,6.11298,7.67318e-06,51.2445,0.331392,,OK
24248,coin,PI+SIDIS,Cu,-1.531,4.868,CTime.ePiCoinTime_ROC2,398823,11185,51.2361,0.33473,11185,1,0,1,3,14.5341,3,4.84469,1.95752e-06,51.2361,0.33473,,OK
24250,coin,PI+SIDIS,LD2,-1.531,4.868,CTime.ePiCoinTime_ROC2,802362,24181,51.2374,0.323054,24181,1,0,1,3,31.0522,3,10.3507,8.00367e-07,51.2374,0.323054,,OK
24251,coin,PI+SIDIS,LD2,-1.531,4.868,CTime.ePiCoinTime_ROC2,846801,25470,51.2415,0.316374,25470,1,0,1,3,33.3202,3,11.1067,1.01148e-09,51.2415,0.316374,,OK
24252,coin,PI+SIDIS,LD2,-1.531,4.868,CTime.ePiCoinTime_ROC2,865873,25796,51.2356,0.331259,25796,1,0,1,3,46.2576,3,15.4192,2.32686e-06,51.2356,0.331259,,OK
24253,coin,PI+SIDIS,LD2,-1.531,4.868,CTime.ePiCoinTime_ROC2,903005,27102,51.2278,0.31981,27102,1,0,1,3,27.639,3,9.213,1.46373e-06,51.2278,0.31981,,OK
24254,coin,PI+SIDIS,LD2,-1.531,4.868,CTime.ePiCoinTime_ROC2,887829,26575,51.235,0.330712,26575,1,0,1,3,24.8982,3,8.29941,9.53057e-07,51.235,0.330712,,OK
24255,coin,PI+SIDIS,LD2,-1.531,4.868,CTime.ePiCoinTime_ROC2,862185,25934,51.2299,0.321651,25934,1,0,1,3,32.5163,3,10.8388,2.53869e-07,51.2299,0.321651,,OK
24257,coin,PI+SIDIS,LH2,-1.531,4.868,CTime.ePiCoinTime_ROC2,346373,15112,51.2237,0.311991,15112,1,0,1,3,26.1197,3,8.70658,6.35596e-07,51.2237,0.311991,,OK
24258,coin,PI+SIDIS,LH2,-1.531,4.868,CTime.ePiCoinTime_ROC2,311625,13516,51.2119,0.314632,13516,1,0,1,3,9.13486,3,3.04495,2.17946e-07,51.2119,0.314632,,OK
24259,coin,PI+SIDIS,LH2,-1.531,4.868,CTime.ePiCoinTime_ROC2,322044,14158,51.2127,0.306918,14158,1,0,1,3,22.7574,3,7.58581,5.98182e-08,51.2127,0.306918,,OK
24260,coin,PI+SIDIS,LH2,-1.531,4.868,CTime.ePiCoinTime_ROC2,293167,12822,51.2199,0.313518,12822,1,0,1,3,21.1636,3,7.05455,2.19377e-08,51.2199,0.313518,,OK
24261,coin,PI+SIDIS,LH2,-1.531,4.868,CTime.ePiCoinTime_ROC2,241167,10705,51.2183,0.328107,10705,1,0,1,3,20.1942,3,6.73139,1.6176e-06,51.2183,0.328107,,OK
24262,coin,PI+SIDIS,LH2,-1.531,4.868,CTime.ePiCoinTime_ROC2,285708,12433,51.224,0.318152,12433,1,0,1,3,37.2966,3,12.4322,1.67671e-07,51.224,0.318152,,OK
24263,coin,PI+SIDIS,LH2,-1.531,4.868,CTime.ePiCoinTime_ROC2,165533,7689,51.2142,0.305583,7689,1,0,1,3,9.46252,3,3.15417,4.88765e-07,51.2142,0.305583,,OK
24264,coin,PI+SIDIS,LH2,-1.531,4.868,CTime.ePiCoinTime_ROC2,49459,2748,51.2193,0.288575,2748,1,0,1,3,19.8227,3,6.60757,1.66991e-06,51.2193,0.288575,,OK
24266,coin,PI+SIDIS,LD2,-1.531,4.868,CTime.ePiCoinTime_ROC2,414440,13302,51.2036,0.316993,13302,1,0,1,3,27.3825,3,9.1275,1.04844e-05,51.2036,0.316993,,OK
24267,coin,PI+SIDIS,LD2,-1.531,4.868,CTime.ePiCoinTime_ROC2,114457,4215,51.2156,0.303195,4215,1,0,1,3,31.8463,3,10.6154,4.39022e-06,51.2156,0.303195,,OK
24268,coin,PI+SIDIS,Dummy,-1.531,4.868,CTime.ePiCoinTime_ROC2,126353,4388,51.2093,0.302062,4388,1,0,1,3,21.9125,3,7.30415,5.24151e-07,51.2093,0.302062,,OK
24269,coin,PI+SIDIS,Dummy,-1.531,4.868,CTime.ePiCoinTime_ROC2,108993,3845,51.2155,0.310692,3845,1,0,1,3,12.7412,3,4.24707,3.0052e-06,51.2155,0.310692,,OK
24270,coin,PI+SIDIS,C,-1.531,4.868,CTime.ePiCoinTime_ROC2,524371,16853,51.2181,0.324715,16853,1,0,1,3,31.92,3,10.64,4.94534e-06,51.2181,0.324715,,OK
24271,coin,PI+SIDIS,C,-1.531,4.868,CTime.ePiCoinTime_ROC2,501796,16324,51.2075,0.321605,16324,1,0,1,3,41.8132,3,13.9377,1.90039e-06,51.2075,0.321605,,OK
24273,coin,PI+SIDIS,C,-1.531,4.868,CTime.ePiCoinTime_ROC2,573607,18632,51.2135,0.323701,18632,1,0,1,3,29.9083,3,9.96945,4.06276e-07,51.2135,0.323701,,OK
24274,coin,PI+SIDIS,C,-1.531,4.868,CTime.ePiCoinTime_ROC2,573383,18365,51.2022,0.323672,18365,1,0,1,3,31.7752,3,10.5917,5.81641e-08,51.2022,0.323672,,OK
24275,coin,PI+SIDIS,C,-1.531,4.868,CTime.ePiCoinTime_ROC2,563306,18089,51.2294,0.321078,18089,1,0,1,3,13.8577,3,4.61924,1.89297e-06,51.2294,0.321078,,OK
24276,coin,PI+SIDIS,C,-1.531,4.868,CTime.ePiCoinTime_ROC2,156180,5875,51.2453,0.308442,5875,1,0,1,3,16.2381,3,5.41271,5.19937e-06,51.2453,0.308442,,OK
24277,coin,PI+SIDIS,Cu,-1.531,4.868,CTime.ePiCoinTime_ROC2,448193,12509,51.2424,0.321502,12509,1,0,1,3,4.2041,3,1.40137,6.64225e-07,51.2424,0.321502,,OK
24278,coin,PI+SIDIS,Cu,-1.531,4.868,CTime.ePiCoinTime_ROC2,450310,12581,51.2427,0.316887,12581,1,0,1,3,13.465,3,4.48835,4.59999e-06,51.2427,0.316887,,OK
24279,coin,PI+SIDIS,Cu,-1.531,4.868,CTime.ePiCoinTime_ROC2,422193,11911,51.2572,0.317509,11911,1,0,1,3,13.8121,3,4.60405,2.18269e-06,51.2572,0.317509,,OK
24280,coin,PI+SIDIS,Cu,-1.531,4.868,CTime.ePiCoinTime_ROC2,415703,11596,51.2545,0.31032,11596,1,0,1,3,24.5859,3,8.19532,4.06605e-07,51.2545,0.31032,,OK
24281,coin,PI+SIDIS,Cu,-1.531,4.868,CTime.ePiCoinTime_ROC2,459495,13049,51.2584,0.275531,13049,1,0,1,3,19.4378,3,6.47928,1.4748e-06,51.2584,0.275531,,OK
24282,coin,PI+SIDIS,Cu,-1.531,4.868,CTime.ePiCoinTime_ROC2,467442,13034,51.2713,0.324197,13034,1,0,1,3,23.5707,3,7.85689,1.06146e-05,51.2713,0.324197,,OK
24283,coin,PI+SIDIS,Cu,-1.531,4.868,CTime.ePiCoinTime_ROC2,444026,12547,51.2696,0.312299,12547,1,0,1,3,10.715,3,3.57165,2.1256e-06,51.2696,0.312299,,OK
24310,coin,PI+SIDIS,LD2,-1.531,3.632,CTime.ePiCoinTime_ROC2,350064,12910,51.2183,0.323003,12910,1,0,1,3,20.8118,3,6.93728,4.83884e-07,51.2183,0.323003,,OK
24311,coin,PI+SIDIS,LD2,-1.531,3.632,CTime.ePiCoinTime_ROC2,356707,13209,51.2145,0.308568,13209,1,0,1,3,21.8304,3,7.27681,3.22247e-08,51.2145,0.308568,,OK
24312,coin,PI+SIDIS,LD2,-1.531,3.632,CTime.ePiCoinTime_ROC2,394945,14712,51.2221,0.315901,14712,1,0,1,3,38.5551,3,12.8517,1.61567e-06,51.2221,0.315901,,OK
24313,coin,PI+SIDIS,LD2,-1.531,3.632,CTime.ePiCoinTime_ROC2,502943,18500,51.2172,0.31009,18500,1,0,1,3,25.6608,3,8.55359,8.12071e-06,51.2172,0.31009,,OK
24314,coin,PI+SIDIS,LD2,-1.531,3.632,CTime.ePiCoinTime_ROC2,330780,12276,51.2298,0.313917,12276,1,0,1,3,9.7777,3,3.25923,3.0991e-06,51.2298,0.313917,,OK
24315,coin,PI+SIDIS,LD2,-1.531,3.632,CTime.ePiCoinTime_ROC2,285462,10440,51.254,0.324999,10440,1,0,1,3,20.2748,3,6.75827,5.91257e-06,51.254,0.324999,,OK
24316,coin,PI+SIDIS,LD2,-1.531,3.632,CTime.ePiCoinTime_ROC2,336183,12215,51.2648,0.311986,12215,1,0,1,3,7.13292,3,2.37764,8.59473e-06,51.2648,0.311986,,OK
24317,coin,PI+SIDIS,LD2,-1.531,3.632,CTime.ePiCoinTime_ROC2,356535,13083,51.2461,0.320442,13083,1,0,1,3,25.6033,3,8.53444,7.69345e-07,51.2461,0.320442,,OK
24318,coin,PI+SIDIS,LD2,-1.531,3.632,CTime.ePiCoinTime_ROC2,35535,1410,51.2455,0.299169,1410,1,0,1,3,8.07205,3,2.69068,2.71829e-07,51.2455,0.299169,,OK
24322,coin,PI+SIDIS,LH2,-1.531,3.632,CTime.ePiCoinTime_ROC2,278523,14252,51.2393,0.314564,14252,1,0,1,3,41.7574,3,13.9191,4.01374e-08,51.2393,0.314564,,OK
24323,coin,PI+SIDIS,LH2,-1.531,3.632,CTime.ePiCoinTime_ROC2,1982323,8451,51.2475,0.298939,8451,1,0,1,3,9.25954,3,3.08651,2.51549e-07,51.2475,0.298939,,OK
24324,coin,PI+SIDIS,LH2,-1.531,3.632,CTime.ePiCoinTime_ROC2,273379,14165,51.2416,0.314876,14165,1,0,1,3,19.9799,3,6.65997,3.57051e-06,51.2416,0.314876,,OK
24325,coin,PI+SIDIS,LH2,-1.531,3.632,CTime.ePiCoinTime_ROC2,269848,13918,51.2359,0.315156,13918,1,0,1,3,7.03841,3,2.34614,3.4861e-06,51.2359,0.315156,,OK
24326,coin,PI+SIDIS,LH2,-1.531,3.632,CTime.ePiCoinTime_ROC2,248458,12945,51.2464,0.313706,12945,1,0,1,3,24.7284,3,8.24281,1.34217e-07,51.2464,0.313706,,OK
24327,coin,PI+SIDIS,LH2,-1.531,3.632,CTime.ePiCoinTime_ROC2,247741,12855,51.2559,0.323913,12855,1,0,1,3,20.8216,3,6.94052,2.38648e-08,51.2559,0.323913,,OK
24328,coin,PI+SIDIS,LH2,-1.531,3.632,CTime.ePiCoinTime_ROC2,270908,13925,51.2412,0.314003,13925,1,0,1,3,35.3624,3,11.7875,6.24729e-06,51.2412,0.314003,,OK
24329,coin,PI+SIDIS,LH2,-1.531,3.632,CTime.ePiCoinTime_ROC2,264063,13667,51.2424,0.293445,13667,1,0,1,3,7.37753,3,2.45918,1.48015e-07,51.2424,0.293445,,OK
24330,coin,PI+SIDIS,LH2,-1.531,3.632,CTime.ePiCoinTime_ROC2,211344,10822,51.2305,0.324207,10822,1,0,1,3,14.9472,3,4.98239,2.99142e-07,51.2305,0.324207,,OK
24331,coin,PI+SIDIS,LH2,-1.531,3.632,CTime.ePiCoinTime_ROC2,79404,4286,51.2237,0.315806,4286,1,0,1,3,6.17596,3,2.05865,7.82217e-08,51.2237,0.315806,,OK
24332,coin,PI+SIDIS,LH2,-1.531,3.632,CTime.ePiCoinTime_ROC2,40040,2324,51.2542,0.295118,2324,1,0,1,3,8.54663,3,2.84888,3.48731e-10,51.2542,0.295118,,OK
24335,coin,PI+SIDIS,Dummy,-1.531,3.632,CTime.ePiCoinTime_ROC2,35994,1352,51.2093,0.331443,1352,1,0,1,3,5.57247,3,1.85749,9.97274e-07,51.2093,0.331443,,OK
24336,coin,PI+SIDIS,Dummy,-1.531,3.632,CTime.ePiCoinTime_ROC2,279430,10328,51.2035,0.299316,10328,1,0,1,3,5.36151,3,1.78717,4.89799e-07,51.2035,0.299316,,OK
24337,coin,PI+SIDIS,Dummy,-1.531,3.632,CTime.ePiCoinTime_ROC2,326474,12017,51.2104,0.324094,12017,1,0,1,3,19.291,3,6.43034,1.2061e-07,51.2104,0.324094,,OK
24338,coin,PI+SIDIS,Dummy,-1.531,3.632,CTime.ePiCoinTime_ROC2,364249,13306,51.2166,0.324509,13306,1,0,1,3,12.0788,3,4.02625,2.13432e-06,51.2166,0.324509,,OK
24339,coin,PI+SIDIS,Dummy,-1.531,3.632,CTime.ePiCoinTime_ROC2,332431,12029,51.2094,0.305174,12029,1,0,1,3,20.6315,3,6.87718,3.08964e-09,51.2094,0.305174,,OK
24342,coin,PI+SIDIS,C,-1.531,3.632,CTime.ePiCoinTime_ROC2,425458,16282,51.2135,0.306999,16282,1,0,1,3,32.446,3,10.8153,5.85272e-08,51.2135,0.306999,,OK
24343,coin,PI+SIDIS,C,-1.531,3.632,CTime.ePiCoinTime_ROC2,395077,14974,51.2363,0.330407,14974,1,0,1,3,29.5311,3,9.84369,1.04556e-06,51.2363,0.330407,,OK
24344,coin,PI+SIDIS,C,-1.531,3.632,CTime.ePiCoinTime_ROC2,401301,15161,51.2133,0.328198,15161,1,0,1,3,21.6565,3,7.21882,1.15357e-08,51.2133,0.328198,,OK
24345,coin,PI+SIDIS,C,-1.531,3.632,CTime.ePiCoinTime_ROC2,435711,16583,51.2022,0.321197,16583,1,0,1,3,27.0621,3,9.02069,5.44237e-06,51.2022,0.321197,,OK
24346,coin,PI+SIDIS,C,-1.531,3.632,CTime.ePiCoinTime_ROC2,423529,16227,51.1975,0.318481,16227,1,0,1,3,23.3143,3,7.77144,5.24135e-09,51.1975,0.318481,,OK
24347,coin,PI+SIDIS,C,-1.531,3.632,CTime.ePiCoinTime_ROC2,421717,15987,51.2011,0.313198,15987,1,0,1,3,10.9053,3,3.63509,2.67184e-06,51.2011,0.313198,,OK
24348,coin,PI+SIDIS,C,-1.531,3.632,CTime.ePiCoinTime_ROC2,418047,15555,51.2052,0.314797,15555,1,0,1,3,25.6085,3,8.53618,1.19632e-08,51.2052,0.314797,,OK
24349,coin,PI+SIDIS,C,-1.531,3.632,CTime.ePiCoinTime_ROC2,85988,3605,51.2086,0.307016,3605,1,0,1,3,3.95983,3,1.31994,4.99591e-08,51.2086,0.307016,,OK
24352,coin,PI+SIDIS,Cu,-1.531,3.632,CTime.ePiCoinTime_ROC2,363533,12225,51.2111,0.319411,12225,1,0,1,3,13.0185,3,4.33951,6.84735e-06,51.2111,0.319411,,OK
24353,coin,PI+SIDIS,Cu,-1.531,3.632,CTime.ePiCoinTime_ROC2,381999,13156,51.2296,0.318978,13156,1,0,1,3,11.2011,3,3.7337,4.00125e-08,51.2296,0.318978,,OK
24354,coin,PI+SIDIS,Cu,-1.531,3.632,CTime.ePiCoinTime_ROC2,346237,11855,51.2297,0.326569,11855,1,0,1,3,18.9496,3,6.31652,6.43642e-09,51.2297,0.326569,,OK
24355,coin,PI+SIDIS,Cu,-1.531,3.632,CTime.ePiCoinTime_ROC2,366836,12658,51.2303,0.33071,12658,1,0,1,3,8.33766,3,2.77922,2.35998e-06,51.2303,0.33071,,OK
24356,coin,PI+SIDIS,Cu,-1.531,3.632,CTime.ePiCoinTime_ROC2,325999,11200,51.2278,0.31989,11200,1,0,1,3,2.28119,3,0.760396,3.14076e-06,51.2278,0.31989,,OK
24357,coin,PI+SIDIS,Cu,-1.531,3.632,CTime.ePiCoinTime_ROC2,301891,10218,51.2559,0.329291,10218,1,0,1,3,11.5441,3,3.84804,1.40708e-06,51.2559,0.329291,,OK
24359,coin,PI+SIDIS,Cu,-1.531,3.632,CTime.ePiCoinTime_ROC2,297358,10005,51.255,0.32278,10005,1,0,1,3,5.89181,3,1.96394,4.3655e-07,51.255,0.32278,,OK
24360,coin,PI+SIDIS,Cu,-1.531,3.632,CTime.ePiCoinTime_ROC2,333191,11309,51.2477,0.320042,11309,1,0,1,3,14.836,3,4.94534,7.30868e-07,51.2477,0.320042,,OK
24363,coin,PI+SIDIS,Al,-1.531,3.632,CTime.ePiCoinTime_ROC2,72889,3511,51.2557,0.314991,3511,1,0,1,3,6.03784,3,2.01261,2.17724e-08,51.2557,0.314991,,OK
24364,coin,PI+SIDIS,Al,-1.531,3.632,CTime.ePiCoinTime_ROC2,89018,4254,51.2562,0.301815,4254,1,0,1,3,6.78696,3,2.26232,1.56435e-06,51.2562,0.301815,,OK
24365,coin,PI+SIDIS,Al,-1.531,3.632,CTime.ePiCoinTime_ROC2,98923,4716,51.2667,0.308017,4716,1,0,1,3,21.0936,3,7.0312,2.71524e-06,51.2667,0.308017,,OK
24366,coin,PI+SIDIS,Al,-1.531,3.632,CTime.ePiCoinTime_ROC2,94298,4564,51.2394,0.306763,4564,1,0,1,3,3.21718,3,1.07239,1.03368e-06,51.2394,0.306763,,OK
24367,coin,PI+SIDIS,Al,-1.531,3.632,CTime.ePiCoinTime_ROC2,87217,4121,51.2586,0.274049,4121,1,0,1,3,1.42118,3,0.473725,2.42413e-07,51.2586,0.274049,,OK
24368,coin,PI+SIDIS,Al,-1.531,3.632,CTime.ePiCoinTime_ROC2,97706,4671,51.2475,0.298915,4671,1,0,1,3,3.7182,3,1.2394,1.44163e-06,51.2475,0.298915,,OK
24369,coin,PI+SIDIS,Al,-1.531,3.632,CTime.ePiCoinTime_ROC2,88453,4277,51.2635,0.307333,4277,1,0,1,3,2.87914,3,0.959714,1.1991e-07,51.2635,0.307333,,OK
24370,coin,PI+SIDIS,Al,-1.531,3.632,CTime.ePiCoinTime_ROC2,92687,4414,51.2541,0.304127,4414,1,0,1,3,16.4076,3,5.4692,2.15618e-08,51.2541,0.304127,,OK
24371,coin,PI+SIDIS,Al,-1.531,3.632,CTime.ePiCoinTime_ROC2,99934,4810,51.225,0.296457,4810,1,0,1,3,16.9753,3,5.65844,9.78916e-06,51.225,0.296457,,OK
24372,coin,PI+SIDIS,Al,-1.531,3.632,CTime.ePiCoinTime_ROC2,81371,3832,51.2434,0.327703,3832,1,0,1,3,11.3767,3,3.79223,8.01402e-06,51.2434,0.327703,,OK
24376,coin,PI+SIDIS,LD2,-1.531,3.632,CTime.ePiCoinTime_ROC2,225059,8289,51.2092,0.316712,8289,1,0,1,3,11.9226,3,3.97419,2.69756e-06,51.2092,0.316712,,OK
24377,coin,PI+SIDIS,LD2,-1.531,3.632,CTime.ePiCoinTime_ROC2,344416,12608,51.2061,0.310196,12608,1,0,1,3,6.07361,3,2.02454,7.45813e-06,51.2061,0.310196,,OK
24378,coin,PI+SIDIS,LD2,-1.531,3.632,CTime.ePiCoinTime_ROC2,285724,10508,51.2308,0.313134,10508,1,0,1,3,13.2047,3,4.40156,1.91867e-07,51.2308,0.313134,,OK
24379,coin,PI+SIDIS,LD2,-1.531,3.632,CTime.ePiCoinTime_ROC2,344672,12542,51.2149,0.292349,12542,1,0,1,3,8.77957,3,2.92652,9.94254e-06,51.2149,0.292349,,OK
24380,coin,PI+SIDIS,LD2,-1.531,3.632,CTime.ePiCoinTime_ROC2,347555,12706,51.1952,0.308642,12706,1,0,1,3,32.119,3,10.7063,2.50897e-07,51.1952,0.308642,,OK
24381,coin,PI+SIDIS,LD2,-1.531,3.632,CTime.ePiCoinTime_ROC2,349421,13091,51.2258,0.308823,13091,1,0,1,3,8.71953,3,2.90651,2.81557e-06,51.2258,0.308823,,OK
24382,coin,PI+SIDIS,LD2,-1.531,3.632,CTime.ePiCoinTime_ROC2,356996,13252,51.2012,0.325876,13252,1,0,1,3,20.2,3,6.73333,2.43753e-07,51.2012,0.325876,,OK
24383,coin,PI+SIDIS,LD2,-1.531,3.632,CTime.ePiCoinTime_ROC2,361231,13439,51.1987,0.305755,13439,1,0,1,3,26.3963,3,8.79876,5.10219e-08,51.1987,0.305755,,OK
24384,coin,PI+SIDIS,LD2,-1.531,3.632,CTime.ePiCoinTime_ROC2,97806,3992,51.2291,0.300829,3992,1,0,1,3,6.26645,3,2.08882,2.72333e-07,51.2291,0.300829,,OK
24385,coin,PI+SIDIS,LH2,-1.531,3.632,CTime.ePiCoinTime_ROC2,102245,5272,51.1906,0.3176,5272,1,0,1,3,15.9544,3,5.31815,1.17631e-07,51.1906,0.3176,,OK
24386,coin,PI+SIDIS,LH2,-1.531,3.632,CTime.ePiCoinTime_ROC2,319944,16347,51.1966,0.314435,16347,1,0,1,3,36.4979,3,12.166,2.08765e-07,51.1966,0.314435,,OK
24387,coin,PI+SIDIS,LH2,-1.531,3.632,CTime.ePiCoinTime_ROC2,287213,14838,51.1894,0.301432,14838,1,0,1,3,32.3869,3,10.7956,8.10992e-07,51.1894,0.301432,,OK
24388,coin,PI+SIDIS,LH2,-1.531,3.632,CTime.ePiCoinTime_ROC2,322137,16458,51.1804,0.327712,16458,1,0,1,3,38.9527,3,12.9842,3.55562e-06,51.1804,0.327712,,OK
24389,coin,PI+SIDIS,LH2,-1.531,3.632,CTime.ePiCoinTime_ROC2,230927,12105,51.2203,0.324561,12105,1,0,1,3,19.9562,3,6.65207,9.47255e-07,51.2203,0.324561,,OK
24390,coin,PI+SIDIS,LH2,-1.531,3.632,CTime.ePiCoinTime_ROC2,250956,12898,51.2318,0.306656,12898,1,0,1,3,16.8628,3,5.62092,1.06584e-06,51.2318,0.306656,,OK
24396,coin,PI+SIDIS,LH2,-1.531,3.632,CTime.ePiCoinTime_ROC2,261764,14800,51.2154,0.302778,14800,1,0,1,3,16.3178,3,5.43926,7.39579e-08,51.2154,0.302778,,OK
24397,coin,PI+SIDIS,LH2,-1.531,3.632,CTime.ePiCoinTime_ROC2,264252,14385,51.2124,0.305388,14385,1,0,1,3,5.79042,3,1.93014,1.17185e-08,51.2124,0.305388,,OK
24398,coin,PI+SIDIS,LH2,-1.531,3.632,CTime.ePiCoinTime_ROC2,125666,7228,51.217,0.311689,7228,1,0,1,3,5.09886,3,1.69962,4.1563e-07,51.217,0.311689,,OK
24399,coin,PI+SIDIS,LH2,-1.531,3.632,CTime.ePiCoinTime_ROC2,34826,2103,51.2244,0.297075,2103,1,0,1,3,5.38734,3,1.79578,8.00112e-06,51.2244,0.297075,,OK
24400,coin,PI+SIDIS,Dummy,-1.531,3.632,CTime.ePiCoinTime_ROC2,233950,9238,51.1881,0.305825,9238,1,0,1,3,13.2564,3,4.41881,9.18408e-08,51.1881,0.305825,,OK
24401,coin,PI+SIDIS,Dummy,-1.531,3.632,CTime.ePiCoinTime_ROC2,244657,9854,51.2062,0.316539,9854,1,0,1,3,6.30862,3,2.10287,9.05347e-07,51.2062,0.316539,,OK
24402,coin,PI+SIDIS,Dummy,-1.531,3.632,CTime.ePiCoinTime_ROC2,329865,13221,51.2027,0.310597,13221,1,0,1,3,5.29762,3,1.76587,3.52303e-09,51.2027,0.310597,,OK
24404,coin,PI+SIDIS,C,-1.531,3.632,CTime.ePiCoinTime_ROC2,373622,15429,51.2065,0.321896,15429,1,0,1,3,19.8439,3,6.61462,3.73002e-07,51.2065,0.321896,,OK
24405,coin,PI+SIDIS,C,-1.531,3.632,CTime.ePiCoinTime_ROC2,98035,4279,51.2215,0.314507,4279,1,0,1,3,1.85002,3,0.616673,8.94689e-08,51.2215,0.314507,,OK
24406,coin,PI+SIDIS,Cu,-1.531,3.632,CTime.ePiCoinTime_ROC2,372222,13793,51.1995,0.314182,13793,1,0,1,3,2.81738,3,0.939127,6.37986e-07,51.1995,0.314182,,OK
24407,coin,PI+SIDIS,Cu,-1.531,3.632,CTime.ePiCoinTime_ROC2,369812,13554,51.2078,0.328479,13554,1,0,1,3,8.64101,3,2.88034,1.06296e-05,51.2078,0.328479,,OK
24408,coin,PI+SIDIS,Cu,-1.531,3.632,CTime.ePiCoinTime_ROC2,393220,14327,51.1918,0.301975,14327,1,0,1,3,6.19366,3,2.06455,1.75491e-07,51.1918,0.301975,,OK
24409,coin,PI+SIDIS,Cu,-1.531,3.632,CTime.ePiCoinTime_ROC2,350736,13066,51.197,0.317792,13066,1,0,1,3,7.15817,3,2.38606,2.31214e-07,51.197,0.317792,,OK
24410,coin,PI+SIDIS,Cu,-1.531,3.632,CTime.ePiCoinTime_ROC2,356767,13025,51.2071,0.32151,13025,1,0,1,3,8.87034,3,2.95678,7.61207e-08,51.2071,0.32151,,OK
24411,coin,PI+SIDIS,Al,-1.531,3.632,CTime.ePiCoinTime_ROC2,73116,3640,51.2104,0.291854,3640,1,0,1,3,2.86973,3,0.956576,2.08423e-09,51.2104,0.291854,,OK
24412,coin,PI+SIDIS,Al,-1.531,3.632,CTime.ePiCoinTime_ROC2,91407,4529,51.2499,0.285035,4529,1,0,1,3,15.913,3,5.30434,2.6099e-06,51.2499,0.285035,,OK
24413,coin,PI+SIDIS,Al,-1.531,3.632,CTime.ePiCoinTime_ROC2,90442,4434,51.2416,0.30891,4434,1,0,1,3,18.9957,3,6.3319,2.47477e-08,51.2416,0.30891,,OK
24414,coin,PI+SIDIS,Al,-1.531,3.632,CTime.ePiCoinTime_ROC2,101217,5032,51.2343,0.300402,5032,1,0,1,3,18.0271,3,6.00903,1.54975e-06,51.2343,0.300402,,OK
24415,coin,PI+SIDIS,LD2,-1.531,3.632,CTime.ePiCoinTime_ROC2,46476,1850,51.2185,0.311894,1850,1,0,1,3,5.92888,3,1.97629,8.16953e-07,51.2185,0.311894,,OK
24416,coin,PI+SIDIS,LD2,-1.531,3.632,CTime.ePiCoinTime_ROC2,305307,12169,51.2579,0.292506,12169,1,0,1,3,10.4518,3,3.48394,1.51726e-06,51.2579,0.292506,,OK
24417,coin,PI+SIDIS,LD2,-1.531,3.632,CTime.ePiCoinTime_ROC2,368018,14886,51.2582,0.291082,14886,1,0,1,3,4.52486,3,1.50829,1.49533e-06,51.2582,0.291082,,OK
24418,coin,PI+SIDIS,LD2,-1.531,3.632,CTime.ePiCoinTime_ROC2,375330,14905,51.2493,0.307589,14905,1,0,1,3,14.6006,3,4.86687,4.42227e-06,51.2493,0.307589,,OK
24419,coin,PI+SIDIS,LD2,-1.531,3.632,CTime.ePiCoinTime_ROC2,339695,13434,51.2644,0.313534,13434,1,0,1,3,7.65067,3,2.55022,4.2262e-09,51.2644,0.313534,,OK
24421,coin,PI+SIDIS,LD2,-1.531,3.632,CTime.ePiCoinTime_ROC2,47187,1962,51.2541,0.307069,1962,1,0,1,3,5.05153,3,1.68384,4.95737e-06,51.2541,0.307069,,OK
24422,coin,PI+SIDIS,LD2,-1.531,3.632,CTime.ePiCoinTime_ROC2,217854,8668,51.2508,0.296214,8668,1,0,1,3,4.17592,3,1.39197,8.10856e-08,51.2508,0.296214,,OK
24423,coin,PI+SIDIS,LD2,-1.531,3.632,CTime.ePiCoinTime_ROC2,93906,4008,51.2721,0.316505,4008,1,0,1,3,6.93841,3,2.3128,5.49443e-06,51.2721,0.316505,,OK
24424,coin,PI+SIDIS,LH2,-1.531,3.632,CTime.ePiCoinTime_ROC2,263190,14570,51.2457,0.299917,14570,1,0,1,3,16.1819,3,5.39395,8.6297e-07,51.2457,0.299917,,OK
24425,coin,PI+SIDIS,LH2,-1.531,3.632,CTime.ePiCoinTime_ROC2,269244,15001,51.2459,0.321975,15001,1,0,1,3,12.2412,3,4.08039,1.08932e-07,51.2459,0.321975,,OK
24426,coin,PI+SIDIS,LH2,-1.531,3.632,CTime.ePiCoinTime_ROC2,127036,7385,51.2662,0.309278,7385,1,0,1,3,11.3916,3,3.7972,1.79305e-08,51.2662,0.309278,,OK
24427,coin,PI+SIDIS,LH2,-1.531,3.632,CTime.ePiCoinTime_ROC2,38848,2311,51.231,0.297934,2311,1,0,1,3,7.61431,3,2.5381,2.09558e-06,51.231,0.297934,,OK
24428,coin,PI+SIDIS,LD2,-1.531,2.615,CTime.ePiCoinTime_ROC2,200873,8522,51.2107,0.321703,8522,1,0,1,3,2.77006,3,0.923353,1.02026e-05,51.2107,0.321703,,OK
24429,coin,PI+SIDIS,LD2,-1.531,2.615,CTime.ePiCoinTime_ROC2,218799,9353,51.2174,0.327901,9353,1,0,1,3,8.41398,3,2.80466,7.51499e-07,51.2174,0.327901,,OK
24430,coin,PI+SIDIS,LD2,-1.531,2.615,CTime.ePiCoinTime_ROC2,196110,8360,51.1953,0.317711,8360,1,0,1,3,8.75672,3,2.91891,6.63146e-06,51.1953,0.317711,,OK
24431,coin,PI+SIDIS,LD2,-1.531,2.615,CTime.ePiCoinTime_ROC2,201543,8557,51.2041,0.319715,8557,1,0,1,3,6.83484,3,2.27828,1.9438e-08,51.2041,0.319715,,OK
24432,coin,PI+SIDIS,LD2,-1.531,2.615,CTime.ePiCoinTime_ROC2,199055,8353,51.1933,0.316309,8353,1,0,1,3,8.16697,3,2.72232,1.2894e-06,51.1933,0.316309,,OK
24433,coin,PI+SIDIS,LD2,-1.531,2.615,CTime.ePiCoinTime_ROC2,225815,9598,51.2014,0.328835,9598,1,0,1,3,18.2608,3,6.08692,9.51538e-07,51.2014,0.328835,,OK
24434,coin,PI+SIDIS,LD2,-1.531,2.615,CTime.ePiCoinTime_ROC2,215390,9222,51.2394,0.317552,9222,1,0,1,3,4.85203,3,1.61734,3.27295e-08,51.2394,0.317552,,OK
24435,coin,PI+SIDIS,LD2,-1.531,2.615,CTime.ePiCoinTime_ROC2,217747,9455,51.2301,0.311569,9455,1,0,1,3,12.1867,3,4.06222,4.16932e-07,51.2301,0.311569,,OK
24436,coin,PI+SIDIS,LD2,-1.531,2.615,CTime.ePiCoinTime_ROC2,220254,9275,51.2036,0.302701,9275,1,0,1,3,17.1307,3,5.71023,1.01179e-06,51.2036,0.302701,,OK
24437,coin,PI+SIDIS,LD2,-1.531,2.615,CTime.ePiCoinTime_ROC2,216191,9202,51.1897,0.280851,9202,1,0,1,3,26.9692,3,8.98974,1.77611e-08,51.1897,0.280851,,OK
24442,coin,PI+SIDIS,LH2,-1.531,2.615,CTime.ePiCoinTime_ROC2,164653,9813,51.2267,0.313336,9813,1,0,1,3,17.9888,3,5.99627,9.27802e-09,51.2267,0.313336,,OK
24443,coin,PI+SIDIS,LH2,-1.531,2.615,CTime.ePiCoinTime_ROC2,1863300,8887,51.2149,0.331288,8887,1,0,1,3,7.58241,3,2.52747,2.065e-06,51.2149,0.331288,,OK
24444,coin,PI+SIDIS,LH2,-1.531,2.615,CTime.ePiCoinTime_ROC2,149218,8733,51.2015,0.302456,8733,1,0,1,3,5.92105,3,1.97368,4.2743e-06,51.2015,0.302456,,OK
24445,coin,PI+SIDIS,LH2,-1.531,2.615,CTime.ePiCoinTime_ROC2,26387,1579,51.2181,0.314579,1579,1,0,1,3,1.21074,3,0.403581,1.50136e-07,51.2181,0.314579,,OK
24446,coin,PI+SIDIS,LH2,-1.531,2.615,CTime.ePiCoinTime_ROC2,85309,4944,51.1847,0.30828,4944,1,0,1,3,1.42671,3,0.475571,2.165e-06,51.1847,0.30828,,OK
24447,coin,PI+SIDIS,LH2,-1.531,2.615,CTime.ePiCoinTime_ROC2,137993,7956,51.1955,0.307139,7956,1,0,1,3,26.6732,3,8.89108,5.58581e-06,51.1955,0.307139,,OK
24448,coin,PI+SIDIS,LH2,-1.531,2.615,CTime.ePiCoinTime_ROC2,56149,3264,51.2149,0.30461,3264,1,0,1,3,3.05723,3,1.01908,1.97244e-06,51.2149,0.30461,,OK
24449,coin,PI+SIDIS,LH2,-1.531,2.615,CTime.ePiCoinTime_ROC2,161500,9423,51.2293,0.30974,9423,1,0,1,3,7.34956,3,2.44985,1.98913e-08,51.2293,0.30974,,OK
24450,coin,PI+SIDIS,LH2,-1.531,2.615,CTime.ePiCoinTime_ROC2,162791,9476,51.2203,0.321702,9476,1,0,1,3,12.5527,3,4.18424,7.10594e-08,51.2203,0.321702,,OK
24451,coin,PI+SIDIS,LH2,-1.531,2.615,CTime.ePiCoinTime_ROC2,148301,8752,51.2041,0.320748,8752,1,0,1,3,15.1756,3,5.05854,1.31916e-07,51.2041,0.320748,,OK
24452,coin,PI+SIDIS,LH2,-1.531,2.615,CTime.ePiCoinTime_ROC2,166329,9694,51.2083,0.302693,9694,1,0,1,3,10.2823,3,3.42745,7.31936e-07,51.2083,0.302693,,OK
24453,coin,PI+SIDIS,LH2,-1.531,2.615,CTime.ePiCoinTime_ROC2,158918,9402,51.193,0.329466,9402,1,0,1,3,8.5662,3,2.8554,2.53401e-06,51.193,0.329466,,OK
24454,coin,PI+SIDIS,LH2,-1.531,2.615,CTime.ePiCoinTime_ROC2,49344,2934,51.2186,0.30241,2934,1,0,1,3,7.51834,3,2.50611,6.50564e-06,51.2186,0.30241,,OK
24460,coin,PI+SIDIS,Dummy,-1.531,2.615,CTime.ePiCoinTime_ROC2,173931,8370,51.1877,0.313488,8370,1,0,1,3,3.97836,3,1.32612,1.18077e-06,51.1877,0.313488,,OK
24461,coin,PI+SIDIS,Dummy,-1.531,2.615,CTime.ePiCoinTime_ROC2,49145,2447,51.1456,0.25722,2447,1,0,1,3,9.02302,3,3.00767,1.03269e-06,51.1456,0.25722,,OK
24463,coin,PI+SIDIS,Dummy,-1.531,2.615,CTime.ePiCoinTime_ROC2,123946,6045,51.2419,0.3007,6045,1,0,1,3,4.56164,3,1.52055,3.58568e-07,51.2419,0.3007,,OK
24464,coin,PI+SIDIS,Dummy,-1.531,2.615,CTime.ePiCoinTime_ROC2,176220,8681,51.2489,0.304218,8681,1,0,1,3,0.866918,3,0.288973,4.99494e-06,51.2489,0.304218,,OK
24469,coin,PI+SIDIS,C,-1.531,2.615,CTime.ePiCoinTime_ROC2,179065,8777,51.2484,0.322709,8777,1,0,1,3,20.7837,3,6.92791,1.21319e-07,51.2484,0.322709,,OK
24470,coin,PI+SIDIS,C,-1.531,2.615,CTime.ePiCoinTime_ROC2,175655,8669,51.26,0.325144,8669,1,0,1,3,1.46644,3,0.488813,5.30374e-06,51.26,0.325144,,OK
24471,coin,PI+SIDIS,C,-1.531,2.615,CTime.ePiCoinTime_ROC2,195362,9594,51.2122,0.289929,9594,1,0,1,3,15.5065,3,5.16882,8.30145e-07,51.2122,0.289929,,OK
24472,coin,PI+SIDIS,C,-1.531,2.615,CTime.ePiCoinTime_ROC2,112913,5500,51.2062,0.340041,5500,1,0,1,3,5.06887,3,1.68962,1.21599e-07,51.2062,0.340041,,OK
24473,coin,PI+SIDIS,C,-1.531,2.615,CTime.ePiCoinTime_ROC2,52372,2584,51.2909,0.290938,2584,1,0,1,3,4.09713,3,1.36571,1.68292e-07,51.2909,0.290938,,OK
24474,coin,PI+SIDIS,C,-1.531,2.615,CTime.ePiCoinTime_ROC2,211485,10409,51.2699,0.316955,10409,1,0,1,3,4.30426,3,1.43475,5.20468e-07,51.2699,0.316955,,OK
24475,coin,PI+SIDIS,C,-1.531,2.615,CTime.ePiCoinTime_ROC2,188236,9183,51.2227,0.318507,9183,1,0,1,3,5.46082,3,1.82027,5.34659e-06,51.2227,0.318507,,OK
24476,coin,PI+SIDIS,C,-1.531,2.615,CTime.ePiCoinTime_ROC2,186778,9171,51.2195,0.30375,9171,1,0,1,3,8.06114,3,2.68705,4.39284e-06,51.2195,0.30375,,OK
24477,coin,PI+SIDIS,C,-1.531,2.615,CTime.ePiCoinTime_ROC2,177045,8584,51.2511,0.318055,8584,1,0,1,3,7.23369,3,2.41123,8.84887e-07,51.2511,0.318055,,OK
24478,coin,PI+SIDIS,C,-1.531,2.615,CTime.ePiCoinTime_ROC2,206581,10178,51.2705,0.319033,10178,1,0,1,3,9.56796,3,3.18932,1.50452e-07,51.2705,0.319033,,OK
24479,coin,PI+SIDIS,C,-1.531,2.615,CTime.ePiCoinTime_ROC2,162983,8042,51.2192,0.311175,8042,1,0,1,3,6.4846,3,2.16153,9.53264e-06,51.2192,0.311175,,OK
24480,coin,PI+SIDIS,C,-1.531,2.615,CTime.ePiCoinTime_ROC2,52064,2669,51.2176,0.301466,2669,1,0,1,3,1.8798,3,0.6266,8.0389e-06,51.2176,0.301466,,OK
24485,coin,PI+SIDIS,Cu,-1.531,2.615,CTime.ePiCoinTime_ROC2,112199,5475,51.2147,0.306409,5475,1,0,1,3,4.71767,3,1.57256,3.33172e-06,51.2147,0.306409,,OK
24486,coin,PI+SIDIS,Cu,-1.531,2.615,CTime.ePiCoinTime_ROC2,144763,6899,51.2923,0.298064,6899,1,0,1,3,2.98897,3,0.996322,3.01693e-07,51.2923,0.298064,,OK
24487,coin,PI+SIDIS,Cu,-1.531,2.615,CTime.ePiCoinTime_ROC2,139362,6720,51.2564,0.284219,6720,1,0,1,3,5.37247,3,1.79082,1.00181e-06,51.2564,0.284219,,OK
24488,coin,PI+SIDIS,Cu,-1.531,2.615,CTime.ePiCoinTime_ROC2,132006,6244,51.2179,0.318167,6244,1,0,1,3,6.7669,3,2.25563,1.15923e-05,51.2179,0.318167,,OK
24489,coin,PI+SIDIS,Cu,-1.531,2.615,CTime.ePiCoinTime_ROC2,116127,5487,51.2211,0.281655,5487,1,0,1,3,5.96817,3,1.98939,5.8677e-08,51.2211,0.281655,,OK
24490,coin,PI+SIDIS,Cu,-1.531,2.615,CTime.ePiCoinTime_ROC2,130589,6375,51.2713,0.303306,6375,1,0,1,3,8.20346,3,2.73449,1.85582e-08,51.2713,0.303306,,OK
24491,coin,PI+SIDIS,Cu,-1.531,2.615,CTime.ePiCoinTime_ROC2,133954,6420,51.2357,0.317857,6420,1,0,1,3,11.2891,3,3.76302,1.94518e-06,51.2357,0.317857,,OK
24492,coin,PI+SIDIS,Cu,-1.531,2.615,CTime.ePiCoinTime_ROC2,135678,6369,51.2381,0.297727,6369,1,0,1,3,2.98496,3,0.994986,2.41329e-07,51.2381,0.297727,,OK
24493,coin,PI+SIDIS,Cu,-1.531,2.615,CTime.ePiCoinTime_ROC2,149513,7126,51.2268,0.298135,7126,1,0,1,3,11.3723,3,3.79077,3.50355e-09,51.2268,0.298135,,OK
24494,coin,PI+SIDIS,Cu,-1.531,2.615,CTime.ePiCoinTime_ROC2,142977,6805,51.2456,0.283132,6805,1,0,1,3,11.8835,3,3.96118,7.88919e-06,51.2456,0.283132,,OK
24499,coin,PI+SIDIS,Cu,-1.531,2.615,CTime.ePiCoinTime_ROC2,187669,8885,51.2184,0.328709,8885,1,0,1,3,7.61806,3,2.53935,8.33259e-06,51.2184,0.328709,,OK
24500,coin,PI+SIDIS,Cu,-1.531,2.615,CTime.ePiCoinTime_ROC2,204016,9659,51.2201,0.319751,9659,1,0,1,3,13.1036,3,4.36787,1.26576e-08,51.2201,0.319751,,OK
24501,coin,PI+SIDIS,LD2,-1.531,2.615,CTime.ePiCoinTime_ROC2,190254,7785,51.2292,0.315383,7785,1,0,1,3,3.39342,3,1.13114,7.33192e-07,51.2292,0.315383,,OK
24502,coin,PI+SIDIS,LD2,-1.531,2.615,CTime.ePiCoinTime_ROC2,207750,8810,51.2452,0.301021,8810,1,0,1,3,18.9597,3,6.3199,9.44944e-06,51.2452,0.301021,,OK
24503,coin,PI+SIDIS,LD2,-1.531,2.615,CTime.ePiCoinTime_ROC2,219826,9281,51.2366,0.339574,9281,1,0,1,3,8.0044,3,2.66813,3.79421e-06,51.2366,0.339574,,OK
24504,coin,PI+SIDIS,LD2,-1.531,2.615,CTime.ePiCoinTime_ROC2,198310,8396,51.2276,0.318815,8396,1,0,1,3,3.94132,3,1.31377,4.16944e-06,51.2276,0.318815,,OK
24505,coin,PI+SIDIS,LD2,-1.531,2.615,CTime.ePiCoinTime_ROC2,207136,8823,51.2235,0.296538,8823,1,0,1,3,5.38361,3,1.79454,1.47413e-07,51.2235,0.296538,,OK
24506,coin,PI+SIDIS,LD2,-1.531,2.615,CTime.ePiCoinTime_ROC2,215523,9153,51.2457,0.292443,9153,1,0,1,3,5.47942,3,1.82647,2.25215e-07,51.2457,0.292443,,OK
24507,coin,PI+SIDIS,LD2,-1.531,2.615,CTime.ePiCoinTime_ROC2,204452,8555,51.2626,0.300941,8555,1,0,1,3,5.41169,3,1.8039,1.46416e-07,51.2626,0.300941,,OK
24508,coin,PI+SIDIS,LH2,-1.531,2.615,CTime.ePiCoinTime_ROC2,107537,6240,51.2426,0.32987,6240,1,0,1,3,0.959952,3,0.319984,1.0832e-06,51.2426,0.32987,,OK
24509,coin,PI+SIDIS,LH2,-1.531,2.615,CTime.ePiCoinTime_ROC2,158982,9298,51.2244,0.294543,9298,1,0,1,3,10.5746,3,3.52487,2.50308e-07,51.2244,0.294543,,OK
24510,coin,PI+SIDIS,LH2,-1.531,2.615,CTime.ePiCoinTime_ROC2,143348,8305,51.2305,0.301289,8305,1,0,1,3,5.16422,3,1.72141,1.37043e-08,51.2305,0.301289,,OK
24511,coin,PI+SIDIS,LH2,-1.531,2.615,CTime.ePiCoinTime_ROC2,162263,9458,51.2112,0.320123,9458,1,0,1,3,22.8007,3,7.60024,2.39071e-06,51.2112,0.320123,,OK
24512,coin,PI+SIDIS,LH2,-1.531,2.615,CTime.ePiCoinTime_ROC2,49297,2948,51.2286,0.301969,2948,1,0,1,3,6.53518,3,2.17839,7.15501e-07,51.2286,0.301969,,OK
24513,coin,PI+SIDIS,Dummy,-1.531,2.615,CTime.ePiCoinTime_ROC2,160625,7718,51.255,0.341056,7718,1,0,1,3,5.29826,3,1.76609,9.77148e-07,51.255,0.341056,,OK
24514,coin,PI+SIDIS,Dummy,-1.531,2.615,CTime.ePiCoinTime_ROC2,171376,8328,51.2394,0.351968,8328,1,0,1,3,10.095,3,3.36499,7.43703e-06,51.2394,0.351968,,OK
24515,coin,PI+SIDIS,Dummy,-1.531,2.615,CTime.ePiCoinTime_ROC2,165171,8150,51.2083,0.33352,8150,1,0,1,3,2.05384,3,0.684612,3.43743e-07,51.2083,0.33352,,OK
24516,coin,PI+SIDIS,C,-1.531,2.615,CTime.ePiCoinTime_ROC2,174739,8566,51.2416,0.316833,8566,1,0,1,3,2.67799,3,0.892664,5.78272e-07,51.2416,0.316833,,OK
24517,coin,PI+SIDIS,C,-1.531,2.615,CTime.ePiCoinTime_ROC2,123635,6078,51.2958,0.275575,6078,1,0,1,3,3.37065,3,1.12355,2.52008e-07,51.2958,0.275575,,OK
24521,coin,PI+SIDIS,C,-1.531,2.615,CTime.ePiCoinTime_ROC2,177570,8634,51.2184,0.294239,8634,1,0,1,3,7.70469,3,2.56823,6.53483e-07,51.2184,0.294239,,OK
24522,coin,PI+SIDIS,C,-1.531,2.615,CTime.ePiCoinTime_ROC2,188894,9203,51.2221,0.328692,9203,1,0,1,3,1.57252,3,0.524174,2.28394e-07,51.2221,0.328692,,OK
24523,coin,PI+SIDIS,C,-1.531,2.615,CTime.ePiCoinTime_ROC2,160434,7777,51.2782,0.318914,7777,1,0,1,3,7.14403,3,2.38134,6.58796e-08,51.2782,0.318914,,OK
24524,coin,PI+SIDIS,C,-1.531,2.615,CTime.ePiCoinTime_ROC2,182163,8943,51.2242,0.313545,8943,1,0,1,3,8.58657,3,2.86219,2.66812e-06,51.2242,0.313545,,OK
24525,coin,PI+SIDIS,C,-1.531,2.615,CTime.ePiCoinTime_ROC2,49460,2465,51.2035,0.289866,2465,1,0,1,3,6.02772,3,2.00924,2.28145e-06,51.2035,0.289866,,OK
24526,coin,PI+SIDIS,Cu,-1.531,2.615,CTime.ePiCoinTime_ROC2,197744,9241,51.2122,0.320497,9241,1,0,1,3,1.63013,3,0.543376,2.43056e-06,51.2122,0.320497,,OK
24527,coin,PI+SIDIS,Cu,-1.531,2.615,CTime.ePiCoinTime_ROC2,203462,9507,51.2401,0.326831,9507,1,0,1,3,2.13753,3,0.712511,4.87904e-06,51.2401,0.326831,,OK
24528,coin,PI+SIDIS,Cu,-1.531,2.615,CTime.ePiCoinTime_ROC2,174214,8257,51.2431,0.333181,8257,1,0,1,3,3.42813,3,1.14271,4.93619e-06,51.2431,0.333181,,OK
24529,coin,PI+SIDIS,Cu,-1.531,2.615,CTime.ePiCoinTime_ROC2,214412,10189,51.2262,0.309753,10189,1,0,1,3,1.90034,3,0.633445,2.942e-06,51.2262,0.309753,,OK
24530,coin,PI+SIDIS,Cu,-1.531,2.615,CTime.ePiCoinTime_ROC2,199465,9369,51.2325,0.314691,9369,1,0,1,3,8.31216,3,2.77072,1.12965e-06,51.2325,0.314691,,OK
24531,coin,PI+SIDIS,Cu,-1.531,2.615,CTime.ePiCoinTime_ROC2,193546,9024,51.2627,0.303659,9024,1,0,1,3,13.2537,3,4.4179,7.86596e-09,51.2627,0.303659,,OK
24532,coin,PI+SIDIS,Cu,-1.531,2.615,CTime.ePiCoinTime_ROC2,198758,9281,51.2365,0.314558,9281,1,0,1,3,6.57179,3,2.1906,2.34404e-06,51.2365,0.314558,,OK
24533,coin,PI+SIDIS,Cu,-1.531,2.615,CTime.ePiCoinTime_ROC2,199214,9436,51.2185,0.308246,9436,1,0,1,3,5.07174,3,1.69058,2.2496e-07,51.2185,0.308246,,OK
24534,coin,PI+SIDIS,Cu,-1.531,2.615,CTime.ePiCoinTime_ROC2,205420,9669,51.2096,0.337735,9669,1,0,1,3,9.06974,3,3.02325,8.20011e-08,51.2096,0.337735,,OK
24535,coin,PI+SIDIS,Cu,-1.531,2.615,CTime.ePiCoinTime_ROC2,201685,9533,51.2524,0.299987,9533,1,0,1,3,9.97601,3,3.32534,8.36113e-08,51.2524,0.299987,,OK
24611,coin,PI+SIDIS,LD2,-1.531,3.632,CTime.ePiCoinTime_ROC2,101683,3011,51.2117,0.289621,3011,1,0,1,3,3.35305,3,1.11768,3.84597e-07,51.2117,0.289621,,OK
24612,coin,PI+SIDIS,LD2,-1.531,3.632,CTime.ePiCoinTime_ROC2,1074407,31576,51.2052,0.331525,31576,1,0,1,3,22.8436,3,7.61452,5.91455e-06,51.2052,0.331525,,OK
24613,coin,PI+SIDIS,LD2,-1.531,3.632,CTime.ePiCoinTime_ROC2,1054029,30717,51.2171,0.322889,30717,1,0,1,3,25.5664,3,8.52214,3.92449e-07,51.2171,0.322889,,OK
24614,coin,PI+SIDIS,LD2,-1.531,3.632,CTime.ePiCoinTime_ROC2,1003061,29509,51.2465,0.327896,29509,1,0,1,3,16.1056,3,5.36852,5.47292e-06,51.2465,0.327896,,OK
24615,coin,PI+SIDIS,LD2,-1.531,3.632,CTime.ePiCoinTime_ROC2,1042468,30368,51.2192,0.334109,30368,1,0,1,3,24.5024,3,8.16747,3.70328e-07,51.2192,0.334109,,OK
24616,coin,PI+SIDIS,LD2,-1.531,3.632,CTime.ePiCoinTime_ROC2,1041445,30156,51.2115,0.315151,30156,1,0,1,3,8.13858,3,2.71286,9.46051e-08,51.2115,0.315151,,OK
24617,coin,PI+SIDIS,LD2,-1.531,3.632,CTime.ePiCoinTime_ROC2,1062793,31246,51.2128,0.323391,31246,1,0,1,3,18.918,3,6.30601,8.18123e-06,51.2128,0.323391,,OK
24618,coin,PI+SIDIS,LD2,-1.531,3.632,CTime.ePiCoinTime_ROC2,940402,27336,51.2394,0.324716,27336,1,0,1,3,32.2041,3,10.7347,1.04204e-05,51.2394,0.324716,,OK
24619,coin,PI+SIDIS,LD2,-1.531,3.632,CTime.ePiCoinTime_ROC2,181165,5154,51.2607,0.309701,5154,1,0,1,3,2.53036,3,0.843455,1.52817e-06,51.2607,0.309701,,OK
24620,coin,PI+SIDIS,LD2,-1.531,3.632,CTime.ePiCoinTime_ROC2,32151,963,51.1726,0.268949,963,1,0,1,3,3.41957,3,1.13986,1.27808e-07,51.1726,0.268949,,OK
24621,coin,PI+SIDIS,LD2,-1.531,3.632,CTime.ePiCoinTime_ROC2,489096,15052,51.2148,0.321558,15052,1,0,1,3,17.6853,3,5.89509,1.62667e-07,51.2148,0.321558,,OK
24622,coin,PI+SIDIS,LD2,-1.531,3.632,CTime.ePiCoinTime_ROC2,123500,4174,51.2134,0.31241,4174,1,0,1,3,7.11516,3,2.37172,7.06179e-06,51.2134,0.31241,,OK
24627,coin,PI+SIDIS,LH2,-1.531,3.632,CTime.ePiCoinTime_ROC2,236272,10403,51.2542,0.320905,10403,1,0,1,3,2.06082,3,0.68694,1.07445e-06,51.2542,0.320905,,OK
24628,coin,PI+SIDIS,LH2,-1.531,3.632,CTime.ePiCoinTime_ROC2,2199194,8417,51.2277,0.318121,8417,1,0,1,3,4.93988,3,1.64663,7.06643e-07,51.2277,0.318121,,OK
24629,coin,PI+SIDIS,LH2,-1.531,3.632,CTime.ePiCoinTime_ROC2,256667,11290,51.2069,0.314879,11290,1,0,1,3,14.9114,3,4.97048,3.50904e-07,51.2069,0.314879,,OK
24630,coin,PI+SIDIS,LH2,-1.531,3.632,CTime.ePiCoinTime_ROC2,227980,10207,51.2396,0.319421,10207,1,0,1,3,20.1935,3,6.73116,3.83155e-08,51.2396,0.319421,,OK
24631,coin,PI+SIDIS,LH2,-1.531,3.632,CTime.ePiCoinTime_ROC2,303898,13363,51.2479,0.30478,13363,1,0,1,3,28.7967,3,9.59891,2.8607e-09,51.2479,0.30478,,OK
24632,coin,PI+SIDIS,LH2,-1.531,3.632,CTime.ePiCoinTime_ROC2,299353,13315,51.2266,0.322476,13315,1,0,1,3,21.06,3,7.01999,9.45058e-08,51.2266,0.322476,,OK
24633,coin,PI+SIDIS,LH2,-1.531,3.632,CTime.ePiCoinTime_ROC2,87406,3798,51.2037,0.298622,3798,1,0,1,3,6.66058,3,2.22019,9.65314e-07,51.2037,0.298622,,OK
24634,coin,PI+SIDIS,LH2,-1.531,3.632,CTime.ePiCoinTime_ROC2,284016,12509,51.2504,0.316046,12509,1,0,1,3,13.1893,3,4.39643,1.00648e-06,51.2504,0.316046,,OK
24635,coin,PI+SIDIS,LH2,-1.531,3.632,CTime.ePiCoinTime_ROC2,135944,6126,51.2319,0.317684,6126,1,0,1,3,2.16513,3,0.721709,1.06559e-06,51.2319,0.317684,,OK
24636,coin,PI+SIDIS,LH2,-1.531,3.632,CTime.ePiCoinTime_ROC2,51274,2614,51.2109,0.309263,2614,1,0,1,3,16.4705,3,5.49016,8.42871e-06,51.2109,0.309263,,OK
24641,coin,PI+SIDIS,Dummy,-1.531,3.632,CTime.ePiCoinTime_ROC2,94711,3261,51.2571,0.291408,3261,1,0,1,3,1.65233,3,0.550775,4.63433e-07,51.2571,0.291408,,OK
24642,coin,PI+SIDIS,Dummy,-1.531,3.632,CTime.ePiCoinTime_ROC2,134856,4703,51.2414,0.312692,4703,1,0,1,3,18.0482,3,6.01607,1.03533e-05,51.2414,0.312692,,OK
24643,coin,PI+SIDIS,Dummy,-1.531,3.632,CTime.ePiCoinTime_ROC2,102203,3513,51.227,0.313017,3513,1,0,1,3,7.78748,3,2.59583,2.75677e-07,51.227,0.313017,,OK
24646,coin,PI+SIDIS,C,-1.531,3.632,CTime.ePiCoinTime_ROC2,500824,16391,51.2453,0.311097,16391,1,0,1,3,11.9272,3,3.97574,6.65002e-08,51.2453,0.311097,,OK
24647,coin,PI+SIDIS,C,-1.531,3.632,CTime.ePiCoinTime_ROC2,494206,16316,51.2126,0.29579,16316,1,0,1,3,31.2485,3,10.4162,1.89124e-08,51.2126,0.29579,,OK
24648,coin,PI+SIDIS,C,-1.531,3.632,CTime.ePiCoinTime_ROC2,426411,13905,51.2252,0.30601,13905,1,0,1,3,16.6128,3,5.53761,9.96117e-09,51.2252,0.30601,,OK
24649,coin,PI+SIDIS,C,-1.531,3.632,CTime.ePiCoinTime_ROC2,457033,15022,51.2612,0.317402,15022,1,0,1,3,16.0766,3,5.35887,9.19695e-07,51.2612,0.317402,,OK
24650,coin,PI+SIDIS,C,-1.531,3.632,CTime.ePiCoinTime_ROC2,459513,15017,51.2468,0.318497,15017,1,0,1,3,21.0975,3,7.0325,1.33656e-06,51.2468,0.318497,,OK
24651,coin,PI+SIDIS,C,-1.531,3.632,CTime.ePiCoinTime_ROC2,132176,4659,51.23,0.312494,4659,1,0,1,3,32.909,3,10.9697,5.10976e-06,51.23,0.312494,,OK
24654,coin,PI+SIDIS,Cu,-1.531,3.632,CTime.ePiCoinTime_ROC2,346453,10224,51.2464,0.301461,10224,1,0,1,3,9.48718,3,3.16239,8.05612e-08,51.2464,0.301461,,OK
24655,coin,PI+SIDIS,Cu,-1.531,3.632,CTime.ePiCoinTime_ROC2,367157,10664,51.2305,0.333772,10664,1,0,1,3,4.33381,3,1.4446,1.25528e-07,51.2305,0.333772,,OK
24656,coin,PI+SIDIS,Cu,-1.531,3.632,CTime.ePiCoinTime_ROC2,395004,11714,51.2044,0.305619,11714,1,0,1,3,9.32344,3,3.10781,7.96669e-08,51.2044,0.305619,,OK
24657,coin,PI+SIDIS,Cu,-1.531,3.632,CTime.ePiCoinTime_ROC2,349381,10395,51.2161,0.332322,10395,1,0,1,3,3.4198,3,1.13993,1.12727e-06,51.2161,0.332322,,OK
24658,coin,PI+SIDIS,Cu,-1.531,3.632,CTime.ePiCoinTime_ROC2,368182,10802,51.2737,0.321498,10802,1,0,1,3,5.02043,3,1.67348,6.63226e-06,51.2737,0.321498,,OK
24659,coin,PI+SIDIS,Cu,-1.531,3.632,CTime.ePiCoinTime_ROC2,406012,11944,51.2331,0.306257,11944,1,0,1,3,15.8344,3,5.27814,3.22379e-07,51.2331,0.306257,,OK
24660,coin,PI+SIDIS,Cu,-1.531,3.632,CTime.ePiCoinTime_ROC2,236750,6895,51.215,0.307136,6895,1,0,1,3,17.8252,3,5.94173,1.10155e-07,51.215,0.307136,,OK
24661,coin,PI+SIDIS,Cu,-1.531,3.632,CTime.ePiCoinTime_ROC2,372537,11041,51.21,0.3012,11041,1,0,1,3,6.86019,3,2.28673,1.00045e-06,51.21,0.3012,,OK
24662,coin,PI+SIDIS,Cu,-1.531,3.632,CTime.ePiCoinTime_ROC2,373397,11213,51.2482,0.309769,11213,1,0,1,3,5.8352,3,1.94507,7.2816e-07,51.2482,0.309769,,OK
24666,coin,PI+SIDIS,LD2,-1.531,3.632,CTime.ePiCoinTime_ROC2,1420081,42451,51.2226,0.315674,42451,1,0,1,3,35.1939,3,11.7313,1.35401e-09,51.2226,0.315674,,OK
24667,coin,PI+SIDIS,LD2,-1.531,3.632,CTime.ePiCoinTime_ROC2,929954,27525,51.2035,0.30806,27525,1,0,1,3,38.5852,3,12.8617,3.86388e-08,51.2035,0.30806,,OK
24668,coin,PI+SIDIS,LD2,-1.531,3.632,CTime.ePiCoinTime_ROC2,1101242,32535,51.2406,0.330782,32535,1,0,1,3,20.7674,3,6.92247,4.56023e-06,51.2406,0.330782,,OK
24669,coin,PI+SIDIS,LD2,-1.531,3.632,CTime.ePiCoinTime_ROC2,1107629,32638,51.2238,0.317415,32638,1,0,1,3,21.1221,3,7.0407,1.95267e-07,51.2238,0.317415,,OK
24670,coin,PI+SIDIS,LD2,-1.531,3.632,CTime.ePiCoinTime_ROC2,990139,28963,51.2199,0.322238,28963,1,0,1,3,21.7734,3,7.25781,1.1689e-05,51.2199,0.322238,,OK
24671,coin,PI+SIDIS,LD2,-1.531,3.632,CTime.ePiCoinTime_ROC2,1057090,30847,51.2094,0.314828,30847,1,0,1,3,34.152,3,11.384,4.73303e-06,51.2094,0.314828,,OK
24672,coin,PI+SIDIS,LD2,-1.531,3.632,CTime.ePiCoinTime_ROC2,673671,20406,51.2355,0.311341,20406,1,0,1,3,23.1412,3,7.71372,6.82798e-09,51.2355,0.311341,,OK
24673,coin,PI+SIDIS,LD2,-1.531,3.632,CTime.ePiCoinTime_ROC2,156991,5205,51.2892,0.299459,5205,1,0,1,3,14.7114,3,4.90379,5.92479e-08,51.2892,0.299459,,OK
24674,coin,PI+SIDIS,LH2,-1.531,3.632,CTime.ePiCoinTime_ROC2,502512,21714,51.229,0.327197,21714,1,0,1,3,11.485,3,3.82835,4.06395e-06,51.229,0.327197,,OK
24675,coin,PI+SIDIS,LH2,-1.531,3.632,CTime.ePiCoinTime_ROC2,393434,17050,51.2299,0.313482,17050,1,0,1,3,23.234,3,7.74465,5.88902e-06,51.2299,0.313482,,OK
24676,coin,PI+SIDIS,LH2,-1.531,3.632,CTime.ePiCoinTime_ROC2,325034,14182,51.2054,0.318836,14182,1,0,1,3,20.8828,3,6.96092,1.1456e-06,51.2054,0.318836,,OK
24677,coin,PI+SIDIS,LH2,-1.531,3.632,CTime.ePiCoinTime_ROC2,366439,15686,51.211,0.32132,15686,1,0,1,3,10.615,3,3.53834,4.87283e-06,51.211,0.32132,,OK
24678,coin,PI+SIDIS,LH2,-1.531,3.632,CTime.ePiCoinTime_ROC2,341891,14613,51.2183,0.310633,14613,1,0,1,3,12.4983,3,4.16611,1.35777e-06,51.2183,0.310633,,OK
24679,coin,PI+SIDIS,LH2,-1.531,3.632,CTime.ePiCoinTime_ROC2,310106,13262,51.2609,0.321759,13262,1,0,1,3,21.1849,3,7.06164,2.85972e-08,51.2609,0.321759,,OK
24680,coin,PI+SIDIS,LH2,-1.531,3.632,CTime.ePiCoinTime_ROC2,445033,19080,51.2353,0.30848,19080,1,0,1,3,24.8714,3,8.29047,2.35954e-06,51.2353,0.30848,,OK
24681,coin,PI+SIDIS,LH2,-1.531,3.632,CTime.ePiCoinTime_ROC2,199398,8738,51.2179,0.29769,8738,1,0,1,3,6.66011,3,2.22004,7.10325e-07,51.2179,0.29769,,OK
24682,coin,PI+SIDIS,LH2,-1.531,3.632,CTime.ePiCoinTime_ROC2,52237,2535,51.2105,0.289681,2535,1,0,1,3,15.656,3,5.21868,8.99508e-10,51.2105,0.289681,,OK
24683,coin,PI+SIDIS,LH2,-1.531,3.632,CTime.ePiCoinTime_ROC2,105137,4584,51.2181,0.299439,4584,1,0,1,3,6.73422,3,2.24474,1.22345e-06,51.2181,0.299439,,OK
24684,coin,PI+SIDIS,Dummy,-1.531,3.632,CTime.ePiCoinTime_ROC2,120556,4080,51.252,0.304915,4080,1,0,1,3,15.163,3,5.05434,1.38324e-07,51.252,0.304915,,OK
24685,coin,PI+SIDIS,Dummy,-1.531,3.632,CTime.ePiCoinTime_ROC2,135312,4440,51.2092,0.299983,4440,1,0,1,3,16.5614,3,5.52046,1.89766e-07,51.2092,0.299983,,OK
24686,coin,PI+SIDIS,Dummy,-1.531,3.632,CTime.ePiCoinTime_ROC2,129114,4282,51.2112,0.31936,4282,1,0,1,3,17.2823,3,5.76077,8.07632e-07,51.2112,0.31936,,OK
24687,coin,PI+SIDIS,Cu,-1.531,3.632,CTime.ePiCoinTime_ROC2,372843,10692,51.2093,0.322516,10692,1,0,1,3,5.72525,3,1.90842,1.03539e-07,51.2093,0.322516,,OK
24688,coin,PI+SIDIS,Cu,-1.531,3.632,CTime.ePiCoinTime_ROC2,404745,11856,51.2607,0.31399,11856,1,0,1,3,11.1912,3,3.73041,2.30159e-10,51.2607,0.31399,,OK
24690,coin,PI-SIDIS,LH2,-1.531,-3.632,CTime.ePiCoinTime_ROC2,238671,9180,51.2039,0.306285,9180,1,0,1,3,18.5457,3,6.18189,5.15782e-09,51.2039,0.306285,,OK
24691,coin,PI-SIDIS,LH2,-1.531,-3.632,CTime.ePiCoinTime_ROC2,2088457,7154,51.1724,0.30376,7154,1,0,1,3,6.71681,3,2.23894,6.24113e-08,51.1724,0.30376,,OK
24692,coin,PI-SIDIS,LH2,-1.531,-3.632,CTime.ePiCoinTime_ROC2,213217,8241,51.2207,0.312488,8241,1,0,1,3,8.66575,3,2.88858,2.47591e-07,51.2207,0.312488,,OK
24693,coin,PI-SIDIS,LH2,-1.531,-3.632,CTime.ePiCoinTime_ROC2,207618,8056,51.2481,0.314365,8056,1,0,1,3,7.01094,3,2.33698,6.41375e-07,51.2481,0.314365,,OK
24694,coin,PI-SIDIS,LH2,-1.531,-3.632,CTime.ePiCoinTime_ROC2,225218,8592,51.2129,0.31996,8592,1,0,1,3,11.5316,3,3.84388,1.0657e-06,51.2129,0.31996,,OK
24695,coin,PI-SIDIS,LH2,-1.531,-3.632,CTime.ePiCoinTime_ROC2,268148,10297,51.1961,0.308123,10297,1,0,1,3,24.3324,3,8.11079,5.77586e-06,51.1961,0.308123,,OK
24696,coin,PI-SIDIS,LH2,-1.531,-3.632,CTime.ePiCoinTime_ROC2,22003,846,51.1696,0.299417,846,1,0,1,3,2.51193,3,0.837309,1.80435e-07,51.1696,0.299417,,OK
24697,coin,PI-SIDIS,LH2,-1.531,-3.632,CTime.ePiCoinTime_ROC2,242150,9121,51.2378,0.319973,9121,1,0,1,3,7.44623,3,2.48208,2.2481e-07,51.2378,0.319973,,OK
24698,coin,PI-SIDIS,LH2,-1.531,-3.632,CTime.ePiCoinTime_ROC2,224915,8485,51.2372,0.326799,8485,1,0,1,3,2.51053,3,0.836845,4.14337e-06,51.2372,0.326799,,OK
24699,coin,PI-SIDIS,LH2,-1.531,-3.632,CTime.ePiCoinTime_ROC2,250458,9359,51.2222,0.317234,9359,1,0,1,3,11.9761,3,3.99202,7.55657e-06,51.2222,0.317234,,OK
24701,coin,PI-SIDIS,LH2,-1.531,-3.632,CTime.ePiCoinTime_ROC2,262543,9981,51.2121,0.305533,9981,1,0,1,3,9.48743,3,3.16248,1.25464e-07,51.2121,0.305533,,OK
24702,coin,PI-SIDIS,LH2,-1.531,-3.632,CTime.ePiCoinTime_ROC2,133772,5197,51.2558,0.29811,5197,1,0,1,3,2.51137,3,0.837123,8.02972e-08,51.2558,0.29811,,OK
24703,coin,PI-SIDIS,LH2,-1.531,-3.632,CTime.ePiCoinTime_ROC2,51120,2275,51.218,0.28289,2275,1,0,1,3,2.789,3,0.929666,1.70754e-06,51.218,0.28289,,OK
24707,coin,PI-SIDIS,Dummy,-1.531,-3.632,CTime.ePiCoinTime_ROC2,96728,3052,51.2138,0.309267,3052,1,0,1,3,6.72908,3,2.24303,7.26115e-09,51.2138,0.309267,,OK
24708,coin,PI-SIDIS,Dummy,-1.531,-3.632,CTime.ePiCoinTime_ROC2,100033,3149,51.2446,0.285497,3149,1,0,1,3,4.40792,3,1.46931,9.90025e-07,51.2446,0.285497,,OK
24709,coin,PI-SIDIS,Dummy,-1.531,-3.632,CTime.ePiCoinTime_ROC2,102587,3302,51.2128,0.307226,3302,1,0,1,3,10.6913,3,3.56376,4.05376e-06,51.2128,0.307226,,OK
24710,coin,PI-SIDIS,Dummy,-1.531,-3.632,CTime.ePiCoinTime_ROC2,28447,1106,51.2207,0.274587,1106,1,0,1,3,4.32671,3,1.44224,5.52866e-08,51.2207,0.274587,,OK
24713,coin,PI-SIDIS,LH2,-1.531,-3.632,CTime.ePiCoinTime_ROC2,277644,10516,51.2391,0.308492,10516,1,0,1,3,20.0562,3,6.68541,6.10506e-08,51.2391,0.308492,,OK
24714,coin,PI-SIDIS,LH2,-1.531,-3.632,CTime.ePiCoinTime_ROC2,294534,11251,51.2337,0.302039,11251,1,0,1,3,15.5048,3,5.16826,4.26509e-08,51.2337,0.302039,,OK
24715,coin,PI-SIDIS,LH2,-1.531,-3.632,CTime.ePiCoinTime_ROC2,286206,11006,51.2083,0.301578,11006,1,0,1,3,13.9346,3,4.64486,1.0942e-06,51.2083,0.301578,,OK
24716,coin,PI-SIDIS,LH2,-1.531,-3.632,CTime.ePiCoinTime_ROC2,305664,11590,51.2128,0.305823,11590,1,0,1,3,8.57798,3,2.85933,1.00118e-08,51.2128,0.305823,,OK
24717,coin,PI-SIDIS,LH2,-1.531,-3.632,CTime.ePiCoinTime_ROC2,281510,10564,51.2174,0.313417,10564,1,0,1,3,12.5739,3,4.19131,2.84592e-06,51.2174,0.313417,,OK
24718,coin,PI-SIDIS,LH2,-1.531,-3.632,CTime.ePiCoinTime_ROC2,295956,11272,51.2442,0.286628,11272,1,0,1,3,20.554,3,6.85133,6.47771e-09,51.2442,0.286628,,OK
24719,coin,PI-SIDIS,LH2,-1.531,-3.632,CTime.ePiCoinTime_ROC2,280654,10606,51.2274,0.308798,10606,1,0,1,3,11.6532,3,3.88439,4.86033e-08,51.2274,0.308798,,OK
24720,coin,PI-SIDIS,LH2,-1.531,-3.632,CTime.ePiCoinTime_ROC2,146111,5876,51.2088,0.307196,5876,1,0,1,3,2.0265,3,0.675499,2.49674e-07,51.2088,0.307196,,OK
24721,coin,PI-SIDIS,LH2,-1.531,-3.632,CTime.ePiCoinTime_ROC2,144389,5664,51.2551,0.309135,5664,1,0,1,3,9.38306,3,3.12769,3.42242e-06,51.2551,0.309135,,OK
24722,coin,PI-SIDIS,LH2,-1.531,-3.632,CTime.ePiCoinTime_ROC2,144678,5746,51.2455,0.288405,5746,1,0,1,3,8.74057,3,2.91352,2.16942e-08,51.2455,0.288405,,OK
24723,coin,PI-SIDIS,LH2,-1.531,-3.632,CTime.ePiCoinTime_ROC2,134497,5331,51.2271,0.315941,5331,1,0,1,3,0.746749,3,0.248916,7.80849e-06,51.2271,0.315941,,OK
24724,coin,PI-SIDIS,LH2,-1.531,-3.632,CTime.ePiCoinTime_ROC2,38392,1727,51.24,0.306164,1727,1,0,1,3,9.83184,3,3.27728,1.39733e-07,51.24,0.306164,,OK
24725,coin,PI-SIDIS,LH2,-1.531,-3.632,CTime.ePiCoinTime_ROC2,40798,1853,51.2897,0.303405,1853,1,0,1,3,5.71426,3,1.90475,9.95265e-08,51.2897,0.303405,,OK
24726,coin,PI-SIDIS,LH2,-1.531,-3.632,CTime.ePiCoinTime_ROC2,33861,1445,51.2492,0.278111,1445,1,0,1,3,4.69458,3,1.56486,2.43755e-06,51.2492,0.278111,,OK
24727,coin,PI-SIDIS,LH2,-1.531,-3.632,CTime.ePiCoinTime_ROC2,28552,1267,51.2301,0.286604,1267,1,0,1,3,5.46381,3,1.82127,2.92594e-08,51.2301,0.286604,,OK
24728,coin,PI-SIDIS,LH2,-1.531,-3.632,CTime.ePiCoinTime_ROC2,33295,1523,51.2474,0.285517,1523,1,0,1,3,7.51022,3,2.50341,3.30368e-06,51.2474,0.285517,,OK
24729,coin,PI-SIDIS,LH2,-1.531,-3.632,CTime.ePiCoinTime_ROC2,32741,1518,51.2632,0.282815,1518,1,0,1,3,2.71402,3,0.904672,3.08083e-07,51.2632,0.282815,,OK
24730,coin,PI-SIDIS,Dummy,-1.531,-3.632,CTime.ePiCoinTime_ROC2,90097,2843,51.2174,0.304143,2843,1,0,1,3,6.33283,3,2.11094,3.36645e-06,51.2174,0.304143,,OK
24731,coin,PI-SIDIS,Dummy,-1.531,-3.632,CTime.ePiCoinTime_ROC2,99112,3199,51.2182,0.295318,3199,1,0,1,3,16.2273,3,5.40911,3.65239e-06,51.2182,0.295318,,OK
24732,coin,PI-SIDIS,Dummy,-1.531,-3.632,CTime.ePiCoinTime_ROC2,90823,2931,51.2496,0.290759,2931,1,0,1,3,8.86882,3,2.95627,3.32341e-06,51.2496,0.290759,,OK
24733,coin,PI-SIDIS,Dummy,-1.531,-3.632,CTime.ePiCoinTime_ROC2,25248,940,51.2165,0.263904,940,1,0,1,3,1.89252,2,0.946261,2.16176e-08,51.2165,0.263904,,OK
24734,coin,PI-SIDIS,LH2,-1.531,-3.632,CTime.ePiCoinTime_ROC2,58481,2171,51.1785,0.283687,2171,1,0,1,3,12.4163,3,4.13876,1.77341e-08,51.1785,0.283687,,OK
24736,coin,PI-SIDIS,LH2,-1.531,-3.632,CTime.ePiCoinTime_ROC2,839975,2709,51.2672,0.315233,2709,1,0,1,3,7.73029,3,2.57676,5.15723e-06,51.2672,0.315233,,OK
24737,coin,PI-SIDIS,LH2,-1.531,-3.632,CTime.ePiCoinTime_ROC2,38289,1405,51.2604,0.310152,1405,1,0,1,3,3.51896,3,1.17299,7.37919e-12,51.2604,0.310152,,OK
24738,coin,PI-SIDIS,LH2,-1.531,-3.632,CTime.ePiCoinTime_ROC2,85754,3159,51.2292,0.305122,3159,1,0,1,3,3.30449,3,1.1015,3.19447e-06,51.2292,0.305122,,OK
24739,coin,PI-SIDIS,LH2,-1.531,-3.632,CTime.ePiCoinTime_ROC2,77733,2841,51.2113,0.295701,2841,1,0,1,3,0.900235,3,0.300078,2.19577e-06,51.2113,0.295701,,OK
24740,coin,PI-SIDIS,LH2,-1.531,-3.632,CTime.ePiCoinTime_ROC2,79871,2953,51.2098,0.285936,2953,1,0,1,3,7.36381,3,2.4546,6.19953e-08,51.2098,0.285936,,OK
24741,coin,PI-SIDIS,LH2,-1.531,-3.632,CTime.ePiCoinTime_ROC2,77106,2863,51.2214,0.289597,2863,1,0,1,3,4.39397,3,1.46466,1.52042e-07,51.2214,0.289597,,OK
24742,coin,PI-SIDIS,LH2,-1.531,-3.632,CTime.ePiCoinTime_ROC2,92429,3368,51.2409,0.303589,3368,1,0,1,3,5.87992,3,1.95997,4.20729e-06,51.2409,0.303589,,OK
24743,coin,PI-SIDIS,LH2,-1.531,-3.632,CTime.ePiCoinTime_ROC2,76367,2781,51.2457,0.298683,2781,1,0,1,3,2.18491,3,0.728302,8.07375e-08,51.2457,0.298683,,OK
24744,coin,PI-SIDIS,LH2,-1.531,-3.632,CTime.ePiCoinTime_ROC2,10929,365,51.2384,0.253418,365,1,0,1,3,1.01124,3,0.337079,1.03277e-07,51.2384,0.253418,,OK
24745,coin,PI-SIDIS,LH2,-1.531,-3.632,CTime.ePiCoinTime_ROC2,52267,1892,51.2504,0.274182,1892,1,0,1,3,8.11127,3,2.70376,8.27857e-08,51.2504,0.274182,,OK
24746,coin,PI-SIDIS,LH2,-1.531,-3.632,CTime.ePiCoinTime_ROC2,73172,2738,51.2199,0.287937,2738,1,0,1,3,13.0318,3,4.34392,4.43821e-06,51.2199,0.287937,,OK
24747,coin,PI-SIDIS,LH2,-1.531,-3.632,CTime.ePiCoinTime_ROC2,38676,1552,51.1945,0.263788,1552,1,0,1,3,6.25622,3,2.08541,9.42123e-06,51.1945,0.263788,,OK
24748,coin,PI-SIDIS,LH2,-1.531,-3.632,CTime.ePiCoinTime_ROC2,10590,474,51.2349,0.289386,474,1,0,1,3,9.44496,3,3.14832,8.32312e-06,51.2349,0.289386,,OK
24753,coin,PI-SIDIS,Dummy,-1.531,-3.632,CTime.ePiCoinTime_ROC2,1871,70,51.2372,0.0945618,70,1,0,1,3,4.89531e-05,1,4.89531e-05,1.59841e-05,51.2372,0.0945618,,OK
24755,coin,PI-SIDIS,Dummy,-1.531,-3.632,CTime.ePiCoinTime_ROC2,32502,1106,51.2126,0.271153,1106,1,0,1,3,0.938732,3,0.312911,1.88939e-07,51.2126,0.271153,,OK
24756,coin,PI-SIDIS,Dummy,-1.531,-3.632,CTime.ePiCoinTime_ROC2,37212,1320,51.2676,0.293577,1320,1,0,1,3,6.25524,3,2.08508,3.21998e-08,51.2676,0.293577,,OK
24758,coin,PI-SIDIS,Dummy,-1.531,-3.632,CTime.ePiCoinTime_ROC2,39938,1313,51.2143,0.293731,1313,1,0,1,3,2.0058,3,0.668601,1.01728e-07,51.2143,0.293731,,OK
24759,coin,PI-SIDIS,Dummy,-1.531,-3.632,CTime.ePiCoinTime_ROC2,8766,376,51.2623,0.297984,376,1,0,1,3,7.8219,2,3.91095,6.55854e-07,51.2623,0.297984,,OK
24766,coin,PI-SIDIS,LH2,-1.531,-3.632,CTime.ePiCoinTime_ROC2,71886,2696,51.1919,0.276507,2696,1,0,1,3,10.526,3,3.50868,2.14127e-07,51.1919,0.276507,,OK
24767,coin,PI-SIDIS,LH2,-1.531,-3.632,CTime.ePiCoinTime_ROC2,76139,2823,51.2439,0.286812,2823,1,0,1,3,0.217743,3,0.0725811,1.12551e-06,51.2439,0.286812,,OK
24768,coin,PI-SIDIS,LH2,-1.531,-3.632,CTime.ePiCoinTime_ROC2,69751,2460,51.2344,0.314184,2460,1,0,1,3,4.37095,3,1.45698,6.41591e-06,51.2344,0.314184,,OK
24769,coin,PI-SIDIS,LH2,-1.531,-3.632,CTime.ePiCoinTime_ROC2,29733,1147,51.2339,0.321042,1147,1,0,1,3,2.24516,3,0.748388,7.94891e-06,51.2339,0.321042,,OK
24770,coin,PI-SIDIS,LH2,-1.531,-3.632,CTime.ePiCoinTime_ROC2,116698,4294,51.2476,0.291643,4294,1,0,1,3,11.1085,3,3.70283,1.5884e-07,51.2476,0.291643,,OK
24772,coin,PI-SIDIS,LH2,-1.531,-3.632,CTime.ePiCoinTime_ROC2,80559,2927,51.2268,0.301318,2927,1,0,1,3,4.14517,3,1.38172,3.77406e-06,51.2268,0.301318,,OK
24773,coin,PI-SIDIS,LH2,-1.531,-3.632,CTime.ePiCoinTime_ROC2,34973,1308,51.2354,0.288249,1308,1,0,1,3,6.71435,3,2.23812,1.4259e-06,51.2354,0.288249,,OK
24774,coin,PI-SIDIS,LH2,-1.531,-3.632,CTime.ePiCoinTime_ROC2,9855,487,51.2544,0.301169,487,1,0,1,3,2.25457,3,0.751523,1.64588e-06,51.2544,0.301169,,OK
24775,coin,PI-SIDIS,Dummy,-1.531,-3.632,CTime.ePiCoinTime_ROC2,29731,1047,51.2485,0.32805,1047,1,0,1,3,4.21509,3,1.40503,5.33669e-08,51.2485,0.32805,,OK
24776,coin,PI-SIDIS,Dummy,-1.531,-3.632,CTime.ePiCoinTime_ROC2,30854,1025,51.216,0.233824,1025,1,0,1,3,4.54422,2,2.27211,1.44936e-06,51.216,0.233824,,OK
24777,coin,PI-SIDIS,Dummy,-1.531,-3.632,CTime.ePiCoinTime_ROC2,29480,1023,51.2376,0.311625,1023,1,0,1,3,13.3244,3,4.44147,2.02483e-07,51.2376,0.311625,,OK
24778,coin,PI-SIDIS,Dummy,-1.531,-3.632,CTime.ePiCoinTime_ROC2,9279,395,51.1865,0.276726,395,1,0,1,3,5.71682,3,1.90561,2.87985e-06,51.1865,0.276726,,OK
24779,coin,PI+SIDIS,LH2,-1.531,3.632,CTime.ePiCoinTime_ROC2,146567,5302,51.2351,0.31405,5302,1,0,1,3,13.3055,3,4.43518,1.81178e-06,51.2351,0.31405,,OK
24780,coin,PI+SIDIS,LH2,-1.531,3.632,CTime.ePiCoinTime_ROC2,1010181,3400,51.2189,0.321646,3400,1,0,1,3,9.82998,3,3.27666,8.57371e-07,51.2189,0.321646,,OK
24781,coin,PI+SIDIS,LH2,-1.531,3.632,CTime.ePiCoinTime_ROC2,138224,5203,51.2306,0.31012,5203,1,0,1,3,7.02248,3,2.34083,1.62686e-07,51.2306,0.31012,,OK
24782,coin,PI+SIDIS,LH2,-1.531,3.632,CTime.ePiCoinTime_ROC2,145119,5341,51.2231,0.320836,5341,1,0,1,3,16.6187,3,5.53956,3.66146e-07,51.2231,0.320836,,OK
24783,coin,PI+SIDIS,LH2,-1.531,3.632,CTime.ePiCoinTime_ROC2,114771,4321,51.2126,0.30149,4321,1,0,1,3,8.27964,3,2.75988,6.66452e-07,51.2126,0.30149,,OK
24784,coin,PI+SIDIS,LH2,-1.531,3.632,CTime.ePiCoinTime_ROC2,138808,5174,51.2273,0.320186,5174,1,0,1,3,12.3824,3,4.12746,3.201e-06,51.2273,0.320186,,OK
24785,coin,PI+SIDIS,LH2,-1.531,3.632,CTime.ePiCoinTime_ROC2,114751,4140,51.2131,0.298183,4140,1,0,1,3,16.4183,3,5.47278,3.20353e-08,51.2131,0.298183,,OK
24786,coin,PI+SIDIS,LH2,-1.531,3.632,CTime.ePiCoinTime_ROC2,101145,3761,51.2267,0.316398,3761,1,0,1,3,6.96977,3,2.32326,5.68547e-06,51.2267,0.316398,,OK
24787,coin,PI+SIDIS,LH2,-1.531,3.632,CTime.ePiCoinTime_ROC2,136062,4849,51.2757,0.30885,4849,1,0,1,3,5.55772,3,1.85257,1.44307e-05,51.2757,0.30885,,OK
24788,coin,PI+SIDIS,LH2,-1.531,3.632,CTime.ePiCoinTime_ROC2,108389,4019,51.2463,0.302231,4019,1,0,1,3,8.59645,3,2.86548,1.26329e-08,51.2463,0.302231,,OK
24789,coin,PI+SIDIS,LH2,-1.531,3.632,CTime.ePiCoinTime_ROC2,116522,4252,51.2622,0.311706,4252,1,0,1,3,6.58975,3,2.19658,9.00743e-07,51.2622,0.311706,,OK
24790,coin,PI+SIDIS,LH2,-1.531,3.632,CTime.ePiCoinTime_ROC2,69262,2768,51.2267,0.303425,2768,1,0,1,3,8.1692,3,2.72307,1.08989e-07,51.2267,0.303425,,OK
24791,coin,PI+SIDIS,LH2,-1.531,3.632,CTime.ePiCoinTime_ROC2,20325,918,51.247,0.284684,918,1,0,1,3,4.25034,3,1.41678,5.28618e-07,51.247,0.284684,,OK
24794,coin,PI+SIDIS,Dummy,-1.531,3.632,CTime.ePiCoinTime_ROC2,25893,750,51.2252,0.286805,750,1,0,1,3,1.26154,3,0.420512,1.37218e-07,51.2252,0.286805,,OK
24795,coin,PI+SIDIS,Dummy,-1.531,3.632,CTime.ePiCoinTime_ROC2,40340,1172,51.2136,0.303451,1172,1,0,1,3,10.1459,3,3.38198,2.08468e-06,51.2136,0.303451,,OK
24796,coin,PI+SIDIS,Dummy,-1.531,3.632,CTime.ePiCoinTime_ROC2,3527,104,51.2461,0.336277,104,1,0,1,3,10.1487,2,5.07437,7.45792e-07,51.2461,0.336277,,OK
24797,coin,PI+SIDIS,Dummy,-1.531,3.632,CTime.ePiCoinTime_ROC2,48606,1439,51.2918,0.304488,1439,1,0,1,3,8.44481,3,2.81494,1.68383e-06,51.2918,0.304488,,OK
24798,coin,PI+SIDIS,Dummy,-1.531,3.632,CTime.ePiCoinTime_ROC2,41146,1234,51.2289,0.251843,1234,1,0,1,3,3.69951,2,1.84976,1.26509e-06,51.2289,0.251843,,OK
24803,coin,PI+SIDIS,LH2,-1.531,3.632,CTime.ePiCoinTime_ROC2,110016,4121,51.255,0.311223,4121,1,0,1,3,3.80318,3,1.26773,8.39341e-06,51.255,0.311223,,OK
24804,coin,PI+SIDIS,LH2,-1.531,3.632,CTime.ePiCoinTime_ROC2,127529,4701,51.2296,0.312037,4701,1,0,1,3,8.39608,3,2.79869,4.71646e-06,51.2296,0.312037,,OK
24805,coin,PI+SIDIS,LH2,-1.531,3.632,CTime.ePiCoinTime_ROC2,157409,5651,51.2238,0.300236,5651,1,0,1,3,16.0722,3,5.3574,2.2543e-07,51.2238,0.300236,,OK
24806,coin,PI+SIDIS,LH2,-1.531,3.632,CTime.ePiCoinTime_ROC2,131658,4847,51.2801,0.2953,4847,1,0,1,3,9.41306,3,3.13769,3.3022e-08,51.2801,0.2953,,OK
24807,coin,PI+SIDIS,LH2,-1.531,3.632,CTime.ePiCoinTime_ROC2,141082,5137,51.272,0.320697,5137,1,0,1,3,4.32224,3,1.44075,1.32645e-05,51.272,0.320697,,OK
24808,coin,PI+SIDIS,LH2,-1.531,3.632,CTime.ePiCoinTime_ROC2,147438,5483,51.253,0.315547,5483,1,0,1,3,20.1206,3,6.70686,2.54158e-06,51.253,0.315547,,OK
24809,coin,PI+SIDIS,LH2,-1.531,3.632,CTime.ePiCoinTime_ROC2,131623,4848,51.2258,0.295471,4848,1,0,1,3,11.2821,3,3.76069,3.34645e-07,51.2258,0.295471,,OK
24810,coin,PI+SIDIS,LH2,-1.531,3.632,CTime.ePiCoinTime_ROC2,126765,4736,51.2524,0.306902,4736,1,0,1,3,4.56695,3,1.52232,5.68853e-06,51.2524,0.306902,,OK
24811,coin,PI+SIDIS,LH2,-1.531,3.632,CTime.ePiCoinTime_ROC2,106499,3863,51.2556,0.295317,3863,1,0,1,3,26.3235,3,8.77448,2.62177e-07,51.2556,0.295317,,OK
24812,coin,PI+SIDIS,LH2,-1.531,3.632,CTime.ePiCoinTime_ROC2,79440,3062,51.2581,0.301109,3062,1,0,1,3,4.70404,3,1.56801,3.27764e-08,51.2581,0.301109,,OK
24813,coin,PI+SIDIS,LH2,-1.531,3.632,CTime.ePiCoinTime_ROC2,12540,582,51.1995,0.286616,582,1,0,1,3,6.15686,3,2.05229,4.78265e-07,51.1995,0.286616,,OK
24814,coin,PI+SIDIS,Dummy,-1.531,3.632,CTime.ePiCoinTime_ROC2,50603,1532,51.2644,0.291301,1532,1,0,1,3,7.34887,3,2.44962,1.75195e-08,51.2644,0.291301,,OK
24815,coin,PI+SIDIS,Dummy,-1.531,3.632,CTime.ePiCoinTime_ROC2,51669,1501,51.3091,0.310673,1501,1,0,1,3,5.91652,3,1.97217,4.32191e-06,51.3091,0.310673,,OK
24816,coin,PI+SIDIS,Dummy,-1.531,3.632,CTime.ePiCoinTime_ROC2,50974,1463,51.2347,0.305536,1463,1,0,1,3,4.7098,3,1.56993,6.4434e-08,51.2347,0.305536,,OK
24817,coin,PI+SIDIS,Dummy,-1.531,3.632,CTime.ePiCoinTime_ROC2,50620,1529,51.2132,0.315617,1529,1,0,1,3,4.46711,3,1.48904,2.02658e-07,51.2132,0.315617,,OK
24877,coin,PI+SIDIS,LD2,-3.642,6.538,CTime.ePiCoinTime_ROC2,263558,20280,51.221,0.323197,20280,1,0,1,3,49.8456,3,16.6152,6.60277e-07,51.221,0.323197,,OK
24878,coin,PI+SIDIS,LD2,-3.642,6.538,CTime.ePiCoinTime_ROC2,1773721,130164,51.2266,0.338155,130164,1,0,1,3,152.874,3,50.9578,1.08418e-06,51.2266,0.338155,,OK
24879,coin,PI+SIDIS,LD2,-3.642,6.538,CTime.ePiCoinTime_ROC2,299994,22553,51.2313,0.338737,22553,1,0,1,3,50.3568,3,16.7856,4.3217e-07,51.2313,0.338737,,OK
24880,coin,PI+SIDIS,LD2,-3.642,6.538,CTime.ePiCoinTime_ROC2,1844453,140957,51.2415,0.341066,140957,1,0,1,3,194.302,3,64.7674,4.87585e-06,51.2415,0.341066,,OK
24881,coin,PI+SIDIS,LD2,-3.642,6.538,CTime.ePiCoinTime_ROC2,1843658,141694,51.2366,0.328409,141694,1,0,1,3,214.896,3,71.6321,1.85579e-06,51.2366,0.328409,,OK
24882,coin,PI+SIDIS,LD2,-3.642,6.538,CTime.ePiCoinTime_ROC2,791647,65795,51.2477,0.326484,65795,1,0,1,3,136.483,3,45.4942,1.17959e-05,51.2477,0.326484,,OK
24883,coin,PI+SIDIS,LD2,-3.642,6.538,CTime.ePiCoinTime_ROC2,203734,20029,51.2566,0.31657,20029,1,0,1,3,66.6318,3,22.2106,8.48047e-07,51.2566,0.31657,,OK
24886,coin,PI+SIDIS,LH2,-3.642,6.538,CTime.ePiCoinTime_ROC2,666622,60021,51.231,0.329968,60021,1,0,1,3,118.573,3,39.5244,6.01922e-06,51.231,0.329968,,OK
24887,coin,PI+SIDIS,LH2,-3.642,6.538,CTime.ePiCoinTime_ROC2,525255,47947,51.2115,0.334305,47947,1,0,1,3,101.186,3,33.7288,1.11694e-06,51.2115,0.334305,,OK
24888,coin,PI+SIDIS,LH2,-3.642,6.538,CTime.ePiCoinTime_ROC2,1819213,59307,51.2059,0.331979,59307,1,0,1,3,135.844,3,45.2813,9.94153e-08,51.2059,0.331979,,OK
24889,coin,PI+SIDIS,LH2,-3.642,6.538,CTime.ePiCoinTime_ROC2,392522,39739,51.2057,0.323064,39739,1,0,1,3,142.83,3,47.6101,1.9682e-07,51.2057,0.323064,,OK
24890,coin,PI+SIDIS,LH2,-3.642,6.538,CTime.ePiCoinTime_ROC2,124879,15566,51.2515,0.315549,15566,1,0,1,3,65.7295,3,21.9098,2.47896e-07,51.2515,0.315549,,OK
24893,coin,PI+SIDIS,Dummy,-3.642,6.538,CTime.ePiCoinTime_ROC2,205807,17180,51.207,0.32525,17180,1,0,1,3,40.5251,3,13.5084,1.13259e-05,51.207,0.32525,,OK
24894,coin,PI+SIDIS,Dummy,-3.642,6.538,CTime.ePiCoinTime_ROC2,239145,20033,51.2409,0.317906,20033,1,0,1,3,86.0945,3,28.6982,1.58977e-08,51.2409,0.317906,,OK
24897,coin,PI+SIDIS,C,-3.642,6.538,CTime.ePiCoinTime_ROC2,616218,47188,51.2078,0.333418,47188,1,0,1,3,81.0925,3,27.0308,3.11116e-06,51.2078,0.333418,,OK
24898,coin,PI+SIDIS,C,-3.642,6.538,CTime.ePiCoinTime_ROC2,1571672,119039,51.2556,0.330422,119039,1,0,1,3,207.748,3,69.2493,4.32523e-07,51.2556,0.330422,,OK
24899,coin,PI+SIDIS,C,-3.642,6.538,CTime.ePiCoinTime_ROC2,240708,21787,51.2467,0.317829,21787,1,0,1,3,70.1974,3,23.3991,1.02488e-06,51.2467,0.317829,,OK
24902,coin,PI+SIDIS,Cu,-3.642,6.538,CTime.ePiCoinTime_ROC2,405520,23818,51.2558,0.325376,23818,1,0,1,3,52.5864,3,17.5288,3.88062e-06,51.2558,0.325376,,OK
24903,coin,PI+SIDIS,Cu,-3.642,6.538,CTime.ePiCoinTime_ROC2,1305431,73415,51.224,0.335033,73415,1,0,1,3,122.745,3,40.9149,3.51203e-07,51.224,0.335033,,OK
24907,coin,PI+SIDIS,LD2,-3.642,4.868,CTime.ePiCoinTime_ROC2,1021824,104473,51.255,0.328033,104473,1,0,1,3,81.3034,3,27.1011,5.93672e-06,51.255,0.328033,,OK
24908,coin,PI+SIDIS,LD2,-3.642,4.868,CTime.ePiCoinTime_ROC2,1178734,120408,51.2504,0.333788,120408,1,0,1,3,75.268,3,25.0893,1.35784e-06,51.2504,0.333788,,OK
24909,coin,PI+SIDIS,LD2,-3.642,4.868,CTime.ePiCoinTime_ROC2,337707,35810,51.2651,0.316246,35810,1,0,1,3,28.0344,3,9.34479,1.27884e-06,51.2651,0.316246,,OK
24910,coin,PI+SIDIS,LD2,-3.642,4.868,CTime.ePiCoinTime_ROC2,320027,34074,51.2614,0.317274,34074,1,0,1,3,56.1464,3,18.7155,6.9446e-07,51.2614,0.317274,,OK
24913,coin,PI+SIDIS,LH2,-3.642,4.868,CTime.ePiCoinTime_ROC2,1116631,127289,51.2437,0.33125,127289,1,0,1,3,96.6166,3,32.2055,2.51569e-07,51.2437,0.33125,,OK
24914,coin,PI+SIDIS,LH2,-3.642,4.868,CTime.ePiCoinTime_ROC2,442961,50318,51.2381,0.328481,50318,1,0,1,3,64.1578,3,21.3859,1.25772e-06,51.2381,0.328481,,OK
24915,coin,PI+SIDIS,LH2,-3.642,4.868,CTime.ePiCoinTime_ROC2,696331,79710,51.2491,0.335908,79710,1,0,1,3,97.2076,3,32.4025,1.15287e-06,51.2491,0.335908,,OK
24916,coin,PI+SIDIS,LH2,-3.642,4.868,CTime.ePiCoinTime_ROC2,1889508,76636,51.2445,0.330704,76636,1,0,1,3,47.8848,3,15.9616,6.93235e-07,51.2445,0.330704,,OK
24917,coin,PI+SIDIS,LH2,-3.642,4.868,CTime.ePiCoinTime_ROC2,63103,7307,51.2465,0.327713,7307,1,0,1,3,14.4304,3,4.81015,4.76121e-06,51.2465,0.327713,,OK
24920,coin,PI+SIDIS,LH2,-3.642,4.868,CTime.ePiCoinTime_ROC2,543229,63873,51.2514,0.318541,63873,1,0,1,3,58.0534,3,19.3511,1.67862e-06,51.2514,0.318541,,OK
24921,coin,PI+SIDIS,LH2,-3.642,4.868,CTime.ePiCoinTime_ROC2,157849,19254,51.2825,0.310277,19254,1,0,1,3,37.4502,3,12.4834,4.07816e-08,51.2825,0.310277,,OK
24924,coin,PI+SIDIS,Dummy,-3.642,4.868,CTime.ePiCoinTime_ROC2,642039,61235,51.2361,0.332981,61235,1,0,1,3,89.7957,3,29.9319,1.11058e-07,51.2361,0.332981,,OK
24927,coin,PI+SIDIS,C,-3.642,4.868,CTime.ePiCoinTime_ROC2,478792,46741,51.2399,0.331511,46741,1,0,1,3,45.5774,3,15.1925,2.45217e-06,51.2399,0.331511,,OK
24928,coin,PI+SIDIS,C,-3.642,4.868,CTime.ePiCoinTime_ROC2,1360133,132724,51.2354,0.332563,132724,1,0,1,3,136.087,3,45.3623,1.7104e-07,51.2354,0.332563,,OK
24929,coin,PI+SIDIS,C,-3.642,4.868,CTime.ePiCoinTime_ROC2,860299,83784,51.2404,0.338155,83784,1,0,1,3,51.5829,3,17.1943,3.17105e-06,51.2404,0.338155,,OK
24930,coin,PI+SIDIS,C,-3.642,4.868,CTime.ePiCoinTime_ROC2,356213,36482,51.2483,0.318784,36482,1,0,1,3,38.7137,3,12.9046,2.52522e-08,51.2483,0.318784,,OK
24933,coin,PI+SIDIS,Cu,-3.642,4.868,CTime.ePiCoinTime_ROC2,1210808,99961,51.233,0.339022,99961,1,0,1,3,70.8677,3,23.6226,6.10756e-06,51.233,0.339022,,OK
24934,coin,PI+SIDIS,Cu,-3.642,4.868,CTime.ePiCoinTime_ROC2,1090564,90500,51.2336,0.34171,90500,1,0,1,3,81.0522,3,27.0174,3.02421e-08,51.2336,0.34171,,OK
24935,coin,PI+SIDIS,Cu,-3.642,4.868,CTime.ePiCoinTime_ROC2,1075591,88676,51.2297,0.331362,88676,1,0,1,3,65.2272,3,21.7424,6.68153e-07,51.2297,0.331362,,OK
24938,coin,PI+SIDIS,LD2,-3.642,4.868,CTime.ePiCoinTime_ROC2,1175958,121067,51.2329,0.3308,121067,1,0,1,3,102.061,3,34.0202,4.83647e-06,51.2329,0.3308,,OK
24939,coin,PI+SIDIS,LD2,-3.642,4.868,CTime.ePiCoinTime_ROC2,511351,52503,51.2239,0.329243,52503,1,0,1,3,60.8212,3,20.2737,8.69387e-06,51.2239,0.329243,,OK
24943,coin,PI+SIDIS,LD2,-3.642,4.868,CTime.ePiCoinTime_ROC2,1309679,133883,51.2232,0.33476,133883,1,0,1,3,104.586,3,34.8619,9.7277e-08,51.2232,0.33476,,OK
24944,coin,PI+SIDIS,LD2,-3.642,4.868,CTime.ePiCoinTime_ROC2,1219598,125057,51.2252,0.324563,125057,1,0,1,3,148.781,3,49.5937,3.52873e-07,51.2252,0.324563,,OK
24945,coin,PI+SIDIS,LD2,-3.642,4.868,CTime.ePiCoinTime_ROC2,851644,86832,51.2688,0.331567,86832,1,0,1,3,70.9065,3,23.6355,1.03382e-05,51.2688,0.331567,,OK
24946,coin,PI+SIDIS,LD2,-3.642,4.868,CTime.ePiCoinTime_ROC2,340893,36245,51.2719,0.288447,36245,1,0,1,3,55.3909,3,18.4636,9.93129e-06,51.2719,0.288447,,OK
24947,coin,PI+SIDIS,LD2,-3.642,4.868,CTime.ePiCoinTime_ROC2,327915,34812,51.2492,0.317678,34812,1,0,1,3,39.765,3,13.255,7.35124e-06,51.2492,0.317678,,OK
24948,coin,PI+SIDIS,LH2,-3.642,4.868,CTime.ePiCoinTime_ROC2,1245147,141787,51.2154,0.340156,141787,1,0,1,3,96.9165,3,32.3055,7.36501e-07,51.2154,0.340156,,OK
24949,coin,PI+SIDIS,LH2,-3.642,4.868,CTime.ePiCoinTime_ROC2,1130040,128746,51.2375,0.326221,128746,1,0,1,3,170.309,3,56.7697,8.03501e-06,51.2375,0.326221,,OK
24950,coin,PI+SIDIS,LH2,-3.642,4.868,CTime.ePiCoinTime_ROC2,535900,62771,51.2708,0.326127,62771,1,0,1,3,64.2472,3,21.4157,2.07197e-06,51.2708,0.326127,,OK
24951,coin,PI+SIDIS,LH2,-3.642,4.868,CTime.ePiCoinTime_ROC2,182686,22277,51.2442,0.312819,22277,1,0,1,3,36.9455,3,12.3152,6.6903e-08,51.2442,0.312819,,OK
24952,coin,PI+SIDIS,Dummy,-3.642,4.868,CTime.ePiCoinTime_ROC2,786713,75139,51.2284,0.327789,75139,1,0,1,3,112.29,3,37.43,7.74058e-08,51.2284,0.327789,,OK
24953,coin,PI+SIDIS,C,-3.642,4.868,CTime.ePiCoinTime_ROC2,1378383,134029,51.2637,0.332866,134029,1,0,1,3,101.309,3,33.7697,1.72091e-07,51.2637,0.332866,,OK
24954,coin,PI+SIDIS,C,-3.642,4.868,CTime.ePiCoinTime_ROC2,1298321,126631,51.2334,0.337012,126631,1,0,1,3,105.449,3,35.1495,1.47052e-05,51.2334,0.337012,,OK
24955,coin,PI+SIDIS,C,-3.642,4.868,CTime.ePiCoinTime_ROC2,347824,35347,51.2184,0.313954,35347,1,0,1,3,59.2334,3,19.7445,7.30271e-07,51.2184,0.313954,,OK
24956,coin,PI+SIDIS,Cu,-3.642,4.868,CTime.ePiCoinTime_ROC2,689499,56919,51.2616,0.344026,56919,1,0,1,3,60.3401,3,20.1134,6.34594e-06,51.2616,0.344026,,OK
24957,coin,PI+SIDIS,Cu,-3.642,4.868,CTime.ePiCoinTime_ROC2,611229,50405,51.2048,0.334901,50405,1,0,1,3,49.8461,3,16.6154,1.87589e-07,51.2048,0.334901,,OK
24958,coin,PI+SIDIS,Cu,-3.642,4.868,CTime.ePiCoinTime_ROC2,1151374,95054,51.2087,0.340988,95054,1,0,1,3,100.979,3,33.6595,2.2355e-08,51.2087,0.340988,,OK
24959,coin,PI+SIDIS,Cu,-3.642,4.868,CTime.ePiCoinTime_ROC2,1190304,98267,51.2348,0.337484,98267,1,0,1,3,88.6228,3,29.5409,1.04268e-05,51.2348,0.337484,,OK
24960,coin,PI+SIDIS,LD2,-3.642,3.632,CTime.ePiCoinTime_ROC2,79079,9192,51.2408,0.313777,9192,1,0,1,3,4.99818,3,1.66606,6.95414e-08,51.2408,0.313777,,OK
24961,coin,PI+SIDIS,LD2,-3.642,3.632,CTime.ePiCoinTime_ROC2,456476,52834,51.2162,0.321204,52834,1,0,1,3,64.431,3,21.477,1.77642e-07,51.2162,0.321204,,OK
24962,coin,PI+SIDIS,LD2,-3.642,3.632,CTime.ePiCoinTime_ROC2,420794,48514,51.2462,0.326786,48514,1,0,1,3,49.3301,3,16.4434,1.17291e-06,51.2462,0.326786,,OK
24964,coin,PI+SIDIS,LD2,-3.642,3.632,CTime.ePiCoinTime_ROC2,449374,52080,51.2609,0.322503,52080,1,0,1,3,51.3294,3,17.1098,9.71637e-07,51.2609,0.322503,,OK
24965,coin,PI+SIDIS,LD2,-3.642,3.632,CTime.ePiCoinTime_ROC2,160999,18976,51.2469,0.320727,18976,1,0,1,3,37.451,3,12.4837,1.08827e-08,51.2469,0.320727,,OK
24966,coin,PI+SIDIS,LD2,-3.642,3.632,CTime.ePiCoinTime_ROC2,130688,15184,51.2296,0.30803,15184,1,0,1,3,40.2529,3,13.4176,5.84958e-07,51.2296,0.30803,,OK
24969,coin,PI+SIDIS,LH2,-3.642,3.632,CTime.ePiCoinTime_ROC2,482028,62728,51.2292,0.327571,62728,1,0,1,3,40.7512,3,13.5837,8.2449e-10,51.2292,0.327571,,OK
24970,coin,PI+SIDIS,LH2,-3.642,3.632,CTime.ePiCoinTime_ROC2,535822,69131,51.2337,0.321674,69131,1,0,1,3,58.4442,3,19.4814,3.81258e-08,51.2337,0.321674,,OK
24971,coin,PI+SIDIS,LH2,-3.642,3.632,CTime.ePiCoinTime_ROC2,523468,68073,51.2356,0.324963,68073,1,0,1,3,55.1561,3,18.3854,8.45558e-06,51.2356,0.324963,,OK
24972,coin,PI+SIDIS,LH2,-3.642,3.632,CTime.ePiCoinTime_ROC2,1507626,69983,51.2478,0.324425,69983,1,0,1,3,66.7893,3,22.2631,7.09416e-07,51.2478,0.324425,,OK
24974,coin,PI+SIDIS,LH2,-3.642,3.632,CTime.ePiCoinTime_ROC2,156837,20530,51.2516,0.312587,20530,1,0,1,3,27.2108,3,9.07025,5.97209e-06,51.2516,0.312587,,OK
24975,coin,PI+SIDIS,LH2,-3.642,3.632,CTime.ePiCoinTime_ROC2,154350,20435,51.2518,0.320378,20435,1,0,1,3,17.5077,3,5.83591,3.4405e-06,51.2518,0.320378,,OK
24981,coin,PI+SIDIS,Dummy,-3.642,3.632,CTime.ePiCoinTime_ROC2,378633,41022,51.2457,0.3331,41022,1,0,1,3,34.5607,3,11.5202,4.5389e-07,51.2457,0.3331,,OK
24982,coin,PI+SIDIS,Dummy,-3.642,3.632,CTime.ePiCoinTime_ROC2,386126,42386,51.2503,0.322683,42386,1,0,1,3,53.3844,3,17.7948,3.2079e-07,51.2503,0.322683,,OK
24985,coin,PI+SIDIS,C,-3.642,3.632,CTime.ePiCoinTime_ROC2,615952,68392,51.2464,0.324643,68392,1,0,1,3,24.6968,3,8.23227,1.01164e-05,51.2464,0.324643,,OK
24986,coin,PI+SIDIS,C,-3.642,3.632,CTime.ePiCoinTime_ROC2,601583,67386,51.2438,0.328257,67386,1,0,1,3,68.204,3,22.7347,9.61587e-06,51.2438,0.328257,,OK
24987,coin,PI+SIDIS,C,-3.642,3.632,CTime.ePiCoinTime_ROC2,555265,61913,51.2451,0.323418,61913,1,0,1,3,74.6914,3,24.8971,6.34204e-06,51.2451,0.323418,,OK
24988,coin,PI+SIDIS,C,-3.642,3.632,CTime.ePiCoinTime_ROC2,147759,16724,51.2487,0.29975,16724,1,0,1,3,25.2712,3,8.42372,8.78025e-07,51.2487,0.29975,,OK
24991,coin,PI+SIDIS,Cu,-3.642,3.632,CTime.ePiCoinTime_ROC2,547684,53576,51.2324,0.332045,53576,1,0,1,3,20.835,3,6.94499,7.19055e-07,51.2324,0.332045,,OK
24992,coin,PI+SIDIS,Cu,-3.642,3.632,CTime.ePiCoinTime_ROC2,524544,51260,51.2302,0.327803,51260,1,0,1,3,42.8992,3,14.2997,7.73783e-08,51.2302,0.327803,,OK
24994,coin,PI+SIDIS,Cu,-3.642,3.632,CTime.ePiCoinTime_ROC2,571111,55411,51.2265,0.321991,55411,1,0,1,3,24.9268,3,8.30895,1.07748e-07,51.2265,0.321991,,OK
24995,coin,PI+SIDIS,Cu,-3.642,3.632,CTime.ePiCoinTime_ROC2,524204,51322,51.214,0.331363,51322,1,0,1,3,41.9877,3,13.9959,1.17421e-06,51.214,0.331363,,OK
24998,coin,PI+SIDIS,LD2,-3.642,3.632,CTime.ePiCoinTime_ROC2,478770,55726,51.2116,0.31657,55726,1,0,1,3,80.2345,3,26.7448,7.74665e-06,51.2116,0.31657,,OK
24999,coin,PI+SIDIS,LD2,-3.642,3.632,CTime.ePiCoinTime_ROC2,474675,55101,51.2502,0.326344,55101,1,0,1,3,46.7623,3,15.5874,1.0511e-07,51.2502,0.326344,,OK
25000,coin,PI+SIDIS,LD2,-3.642,3.632,CTime.ePiCoinTime_ROC2,137331,16099,51.2612,0.314693,16099,1,0,1,3,33.5563,3,11.1854,2.61916e-07,51.2612,0.314693,,OK
25001,coin,PI+SIDIS,LD2,-3.642,3.632,CTime.ePiCoinTime_ROC2,125729,14866,51.2446,0.315529,14866,1,0,1,3,36.6572,3,12.2191,1.7257e-07,51.2446,0.315529,,OK
25002,coin,PI+SIDIS,LH2,-3.642,3.632,CTime.ePiCoinTime_ROC2,153573,20334,51.2294,0.315086,20334,1,0,1,3,45.9273,3,15.3091,8.65511e-08,51.2294,0.315086,,OK
25003,coin,PI+SIDIS,LH2,-3.642,3.632,CTime.ePiCoinTime_ROC2,142855,18602,51.2164,0.313163,18602,1,0,1,3,36.0213,3,12.0071,5.57616e-08,51.2164,0.313163,,OK
25004,coin,PI+SIDIS,Dummy,-3.642,3.632,CTime.ePiCoinTime_ROC2,398253,43503,51.2454,0.324151,43503,1,0,1,3,60.6533,3,20.2178,5.53151e-06,51.2454,0.324151,,OK
25005,coin,PI+SIDIS,Dummy,-3.642,3.632,CTime.ePiCoinTime_ROC2,358625,39041,51.2562,0.322383,39041,1,0,1,3,29.5947,3,9.86491,2.90824e-06,51.2562,0.322383,,OK
25006,coin,PI+SIDIS,Cu,-3.642,3.632,CTime.ePiCoinTime_ROC2,528161,51307,51.2614,0.325556,51307,1,0,1,3,32.4423,3,10.8141,2.93529e-06,51.2614,0.325556,,OK
25007,coin,PI+SIDIS,LD2,-3.642,3.632,CTime.ePiCoinTime_ROC2,450514,52569,51.244,0.325739,52569,1,0,1,3,49.4024,3,16.4675,1.72374e-06,51.244,0.325739,,OK
25008,coin,PI+SIDIS,LD2,-3.642,3.632,CTime.ePiCoinTime_ROC2,59269,6885,51.2341,0.327311,6885,1,0,1,3,7.69317,3,2.56439,1.16116e-06,51.2341,0.327311,,OK
25010,coin,PI-SIDIS,LD2,-3.642,-6.538,CTime.ePiCoinTime_ROC2,1507544,44564,51.2041,0.318394,44564,1,0,1,3,63.9985,3,21.3328,5.88077e-06,51.2041,0.318394,,OK
25011,coin,PI-SIDIS,LD2,-3.642,-6.538,CTime.ePiCoinTime_ROC2,1558066,46183,51.218,0.325155,46183,1,0,1,3,76.537,3,25.5123,9.93893e-07,51.218,0.325155,,OK
25012,coin,PI-SIDIS,LD2,-3.642,-6.538,CTime.ePiCoinTime_ROC2,418669,14063,51.2071,0.315358,14063,1,0,1,3,28.2931,3,9.43105,8.17251e-06,51.2071,0.315358,,OK
25016,coin,PI-SIDIS,LH2,-3.642,-6.538,CTime.ePiCoinTime_ROC2,678598,18740,51.1835,0.325816,18740,1,0,1,3,18.7712,3,6.25705,3.63252e-06,51.1835,0.325816,,OK
25017,coin,PI-SIDIS,LH2,-3.642,-6.538,CTime.ePiCoinTime_ROC2,1430020,39222,51.1959,0.316278,39222,1,0,1,3,27.0464,3,9.01545,1.29752e-05,51.1959,0.316278,,OK
25018,coin,PI-SIDIS,LH2,-3.642,-6.538,CTime.ePiCoinTime_ROC2,1726487,15753,51.161,0.331586,15753,1,0,1,3,15.3863,3,5.12877,8.92265e-06,51.161,0.331586,,OK
25019,coin,PI-SIDIS,LH2,-3.642,-6.538,CTime.ePiCoinTime_ROC2,551935,16145,51.1794,0.307657,16145,1,0,1,3,40.5411,3,13.5137,6.27631e-08,51.1794,0.307657,,OK
25020,coin,PI-SIDIS,LH2,-3.642,-6.538,CTime.ePiCoinTime_ROC2,165791,5717,51.2452,0.313072,5717,1,0,1,3,15.7233,3,5.24112,4.72885e-06,51.2452,0.313072,,OK
25026,coin,PI-SIDIS,Dummy,-3.642,-6.538,CTime.ePiCoinTime_ROC2,525321,13774,51.217,0.324157,13774,1,0,1,3,25.6072,3,8.53574,3.21035e-06,51.217,0.324157,,OK
25027,coin,PI-SIDIS,Dummy,-3.642,-6.538,CTime.ePiCoinTime_ROC2,492608,13049,51.1809,0.304134,13049,1,0,1,3,19.4866,3,6.49552,1.88918e-08,51.1809,0.304134,,OK
25030,coin,PI-SIDIS,C,-3.642,-6.538,CTime.ePiCoinTime_ROC2,1491292,39217,51.2175,0.332718,39217,1,0,1,3,46.2954,3,15.4318,1.06998e-06,51.2175,0.332718,,OK
25031,coin,PI-SIDIS,C,-3.642,-6.538,CTime.ePiCoinTime_ROC2,844229,22276,51.1877,0.334774,22276,1,0,1,3,46.9231,3,15.641,2.63711e-06,51.1877,0.334774,,OK
25034,coin,PI-SIDIS,C,-3.642,-6.538,CTime.ePiCoinTime_ROC2,735758,19430,51.1725,0.334339,19430,1,0,1,3,13.838,3,4.61268,5.99348e-07,51.1725,0.334339,,OK
25035,coin,PI-SIDIS,C,-3.642,-6.538,CTime.ePiCoinTime_ROC2,336794,10245,51.2113,0.322223,10245,1,0,1,3,13.7224,3,4.57414,1.56688e-07,51.2113,0.322223,,OK
25038,coin,PI-SIDIS,Cu,-3.642,-6.538,CTime.ePiCoinTime_ROC2,1067615,24314,51.1817,0.330962,24314,1,0,1,3,18.9671,3,6.32238,1.34264e-07,51.1817,0.330962,,OK
25041,coin,PI-SIDIS,Cu,-3.642,-6.538,CTime.ePiCoinTime_ROC2,1100033,25223,51.2254,0.328978,25223,1,0,1,3,11.9845,3,3.99484,1.34641e-07,51.2254,0.328978,,OK
25044,coin,PI-SIDIS,LD2,-3.642,-4.868,CTime.ePiCoinTime_ROC2,1057364,78078,51.2047,0.320187,78078,1,0,1,3,75.7893,3,25.2631,7.19963e-06,51.2047,0.320187,,OK
25045,coin,PI-SIDIS,LD2,-3.642,-4.868,CTime.ePiCoinTime_ROC2,1118420,83062,51.2254,0.324661,83062,1,0,1,3,65.2196,3,21.7399,1.80327e-07,51.2254,0.324661,,OK
25046,coin,PI-SIDIS,LD2,-3.642,-4.868,CTime.ePiCoinTime_ROC2,309730,24235,51.272,0.289107,24235,1,0,1,3,21.6656,3,7.22187,5.562e-06,51.272,0.289107,,OK
25049,coin,PI-SIDIS,LH2,-3.642,-4.868,CTime.ePiCoinTime_ROC2,944296,72893,51.1966,0.324844,72893,1,0,1,3,54.2849,3,18.095,1.02212e-06,51.1966,0.324844,,OK
25050,coin,PI-SIDIS,LH2,-3.642,-4.868,CTime.ePiCoinTime_ROC2,1045507,80672,51.2417,0.332268,80672,1,0,1,3,68.2831,3,22.761,5.63232e-08,51.2417,0.332268,,OK
25051,coin,PI-SIDIS,LH2,-3.642,-4.868,CTime.ePiCoinTime_ROC2,1784106,46484,51.2478,0.324572,46484,1,0,1,3,19.8519,3,6.6173,4.51201e-08,51.2478,0.324572,,OK
25052,coin,PI-SIDIS,LH2,-3.642,-4.868,CTime.ePiCoinTime_ROC2,431171,34589,51.2184,0.317274,34589,1,0,1,3,47.6821,3,15.894,2.13821e-06,51.2184,0.317274,,OK
25053,coin,PI-SIDIS,LH2,-3.642,-4.868,CTime.ePiCoinTime_ROC2,123902,10443,51.222,0.318307,10443,1,0,1,3,9.47172,3,3.15724,1.68742e-07,51.222,0.318307,,OK
25056,coin,PI-SIDIS,Dummy,-3.642,-4.868,CTime.ePiCoinTime_ROC2,730335,47229,51.2147,0.326271,47229,1,0,1,3,49.7623,3,16.5874,9.35786e-07,51.2147,0.326271,,OK
25059,coin,PI-SIDIS,C,-3.642,-4.868,CTime.ePiCoinTime_ROC2,1063946,72890,51.2505,0.328242,72890,1,0,1,3,23.0085,3,7.66949,1.32408e-06,51.2505,0.328242,,OK
25060,coin,PI-SIDIS,C,-3.642,-4.868,CTime.ePiCoinTime_ROC2,1054435,72064,51.2526,0.326494,72064,1,0,1,3,49.4868,3,16.4956,7.5571e-08,51.2526,0.326494,,OK
25061,coin,PI-SIDIS,Cu,-3.642,-4.868,CTime.ePiCoinTime_ROC2,1166072,68504,51.2117,0.33993,68504,1,0,1,3,43.2842,3,14.4281,8.19827e-08,51.2117,0.33993,,OK
25062,coin,PI-SIDIS,Cu,-3.642,-4.868,CTime.ePiCoinTime_ROC2,732127,42461,51.205,0.319827,42461,1,0,1,3,23.744,3,7.91465,3.08882e-06,51.205,0.319827,,OK
25063,coin,PI-SIDIS,Cu,-3.642,-4.868,CTime.ePiCoinTime_ROC2,379633,22454,51.217,0.345635,22454,1,0,1,3,13.4828,3,4.49425,9.18978e-07,51.217,0.345635,,OK
25064,coin,PI-SIDIS,Cu,-3.642,-4.868,CTime.ePiCoinTime_ROC2,508302,30062,51.2017,0.319879,30062,1,0,1,3,10.4645,3,3.48817,1.9352e-08,51.2017,0.319879,,OK
25065,coin,PI-SIDIS,LD2,-3.642,-4.868,CTime.ePiCoinTime_ROC2,1129426,83755,51.2227,0.339007,83755,1,0,1,3,47.5046,3,15.8349,1.70642e-06,51.2227,0.339007,,OK
25066,coin,PI-SIDIS,LD2,-3.642,-4.868,CTime.ePiCoinTime_ROC2,1019166,75495,51.2158,0.328303,75495,1,0,1,3,68.7823,3,22.9274,1.87013e-08,51.2158,0.328303,,OK
25067,coin,PI-SIDIS,LD2,-3.642,-4.868,CTime.ePiCoinTime_ROC2,1030519,76376,51.216,0.321292,76376,1,0,1,3,74.777,3,24.9257,3.06621e-08,51.216,0.321292,,OK
25068,coin,PI-SIDIS,LD2,-3.642,-4.868,CTime.ePiCoinTime_ROC2,326033,25104,51.2246,0.317683,25104,1,0,1,3,23.8962,3,7.9654,5.38086e-08,51.2246,0.317683,,OK
25069,coin,PI-SIDIS,LH2,-3.642,-4.868,CTime.ePiCoinTime_ROC2,961218,74025,51.2149,0.319412,74025,1,0,1,3,69.4036,3,23.1345,2.41864e-08,51.2149,0.319412,,OK
25070,coin,PI-SIDIS,LH2,-3.642,-4.868,CTime.ePiCoinTime_ROC2,900521,69438,51.2591,0.330691,69438,1,0,1,3,48.8278,3,16.2759,7.27351e-06,51.2591,0.330691,,OK
25071,coin,PI-SIDIS,LH2,-3.642,-4.868,CTime.ePiCoinTime_ROC2,1054233,81128,51.2288,0.328713,81128,1,0,1,3,40.6322,3,13.5441,5.05618e-08,51.2288,0.328713,,OK
25072,coin,PI-SIDIS,LH2,-3.642,-4.868,CTime.ePiCoinTime_ROC2,411476,33046,51.2232,0.321596,33046,1,0,1,3,52.4605,3,17.4868,2.31734e-07,51.2232,0.321596,,OK
25073,coin,PI-SIDIS,LH2,-3.642,-4.868,CTime.ePiCoinTime_ROC2,130900,11257,51.2227,0.303955,11257,1,0,1,3,45.5998,3,15.1999,7.73823e-07,51.2227,0.303955,,OK
25074,coin,PI-SIDIS,Dummy,-3.642,-4.868,CTime.ePiCoinTime_ROC2,434701,28219,51.215,0.33452,28219,1,0,1,3,15.687,3,5.22902,8.0353e-06,51.215,0.33452,,OK
25076,coin,PI-SIDIS,LD2,-3.642,-3.632,CTime.ePiCoinTime_ROC2,355452,42124,51.2502,0.31291,42124,1,0,1,3,29.1199,3,9.70664,6.34811e-07,51.2502,0.31291,,OK
25077,coin,PI-SIDIS,LD2,-3.642,-3.632,CTime.ePiCoinTime_ROC2,341528,40400,51.2342,0.316994,40400,1,0,1,3,51.6531,3,17.2177,2.97752e-07,51.2342,0.316994,,OK
25078,coin,PI-SIDIS,LD2,-3.642,-3.632,CTime.ePiCoinTime_ROC2,372109,43911,51.2267,0.324991,43911,1,0,1,3,47.2733,3,15.7578,2.84178e-07,51.2267,0.324991,,OK
25079,coin,PI-SIDIS,LD2,-3.642,-3.632,CTime.ePiCoinTime_ROC2,152557,18313,51.2339,0.317581,18313,1,0,1,3,32.094,3,10.698,1.10645e-05,51.2339,0.317581,,OK
25080,coin,PI-SIDIS,LD2,-3.642,-3.632,CTime.ePiCoinTime_ROC2,153094,18102,51.2742,0.305369,18102,1,0,1,3,9.0507,3,3.0169,2.18524e-09,51.2742,0.305369,,OK
25083,coin,PI-SIDIS,LH2,-3.642,-3.632,CTime.ePiCoinTime_ROC2,249007,31823,51.2174,0.320555,31823,1,0,1,3,32.3912,3,10.7971,6.02608e-07,51.2174,0.320555,,OK
25084,coin,PI-SIDIS,LH2,-3.642,-3.632,CTime.ePiCoinTime_ROC2,514070,65680,51.2375,0.321979,65680,1,0,1,3,63.3565,3,21.1188,1.44771e-06,51.2375,0.321979,,OK
25085,coin,PI-SIDIS,LH2,-3.642,-3.632,CTime.ePiCoinTime_ROC2,310679,39600,51.2572,0.313105,39600,1,0,1,3,46.921,3,15.6403,5.59582e-06,51.2572,0.313105,,OK
25086,coin,PI-SIDIS,LH2,-3.642,-3.632,CTime.ePiCoinTime_ROC2,1227496,54470,51.201,0.321944,54470,1,0,1,3,50.1048,3,16.7016,9.21855e-06,51.201,0.321944,,OK
25087,coin,PI-SIDIS,LH2,-3.642,-3.632,CTime.ePiCoinTime_ROC2,97822,12769,51.2681,0.317825,12769,1,0,1,3,10.9778,3,3.65925,1.67184e-06,51.2681,0.317825,,OK
25088,coin,PI-SIDIS,LH2,-3.642,-3.632,CTime.ePiCoinTime_ROC2,106475,13979,51.2458,0.29911,13979,1,0,1,3,15.7982,3,5.26605,6.83021e-08,51.2458,0.29911,,OK
25091,coin,PI-SIDIS,LH2,-3.642,-3.632,CTime.ePiCoinTime_ROC2,48469,6188,51.1976,0.311569,6188,1,0,1,3,0.363817,3,0.121272,1.08217e-07,51.1976,0.311569,,OK
25092,coin,PI-SIDIS,Dummy,-3.642,-3.632,CTime.ePiCoinTime_ROC2,300804,32822,51.2055,0.316557,32822,1,0,1,3,22.4581,3,7.48604,1.13175e-06,51.2055,0.316557,,OK
25093,coin,PI-SIDIS,Dummy,-3.642,-3.632,CTime.ePiCoinTime_ROC2,322387,34725,51.2614,0.308005,34725,1,0,1,3,33.5222,3,11.1741,2.3642e-08,51.2614,0.308005,,OK
25096,coin,PI-SIDIS,C,-3.642,-3.632,CTime.ePiCoinTime_ROC2,677055,75517,51.2168,0.330499,75517,1,0,1,3,55.5327,3,18.5109,5.65581e-06,51.2168,0.330499,,OK
25097,coin,PI-SIDIS,C,-3.642,-3.632,CTime.ePiCoinTime_ROC2,665372,73784,51.228,0.323349,73784,1,0,1,3,37.82,3,12.6067,4.95732e-08,51.228,0.323349,,OK
25098,coin,PI-SIDIS,C,-3.642,-3.632,CTime.ePiCoinTime_ROC2,706658,78301,51.2663,0.298257,78301,1,0,1,3,31.5345,3,10.5115,2.27781e-06,51.2663,0.298257,,OK
25099,coin,PI-SIDIS,C,-3.642,-3.632,CTime.ePiCoinTime_ROC2,190108,21991,51.2298,0.311568,21991,1,0,1,3,11.605,3,3.86834,1.63844e-06,51.2298,0.311568,,OK
25102,coin,PI-SIDIS,Cu,-3.642,-3.632,CTime.ePiCoinTime_ROC2,899792,87051,51.2448,0.335371,87051,1,0,1,3,46.1177,3,15.3726,5.03831e-07,51.2448,0.335371,,OK
25103,coin,PI-SIDIS,Cu,-3.642,-3.632,CTime.ePiCoinTime_ROC2,666610,64174,51.2355,0.323995,64174,1,0,1,3,27.4759,3,9.15862,8.18017e-06,51.2355,0.323995,,OK
25104,coin,PI-SIDIS,Cu,-3.642,-3.632,CTime.ePiCoinTime_ROC2,607157,58378,51.2089,0.331716,58378,1,0,1,3,34.3316,3,11.4439,2.66548e-06,51.2089,0.331716,,OK
25105,coin,PI-SIDIS,Cu,-3.642,-3.632,CTime.ePiCoinTime_ROC2,648919,61780,51.2151,0.319245,61780,1,0,1,3,24.1318,3,8.04392,1.94691e-06,51.2151,0.319245,,OK
25108,coin,PI-SIDIS,LD2,-3.642,-3.632,CTime.ePiCoinTime_ROC2,542240,63196,51.2143,0.324032,63196,1,0,1,3,39.7382,3,13.2461,2.53581e-07,51.2143,0.324032,,OK
25109,coin,PI-SIDIS,LD2,-3.642,-3.632,CTime.ePiCoinTime_ROC2,567851,66188,51.2182,0.330779,66188,1,0,1,3,57.5574,3,19.1858,4.87888e-07,51.2182,0.330779,,OK
25110,coin,PI-SIDIS,LD2,-3.642,-3.632,CTime.ePiCoinTime_ROC2,578269,67480,51.2582,0.32478,67480,1,0,1,3,41.2518,3,13.7506,4.50715e-07,51.2582,0.32478,,OK
25111,coin,PI-SIDIS,LD2,-3.642,-3.632,CTime.ePiCoinTime_ROC2,220067,26117,51.2457,0.307868,26117,1,0,1,3,18.0251,3,6.00836,4.16881e-06,51.2457,0.307868,,OK
25112,coin,PI-SIDIS,LD2,-3.642,-3.632,CTime.ePiCoinTime_ROC2,216621,25841,51.2253,0.306083,25841,1,0,1,3,42.8746,3,14.2915,1.49421e-06,51.2253,0.306083,,OK
25114,coin,PI-SIDIS,LH2,-3.642,-3.632,CTime.ePiCoinTime_ROC2,713855,89504,51.2146,0.331379,89504,1,0,1,3,54.8864,3,18.2955,1.25395e-05,51.2146,0.331379,,OK
25115,coin,PI-SIDIS,LH2,-3.642,-3.632,CTime.ePiCoinTime_ROC2,719970,90582,51.252,0.324905,90582,1,0,1,3,53.5669,3,17.8556,2.42021e-06,51.252,0.324905,,OK
25116,coin,PI-SIDIS,LH2,-3.642,-3.632,CTime.ePiCoinTime_ROC2,692647,86975,51.2342,0.333493,86975,1,0,1,3,46.6528,3,15.5509,9.86506e-06,51.2342,0.333493,,OK
25117,coin,PI-SIDIS,LH2,-3.642,-3.632,CTime.ePiCoinTime_ROC2,170136,21802,51.228,0.320876,21802,1,0,1,3,9.14637,3,3.04879,1.0147e-05,51.228,0.320876,,OK
25119,coin,PI-SIDIS,LH2,-3.642,-3.632,CTime.ePiCoinTime_ROC2,188907,24627,51.2587,0.316055,24627,1,0,1,3,15.945,3,5.31501,1.15534e-05,51.2587,0.316055,,OK
25120,coin,PI-SIDIS,Dummy,-3.642,-3.632,CTime.ePiCoinTime_ROC2,316234,33784,51.2301,0.314819,33784,1,0,1,3,38.1806,3,12.7269,1.16334e-08,51.2301,0.314819,,OK
25121,coin,PI-SIDIS,Dummy,-3.642,-3.632,CTime.ePiCoinTime_ROC2,334266,36335,51.2083,0.316433,36335,1,0,1,3,19.7328,3,6.57759,1.01235e-07,51.2083,0.316433,,OK
25122,coin,PI-SIDIS,LD2,-3.642,-6.538,CTime.ePiCoinTime_ROC2,471490,14339,51.1829,0.305352,14339,1,0,1,3,38.3922,3,12.7974,2.70694e-06,51.1829,0.305352,,OK
25123,coin,PI-SIDIS,LD2,-3.642,-6.538,CTime.ePiCoinTime_ROC2,495044,18390,51.1992,0.315544,18390,1,0,1,3,57.4876,3,19.1625,3.86657e-07,51.1992,0.315544,,OK
25124,coin,PI-SIDIS,LD2,-3.642,-6.538,CTime.ePiCoinTime_ROC2,221250,8582,51.2027,0.311651,8582,1,0,1,3,74.8595,3,24.9532,4.12166e-06,51.2027,0.311651,,OK
25126,coin,PI-SIDIS,LH2,-3.642,-6.538,CTime.ePiCoinTime_ROC2,13393,457,51.2041,0.305852,457,1,0,1,3,1.85905,2,0.929526,5.53502e-07,51.2041,0.305852,,OK
25127,coin,PI-SIDIS,LH2,-3.642,-6.538,CTime.ePiCoinTime_ROC2,204969,6622,51.1948,0.295922,6622,1,0,1,3,16.9388,3,5.64625,4.98652e-06,51.1948,0.295922,,OK
25128,coin,PI-SIDIS,LH2,-3.642,-6.538,CTime.ePiCoinTime_ROC2,197601,6339,51.2001,0.308674,6339,1,0,1,3,11.6913,3,3.8971,3.12774e-07,51.2001,0.308674,,OK
25129,coin,PI-SIDIS,LH2,-3.642,-6.538,CTime.ePiCoinTime_ROC2,669735,6990,51.1945,0.298255,6990,1,0,1,3,38.4841,3,12.828,9.91599e-06,51.1945,0.298255,,OK
25130,coin,PI-SIDIS,LH2,-3.642,-6.538,CTime.ePiCoinTime_ROC2,16711,223,51.2239,0.267558,223,1,0,1,3,0.465584,3,0.155195,1.16231e-06,51.2239,0.267558,,OK
25131,coin,PI-SIDIS,LH2,-3.642,-6.538,CTime.ePiCoinTime_ROC2,85241,3491,51.2045,0.299657,3491,1,0,1,3,24.6688,3,8.22292,5.49069e-06,51.2045,0.299657,,OK
25134,coin,PI-SIDIS,Dummy,-3.642,-6.538,CTime.ePiCoinTime_ROC2,110011,3862,51.1986,0.304058,3862,1,0,1,3,16.2194,3,5.40645,3.59529e-06,51.1986,0.304058,,OK
25135,coin,PI-SIDIS,Dummy,-3.642,-6.538,CTime.ePiCoinTime_ROC2,116505,4224,51.193,0.318037,4224,1,0,1,3,6.9524,3,2.31747,2.46372e-08,51.193,0.318037,,OK
25138,coin,PI-SIDIS,LD2,-3.642,-4.868,CTime.ePiCoinTime_ROC2,1128214,80048,51.2045,0.319756,80048,1,0,1,3,83.6801,3,27.8934,4.26669e-08,51.2045,0.319756,,OK
25139,coin,PI-SIDIS,LD2,-3.642,-4.868,CTime.ePiCoinTime_ROC2,1449064,99841,51.2004,0.322506,99841,1,0,1,3,87.3895,3,29.1298,7.72993e-07,51.2004,0.322506,,OK
25140,coin,PI-SIDIS,LD2,-3.642,-4.868,CTime.ePiCoinTime_ROC2,1544625,106516,51.2215,0.32556,106516,1,0,1,3,104.252,3,34.7507,4.45209e-06,51.2215,0.32556,,OK
25141,coin,PI-SIDIS,LD2,-3.642,-4.868,CTime.ePiCoinTime_ROC2,522277,40111,51.2711,0.309242,40111,1,0,1,3,56.3852,3,18.7951,7.06852e-08,51.2711,0.309242,,OK
25146,coin,PI-SIDIS,LH2,-3.642,-4.868,CTime.ePiCoinTime_ROC2,375825,29518,51.2183,0.314729,29518,1,0,1,3,78.095,3,26.0317,2.92194e-08,51.2183,0.314729,,OK
25147,coin,PI-SIDIS,LH2,-3.642,-4.868,CTime.ePiCoinTime_ROC2,98397,7812,51.2068,0.312096,7812,1,0,1,3,28.9128,3,9.63759,1.24059e-06,51.2068,0.312096,,OK
25148,coin,PI-SIDIS,LH2,-3.642,-4.868,CTime.ePiCoinTime_ROC2,315422,24958,51.2348,0.311643,24958,1,0,1,3,33.1527,3,11.0509,1.06415e-07,51.2348,0.311643,,OK
25149,coin,PI-SIDIS,LH2,-3.642,-4.868,CTime.ePiCoinTime_ROC2,303181,23762,51.2605,0.313017,23762,1,0,1,3,59.3969,3,19.799,2.2501e-06,51.2605,0.313017,,OK
25150,coin,PI-SIDIS,LH2,-3.642,-4.868,CTime.ePiCoinTime_ROC2,1258999,33511,51.229,0.314238,33511,1,0,1,3,49.2311,3,16.4104,1.38119e-07,51.229,0.314238,,OK
25151,coin,PI-SIDIS,LH2,-3.642,-4.868,CTime.ePiCoinTime_ROC2,142600,12734,51.2189,0.307611,12734,1,0,1,3,20.4393,3,6.81309,1.29551e-07,51.2189,0.307611,,OK
25154,coin,PI-SIDIS,Dummy,-3.642,-4.868,CTime.ePiCoinTime_ROC2,181254,14111,51.256,0.311277,14111,1,0,1,3,23.9135,3,7.97118,3.26768e-06,51.256,0.311277,,OK
25157,coin,PI-SIDIS,C,-3.642,-4.868,CTime.ePiCoinTime_ROC2,231307,16955,51.1999,0.31125,16955,1,0,1,3,20.4136,3,6.80455,4.76386e-06,51.1999,0.31125,,OK
25158,coin,PI-SIDIS,C,-3.642,-4.868,CTime.ePiCoinTime_ROC2,391592,28760,51.2014,0.313291,28760,1,0,1,3,28.1389,3,9.37963,1.74982e-07,51.2014,0.313291,,OK
25162,coin,PI-SIDIS,C,-3.642,-4.868,CTime.ePiCoinTime_ROC2,697695,50983,51.2172,0.311082,50983,1,0,1,3,63.4387,3,21.1462,7.2449e-08,51.2172,0.311082,,OK
25163,coin,PI-SIDIS,Cu,-3.642,-4.868,CTime.ePiCoinTime_ROC2,450734,29977,51.2199,0.30991,29977,1,0,1,3,33.551,3,11.1837,7.25394e-07,51.2199,0.30991,,OK
25164,coin,PI-SIDIS,Cu,-3.642,-4.868,CTime.ePiCoinTime_ROC2,453450,29937,51.2553,0.304589,29937,1,0,1,3,27.8632,3,9.28774,3.78716e-06,51.2553,0.304589,,OK
25165,coin,PI-SIDIS,Cu,-3.642,-4.868,CTime.ePiCoinTime_ROC2,515111,33764,51.2132,0.314056,33764,1,0,1,3,45.6035,3,15.2012,1.29562e-07,51.2132,0.314056,,OK
25166,coin,PI-SIDIS,Cu,-3.642,-4.868,CTime.ePiCoinTime_ROC2,442486,29067,51.2084,0.30989,29067,1,0,1,3,38.2475,3,12.7492,2.55348e-07,51.2084,0.30989,,OK
25167,coin,PI-SIDIS,LH2,-3.642,-4.868,CTime.ePiCoinTime_ROC2,370555,29585,51.2509,0.307385,29585,1,0,1,3,32.3873,3,10.7958,4.95943e-06,51.2509,0.307385,,OK
25168,coin,PI-SIDIS,LH2,-3.642,-4.868,CTime.ePiCoinTime_ROC2,426953,33466,51.2289,0.31127,33466,1,0,1,3,54.5344,3,18.1781,2.31697e-06,51.2289,0.31127,,OK
25169,coin,PI-SIDIS,LH2,-3.642,-4.868,CTime.ePiCoinTime_ROC2,358229,28517,51.217,0.312178,28517,1,0,1,3,36.2929,3,12.0976,3.68527e-07,51.217,0.312178,,OK
25170,coin,PI-SIDIS,LH2,-3.642,-4.868,CTime.ePiCoinTime_ROC2,143349,12710,51.2208,0.303726,12710,1,0,1,3,22.8789,3,7.62628,6.53361e-06,51.2208,0.303726,,OK
25171,coin,PI-SIDIS,Dummy,-3.642,-4.868,CTime.ePiCoinTime_ROC2,167588,12929,51.21,0.302091,12929,1,0,1,3,35.9664,3,11.9888,6.73124e-09,51.21,0.302091,,OK
25181,coin,PI-SIDIS,LH2,-3.642,-3.632,CTime.ePiCoinTime_ROC2,861143,104501,51.2644,0.318978,104501,1,0,1,3,87.349,3,29.1163,7.29299e-06,51.2644,0.318978,,OK
25182,coin,PI-SIDIS,LH2,-3.642,-3.632,CTime.ePiCoinTime_ROC2,714674,86806,51.245,0.322645,86806,1,0,1,3,96.1295,3,32.0432,3.98565e-08,51.245,0.322645,,OK
25183,coin,PI-SIDIS,LH2,-3.642,-3.632,CTime.ePiCoinTime_ROC2,1864775,79407,51.228,0.32269,79407,1,0,1,3,54.7735,3,18.2578,8.08818e-06,51.228,0.32269,,OK
25184,coin,PI-SIDIS,LH2,-3.642,-3.632,CTime.ePiCoinTime_ROC2,742726,33667,51.2328,0.30883,33667,1,0,1,3,43.4046,3,14.4682,8.22477e-07,51.2328,0.30883,,OK
25185,coin,PI-SIDIS,LH2,-3.642,-3.632,CTime.ePiCoinTime_ROC2,247699,31726,51.2216,0.312188,31726,1,0,1,3,38.9355,3,12.9785,9.76787e-07,51.2216,0.312188,,OK
25187,coin,PI-SIDIS,LH2,-3.642,-3.632,CTime.ePiCoinTime_ROC2,250885,31818,51.2381,0.310846,31818,1,0,1,3,20.5708,3,6.85694,2.27526e-06,51.2381,0.310846,,OK
25189,coin,PI-SIDIS,Dummy,-3.642,-3.632,CTime.ePiCoinTime_ROC2,371706,41449,51.2565,0.320986,41449,1,0,1,3,42.7366,3,14.2455,1.22295e-06,51.2565,0.320986,,OK
25190,coin,PI-SIDIS,Dummy,-3.642,-3.632,CTime.ePiCoinTime_ROC2,360651,40319,51.2408,0.305468,40319,1,0,1,3,40.1169,3,13.3723,2.77585e-07,51.2408,0.305468,,OK
25192,coin,PI-SIDIS,C,-3.642,-3.632,CTime.ePiCoinTime_ROC2,1397051,149968,51.2143,0.327437,149968,1,0,1,3,72.9668,3,24.3223,7.69079e-06,51.2143,0.327437,,OK
25193,coin,PI-SIDIS,C,-3.642,-3.632,CTime.ePiCoinTime_ROC2,1183652,126923,51.2543,0.326928,126923,1,0,1,3,61.3313,3,20.4438,2.15078e-08,51.2543,0.326928,,OK
25194,coin,PI-SIDIS,C,-3.642,-3.632,CTime.ePiCoinTime_ROC2,1365829,145940,51.2436,0.327819,145940,1,0,1,3,86.6046,3,28.8682,9.35311e-08,51.2436,0.327819,,OK
25195,coin,PI-SIDIS,Cu,-3.642,-3.632,CTime.ePiCoinTime_ROC2,973783,95259,51.2157,0.328728,95259,1,0,1,3,49.5017,3,16.5006,1.89103e-06,51.2157,0.328728,,OK
25196,coin,PI-SIDIS,Cu,-3.642,-3.632,CTime.ePiCoinTime_ROC2,796924,77972,51.2136,0.32893,77972,1,0,1,3,49.0761,3,16.3587,2.46659e-07,51.2136,0.32893,,OK
25197,coin,PI-SIDIS,Cu,-3.642,-3.632,CTime.ePiCoinTime_ROC2,870613,85202,51.22,0.322632,85202,1,0,1,3,44.1384,3,14.7128,1.71849e-07,51.22,0.322632,,OK
25198,coin,PI-SIDIS,Cu,-3.642,-3.632,CTime.ePiCoinTime_ROC2,956438,93468,51.2663,0.323752,93468,1,0,1,3,87.1039,3,29.0346,4.04267e-08,51.2663,0.323752,,OK
25200,coin,PI-SIDIS,LD2,-3.642,-3.632,CTime.ePiCoinTime_ROC2,1458945,160192,51.2127,0.323529,160192,1,0,1,3,83.6991,3,27.8997,5.37005e-08,51.2127,0.323529,,OK
25201,coin,PI-SIDIS,LD2,-3.642,-3.632,CTime.ePiCoinTime_ROC2,1681563,185000,51.2083,0.322127,185000,1,0,1,3,102.133,3,34.0443,7.89453e-07,51.2083,0.322127,,OK
25202,coin,PI-SIDIS,LD2,-3.642,-3.632,CTime.ePiCoinTime_ROC2,437110,50404,51.2515,0.315331,50404,1,0,1,3,53.7564,3,17.9188,3.99529e-06,51.2515,0.315331,,OK
25203,coin,PI-SIDIS,LH2,-3.642,-3.632,CTime.ePiCoinTime_ROC2,1024410,124250,51.246,0.318217,124250,1,0,1,3,89.5426,3,29.8475,1.23188e-07,51.246,0.318217,,OK
25204,coin,PI-SIDIS,LH2,-3.642,-3.632,CTime.ePiCoinTime_ROC2,237320,30594,51.2231,0.307911,30594,1,0,1,3,47.9218,3,15.9739,2.73577e-06,51.2231,0.307911,,OK
25205,coin,PI-SIDIS,LH2,-3.642,-2.615,CTime.ePiCoinTime_ROC2,795219,122752,51.2321,0.328375,122752,1,0,1,3,74.7566,3,24.9189,2.34499e-06,51.2321,0.328375,,OK
25206,coin,PI-SIDIS,LH2,-3.642,-2.615,CTime.ePiCoinTime_ROC2,786917,120892,51.2602,0.321888,120892,1,0,1,3,54.4532,3,18.1511,4.0408e-07,51.2602,0.321888,,OK
25207,coin,PI-SIDIS,LH2,-3.642,-2.615,CTime.ePiCoinTime_ROC2,853470,131445,51.2259,0.32209,131445,1,0,1,3,54.5538,3,18.1846,4.07446e-06,51.2259,0.32209,,OK
25208,coin,PI-SIDIS,LH2,-3.642,-2.615,CTime.ePiCoinTime_ROC2,1904737,103811,51.2096,0.322037,103811,1,0,1,3,72.8403,3,24.2801,3.36644e-06,51.2096,0.322037,,OK
25210,coin,PI-SIDIS,LH2,-3.642,-2.615,CTime.ePiCoinTime_ROC2,219904,34988,51.2217,0.315741,34988,1,0,1,3,12.2789,3,4.09296,2.06071e-06,51.2217,0.315741,,OK
25211,coin,PI-SIDIS,LH2,-3.642,-2.615,CTime.ePiCoinTime_ROC2,220587,35265,51.2659,0.316361,35265,1,0,1,3,23.7239,3,7.90796,1.5115e-05,51.2659,0.316361,,OK
25214,coin,PI-SIDIS,Dummy,-3.642,-2.615,CTime.ePiCoinTime_ROC2,725692,95302,51.212,0.316653,95302,1,0,1,3,59.629,3,19.8763,1.85108e-06,51.212,0.316653,,OK
25217,coin,PI-SIDIS,LH2,-3.642,-2.615,CTime.ePiCoinTime_ROC2,797755,123078,51.2181,0.310661,123078,1,0,1,3,49.6837,3,16.5612,1.54757e-08,51.2181,0.310661,,OK
25218,coin,PI-SIDIS,LH2,-3.642,-2.615,CTime.ePiCoinTime_ROC2,877054,135053,51.2685,0.316979,135053,1,0,1,3,42.0486,3,14.0162,4.50892e-07,51.2685,0.316979,,OK
25219,coin,PI-SIDIS,LH2,-3.642,-2.615,CTime.ePiCoinTime_ROC2,906789,139685,51.2323,0.316562,139685,1,0,1,3,65.6014,3,21.8671,6.89015e-08,51.2323,0.316562,,OK
25220,coin,PI-SIDIS,LH2,-3.642,-2.615,CTime.ePiCoinTime_ROC2,237737,37765,51.2298,0.310976,37765,1,0,1,3,41.5993,3,13.8664,3.06825e-06,51.2298,0.310976,,OK
25221,coin,PI-SIDIS,LH2,-3.642,-2.615,CTime.ePiCoinTime_ROC2,217429,34788,51.2313,0.314098,34788,1,0,1,3,17.226,3,5.74199,8.94342e-09,51.2313,0.314098,,OK
25222,coin,PI-SIDIS,Dummy,-3.642,-2.615,CTime.ePiCoinTime_ROC2,808033,106442,51.2177,0.314874,106442,1,0,1,3,83.9919,3,27.9973,3.83794e-06,51.2177,0.314874,,OK
25227,coin,PI+SIDIS,LD2,-3.642,6.538,CTime.ePiCoinTime_ROC2,796246,51735,51.1975,0.3114,51735,1,0,1,3,247.947,3,82.6491,5.43123e-06,51.1975,0.3114,,OK
25228,coin,PI+SIDIS,LD2,-3.642,6.538,CTime.ePiCoinTime_ROC2,657288,42657,51.2026,0.314309,42657,1,0,1,3,185.873,3,61.9576,2.39512e-07,51.2026,0.314309,,OK
25229,coin,PI+SIDIS,LD2,-3.642,6.538,CTime.ePiCoinTime_ROC2,192568,16962,51.2147,0.312201,16962,1,0,1,3,89.2725,3,29.7575,1.89768e-07,51.2147,0.312201,,OK
25230,coin,PI+SIDIS,LD2,-3.642,6.538,CTime.ePiCoinTime_ROC2,163205,14104,51.2574,0.310202,14104,1,0,1,3,40.8218,3,13.6073,4.69224e-06,51.2574,0.310202,,OK
25233,coin,PI+SIDIS,LH2,-3.642,6.538,CTime.ePiCoinTime_ROC2,189903,18356,51.2223,0.313873,18356,1,0,1,3,104.114,3,34.7046,6.30953e-08,51.2223,0.313873,,OK
25234,coin,PI+SIDIS,LH2,-3.642,6.538,CTime.ePiCoinTime_ROC2,202181,19598,51.2071,0.31458,19598,1,0,1,3,74.254,3,24.7513,1.54958e-06,51.2071,0.31458,,OK
25235,coin,PI+SIDIS,LH2,-3.642,6.538,CTime.ePiCoinTime_ROC2,512340,19755,51.1994,0.311828,19755,1,0,1,3,93.9659,3,31.322,7.40242e-08,51.1994,0.311828,,OK
25236,coin,PI+SIDIS,LH2,-3.642,6.538,CTime.ePiCoinTime_ROC2,71140,8844,51.219,0.308147,8844,1,0,1,3,66.6385,3,22.2128,9.13126e-08,51.219,0.308147,,OK
25237,coin,PI+SIDIS,LH2,-3.642,6.538,CTime.ePiCoinTime_ROC2,72397,9121,51.2558,0.307622,9121,1,0,1,3,33.8927,3,11.2976,4.24838e-08,51.2558,0.307622,,OK
25240,coin,PI+SIDIS,Dummy,-3.642,6.538,CTime.ePiCoinTime_ROC2,78144,6948,51.2071,0.305493,6948,1,0,1,3,31.1336,3,10.3779,2.70621e-07,51.2071,0.305493,,OK
25241,coin,PI+SIDIS,Dummy,-3.642,6.538,CTime.ePiCoinTime_ROC2,75899,6773,51.2145,0.303333,6773,1,0,1,3,30.2461,3,10.082,2.90829e-07,51.2145,0.303333,,OK
25247,coin,PI+SIDIS,C,-3.642,6.538,CTime.ePiCoinTime_ROC2,319711,23385,51.1877,0.311005,23385,1,0,1,3,114.978,3,38.326,1.13241e-06,51.1877,0.311005,,OK
25248,coin,PI+SIDIS,C,-3.642,6.538,CTime.ePiCoinTime_ROC2,316059,23359,51.2396,0.3103,23359,1,0,1,3,98.7042,3,32.9014,3.07447e-06,51.2396,0.3103,,OK
25249,coin,PI+SIDIS,C,-3.642,6.538,CTime.ePiCoinTime_ROC2,91772,8808,51.2361,0.305643,8808,1,0,1,3,59.5695,3,19.8565,7.83754e-06,51.2361,0.305643,,OK
25251,coin,PI+SIDIS,Cu,-3.642,6.538,CTime.ePiCoinTime_ROC2,206620,11909,51.2018,0.301537,11909,1,0,1,3,61.8003,3,20.6001,1.44733e-06,51.2018,0.301537,,OK
25252,coin,PI+SIDIS,Cu,-3.642,6.538,CTime.ePiCoinTime_ROC2,206045,11603,51.2546,0.309829,11603,1,0,1,3,51.8118,3,17.2706,1.68887e-06,51.2546,0.309829,,OK
25255,coin,PI+SIDIS,LD2,-3.642,4.868,CTime.ePiCoinTime_ROC2,1813306,154040,51.2252,0.32889,154040,1,0,1,3,235.624,3,78.5412,2.97428e-06,51.2252,0.32889,,OK
25256,coin,PI+SIDIS,LD2,-3.642,4.868,CTime.ePiCoinTime_ROC2,1320165,111662,51.2214,0.329942,111662,1,0,1,3,155.63,3,51.8768,4.66148e-07,51.2214,0.329942,,OK
25257,coin,PI+SIDIS,LD2,-3.642,4.868,CTime.ePiCoinTime_ROC2,1097176,93066,51.2752,0.329752,93066,1,0,1,3,77.6792,3,25.8931,2.89208e-07,51.2752,0.329752,,OK
25258,coin,PI+SIDIS,LD2,-3.642,4.868,CTime.ePiCoinTime_ROC2,798260,73854,51.2502,0.312712,73854,1,0,1,3,99.0903,3,33.0301,1.25726e-07,51.2502,0.312712,,OK
25259,coin,PI+SIDIS,LD2,-3.642,4.868,CTime.ePiCoinTime_ROC2,751268,69233,51.2537,0.314945,69233,1,0,1,3,179.116,3,59.7053,6.99158e-07,51.2537,0.314945,,OK
25262,coin,PI+SIDIS,LH2,-3.642,4.868,CTime.ePiCoinTime_ROC2,834786,85905,51.2424,0.317661,85905,1,0,1,3,147.695,3,49.2317,2.09167e-06,51.2424,0.317661,,OK
25263,coin,PI+SIDIS,LH2,-3.642,4.868,CTime.ePiCoinTime_ROC2,878232,90377,51.2436,0.317753,90377,1,0,1,3,121.165,3,40.3884,4.77966e-06,51.2436,0.317753,,OK
25264,coin,PI+SIDIS,LH2,-3.642,4.868,CTime.ePiCoinTime_ROC2,1996137,76248,51.2442,0.319184,76248,1,0,1,3,126.187,3,42.0622,2.51886e-07,51.2442,0.319184,,OK
25265,coin,PI+SIDIS,LH2,-3.642,4.868,CTime.ePiCoinTime_ROC2,274667,31571,51.2576,0.308901,31571,1,0,1,3,71.9332,3,23.9777,9.36311e-06,51.2576,0.308901,,OK
25266,coin,PI+SIDIS,LH2,-3.642,4.868,CTime.ePiCoinTime_ROC2,271359,31016,51.2481,0.308185,31016,1,0,1,3,78.629,3,26.2097,7.48137e-07,51.2481,0.308185,,OK
25269,coin,PI+SIDIS,Dummy,-3.642,4.868,CTime.ePiCoinTime_ROC2,240591,23129,51.2466,0.315116,23129,1,0,1,3,61.3898,3,20.4633,9.91827e-08,51.2466,0.315116,,OK
25272,coin,PI+SIDIS,C,-3.642,4.868,CTime.ePiCoinTime_ROC2,1072180,92446,51.2444,0.322383,92446,1,0,1,3,98.8367,3,32.9456,2.56117e-06,51.2444,0.322383,,OK
25273,coin,PI+SIDIS,C,-3.642,4.868,CTime.ePiCoinTime_ROC2,1142065,98727,51.2461,0.320533,98727,1,0,1,3,123.228,3,41.0761,4.97841e-06,51.2461,0.320533,,OK
25275,coin,PI+SIDIS,Cu,-3.642,4.868,CTime.ePiCoinTime_ROC2,779259,58022,51.233,0.32097,58022,1,0,1,3,62.631,3,20.877,1.41272e-06,51.233,0.32097,,OK
25276,coin,PI+SIDIS,Cu,-3.642,4.868,CTime.ePiCoinTime_ROC2,767679,57437,51.2342,0.322124,57437,1,0,1,3,90.3332,3,30.1111,6.32579e-08,51.2342,0.322124,,OK
25277,coin,PI+SIDIS,Cu,-3.642,4.868,CTime.ePiCoinTime_ROC2,744009,55447,51.2275,0.317777,55447,1,0,1,3,89.8933,3,29.9644,2.68533e-08,51.2275,0.317777,,OK
25279,coin,PI+SIDIS,Dummy,-3.642,4.868,CTime.ePiCoinTime_ROC2,247583,23534,51.2321,0.311492,23534,1,0,1,3,55.5523,3,18.5174,3.09886e-06,51.2321,0.311492,,OK
25280,coin,PI+SIDIS,LD2,-3.642,3.632,CTime.ePiCoinTime_ROC2,1120371,111087,51.2172,0.32378,111087,1,0,1,3,99.8215,3,33.2738,6.43959e-07,51.2172,0.32378,,OK
25281,coin,PI+SIDIS,LD2,-3.642,3.632,CTime.ePiCoinTime_ROC2,1128746,112887,51.2654,0.325904,112887,1,0,1,3,95.5482,3,31.8494,1.14956e-06,51.2654,0.325904,,OK
25282,coin,PI+SIDIS,LD2,-3.642,3.632,CTime.ePiCoinTime_ROC2,304370,31331,51.2525,0.314912,31331,1,0,1,3,36.642,3,12.214,2.9556e-06,51.2525,0.314912,,OK
25283,coin,PI+SIDIS,LD2,-3.642,3.632,CTime.ePiCoinTime_ROC2,329421,33845,51.2334,0.312972,33845,1,0,1,3,50.5824,3,16.8608,3.07733e-07,51.2334,0.312972,,OK
25286,coin,PI+SIDIS,LH2,-3.642,3.632,CTime.ePiCoinTime_ROC2,1122530,128153,51.2072,0.327329,128153,1,0,1,3,123.598,3,41.1995,9.17089e-06,51.2072,0.327329,,OK
25287,coin,PI+SIDIS,LH2,-3.642,3.632,CTime.ePiCoinTime_ROC2,986931,112224,51.2344,0.32408,112224,1,0,1,3,84.932,3,28.3107,1.101e-05,51.2344,0.32408,,OK
25288,coin,PI+SIDIS,LH2,-3.642,3.632,CTime.ePiCoinTime_ROC2,1916947,78688,51.2588,0.321831,78688,1,0,1,3,86.1857,3,28.7286,2.14587e-06,51.2588,0.321831,,OK
25289,coin,PI+SIDIS,LH2,-3.642,3.632,CTime.ePiCoinTime_ROC2,346057,40292,51.2383,0.309405,40292,1,0,1,3,50.145,3,16.715,1.884e-08,51.2383,0.309405,,OK
25290,coin,PI+SIDIS,LH2,-3.642,3.632,CTime.ePiCoinTime_ROC2,326451,37869,51.2218,0.310404,37869,1,0,1,3,61.6959,3,20.5653,2.96922e-06,51.2218,0.310404,,OK
25293,coin,PI+SIDIS,Dummy,-3.642,3.632,CTime.ePiCoinTime_ROC2,555306,53150,51.2575,0.320732,53150,1,0,1,3,37.4539,3,12.4846,6.16657e-08,51.2575,0.320732,,OK
25295,coin,PI+SIDIS,C,-3.642,3.632,CTime.ePiCoinTime_ROC2,1395090,134108,51.2288,0.327793,134108,1,0,1,3,84.1566,3,28.0522,8.36938e-07,51.2288,0.327793,,OK
25296,coin,PI+SIDIS,C,-3.642,3.632,CTime.ePiCoinTime_ROC2,1264801,121461,51.2146,0.323219,121461,1,0,1,3,98.2112,3,32.7371,7.22929e-08,51.2146,0.323219,,OK
25298,coin,PI+SIDIS,Cu,-3.642,3.632,CTime.ePiCoinTime_ROC2,1265649,105305,51.2257,0.321425,105305,1,0,1,3,119.456,3,39.8187,6.2779e-06,51.2257,0.321425,,OK
25299,coin,PI+SIDIS,Cu,-3.642,3.632,CTime.ePiCoinTime_ROC2,354294,29408,51.2673,0.329246,29408,1,0,1,3,15.4123,3,5.13742,1.27299e-06,51.2673,0.329246,,OK
25300,coin,PI+SIDIS,Cu,-3.642,3.632,CTime.ePiCoinTime_ROC2,1426284,119180,51.2124,0.331584,119180,1,0,1,3,99.9828,3,33.3276,6.43195e-06,51.2124,0.331584,,OK
25301,coin,PI+SIDIS,Cu,-3.642,3.632,CTime.ePiCoinTime_ROC2,974090,81097,51.2218,0.329631,81097,1,0,1,3,64.6924,3,21.5641,3.4163e-06,51.2218,0.329631,,OK
25303,coin,PI+SIDIS,Al,-3.642,3.632,CTime.ePiCoinTime_ROC2,172257,19062,51.2322,0.31106,19062,1,0,1,3,22.8293,3,7.60977,1.35047e-06,51.2322,0.31106,,OK
25305,coin,PI+SIDIS,Al,-3.642,3.632,CTime.ePiCoinTime_ROC2,273074,30028,51.2295,0.312549,30028,1,0,1,3,49.6652,3,16.5551,2.23582e-08,51.2295,0.312549,,OK
25306,coin,PI+SIDIS,Al,-3.642,3.632,CTime.ePiCoinTime_ROC2,134514,14882,51.2316,0.312408,14882,1,0,1,3,36.0751,3,12.025,8.78349e-07,51.2316,0.312408,,OK
25309,coin,PI+SIDIS,LD2,-3.642,3.632,CTime.ePiCoinTime_ROC2,1087962,108431,51.2209,0.320726,108431,1,0,1,3,113.931,3,37.9772,1.22175e-06,51.2209,0.320726,,OK
25310,coin,PI+SIDIS,LD2,-3.642,3.632,CTime.ePiCoinTime_ROC2,294846,29397,51.228,0.323853,29397,1,0,1,3,58.5651,3,19.5217,1.13626e-05,51.228,0.323853,,OK
25311,coin,PI+SIDIS,LD2,-3.642,3.632,CTime.ePiCoinTime_ROC2,728945,72663,51.2355,0.326199,72663,1,0,1,3,68.4941,3,22.8314,3.33747e-07,51.2355,0.326199,,OK
25312,coin,PI+SIDIS,LD2,-3.642,3.632,CTime.ePiCoinTime_ROC2,322262,33301,51.2795,0.311028,33301,1,0,1,3,53.0417,3,17.6806,9.44024e-07,51.2795,0.311028,,OK
25313,coin,PI+SIDIS,LD2,-3.642,3.632,CTime.ePiCoinTime_ROC2,327677,33948,51.2525,0.318322,33948,1,0,1,3,28.8218,3,9.60725,7.99538e-08,51.2525,0.318322,,OK
25314,coin,PI+SIDIS,LD2,-3.642,3.632,CTime.ePiCoinTime_ROC2,467711,46602,51.2322,0.329862,46602,1,0,1,3,41.3136,3,13.7712,2.77205e-06,51.2322,0.329862,,OK
25315,coin,PI+SIDIS,LH2,-3.642,3.632,CTime.ePiCoinTime_ROC2,975791,110302,51.2083,0.322182,110302,1,0,1,3,105.319,3,35.1063,3.85848e-08,51.2083,0.322182,,OK
25316,coin,PI+SIDIS,LH2,-3.642,3.632,CTime.ePiCoinTime_ROC2,296436,35054,51.2572,0.316228,35054,1,0,1,3,59.9158,3,19.9719,1.58243e-07,51.2572,0.316228,,OK
25317,coin,PI+SIDIS,Dummy,-3.642,3.632,CTime.ePiCoinTime_ROC2,548888,53112,51.2607,0.321137,53112,1,0,1,3,61.1321,3,20.3774,5.85382e-06,51.2607,0.321137,,OK
25318,coin,PI+SIDIS,LD2,-3.642,2.615,CTime.ePiCoinTime_ROC2,511387,58112,51.2167,0.314965,58112,1,0,1,3,74.7303,3,24.9101,4.607e-06,51.2167,0.314965,,OK
25319,coin,PI+SIDIS,LD2,-3.642,2.615,CTime.ePiCoinTime_ROC2,503176,57365,51.2315,0.322776,57365,1,0,1,3,34.4906,3,11.4969,6.79023e-06,51.2315,0.322776,,OK
25320,coin,PI+SIDIS,LD2,-3.642,2.615,CTime.ePiCoinTime_ROC2,161499,18377,51.2642,0.327331,18377,1,0,1,3,7.08543,3,2.36181,1.92232e-07,51.2642,0.327331,,OK
25321,coin,PI+SIDIS,LD2,-3.642,2.615,CTime.ePiCoinTime_ROC2,245654,27848,51.2518,0.319593,27848,1,0,1,3,20.7694,3,6.92314,3.72069e-06,51.2518,0.319593,,OK
25322,coin,PI+SIDIS,LD2,-3.642,2.615,CTime.ePiCoinTime_ROC2,176762,20343,51.2384,0.308015,20343,1,0,1,3,24.3992,3,8.13308,3.8512e-07,51.2384,0.308015,,OK
25323,coin,PI+SIDIS,LD2,-3.642,2.615,CTime.ePiCoinTime_ROC2,174877,20107,51.2213,0.319159,20107,1,0,1,3,35.124,3,11.708,5.70469e-06,51.2213,0.319159,,OK
25328,coin,PI+SIDIS,LH2,-3.642,2.615,CTime.ePiCoinTime_ROC2,510309,65489,51.2581,0.31521,65489,1,0,1,3,51.5607,3,17.1869,2.33347e-06,51.2581,0.31521,,OK
25329,coin,PI+SIDIS,LH2,-3.642,2.615,CTime.ePiCoinTime_ROC2,579057,74086,51.2317,0.315968,74086,1,0,1,3,59.4506,3,19.8169,7.22154e-08,51.2317,0.315968,,OK
25330,coin,PI+SIDIS,LH2,-3.642,2.615,CTime.ePiCoinTime_ROC2,471295,59948,51.2074,0.32591,59948,1,0,1,3,47.2708,3,15.7569,8.40765e-07,51.2074,0.32591,,OK
25331,coin,PI+SIDIS,LH2,-3.642,2.615,CTime.ePiCoinTime_ROC2,1703752,77469,51.2058,0.312446,77469,1,0,1,3,63.6595,3,21.2198,1.81245e-06,51.2058,0.312446,,OK
25333,coin,PI+SIDIS,LH2,-3.642,2.615,CTime.ePiCoinTime_ROC2,171404,22301,51.2636,0.316758,22301,1,0,1,3,13.2069,3,4.40231,6.14158e-08,51.2636,0.316758,,OK
25334,coin,PI+SIDIS,LH2,-3.642,2.615,CTime.ePiCoinTime_ROC2,163779,21255,51.238,0.313542,21255,1,0,1,3,55.747,3,18.5823,5.9966e-07,51.238,0.313542,,OK
25336,coin,PI+SIDIS,Dummy,-3.642,2.615,CTime.ePiCoinTime_ROC2,361885,38872,51.2359,0.32126,38872,1,0,1,3,15.8651,3,5.28837,1.0719e-08,51.2359,0.32126,,OK
25337,coin,PI+SIDIS,C,-3.642,2.615,CTime.ePiCoinTime_ROC2,244649,27082,51.2532,0.31656,27082,1,0,1,3,33.9928,3,11.3309,9.5131e-08,51.2532,0.31656,,OK
25338,coin,PI+SIDIS,C,-3.642,2.615,CTime.ePiCoinTime_ROC2,231185,25630,51.2187,0.313063,25630,1,0,1,3,39.3096,3,13.1032,3.36823e-06,51.2187,0.313063,,OK
25340,coin,PI+SIDIS,Cu,-3.642,2.615,CTime.ePiCoinTime_ROC2,388327,37497,51.2355,0.324475,37497,1,0,1,3,28.2369,3,9.4123,1.26763e-07,51.2355,0.324475,,OK
25341,coin,PI+SIDIS,Cu,-3.642,2.615,CTime.ePiCoinTime_ROC2,222137,21192,51.2639,0.307204,21192,1,0,1,3,15.1305,3,5.0435,2.00359e-06,51.2639,0.307204,,OK
25342,coin,PI+SIDIS,Cu,-3.642,2.615,CTime.ePiCoinTime_ROC2,306249,29369,51.2672,0.319666,29369,1,0,1,3,12.7349,3,4.24496,7.66551e-08,51.2672,0.319666,,OK
25343,coin,PI+SIDIS,Dummy,-3.642,2.615,CTime.ePiCoinTime_ROC2,285771,30646,51.2337,0.322047,30646,1,0,1,3,30.8148,3,10.2716,9.25019e-06,51.2337,0.322047,,OK
25344,coin,PI+SIDIS,LD2,-3.642,2.615,CTime.ePiCoinTime_ROC2,519311,58868,51.2135,0.322645,58868,1,0,1,3,37.4906,3,12.4969,1.80447e-06,51.2135,0.322645,,OK
25345,coin,PI+SIDIS,LD2,-3.642,2.615,CTime.ePiCoinTime_ROC2,296200,33782,51.2455,0.312584,33782,1,0,1,3,65.8367,3,21.9456,1.01044e-05,51.2455,0.312584,,OK
25356,coin,PI+SIDIS,LH2,-3.642,3.632,CTime.ePiCoinTime_ROC2,747127,72980,51.2041,0.318731,72980,1,0,1,3,168.372,3,56.1238,7.43631e-06,51.2041,0.318731,,OK
25357,coin,PI+SIDIS,LH2,-3.642,3.632,CTime.ePiCoinTime_ROC2,729456,70990,51.2078,0.315237,70990,1,0,1,3,130.113,3,43.3709,5.26388e-07,51.2078,0.315237,,OK
25358,coin,PI+SIDIS,LH2,-3.642,3.632,CTime.ePiCoinTime_ROC2,1859076,66138,51.2025,0.313651,66138,1,0,1,3,117.299,3,39.0997,7.86327e-08,51.2025,0.313651,,OK
25359,coin,PI+SIDIS,LH2,-3.642,3.632,CTime.ePiCoinTime_ROC2,262826,27786,51.2014,0.312873,27786,1,0,1,3,84.6333,3,28.2111,7.54926e-06,51.2014,0.312873,,OK
25360,coin,PI+SIDIS,LH2,-3.642,3.632,CTime.ePiCoinTime_ROC2,267356,28349,51.2031,0.309456,28349,1,0,1,3,106.614,3,35.538,9.13615e-07,51.2031,0.309456,,OK
25363,coin,PI+SIDIS,LD2,-3.642,3.632,CTime.ePiCoinTime_ROC2,1392382,114844,51.196,0.317215,114844,1,0,1,3,134.517,3,44.839,4.31903e-06,51.196,0.317215,,OK
25364,coin,PI+SIDIS,LD2,-3.642,3.632,CTime.ePiCoinTime_ROC2,1747813,143093,51.1918,0.318649,143093,1,0,1,3,180.914,3,60.3046,3.27793e-07,51.1918,0.318649,,OK
25365,coin,PI+SIDIS,LD2,-3.642,3.632,CTime.ePiCoinTime_ROC2,567477,50371,51.2017,0.314004,50371,1,0,1,3,104.471,3,34.8238,4.03723e-06,51.2017,0.314004,,OK
25366,coin,PI+SIDIS,LD2,-3.642,3.632,CTime.ePiCoinTime_ROC2,273588,24017,51.2465,0.316288,24017,1,0,1,3,46.3677,3,15.4559,2.10863e-06,51.2465,0.316288,,OK
25368,coin,PI+SIDIS,Dummy,-3.642,3.632,CTime.ePiCoinTime_ROC2,236293,20678,51.2082,0.310977,20678,1,0,1,3,45.9703,3,15.3234,6.01525e-06,51.2082,0.310977,,OK
25370,coin,PI+SIDIS,C,-3.642,3.632,CTime.ePiCoinTime_ROC2,33381,2699,51.1445,0.297002,2699,1,0,1,3,12.3918,3,4.1306,6.87418e-08,51.1445,0.297002,,OK
25371,coin,PI+SIDIS,C,-3.642,3.632,CTime.ePiCoinTime_ROC2,978489,80512,51.2231,0.316948,80512,1,0,1,3,104.125,3,34.7083,5.38794e-06,51.2231,0.316948,,OK
25372,coin,PI+SIDIS,C,-3.642,3.632,CTime.ePiCoinTime_ROC2,1235260,100149,51.2142,0.326087,100149,1,0,1,3,172.534,3,57.5113,3.61963e-07,51.2142,0.326087,,OK
25374,coin,PI+SIDIS,Cu,-3.642,3.632,CTime.ePiCoinTime_ROC2,1157691,81039,51.1858,0.321725,81039,1,0,1,3,89.0736,3,29.6912,6.84741e-08,51.1858,0.321725,,OK
25375,coin,PI+SIDIS,Cu,-3.642,3.632,CTime.ePiCoinTime_ROC2,765569,53941,51.1993,0.314145,53941,1,0,1,3,58.8806,3,19.6269,1.31877e-06,51.1993,0.314145,,OK
25376,coin,PI+SIDIS,Cu,-3.642,3.632,CTime.ePiCoinTime_ROC2,737880,51868,51.2463,0.320803,51868,1,0,1,3,61.7198,3,20.5733,7.41717e-07,51.2463,0.320803,,OK
25379,coin,PI+SIDIS,LD2,-3.642,3.632,CTime.ePiCoinTime_ROC2,1692283,136481,51.1941,0.324227,136481,1,0,1,3,158.051,3,52.6836,9.55248e-06,51.1941,0.324227,,OK
25380,coin,PI+SIDIS,LD2,-3.642,3.632,CTime.ePiCoinTime_ROC2,910801,77515,51.2186,0.316198,77515,1,0,1,3,136.448,3,45.4827,2.8398e-07,51.2186,0.316198,,OK
25381,coin,PI+SIDIS,LH2,-3.642,3.632,CTime.ePiCoinTime_ROC2,959488,93354,51.251,0.317957,93354,1,0,1,3,112.071,3,37.3569,1.23175e-05,51.251,0.317957,,OK
25382,coin,PI+SIDIS,LH2,-3.642,3.632,CTime.ePiCoinTime_ROC2,280782,29268,51.2155,0.309018,29268,1,0,1,3,112.936,3,37.6454,5.00268e-06,51.2155,0.309018,,OK
25383,coin,PI+SIDIS,Dummy,-3.642,3.632,CTime.ePiCoinTime_ROC2,289095,25578,51.2182,0.312179,25578,1,0,1,3,42.1176,3,14.0392,7.56583e-06,51.2182,0.312179,,OK
25384,coin,PI+SIDIS,LH2,-3.642,3.632,CTime.ePiCoinTime_ROC2,140402,11666,51.2541,0.307902,11666,1,0,1,3,31.0203,3,10.3401,3.06689e-07,51.2541,0.307902,,OK
25385,coin,PI+SIDIS,LH2,-3.642,3.632,CTime.ePiCoinTime_ROC2,398230,33326,51.2153,0.310033,33326,1,0,1,3,100.42,3,33.4732,5.0861e-08,51.2153,0.310033,,OK
25386,coin,PI+SIDIS,LH2,-3.642,3.632,CTime.ePiCoinTime_ROC2,386785,32458,51.198,0.309318,32458,1,0,1,3,78.6869,3,26.229,2.00271e-07,51.198,0.309318,,OK
25387,coin,PI+SIDIS,LH2,-3.642,3.632,CTime.ePiCoinTime_ROC2,900593,28348,51.2465,0.308424,28348,1,0,1,3,49.8796,3,16.6265,1.46509e-06,51.2465,0.308424,,OK
25388,coin,PI+SIDIS,LH2,-3.642,3.632,CTime.ePiCoinTime_ROC2,109729,10421,51.2317,0.304658,10421,1,0,1,3,37.1054,3,12.3685,5.55879e-06,51.2317,0.304658,,OK
25389,coin,PI+SIDIS,LH2,-3.642,3.632,CTime.ePiCoinTime_ROC2,109263,10295,51.219,0.300613,10295,1,0,1,3,24.8707,3,8.29022,5.1159e-08,51.219,0.300613,,OK
25394,coin,PI+SIDIS,Dummy,-3.642,3.632,CTime.ePiCoinTime_ROC2,111785,8584,51.2288,0.308328,8584,1,0,1,3,43.357,3,14.4523,6.04264e-07,51.2288,0.308328,,OK
25395,coin,PI+SIDIS,Dummy,-3.642,3.632,CTime.ePiCoinTime_ROC2,96359,7382,51.2261,0.306831,7382,1,0,1,3,17.5081,3,5.83602,3.28437e-07,51.2261,0.306831,,OK
25423,coin,PI-SIDIS,LH2,-3.642,-3.632,CTime.ePiCoinTime_ROC2,147610,16285,51.2206,0.302247,16285,1,0,1,3,24.4814,3,8.16048,1.06344e-06,51.2206,0.302247,,OK
25424,coin,PI-SIDIS,LH2,-3.642,-3.632,CTime.ePiCoinTime_ROC2,135356,14979,51.2191,0.30951,14979,1,0,1,3,22.756,3,7.58534,2.72497e-07,51.2191,0.30951,,OK
25425,coin,PI-SIDIS,LH2,-3.642,-3.632,CTime.ePiCoinTime_ROC2,143014,15486,51.2084,0.293958,15486,1,0,1,3,18.4005,3,6.13348,4.63099e-07,51.2084,0.293958,,OK
25426,coin,PI-SIDIS,LH2,-3.642,-3.632,CTime.ePiCoinTime_ROC2,133653,14469,51.2087,0.300731,14469,1,0,1,3,27.5104,3,9.17015,4.44933e-07,51.2087,0.300731,,OK
25427,coin,PI-SIDIS,LH2,-3.642,-3.632,CTime.ePiCoinTime_ROC2,138200,14925,51.2102,0.296537,14925,1,0,1,3,24.2201,3,8.07336,6.15923e-06,51.2102,0.296537,,OK
25428,coin,PI-SIDIS,LH2,-3.642,-3.632,CTime.ePiCoinTime_ROC2,450407,17957,51.2049,0.309875,17957,1,0,1,3,32.8994,3,10.9665,2.48089e-07,51.2049,0.309875,,OK
25429,coin,PI-SIDIS,LH2,-3.642,-3.632,CTime.ePiCoinTime_ROC2,44120,5645,51.2047,0.305104,5645,1,0,1,3,7.79768,3,2.59923,9.90489e-08,51.2047,0.305104,,OK
25430,coin,PI-SIDIS,LH2,-3.642,-3.632,CTime.ePiCoinTime_ROC2,40924,5144,51.2299,0.295683,5144,1,0,1,3,7.40109,3,2.46703,4.79232e-07,51.2299,0.295683,,OK
25432,coin,PI-SIDIS,Dummy,-3.642,-3.632,CTime.ePiCoinTime_ROC2,51518,6231,51.221,0.294591,6231,1,0,1,3,12.4667,3,4.15556,9.0146e-09,51.221,0.294591,,OK
25433,coin,PI-SIDIS,Dummy,-3.642,-3.632,CTime.ePiCoinTime_ROC2,37584,4393,51.1932,0.304088,4393,1,0,1,3,14.9665,3,4.98882,9.80823e-07,51.1932,0.304088,,OK
25434,coin,PI-SIDIS,LH2,-3.642,-3.632,CTime.ePiCoinTime_ROC2,395909,46124,51.2259,0.310539,46124,1,0,1,3,69.8734,3,23.2911,7.2633e-07,51.2259,0.310539,,OK
25435,coin,PI-SIDIS,LH2,-3.642,-3.632,CTime.ePiCoinTime_ROC2,394796,46297,51.2525,0.311978,46297,1,0,1,3,38.1733,3,12.7244,5.68144e-06,51.2525,0.311978,,OK
25436,coin,PI-SIDIS,LH2,-3.642,-3.632,CTime.ePiCoinTime_ROC2,434292,50987,51.2138,0.306357,50987,1,0,1,3,54.8687,3,18.2896,2.24523e-06,51.2138,0.306357,,OK
25437,coin,PI-SIDIS,LH2,-3.642,-3.632,CTime.ePiCoinTime_ROC2,1127240,47043,51.1999,0.311216,47043,1,0,1,3,56.1155,3,18.7052,9.92678e-07,51.1999,0.311216,,OK
25438,coin,PI-SIDIS,LH2,-3.642,-3.632,CTime.ePiCoinTime_ROC2,120374,15623,51.2085,0.303125,15623,1,0,1,3,44.3163,3,14.7721,4.43986e-06,51.2085,0.303125,,OK
25439,coin,PI-SIDIS,LH2,-3.642,-3.632,CTime.ePiCoinTime_ROC2,103683,13528,51.2555,0.302209,13528,1,0,1,3,19.7292,3,6.5764,2.51162e-08,51.2555,0.302209,,OK
25440,coin,PI-SIDIS,Dummy,-3.642,-3.632,CTime.ePiCoinTime_ROC2,86476,10398,51.2181,0.310342,10398,1,0,1,3,13.4694,3,4.48981,8.49761e-07,51.2181,0.310342,,OK
25441,coin,PI-SIDIS,Dummy,-3.642,-3.632,CTime.ePiCoinTime_ROC2,125397,15123,51.1993,0.295333,15123,1,0,1,3,34.4079,3,11.4693,6.32958e-07,51.1993,0.295333,,OK
25442,coin,PI-SIDIS,LH2,-3.642,-3.632,CTime.ePiCoinTime_ROC2,442290,51679,51.2335,0.306777,51679,1,0,1,3,56.0017,3,18.6672,7.43966e-07,51.2335,0.306777,,OK
25443,coin,PI-SIDIS,LD2,-3.642,-3.632,CTime.ePiCoinTime_ROC2,1574598,172385,51.2003,0.319987,172385,1,0,1,3,110.223,3,36.741,1.3816e-06,51.2003,0.319987,,OK
25444,coin,PI-SIDIS,LD2,-3.642,-3.632,CTime.ePiCoinTime_ROC2,1334729,146754,51.1855,0.317764,146754,1,0,1,3,88.4008,3,29.4669,2.38394e-06,51.1855,0.317764,,OK
25445,coin,PI-SIDIS,LD2,-3.642,-3.632,CTime.ePiCoinTime_ROC2,1596307,175170,51.2244,0.318792,175170,1,0,1,3,133.376,3,44.4586,8.66723e-07,51.2244,0.318792,,OK
25446,coin,PI-SIDIS,LD2,-3.642,-3.632,CTime.ePiCoinTime_ROC2,428742,49641,51.252,0.304405,49641,1,0,1,3,52.4825,3,17.4942,2.30445e-06,51.252,0.304405,,OK
25447,coin,PI-SIDIS,LD2,-3.642,-3.632,CTime.ePiCoinTime_ROC2,260519,29948,51.2031,0.313039,29948,1,0,1,3,41.6437,3,13.8812,8.97998e-07,51.2031,0.313039,,OK
25448,coin,PI-SIDIS,LH2,-3.642,-3.632,CTime.ePiCoinTime_ROC2,814642,97926,51.1843,0.322693,97926,1,0,1,3,74.7698,3,24.9233,3.40166e-08,51.1843,0.322693,,OK
25449,coin,PI-SIDIS,LH2,-3.642,-3.632,CTime.ePiCoinTime_ROC2,954607,114987,51.2319,0.320223,114987,1,0,1,3,60.8943,3,20.2981,2.43898e-06,51.2319,0.320223,,OK
25450,coin,PI-SIDIS,LH2,-3.642,-3.632,CTime.ePiCoinTime_ROC2,746690,89623,51.2211,0.318416,89623,1,0,1,3,80.3929,3,26.7976,8.66729e-06,51.2211,0.318416,,OK
25451,coin,PI-SIDIS,LH2,-3.642,-3.632,CTime.ePiCoinTime_ROC2,262069,33388,51.2114,0.311418,33388,1,0,1,3,59.008,3,19.6693,7.07762e-06,51.2114,0.311418,,OK
25452,coin,PI-SIDIS,LH2,-3.642,-3.632,CTime.ePiCoinTime_ROC2,265287,33521,51.2074,0.314434,33521,1,0,1,3,57.9409,3,19.3136,1.98535e-06,51.2074,0.314434,,OK
25453,coin,PI-SIDIS,Dummy,-3.642,-3.632,CTime.ePiCoinTime_ROC2,378266,42244,51.1927,0.303681,42244,1,0,1,3,65.1555,3,21.7185,1.2455e-07,51.1927,0.303681,,OK
25484,coin,PI-SIDIS,LD2,-3.642,-3.632,CTime.ePiCoinTime_ROC2,1201496,131151,51.2138,0.322441,131151,1,0,1,3,64.5022,3,21.5007,1.78789e-06,51.2138,0.322441,,OK
25485,coin,PI-SIDIS,LD2,-3.642,-3.632,CTime.ePiCoinTime_ROC2,1544252,169079,51.2185,0.319598,169079,1,0,1,3,72.8472,3,24.2824,5.95583e-08,51.2185,0.319598,,OK
25486,coin,PI-SIDIS,LD2,-3.642,-3.632,CTime.ePiCoinTime_ROC2,1543663,169211,51.2194,0.32671,169211,1,0,1,3,82.3809,3,27.4603,9.70727e-08,51.2194,0.32671,,OK
25487,coin,PI-SIDIS,LD2,-3.642,-3.632,CTime.ePiCoinTime_ROC2,1528025,167085,51.2094,0.327369,167085,1,0,1,3,126.478,3,42.1592,1.41137e-08,51.2094,0.327369,,OK
25488,coin,PI-SIDIS,LD2,-3.642,-3.632,CTime.ePiCoinTime_ROC2,1610305,175785,51.2471,0.327958,175785,1,0,1,3,80.3444,3,26.7815,6.75854e-07,51.2471,0.327958,,OK
25489,coin,PI-SIDIS,LD2,-3.642,-3.632,CTime.ePiCoinTime_ROC2,489227,56588,51.2714,0.314468,56588,1,0,1,3,38.4403,3,12.8134,1.13339e-08,51.2714,0.314468,,OK
25490,coin,PI-SIDIS,LD2,-3.642,-3.632,CTime.ePiCoinTime_ROC2,365456,42052,51.2526,0.311248,42052,1,0,1,3,42.6622,3,14.2207,4.94691e-07,51.2526,0.311248,,OK
25491,coin,PI-SIDIS,LH2,-3.642,-3.632,CTime.ePiCoinTime_ROC2,985179,118102,51.2289,0.32086,118102,1,0,1,3,65.8664,3,21.9555,1.24137e-06,51.2289,0.32086,,OK
25492,coin,PI-SIDIS,LH2,-3.642,-3.632,CTime.ePiCoinTime_ROC2,947876,113631,51.23,0.323396,113631,1,0,1,3,70.1478,3,23.3826,1.62751e-07,51.23,0.323396,,OK
25493,coin,PI-SIDIS,LH2,-3.642,-3.632,CTime.ePiCoinTime_ROC2,899696,108014,51.2259,0.321606,108014,1,0,1,3,84.0567,3,28.0189,1.35905e-08,51.2259,0.321606,,OK
25494,coin,PI-SIDIS,LH2,-3.642,-3.632,CTime.ePiCoinTime_ROC2,747752,89325,51.2226,0.327004,89325,1,0,1,3,68.7455,3,22.9152,1.32767e-05,51.2226,0.327004,,OK
25495,coin,PI-SIDIS,LH2,-3.642,-3.632,CTime.ePiCoinTime_ROC2,1033838,123758,51.2258,0.326136,123758,1,0,1,3,58.5562,3,19.5187,6.70789e-06,51.2258,0.326136,,OK
25496,coin,PI-SIDIS,LH2,-3.642,-3.632,CTime.ePiCoinTime_ROC2,256170,32560,51.2648,0.312679,32560,1,0,1,3,26.0281,3,8.67603,1.05338e-06,51.2648,0.312679,,OK
25497,coin,PI-SIDIS,LH2,-3.642,-3.632,CTime.ePiCoinTime_ROC2,270194,34307,51.2467,0.310075,34307,1,0,1,3,39.1991,3,13.0664,6.43613e-07,51.2467,0.310075,,OK
25498,coin,PI-SIDIS,Dummy,-3.642,-3.632,CTime.ePiCoinTime_ROC2,384521,42415,51.2473,0.313776,42415,1,0,1,3,58.5344,3,19.5115,7.29826e-07,51.2473,0.313776,,OK
25499,coin,PI-SIDIS,LD2,-3.642,-3.632,CTime.ePiCoinTime_ROC2,831633,96336,51.238,0.328529,96336,1,0,1,3,49.8423,3,16.6141,1.75007e-06,51.238,0.328529,,OK
25500,coin,PI-SIDIS,LD2,-3.642,-3.632,CTime.ePiCoinTime_ROC2,775704,89673,51.2476,0.322851,89673,1,0,1,3,44.7951,3,14.9317,1.50541e-07,51.2476,0.322851,,OK
25501,coin,PI-SIDIS,LD2,-3.642,-3.632,CTime.ePiCoinTime_ROC2,853376,99366,51.2932,0.29922,99366,1,0,1,3,43.2962,3,14.4321,9.72479e-08,51.2932,0.29922,,OK
25502,coin,PI-SIDIS,LD2,-3.642,-3.632,CTime.ePiCoinTime_ROC2,851203,99156,51.26,0.323324,99156,1,0,1,3,61.1516,3,20.3839,4.87982e-06,51.26,0.323324,,OK
25503,coin,PI-SIDIS,LD2,-3.642,-3.632,CTime.ePiCoinTime_ROC2,829655,95631,51.2461,0.321295,95631,1,0,1,3,36.0069,3,12.0023,1.03343e-05,51.2461,0.321295,,OK
25504,coin,PI-SIDIS,LD2,-3.642,-3.632,CTime.ePiCoinTime_ROC2,228489,27352,51.2501,0.319799,27352,1,0,1,3,29.5436,3,9.84787,7.24226e-07,51.2501,0.319799,,OK
25505,coin,PI-SIDIS,LD2,-3.642,-3.632,CTime.ePiCoinTime_ROC2,229572,27562,51.2864,0.295441,27562,1,0,1,3,27.8103,3,9.27009,9.34593e-07,51.2864,0.295441,,OK
25506,coin,PI-SIDIS,LH2,-3.642,-3.632,CTime.ePiCoinTime_ROC2,813003,102531,51.2737,0.32525,102531,1,0,1,3,78.1587,3,26.0529,9.58456e-07,51.2737,0.32525,,OK
25507,coin,PI-SIDIS,LH2,-3.642,-3.632,CTime.ePiCoinTime_ROC2,921677,116019,51.2421,0.330594,116019,1,0,1,3,58.8216,3,19.6072,4.04761e-06,51.2421,0.330594,,OK
25508,coin,PI-SIDIS,LH2,-3.642,-3.632,CTime.ePiCoinTime_ROC2,815775,102518,51.2365,0.321682,102518,1,0,1,3,83.2462,3,27.7487,1.39391e-06,51.2365,0.321682,,OK
25509,coin,PI-SIDIS,LH2,-3.642,-3.632,CTime.ePiCoinTime_ROC2,809884,101866,51.2696,0.330323,101866,1,0,1,3,54.5109,3,18.1703,6.91189e-06,51.2696,0.330323,,OK
25510,coin,PI-SIDIS,LH2,-3.642,-3.632,CTime.ePiCoinTime_ROC2,281482,35556,51.2951,0.314933,35556,1,0,1,3,30.976,3,10.3253,3.72147e-08,51.2951,0.314933,,OK
25511,coin,PI-SIDIS,LH2,-3.642,-3.632,CTime.ePiCoinTime_ROC2,513274,64741,51.2476,0.325766,64741,1,0,1,3,40.1781,3,13.3927,2.31627e-06,51.2476,0.325766,,OK
25512,coin,PI-SIDIS,LH2,-3.642,-3.632,CTime.ePiCoinTime_ROC2,222606,29149,51.2486,0.307271,29149,1,0,1,3,9.68312,3,3.22771,7.36862e-09,51.2486,0.307271,,OK
25513,coin,PI-SIDIS,LH2,-3.642,-3.632,CTime.ePiCoinTime_ROC2,221029,28825,51.2476,0.319441,28825,1,0,1,3,24.3069,3,8.10229,5.16675e-06,51.2476,0.319441,,OK
25514,coin,PI-SIDIS,Dummy,-3.642,-3.632,CTime.ePiCoinTime_ROC2,234654,25467,51.2918,0.287187,25467,1,0,1,3,28.4894,3,9.49647,2.22604e-06,51.2918,0.287187,,OK
25515,coin,PI-SIDIS,LD2,-3.642,-3.632,CTime.ePiCoinTime_ROC2,86287,9977,51.2684,0.305413,9977,1,0,1,3,9.32029,3,3.10676,1.73935e-06,51.2684,0.305413,,OK
25516,coin,PI-SIDIS,LD2,-3.642,-3.632,CTime.ePiCoinTime_ROC2,624598,72279,51.2454,0.322494,72279,1,0,1,3,36.5087,3,12.1696,2.74045e-06,51.2454,0.322494,,OK
25517,coin,PI-SIDIS,LD2,-3.642,-3.632,CTime.ePiCoinTime_ROC2,675286,78728,51.2775,0.300903,78728,1,0,1,3,27.4045,3,9.13484,2.20599e-07,51.2775,0.300903,,OK
25518,coin,PI-SIDIS,LD2,-3.642,-3.632,CTime.ePiCoinTime_ROC2,754747,87913,51.2448,0.314059,87913,1,0,1,3,31.7137,3,10.5712,1.11379e-09,51.2448,0.314059,,OK
25519,coin,PI-SIDIS,LD2,-3.642,-3.632,CTime.ePiCoinTime_ROC2,706888,81509,51.233,0.316097,81509,1,0,1,3,55.8069,3,18.6023,1.9099e-07,51.233,0.316097,,OK
25520,coin,PI-SIDIS,LD2,-3.642,-3.632,CTime.ePiCoinTime_ROC2,772317,89723,51.2929,0.304291,89723,1,0,1,3,48.3271,3,16.109,2.28687e-07,51.2929,0.304291,,OK
25532,coin,PI-SIDIS,LH2,-3.642,-3.632,CTime.ePiCoinTime_ROC2,786210,99637,51.2403,0.329129,99637,1,0,1,3,56.1294,3,18.7098,4.2914e-07,51.2403,0.329129,,OK
25533,coin,PI-SIDIS,LH2,-3.642,-3.632,CTime.ePiCoinTime_ROC2,458569,57993,51.2466,0.325803,57993,1,0,1,3,29.4839,3,9.82797,1.00753e-06,51.2466,0.325803,,OK
25534,coin,PI-SIDIS,LH2,-3.642,-3.632,CTime.ePiCoinTime_ROC2,599460,75676,51.2243,0.327031,75676,1,0,1,3,44.3463,3,14.7821,1.43075e-07,51.2243,0.327031,,OK
25536,coin,PI-SIDIS,LH2,-3.642,-3.632,CTime.ePiCoinTime_ROC2,197860,25060,51.2535,0.317233,25060,1,0,1,3,17.8383,3,5.94609,4.51055e-06,51.2535,0.317233,,OK
25538,coin,PI-SIDIS,LH2,-3.642,-3.632,CTime.ePiCoinTime_ROC2,727025,91527,51.2243,0.316964,91527,1,0,1,3,48.1902,3,16.0634,5.31551e-08,51.2243,0.316964,,OK
25539,coin,PI+SIDIS,LH2,-3.642,3.632,CTime.ePiCoinTime_ROC2,555147,70858,51.2495,0.333811,70858,1,0,1,3,36.9809,3,12.327,1.64408e-06,51.2495,0.333811,,OK
25540,coin,PI+SIDIS,LH2,-3.642,3.632,CTime.ePiCoinTime_ROC2,599662,76576,51.2327,0.313975,76576,1,0,1,3,72.8418,3,24.2806,1.33766e-06,51.2327,0.313975,,OK
25541,coin,PI+SIDIS,LH2,-3.642,3.632,CTime.ePiCoinTime_ROC2,547548,70465,51.2464,0.325386,70465,1,0,1,3,46.2,3,15.4,3.33275e-09,51.2464,0.325386,,OK
25542,coin,PI+SIDIS,LH2,-3.642,3.632,CTime.ePiCoinTime_ROC2,633169,81785,51.2907,0.306023,81785,1,0,1,3,55.7412,3,18.5804,3.34407e-08,51.2907,0.306023,,OK
25543,coin,PI+SIDIS,LH2,-3.642,3.632,CTime.ePiCoinTime_ROC2,613314,78824,51.2631,0.32735,78824,1,0,1,3,79.7892,3,26.5964,2.39874e-06,51.2631,0.32735,,OK
25544,coin,PI+SIDIS,LH2,-3.642,3.632,CTime.ePiCoinTime_ROC2,590729,75492,51.2336,0.324635,75492,1,0,1,3,61.4498,3,20.4833,2.60384e-06,51.2336,0.324635,,OK
25545,coin,PI+SIDIS,LH2,-3.642,3.632,CTime.ePiCoinTime_ROC2,476015,60928,51.2477,0.325872,60928,1,0,1,3,70.8594,3,23.6198,5.17308e-07,51.2477,0.325872,,OK
25546,coin,PI+SIDIS,Dummy,-3.642,3.632,CTime.ePiCoinTime_ROC2,712752,74863,51.2791,0.309303,74863,1,0,1,3,28.5399,3,9.51329,3.76452e-08,51.2791,0.309303,,OK
25547,coin,PI+SIDIS,LH2,-3.642,3.632,CTime.ePiCoinTime_ROC2,645887,82952,51.2299,0.326861,82952,1,0,1,3,74.6419,3,24.8806,1.74679e-06,51.2299,0.326861,,OK
25548,coin,PI+SIDIS,LH2,-3.642,3.632,CTime.ePiCoinTime_ROC2,331630,42606,51.2332,0.325637,42606,1,0,1,3,49.0342,3,16.3447,2.27581e-07,51.2332,0.325637,,OK
