toy,success,message,nit,nfev,chi2,bad_branch_flag_abs_param_gt_5,physical_branch_flag,dthe_A,dthe_B,dthe_C,dthe_E,dthe_D,dpe_A,dpe_B,dpe_C,dpe_E,dpe_D,dpp_A,dpp_B,dpp_C,dpp_E,dpp_D,dthp
0,True,Optimization terminated successfully.,12428,16406,658.1538,0,1,-0.3865,-1.1303,-1.3415,-0.0989,-1.3017,0.1225,1.3517,2.6318,0.4354,2.2927,-3.4674,-1.2143,-0.4355,2.7995,-0.6403,2.0366
1,True,Optimization terminated successfully.,22683,29616,660.0802,0,1,-0.2239,-1.0197,-0.1527,0.0893,0.1582,-0.1544,1.0187,0.4896,-0.0094,-1.0335,-2.5456,-0.7366,2.2525,3.3721,4.6903,1.5805
2,True,Optimization terminated successfully.,7309,9773,4897.5420,0,1,0.3434,-1.1371,-0.9577,-0.5498,-1.6863,-1.0952,0.3895,0.2155,0.2931,1.3922,0.6254,0.4521,1.1339,1.6097,-1.4947,0.3088
3,True,Optimization terminated successfully.,18241,23840,551.9614,0,1,-0.2376,-0.8749,-0.3553,-1.3175,-1.1138,-0.1455,0.7487,0.3359,1.8868,1.5617,-2.5690,-0.2230,2.5093,0.3016,0.6186,1.5980
4,True,Optimization terminated successfully.,33130,43215,536.0122,0,1,-0.2436,-0.6604,-1.2560,-0.9310,0.1409,-0.1231,0.4748,2.5803,1.5189,-0.8283,-2.6407,0.2271,-0.7349,0.9946,4.2361,1.6438
5,True,Optimization terminated successfully.,9891,13100,2792.3338,0,1,-0.6294,-0.9747,-0.7685,-1.8007,-0.8714,0.4656,0.9571,1.7131,2.4690,-0.5428,-4.6450,-0.6019,-0.6137,-0.3438,1.6796,2.3337
6,True,Optimization terminated successfully.,24970,32548,778.3990,0,1,0.0739,-0.9382,-0.2546,-0.3968,-0.7149,-0.6305,0.7371,0.1891,1.0094,0.9087,-0.9273,-0.2273,2.6155,1.8147,1.8330,1.0559
7,True,Optimization terminated successfully.,11726,15476,7840.1055,0,1,0.0751,-1.3149,-1.2077,-0.1612,0.2193,-0.7559,0.3657,1.0010,0.7379,0.1074,-0.6152,0.1526,-0.2843,0.7369,0.7137,0.2870
8,True,Optimization terminated successfully.,13634,17929,644.1864,0,1,-0.1278,-0.7017,-0.8939,-1.3413,-1.1848,-0.2943,0.4938,1.8161,2.2208,1.6580,-2.0459,0.2077,0.2673,-0.2344,0.9456,1.4803
9,True,Optimization terminated successfully.,8691,11505,3047.6099,0,1,0.2319,-1.5343,-0.7548,-1.2153,-0.2104,-0.8761,1.3814,0.2889,0.2850,0.7648,-0.0884,-1.4534,1.5294,1.3229,2.2287,0.7041
10,True,Optimization terminated successfully.,12873,16921,695.1496,0,1,-0.2344,-0.7781,-1.5838,-2.1603,-1.1827,-0.1548,0.5607,2.7412,3.5522,1.4973,-2.5424,0.0859,-0.9826,-2.2666,0.7520,1.6233
11,True,Optimization terminated successfully.,12557,16526,695.0084,1,0,-0.0860,-0.2836,-1.1792,0.4334,-0.6228,-0.3821,-0.2253,1.8387,-1.3316,0.0558,-1.7764,1.2552,0.0497,5.1737,2.6829,1.2643
12,True,Optimization terminated successfully.,17074,22278,628.5122,0,1,-0.3922,-0.7475,-1.7752,-1.6387,-1.4848,0.1168,0.7095,3.2179,2.8958,2.1318,-3.4632,-0.1872,-1.8507,-1.0911,-0.1686,2.0208
13,True,Optimization terminated successfully.,9198,12139,6092.0651,0,1,0.0187,-0.7859,-0.5537,-1.2803,-0.4529,-0.5331,0.3716,0.2910,0.4648,-0.0320,-1.2336,0.4361,0.4370,2.0890,-0.0271,1.1784
14,True,Optimization terminated successfully.,19496,25548,616.9754,0,1,-0.4102,-1.1003,-0.4608,-0.6377,-0.1947,0.1485,1.3422,0.6854,1.5853,0.0272,-3.5669,-1.1258,1.9007,1.0270,3.0562,2.0369
15,True,Optimization terminated successfully.,12847,16851,3643.5199,0,1,0.6284,-0.8738,-1.0438,-0.8222,-0.8250,-1.5118,0.1156,-0.0639,0.3459,0.6235,2.0554,0.5838,2.4148,2.0735,0.0424,-0.1131
16,True,Optimization terminated successfully.,8499,11280,3724.5677,0,1,0.0468,-0.7759,-1.8553,-0.5737,-1.5228,-0.6513,-0.0230,1.2285,-0.2517,0.6228,-0.9154,0.5749,0.4476,2.5953,-0.5983,0.6983
17,True,Optimization terminated successfully.,9304,12309,6030.5045,0,1,0.6905,-1.2062,-0.8708,-1.1077,-1.6511,-1.6073,0.3349,-0.1160,-0.3546,1.9215,2.3814,-0.3086,0.8468,2.2260,-0.5622,-0.2965
18,True,Optimization terminated successfully.,28454,37179,2355.1796,0,1,0.0447,-0.7475,-1.1452,-0.7494,-1.1905,-0.6051,0.2698,-0.1348,0.0394,1.4597,-1.0548,0.1139,1.8162,1.7496,1.0976,0.8433
19,True,Optimization terminated successfully.,9528,12609,3386.0388,0,1,0.2625,-1.0136,-1.1635,-0.1209,-1.6988,-0.9825,0.3548,0.0989,0.6910,0.2091,0.2167,0.1021,1.6696,2.1276,0.9157,0.3245
20,True,Optimization terminated successfully.,9184,12129,6463.7020,0,1,0.6250,-0.9527,0.1547,-1.0563,-1.3171,-1.4716,0.3508,-1.3067,-0.2289,1.4716,1.9519,0.1912,2.3355,2.5969,-1.1225,0.1196
21,True,Optimization terminated successfully.,11534,15153,550.7338,0,1,-0.5293,-1.4764,-0.5055,-0.9688,-2.1233,0.3530,2.0078,1.3970,1.9907,3.7440,-4.2377,-2.2196,1.1260,0.3747,-2.4127,2.3596
22,True,Optimization terminated successfully.,27921,36391,616.3557,0,1,-0.1991,-0.6166,-0.6876,-0.2665,-2.3868,-0.2127,0.3414,1.1262,0.3903,3.9103,-2.3548,0.3876,1.3114,2.5319,-2.8632,1.4804
23,True,Optimization terminated successfully.,9179,12156,6453.2504,0,1,0.2714,-0.9416,-0.8068,-0.7931,-0.9483,-1.0230,0.1024,-0.7522,-1.0123,-0.2534,0.3379,0.5680,1.6521,2.7023,0.8529,0.1938
24,True,Optimization terminated successfully.,17040,22411,1372.2534,0,1,-0.2866,-0.4299,0.7210,-0.4018,-0.1165,-0.0703,0.0961,-1.1984,1.2887,0.9584,-2.8269,0.8300,4.8361,1.4442,1.4746,1.6375
25,True,Optimization terminated successfully.,9924,13136,2107.3979,0,1,-0.2523,-0.5784,-2.2513,-1.7855,-1.3832,-0.1398,0.0807,3.0871,2.0617,1.0528,-2.6087,0.9701,-3.0072,-0.4860,0.8599,1.4910
26,True,Optimization terminated successfully.,8270,10998,5763.1678,0,1,0.3014,-0.9881,-0.5188,-1.3576,-0.9751,-1.0019,0.4436,-0.5844,0.0522,0.5410,0.3203,0.1404,0.8774,1.9317,0.7402,0.5245
27,True,Optimization terminated successfully.,14317,18835,753.8769,0,1,-0.2297,-1.0502,-0.0007,-1.3531,0.2802,-0.1448,1.0292,-0.0618,2.0576,-0.7189,-2.5462,-0.6205,2.8799,-0.1406,4.5067,1.6084
28,True,Optimization terminated successfully.,9999,13212,5048.4935,0,1,0.3858,-0.8199,-0.9355,-1.1749,-1.5593,-1.1635,-0.0422,-0.1841,-0.1689,0.3488,0.8535,0.8447,1.5558,2.1909,-0.3979,0.1944
29,True,Optimization terminated successfully.,20274,26502,773.8528,0,1,-0.3556,-0.8789,-0.8062,-2.0759,-0.1086,0.0464,0.8871,1.8492,3.4750,-0.1523,-3.2149,-0.4389,0.4032,-2.0264,3.1335,1.8552
30,True,Optimization terminated successfully.,12731,16732,697.8130,0,1,-0.0769,-0.8098,-1.3628,-0.5714,-1.2682,-0.4028,0.5777,2.1277,0.5736,1.6458,-1.7051,-0.0184,-0.4143,2.3241,0.7756,1.2835
31,True,Optimization terminated successfully.,11653,15481,4729.3392,0,1,0.2005,-0.7926,-0.6983,-1.4923,-1.3565,-0.8064,0.4513,0.8856,1.2431,0.7406,-0.2929,0.5583,0.1137,0.7156,-0.7979,0.9615
32,True,Optimization terminated successfully.,7628,10152,4635.9035,0,1,0.2566,-1.3998,-0.4870,-2.1934,-1.1215,-0.9569,0.8763,-0.4769,1.0317,0.2479,0.1507,-1.1511,2.3252,0.3267,0.9733,0.4266
33,True,Optimization terminated successfully.,23665,30855,427.1186,0,1,-0.1134,-0.5427,-0.8379,-0.2660,-0.4270,-0.3426,0.1631,1.4417,0.2503,0.0743,-1.9179,0.7031,0.7899,2.8113,2.9189,1.3158
34,True,Optimization terminated successfully.,9281,12310,5007.4011,0,1,-0.2056,-0.6842,-1.3533,-0.8314,-0.9441,-0.2075,0.3296,0.7325,0.0332,-0.4104,-2.3903,0.0354,0.6173,2.7114,0.3278,1.4195
35,True,Optimization terminated successfully.,10337,13674,3111.0535,0,1,0.4656,-1.2456,-0.9755,-1.8541,-1.1741,-1.2394,0.8576,0.4941,1.7318,0.7806,1.1528,-0.4878,0.9610,-0.1769,0.7947,0.2873
36,True,Optimization terminated successfully.,10285,13587,4419.4684,0,1,0.0679,-0.9723,-1.6542,-0.8473,-1.4249,-0.6665,0.3449,0.9722,-0.5668,-0.1361,-0.8417,0.1345,-0.2601,2.6167,0.9416,0.7820
37,True,Optimization terminated successfully.,18416,24092,3548.7280,0,1,0.3323,-0.9453,-1.5019,-0.8966,-1.9944,-1.0926,0.4675,0.1300,0.1151,2.7096,0.6170,-0.0810,1.1273,2.1716,-1.6573,0.2283
38,True,Optimization terminated successfully.,11855,15601,871.9546,0,1,0.0826,-0.6704,-0.3973,-1.1671,-1.0118,-0.6484,0.3196,0.2115,1.6651,1.4753,-0.8709,0.5029,2.5872,0.6916,0.5437,0.9757
39,True,Optimization terminated successfully.,9176,12158,5397.9875,0,1,0.2076,-0.3970,-1.3133,-1.1546,-2.0641,-0.9094,-0.6737,0.4764,-0.1324,1.0083,-0.0335,1.7249,0.1788,2.0867,-1.2103,0.4480
40,True,Optimization terminated successfully.,20075,26247,940.5972,0,1,0.0952,-1.0819,-0.0078,-0.2840,-1.0894,-0.6593,0.9585,-0.5889,0.0661,1.1329,-0.8128,-0.7721,3.9698,2.8022,1.2611,0.9533
41,True,Optimization terminated successfully.,15589,20479,1220.8262,0,1,0.1109,-1.1973,-0.7863,-1.0327,-0.4153,-0.6691,1.1843,0.6151,1.6657,0.3079,-0.7725,-0.8353,1.9495,0.3386,2.3568,1.0370
42,True,Optimization terminated successfully.,8943,11858,680.9907,0,1,0.0317,-0.7647,-0.8651,-0.3947,-1.8058,-0.5654,0.4017,1.3854,0.1484,1.9904,-1.1453,0.2683,0.6931,2.8841,-0.0124,1.0727
43,True,Optimization terminated successfully.,15935,20906,1476.6021,0,1,-0.0869,-0.8135,-0.5565,-0.7495,-1.4329,-0.3898,0.5560,1.1669,0.6543,0.3779,-1.7433,0.0472,1.4393,1.9555,0.4676,1.2968
44,True,Optimization terminated successfully.,13258,17499,949.0564,0,1,0.2659,-0.6728,0.0505,-0.0426,-1.3496,-0.9220,0.2140,-0.3136,0.0247,1.6958,0.0753,0.5436,3.4802,3.3761,0.2733,0.6656
45,True,Optimization terminated successfully.,13234,17369,824.5552,0,1,0.1138,-0.8836,-0.0991,-0.8807,-1.1507,-0.6698,0.6486,0.2078,1.1081,0.8818,-0.7675,-0.0941,2.7639,1.5661,0.9455,1.0518
46,True,Optimization terminated successfully.,17235,22592,725.3193,1,0,-0.1381,-0.7008,-1.4304,0.5995,-1.1931,-0.2941,0.4225,2.7927,-1.3190,1.4216,-2.0651,0.2782,-1.1444,5.2143,0.7528,1.4195
47,True,Optimization terminated successfully.,18266,23922,488.6935,0,1,-0.3703,-0.8666,-0.5838,-1.6465,-1.0537,0.0850,0.8959,1.3613,2.9120,1.6476,-3.3532,-0.4386,0.9820,-1.1174,0.6851,1.9589
48,True,Optimization terminated successfully.,13322,17540,822.1320,0,1,0.1438,-0.1459,-1.2165,-0.0194,-1.5654,-0.7501,-0.5895,1.6590,-0.7527,1.3757,-0.5467,1.9878,0.1692,4.0919,0.4592,0.7966
49,True,Optimization terminated successfully.,21614,28230,1037.5026,0,1,0.0518,-0.7204,-0.7398,-1.3829,-1.6199,-0.5835,0.3812,0.8287,1.9687,1.9080,-1.0729,0.3402,2.0993,0.1409,-0.7389,1.0969
50,True,Optimization terminated successfully.,13550,17784,486.5462,0,1,-0.3539,-1.1500,-1.1951,-0.9650,-0.7999,0.0539,1.3093,2.3970,1.6776,0.9330,-3.2309,-1.1251,-0.3719,0.6531,1.6175,1.9207
51,True,Optimization terminated successfully.,10108,13403,3830.3353,0,1,-0.2537,-0.8063,-1.2411,0.5511,1.3585,-0.1079,0.7657,0.7355,0.7438,-0.3761,-2.7047,-0.4227,1.3707,2.4766,2.9866,1.6585
52,True,Optimization terminated successfully.,14160,18591,1699.1043,0,1,0.1726,-1.1322,-0.2779,-1.8918,-1.0019,-0.7718,0.9375,0.0791,3.5176,0.7466,-0.4145,-0.5528,2.8437,-1.9011,0.9524,0.8764
53,True,Optimization terminated successfully.,25063,32633,788.8507,0,1,0.0609,-0.9197,-0.0215,0.1482,-0.8562,-0.6081,0.6304,-0.0523,-0.5265,0.4456,-1.0073,-0.0695,3.0820,3.8642,2.0773,1.0203
54,True,Optimization terminated successfully.,10734,14202,6195.5026,0,1,-0.3020,-0.6193,-1.2013,-1.2437,-0.7175,-0.1256,-0.0962,0.1933,1.1313,1.1830,-2.7140,1.0157,-0.3524,-0.2381,0.2150,1.3140
55,False,Maximum number of iterations has been exceeded.,50000,64576,1240.9536,0,0,0.3517,-0.7267,-0.6901,0.0283,-1.7824,-1.0417,0.2897,1.1022,-0.7172,2.7005,0.4866,0.7019,1.0402,4.1818,-1.0560,0.5948
56,True,Optimization terminated successfully.,15909,20876,2858.9393,0,1,0.1772,-0.5159,-0.9581,-0.9805,-2.2294,-0.8703,-0.3832,-0.7510,0.3725,3.4223,-0.1998,1.2014,3.1477,1.1856,-2.0714,0.3576
57,True,Optimization terminated successfully.,12132,15975,1791.4572,1,0,0.1075,-0.9093,-0.2345,0.6109,-1.3929,-0.6992,0.5502,-0.9449,-2.0988,0.9693,-0.6958,-0.2694,4.3793,5.8535,0.4470,0.8468
58,True,Optimization terminated successfully.,20758,27201,757.5127,0,1,-0.0298,-1.1104,-0.8901,0.2389,-0.8591,-0.4829,1.0250,1.2589,-0.6846,0.8563,-1.4260,-0.7606,1.3458,4.0268,1.6197,1.1594
59,True,Optimization terminated successfully.,15187,19898,1121.1061,0,1,0.0695,-0.7488,-0.6794,-0.9735,-1.5740,-0.6206,0.3230,0.5817,0.5926,0.9374,-0.9550,0.1409,2.1046,1.9335,0.9465,1.0299
60,True,Optimization terminated successfully.,18053,23658,576.2151,0,1,-0.0531,-0.7957,-0.1107,-0.3936,-0.3199,-0.4301,0.5872,0.1912,0.5865,0.1703,-1.6053,0.0039,2.9336,2.3925,2.7009,1.2765
61,True,Optimization terminated successfully.,13062,17219,2747.4218,0,1,0.3253,-0.8825,-2.5585,-0.8069,-0.2196,-0.9932,0.5572,4.1988,0.8091,0.4709,0.3335,0.0915,-3.2400,1.7679,1.1326,0.7127
62,True,Optimization terminated successfully.,10008,13204,1369.4773,0,1,0.1490,-0.9557,-1.8209,-0.9497,-1.2548,-0.7363,0.7759,2.1690,1.7890,1.8850,-0.5531,-0.3178,-0.2980,-0.0065,0.3573,0.9148
63,True,Optimization terminated successfully.,19166,25068,421.8885,0,1,-0.3265,-0.8527,-0.9249,-1.3865,-0.8957,0.0080,0.8940,1.8258,2.3449,1.1610,-3.0903,-0.4213,0.2740,-0.3848,1.3537,1.8423
64,True,Optimization terminated successfully.,18386,24044,590.5294,0,1,-0.2837,-0.9723,-0.3651,-1.0142,-0.3722,-0.0464,1.0676,0.4855,2.1161,-0.0894,-2.8854,-0.7630,2.1316,0.2234,3.0364,1.7890
65,True,Optimization terminated successfully.,11308,14900,5239.1081,1,0,0.1901,-0.8182,-0.1582,0.4913,-1.1829,-0.8672,-0.1933,-0.1652,-1.7503,2.2908,-0.1666,0.5363,0.3092,5.4439,-0.0092,0.4717
66,True,Optimization terminated successfully.,27749,36051,694.0232,0,1,-0.3273,-0.3923,-1.8064,-0.7690,-1.3923,-0.0202,0.0259,3.0460,1.0543,2.2498,-3.0075,0.9297,-1.7664,1.5013,-0.2587,1.7015
67,True,Optimization terminated successfully.,16729,21953,536.4773,0,1,-0.1153,-0.6905,-1.0782,-0.2395,-0.3973,-0.3274,0.4419,1.8539,0.2543,-0.1403,-1.9673,0.2338,0.1717,2.7899,3.1895,1.3919
68,True,Optimization terminated successfully.,19279,25204,826.1158,0,1,0.1396,-0.2588,-1.2376,-0.6783,-1.7928,-0.7515,-0.5426,1.9038,0.4053,2.4636,-0.5455,1.5753,0.2620,2.2737,-0.7608,0.7537
69,True,Optimization terminated successfully.,10397,13811,5100.5072,0,1,0.4654,-1.2664,0.1338,-1.5492,-1.1130,-1.2381,0.8129,-0.2103,0.5927,-0.1681,1.1774,-0.6312,2.3600,1.3278,0.3098,0.3787
70,True,Optimization terminated successfully.,28468,37201,672.7092,0,1,-0.2240,-0.9753,-0.0664,-0.6327,0.1604,-0.1565,0.9446,0.1699,1.2948,-1.0289,-2.5335,-0.5827,2.6907,1.4351,4.4691,1.6075
71,True,Optimization terminated successfully.,7890,10487,8217.6388,0,1,0.1703,-0.8088,-0.4121,-1.1487,-0.3485,-0.8095,0.1847,0.1381,0.4357,-0.4857,-0.3521,0.6754,0.8215,1.0066,-0.2177,0.6563
72,True,Optimization terminated successfully.,16088,21089,610.3405,0,1,-0.0842,-0.9554,-0.2060,-0.3304,-1.3984,-0.3775,0.8354,0.1938,0.3723,1.6152,-1.7821,-0.4440,2.8087,2.5288,0.4337,1.3436
73,True,Optimization terminated successfully.,15647,20544,1747.4075,0,1,-0.0975,-0.6023,-0.7913,-1.3546,-1.3716,-0.3547,0.2776,1.6049,1.2779,0.5981,-1.8553,0.6313,0.6526,1.0236,0.1960,1.3677
74,True,Optimization terminated successfully.,20302,26469,998.8005,0,1,-0.3347,-1.6515,-0.1235,0.2080,-1.0198,0.0273,2.0570,0.1513,-0.3206,0.9199,-3.1298,-2.3866,2.5818,3.6686,1.3651,1.9081
75,True,Optimization terminated successfully.,8892,11800,1361.2336,0,1,-0.2453,-0.1077,-0.8290,-0.5901,-0.8139,-0.1284,-0.3662,2.1364,0.9719,1.2626,-2.6409,1.8313,-0.7939,1.9016,0.7465,1.6744
76,True,Optimization terminated successfully.,9967,13152,6167.6309,0,1,0.2087,-1.1475,-0.4045,-0.9809,-0.1183,-0.8144,0.2908,0.0905,0.7584,-0.5815,-0.2552,-0.0517,0.4980,1.1247,1.4772,0.9802
77,True,Optimization terminated successfully.,8990,12005,4375.2816,1,0,-0.1308,-1.1053,-1.5496,-1.5676,-0.0987,-0.3884,0.5316,0.3859,1.7340,-1.6926,-1.8378,-0.3321,0.2233,-1.0571,5.2025,0.9529
78,True,Optimization terminated successfully.,19452,25474,2186.8938,0,1,0.1478,-1.2266,-1.6572,-0.3312,-1.5704,-0.7298,1.0266,2.5088,-0.9638,0.7892,-0.5610,-0.8997,-1.1701,4.2911,0.1464,0.9813
79,True,Optimization terminated successfully.,8803,11649,6257.1855,0,1,-0.2309,-0.5744,-0.7524,-0.9416,-0.0636,-0.1817,0.2616,0.6679,0.5575,-0.3735,-2.4703,0.8996,0.0534,1.1982,0.4435,1.4973
80,True,Optimization terminated successfully.,16079,20987,599.7560,0,1,-0.2502,-0.6756,-1.1096,-1.2145,0.1624,-0.1340,0.4927,1.9808,1.9080,-1.1416,-2.6365,0.1671,0.0397,0.2747,4.6774,1.6106
81,True,Optimization terminated successfully.,9831,13009,4197.0915,0,1,-0.0524,-1.1016,0.2552,-1.0462,-1.5804,-0.4891,0.5441,-0.3276,0.7739,1.0395,-1.4485,0.1806,1.0402,1.0944,0.3990,0.9921
82,True,Optimization terminated successfully.,8695,11536,2170.5757,0,1,0.2965,-1.1404,-1.6192,-0.7544,-1.1266,-0.9839,0.7295,1.2669,0.8323,2.3391,0.2594,-0.4528,0.7749,1.2198,-0.2707,0.4947
83,True,Optimization terminated successfully.,18178,23905,831.4748,0,1,-0.1555,-1.3146,-0.5730,0.6569,0.1857,-0.2624,1.4550,0.5733,-0.7061,-0.4821,-2.1847,-1.4296,2.0290,4.4402,3.8368,1.5055
84,True,Optimization terminated successfully.,15494,20449,501.4254,0,1,-0.2028,-0.5423,0.0383,-0.7563,-0.8597,-0.1997,0.2347,-0.0279,1.0744,0.7828,-2.3955,0.5447,3.1284,1.5287,1.6766,1.5223
85,True,Optimization terminated successfully.,8278,11006,6861.3166,0,1,-0.1555,-1.1789,-0.7384,-0.8213,0.0228,-0.3069,0.9722,0.0145,-0.0062,0.5838,-2.0705,-0.3718,0.5195,1.5207,0.0577,1.2492
86,True,Optimization terminated successfully.,19736,25760,1047.6925,0,1,0.2242,0.1736,-0.7676,-0.4789,-2.0839,-0.9096,-1.3021,0.6413,-0.2907,2.8772,-0.0148,3.0604,1.4714,3.1004,-1.3168,0.4735
87,True,Optimization terminated successfully.,8792,11691,3931.1503,0,1,0.4050,-0.6162,-0.8099,-1.5097,-2.0924,-1.2118,-0.3434,-0.8716,1.4085,0.6254,0.9902,1.0629,2.7811,0.6141,0.0084,0.0371
88,True,Optimization terminated successfully.,13337,17544,1754.0097,0,1,-0.3013,-0.9511,-0.2838,-0.8646,-0.3288,-0.0330,0.9078,0.4916,1.2552,0.3355,-2.9452,-0.2608,0.7793,0.9842,3.0185,1.8135
89,True,Optimization terminated successfully.,8778,11626,3396.6930,0,1,0.2012,-1.0524,-0.7804,-1.1794,-1.1667,-0.8941,0.5001,-0.2389,0.7224,-0.0706,-0.0642,0.1693,2.3429,1.5486,0.6667,0.4476
90,True,Optimization terminated successfully.,12279,16166,1625.3521,0,1,-0.4421,-0.4663,-1.6677,-0.3335,-0.1195,0.1686,0.2709,2.9327,0.7543,-0.0684,-3.6519,0.5806,-1.1470,2.2086,1.8835,1.9876
91,True,Optimization terminated successfully.,24534,31917,532.2662,0,1,-0.0440,-0.1031,-0.2125,-0.7281,-1.0358,-0.4646,-0.5922,0.4497,0.9246,1.1658,-1.5140,1.8950,2.3337,1.5967,1.1289,1.1410
92,True,Optimization terminated successfully.,18271,23896,498.2273,0,1,-0.1741,-0.6418,0.2178,-1.1529,-0.8660,-0.2426,0.3460,-0.3074,1.8638,0.9694,-2.2410,0.4128,3.4632,0.3383,1.7165,1.4787
93,True,Optimization terminated successfully.,13359,17574,682.5882,0,1,-0.1296,-0.6509,-0.2740,-0.8287,-0.8142,-0.3223,0.3352,0.6957,1.1336,0.3173,-1.9749,0.2976,2.3202,1.4965,1.9643,1.3699
94,True,Optimization terminated successfully.,17901,23522,823.5750,0,1,-0.1157,-0.5084,-1.9011,-1.5649,-0.5281,-0.3247,0.1786,3.2471,2.5994,0.5440,-1.9543,0.6465,-1.8428,-0.7157,2.3002,1.4377
95,True,Optimization terminated successfully.,10401,13802,4328.5553,0,1,0.1967,-1.1379,-0.9324,-1.0425,-1.5200,-0.8360,0.6065,0.8464,0.5754,0.0512,-0.2182,0.0411,-0.1828,1.5400,0.4661,0.7497
96,True,Optimization terminated successfully.,9181,12129,3046.1095,0,1,-0.1405,-0.4760,-1.2136,-0.3315,-1.5751,-0.3807,-0.3970,0.6017,-0.6379,0.0195,-1.8449,1.1942,0.7519,3.4731,1.4502,0.9350
97,True,Optimization terminated successfully.,16634,21806,705.0041,0,1,-0.2217,-1.1288,0.5776,-1.4090,-0.0593,-0.1644,1.2051,-0.7263,2.4037,-0.2512,-2.4939,-0.9511,4.1292,-0.4453,3.4418,1.6250
98,True,Optimization terminated successfully.,40593,52806,589.2123,0,1,-0.1380,-0.5895,-0.8201,0.4855,-0.2698,-0.3032,0.1837,1.0732,-1.1017,-0.5732,-2.0477,0.6216,1.3515,4.8466,3.6924,1.3348
99,True,Optimization terminated successfully.,20428,26640,831.0025,0,1,0.0777,-0.9824,0.2993,-0.3700,-0.9673,-0.6137,0.9330,-0.3997,0.2169,1.1473,-0.9692,-0.5957,3.6207,2.9855,1.1221,1.1413
100,True,Optimization terminated successfully.,17111,22427,1330.7137,1,0,-0.7077,-2.5180,-1.1106,-0.5126,-0.3920,0.6361,3.7768,2.1357,1.5207,0.2174,-5.2030,-5.0520,0.2328,1.0437,2.1825,2.7252
101,True,Optimization terminated successfully.,9692,12769,2564.4736,0,1,-0.0738,-0.6950,-1.8413,-0.3358,-1.5728,-0.4227,0.2594,2.0155,-0.6444,0.2619,-1.6479,0.4080,-0.4046,3.4417,0.3084,1.1789
102,True,Optimization terminated successfully.,13853,18211,7904.0258,0,1,0.1895,-1.1930,-0.2934,-0.7958,1.0717,-0.8724,0.6963,-0.2434,-0.0344,1.0258,-0.1740,-0.6873,0.5747,1.8098,1.7641,0.4666
103,True,Optimization terminated successfully.,20835,27249,731.2100,0,1,-0.1908,-0.8715,-1.7928,-1.3397,-1.0613,-0.2055,0.7637,3.5890,1.9799,1.4903,-2.3601,-0.1663,-2.1852,0.1933,0.7149,1.6018
104,True,Optimization terminated successfully.,12150,16039,817.8471,0,1,-0.4114,-0.9479,-0.8855,-1.7918,-0.4737,0.1316,1.0231,1.3509,3.0909,-0.6675,-3.5106,-0.6646,0.7334,-1.3809,3.5115,1.9698
105,True,Optimization terminated successfully.,10815,14291,1375.8559,0,1,0.3612,-0.8905,0.1815,0.1799,-1.3494,-1.0599,0.4632,-0.8208,-1.3403,2.3882,0.5619,0.0510,4.1020,4.7903,-0.8165,0.5781
106,True,Optimization terminated successfully.,21583,28164,1163.3796,0,1,-0.2318,-1.3464,-0.3112,-1.2025,-0.5393,-0.1553,1.4117,-0.2670,2.3176,0.4149,-2.5458,-1.3987,3.5870,-0.6908,2.1050,1.5262
107,True,Optimization terminated successfully.,8795,11644,4184.1277,0,1,-0.1656,-0.9072,-1.4244,-0.3616,-1.5335,-0.3281,0.2892,0.8906,-0.7896,-0.1067,-2.0110,0.2002,-0.0012,3.1431,1.1674,1.0909
108,True,Optimization terminated successfully.,14101,18482,498.3165,0,1,-0.4468,-1.0285,-0.4461,-1.2255,-1.0695,0.1955,1.1909,1.1243,2.2530,1.3743,-3.7377,-0.8910,1.4018,-0.1128,0.9498,2.0524
109,True,Optimization terminated successfully.,14072,18399,645.7703,0,1,-0.1187,-0.8193,-1.0927,-1.4923,-1.6028,-0.3002,0.7205,2.2007,2.5105,2.4423,-2.0076,-0.0329,-0.2867,-0.8950,-0.4216,1.5220
110,True,Optimization terminated successfully.,8802,11700,6014.6667,0,1,-0.3574,-0.9359,-1.0138,0.4855,-0.5727,-0.0548,0.4184,0.2617,-0.7878,0.6948,-2.9706,0.4662,0.6828,2.6809,-0.2724,1.3499
111,True,Optimization terminated successfully.,13012,17120,817.0704,0,1,-0.3920,-0.6769,-1.0245,-0.8315,-1.7640,0.0868,0.4053,1.4025,1.2547,1.8185,-3.3806,0.2647,0.8248,1.1237,-0.2040,1.8065
112,True,Optimization terminated successfully.,30925,40285,843.4861,0,1,0.1795,-0.7630,-0.6543,0.3065,-1.3952,-0.7947,0.2727,1.1908,-0.7759,1.8798,-0.3649,0.5066,0.9418,4.6085,0.3581,0.8882
113,True,Optimization terminated successfully.,8892,11734,515.6070,0,1,-0.4168,-1.0720,-1.2940,-1.1295,-1.6500,0.1507,1.2115,2.5729,1.6653,1.8741,-3.5771,-1.0565,-0.7877,0.7089,0.0592,2.0431
114,True,Optimization terminated successfully.,42287,54942,866.7551,0,1,-0.1914,-1.1988,0.0846,-1.7568,-0.2207,-0.1948,1.1831,-0.6325,2.8043,0.1425,-2.3927,-0.9653,3.9074,-1.1094,2.8196,1.6421
115,True,Optimization terminated successfully.,8846,11742,4433.6012,0,1,-0.0720,-1.0734,-0.3198,-2.3110,-0.7777,-0.4006,0.5705,1.0789,2.2786,-0.4690,-1.6924,-0.6562,0.8908,-0.3430,0.9117,1.2685
116,True,Optimization terminated successfully.,33486,43612,606.3777,0,1,-0.1058,-0.5044,-0.6233,-1.6448,-0.9765,-0.3436,0.2035,1.0705,2.6877,1.6615,-1.9012,0.7386,1.2248,-0.8452,0.6345,1.4541
117,True,Optimization terminated successfully.,9560,12643,4242.5780,0,1,0.3692,-1.2017,-1.3834,-0.8790,-0.9213,-1.1189,0.7160,-0.2035,0.3564,0.4427,0.7071,-0.5793,2.1695,2.1860,0.1250,0.2943
118,True,Optimization terminated successfully.,18402,24086,630.2418,0,1,-0.0763,-0.2895,-0.6772,0.1197,-1.8576,-0.4013,-0.2072,1.3350,-0.4734,2.8405,-1.7113,1.3265,1.0710,3.9391,-1.2476,1.2564
119,True,Optimization terminated successfully.,12868,16863,1129.0294,0,1,-0.3072,-0.1745,-0.1277,-2.4671,-1.1602,-0.0511,-0.3322,0.0887,4.0848,1.6678,-2.9060,1.6250,2.6431,-2.9401,-0.0564,1.6678
120,True,Optimization terminated successfully.,9969,13127,4237.6964,0,1,0.4170,-0.9241,0.0243,-1.8313,-1.4123,-1.1565,0.4098,0.0673,0.9573,0.3340,0.8651,0.0062,1.9625,1.5395,-0.0252,0.4411
121,True,Optimization terminated successfully.,11008,14525,1168.4242,0,1,-0.2049,-1.5001,0.0327,-0.8987,-2.0783,-0.1897,1.7372,-0.4593,1.0539,2.6298,-2.4300,-1.9230,3.9716,1.1499,-1.6447,1.5773
122,True,Optimization terminated successfully.,12762,16777,494.2144,0,1,-0.0715,-0.3787,-0.7292,-0.5102,-0.4174,-0.4148,-0.1225,1.2252,0.5217,-0.0102,-1.6762,1.1643,1.1545,2.3276,2.9980,1.2205
123,True,Optimization terminated successfully.,35684,46525,814.6868,1,0,-0.0773,-0.8343,0.0716,0.6451,-1.4611,-0.4002,0.6633,0.0709,-1.2893,2.0606,-1.7126,-0.2027,3.2275,5.2368,-0.3808,1.2602
124,True,Optimization terminated successfully.,26947,35204,3563.1214,0,1,-0.1619,-0.1343,-1.4053,-0.9117,-0.9530,-0.3026,-0.0643,2.6561,0.4514,0.4965,-2.0244,1.1128,-0.9390,1.9616,-0.5216,1.3964
125,True,Optimization terminated successfully.,19582,25597,1164.5856,1,0,-0.7255,-1.4725,0.1222,-0.2755,-0.7463,0.6521,2.1091,0.9240,1.2620,1.8167,-5.2507,-2.2084,1.7068,1.8376,0.0690,2.7297
126,True,Optimization terminated successfully.,17834,23421,1066.2216,0,1,-0.2444,-0.8795,-0.5086,-1.1512,0.2202,-0.0877,0.8481,1.4553,2.3960,-0.1964,-2.7350,-0.4646,1.4202,-0.5652,3.0364,1.8256
127,True,Optimization terminated successfully.,19046,25052,750.3146,0,1,-0.1087,-0.9407,0.0097,0.2658,-0.5289,-0.3566,0.8375,-0.4775,-0.6117,0.4852,-1.8655,-0.3446,3.4898,3.7922,2.4594,1.2815
128,True,Optimization terminated successfully.,14677,19298,978.0324,0,1,-0.3510,-0.9418,-0.3054,-0.3113,-1.3716,0.0526,1.0679,0.2481,-0.1343,0.7522,-3.2346,-0.7546,2.1657,3.2046,1.1855,1.8963
129,True,Optimization terminated successfully.,15749,20625,679.9636,0,1,-0.1520,-0.4201,-0.5798,-1.0686,-1.3869,-0.2839,-0.0011,0.9115,1.5884,1.9187,-2.1148,1.0010,1.5573,0.7292,0.1038,1.4206
130,True,Optimization terminated successfully.,12207,16227,7011.3793,0,1,0.0817,-1.0245,-1.1393,-0.6966,0.3815,-0.7113,0.2580,-0.1126,0.4114,-0.3179,-0.7245,0.4793,0.0314,0.7803,2.2072,0.5902
131,True,Optimization terminated successfully.,37852,49440,673.8995,0,1,-0.1847,-0.6823,-0.8745,-0.3883,-1.4042,-0.2459,0.4558,1.1513,0.4366,2.1391,-2.2425,0.0778,1.5247,2.3887,-0.4203,1.4528
132,True,Optimization terminated successfully.,24635,32192,1662.1543,0,1,-0.0115,-0.9385,-0.8303,0.1343,-1.2552,-0.5156,0.5826,0.9273,-0.3047,0.6758,-1.3480,0.0136,1.9157,3.6966,0.1916,1.1001
133,True,Optimization terminated successfully.,9642,12764,6792.3305,0,1,0.3289,-0.9738,-0.7378,-0.2162,-0.8693,-1.0103,0.2645,0.7480,0.6908,0.8592,0.3986,0.6805,-0.4438,0.4968,-0.5898,0.6766
134,True,Optimization terminated successfully.,12680,16722,4436.6835,0,1,0.2245,-0.8742,-1.4056,-0.8505,-1.5867,-0.8947,0.1745,0.3214,-1.0374,0.8983,-0.0584,0.3685,0.8419,3.1942,-0.3260,0.5913
135,True,Optimization terminated successfully.,8542,11362,1372.2002,0,1,-0.0755,-0.4553,-0.3882,-0.4364,-1.7178,-0.4369,-0.2387,-0.2055,-0.6570,1.3738,-1.6344,1.2930,2.4137,3.3324,0.5588,1.0599
136,True,Optimization terminated successfully.,16678,21868,506.3570,0,1,-0.1641,-0.6995,-0.1711,-1.1177,-0.4858,-0.2498,0.4497,0.2712,2.0317,0.1871,-2.2026,0.2670,2.5710,0.2383,2.6526,1.4854
137,True,Optimization terminated successfully.,16632,21716,475.4704,0,1,-0.2223,-0.8438,-0.3457,-0.7483,-0.5176,-0.1541,0.7667,0.8364,1.3651,0.6370,-2.5174,-0.2325,1.7914,1.2760,2.3557,1.6405
138,True,Optimization terminated successfully.,23037,30144,678.4354,0,1,-0.0706,-0.4767,-1.5125,0.2643,-1.3981,-0.3899,0.1209,2.8008,-0.4412,2.1894,-1.7454,0.7626,-0.9221,4.0734,-0.5209,1.3408
139,True,Optimization terminated successfully.,15173,19815,575.6096,0,1,-0.2045,-0.5848,-1.7231,-1.0106,-1.3751,-0.1870,0.3404,2.8239,1.3608,2.1129,-2.4303,0.4058,-1.1792,1.0862,-0.1103,1.5833
140,True,Optimization terminated successfully.,12559,16549,1562.8578,0,1,0.2452,-0.9131,-1.6592,-1.5641,-0.0572,-0.8927,0.6250,2.0698,2.0204,-0.1244,-0.0325,-0.1480,0.0441,-0.2038,2.8579,0.7122
141,True,Optimization terminated successfully.,13705,17977,2413.7927,0,1,0.3622,-0.8722,-0.7529,-0.4367,-2.0868,-1.0671,0.3385,0.5426,0.0006,1.4463,0.5722,-0.1870,1.8529,3.2993,-0.6548,0.5214
142,True,Optimization terminated successfully.,18157,23773,791.0484,0,1,-0.0666,-0.3321,-1.2583,-0.1881,-0.3859,-0.4132,-0.0428,1.4874,0.3923,0.9793,-1.6559,1.0896,0.5387,2.4269,1.9249,1.3067
143,True,Optimization terminated successfully.,16953,22233,2626.6509,0,1,0.2492,-1.0320,-0.3592,-1.1635,-0.9138,-0.9062,0.5697,-0.5692,0.2653,0.0961,0.0107,-0.1621,3.5719,2.1315,1.0549,0.6446
144,True,Optimization terminated successfully.,16397,21556,481.2209,0,1,-0.1078,-0.8537,-0.4371,-0.9267,-0.7320,-0.3445,0.6907,0.6490,1.3757,0.5606,-1.8817,-0.2404,2.1488,1.1899,1.9644,1.3769
145,True,Optimization terminated successfully.,11444,15094,3583.9208,0,1,0.1922,-1.2777,-1.7173,-0.0239,-1.2085,-0.8849,0.7624,0.2932,-0.7798,1.6416,-0.1364,-0.5135,0.9385,3.2477,0.1472,0.4270
146,True,Optimization terminated successfully.,9824,13001,1185.4569,0,1,-0.4327,-0.5191,-0.9657,-1.2630,-1.2348,0.1965,0.5025,2.3806,2.5452,2.7052,-3.6974,0.5085,-1.0179,-0.5861,-0.8738,2.1785
147,True,Optimization terminated successfully.,18477,24259,4776.8051,0,1,0.2595,-1.0668,-0.8572,0.0960,-0.7848,-0.9590,0.2267,0.7677,-1.1223,0.9567,0.2055,0.3243,1.3259,3.6910,-1.3167,0.4727
148,True,Optimization terminated successfully.,11799,15681,6550.5816,0,1,-0.1136,-1.2964,-1.0967,-0.0732,-0.2109,-0.4145,1.0016,-0.5381,-0.5853,0.6872,-1.7519,-0.5837,1.9067,2.5332,-0.2854,0.9397
149,True,Optimization terminated successfully.,13035,17137,1200.9918,0,1,-0.5308,-1.0556,-0.3576,-0.2079,-0.9616,0.3258,1.2547,2.1528,-0.1279,1.6808,-4.1458,-0.7926,-0.2060,2.9296,0.3391,2.2320
150,True,Optimization terminated successfully.,13645,17899,2779.6946,0,1,-0.3312,-0.6564,-1.4222,-1.0424,-1.1438,-0.0452,0.3828,1.1988,0.8128,-0.2058,-2.9640,0.6001,0.3611,0.7175,1.6235,1.5031
151,True,Optimization terminated successfully.,38593,50364,508.0131,0,1,-0.3264,-0.8995,-0.0871,-1.0752,-1.3932,-0.0233,0.8472,0.2224,2.0938,2.1115,-2.9803,-0.3887,2.8162,0.0458,0.0291,1.7399
152,True,Optimization terminated successfully.,19525,25513,643.1876,0,1,-0.0631,-0.7234,0.0225,-0.0824,-1.7860,-0.4173,0.4524,-0.1908,-0.2260,2.4926,-1.6479,0.1366,3.2832,3.5557,-0.9859,1.2617
153,True,Optimization terminated successfully.,8872,11729,3732.0113,0,1,0.1544,-1.2238,-1.4237,-0.8773,-1.9261,-0.8095,0.6558,0.3477,-0.0731,1.2260,-0.3731,-0.4889,0.6560,2.0510,0.1864,0.6043
154,True,Optimization terminated successfully.,12233,16080,1227.7927,0,1,-0.0496,-1.0924,-1.0140,-0.4230,0.1937,-0.4237,1.0617,1.7502,0.8536,0.7225,-1.6218,-0.7666,0.1892,1.7667,2.8589,1.2944
155,True,Optimization terminated successfully.,21722,28300,664.5974,0,1,-0.1995,-0.7751,-1.7169,-1.5453,-0.9748,-0.2035,0.6029,2.8388,2.3868,1.2793,-2.3904,-0.0622,-1.3393,-0.1995,1.0405,1.5860
156,True,Optimization terminated successfully.,13868,18210,1036.0482,0,1,0.1530,-0.8517,0.6771,-0.4347,-0.1113,-0.7316,0.6944,-0.9645,-0.3318,-0.1449,-0.5624,-0.2253,4.4562,3.5967,2.8463,0.9763
157,True,Optimization terminated successfully.,22193,28973,1180.6019,0,1,-0.2374,-0.5220,-0.9907,0.0445,0.6182,-0.1302,0.3394,2.0096,0.0610,-0.4404,-2.6112,0.5969,-0.4594,3.1315,4.2994,1.6668
158,True,Optimization terminated successfully.,6895,9201,3791.8938,0,1,0.3272,-1.2237,-1.8502,-0.7058,-1.3732,-1.0176,1.0004,1.5743,-0.4133,1.5053,0.3924,-0.5869,-0.6677,2.5551,-0.7020,0.6163
159,True,Optimization terminated successfully.,14764,19359,4888.2551,0,1,0.0954,-1.3074,-1.1528,-0.3986,-1.5917,-0.7150,0.9125,-0.2758,-0.5894,0.1437,-0.6882,-0.7309,1.1408,2.6897,0.9624,0.7071
160,True,Optimization terminated successfully.,19415,25397,908.9094,0,1,-0.0555,-0.9632,-0.1648,-0.7752,-0.2374,-0.4388,0.7514,-0.3600,0.7673,-1.2558,-1.5644,-0.4158,3.2680,1.9105,4.4490,1.2219
161,True,Optimization terminated successfully.,11789,15516,1750.0077,0,1,0.2211,-0.1431,-0.0558,-1.8476,-1.3635,-0.8446,-0.6174,0.9436,3.1641,2.4082,-0.1779,2.0773,1.6925,-1.4902,-1.2918,0.8060
162,True,Optimization terminated successfully.,14878,19542,1253.0282,0,1,0.0360,-1.0612,-1.2351,-0.5064,-1.2620,-0.5777,0.8572,1.3330,0.7811,0.6374,-1.0974,-0.1853,0.4845,1.7545,1.5022,1.0595
163,True,Optimization terminated successfully.,29328,38354,719.4409,0,1,-0.6581,-1.1729,-0.8389,-1.0313,-1.1018,0.5313,1.5306,1.9727,1.9544,1.3609,-4.8552,-1.4610,0.2608,0.6250,0.4584,2.4851
164,True,Optimization terminated successfully.,19524,25750,2098.4173,0,1,0.0675,-0.6252,-0.4807,-1.0194,-0.8208,-0.5916,0.0511,-0.2104,0.8018,0.2957,-1.0387,0.8195,1.8406,0.6729,2.7028,1.0856
165,True,Optimization terminated successfully.,20620,27014,1071.2387,0,1,0.1020,-0.4769,0.0396,-1.1985,-2.2167,-0.6795,-0.1536,0.0511,1.0365,1.9064,-0.7646,1.1184,3.0267,1.4308,-0.9029,0.8805
166,True,Optimization terminated successfully.,14372,18969,3317.8759,0,1,0.3460,-1.0119,-0.1501,-0.3205,-1.5913,-1.0485,0.5806,-0.6427,-0.4864,0.4512,0.5036,-0.1642,3.6203,3.4761,-0.4369,0.5262
167,True,Optimization terminated successfully.,12166,15934,611.0229,0,1,0.0868,-0.2049,-0.1529,0.0890,-1.6258,-0.6690,-0.4376,0.1888,-0.6908,2.4131,-0.8158,1.6336,2.6076,4.1801,-0.6313,0.9216
168,True,Optimization terminated successfully.,10566,13930,2471.1566,0,1,0.3951,0.2193,-2.1531,-1.2390,-0.8492,-1.1724,-1.4089,1.9498,1.1170,2.2091,0.8688,3.1112,-0.7784,0.1971,0.2729,0.1557
169,True,Optimization terminated successfully.,17124,22377,1324.1818,0,1,0.2759,-0.9579,-0.0907,0.1015,-1.4529,-0.9196,0.6840,0.2154,-0.7164,1.9373,0.0663,-0.1487,2.6046,4.1678,-0.1547,0.7323
170,True,Optimization terminated successfully.,7996,10610,8277.9042,0,1,0.4897,-1.2148,0.1418,-0.7823,-0.7954,-1.3367,0.5440,-1.3427,-0.4211,1.5831,1.4263,0.0434,2.1204,1.5118,-1.0637,-0.0994
171,True,Optimization terminated successfully.,17288,22652,629.2771,0,1,0.0750,-0.8416,0.0322,0.4067,-0.1335,-0.6225,0.5687,-0.3439,-1.2155,-0.3871,-0.9402,0.0550,3.3900,4.8677,3.5583,1.0245
172,True,Optimization terminated successfully.,20914,27339,957.9899,0,1,-0.4828,-0.8614,-0.0392,-0.3481,0.0311,0.2336,0.8263,0.1244,1.0171,-0.6716,-3.8647,-0.5426,2.7002,1.7111,4.0555,2.0439
173,True,Optimization terminated successfully.,11530,15235,1768.9646,0,1,-0.2438,-1.2286,-1.0683,-0.0181,-2.2854,-0.1496,1.3572,0.8300,0.0145,2.0647,-2.5842,-1.1183,1.2372,3.4338,-1.6354,1.5622
174,True,Optimization terminated successfully.,21203,27739,778.2956,0,1,0.0409,-0.1585,-0.1694,-1.7550,-1.1500,-0.5926,-0.5748,-0.3791,2.6487,1.4550,-1.0784,1.7883,3.4857,-1.0176,0.8484,0.9787
175,True,Optimization terminated successfully.,17113,22373,683.8487,0,1,-0.2665,-1.1402,0.1832,-1.2282,-0.1197,-0.0884,1.2090,-0.1590,1.8067,-0.6876,-2.7534,-0.9751,3.1241,0.3631,4.0034,1.6923
176,True,Optimization terminated successfully.,8087,10833,6977.6223,0,1,0.1295,-0.9121,-1.5107,-0.6279,-0.1530,-0.7469,0.2731,-0.3385,-0.5075,-0.0070,-0.5734,-0.2570,1.3943,3.0099,0.3852,0.7075
177,True,Optimization terminated successfully.,8733,11592,2151.1962,0,1,0.2738,-0.5400,-1.3299,-2.0625,-1.4526,-0.9777,-0.3694,1.0072,2.1105,0.6491,0.2328,1.1725,0.9150,-0.5664,1.0961,0.4192
178,True,Optimization terminated successfully.,31146,40614,591.7872,0,1,0.0139,-0.1873,-0.2393,-0.3551,-0.6787,-0.5562,-0.4113,0.2304,0.3943,0.4062,-1.1949,1.5772,2.7201,2.6909,2.1175,1.0388
179,True,Optimization terminated successfully.,15993,20884,581.1691,0,1,-0.2205,-0.7100,-1.0838,-0.2319,0.2882,-0.1834,0.3479,1.6632,0.2605,-1.1622,-2.4614,0.2788,0.4423,2.5736,4.7454,1.4602
180,True,Optimization terminated successfully.,23535,30586,693.1693,0,1,-0.4698,-1.3141,-0.5623,0.0751,-1.6551,0.2317,1.6288,1.2716,0.0866,2.4884,-3.8370,-1.6504,1.0480,3.1030,-0.6063,2.1274
181,True,Optimization terminated successfully.,31202,41037,5105.7760,0,1,0.0028,-0.8246,-0.8407,-0.8092,-0.9890,-0.5473,0.3095,0.8623,0.7718,0.2637,-1.2432,0.1712,-0.2768,1.2575,-0.3030,1.0209
182,True,Optimization terminated successfully.,12113,15960,680.6832,0,1,-0.2781,-0.7494,-0.9793,-0.7599,-1.2007,-0.0913,0.5613,1.3886,1.0210,0.9212,-2.7683,0.1300,0.5062,1.4263,1.5358,1.6390
183,True,Optimization terminated successfully.,15943,20919,583.1857,0,1,0.1137,-0.4182,-0.4431,-0.3718,-0.0885,-0.6950,-0.0397,0.2177,0.4403,-0.2153,-0.7209,1.1137,2.4830,2.5296,3.5556,0.9374
184,True,Optimization terminated successfully.,17562,23027,486.3111,0,1,-0.2515,-1.0847,-1.2924,-0.3882,-0.4820,-0.1079,1.1697,2.2792,0.7690,0.4712,-2.6914,-0.9480,-0.2945,2.1710,2.3709,1.7304
185,True,Optimization terminated successfully.,7710,10282,8560.0531,0,1,0.5637,-1.1614,-1.1889,0.3640,-0.8955,-1.3947,0.3372,-0.6327,0.2788,0.9537,1.6647,-0.1814,1.3219,1.2558,-0.6634,0.0815
186,True,Optimization terminated successfully.,13258,17366,761.7323,0,1,-0.1696,-0.7568,-1.7999,0.3225,-0.5361,-0.2325,0.5662,3.2238,-0.3556,0.3036,-2.2740,0.1118,-1.7494,3.9560,2.4573,1.5260
187,True,Optimization terminated successfully.,30143,39326,762.6672,0,1,-0.1674,-0.7363,-2.0518,-1.3816,-0.5297,-0.2400,0.5265,3.4302,1.9067,-0.4657,-2.2443,0.0618,-2.1675,0.0466,3.5153,1.5208
188,True,Optimization terminated successfully.,26086,34040,411.3686,0,1,-0.2277,-0.8388,-0.2474,-0.2805,-0.2124,-0.1453,0.7542,0.4894,0.4107,-0.3057,-2.5725,-0.2025,2.2927,2.5750,3.4703,1.6093
189,True,Optimization terminated successfully.,9869,12974,3576.9478,0,1,0.0736,-1.2038,-1.2516,-1.4095,-1.6638,-0.7060,0.6325,0.4440,0.8045,0.6374,-0.7376,-0.5348,1.5785,0.8823,0.2272,0.5529
190,True,Optimization terminated successfully.,14928,19598,1817.0260,0,1,-0.0027,-0.7806,-0.4017,-0.8762,-1.1937,-0.5245,0.6147,0.4529,-0.2756,0.5873,-1.3104,0.2544,2.2249,2.9184,0.5892,1.0638
191,True,Optimization terminated successfully.,21010,27462,593.0302,0,1,-0.4208,-1.3040,-0.5707,-0.6154,0.0994,0.1607,1.5775,1.2155,1.2111,-0.9137,-3.6039,-1.5172,1.0873,1.3903,4.3809,2.0322
192,True,Optimization terminated successfully.,12080,15838,933.5399,0,1,-0.0457,-0.3892,-2.3824,-1.1131,-1.7419,-0.4541,-0.1145,3.6257,1.4513,2.6917,-1.5415,1.0482,-2.5031,0.7185,-1.0157,1.2057
193,True,Optimization terminated successfully.,13898,18255,1122.7928,0,1,0.5089,0.3027,-0.9497,-0.2030,-0.5747,-1.3695,-1.7094,0.2800,-0.2248,0.2620,1.5420,3.6004,2.6291,3.1670,2.1226,-0.1850
194,True,Optimization terminated successfully.,18427,24135,638.5780,0,1,-0.5695,-1.1668,-0.7585,-1.2051,-0.7647,0.4102,1.5120,2.4490,2.3784,1.0754,-4.4317,-1.3526,-0.5964,-0.2892,1.5998,2.4253
195,True,Optimization terminated successfully.,15019,19678,3257.6052,0,1,-0.6761,-1.5377,-0.5505,0.8778,0.3262,0.5685,2.0607,1.1803,-0.6204,0.5582,-4.9595,-1.9868,-0.3199,4.0035,1.9067,2.6392
196,True,Optimization terminated successfully.,5998,8080,5769.1226,0,1,-0.1399,-0.9890,-0.3221,-1.4268,-0.3508,-0.3603,0.2060,0.1706,0.1639,0.6288,-1.9118,-0.7724,1.6586,2.3780,0.6403,0.9768
197,True,Optimization terminated successfully.,26063,34001,587.6095,0,1,-0.4303,-1.0888,-1.4005,-2.3032,-0.5866,0.1772,1.2771,2.7043,4.2089,0.4366,-3.6580,-1.0622,-0.9864,-3.0180,2.3953,2.1153
198,True,Optimization terminated successfully.,10262,13638,2270.4966,0,1,0.1812,-0.6881,-1.6463,-0.1680,-1.1541,-0.8148,0.2045,0.8557,-1.2813,0.4230,-0.3104,0.4798,0.3830,4.4951,1.8688,0.6935
199,True,Optimization terminated successfully.,26208,34094,1396.9281,0,1,-0.5185,-0.9912,-0.3877,-0.4213,-1.1416,0.3149,1.2362,2.2172,0.3003,1.4993,-4.1092,-0.7771,-0.8855,2.8182,0.6313,2.2965
200,True,Optimization terminated successfully.,38427,50044,2188.6876,0,1,0.1908,-0.6101,-0.2857,-1.0965,-0.6336,-0.7915,0.2879,-0.3262,-0.0038,2.0043,-0.4208,0.6594,2.9638,2.7805,-0.4039,0.7625
201,True,Optimization terminated successfully.,21881,28617,667.4160,0,1,0.0099,-0.3573,-1.6647,-0.9737,-0.8602,-0.5421,-0.1355,2.8131,1.2229,0.7914,-1.2293,1.1716,-1.3066,1.2125,1.6965,1.1039
202,True,Optimization terminated successfully.,21580,28318,833.5580,0,1,-0.1871,-1.0455,0.1902,-0.6930,-0.5617,-0.2559,0.8912,-0.1604,1.1432,-0.3319,-2.2147,-0.4507,3.4030,1.2718,3.1175,1.4481
203,True,Optimization terminated successfully.,9161,12156,5768.2458,0,1,0.3001,-0.8599,-1.2890,-1.4935,-1.0426,-1.1165,-0.4320,0.0668,1.5745,0.2834,0.5938,0.5107,1.1561,-0.6697,2.3021,-0.2201
204,True,Optimization terminated successfully.,23645,30807,968.6405,0,1,-0.0976,-0.9166,0.3515,-2.1557,0.3376,-0.3517,0.7455,-0.6285,3.8702,-0.8143,-1.8438,-0.2798,3.9807,-2.5403,4.2064,1.3717
205,True,Optimization terminated successfully.,8886,11797,4967.3484,0,1,0.6493,-1.1204,-0.9267,-0.4517,-1.8434,-1.4900,0.5183,0.2541,-0.1372,1.5312,2.0312,-0.1980,0.5014,2.3304,-0.6276,0.1644
206,True,Optimization terminated successfully.,10966,14443,1494.7789,0,1,0.3884,-0.6200,-1.0485,0.2222,-1.7544,-1.0974,0.1791,1.6044,-1.1430,3.2337,0.6799,0.6813,0.4219,4.6611,-1.8759,0.5400
207,True,Optimization terminated successfully.,16645,21757,1475.4001,0,1,0.2236,-0.6161,-0.8501,-0.4331,-1.7355,-0.8612,0.0566,0.1052,-0.5938,1.7037,-0.1526,0.4517,2.7138,3.4033,-0.1036,0.6597
208,True,Optimization terminated successfully.,15312,20031,2518.0011,0,1,0.4111,-1.1141,-0.1115,-0.9931,0.4495,-1.1154,0.8801,-0.4185,1.5032,-0.7356,0.7573,-0.3625,2.7930,0.6596,3.9711,0.5917
209,True,Optimization terminated successfully.,13206,17399,720.2138,0,1,-0.0947,-0.8918,-1.0441,-0.1721,-1.7951,-0.3392,0.8227,1.9201,0.1984,2.9892,-1.8968,-0.3504,0.2916,2.9883,-1.3420,1.4698
210,True,Optimization terminated successfully.,9615,12705,2367.6177,0,1,-0.1596,-0.7508,-1.9612,-0.8019,-1.1238,-0.2890,0.3322,2.1606,0.3495,0.0574,-2.0866,-0.0180,-0.4236,2.4189,1.0726,1.3452
211,True,Optimization terminated successfully.,20713,27136,1140.0519,0,1,0.0280,-1.1204,-1.9171,-0.4829,-0.3004,-0.5329,1.0588,3.2348,0.0958,-0.3378,-1.2287,-0.8465,-1.7270,3.1170,2.9602,1.2125
212,True,Optimization terminated successfully.,16497,21621,646.6112,0,1,-0.2066,-0.8096,-0.2196,-0.0385,0.1386,-0.1900,0.6655,0.3591,0.0420,-1.0009,-2.4227,-0.1354,2.3138,3.1793,4.5053,1.5204
213,True,Optimization terminated successfully.,10278,13691,2729.8140,0,1,-0.0865,-0.6823,-0.4385,-1.8725,-1.6962,-0.4157,0.1353,0.5704,2.0047,0.1612,-1.6824,0.7379,0.7418,-0.9003,1.8115,1.1560
214,True,Optimization terminated successfully.,13065,17147,3667.5021,0,1,-0.5651,-1.0654,-1.7239,0.5082,0.2475,0.3797,1.3050,3.4494,0.6991,0.2279,-4.3583,-0.9872,-2.2132,2.7979,0.4848,2.2749
215,True,Optimization terminated successfully.,27284,35624,1647.4857,0,1,0.1314,-1.2630,-1.1288,-1.6688,-0.9164,-0.7226,1.0848,1.2968,2.2665,-0.3725,-0.5873,-0.8682,0.4689,-0.5438,2.9601,0.9500
216,True,Optimization terminated successfully.,9019,11907,2495.4390,0,1,-0.3179,-0.4425,-1.5318,-0.8675,-1.3269,-0.0592,-0.0789,1.3404,1.1056,0.5644,-2.9099,1.0428,0.6590,0.5867,0.2125,1.5619
217,True,Optimization terminated successfully.,27325,35630,845.2283,0,1,0.0674,-0.4931,-0.3762,-0.9078,-1.8359,-0.6187,0.0318,0.7296,1.2413,2.9487,-0.9737,0.8775,2.0946,1.3714,-1.5414,1.0643
218,True,Optimization terminated successfully.,17425,22917,4599.4749,0,1,0.1992,-1.1552,-1.2676,-1.0127,-1.5292,-0.8633,0.6050,0.5013,-0.8508,1.3701,-0.1650,-0.2188,0.8934,2.9078,-1.2555,0.6139
219,True,Optimization terminated successfully.,20885,27284,954.0420,0,1,-0.2004,-0.2986,-1.3927,-0.5342,-1.1938,-0.2266,-0.1405,2.1024,2.0147,1.6684,-2.3323,1.2728,-0.2217,0.6655,0.2691,1.4199
220,True,Optimization terminated successfully.,16132,21248,3520.4253,0,1,0.4924,-0.7332,-0.2505,0.1619,-0.6722,-1.2446,-0.0310,1.1730,0.4276,2.2889,1.2126,0.9940,0.7001,2.0497,-0.8260,0.4731
221,True,Optimization terminated successfully.,16203,21182,1006.3144,0,1,-0.0704,-0.7090,-0.7533,0.3875,-1.0097,-0.3713,0.5490,1.7980,-0.6673,1.7212,-1.7696,0.3131,-0.1852,4.1768,0.6642,1.4473
222,True,Optimization terminated successfully.,13510,17755,5196.2804,0,1,0.0647,-1.0401,-2.3307,-1.0309,-0.0071,-0.6382,0.6699,2.9108,1.7488,0.8210,-0.9221,-0.1340,-1.5103,-0.3796,-0.7123,0.8768
223,True,Optimization terminated successfully.,19506,25490,570.6301,0,1,-0.3229,-0.7260,-1.4977,-0.9425,-1.6931,0.0032,0.5991,2.7543,1.6591,2.5265,-3.0554,0.0342,-1.0858,0.7199,-0.7593,1.8475
224,True,Optimization terminated successfully.,12759,16743,868.3553,0,1,-0.1221,-1.2761,-0.8535,0.1041,-0.5921,-0.3208,1.3688,0.9753,-0.2860,-0.4001,-1.9662,-1.2361,1.3635,3.4770,3.1180,1.4316
225,True,Optimization terminated successfully.,7309,9728,7698.8909,0,1,0.0020,-0.8036,-1.1296,-0.5543,-0.5438,-0.5406,0.2153,-0.0282,0.1381,-0.2741,-1.2447,0.0343,1.0239,2.2478,-0.4358,1.0176
226,True,Optimization terminated successfully.,12514,16470,1312.9121,0,1,0.2013,-0.7328,-0.8439,-1.1595,-0.4107,-0.8188,0.4501,1.1656,1.8741,1.1267,-0.2742,0.4237,1.1871,0.2080,1.2114,0.8650
227,True,Optimization terminated successfully.,9152,12095,4746.3760,0,1,0.2076,-0.4850,-0.9124,-1.3010,-2.3442,-0.9040,-0.4136,-0.3005,0.3669,2.3953,-0.0367,1.5336,0.8113,1.0053,-1.8476,0.5201
228,True,Optimization terminated successfully.,12382,16255,1288.3985,0,1,-0.5564,-1.1363,-0.9705,-1.6447,-1.2895,0.3726,1.3112,2.5233,2.4012,0.7317,-4.3159,-1.0206,-0.6969,-0.5061,0.5436,2.3495
229,True,Optimization terminated successfully.,22038,28745,509.6449,0,1,-0.3483,-0.9991,-1.5480,-1.1431,-0.2089,0.0414,1.0716,2.9002,2.0274,-0.2043,-3.2099,-0.6864,-1.2919,0.1627,3.3508,1.9135
230,True,Optimization terminated successfully.,32296,41941,558.0905,0,1,-0.1725,-0.9397,-1.2120,0.3017,-1.0270,-0.2183,0.8111,2.5092,-0.5658,1.4352,-2.3142,-0.3249,-0.6063,4.1074,0.8309,1.5812
231,True,Optimization terminated successfully.,18550,24354,1608.9032,0,1,0.0576,-0.8915,-0.6033,-0.1546,0.1044,-0.6359,0.5140,0.4744,0.6153,-0.3870,-0.9373,0.3920,2.0827,1.1163,3.6722,0.8635
232,True,Optimization terminated successfully.,12398,16379,647.7471,1,0,-0.7987,-1.2571,-1.8338,-0.8351,-1.0565,0.7653,1.7209,3.8563,2.0964,2.1091,-5.6533,-1.7302,-2.5369,0.2969,-0.0861,2.8198
233,True,Optimization terminated successfully.,9199,12208,6918.3094,0,1,-0.1299,-0.9939,-0.6822,-0.6583,-0.3568,-0.3373,0.5220,0.1917,0.3754,0.2152,-1.9453,0.1541,-0.2804,2.1514,0.0837,1.2423
234,True,Optimization terminated successfully.,8863,11778,5141.3119,0,1,0.3157,-0.7459,-0.9250,-1.4868,-0.8522,-1.0172,0.1256,0.2398,1.1664,0.5498,0.3725,0.5025,1.9938,1.0509,-1.1399,0.4765
235,True,Optimization terminated successfully.,12788,16843,573.4418,0,1,-0.1467,-0.6542,-1.7210,-0.1532,0.1634,-0.2728,0.3627,3.1963,0.1797,-1.0623,-2.1532,0.4103,-1.6834,2.8305,4.4665,1.4418
236,True,Optimization terminated successfully.,16992,22301,560.8593,0,1,-0.0652,-0.9608,-1.3860,-0.6657,-0.9625,-0.3970,0.8726,2.2241,1.0290,1.2701,-1.7188,-0.4301,-0.1725,1.6626,1.0163,1.3609
237,True,Optimization terminated successfully.,8967,11875,5877.9622,0,1,0.3382,-0.5168,-1.6812,-1.1593,-1.0966,-1.0881,-0.5334,0.5493,-0.7462,0.4790,0.6074,1.2311,0.1471,2.8987,-0.2431,0.2723
238,True,Optimization terminated successfully.,12641,16631,495.4866,0,1,-0.4340,-0.9977,-1.2223,-0.9681,-0.6906,0.1742,1.1584,2.3844,1.8895,0.3240,-3.6532,-0.9051,-0.4795,0.6876,2.3081,2.0798
239,True,Optimization terminated successfully.,16587,21751,948.7179,0,1,0.0617,-0.8118,-1.0230,-0.5768,-1.6313,-0.5979,0.5596,1.5119,0.1467,1.7976,-0.9985,-0.0382,0.6001,2.6886,0.0846,1.1415
240,True,Optimization terminated successfully.,22862,29869,652.0568,0,1,-0.4357,-1.0507,-2.1571,-0.6953,-2.0304,0.1737,1.1722,4.2225,1.5543,3.8576,-3.6413,-0.7894,-2.9886,1.0323,-2.4086,2.0224
241,True,Optimization terminated successfully.,8439,11216,5445.6958,0,1,0.1049,-0.8433,-1.0163,-0.5385,-0.4214,-0.6763,0.6260,0.7609,-0.5017,0.4709,-0.7413,0.5122,-0.6043,2.6837,0.5264,1.0426
242,True,Optimization terminated successfully.,12470,16434,830.0605,0,1,0.1101,-0.9046,0.2952,-1.6271,-0.8366,-0.6651,0.6516,-0.6825,2.3893,0.3543,-0.7867,-0.1322,4.0810,-0.5015,2.0543,1.0382
243,True,Optimization terminated successfully.,7846,10464,5967.7801,0,1,0.4809,-1.1714,-0.5310,-1.3013,-0.2974,-1.3482,0.0995,-0.4920,0.8798,0.3472,1.4456,-0.0145,1.3216,0.0513,2.8320,-0.2194
244,True,Optimization terminated successfully.,18414,24124,659.9810,0,1,-0.0681,-0.3814,-1.1977,-0.7896,0.0213,-0.3880,-0.0075,2.2400,1.2927,0.0032,-1.7450,1.0527,-0.5639,1.1764,3.4454,1.3545
245,True,Optimization terminated successfully.,8748,11606,3886.4167,0,1,-0.3886,-1.8040,-1.1166,-1.0193,-0.5753,0.0507,2.0143,0.5673,-0.1191,0.1801,-3.2787,-2.3373,0.5309,1.5398,1.6399,1.7393
246,True,Optimization terminated successfully.,22253,29081,638.8916,1,0,-0.3125,-1.0567,-0.8145,-0.7961,0.4663,-0.0121,1.2102,1.3994,1.4108,-1.3608,-3.0004,-0.8916,0.8308,1.0652,5.2596,1.8119
247,True,Optimization terminated successfully.,17673,23140,1075.1709,1,0,-0.4233,-1.4339,-0.9604,-2.9311,-0.2087,0.1847,1.8024,1.8391,5.0576,-0.6523,-3.6603,-1.9255,0.4242,-4.3962,3.4506,2.1588
248,True,Optimization terminated successfully.,8828,11652,1768.9787,0,1,0.2726,-0.4795,-2.9727,-1.0990,0.3199,-0.9290,-0.0591,4.4579,1.3915,-1.1364,0.0832,1.0734,-4.1159,0.5157,4.6435,0.6969
249,True,Optimization terminated successfully.,9319,12356,4564.0166,0,1,0.9756,-0.4867,-0.6717,-0.3863,-2.0335,-2.1223,-1.0744,-0.4011,-0.5522,3.2973,4.0591,2.1929,2.4030,3.1798,-2.7213,-1.1663
250,True,Optimization terminated successfully.,6815,9146,8439.4989,0,1,0.0303,-0.9656,-1.0962,-0.4980,0.2688,-0.5638,0.6674,-0.3300,-0.6995,0.7467,-1.1694,-0.4503,0.9521,2.7367,-0.5575,1.0934
251,True,Optimization terminated successfully.,11902,15695,1066.0500,0,1,-0.1246,-0.5984,-0.8602,-0.4626,0.2283,-0.3492,0.2286,0.9751,0.3953,-0.0439,-1.9068,0.4194,1.1512,2.3250,4.0993,1.2392
252,True,Optimization terminated successfully.,11841,15590,645.9588,0,1,-0.1827,-0.5559,0.1142,-0.6230,0.2642,-0.2233,0.2124,0.1688,0.6258,-0.8467,-2.3166,0.5704,2.7159,1.9343,4.7313,1.4979
253,True,Optimization terminated successfully.,9760,12917,3531.5311,0,1,0.6419,-1.0616,-0.4052,-1.1028,-1.5024,-1.4993,0.5233,-0.3653,1.2047,1.4459,2.0401,-0.1493,2.9368,1.3706,-0.8786,-0.0353
254,True,Optimization terminated successfully.,10021,13263,6448.8536,0,1,0.4000,-1.1864,-1.3489,-1.9285,0.0196,-1.1500,0.6062,0.9633,2.0120,-0.3150,0.8331,0.0490,-0.7287,-0.8029,1.2477,0.3259
255,True,Optimization terminated successfully.,20322,26632,2643.3645,0,1,-0.4385,-0.8148,-0.0811,-0.6039,-0.2385,0.1783,0.7941,0.0639,0.7767,0.8044,-3.6576,-0.3709,2.7369,0.8156,0.2413,2.1053
256,True,Optimization terminated successfully.,9039,11968,5294.3255,0,1,0.2650,-1.4126,-0.6174,-0.7062,-1.6739,-0.9820,0.8424,-1.6309,-0.2817,1.2442,0.2202,-0.8247,3.1877,2.1848,-0.5571,0.3941
257,True,Optimization terminated successfully.,13697,17947,690.7193,1,0,-0.1251,-0.6435,-1.2505,0.5052,-1.8996,-0.3316,0.3584,1.8921,-1.1813,2.3188,-1.9604,0.3096,0.0469,5.0126,-0.7767,1.3361
258,True,Optimization terminated successfully.,8564,11284,4572.3684,0,1,-0.1092,-0.8973,-1.4254,-0.7162,-1.2217,-0.3727,0.5351,0.3269,0.0906,-0.3050,-1.8351,-0.0434,1.2138,1.8439,0.4918,1.2348
259,True,Optimization terminated successfully.,14623,19159,2533.9084,0,1,0.3221,-0.9179,-0.7398,-0.2976,-1.7878,-1.0659,0.3980,-0.8918,-0.6314,2.9773,0.5202,-0.0303,3.7589,3.4953,-1.8365,0.3246
260,True,Optimization terminated successfully.,9741,12892,3546.6652,0,1,-0.2381,-1.0142,-1.4387,-0.9320,0.0066,-0.1864,0.6577,1.8440,0.1469,1.2243,-2.4749,-0.0257,-0.0851,1.9752,-0.3597,1.3673
261,True,Optimization terminated successfully.,38881,50518,1148.7127,0,1,0.0164,-0.9714,-0.4828,-0.5333,-0.3144,-0.5641,0.4680,-0.2999,-0.0246,-0.0031,-1.1699,0.1263,3.2328,2.7659,2.5969,0.9512
262,True,Optimization terminated successfully.,36157,47158,1437.3357,1,0,-0.2005,-1.1350,1.7380,-0.8039,-0.2400,-0.2159,1.1026,-3.3218,1.3842,0.2696,-2.3418,-1.0053,7.8814,0.9102,2.3037,1.5051
263,True,Optimization terminated successfully.,16921,22250,734.0177,0,1,-0.0334,-0.6841,-0.9221,-0.4263,-2.1857,-0.4537,0.4562,1.5144,0.6191,3.7180,-1.5162,0.2556,0.8729,2.1398,-2.4301,1.2852
264,True,Optimization terminated successfully.,11666,15392,2657.2660,0,1,0.1934,-1.4786,-2.0310,-1.3294,-1.0944,-0.8376,1.3376,2.1735,1.0042,0.6006,-0.2190,-1.4456,-0.6119,1.1902,0.8200,0.6885
265,True,Optimization terminated successfully.,16643,21885,592.6443,0,1,-0.5048,-1.3677,-1.0890,-0.5319,-0.3565,0.3072,1.8239,2.3775,1.3982,0.2241,-4.0792,-1.9170,-0.3130,1.3575,2.7583,2.2667
266,True,Optimization terminated successfully.,9746,12894,2952.7304,0,1,0.4113,-0.8828,-1.2850,-1.1245,-1.4095,-1.1528,0.3563,1.7816,-0.1825,1.8935,0.8671,0.4183,-0.4309,2.2196,-0.8162,0.4587
267,True,Optimization terminated successfully.,15973,20957,1761.4488,0,1,-0.2596,-0.2004,-2.1963,-1.4176,-0.7918,-0.0952,-0.1003,4.0184,2.9943,2.4865,-2.7228,1.4703,-2.9341,-1.6924,-0.7908,1.7235
268,True,Optimization terminated successfully.,17135,22457,3221.4311,0,1,0.4369,-0.9348,-0.6587,0.4091,-0.7589,-1.1573,0.6582,-0.0761,-0.7489,0.7772,0.8908,-0.1298,2.6511,4.5076,-0.3165,0.4979
269,True,Optimization terminated successfully.,9646,12717,4834.2607,0,1,0.3425,-0.6699,-1.6970,-0.9313,-1.2205,-1.0652,-0.0488,1.8468,-0.2906,-0.2853,0.5312,0.7806,-0.8953,3.0295,0.2317,0.4100
270,True,Optimization terminated successfully.,18305,23904,816.4613,0,1,-0.0185,-0.2620,-1.4684,-0.2933,-1.7195,-0.4855,-0.3687,3.0189,0.0879,2.6814,-1.4078,1.5050,-1.6181,2.9177,-0.7757,1.1601
271,True,Optimization terminated successfully.,23096,30147,1309.1734,0,1,0.2335,-0.9602,-0.5394,-0.0017,-0.8332,-0.8578,0.8098,0.0793,-0.8312,0.9566,-0.1512,-0.3529,2.7666,4.2838,1.2074,0.7923
272,True,Optimization terminated successfully.,20514,26824,1059.2736,0,1,-0.3368,-0.8378,-2.6136,-1.1152,-1.4076,0.0341,0.7712,4.9043,1.5338,3.1908,-3.1656,-0.2085,-4.3230,0.5012,-1.4095,1.8577
273,True,Optimization terminated successfully.,17367,22769,787.4012,0,1,-0.1530,-0.4824,-2.1410,-1.6005,-1.2409,-0.2781,0.1268,3.4809,2.5959,1.8197,-2.1480,0.7648,-2.0480,-0.7759,0.1534,1.4187
274,True,Optimization terminated successfully.,6303,8488,6343.5368,0,1,0.1054,-0.8781,-1.1129,-0.3168,-0.4717,-0.6930,0.4713,-0.1090,0.8701,0.4098,-0.7392,0.0740,0.2018,-0.4609,2.6097,0.8699
275,True,Optimization terminated successfully.,8892,11820,801.1008,0,1,-0.3369,-0.7857,-1.4234,-0.6422,-1.7280,-0.0056,0.6700,2.2838,0.3930,2.2952,-3.0601,-0.0826,-0.8142,2.2419,-0.1906,1.7016
276,True,Optimization terminated successfully.,17756,23373,968.4851,0,1,0.2103,-0.5689,-0.7687,-0.2747,-1.7118,-0.8296,0.0870,0.7715,0.1499,2.1001,-0.2424,0.7016,1.7534,2.9420,-0.3506,0.8082
277,True,Optimization terminated successfully.,12892,17010,689.5582,0,1,-0.4176,-1.0012,-0.5706,-0.6432,0.0290,0.1513,1.0319,2.0051,1.3728,-0.0652,-3.5695,-0.6214,0.2645,1.2829,3.3897,1.9746
278,True,Optimization terminated successfully.,16604,21762,1675.6320,0,1,0.1449,-1.2197,-2.4335,-0.6007,-0.4105,-0.7223,1.1247,3.1631,0.3991,0.6226,-0.6077,-1.0832,-1.7071,2.1392,1.8206,0.9420
279,True,Optimization terminated successfully.,9086,12098,5898.5941,0,1,-0.1514,-1.0814,-0.7979,1.1977,-1.2285,-0.3099,0.9129,0.1757,0.4635,0.5341,-2.0648,-0.7559,1.3008,3.5702,-0.8545,1.1922
280,True,Optimization terminated successfully.,29354,38288,873.8730,0,1,-0.1685,-0.7273,-0.7643,-0.2483,-1.3024,-0.2961,0.2483,1.7880,0.0854,0.7542,-2.1151,0.5899,0.4444,3.0263,0.9797,1.2537
281,True,Optimization terminated successfully.,9359,12387,4367.5996,0,1,0.1398,-1.1485,-1.4171,-0.6578,-1.6241,-0.7802,0.6567,0.1306,0.1083,0.6730,-0.4717,-0.1772,1.4836,1.8014,-0.6604,0.6142
282,True,Optimization terminated successfully.,23907,31222,998.4420,0,1,-0.4149,-1.2465,-0.5054,-1.2069,-1.6220,0.1020,1.2909,0.5213,1.7117,1.7074,-3.4336,-1.0199,1.9784,0.3483,-0.0460,1.7988
283,True,Optimization terminated successfully.,15109,19896,570.8421,0,1,-0.3910,-1.1115,-0.6171,-0.7544,-0.7774,0.1220,1.2861,1.4751,1.5326,1.4021,-3.4571,-1.2304,0.7052,1.1620,1.4714,2.0440
284,True,Optimization terminated successfully.,21024,27554,408.3458,0,1,-0.0158,-0.3779,-0.4457,-0.7584,-0.2635,-0.4984,-0.1387,0.6780,0.9940,-0.3349,-1.3792,1.1768,2.0328,1.5767,3.4410,1.1407
285,True,Optimization terminated successfully.,14675,19301,978.3896,1,0,-0.2226,-1.4597,-0.2502,-0.8244,0.5451,-0.1557,1.7204,-0.0046,1.2745,-1.1947,-2.5338,-1.9344,2.8859,1.0474,5.1778,1.6207
286,True,Optimization terminated successfully.,11930,15675,1006.5503,0,1,-0.1810,-1.4099,-0.2137,-0.3419,-1.7036,-0.2197,1.7091,-0.3310,1.0311,2.8906,-2.3151,-1.8354,3.0591,1.9435,-0.9302,1.5373
287,True,Optimization terminated successfully.,21668,28255,668.0402,0,1,-0.1040,-0.8179,0.2954,-1.4133,-0.2320,-0.3450,0.5845,-0.5533,2.3962,-0.4458,-1.9064,0.0217,3.8404,-0.4884,3.7011,1.3800
288,True,Optimization terminated successfully.,8375,11103,6586.2762,0,1,0.1053,-1.1099,-1.4792,-0.0387,-0.3868,-0.7463,0.8293,-0.1872,0.1350,0.6443,-0.6234,-0.1483,0.7816,1.9345,0.0295,0.5975
289,True,Optimization terminated successfully.,16637,21812,1510.9553,0,1,-0.4517,-0.2189,-0.4930,-0.5516,-1.3311,0.1795,-0.1646,1.5429,1.0461,2.5000,-3.7007,1.4471,-0.1106,1.5706,-0.6341,1.9730
290,True,Optimization terminated successfully.,23941,31310,2069.0211,0,1,-0.4587,-0.4922,-1.6003,-1.2666,-1.3405,0.1787,0.1854,3.4657,1.4834,0.4434,-3.6928,0.7751,-2.3284,0.7776,0.6021,1.9244
291,True,Optimization terminated successfully.,13855,18260,943.2732,0,1,0.1065,-0.8906,-1.1530,-1.3049,-0.2591,-0.6922,0.5146,1.5852,1.6745,-0.4101,-0.7242,0.0941,0.5138,0.5417,3.3691,0.8592
292,True,Optimization terminated successfully.,12725,16762,6040.4336,1,0,0.2586,-1.1148,-0.8408,0.0904,-0.4087,-0.9090,0.7680,-0.1120,-1.5060,1.0302,0.0255,-0.9373,2.5131,5.0427,-1.3557,0.6775
293,True,Optimization terminated successfully.,11156,14647,2233.3238,0,1,0.4001,-0.9670,-1.2069,-0.7135,-1.8381,-1.1454,0.4336,0.8208,0.8577,0.7932,0.8256,-0.0616,1.1398,1.9296,0.5941,0.3363
294,True,Optimization terminated successfully.,14628,19196,6520.6825,0,1,0.1378,-0.9903,0.3735,-0.7894,-1.4099,-0.8173,0.1238,-0.3037,0.0385,-0.1363,-0.3695,0.5396,2.1778,2.1112,-0.5987,0.4524
295,True,Optimization terminated successfully.,30467,39689,1793.8639,0,1,0.1049,-0.7489,-1.7914,-0.7352,-1.9422,-0.6759,0.2802,1.9420,-0.1771,1.9509,-0.8180,0.2048,0.1427,2.9134,-0.9339,0.9084
296,True,Optimization terminated successfully.,17848,23375,439.0199,0,1,-0.1933,-0.8826,-0.6796,-0.2161,-0.2457,-0.2046,0.7614,1.3095,0.2891,-0.4409,-2.3626,-0.3071,1.1277,2.7549,3.5137,1.5401
297,True,Optimization terminated successfully.,34295,44869,612.8655,0,1,-0.6133,-1.2986,-0.4144,-1.0335,-1.5050,0.4568,1.6746,0.9832,2.2333,2.4654,-4.6103,-1.6588,1.4048,0.3801,-0.8398,2.3899
298,True,Optimization terminated successfully.,33289,43229,609.7705,0,1,-0.0144,-0.2635,-0.5211,0.6554,-0.9790,-0.4873,-0.2534,0.8273,-0.8225,1.7554,-1.4150,1.4724,1.8322,4.6824,0.3769,1.1694
299,True,Optimization terminated successfully.,19852,26088,697.5148,0,1,-0.1334,-1.0257,-0.7448,-0.2167,-0.9636,-0.2856,1.0869,1.4173,0.8723,1.5607,-2.0889,-0.7056,1.0406,2.2520,0.5723,1.5254
300,True,Optimization terminated successfully.,12229,16068,2679.9069,0,1,-0.1203,-1.2937,0.2143,0.2875,-0.5796,-0.3643,1.1817,-1.1089,-1.3621,-1.1159,-1.8751,-1.1793,4.6381,4.7414,2.3287,1.1857
301,True,Optimization terminated successfully.,9325,12351,3897.5556,0,1,0.0007,-1.0080,-0.8662,-1.5175,-1.1785,-0.5378,0.5817,0.1606,0.5355,-0.6961,-1.2826,-0.1922,1.0214,1.0688,2.1759,1.0284
302,True,Optimization terminated successfully.,9050,11963,6766.4004,0,1,0.1488,-0.6666,-0.1928,-1.1781,-1.4778,-0.7886,-0.1278,-0.7017,-0.2034,0.2849,-0.4241,0.8756,1.1247,1.7670,0.1369,0.7271
303,True,Optimization terminated successfully.,13516,17729,1764.0460,0,1,0.2536,-1.3721,0.5190,-1.1368,-0.1098,-0.9104,1.1455,-1.4949,0.7238,-0.7680,0.0437,-1.0163,4.8372,1.3906,3.8750,0.6623
304,True,Optimization terminated successfully.,17973,23594,7725.8059,0,1,0.5137,-0.8734,-0.0963,-0.5325,-1.1765,-1.3979,0.2341,-1.5611,-0.4383,1.5205,1.5964,0.6801,2.3681,2.2498,-1.4160,-0.2210
305,True,Optimization terminated successfully.,12614,16603,655.1977,0,1,-0.2188,-0.6896,-1.0665,0.4523,-0.8593,-0.1867,0.4229,1.8555,-1.0700,0.5622,-2.4581,0.2526,0.1509,4.7108,2.0806,1.4948
306,True,Optimization terminated successfully.,18319,23913,838.3980,0,1,0.0133,-0.8618,-1.0537,-0.8733,-1.7559,-0.5258,0.7018,1.2528,0.9906,2.3257,-1.2639,-0.1690,1.0078,1.5695,-0.5942,1.2052
307,True,Optimization terminated successfully.,13633,17959,6748.1956,0,1,0.1511,-1.1640,-0.3969,-1.7452,0.0848,-0.7285,0.9686,0.0154,1.0156,-0.3820,-0.5526,-0.9116,-0.3332,0.3579,2.8773,1.0380
308,True,Optimization terminated successfully.,12294,16192,2279.1741,0,1,0.1679,-0.6309,0.2783,-1.5697,-1.6811,-0.7790,0.0771,-0.9001,1.2731,0.6405,-0.4214,0.4205,4.1369,1.4309,0.0798,0.7521
309,True,Optimization terminated successfully.,25977,33883,663.5385,0,1,-0.4268,-0.6408,-1.3010,-0.8102,-1.8894,0.1762,0.6113,2.3317,1.3201,3.4217,-3.6276,0.2181,-0.5495,1.0133,-1.7574,2.0474
310,True,Optimization terminated successfully.,16461,21609,688.6125,1,0,-0.1811,-0.9634,-1.5328,0.5325,-1.1674,-0.2101,0.9881,2.6022,-1.1374,1.1547,-2.3404,-0.6561,-0.9341,5.0275,1.0431,1.6000
311,True,Optimization terminated successfully.,12734,16848,465.6862,0,1,-0.3824,-0.7987,-1.4159,-0.6585,-1.1777,0.1009,0.7874,2.6933,1.1770,1.4128,-3.4006,-0.3339,-1.0175,1.5244,0.8408,1.9432
312,True,Optimization terminated successfully.,17342,22670,3296.3977,1,0,-0.8744,-0.9534,-0.2628,-2.7611,0.6488,0.8567,1.3528,1.4487,5.0162,-0.9088,-5.9729,-0.9787,0.3900,-4.0234,2.6639,2.8775
313,True,Optimization terminated successfully.,23419,30508,582.7132,0,1,-0.2240,-0.8294,-1.0711,0.1026,-0.5155,-0.1767,0.6552,1.6593,-0.0275,-0.1719,-2.4788,-0.0666,0.4339,3.4340,3.0196,1.4945
314,True,Optimization terminated successfully.,8860,11763,4782.6299,0,1,-0.3567,-1.0195,-0.1101,-0.9673,-0.9063,0.0552,1.0597,-0.1930,0.3423,0.1153,-3.2394,-0.5270,1.0950,2.1060,0.5669,1.9435
315,True,Optimization terminated successfully.,27443,35884,1464.7660,0,1,-0.1183,-0.5448,-0.5587,0.4806,-0.9210,-0.4017,0.0943,0.0167,0.7952,1.0410,-1.7590,0.8604,2.4649,2.7271,1.2800,1.0724
316,True,Optimization terminated successfully.,18948,24762,732.6102,0,1,-0.0120,-0.5540,-0.1421,-1.3865,-0.3841,-0.5118,0.2827,0.2060,1.5991,-0.4404,-1.3183,0.6091,2.3531,0.4902,3.6638,1.1114
317,True,Optimization terminated successfully.,12544,16453,1130.3702,0,1,-0.3611,-1.0565,-1.0624,0.4814,-0.3110,0.0666,1.2560,1.7853,-0.2336,1.6033,-3.2784,-0.9700,0.6632,3.6950,0.5340,1.9081
318,True,Optimization terminated successfully.,9235,12220,738.8419,0,1,0.0303,-0.5472,-0.7499,-1.1070,-1.4998,-0.5420,0.1390,1.8331,1.2215,2.1194,-1.2195,0.7140,0.5107,1.3148,-0.4629,1.1815
319,True,Optimization terminated successfully.,37142,48376,672.4929,0,1,-0.1878,-1.0268,-1.0278,-1.6572,-1.0924,-0.1915,1.0714,1.8102,2.7461,0.6154,-2.3898,-0.7634,0.3031,-0.9388,1.8819,1.6840
320,True,Optimization terminated successfully.,20536,26795,1584.0398,0,1,-0.3803,-2.0677,-0.4533,-0.2184,-0.9781,0.0944,2.7150,0.7968,0.1474,-0.0642,-3.3696,-3.4865,1.4925,3.1007,2.3021,1.9722
321,True,Optimization terminated successfully.,17819,23328,769.7506,0,1,-0.3052,-1.4985,0.2900,-0.8334,-0.7801,-0.0270,1.8324,-0.5863,1.3398,0.3334,-2.9646,-2.0437,3.8504,1.1955,2.2054,1.7743
322,True,Optimization terminated successfully.,25052,32642,480.6273,0,1,-0.0292,-0.5601,-0.1153,-0.2922,-0.1136,-0.4784,0.1122,0.0895,0.1784,-0.5779,-1.4665,0.7208,2.9288,2.8676,3.7785,1.1479
323,True,Optimization terminated successfully.,13805,18112,4531.1846,0,1,0.4642,-1.0547,-1.5151,-0.8610,-0.7559,-1.3037,0.3475,-0.0987,-0.1109,1.1917,1.2856,0.1195,1.6775,1.7312,0.7492,-0.1374
324,True,Optimization terminated successfully.,24658,32381,5581.6825,0,1,0.4271,-1.0446,0.0800,-1.8069,-1.0311,-1.2190,0.2153,-1.5467,-0.2771,0.4576,1.0304,-0.2634,4.5242,2.6397,0.0955,-0.0175
325,True,Optimization terminated successfully.,22411,29185,520.3436,0,1,-0.0869,-0.6166,-0.2586,-1.0633,-0.7357,-0.3813,0.2954,0.1538,1.3993,0.5842,-1.7734,0.3694,2.8913,1.0755,1.9288,1.2926
326,True,Optimization terminated successfully.,20275,26581,434.9037,0,1,-0.3213,-0.8178,-0.2611,-0.8167,-1.5739,0.0115,0.7661,0.6505,1.5122,2.5282,-3.1009,-0.2843,2.0667,1.0996,-0.7076,1.8400
327,True,Optimization terminated successfully.,8969,11864,1278.1201,0,1,-0.0269,-0.8432,0.1371,-1.2499,-0.8813,-0.4528,0.6715,-1.4782,2.0948,0.5481,-1.5189,-0.3901,4.8436,0.2707,1.5288,1.2902
328,True,Optimization terminated successfully.,9516,12583,4692.5543,0,1,0.4063,-1.1607,-1.1596,-1.2491,-1.3468,-1.2083,0.4878,-0.3648,-0.0973,1.2453,0.9943,-0.1895,1.5827,1.5225,0.5399,0.0512
329,True,Optimization terminated successfully.,20369,26525,1222.2852,0,1,0.0208,-1.4023,-0.2509,-0.2684,-0.3805,-0.5269,1.4724,-0.4802,0.3223,0.6158,-1.2699,-1.5706,3.5200,2.5104,2.4482,1.1884
330,True,Optimization terminated successfully.,17263,22614,1124.0974,0,1,0.0333,-0.4475,-0.3011,-1.0653,0.1358,-0.6230,-0.3395,-0.5239,0.7072,-0.7371,-1.0015,1.1480,3.4210,1.5759,4.3651,0.7746
331,True,Optimization terminated successfully.,9916,13227,4469.7231,0,1,0.4432,-1.0119,-1.5801,-0.8799,-1.7141,-1.2912,0.2870,-0.0544,0.0514,1.7667,1.2338,0.2635,1.5574,1.7571,-1.0850,-0.1451
332,True,Optimization terminated successfully.,28352,36925,610.2106,0,1,-0.2199,-1.0053,-0.9742,-0.1660,-0.1765,-0.1561,0.9573,1.8582,-0.1106,-0.3133,-2.5458,-0.6602,0.0654,3.2452,3.5590,1.6014
333,True,Optimization terminated successfully.,17082,22359,518.9960,0,1,-0.0624,-0.5034,0.3903,-0.5528,-0.0698,-0.4309,0.0687,-0.6578,0.8806,-0.6334,-1.6148,0.8380,3.9270,1.7918,3.9674,1.1849
334,True,Optimization terminated successfully.,20955,27365,787.6746,0,1,-0.1834,-0.7032,-0.2398,-1.0045,-1.6720,-0.2143,0.3629,0.3899,1.1208,2.5594,-2.3464,0.0288,2.4955,1.1273,-0.6450,1.5115
335,True,Optimization terminated successfully.,21472,28012,2204.2199,0,1,0.1183,-1.3302,0.3399,0.2373,-1.2663,-0.6837,1.1370,-0.5635,-1.1812,0.6658,-0.7385,-1.3871,4.0316,4.9722,0.4420,0.9522
336,True,Optimization terminated successfully.,25071,32767,1789.2661,0,1,0.0662,-0.4316,-1.0853,-1.6299,-0.1690,-0.6122,-0.1557,2.2217,2.0431,1.6217,-0.9987,1.0954,-0.1385,0.0758,0.3737,1.0813
337,True,Optimization terminated successfully.,16940,22135,632.3435,0,1,-0.1524,-0.5081,-1.5589,-0.9090,-0.0573,-0.2800,0.1749,2.7355,1.1361,-0.6614,-2.1271,0.6024,-1.0051,1.4316,4.0364,1.4141
338,True,Optimization terminated successfully.,6673,8933,4359.5187,0,1,-0.3329,-0.8937,-0.5687,-0.9892,-1.2843,-0.0798,0.2637,-0.2669,0.2191,0.0116,-2.8671,0.2579,1.6994,1.1196,1.5525,1.3506
339,True,Optimization terminated successfully.,10890,14359,6262.2078,0,1,0.1849,-0.9717,-1.3905,-0.6995,-0.2013,-0.8142,0.7789,-0.9536,0.1607,0.1789,-0.3190,-0.5593,2.1457,2.3040,0.5923,0.6989
340,True,Optimization terminated successfully.,8448,11191,4709.2299,0,1,0.1182,-1.1375,-0.6032,-1.2204,-0.9986,-0.7204,0.6428,0.1800,0.6125,-0.5044,-0.6071,-0.4517,1.9617,1.9267,0.3741,0.8227
341,True,Optimization terminated successfully.,9308,12302,2384.9855,0,1,0.3288,-1.1414,-1.8056,-1.5487,-1.2979,-1.0266,0.8051,1.4164,1.6168,1.1990,0.4209,-0.5718,0.3446,0.0479,0.5752,0.5040
342,True,Optimization terminated successfully.,8614,11337,1786.5906,0,1,0.1438,-0.9677,-1.0998,-1.7809,-1.7667,-0.7319,0.6989,1.1412,2.1723,1.0160,-0.5607,-0.2099,0.5275,-0.3966,0.3827,1.0231
343,True,Optimization terminated successfully.,9185,12166,6886.9700,0,1,0.2733,-1.2318,-1.0938,-1.2735,-0.0927,-0.9291,0.7765,0.0150,0.3420,0.8991,0.1213,-0.8004,0.6468,1.7962,-0.3657,0.7033
344,True,Optimization terminated successfully.,17736,23319,490.6555,0,1,-0.2925,-0.8610,-0.0487,-1.0377,-0.7998,-0.0400,0.7930,0.2155,1.8771,0.9094,-2.9269,-0.3198,2.6076,0.3829,1.6544,1.7607
345,True,Optimization terminated successfully.,23793,31170,1006.5025,0,1,-0.1801,-0.6577,-2.1378,-1.6785,-0.5791,-0.2097,0.4700,3.5295,2.9086,1.1624,-2.3582,0.3970,-2.0982,-1.2655,1.2881,1.6014
346,True,Optimization terminated successfully.,12980,17090,1173.7649,0,1,-0.3786,-0.8974,-1.9957,-0.9568,-0.1064,0.0991,1.0040,4.1126,2.1424,1.3985,-3.3928,-0.5691,-2.9501,0.1199,1.3361,1.9847
347,True,Optimization terminated successfully.,20485,26863,458.9001,0,1,-0.1285,-0.7508,-1.1841,-0.7435,-1.1848,-0.3151,0.4954,1.6983,0.9611,1.2733,-1.9908,0.1496,0.5043,1.6179,0.8318,1.3875
348,True,Optimization terminated successfully.,12264,16128,710.7836,0,1,-0.0741,-1.0891,-0.8112,-0.2176,-0.9808,-0.3858,0.9972,1.1594,0.9189,1.1995,-1.7384,-0.6601,1.3448,2.1992,0.6989,1.3509
349,True,Optimization terminated successfully.,14644,19206,647.8580,0,1,-0.1528,-0.6022,0.0137,-0.9801,-1.6685,-0.2737,0.2786,-0.0504,1.3875,2.1776,-2.1458,0.5962,2.9150,0.9741,-0.1848,1.4087
350,True,Optimization terminated successfully.,9236,12201,4812.0990,0,1,-0.0661,-0.7706,-0.5584,-1.2964,-1.0132,-0.3962,0.5442,0.5432,0.2004,-0.0437,-1.7013,0.1827,-0.1398,2.1778,0.7925,1.3743
351,True,Optimization terminated successfully.,13080,17174,716.3445,0,1,-0.2082,-0.6021,-0.3502,-1.3662,-0.1968,-0.1792,0.4027,0.9113,2.0983,-0.5320,-2.4444,0.4340,1.4655,-0.0042,3.7143,1.6242
352,True,Optimization terminated successfully.,9542,12680,5582.5900,0,1,0.1338,-1.1328,-1.5130,-0.3957,0.2442,-0.7952,0.6712,-0.3499,-0.4629,0.8209,-0.4421,-0.3228,1.3820,2.3910,1.2907,0.4929
353,True,Optimization terminated successfully.,16490,21673,737.6185,0,1,-0.2418,-1.1759,-0.2485,0.3490,-1.8936,-0.1398,1.3275,0.2703,-0.8570,2.3886,-2.5971,-1.1988,2.4488,4.4675,-0.7683,1.6216
354,True,Optimization terminated successfully.,13118,17280,974.4040,0,1,-0.3235,-0.5799,-0.1994,-1.2116,-0.0580,0.0003,0.2980,1.4403,2.1569,0.2222,-3.0611,0.5416,0.7753,0.0073,3.1783,1.7675
355,True,Optimization terminated successfully.,12840,17095,1778.7738,0,1,0.3891,-0.3462,-0.3916,-1.1506,-2.9315,-1.1521,-0.6378,-0.5120,0.7232,3.8505,0.8150,1.6090,3.4953,1.7221,-3.6608,0.2325
356,True,Optimization terminated successfully.,9159,12134,5113.9081,0,1,0.3402,-1.1846,-0.9847,-0.9108,-1.5706,-1.1176,0.5052,-0.3640,0.0588,0.5223,0.6665,-0.0009,2.0744,1.8775,-0.5104,0.1429
357,True,Optimization terminated successfully.,16258,21248,718.9602,0,1,-0.4419,-1.4304,0.3477,-1.0946,-0.9265,0.1983,1.8007,-0.3047,2.0286,1.0437,-3.7222,-1.9378,3.4461,0.1697,1.5502,2.0884
358,True,Optimization terminated successfully.,18972,24796,595.9945,0,1,-0.5819,-1.3193,-1.0481,-1.2662,-0.2299,0.4164,1.7324,2.5217,2.4192,-0.1183,-4.4560,-1.7313,-0.7895,-0.3166,3.2576,2.3920
359,True,Optimization terminated successfully.,8795,11617,5687.6723,0,1,0.2134,-0.9978,-1.0992,-0.8027,-0.6828,-0.8040,0.5550,0.1593,-0.0126,2.2551,-0.3059,-0.3062,-0.1691,2.0683,-0.6725,0.9664
360,True,Optimization terminated successfully.,14967,19663,2774.9530,0,1,0.2672,-1.5699,-0.3908,-0.0228,-0.6654,-0.9079,1.5218,0.7475,-1.1130,-0.0133,0.0525,-1.6133,1.8266,4.5444,1.1810,0.7796
361,True,Optimization terminated successfully.,9502,12591,6972.7458,0,1,0.4305,-1.1762,-0.7670,-0.8422,-0.2358,-1.1838,0.6195,-0.4056,0.0137,0.5290,0.9598,-0.0324,0.7479,1.8367,0.2689,0.3094
362,True,Optimization terminated successfully.,21774,28444,633.9881,0,1,-0.0843,-0.4248,-1.3406,-1.2061,-0.4608,-0.3765,-0.0261,2.2717,1.6705,0.2498,-1.7783,0.9873,-0.4720,0.6073,2.6501,1.3265
363,True,Optimization terminated successfully.,13135,17388,1091.4182,0,1,-0.0715,-0.4239,-0.9739,-2.8669,-0.6925,-0.3989,-0.0535,1.7114,4.5485,0.3399,-1.7143,1.0992,0.1636,-3.8080,2.4553,1.3095
364,True,Optimization terminated successfully.,15815,20857,3122.2562,0,1,0.1414,-0.8733,-0.9027,-1.5870,-0.6411,-0.7462,0.3493,0.2986,1.2956,1.3630,-0.5415,0.4775,1.0102,1.0741,-0.2339,0.8393
365,True,Optimization terminated successfully.,10693,14066,4929.4146,0,1,0.6862,-1.0201,-0.5959,-0.4258,-1.0664,-1.5766,0.4650,-1.4065,-0.5915,1.0214,2.2983,0.0958,3.6806,2.9817,-0.4789,-0.1155
366,True,Optimization terminated successfully.,11517,15206,1363.3469,0,1,0.1488,-1.4001,-0.2726,0.0564,-0.8789,-0.7297,1.3609,-0.2845,-0.4749,0.4970,-0.5657,-1.3554,3.4257,3.6810,1.6449,0.9334
367,True,Optimization terminated successfully.,16680,21843,728.5925,0,1,-0.3717,-0.5653,-1.6457,-0.3366,0.3111,0.0706,0.4248,3.1694,0.6609,-0.3857,-3.3109,0.3813,-1.7199,2.3288,3.7557,1.8711
368,True,Optimization terminated successfully.,22361,29235,869.9316,0,1,-0.1361,-1.3933,-0.6031,0.7126,-0.3948,-0.2943,1.5324,1.3764,-1.2078,0.0600,-2.0708,-1.5367,1.0981,4.9385,2.9473,1.4441
369,True,Optimization terminated successfully.,15772,20630,449.0413,0,1,-0.4696,-1.2545,-0.6123,-1.7526,-1.1442,0.2429,1.6031,1.3010,3.2101,1.6731,-3.8712,-1.5879,1.2012,-1.5155,0.6761,2.1649
370,True,Optimization terminated successfully.,14447,19037,6048.6592,0,1,0.2684,-1.1729,-0.4766,-1.3281,-0.6972,-0.9622,0.6703,-0.3688,1.3365,-0.7539,0.1780,-0.0139,0.6605,-0.6626,2.6397,0.5376
371,True,Optimization terminated successfully.,32332,42110,810.2968,0,1,-0.0267,-0.7331,-0.4976,-2.2022,-0.2441,-0.4791,0.4110,0.7989,3.5349,-0.0838,-1.4277,0.1965,1.7894,-2.2254,3.1772,1.1627
372,True,Optimization terminated successfully.,6559,8780,4471.1271,0,1,0.4185,-1.1480,-1.0719,-1.2454,-1.5818,-1.2152,0.4176,0.2653,0.4475,-0.0235,1.0345,-0.2196,1.3612,1.7700,0.5338,0.0920
373,True,Optimization terminated successfully.,12865,16915,684.1649,0,1,-0.4316,-0.8981,-0.6259,-0.8566,-0.9333,0.1537,0.8619,1.4350,1.4172,0.2126,-3.6108,-0.4707,0.8375,0.9636,2.3083,1.9703
374,True,Optimization terminated successfully.,25394,33157,1161.8238,0,1,0.0126,-1.0784,0.0827,-1.3292,-1.1021,-0.5045,0.8502,0.2893,1.1278,0.6529,-1.3378,-0.6400,2.7966,1.5573,1.3989,1.2542
375,True,Optimization terminated successfully.,17027,22182,482.7337,0,1,-0.3104,-0.8435,-0.3813,-0.5956,-1.2451,-0.0166,0.7928,1.2112,0.8889,2.1913,-3.0000,-0.3371,1.2058,1.9318,0.0954,1.8133
376,True,Optimization terminated successfully.,19189,25094,701.8541,0,1,-0.2320,-1.0798,-1.0433,0.3512,-0.2319,-0.1413,1.1083,1.8594,-0.8302,0.0706,-2.5850,-0.8536,0.1732,4.4102,3.0234,1.6224
377,True,Optimization terminated successfully.,27391,35626,444.3433,0,1,-0.3067,-0.9907,-0.9879,-0.4471,-0.6397,-0.0172,1.0099,1.9410,0.7485,0.5869,-2.9853,-0.6780,0.1740,2.1777,2.1798,1.8017
378,True,Optimization terminated successfully.,13522,17802,861.0132,0,1,0.2166,-0.8480,-0.5048,-0.4342,-0.7180,-0.8497,0.4915,0.4615,0.4352,0.0814,-0.1778,0.2313,2.2358,2.5871,2.5594,0.7231
379,True,Optimization terminated successfully.,8615,11465,4816.9669,0,1,-0.1541,-0.7460,-0.6337,-1.9600,-0.7532,-0.3480,-0.0315,0.3941,0.2584,1.5326,-1.9495,0.6533,0.8393,0.4191,-0.0388,1.0629
380,True,Optimization terminated successfully.,17452,22777,1828.3832,0,1,0.3042,-0.5920,-0.8489,-0.6390,-1.1245,-0.9754,0.0299,-0.2319,0.9608,1.3877,0.2502,0.4900,2.9492,0.7730,1.3331,0.5813
381,True,Optimization terminated successfully.,15373,20079,661.7503,0,1,-0.2961,-0.5680,-1.6072,-0.7898,0.1896,-0.0368,0.4638,3.2641,1.7243,-0.6535,-2.9181,0.3433,-1.8415,0.4812,4.2327,1.8051
382,True,Optimization terminated successfully.,12318,16179,720.6067,0,1,-0.2953,-0.7372,-1.6591,-0.9500,-1.1422,-0.0598,0.5973,3.0484,1.1549,0.9393,-2.8824,0.1648,-1.7185,1.4248,1.0883,1.6935
383,True,Optimization terminated successfully.,9542,12588,5506.5890,0,1,0.0746,-1.0270,-0.2797,-0.9540,-0.8791,-0.7408,0.1525,0.9037,0.2356,-0.3618,-0.6433,0.7952,0.7329,1.3143,0.6528,0.4691
384,True,Optimization terminated successfully.,7788,10356,4767.6462,0,1,-0.0023,-1.0966,-0.3245,-0.6631,-1.5079,-0.6316,-0.0582,0.6739,0.4387,0.1607,-1.0313,0.3926,1.6255,1.6069,0.1709,0.4430
385,True,Optimization terminated successfully.,15887,20837,5185.1762,0,1,0.0247,-1.0393,-1.1380,-0.6729,0.1217,-0.6734,0.1643,-0.8977,0.7226,-0.4470,-0.8945,0.0289,3.0810,0.0900,3.3756,0.4055
386,True,Optimization terminated successfully.,8828,11708,5627.5705,1,0,0.4053,-1.1912,-1.1716,-0.0368,-1.3963,-1.1768,0.7563,-0.3250,-2.4204,1.6003,0.8946,-0.4882,1.0792,5.4086,-1.0248,0.2225
387,True,Optimization terminated successfully.,18997,24936,848.9025,1,0,-0.0210,-0.5170,-1.8273,-0.7706,0.8479,-0.4836,0.0839,2.9048,0.8742,-2.7040,-1.4306,0.7923,-1.5410,1.7755,6.9360,1.1670
388,True,Optimization terminated successfully.,16744,21986,1059.5251,0,1,0.0278,-0.5707,-0.9500,-0.6155,-1.3964,-0.5576,0.1507,0.8539,0.4188,1.8761,-1.1731,0.6232,2.0316,2.5487,-0.5754,1.0857
389,True,Optimization terminated successfully.,7727,10296,7171.9424,0,1,0.0378,-0.8462,-0.1303,-0.9635,-0.6945,-0.5846,0.2267,0.5858,-0.0480,-0.0736,-1.0772,0.4521,-0.2506,2.3827,-0.2279,1.0638
390,True,Optimization terminated successfully.,27849,36366,1645.3127,0,1,0.2987,-0.5434,-0.8162,-0.9338,-1.1276,-1.0134,-0.3117,0.7377,-0.1381,-0.0678,0.3547,0.9174,1.4166,2.7703,2.7252,0.3917
391,True,Optimization terminated successfully.,36786,47936,619.0029,0,1,-0.1349,-0.6761,-1.3227,-1.0224,-0.1276,-0.3277,0.4793,2.2988,1.5300,-0.6525,-1.9787,0.1608,-0.4098,0.5700,4.0832,1.3847
392,True,Optimization terminated successfully.,24223,31677,1035.9602,1,0,-0.1886,-1.3438,-0.3874,1.2058,-0.4928,-0.2210,1.4953,0.7037,-2.4416,-0.1408,-2.3220,-1.4934,1.6243,6.7376,2.9248,1.5224
393,True,Optimization terminated successfully.,6633,8822,2439.6455,0,1,0.0484,-0.7610,-1.4698,-1.0515,-1.6712,-0.5810,0.2992,1.8449,0.2236,0.5623,-1.0925,0.0941,-0.1627,2.4355,0.0611,1.1246
394,True,Optimization terminated successfully.,9191,12154,7035.8258,0,1,0.0556,-1.2889,-0.5909,-1.1583,-0.6018,-0.6267,0.9372,0.7168,-0.5375,0.2609,-0.9593,-0.5788,0.0390,1.8897,-0.1880,0.9465
395,True,Optimization terminated successfully.,12976,16989,741.5869,0,1,-0.0473,-0.5043,-1.3062,-1.2169,-0.6502,-0.4382,0.1185,2.0572,1.8863,0.9074,-1.5672,0.7104,-0.0350,0.1012,1.9943,1.2277
396,True,Optimization terminated successfully.,15255,19879,1169.5781,0,1,0.0454,-0.8083,-0.4233,-0.6841,-2.0822,-0.5873,0.4139,0.3928,0.2127,1.6014,-1.0539,0.2054,2.1246,2.5804,-0.3849,1.1018
397,True,Optimization terminated successfully.,25701,33553,511.9325,0,1,-0.2507,-0.8725,-0.8680,0.0588,-1.4499,-0.1116,0.8049,1.7012,-0.1038,2.0456,-2.6739,-0.2737,0.4729,3.4027,-0.0387,1.6918
398,True,Optimization terminated successfully.,13396,17568,617.0987,0,1,-0.2482,-1.0647,-0.2409,-0.7263,0.0570,-0.1206,1.1409,0.7007,1.4743,-0.6080,-2.6475,-0.8044,2.0123,0.9978,4.0772,1.6863
399,True,Optimization terminated successfully.,9285,12287,6116.7986,0,1,0.5008,-0.8821,-0.7652,-1.5477,-0.7107,-1.3437,0.0096,-0.0797,-0.6298,0.7258,1.4603,0.6809,1.2488,1.8509,0.0260,-0.0146
400,True,Optimization terminated successfully.,11740,15458,1201.8287,0,1,-0.0704,-0.3144,-2.7905,-0.8661,-1.2095,-0.4084,-0.1682,4.3909,0.7152,0.9462,-1.6654,1.1444,-3.6358,1.8366,0.8846,1.2197
401,True,Optimization terminated successfully.,11794,15557,1192.0253,0,1,-0.0024,-0.9442,-1.3343,-1.3611,-1.5556,-0.4999,0.7152,1.2314,1.8418,2.4056,-1.3559,-0.5495,1.0302,0.2940,-0.6549,1.1895
402,True,Optimization terminated successfully.,16039,21056,1682.7091,0,1,-0.2568,-0.2970,-0.4485,-0.9759,-2.3508,-0.1430,-0.2462,-0.2001,0.6987,2.9605,-2.6075,1.4141,2.0304,1.6909,-1.6506,1.4389
403,True,Optimization terminated successfully.,6782,9066,7802.7442,0,1,-0.0293,-1.0883,-1.1807,-0.3493,0.2355,-0.5384,0.5389,-0.3233,0.6135,0.2955,-1.3071,-0.2808,0.2169,-0.0627,2.7829,0.8050
404,True,Optimization terminated successfully.,18925,24900,4528.6235,0,1,0.5698,-0.3043,-1.4218,-0.4805,-1.4678,-1.4335,-0.5324,1.1349,-0.4959,-0.9385,1.7657,1.7872,-0.0683,2.5186,1.9258,-0.1292
405,True,Optimization terminated successfully.,8336,11063,6452.9854,0,1,-0.2165,-0.9715,-1.2053,-0.7707,-0.9260,-0.2416,0.4596,-0.1359,-0.1612,-0.3532,-2.3145,-0.3283,0.7649,2.2527,0.6572,1.1941
406,True,Optimization terminated successfully.,24251,31639,578.8132,0,1,-0.1077,-0.6188,-0.2622,0.5843,-1.2170,-0.3553,0.2003,0.3232,-1.2094,1.3662,-1.8739,0.5839,2.4306,4.9645,0.8247,1.2805
407,True,Optimization terminated successfully.,5968,8013,7149.4458,0,1,0.0339,-1.3629,-1.1089,-0.4918,0.2093,-0.5629,1.0782,0.2671,0.1398,0.5308,-1.1558,-0.6994,-0.3670,1.5461,0.6975,1.1428
408,True,Optimization terminated successfully.,9891,13150,951.9750,1,0,-0.5861,-0.9060,-0.7396,-0.8547,0.5249,0.4014,1.0456,1.6846,1.8284,-1.3586,-4.4277,-0.5653,0.1678,0.2781,5.0587,2.2646
409,True,Optimization terminated successfully.,16788,21910,1621.2011,1,0,-0.2499,-1.7210,-0.3616,0.6266,-1.5856,-0.1227,1.9953,0.2223,-1.4243,1.0322,-2.6592,-2.3186,2.4132,5.1329,0.2147,1.6352
410,True,Optimization terminated successfully.,8940,11849,5126.9809,0,1,-0.5445,-0.7891,-0.8434,-1.8227,-0.8908,0.2842,0.3500,0.3924,1.5772,-0.2492,-4.0879,0.1084,0.6358,-0.3327,0.9894,1.9066
411,True,Optimization terminated successfully.,16432,21599,1065.3069,0,1,-0.3036,-0.4692,-0.9499,-0.2995,-1.3185,-0.0275,0.2539,1.9819,0.1896,1.4325,-2.9845,0.5095,0.2587,3.2157,-0.4968,1.7653
412,True,Optimization terminated successfully.,13661,17961,642.8986,0,1,-0.0305,-0.8255,0.2490,-0.2944,-1.4032,-0.4555,0.6322,-0.4332,0.2780,1.8362,-1.5131,-0.0603,3.7432,2.8150,0.0067,1.2158
413,True,Optimization terminated successfully.,23348,30440,3613.8549,0,1,-0.2295,-0.9564,-0.3198,-1.8704,-0.6961,-0.1656,0.8338,0.3854,2.4912,0.4296,-2.4921,0.0631,0.3444,-1.0451,1.2433,1.5822
414,True,Optimization terminated successfully.,17051,22428,1155.6432,0,1,-0.3852,-1.2644,0.4129,-0.1403,-0.5106,0.1094,1.5129,-0.5645,0.1073,-0.3046,-3.4016,-1.5029,3.8066,3.1908,2.5082,2.0177
415,True,Optimization terminated successfully.,12978,17045,869.1184,0,1,0.1679,-0.6387,0.1077,0.0903,-1.1286,-0.7915,0.1298,-0.3575,-1.2347,0.3594,-0.3900,0.5808,3.5303,4.9230,1.8202,0.7596
416,True,Optimization terminated successfully.,18091,23680,747.5040,0,1,-0.2111,-0.9614,-2.2081,-0.9767,-1.0727,-0.1458,0.9845,3.9838,1.6393,1.7374,-2.5451,-0.5703,-2.8909,0.7319,0.6349,1.6908
417,True,Optimization terminated successfully.,12862,16904,778.2679,0,1,-0.0888,-0.4750,-1.1790,-0.8154,-1.4433,-0.3387,0.2810,2.4722,1.0156,2.4484,-1.8877,0.5699,-0.5883,1.6746,-0.6181,1.4943
418,True,Optimization terminated successfully.,12740,16742,2011.5011,0,1,0.3888,-0.9930,-0.6356,-0.6383,-1.6779,-1.1599,0.4315,-0.2658,-0.2113,1.2246,0.8411,-0.0729,3.1060,3.0275,0.0833,0.2721
419,True,Optimization terminated successfully.,9981,13287,3859.9864,0,1,0.4584,-0.8853,-0.2892,-1.3394,-1.0381,-1.2223,0.3565,0.5345,0.6557,0.2636,1.1070,0.5251,0.2448,1.0925,1.8413,0.3554
420,True,Optimization terminated successfully.,18951,24898,939.1811,0,1,0.2616,-0.5350,-0.3876,-0.3163,-1.3239,-0.9197,-0.0268,0.0815,-0.5401,1.8632,0.0803,0.9173,2.5723,3.6458,0.3709,0.6737
421,True,Optimization terminated successfully.,28774,37626,3009.9926,0,1,-0.0992,-0.4582,0.0050,-0.0869,-0.6744,-0.3681,0.1326,-1.0027,-1.0435,0.0472,-1.8410,0.7721,4.6225,4.4790,0.4358,1.1407
422,True,Optimization terminated successfully.,19495,25615,4813.9411,0,1,-0.0119,-1.4299,-1.0676,-2.0319,-0.8858,-0.4889,1.3293,1.7226,2.5972,-0.7857,-1.3746,-1.1965,-0.3317,-1.1715,0.8408,1.2260
423,True,Optimization terminated successfully.,6782,9120,6742.8133,0,1,-0.2054,-1.0420,-1.1288,-0.7698,0.5783,-0.2722,0.5957,-0.3217,0.3950,-0.3840,-2.2394,-0.0194,0.7538,0.5224,2.6579,1.0818
424,True,Optimization terminated successfully.,8906,11823,1100.2344,0,1,-0.3416,-0.5517,0.5836,-0.8660,-0.8498,0.0004,0.2388,0.1995,1.7009,1.5204,-3.0813,0.7429,2.3701,0.6773,0.9420,1.7250
425,True,Optimization terminated successfully.,11326,14882,1439.5741,0,1,-0.0650,-0.0473,-0.1567,-0.5120,-1.6634,-0.4039,-0.6082,0.0218,0.9109,2.0882,-1.7002,1.7651,3.1063,2.4777,-1.3614,1.2328
426,True,Optimization terminated successfully.,25676,33447,628.2452,0,1,-0.1108,-0.3838,-1.1132,-0.2807,-1.7266,-0.3437,-0.0411,2.0762,0.1931,2.8146,-1.9146,1.0555,-0.1024,2.8955,-1.1197,1.3485
427,True,Optimization terminated successfully.,20712,26995,762.5724,0,1,-0.3515,-0.9520,-1.2499,-2.0388,-1.2063,0.0338,1.0394,1.5714,3.0331,1.0773,-3.1895,-0.7107,0.5876,-1.4184,0.9946,1.8338
428,True,Optimization terminated successfully.,11894,15631,1211.3424,0,1,-0.1432,-1.2618,-0.8513,-1.2030,-1.5608,-0.2907,1.2147,0.8021,1.6349,1.2154,-2.0842,-1.1531,1.8563,0.5010,0.4478,1.4161
429,True,Optimization terminated successfully.,8945,11802,3558.2336,0,1,0.3051,-0.8119,0.4498,-1.8803,-0.2740,-0.9115,0.5781,0.4187,2.2931,0.5451,0.1167,-0.0013,1.8164,-0.2276,0.6788,1.0182
430,True,Optimization terminated successfully.,13594,17905,751.8077,0,1,-0.0321,-0.4095,-0.5898,-0.3094,-2.0644,-0.4656,-0.0779,0.7746,-0.1755,2.3992,-1.4913,1.1203,1.4754,3.2165,-0.9626,1.2138
431,True,Optimization terminated successfully.,12844,16920,1170.4946,0,1,-0.4580,-0.7846,-0.0025,-1.7894,-0.7873,0.2067,0.6246,0.5127,2.9452,-0.0073,-3.7645,-0.0961,2.2140,-1.2958,2.0656,2.0402
432,True,Optimization terminated successfully.,22080,28831,582.9102,0,1,-0.1086,-0.5424,-1.2927,-0.1005,-0.9513,-0.3478,0.1512,2.2353,-0.1220,1.3042,-1.8993,0.7603,-0.2931,3.4301,1.1954,1.3302
433,True,Optimization terminated successfully.,17265,22535,622.3273,0,1,-0.3242,-0.8876,-0.3106,-1.7217,-1.1105,-0.0045,0.8654,0.3786,2.7919,1.2510,-3.0288,-0.4150,2.4367,-1.1731,1.0617,1.7830
434,True,Optimization terminated successfully.,11838,15571,783.3932,0,1,0.1180,-0.6902,-0.2352,-0.4143,-1.6476,-0.6860,0.2555,-0.1166,-0.0506,2.3958,-0.7351,0.4712,2.9502,2.9834,-0.4976,0.9293
435,True,Optimization terminated successfully.,28070,36621,509.1709,0,1,-0.1566,-0.5685,-0.1548,-1.0231,-0.9861,-0.2737,0.2829,0.2798,1.6511,1.0980,-2.1326,0.5484,2.6077,0.6830,1.3747,1.4353
436,True,Optimization terminated successfully.,11349,14952,3265.1329,0,1,-0.0688,-0.7184,-1.2830,-0.7661,-0.6506,-0.4559,0.2759,0.5745,-0.0070,-0.1920,-1.5754,0.4084,2.0291,2.2193,0.9409,0.9853
437,True,Optimization terminated successfully.,33970,44208,1318.3240,0,1,0.2031,-0.5567,0.0428,0.4379,-1.0587,-0.8205,0.2632,0.1760,-1.1553,1.8402,-0.2339,0.6509,2.7504,4.9915,-0.2622,0.9217
438,True,Optimization terminated successfully.,18475,24223,832.7024,0,1,-0.4564,-1.1304,0.2525,-1.0601,-0.0925,0.1950,1.2805,-0.2057,2.1210,-0.9163,-3.7343,-1.1494,3.3256,0.1471,3.9691,2.0181
439,True,Optimization terminated successfully.,35561,46355,1260.1913,0,1,-0.2362,-1.1998,-0.5693,-0.8193,-1.4223,-0.1504,1.2561,0.0200,1.1807,0.5976,-2.5502,-1.0368,2.9768,1.2234,0.9994,1.6009
440,True,Optimization terminated successfully.,6641,8942,4916.4727,0,1,-0.0056,-1.1798,-1.1704,-1.6404,0.5939,-0.5467,0.7520,0.2404,1.6964,-0.5641,-1.2533,-0.2013,0.2693,-0.0130,2.6271,0.9712
441,True,Optimization terminated successfully.,23470,30690,919.4591,0,1,-0.4983,-1.2127,0.2143,0.1820,-0.9027,0.2646,1.5990,0.1831,0.2245,1.0909,-3.9619,-1.4595,2.5786,2.6298,1.7421,2.1185
442,True,Optimization terminated successfully.,12277,16205,1112.9416,0,1,-0.0254,-1.0829,-0.8910,-1.0211,-0.7607,-0.4883,0.9335,0.4049,1.5728,0.7858,-1.4205,-0.6560,2.5857,0.5500,1.6602,1.1135
443,True,Optimization terminated successfully.,35618,46323,664.1409,0,1,-0.0953,-0.9078,0.6488,-0.9217,-0.1641,-0.3467,0.7807,-1.1332,1.3118,-0.5025,-1.8614,-0.2985,4.7003,1.2942,3.4973,1.4020
444,True,Optimization terminated successfully.,22833,29836,735.0529,0,1,-0.1464,-0.7633,-0.8441,-1.3002,-1.6398,-0.2445,0.6740,0.9872,1.8154,2.0364,-2.2136,-0.1327,1.1604,0.2550,-0.1001,1.5137
445,True,Optimization terminated successfully.,9064,12041,2674.2086,0,1,0.2200,-0.9999,-1.7042,-1.4465,-1.7385,-0.8928,0.4047,1.1154,0.9342,1.5862,-0.0915,-0.2305,0.7228,0.8093,-0.0718,0.5127
446,True,Optimization terminated successfully.,29997,38985,707.8089,0,1,-0.1304,-0.2282,-1.8157,-1.2547,-0.8142,-0.3060,-0.2879,3.5063,1.6725,0.9842,-2.0227,1.4566,-2.3079,0.6075,1.4974,1.4334
447,True,Optimization terminated successfully.,22560,29466,663.7311,0,1,-0.3950,-0.9461,0.1172,-0.6643,-0.4635,0.1129,1.0189,0.5456,1.3045,0.3842,-3.4394,-0.5522,2.1283,1.2678,2.4866,1.9551
448,True,Optimization terminated successfully.,16166,21187,887.0302,0,1,0.0753,-0.9802,-1.1964,-0.6006,0.0565,-0.6166,0.8047,1.9414,0.7684,-0.3481,-0.9641,-0.3034,0.1379,1.9638,3.5959,1.1067
449,True,Optimization terminated successfully.,16869,22144,1352.2274,0,1,0.0963,-1.4669,0.6450,0.1787,-0.8920,-0.6536,1.4842,-1.3051,-0.8866,0.7799,-0.8296,-1.5835,4.8940,4.5439,1.1977,0.9956
450,True,Optimization terminated successfully.,19600,25647,489.6491,0,1,-0.0432,-0.5793,-0.3593,-0.4982,-0.4530,-0.4400,0.2540,0.7782,0.7069,0.0896,-1.5762,0.5505,1.9466,2.2358,2.7995,1.2465
451,True,Optimization terminated successfully.,16048,21051,532.6083,0,1,0.0893,-0.3565,-0.8449,-0.2654,0.1019,-0.6536,-0.1621,1.4516,0.1496,-0.7206,-0.8459,1.2972,0.8124,2.9578,4.0807,0.9591
452,True,Optimization terminated successfully.,39107,51007,590.9977,0,1,-0.1565,-0.7407,-0.2430,-0.8406,0.1125,-0.2771,0.4962,0.2837,1.4765,-0.7049,-2.1254,0.1225,2.5149,1.0668,4.2083,1.4534
453,True,Optimization terminated successfully.,15226,19922,2009.9861,0,1,0.3640,-0.5613,-0.4773,-1.5422,-0.5569,-1.0968,-0.1523,-1.4638,1.7889,0.0047,0.6420,1.0380,4.6085,-0.1587,2.1144,0.3489
454,True,Optimization terminated successfully.,16769,21945,537.3633,0,1,-0.1336,-0.6177,-1.1106,-0.5146,-0.2026,-0.2872,0.3563,2.1576,0.7601,0.0526,-2.0874,0.4075,-0.1725,2.1641,3.0444,1.4675
455,True,Optimization terminated successfully.,23471,30726,1013.4999,1,0,-0.1195,-0.5842,-1.7043,-0.1862,1.0303,-0.3252,0.3246,2.8663,-0.1963,-3.1167,-1.9682,0.4300,-1.5555,3.3962,7.2801,1.4036
456,True,Optimization terminated successfully.,19579,25597,882.3120,0,1,-0.1069,-1.0044,-0.6857,-0.3255,-0.1452,-0.3556,0.8199,0.9306,0.3877,-1.0422,-1.8835,-0.5477,1.9946,2.4604,3.8943,1.3229
457,True,Optimization terminated successfully.,13037,17116,850.7719,0,1,-0.2332,-1.2072,-1.3874,-0.0530,-0.2420,-0.1264,1.3482,2.0155,-0.1783,0.9269,-2.6205,-1.3391,0.0724,3.4791,1.8227,1.6843
458,True,Optimization terminated successfully.,22466,29312,606.0067,0,1,0.0119,-0.0872,-1.2067,-0.5302,-1.0665,-0.5405,-0.6439,1.7779,0.5715,1.4656,-1.2454,1.9869,0.2787,2.2592,0.8339,1.0744
459,True,Optimization terminated successfully.,22822,29863,729.4887,0,1,-0.1359,-0.9646,-1.1188,-0.3918,-1.6001,-0.2522,0.7533,1.7594,0.0486,2.1862,-2.1989,-0.3642,0.1534,3.1263,-0.1906,1.5441
460,True,Optimization terminated successfully.,12799,16895,2350.5699,0,1,0.5293,-1.0584,-0.0400,-0.9283,-1.4943,-1.3272,0.4994,-0.6248,0.4403,0.8815,1.4572,-0.3300,3.7482,1.7384,1.0159,0.1847
461,True,Optimization terminated successfully.,7098,9443,6863.3862,0,1,0.1483,-1.2733,-0.8120,-1.2094,0.4935,-0.7997,0.8388,-0.4704,0.4842,0.0564,-0.4039,-0.6173,0.5054,0.7674,2.7229,0.5791
462,True,Optimization terminated successfully.,7206,9627,2191.7261,0,1,0.2079,-0.6875,-1.8020,-0.7462,-1.2957,-0.8742,-0.0218,1.3202,0.8421,2.6030,-0.1454,0.6108,1.1924,1.1297,-1.4267,0.5115
463,True,Optimization terminated successfully.,31195,40707,1693.5140,0,1,-0.4629,-0.2933,-0.5494,-1.0514,0.9332,0.2174,0.1455,1.1565,2.7009,-0.6808,-3.8126,0.8896,0.6776,-0.9686,4.5757,2.0762
464,True,Optimization terminated successfully.,12888,16989,606.6384,0,1,0.0846,-0.6743,0.1077,0.1706,0.2972,-0.6419,0.2537,-0.2329,-0.9360,-1.3536,-0.8837,0.4966,3.3332,4.3188,4.8592,1.0087
465,True,Optimization terminated successfully.,9209,12197,7194.6794,0,1,-0.0312,-1.1077,-1.6135,0.3377,0.3317,-0.5117,0.3660,0.5524,1.3859,0.8613,-1.3827,-0.7740,0.0654,0.7715,1.2728,0.8332
466,True,Optimization terminated successfully.,16135,21123,569.0641,0,1,-0.4067,-1.0873,-1.0592,-1.6153,-1.3398,0.1449,1.1898,2.1279,2.9490,2.0359,-3.5473,-0.8993,-0.0341,-1.2349,0.1774,2.0276
467,True,Optimization terminated successfully.,17426,22746,606.2492,0,1,-0.2858,-0.9562,-1.0356,0.2125,-1.4866,-0.0630,0.9630,2.0139,-0.3881,2.1094,-2.8556,-0.5713,-0.0041,3.8399,-0.1305,1.7557
468,True,Optimization terminated successfully.,12140,15936,2566.3756,0,1,-0.1608,-0.4893,-0.6397,-0.6040,-1.5589,-0.2892,-0.1521,1.1150,1.0236,-0.1079,-2.1041,1.3339,0.8636,1.4700,0.6213,1.3407
469,True,Optimization terminated successfully.,9035,12029,6577.2403,0,1,0.0544,-0.7918,-0.6137,-0.6034,-0.9846,-0.5866,0.2561,0.6559,0.0666,0.2806,-1.0297,0.5782,-0.5728,2.4424,-0.6752,1.1517
470,True,Optimization terminated successfully.,10126,13338,2256.3496,0,1,0.2232,-1.0215,-1.4296,-1.0793,-1.4153,-0.9018,0.6157,1.2647,1.1101,2.7967,-0.0436,0.0231,0.1180,0.5133,-0.7041,0.5010
471,True,Optimization terminated successfully.,10176,13570,4667.6716,0,1,0.0049,-0.8533,-0.4352,-1.2532,-1.4727,-0.5283,0.4846,0.2570,0.0948,0.6903,-1.2723,0.2259,0.1788,1.8765,0.3915,1.1324
472,True,Optimization terminated successfully.,8057,10738,1957.1319,0,1,0.0763,-0.7270,-1.5189,-1.6513,-1.3820,-0.6308,0.3676,1.3203,2.1881,2.0601,-0.9245,0.5307,-0.4490,-0.7278,0.1384,1.0401
473,True,Optimization terminated successfully.,6250,8394,6693.2373,0,1,0.1703,-1.2456,-0.7788,-0.7467,0.3088,-0.8382,0.5376,0.0217,0.3724,-0.0131,-0.2548,-0.4244,2.0595,1.4375,-0.0509,0.5334
474,True,Optimization terminated successfully.,12486,16473,946.6459,0,1,-0.4023,-1.4975,0.4242,0.4047,-1.0692,0.1343,1.8645,-0.5259,-0.5648,1.6821,-3.5162,-2.0583,3.9503,4.1381,0.2351,2.0076
475,True,Optimization terminated successfully.,10195,13542,3343.2643,0,1,-0.0754,-1.4163,-0.8133,-0.8667,-1.4732,-0.4346,1.1419,-0.1815,0.3162,0.4060,-1.6298,-1.1728,1.5542,1.4885,1.7030,1.0551
476,True,Optimization terminated successfully.,9483,12481,4589.5373,0,1,0.0457,-1.0864,-0.5614,-0.4678,-1.3624,-0.6142,0.6376,-1.1890,0.5999,-0.4305,-0.9921,-0.2953,3.4488,2.0209,0.5679,0.8984
477,True,Optimization terminated successfully.,21635,28232,703.2878,0,1,-0.0436,-0.4803,-1.9400,-0.9329,-0.5308,-0.4563,0.0043,3.0640,1.2536,0.1134,-1.5279,0.8538,-1.5169,1.1056,2.7716,1.1931
478,True,Optimization terminated successfully.,14248,18614,1024.1612,0,1,0.1127,-0.9787,0.0519,-0.0411,-1.1352,-0.6857,0.7817,-0.4519,0.1267,2.2103,-0.7483,-0.2887,3.5115,3.0408,-0.0887,0.9436
479,True,Optimization terminated successfully.,9791,12934,6284.0221,0,1,0.3099,-0.8953,-1.8070,-0.1385,-0.5592,-1.0910,-0.0240,-0.2752,-1.8355,0.0551,0.5599,0.2748,1.1338,4.2369,1.2027,0.0823
480,True,Optimization terminated successfully.,21710,28398,564.5030,0,1,-0.3291,-0.9267,-1.6483,-1.0350,-0.8851,0.0231,0.9652,3.1284,1.6574,0.8049,-3.1284,-0.5237,-1.5145,0.6557,1.6654,1.8517
481,True,Optimization terminated successfully.,9668,12774,3300.5543,0,1,0.2172,-1.3687,0.1522,-1.2125,-2.0745,-0.8643,0.9039,-1.8742,1.7995,1.2525,-0.1477,-0.9380,4.9241,0.3026,-0.9697,0.6072
482,True,Optimization terminated successfully.,10611,13996,3809.6976,0,1,0.1315,-0.7572,-1.3868,-0.1475,-0.6379,-0.6940,0.3714,1.7303,0.3289,0.5329,-0.6751,0.3083,0.0575,3.0673,-0.5901,1.0403
483,True,Optimization terminated successfully.,8205,10892,6548.0482,0,1,0.6100,-1.0062,-0.9967,-2.2750,-0.9509,-1.4966,0.2475,0.4188,0.8414,0.4003,1.9842,0.1897,0.3479,-0.3489,0.6640,-0.1343
484,True,Optimization terminated successfully.,12618,16565,4232.1745,0,1,-0.2857,-0.9230,-0.5762,-0.7056,-2.0627,-0.1393,0.4231,-0.7871,-0.4404,1.5096,-2.6798,-0.1327,2.1807,2.7247,-0.6774,1.2695
485,True,Optimization terminated successfully.,20701,27163,1186.5986,1,0,-0.1825,-1.2473,-2.4576,0.5084,0.2663,-0.2028,1.3815,4.0840,-0.9403,-1.8257,-2.3614,-1.3417,-3.2925,4.7229,5.1371,1.6057
486,True,Optimization terminated successfully.,9992,13141,1064.8754,0,1,-0.0375,-0.8769,-1.6056,-1.4521,-1.9781,-0.4362,0.7051,2.8326,1.6618,2.1240,-1.5486,-0.2517,-1.0931,0.6911,-0.9203,1.3210
487,True,Optimization terminated successfully.,15584,20535,2994.5234,0,1,-0.2692,-1.3673,-0.6485,-1.1455,-1.1624,-0.0750,1.5195,0.6104,1.4799,0.6488,-2.7822,-1.3686,-0.1273,0.3863,1.6772,1.8130
488,True,Optimization terminated successfully.,15907,20883,1033.4662,1,0,-0.2563,-0.9816,-1.2665,-1.5950,0.6083,-0.1004,0.9754,2.6518,2.4905,-2.0744,-2.7015,-0.3571,-1.2087,-0.6796,5.7932,1.7460
489,True,Optimization terminated successfully.,10183,13433,5365.8753,0,1,0.1739,-0.8615,-1.3332,-0.9629,-1.6283,-0.8077,0.2606,0.3075,1.1625,0.5025,-0.3358,0.0729,1.2661,1.3853,-1.3301,0.6556
490,True,Optimization terminated successfully.,32202,41868,678.2797,0,1,-0.1843,-0.6864,0.1688,-0.4379,-1.5344,-0.2218,0.4571,-0.4147,0.7202,2.2470,-2.3271,0.2203,3.6943,2.1588,-0.3695,1.4931
491,True,Optimization terminated successfully.,13998,18470,758.3054,0,1,-0.3863,-0.6207,-1.9975,-1.1754,-0.4153,0.0749,0.5102,3.7114,2.2700,0.6042,-3.3324,0.2713,-2.2414,-0.3110,1.9532,1.8588
492,True,Optimization terminated successfully.,12226,16085,1593.6387,0,1,0.3834,-0.7190,-0.3838,-1.5064,-1.5031,-1.1012,0.2589,0.3081,1.4881,2.0079,0.6975,0.4495,2.1734,0.4572,-0.1592,0.5539
493,True,Optimization terminated successfully.,17183,22456,788.8574,0,1,-0.2966,-1.2897,0.5418,-0.4248,-0.2923,-0.0401,1.4810,-0.9266,0.6945,-0.3680,-2.9352,-1.4871,4.3662,2.1167,3.2159,1.7542
494,True,Optimization terminated successfully.,18892,24710,688.8085,0,1,-0.2429,-0.5249,-0.7378,-0.0664,-1.0732,-0.1299,0.1969,1.5398,-0.0720,1.1507,-2.6216,0.6079,0.4827,3.3179,1.2689,1.6258
495,True,Optimization terminated successfully.,30793,40161,887.6113,0,1,-0.0374,-1.1697,-0.1506,-0.0530,-0.5001,-0.4572,1.2346,0.7216,0.0518,1.0030,-1.5245,-1.1880,2.1259,3.3422,1.6180,1.2029
496,True,Optimization terminated successfully.,24808,32594,5204.4654,0,1,-0.2182,-0.9247,-0.8518,-0.5128,0.2503,-0.1193,0.9033,0.1902,-0.3804,1.1399,-2.6498,-0.8214,1.8514,2.9730,-0.8033,1.6617
497,True,Optimization terminated successfully.,14427,18982,1381.7734,0,1,-0.5919,-0.6673,-1.7074,-0.9951,-1.3606,0.3818,0.5773,2.5250,1.8652,1.8099,-4.3975,0.3435,-0.9596,0.3150,-0.5194,2.1228
498,True,Optimization terminated successfully.,8210,10934,3073.9453,0,1,-0.1740,-0.6998,-0.6659,-0.8854,-1.4273,-0.2608,0.2270,0.8497,0.9947,0.2096,-2.1896,0.4812,1.4044,1.7738,-0.2210,1.3391
499,True,Optimization terminated successfully.,9341,12338,3544.8171,0,1,-0.4379,-0.9524,-0.7354,-1.2563,-0.2012,0.2248,1.0847,1.9904,0.6417,1.5342,-3.7803,-0.7944,0.0035,1.5701,-0.9788,2.3038
500,True,Optimization terminated successfully.,6634,8873,3955.9676,0,1,-0.0164,-1.0262,-1.3482,-0.8798,-1.7422,-0.5470,0.5296,0.5450,-0.0296,0.4156,-1.2600,0.0412,0.2523,2.0992,0.8592,0.8622
501,True,Optimization terminated successfully.,26229,34107,650.1677,0,1,-0.3405,-0.8752,-1.1814,-0.1375,-0.7498,0.0240,0.8427,2.4662,0.1433,1.3416,-3.1498,-0.3148,-0.5854,2.9975,1.1191,1.8643
502,True,Optimization terminated successfully.,13058,17190,720.9600,0,1,-0.1372,-0.8019,-1.2541,-1.7030,-0.5007,-0.2872,0.7094,1.8828,2.6245,-0.2668,-2.0779,-0.1553,0.2164,-0.8732,2.9896,1.4685
503,True,Optimization terminated successfully.,28616,37372,566.5137,0,1,0.0550,-0.1938,-0.1737,-0.5778,-1.6526,-0.6062,-0.4447,0.1946,0.7181,2.5814,-1.0018,1.6557,2.6908,2.0971,-0.8382,0.9937
504,True,Optimization terminated successfully.,16935,22201,1374.2538,0,1,0.3094,0.3471,-0.8264,-1.8284,-0.8875,-1.0400,-1.5852,0.2660,1.8683,0.2710,0.4130,3.4733,2.4344,-0.0275,1.4626,0.3328
505,False,Maximum number of iterations has been exceeded.,50000,64776,666.0282,0,0,-0.5803,-1.7816,-0.9299,-0.6266,-1.6283,0.3955,2.5023,2.1746,1.5246,2.3303,-4.3795,-3.0696,-0.0256,1.0358,-0.1225,2.4095
506,True,Optimization terminated successfully.,41227,53621,1296.4049,1,0,-0.3016,-0.7533,1.3903,-1.3775,-0.4914,-0.0677,0.3720,-2.5034,1.9101,-0.4148,-2.8454,0.2123,6.6860,0.3825,2.8378,1.6345
507,True,Optimization terminated successfully.,8881,11800,5234.7516,0,1,-0.2625,-1.0723,-0.2920,-1.1046,-1.7104,-0.1606,0.7561,-0.2528,1.0115,0.1769,-2.5622,-0.6017,2.3437,1.3157,-0.9864,1.3591
508,True,Optimization terminated successfully.,21545,28084,607.2654,0,1,-0.1650,-0.6192,-1.1597,-1.5111,-0.2611,-0.2526,0.3317,1.8884,2.3838,-0.2996,-2.1879,0.3673,0.1899,-0.5661,3.5116,1.4976
509,True,Optimization terminated successfully.,13510,17692,1369.5767,0,1,-0.6518,-1.6746,-1.2734,-1.7521,-0.4481,0.5129,2.2751,2.6825,2.8248,-0.4315,-4.7959,-2.6269,-1.8580,-1.2949,3.7956,2.5017
510,True,Optimization terminated successfully.,22075,28698,782.2218,0,1,-0.0600,-0.9527,-0.4279,-0.8647,-1.8223,-0.3925,0.8743,0.8489,1.3516,3.1595,-1.7102,-0.4892,1.9444,1.2523,-1.7984,1.4154
511,True,Optimization terminated successfully.,25638,33535,1927.6197,1,0,0.4745,-0.7956,-1.8856,0.3172,-1.0125,-1.2338,0.0573,2.6250,-1.7447,0.8533,1.1507,0.5904,-1.4339,5.7047,0.9144,0.3509
512,True,Optimization terminated successfully.,12941,17109,886.0506,0,1,-0.0749,-0.2921,-1.8057,-1.2346,-1.7113,-0.4000,-0.2084,3.4171,1.6808,2.5822,-1.7039,1.3084,-2.1251,0.6309,-1.1298,1.3026
513,True,Optimization terminated successfully.,10421,13726,4769.0339,0,1,0.2782,-1.7899,0.4350,-1.2876,-1.5580,-0.8956,2.0047,-0.6997,1.0353,1.7823,0.0455,-2.4294,1.9637,0.8413,-0.0443,0.9746
514,True,Optimization terminated successfully.,14263,18690,480.2858,0,1,-0.1991,-0.6918,-1.2130,-0.6172,0.2260,-0.1929,0.5191,2.0737,0.9009,-1.1154,-2.3946,0.1691,-0.1678,1.8187,4.7661,1.5486
515,True,Optimization terminated successfully.,8991,11941,3587.1284,0,1,0.2719,-1.1140,-0.1015,-1.2330,-1.8835,-0.9858,0.6896,-1.0610,0.8761,1.0305,0.2361,-0.0421,2.8693,0.8866,-0.0213,0.4042
516,True,Optimization terminated successfully.,9861,13004,5458.6491,0,1,-0.0394,-0.8305,-1.0331,-1.0037,-0.8558,-0.4540,0.3613,0.4724,-0.2085,0.3597,-1.5391,0.2374,0.6448,2.2937,-0.6234,1.2515
517,True,Optimization terminated successfully.,19042,25021,922.2822,0,1,-0.4681,-0.5335,-0.7875,-0.7737,-0.0248,0.2372,0.4186,2.2181,1.8126,0.3668,-3.8403,0.3805,0.0169,0.2401,2.6006,2.1395
518,True,Optimization terminated successfully.,26702,34787,441.4942,0,1,-0.3061,-0.8691,-0.8410,-0.9310,-1.0430,-0.0256,0.9168,1.7296,1.5907,1.3924,-2.9754,-0.4327,0.5450,0.8070,1.0301,1.8164
519,True,Optimization terminated successfully.,16477,21524,631.0178,0,1,-0.1327,-0.6290,-1.7556,-1.2864,-0.6096,-0.2931,0.3841,2.8767,2.0177,0.5489,-2.0663,0.3311,-1.3261,0.2103,2.1157,1.4604
520,True,Optimization terminated successfully.,18622,24306,1078.0823,0,1,0.1896,-0.4184,-1.6365,-0.7796,-0.6839,-0.8414,-0.2710,2.2786,0.7936,0.5392,-0.2314,1.4142,-0.3639,1.4601,2.2480,0.6476
521,True,Optimization terminated successfully.,25546,33196,460.7933,0,1,-0.1623,-0.6298,-0.2191,-0.4841,-0.5725,-0.2722,0.3480,0.4688,0.6606,0.3670,-2.1441,0.3799,2.4310,2.2814,2.4544,1.4496
522,True,Optimization terminated successfully.,20494,26978,765.6922,0,1,-0.2549,-1.1431,-1.7706,-1.2779,0.2260,-0.0885,1.2842,3.1710,2.1058,-1.2994,-2.7522,-1.0968,-1.6268,0.0325,4.7500,1.7883
523,True,Optimization terminated successfully.,8746,11613,2726.5965,0,1,-0.0423,-0.9627,-1.6703,-0.7510,-1.3675,-0.5017,0.5574,0.7229,0.7849,2.2954,-1.4242,-0.4744,1.8333,1.4492,-1.1982,0.8685
524,False,Maximum number of iterations has been exceeded.,50000,64915,949.6694,0,0,-0.3919,-1.0683,0.5648,-1.5241,-1.9402,0.1050,1.2068,-0.3094,2.3306,3.3222,-3.4136,-0.9893,3.2722,-0.6925,-1.8989,1.9755
525,True,Optimization terminated successfully.,12960,17037,942.9839,0,1,0.0846,-1.0614,-0.1031,-1.5238,-1.2302,-0.6318,0.9066,-0.3269,2.3155,1.6052,-0.8906,-0.5300,3.3323,-0.4048,0.5959,1.0862
526,True,Optimization terminated successfully.,16282,21304,574.5099,0,1,-0.1080,-0.7526,-0.6244,-1.4045,-1.3511,-0.3408,0.5308,0.6738,2.2067,1.6829,-1.9068,0.0974,1.8603,-0.2965,0.5638,1.3639
527,True,Optimization terminated successfully.,6767,9038,3593.3812,0,1,0.1708,-0.7705,0.2933,-1.7046,-1.4917,-0.8206,-0.3480,1.3582,1.1017,1.0329,-0.2896,0.7654,0.4210,0.5953,0.4715,0.6031
528,True,Optimization terminated successfully.,22055,28726,479.4007,0,1,-0.2368,-0.6192,-0.9681,-0.6289,-1.6923,-0.1310,0.4524,1.7984,0.9682,2.7325,-2.6111,0.2950,0.3385,1.6999,-1.0614,1.6345
529,True,Optimization terminated successfully.,10447,13815,4966.9484,0,1,0.0654,-1.2039,-0.7899,-0.4274,-1.4692,-0.6723,0.8395,-0.4945,-0.3992,0.3860,-0.8253,-0.2763,1.5404,2.3914,0.1989,0.8242
530,True,Optimization terminated successfully.,7311,9755,8533.4347,0,1,0.2183,-1.1894,-1.0815,-0.0991,0.5344,-0.9279,0.1743,-0.1649,-0.6766,0.5910,0.0158,-0.1533,0.9396,2.3428,0.3974,0.3245
531,True,Optimization terminated successfully.,13525,17736,1846.5707,0,1,-0.1112,-1.5244,-1.2710,-0.5759,-0.9447,-0.3444,1.6602,0.7707,0.4986,0.5674,-1.9104,-1.9946,1.9357,1.8801,1.3665,1.2972
532,False,Maximum number of iterations has been exceeded.,50000,64745,954.0175,0,0,-0.1757,-1.4574,-0.6589,-0.3335,-0.3272,-0.2493,1.6548,1.0755,0.3462,0.5065,-2.2399,-1.6015,1.4832,2.8148,2.0422,1.4893
533,True,Optimization terminated successfully.,8774,11623,2636.1616,0,1,-0.1848,-0.9169,-0.8315,-1.0448,-1.9255,-0.2364,0.5923,1.1144,1.2340,0.3668,-2.2652,-0.0848,0.3694,1.1138,0.2506,1.5449
534,True,Optimization terminated successfully.,9186,12153,4396.7982,0,1,0.2120,-1.1987,-1.6228,-0.4200,-0.4408,-0.9289,0.4405,0.2169,0.2305,0.4082,0.0129,0.1979,0.7147,1.8393,1.2632,0.3034
535,True,Optimization terminated successfully.,14299,18800,2436.7132,0,1,0.1521,-1.5659,0.4064,-1.5317,-1.3340,-0.7586,1.3984,-0.8386,1.1965,-0.0874,-0.4900,-1.5446,3.4651,1.0676,1.8011,0.8030
536,True,Optimization terminated successfully.,8384,11087,4454.7823,0,1,0.0980,-1.0515,-0.2315,-0.8708,-1.7218,-0.6642,0.6464,-0.3968,0.0628,0.3534,-0.7897,-0.1819,1.3614,2.1618,0.2218,1.0353
537,True,Optimization terminated successfully.,16616,21689,2221.0140,0,1,0.0824,-0.9624,-0.4767,-0.2093,-1.1474,-0.6166,0.7104,0.5452,0.5691,0.2196,-0.9456,-0.4358,2.2501,3.1222,0.4953,1.0728
538,True,Optimization terminated successfully.,13040,17134,1297.8979,0,1,0.0838,-0.5816,-1.1358,-1.7757,0.1506,-0.6315,0.1762,0.8138,2.5641,-0.8201,-0.9205,0.4724,1.7920,-1.0281,4.0356,1.0393
539,True,Optimization terminated successfully.,18164,23753,545.3431,0,1,0.0215,-0.3646,0.4472,-0.4507,-1.2791,-0.5504,-0.1326,-0.8704,0.6499,1.9277,-1.2083,1.1494,4.3832,2.3014,0.0956,1.0932
540,True,Optimization terminated successfully.,7630,10112,3753.1604,0,1,-0.0626,-0.9681,-1.3050,-0.8003,-1.4131,-0.4605,0.5172,0.3775,0.4896,0.6668,-1.5346,0.0499,-0.0165,1.2255,1.3379,1.0660
541,True,Optimization terminated successfully.,9431,12495,2808.6402,0,1,0.1250,-1.2011,-1.4012,0.0017,-0.7897,-0.7544,0.8922,-0.1298,-0.3586,-0.0008,-0.5419,-0.7170,1.5544,3.0148,2.6850,0.7013
542,True,Optimization terminated successfully.,21239,27821,536.2201,0,1,-0.1905,-0.5895,-0.7147,-0.2752,-0.7038,-0.2310,0.2672,1.1236,0.2638,0.2788,-2.2935,0.5482,1.2836,2.6852,2.5261,1.4341
543,True,Optimization terminated successfully.,12899,16966,750.0149,0,1,0.0305,-0.5053,-0.3457,-0.9963,-0.3348,-0.5406,0.0883,1.0996,1.6772,-0.2826,-1.2144,0.9529,1.6890,0.8384,2.7964,1.1748
544,True,Optimization terminated successfully.,18487,24233,634.5965,0,1,-0.2119,-1.2834,-0.6602,-1.2812,-0.5235,-0.1639,1.4525,1.1395,2.2852,0.0203,-2.5068,-1.3126,1.2339,-0.2096,2.8361,1.6849
545,True,Optimization terminated successfully.,9585,12682,4961.3859,0,1,-0.2393,-0.4394,-0.3795,-0.9612,-1.6247,-0.1625,-0.2309,-0.2271,-0.2648,0.9238,-2.5407,1.1004,1.2329,2.9635,-0.7820,1.4254
546,True,Optimization terminated successfully.,11298,14868,4242.1356,0,1,0.3853,-1.1669,-0.3011,-1.3586,-1.9170,-1.1532,0.5664,-1.6422,0.0554,1.4248,0.8117,-0.6323,4.4341,1.8105,-0.8360,0.1997
547,True,Optimization terminated successfully.,18904,24846,1876.7157,1,0,-0.8158,-0.9264,-1.1116,-0.8696,-1.2341,0.7458,1.1004,1.9392,2.1461,1.4203,-5.6040,-0.5876,-0.4115,0.3894,-0.2420,2.6439
548,True,Optimization terminated successfully.,9246,12279,718.4009,0,1,-0.3072,-0.3229,-0.7006,-0.7755,-1.3200,-0.0446,-0.1541,1.1118,0.8960,1.6504,-2.9334,1.1787,1.1198,1.7619,0.4458,1.6276
549,True,Optimization terminated successfully.,9047,11924,6647.4567,0,1,-0.0327,-1.1484,-1.1701,-0.3685,-0.0095,-0.5410,0.8170,-0.0122,-0.4730,0.3190,-1.3068,-0.0717,0.3327,2.3767,0.8014,0.8507
550,True,Optimization terminated successfully.,22303,29106,975.3028,0,1,-0.1870,-0.3190,-1.6313,-1.5200,-0.6136,-0.2212,-0.0677,2.9937,2.9001,1.2358,-2.3094,1.0860,-1.4004,-1.4184,1.8424,1.5021
551,True,Optimization terminated successfully.,15015,19759,4350.0373,0,1,0.1603,-1.2139,-1.5941,-0.6414,-0.7687,-0.8487,0.4828,0.4853,1.1149,1.6180,-0.2580,0.1306,0.6598,0.5033,-0.1481,0.3521
552,True,Optimization terminated successfully.,9165,12129,4121.8176,0,1,0.1445,-0.6590,0.3731,-0.6031,-1.5590,-0.7300,-0.0592,0.0853,0.3724,-0.3641,-0.5521,0.9621,1.7399,2.4142,0.5995,0.9683
553,True,Optimization terminated successfully.,12033,15752,1259.7437,1,0,0.0670,-1.3037,1.2214,-0.2901,-0.3661,-0.6228,1.2478,-2.0079,-0.4041,0.3796,-0.9445,-1.0692,5.7844,3.3054,2.4016,1.0222
554,True,Optimization terminated successfully.,14188,18677,1828.4266,0,1,0.3855,-0.7496,-0.5151,-0.6897,-1.5505,-1.1221,0.1542,-0.6107,0.1814,1.5015,0.7489,0.3753,3.8279,2.4097,-0.0729,0.3482
555,True,Optimization terminated successfully.,15939,20913,2204.1259,1,0,0.5227,-0.7878,-0.5053,0.4267,-2.1770,-1.3517,0.1273,0.2311,-1.7164,3.0103,1.5037,0.7757,2.2915,5.3107,-2.3097,0.0497
556,True,Optimization terminated successfully.,7696,10384,4193.8188,0,1,0.0232,-0.9432,-0.6853,-1.5025,-0.9626,-0.6229,0.4409,0.5719,0.3510,0.7871,-1.0166,0.5942,0.9423,0.8640,-0.0052,0.7743
557,True,Optimization terminated successfully.,25601,33480,714.8523,0,1,0.0185,-0.6991,-0.0311,0.5576,0.0479,-0.5233,0.3946,0.0277,-0.9970,-0.1661,-1.2697,0.3298,3.0414,4.7861,3.3710,1.1613
558,True,Optimization terminated successfully.,15905,20937,565.2173,0,1,0.0683,-0.7188,0.0170,0.2638,-0.1314,-0.6254,0.3432,-0.1976,-0.5666,-0.3370,-0.9497,0.3776,3.2501,4.0584,3.4293,0.9485
559,True,Optimization terminated successfully.,15616,20683,738.1358,1,0,-0.7017,-1.2900,-1.1710,-1.9381,-0.4329,0.5908,1.7122,2.3628,3.5457,0.2957,-5.0683,-1.7298,-0.7453,-2.2006,2.5751,2.5952
560,True,Optimization terminated successfully.,13637,17934,1331.4372,0,1,0.3264,-0.8262,-0.6801,-0.1439,-0.7532,-1.0298,0.3952,0.2418,-0.1650,1.0234,0.4235,0.3367,2.3290,3.2189,1.5464,0.4982
561,True,Optimization terminated successfully.,9111,12032,4713.2195,0,1,0.3216,-1.4729,-0.6162,-1.3320,-1.5086,-1.0472,1.0520,0.9241,-0.3728,1.8576,0.4893,-0.7719,0.5462,2.0264,-1.3897,0.4097
562,False,Maximum number of iterations has been exceeded.,50000,64532,704.1535,0,0,-0.0280,-0.3350,-1.4199,-0.3127,-1.1025,-0.4621,-0.0703,2.1435,0.1284,1.7561,-1.4966,1.1866,-0.4285,2.8030,0.4467,1.1409
563,True,Optimization terminated successfully.,18242,23924,603.4697,1,0,-0.0248,-0.8980,-0.6298,-0.2349,0.4235,-0.4706,0.7539,1.0705,0.1849,-1.4240,-1.4693,-0.1532,1.3394,2.7984,5.2249,1.2179
564,True,Optimization terminated successfully.,12658,16727,915.4561,0,1,0.2651,-0.4679,-0.7094,-0.8275,-1.7882,-0.9350,-0.1337,0.6159,0.7453,2.3444,0.1128,1.1568,1.8708,1.8610,-0.7716,0.6129
565,True,Optimization terminated successfully.,25736,33651,2278.6124,0,1,0.3017,-1.0872,-0.3357,-1.6125,-1.8392,-0.9591,0.6016,0.1761,1.1297,1.7394,0.2241,-0.1811,1.9316,0.2956,0.0676,0.7267
566,True,Optimization terminated successfully.,23117,30230,653.3440,0,1,-0.1113,-0.7586,-0.8949,0.0824,-1.2396,-0.3323,0.5377,1.6115,-0.0472,2.2023,-1.9202,0.1037,0.7000,3.3931,-0.1398,1.4316
567,True,Optimization terminated successfully.,9839,13007,873.8564,0,1,-0.2889,-0.5011,-1.8358,-0.2668,-0.7551,-0.0659,0.1396,3.0706,0.1907,-0.0100,-2.8458,0.8083,-1.6226,2.8160,2.1887,1.7120
568,True,Optimization terminated successfully.,30039,39133,963.0149,0,1,-0.0479,-1.1379,-1.1871,-0.8060,-1.2290,-0.4437,1.0632,1.9332,0.6708,1.7008,-1.5890,-0.7408,-0.0594,1.5443,0.6962,1.2652
569,True,Optimization terminated successfully.,13014,17077,1163.4980,0,1,-0.1290,-0.1310,-0.6476,-1.7642,-0.5356,-0.3103,-0.4614,0.2956,1.9966,-0.1701,-2.0076,1.5338,2.0952,-0.1227,2.6001,1.4214
570,True,Optimization terminated successfully.,8677,11550,4629.4136,0,1,0.0950,-0.6956,-0.6730,-1.1030,-1.8711,-0.7423,0.0949,0.3818,0.2009,0.4128,-0.5968,1.0565,0.5859,1.6395,-0.0573,0.6140
571,True,Optimization terminated successfully.,20429,26807,1019.4746,1,0,-0.1941,-1.2136,0.5820,-1.2043,0.8251,-0.2079,1.2690,-1.0688,2.1105,-2.3154,-2.3462,-1.0652,4.3927,-0.0326,6.3023,1.5302
572,True,Optimization terminated successfully.,9227,12200,6880.5046,0,1,0.3355,-0.8697,-0.9724,-0.5987,-0.6796,-1.0163,0.3377,0.0339,-0.0297,0.9243,0.4129,0.4108,0.2068,2.2921,-1.0123,0.6615
573,True,Optimization terminated successfully.,13039,17027,1275.7175,0,1,0.2016,-0.2882,-0.3579,-0.8609,-0.4020,-0.8109,-0.2138,0.5875,1.1637,1.0760,-0.2814,1.5263,1.4045,1.2225,2.0100,0.8518
574,True,Optimization terminated successfully.,19829,25851,1424.1704,0,1,0.2263,-0.9139,-0.1344,-0.6116,-2.1507,-0.8667,0.5740,-0.5985,-0.1726,2.9623,-0.1093,-0.1074,3.5736,2.8313,-1.6183,0.7121
575,True,Optimization terminated successfully.,29216,38002,549.7635,1,0,-0.0487,-0.1165,-0.4729,0.7306,-1.1400,-0.4594,-0.5481,0.9048,-1.7764,1.6746,-1.5068,1.7665,1.6608,5.8299,0.3271,1.1605
576,True,Optimization terminated successfully.,8840,11745,6221.5163,0,1,0.3672,-1.1477,-1.8240,-0.6447,-0.4730,-1.1473,0.4896,0.0340,-0.3698,0.6426,0.7681,-0.1741,0.9915,2.4742,0.0522,0.1175
577,True,Optimization terminated successfully.,18141,23671,879.0625,0,1,-0.5076,-1.5989,-2.1315,-0.7662,-0.8316,0.2828,2.0403,3.4977,1.0398,0.3177,-4.0224,-2.3697,-2.3545,1.3998,2.4770,2.1610
578,True,Optimization terminated successfully.,13501,17673,547.0035,0,1,0.0832,-0.5156,-0.1888,-0.8900,-0.6853,-0.6443,0.0584,0.0086,0.7745,0.5163,-0.8739,0.8422,2.9135,1.8325,2.1795,0.9676
579,True,Optimization terminated successfully.,20549,26980,908.4064,0,1,0.0183,-1.0014,-0.6635,-0.2387,-0.5003,-0.5454,0.8141,0.5963,-0.4657,-0.6561,-1.2175,-0.4957,1.9552,3.6352,3.4060,1.1369
580,True,Optimization terminated successfully.,14028,18476,708.3099,0,1,-0.2926,-0.6245,-0.1298,0.0690,-0.9503,-0.0512,0.3639,0.5034,-0.2362,0.5614,-2.9000,0.4411,2.0228,3.5473,1.8889,1.6815
581,True,Optimization terminated successfully.,15308,20055,4876.7420,0,1,0.0608,-1.1193,-0.6008,-1.4881,-0.8620,-0.6611,0.6066,-0.7134,1.1620,-0.6692,-0.8578,-0.1284,1.3544,0.1380,2.7078,0.8002
582,True,Optimization terminated successfully.,13478,17788,569.4899,0,1,-0.1719,-0.7379,-0.5067,-1.5883,-0.9549,-0.2324,0.5475,0.5505,2.6366,1.1245,-2.2734,0.1021,2.1865,-0.7823,1.2341,1.5252
583,True,Optimization terminated successfully.,21960,28706,475.2598,0,1,-0.3774,-0.9849,-1.2050,-1.0663,-0.4635,0.0864,1.0962,2.3017,1.9160,0.3435,-3.3415,-0.7419,-0.3960,0.3350,2.6614,1.9203
584,True,Optimization terminated successfully.,9862,13122,6025.7138,0,1,0.1794,-0.9626,-0.2801,-0.8987,-1.4556,-0.8348,0.2673,-0.4137,0.2738,0.1786,-0.2581,0.3348,2.0730,1.7675,-1.0954,0.6471
585,True,Optimization terminated successfully.,21198,27775,523.6308,0,1,-0.1973,-0.5250,-0.8737,-0.8596,-1.7988,-0.2093,0.2226,1.7158,1.2622,2.8249,-2.3536,0.6881,0.4934,1.3436,-1.1652,1.5661
586,True,Optimization terminated successfully.,18800,24603,950.2400,0,1,0.1194,-0.8489,-0.7710,-0.2375,-0.4825,-0.6891,0.4928,0.6011,-0.0397,0.3594,-0.7274,-0.1433,2.2436,3.2404,2.6501,0.9386
587,True,Optimization terminated successfully.,13273,17462,1292.1714,0,1,-0.2906,-0.3850,-0.2898,-2.3615,-1.6328,-0.0798,-0.1021,0.6995,3.3343,1.7358,-2.7970,1.0657,1.3548,-2.0466,0.1989,1.6412
588,True,Optimization terminated successfully.,10382,13714,3224.6872,0,1,0.3261,-1.1788,-0.6193,-1.2445,-1.8259,-1.0473,0.7717,-0.5165,0.0717,1.3623,0.4663,-0.4866,2.5518,1.9993,-0.5605,0.4613
589,True,Optimization terminated successfully.,7133,9559,5343.3568,0,1,0.0379,-1.0174,-0.3424,-0.6201,-0.8431,-0.5887,0.5806,-0.4597,-1.0638,-0.6696,-1.0620,-0.0934,1.1816,3.6843,1.4328,1.0314
590,True,Optimization terminated successfully.,10005,13225,1038.7628,0,1,0.1152,-0.6951,-0.5961,-0.6417,-1.6622,-0.6816,0.4063,0.4525,0.4719,2.6456,-0.7452,0.3970,1.7687,2.0166,-0.8270,0.9753
591,True,Optimization terminated successfully.,23984,31420,942.6603,0,1,0.0473,-0.6169,-0.7920,-0.5737,-1.1430,-0.5815,0.0834,1.6199,0.8277,2.3236,-1.0981,0.7755,1.0362,1.9580,-0.6107,1.0814
592,True,Optimization terminated successfully.,18030,23681,437.7431,0,1,-0.3759,-0.8778,-1.0659,-0.6727,-1.3036,0.0760,0.8700,2.3163,1.3410,2.0435,-3.3156,-0.3925,-0.1790,1.3418,-0.0880,1.9344
593,True,Optimization terminated successfully.,23510,30800,894.7151,1,0,-0.2961,-0.8567,-0.3202,0.6405,-1.2206,-0.0715,0.7175,0.6590,-1.3825,1.2256,-2.8750,-0.4063,2.3456,5.1948,0.6297,1.5850
594,True,Optimization terminated successfully.,14251,18688,811.4067,1,0,-0.0378,-0.2986,-1.5408,0.7317,-1.7651,-0.4609,-0.3611,2.6264,-1.5134,2.8317,-1.5133,1.4911,-0.9892,5.4400,-1.4137,1.1715
595,True,Optimization terminated successfully.,22831,29755,500.8753,0,1,-0.2365,-0.9215,0.0577,-1.2626,-0.5737,-0.1457,0.8621,-0.0508,2.1119,0.4768,-2.5801,-0.4428,3.0998,0.0054,2.4315,1.6377
596,True,Optimization terminated successfully.,10483,13840,2303.0491,0,1,-0.0179,-0.9700,-0.2258,-0.6270,-0.9281,-0.4703,0.8630,0.7340,0.5555,0.5356,-1.4420,-0.4157,2.1061,2.7121,-0.0261,1.2790
597,True,Optimization terminated successfully.,17988,23498,686.6225,0,1,-0.0499,-0.7291,-0.4768,0.4157,-0.9884,-0.4181,0.5520,0.7343,-0.9433,1.4741,-1.6480,0.0521,1.9303,4.6252,0.9192,1.3229
598,True,Optimization terminated successfully.,9804,12954,5664.2266,0,1,0.4950,-0.8184,-1.2477,-0.7005,-1.4759,-1.3433,-0.2560,-0.1807,-0.6542,-0.3037,1.4497,0.8379,1.4001,2.7666,0.5946,-0.0812
599,True,Optimization terminated successfully.,12436,16362,881.8673,0,1,-0.2714,-0.9868,-1.5524,-0.8112,-1.7137,-0.1148,0.8949,2.0645,1.0796,1.5735,-2.7057,-0.6441,-0.2262,1.3505,0.3538,1.5656
600,True,Optimization terminated successfully.,18472,24254,1439.8423,0,1,0.1151,-1.3366,0.3099,-1.4118,-0.2252,-0.6861,1.3115,-0.5203,2.6050,-0.2289,-0.7251,-1.1556,3.7559,-0.6965,3.0681,1.0077
601,True,Optimization terminated successfully.,28353,37052,1130.7635,1,0,-0.1427,-1.2820,0.4424,-1.3956,0.5536,-0.3000,1.4940,-0.7335,2.3151,-1.1859,-2.0496,-1.4638,3.9371,-0.3194,5.1924,1.5051
602,True,Optimization terminated successfully.,8314,11090,4452.0117,0,1,0.2914,-1.1220,-0.9454,-1.6016,-1.1504,-0.9944,0.5280,-0.0444,0.7005,-0.1478,0.2862,-0.5756,0.9166,0.8214,2.6358,0.4515
603,True,Optimization terminated successfully.,16423,21555,426.4499,0,1,0.0322,-0.3973,-0.2272,0.1407,-0.5266,-0.5820,-0.1211,0.2458,-0.8061,0.2194,-1.1044,1.1323,2.3857,4.1708,2.7445,1.0138
604,True,Optimization terminated successfully.,18689,24407,892.5541,1,0,-0.3365,-1.2806,-1.7298,0.7858,-1.7545,0.0278,1.5010,3.0438,-1.0263,3.1355,-3.1598,-1.4761,-1.6394,5.0061,-1.4639,1.8346
605,True,Optimization terminated successfully.,17592,22946,1181.1989,0,1,0.2971,-0.8520,-0.5507,-0.4218,-0.0277,-0.9961,0.4111,0.7240,-0.2967,-0.3709,0.3181,0.2327,1.6601,3.1656,3.7627,0.5440
606,True,Optimization terminated successfully.,8507,11259,3743.6558,0,1,0.1409,-0.9994,-1.3244,-0.7728,-1.4351,-0.7496,0.7151,0.6375,-0.3541,1.5781,-0.5456,-0.3013,0.1671,1.4731,1.1047,0.7817
607,True,Optimization terminated successfully.,14817,19532,1046.7283,0,1,-0.0967,-0.9264,-0.9383,-1.1684,-0.9033,-0.3720,0.7161,1.0768,1.5321,0.3946,-1.8035,-0.1864,0.7470,0.4366,2.6624,1.2762
608,True,Optimization terminated successfully.,9735,12882,7591.7697,0,1,-0.0468,-1.1505,-0.6651,-1.0261,0.5535,-0.5073,0.5630,-0.3374,0.8102,0.0447,-1.4162,-0.0445,0.4494,-0.4974,2.1071,0.8458
609,True,Optimization terminated successfully.,12884,16874,1725.0029,0,1,0.0339,-1.4056,-1.2797,-1.7970,-0.7721,-0.5332,1.4813,1.6364,3.4628,1.8463,-1.2229,-1.4814,0.2899,-2.1661,0.6213,1.2912
610,True,Optimization terminated successfully.,24373,31786,455.9804,0,1,-0.2612,-0.6989,-0.9717,-0.9794,-1.2837,-0.1024,0.5692,1.9245,1.6538,1.8354,-2.7238,0.0703,0.2655,0.6634,0.3913,1.6914
611,True,Optimization terminated successfully.,8510,11308,3288.8505,0,1,0.4249,-0.7639,-0.5051,-1.3387,-1.8370,-1.1751,0.0821,1.2254,0.8327,2.2935,0.9479,0.6050,-0.4775,0.9216,-0.0690,0.4228
612,True,Optimization terminated successfully.,9127,12060,3593.5801,0,1,0.1742,-0.9715,-0.6502,-1.2862,-1.1328,-0.7942,0.4583,0.4999,0.9477,0.3600,-0.3537,0.3151,1.7298,0.9008,-0.2972,0.8007
613,True,Optimization terminated successfully.,9375,12360,6275.8185,0,1,-0.1050,-0.8742,-1.1028,-0.8541,0.0971,-0.4165,0.3539,0.1024,0.3154,-0.2592,-1.7058,0.1548,1.8949,1.7672,0.1645,0.9782
614,True,Optimization terminated successfully.,9201,12118,4598.3350,0,1,0.3005,-0.9988,-1.4825,-0.8537,-0.7606,-1.0463,0.2893,-0.3099,-0.3207,0.0518,0.4269,0.3220,1.7429,2.3685,0.8182,0.2535
615,True,Optimization terminated successfully.,7590,10108,7347.5551,0,1,0.2619,-1.1492,0.1221,-0.9469,-0.8578,-1.0026,0.1744,-0.3535,0.0545,0.2662,0.2749,0.5091,0.9290,1.8321,-0.2112,0.2909
616,True,Optimization terminated successfully.,20814,27250,544.7797,0,1,-0.1288,-0.7573,-0.8707,-0.6665,-0.2317,-0.2982,0.5559,1.8185,0.8575,0.0073,-2.0219,0.0431,0.4319,1.9801,3.1635,1.4409
617,True,Optimization terminated successfully.,19648,25637,578.7487,0,1,-0.0507,-0.9060,-0.1754,-0.1976,-0.5382,-0.4274,0.7396,0.0222,0.1930,0.0606,-1.6049,-0.2092,2.8577,2.9655,2.8300,1.2468
618,True,Optimization terminated successfully.,27264,35652,1221.9301,0,1,-0.3409,-1.4741,-0.7908,-0.7068,-0.3277,0.0214,1.7677,0.7936,0.8675,-0.3737,-3.1225,-1.9276,1.0507,1.2669,3.8861,1.8471
619,True,Optimization terminated successfully.,14921,19641,2629.0951,0,1,0.2571,-0.7075,-1.3762,-1.8802,-0.3635,-0.9744,-0.0282,0.3152,1.2546,-0.9499,0.1831,0.6418,1.8812,0.3215,3.3396,0.3377
620,True,Optimization terminated successfully.,17456,22872,442.2865,0,1,-0.3489,-1.0852,-1.0422,-0.2638,-1.0406,0.0487,1.1901,2.1385,0.4231,1.4014,-3.2248,-0.9212,-0.0730,2.6010,0.9012,1.8963
621,True,Optimization terminated successfully.,13801,18157,1042.1891,0,1,0.0850,-0.7555,-0.9817,-2.0312,-1.3067,-0.6433,0.3644,1.2227,3.1095,1.3395,-0.8875,0.3265,1.2220,-1.9084,0.7970,0.9850
622,True,Optimization terminated successfully.,32746,42585,1013.6008,0,1,-0.3243,-0.3492,-1.2214,-0.4080,-1.9442,0.0027,0.1522,2.4928,0.9277,3.7056,-3.0699,0.8092,-0.6687,1.6864,-2.4091,1.8476
623,True,Optimization terminated successfully.,16939,22186,953.6238,0,1,0.1685,-0.7625,-0.4175,-1.0264,-1.3692,-0.7442,0.4781,0.3071,1.1747,1.8841,-0.5000,0.1237,2.6833,1.5053,-0.3915,0.9856
624,True,Optimization terminated successfully.,22115,28821,478.8851,0,1,-0.2305,-0.7522,-1.4973,-0.3401,-0.6068,-0.1488,0.5770,2.6742,0.3713,0.6418,-2.5760,0.1013,-0.9888,2.6108,2.1174,1.6560
625,True,Optimization terminated successfully.,20516,26812,438.4500,0,1,-0.1875,-0.8497,-0.8108,0.0427,-0.2383,-0.2227,0.7192,1.5149,-0.1733,-0.2849,-2.3180,-0.2171,0.7671,3.5190,3.5322,1.5175
626,True,Optimization terminated successfully.,23911,31264,992.4339,0,1,-0.5564,-1.6844,0.6288,-1.0335,-1.1775,0.3863,2.3223,-0.6066,2.1788,1.4924,-4.3589,-2.6863,4.0583,0.0189,0.4549,2.3257
627,True,Optimization terminated successfully.,34380,44754,1061.6372,0,1,-0.0148,-0.9152,0.4254,-1.3375,-0.5654,-0.4324,1.0309,-0.5636,2.1645,1.1426,-1.5781,-0.6440,3.7012,-0.1656,1.5855,1.3755
628,True,Optimization terminated successfully.,17820,23414,1216.9402,0,1,0.1546,-0.8360,-1.0589,-0.4933,-2.0972,-0.7292,0.5287,1.6483,-0.2151,3.2716,-0.5532,0.0268,0.2598,3.2245,-1.8305,0.9775
629,True,Optimization terminated successfully.,19484,25464,915.8116,0,1,0.0695,-0.2649,-1.3942,-1.3129,-2.3194,-0.6216,-0.3826,2.0577,1.6345,3.7089,-0.9552,1.5406,-0.2668,0.5637,-2.5582,0.9889
630,True,Optimization terminated successfully.,19123,25025,677.3661,0,1,-0.2891,-1.2436,-0.8527,-0.8602,-1.8244,-0.0497,1.3836,1.3506,1.3798,2.2747,-2.8817,-1.2958,1.1317,1.0594,-0.6729,1.7468
631,True,Optimization terminated successfully.,24407,31871,471.2712,0,1,-0.2391,-0.7075,-0.4414,-0.7084,-1.2857,-0.1350,0.5197,0.9171,1.1909,1.8765,-2.6009,0.1182,1.6850,1.5461,0.3768,1.6209
632,True,Optimization terminated successfully.,11106,14717,3161.5272,0,1,0.1585,-1.1402,-1.5700,-1.5993,-1.2253,-0.8110,0.6183,1.1027,0.2210,0.8599,-0.3500,-0.4334,0.1784,1.3688,0.9196,0.6541
633,True,Optimization terminated successfully.,11894,15693,776.6120,0,1,-0.3124,-0.5126,-2.2616,-0.6104,-2.1647,-0.0269,0.2598,3.9109,1.0235,3.4142,-2.9558,0.5556,-2.8770,1.7670,-2.1413,1.7673
634,True,Optimization terminated successfully.,35588,46232,510.9932,0,1,-0.1970,-0.6189,-0.4626,-1.5545,-1.2244,-0.2026,0.3017,0.8348,2.5381,1.6073,-2.3720,0.4732,1.8196,-0.6813,0.4543,1.5419
635,True,Optimization terminated successfully.,8792,11700,2651.3881,0,1,0.4266,-0.6055,-0.5721,-1.2341,-2.2346,-1.1947,-0.2427,0.3744,1.3485,1.9619,0.9903,0.8889,2.2853,1.4551,-1.8561,0.2135
636,True,Optimization terminated successfully.,8607,11417,3254.1179,0,1,0.1301,-1.0210,-1.5696,-0.2027,-1.1085,-0.7478,0.6048,0.5695,-0.0658,1.3095,-0.5389,0.1663,0.3421,2.0100,0.4964,0.8315
637,True,Optimization terminated successfully.,36084,46906,612.9651,0,1,-0.3549,-1.1814,-0.3882,-0.9032,-1.3515,0.0453,1.3891,0.7419,1.5831,1.4494,-3.2195,-1.2930,1.8851,0.9379,0.6918,1.8951
638,True,Optimization terminated successfully.,18500,24286,494.9238,0,1,-0.0912,-0.8086,-0.5127,-0.8537,-0.2311,-0.3755,0.6289,0.5978,1.2014,-0.1226,-1.8020,-0.1101,2.0885,1.4954,3.2741,1.3318
639,True,Optimization terminated successfully.,24393,31885,519.0060,0,1,-0.2266,-0.8779,-1.0047,-0.2070,-1.1670,-0.1387,0.7970,1.8006,0.3638,1.6825,-2.5734,-0.3217,0.3976,2.6693,0.5701,1.6318
640,True,Optimization terminated successfully.,12444,16303,694.4447,0,1,-0.6325,-1.7330,-0.5862,-1.2055,-1.1789,0.5064,2.4870,1.5561,2.4421,1.8731,-4.7655,-2.9589,0.7230,-0.3223,0.4789,2.5298
641,True,Optimization terminated successfully.,15275,20019,2716.3112,0,1,0.3297,-1.0115,-1.7738,-0.7220,-0.7588,-1.0188,0.7198,3.1311,-0.3866,2.0266,0.4167,-0.2303,-1.8430,2.9206,-0.5268,0.6816
642,True,Optimization terminated successfully.,16321,21393,809.2336,0,1,-0.1969,-1.0215,0.3078,-2.1009,-1.0661,-0.1976,0.9841,-0.6561,3.3621,1.4229,-2.3729,-0.6529,4.1062,-1.9847,0.7568,1.5668
643,True,Optimization terminated successfully.,18045,23677,464.9325,0,1,-0.2574,-0.9363,-1.1935,-0.9019,-0.1583,-0.1095,0.9530,2.1521,1.2495,-0.6363,-2.7007,-0.5803,-0.2374,1.3046,3.8141,1.6651
644,True,Optimization terminated successfully.,15165,19865,4276.2501,0,1,0.2762,-0.7499,-0.7333,0.1145,-1.1422,-0.9447,0.1405,0.4504,-0.3509,1.4356,0.1462,1.0739,-0.0204,3.8548,-0.7526,0.6573
645,True,Optimization terminated successfully.,21234,27848,799.7324,0,1,-0.2890,-1.6069,-0.6498,-0.7790,-1.1844,-0.0348,2.0267,1.5094,2.0057,1.8449,-2.9167,-2.3003,0.9742,0.1628,0.5509,1.8619
646,True,Optimization terminated successfully.,6782,9066,5836.0129,0,1,0.2484,-0.7005,-1.3114,0.4533,-2.0984,-0.9840,-0.1556,-0.5615,-0.2446,1.4531,0.2007,0.8654,1.7372,3.2599,-1.9890,0.2326
647,True,Optimization terminated successfully.,18121,23706,776.3141,0,1,-0.3901,-0.5520,-0.6509,-0.7423,0.0653,0.0759,0.2898,1.3521,1.4249,-0.6514,-3.3506,0.2907,1.0051,0.7466,4.2259,1.8089
648,True,Optimization terminated successfully.,7739,10263,9766.3879,0,1,0.1436,-1.1384,-0.9170,0.0352,0.4673,-0.8273,0.3138,-0.8272,0.0405,0.2302,-0.3459,-0.5335,1.9664,2.3403,0.0554,0.3286
649,True,Optimization terminated successfully.,23904,31295,485.6284,0,1,-0.4892,-1.3117,-1.3322,-1.8670,-0.8132,0.2840,1.7016,2.7740,3.3577,1.0272,-4.0224,-1.7335,-0.8568,-1.6792,1.5699,2.2563
650,True,Optimization terminated successfully.,10485,13849,3361.5672,0,1,0.1491,-0.7881,-0.9270,-0.8885,-1.2476,-0.7788,0.2351,-0.5903,0.0187,0.2206,-0.4661,0.4691,2.6299,2.4965,0.3592,0.6727
651,True,Optimization terminated successfully.,20293,26480,745.4411,0,1,-0.3317,-0.6427,-1.8035,-1.8173,-0.5142,0.0240,0.5829,3.4210,3.5399,0.8546,-3.1267,0.0944,-1.9034,-1.8393,1.6042,1.9236
652,True,Optimization terminated successfully.,13240,17374,1373.4249,1,0,0.1998,-1.1850,1.0549,0.0332,-1.1068,-0.8464,0.9359,-2.2147,-0.3675,0.6936,-0.2128,-0.6824,6.3147,3.4499,1.4318,0.7037
653,True,Optimization terminated successfully.,16626,21782,682.0885,0,1,-0.2868,-0.6608,-1.1330,-2.1001,-1.5096,-0.0573,0.4964,2.0246,3.5040,2.3140,-2.8442,0.2034,-0.0034,-2.0981,-0.3890,1.7665
654,True,Optimization terminated successfully.,16289,21335,642.8898,0,1,0.0219,-0.5835,-0.8964,0.0246,-1.2640,-0.5257,0.2779,1.4177,0.0381,2.1238,-1.2689,0.5543,0.9607,3.3983,-0.3326,1.1743
655,True,Optimization terminated successfully.,16210,21279,6164.0963,0,1,-0.1614,-0.8196,-0.7019,-0.8558,-0.4364,-0.3208,0.2835,0.5692,1.0682,0.5110,-2.0268,0.8870,-0.5346,-0.1553,0.6654,1.1923
656,True,Optimization terminated successfully.,21752,28501,552.1475,0,1,-0.1943,-0.7721,-0.3730,-1.0022,-0.1067,-0.2210,0.6043,0.6267,1.6207,-0.5426,-2.3240,0.0056,2.0903,0.7352,3.7162,1.5321
657,True,Optimization terminated successfully.,17988,23592,1183.7388,0,1,0.1515,-0.0321,-0.7471,-2.1064,-1.3048,-0.7640,-0.7767,0.8979,3.0253,1.3994,-0.4871,2.2379,1.2826,-1.6388,0.6032,0.7961
658,True,Optimization terminated successfully.,17508,22859,908.0871,0,1,-0.1368,-0.8261,-2.0261,-0.9523,-0.6962,-0.2706,0.7825,3.8539,1.7016,1.4019,-2.1176,-0.2002,-2.6409,0.4993,1.2441,1.5764
659,True,Optimization terminated successfully.,19812,26010,3033.8072,0,1,-0.0948,-1.0402,-0.7487,-0.9133,-1.5589,-0.3751,0.8770,-0.2112,0.7066,0.3181,-1.7971,-0.4465,2.4917,1.5315,0.0673,1.2960
660,True,Optimization terminated successfully.,27327,35496,575.2761,0,1,-0.2182,-0.8252,0.2976,-0.9672,0.0200,-0.1732,0.7230,-0.3275,1.7938,-0.4552,-2.4894,-0.1594,3.4518,0.4721,3.7810,1.5843
661,True,Optimization terminated successfully.,16116,21146,852.0996,1,0,-0.2080,-0.9239,-0.0427,-1.1399,0.1686,-0.1898,0.8082,-0.1989,1.5001,-1.7206,-2.4293,-0.4126,2.9552,0.7103,5.3160,1.5219
662,True,Optimization terminated successfully.,6916,9312,6791.9152,0,1,0.0202,-1.0278,-0.6832,-0.4440,-0.6064,-0.5780,0.6952,-1.1427,-1.4736,0.3518,-1.1606,-0.4195,2.2892,4.0514,-0.1621,0.9788
663,True,Optimization terminated successfully.,8750,11579,4174.8466,0,1,0.0718,-1.0370,-1.0618,-1.0970,-1.1080,-0.6659,0.5717,-0.1244,0.2347,-0.3018,-0.8398,-0.0793,0.8183,1.3137,2.1700,0.8019
664,True,Optimization terminated successfully.,10864,14328,3492.6479,0,1,0.2969,-0.9620,-1.4659,-0.7658,-0.8740,-0.9773,0.4951,1.2878,0.9602,-0.3425,0.2461,-0.0834,-0.9685,0.4345,3.8275,0.5795
665,True,Optimization terminated successfully.,17300,22680,746.7324,0,1,-0.2735,-0.2519,-1.1889,-1.3829,0.1484,-0.0916,-0.2010,2.3095,2.4143,-0.6696,-2.7744,1.3098,-0.4571,-0.5652,3.9986,1.6270
666,True,Optimization terminated successfully.,22297,29229,3684.9205,0,1,0.2059,-0.9633,-0.5159,0.2012,0.1602,-0.7916,0.8069,1.0737,-0.1500,-0.0487,-0.3186,-0.2663,1.4112,3.5168,0.9695,1.0513
667,True,Optimization terminated successfully.,8742,11621,5715.8998,0,1,-0.2078,-1.1259,-0.4601,-0.8259,-0.2713,-0.2572,0.7522,1.2424,1.3488,0.7134,-2.2397,0.1979,-1.3252,-0.5082,1.6313,1.2153
668,True,Optimization terminated successfully.,32379,42064,601.5478,0,1,-0.3216,-1.0692,-1.6872,0.2678,-0.1677,0.0018,1.1922,3.2528,-0.4874,-0.2931,-3.0544,-0.8083,-1.8655,3.8997,3.3714,1.8093
669,True,Optimization terminated successfully.,9251,12280,6398.7098,0,1,0.1814,-1.0097,-1.0424,-1.1758,-1.3049,-0.8736,0.1937,-0.1539,0.1819,0.9142,-0.1825,0.5270,0.3528,0.8528,0.0856,0.4014
670,True,Optimization terminated successfully.,12180,15989,586.5699,0,1,-0.1490,-0.4307,-0.0777,-0.6410,0.0499,-0.2821,0.0287,0.1709,0.5324,-0.8626,-2.1256,0.9092,2.6730,2.1799,4.0409,1.3999
671,True,Optimization terminated successfully.,9914,13113,5001.9292,0,1,0.0915,-1.1240,-0.7211,-0.1390,-1.2635,-0.7246,0.5562,-0.1191,-0.6132,0.4858,-0.6768,0.3755,1.3591,2.4806,-0.0481,0.6322
672,True,Optimization terminated successfully.,18410,24137,1019.5697,0,1,0.1799,0.3297,-1.2087,-1.0068,-1.5135,-0.8160,-1.3597,1.8828,1.2080,2.0952,-0.3068,3.1925,0.1449,1.3549,-0.7839,0.7001
673,True,Optimization terminated successfully.,13311,17556,640.5608,0,1,-0.0300,-0.6423,-0.2419,-1.1613,-0.6569,-0.4790,0.2918,0.0686,1.4489,0.0117,-1.4510,0.4933,2.7492,0.7433,2.7152,1.1304
674,True,Optimization terminated successfully.,8644,11429,7391.2683,0,1,-0.0691,-0.9651,-0.8269,0.1907,-0.1361,-0.4807,0.3732,-0.0199,-0.6631,-0.0683,-1.5109,0.5071,0.8471,2.6657,0.0806,0.9251
675,True,Optimization terminated successfully.,10821,14266,1219.5585,0,1,-0.1678,-1.0901,-0.2073,-0.1865,-1.7494,-0.2547,1.0163,-0.3314,-0.7706,2.0459,-2.2105,-0.7721,2.9310,4.0746,-0.4280,1.4399
676,False,Maximum number of iterations has been exceeded.,50000,64641,799.5590,0,0,-0.0882,-1.0638,0.2948,-0.2261,-0.2462,-0.3782,0.8436,-0.1958,-0.0598,0.3853,-1.8022,-0.3889,3.2150,3.0894,2.7795,1.2799
677,True,Optimization terminated successfully.,11412,15030,3402.1635,1,0,0.0249,-0.3949,-0.8716,0.1714,-1.7936,-0.5789,-0.1932,0.5558,-1.5492,0.2085,-1.1171,1.0785,1.2470,5.3218,-0.0115,0.9636
678,True,Optimization terminated successfully.,34127,44565,1196.0587,0,1,0.1197,-0.5422,0.1585,-0.5526,-0.1008,-0.5836,0.3561,-0.1943,0.6292,-0.8558,-1.0650,0.1746,2.9362,1.7564,4.5642,1.2320
679,True,Optimization terminated successfully.,26003,33933,527.8007,0,1,-0.1831,-0.8374,-0.3123,-0.3442,-0.1121,-0.2313,0.6905,0.6843,0.5537,-0.8339,-2.2792,-0.1690,1.9898,2.4362,4.1418,1.5102
680,True,Optimization terminated successfully.,26392,34421,550.1740,0,1,-0.3050,-0.8456,-1.1865,-1.0584,-1.0020,-0.0355,0.7904,2.2209,1.8481,1.1062,-2.9362,-0.3073,-0.1623,0.2996,1.4317,1.7627
681,True,Optimization terminated successfully.,9060,12040,4132.3817,0,1,0.1551,-1.2406,-0.7543,-0.7441,-2.0079,-0.8022,0.7239,-0.8304,-0.3092,0.9086,-0.3836,-0.6321,2.4584,2.4790,0.1554,0.5847
682,True,Optimization terminated successfully.,12111,15922,1185.5817,0,1,-0.1530,-0.9318,-0.3864,-2.2237,-0.2509,-0.2739,0.7342,0.2197,3.1082,-1.0809,-2.1427,-0.2513,2.0606,-1.9055,4.3258,1.4604
683,True,Optimization terminated successfully.,38541,50114,753.6921,0,1,-0.2952,-1.1092,-2.3091,-0.6276,-0.4154,-0.0553,1.2647,4.0989,0.9837,0.9145,-2.8891,-1.1456,-2.9506,1.6761,2.0356,1.7843
684,True,Optimization terminated successfully.,19468,25654,2609.8916,0,1,-0.2583,-0.7821,-0.6926,-1.4529,-1.8028,-0.1543,0.3497,0.6503,1.4656,0.5494,-2.5979,0.0764,1.5002,0.8391,0.0060,1.3956
685,True,Optimization terminated successfully.,9082,12066,6849.7950,0,1,-0.1085,-1.2318,-0.5598,0.3653,-1.1488,-0.4759,0.3847,0.4148,0.3848,0.8076,-1.5626,0.3395,0.5235,0.4405,0.4840,0.6585
686,True,Optimization terminated successfully.,6974,9278,6297.0930,0,1,0.3319,-1.0397,-1.0637,-0.9927,-1.4544,-1.0809,0.3047,-0.0678,-0.3372,-0.0287,0.5597,-0.1830,1.0464,2.6236,-0.1475,0.3233
687,True,Optimization terminated successfully.,8461,11232,5102.0714,0,1,0.4477,-1.3390,-0.5616,-0.6291,-2.0070,-1.2347,0.8128,-0.7080,-0.3985,1.7135,1.1239,-0.5880,1.6360,2.4356,-0.6980,0.2354
688,True,Optimization terminated successfully.,8440,11234,8189.0370,0,1,0.1638,-1.3278,-0.6107,-0.4509,0.2904,-0.8232,0.8068,-0.3934,-0.2824,0.8208,-0.3320,-0.3574,0.7150,1.7091,0.3049,0.5477
689,True,Optimization terminated successfully.,9916,13106,939.7063,0,1,0.1579,-0.6030,-0.2924,-1.8588,-1.5755,-0.7376,0.2314,0.0768,2.7227,1.9563,-0.5309,0.6160,2.5785,-1.0008,-0.0672,0.9652
690,True,Optimization terminated successfully.,14588,19186,925.0720,0,1,-0.2315,-0.4304,-2.4074,-1.0111,0.2865,-0.1489,0.1039,4.4811,1.7750,-0.6509,-2.5685,0.9392,-3.6700,0.4057,4.0329,1.5850
691,True,Optimization terminated successfully.,8886,11742,4563.9476,0,1,0.4570,-0.6810,-1.4124,-1.8875,-1.6566,-1.2837,-0.3637,0.8165,0.9052,1.2718,1.2409,1.1911,-0.5231,0.3000,0.4598,-0.0313
692,True,Optimization terminated successfully.,13434,17633,1416.6639,0,1,0.1684,-0.8998,-0.4272,-0.3201,-1.5924,-0.7598,0.6269,0.1037,-0.3317,0.9517,-0.4687,-0.1244,2.4934,3.5663,0.1107,0.9808
693,True,Optimization terminated successfully.,9535,12561,2637.0677,0,1,-0.2296,-0.9512,-1.1725,-1.2864,-1.1507,-0.1789,0.7557,-0.0851,1.6240,2.1335,-2.5018,0.0184,1.9417,-0.1312,-0.8585,1.4616
694,True,Optimization terminated successfully.,15955,20999,1049.3779,0,1,-0.6312,-1.6514,-0.3402,0.6032,-2.8409,0.4791,2.1622,0.9214,-0.7728,4.6484,-4.6920,-2.5254,1.5001,4.2901,-4.0593,2.4003
695,True,Optimization terminated successfully.,15187,19914,1114.7310,0,1,0.0846,-0.6932,0.0995,0.6326,-1.4752,-0.6406,0.2649,-0.3097,-0.5865,2.7957,-0.8850,0.4202,3.7324,4.5484,-1.6260,0.9908
696,True,Optimization terminated successfully.,16162,21294,531.0779,0,1,-0.2313,-0.9945,-1.2505,-0.5711,-1.1365,-0.1350,0.9761,2.2029,0.8782,1.7601,-2.5988,-0.5443,-0.2606,1.8136,0.5526,1.6629
697,True,Optimization terminated successfully.,11659,15308,862.6646,0,1,-0.0614,-1.3508,-1.2019,-0.2418,-1.0250,-0.4263,1.4279,1.5273,0.2154,1.6087,-1.6234,-1.3915,0.5933,2.8813,0.7091,1.2704
698,True,Optimization terminated successfully.,9387,12414,1158.4975,0,1,-0.0823,-0.9710,0.3714,-1.6452,-1.1592,-0.3625,0.9722,-0.7575,1.9968,0.4972,-1.8031,-0.5856,4.2577,-0.0336,1.2313,1.4227
699,True,Optimization terminated successfully.,16686,21793,4846.7924,0,1,0.2140,-0.7578,-0.7453,-0.7087,-2.0729,-0.8868,0.0702,-0.7144,-0.5106,0.8222,-0.0925,0.5812,2.4622,3.0959,-1.1732,0.5782
700,True,Optimization terminated successfully.,17118,22435,483.1813,0,1,-0.1796,-0.5876,-1.0918,0.0880,-0.9887,-0.2411,0.2740,1.9134,-0.3774,1.3432,-2.2469,0.5274,0.2106,3.6405,1.0763,1.4791
701,True,Optimization terminated successfully.,8368,11065,5673.5186,0,1,-0.2654,-0.8579,-0.2704,-0.4763,-1.6510,-0.1978,0.2651,-0.5269,-0.6775,0.4627,-2.4782,0.4214,1.8841,2.9324,-0.7884,1.1868
702,True,Optimization terminated successfully.,20650,26969,1585.0156,1,0,0.0164,-1.6791,0.4389,-1.1427,0.2556,-0.5510,1.7977,-0.9380,1.2002,-1.6067,-1.2061,-2.0146,4.0892,1.0122,5.4131,1.0955
703,True,Optimization terminated successfully.,24653,32238,780.2134,0,1,-0.2765,-1.3902,-0.6510,-0.5393,-0.1136,-0.0483,1.7547,1.3761,1.2934,-0.0798,-2.8771,-1.7821,1.3260,1.4313,2.8842,1.8567
704,True,Optimization terminated successfully.,7593,10075,4804.0959,0,1,0.3492,-1.0192,-1.7954,-1.1375,-0.8066,-1.0744,0.4732,0.5177,-0.3327,0.7186,0.5738,-0.1473,0.4268,1.9895,0.6504,0.4497
705,True,Optimization terminated successfully.,17446,22820,942.3503,1,0,-0.0144,-0.6952,-1.8031,1.1404,-1.4372,-0.4835,0.3546,2.9208,-2.1713,1.9117,-1.4523,0.2860,-1.5027,6.4225,-0.0620,1.1574
706,True,Optimization terminated successfully.,19956,26059,917.8631,0,1,0.0838,-0.7268,-0.9493,-1.5357,-0.3772,-0.6288,0.4450,1.7563,2.3119,-0.4766,-0.8925,0.2631,-0.0368,-0.3178,3.5972,1.1280
707,True,Optimization terminated successfully.,8829,11695,2462.3098,0,1,0.0965,-1.0519,-1.0193,-0.8463,-2.0844,-0.6961,0.6315,-0.3235,0.0673,2.2237,-0.7539,-0.5570,2.2581,2.5271,-0.9186,0.7883
708,True,Optimization terminated successfully.,9480,12519,2944.3786,0,1,-0.0894,-0.8333,-1.2427,-1.3294,-1.5518,-0.4060,0.4166,1.1135,0.9837,-0.3833,-1.7097,0.2212,0.2137,0.4182,1.5328,1.1719
709,True,Optimization terminated successfully.,21031,27508,1193.2908,1,0,0.2736,-0.8593,-0.2826,0.6346,-0.9575,-0.9249,0.5069,0.6730,-1.6006,0.6742,0.0841,0.1870,2.2536,5.3531,1.1754,0.6825
710,True,Optimization terminated successfully.,17533,22994,1157.2836,1,0,0.2157,-0.5350,0.2437,0.4277,-2.6361,-0.8611,-0.0653,-0.8191,-1.4012,3.7720,-0.1493,0.8787,4.2199,5.2137,-3.0329,0.6863
711,True,Optimization terminated successfully.,11846,15617,2410.1256,0,1,0.3897,-0.8343,-0.4026,-0.3375,-0.7594,-1.1204,0.3825,-0.3093,-0.6780,-0.1643,0.7624,0.1295,3.3520,3.9093,1.1711,0.4468
712,True,Optimization terminated successfully.,16003,20989,727.1827,0,1,-0.1498,-0.7868,-0.0526,-0.4443,-2.4862,-0.2657,0.6066,0.0982,0.6457,4.0455,-2.1472,-0.0357,2.8548,2.2087,-3.0586,1.5041
713,True,Optimization terminated successfully.,15955,20808,783.3948,0,1,-0.3328,-1.2289,-2.4591,-0.5952,-0.1250,0.0247,1.4609,4.7368,1.2233,-0.0733,-3.1297,-1.3237,-4.0294,1.4455,3.0783,1.9630
714,True,Optimization terminated successfully.,17628,23076,574.1046,0,1,-0.1394,-0.8731,-1.1908,-1.2846,-0.0170,-0.2762,0.7530,1.9491,1.9405,-0.7697,-2.1069,-0.2429,0.1626,0.2510,4.0354,1.5105
715,True,Optimization terminated successfully.,18899,24665,696.0295,0,1,-0.3626,-0.9590,-2.4024,-1.5707,-0.5404,0.0631,1.0597,4.2802,2.6191,0.4632,-3.2709,-0.6926,-3.3979,-0.8640,2.4746,1.9447
716,True,Optimization terminated successfully.,16779,22044,544.2696,0,1,-0.1884,-0.6422,-0.5868,-1.2854,-1.2540,-0.2169,0.4160,0.8481,2.0921,1.7490,-2.3264,0.2541,1.7052,0.0271,0.6311,1.5327
717,True,Optimization terminated successfully.,8467,11193,3148.5070,0,1,0.2250,-0.9550,-0.9044,-1.0808,-1.5816,-0.9081,0.3243,0.0985,0.1059,-0.0859,-0.0180,0.1338,1.2950,2.1164,1.7035,0.5126
718,True,Optimization terminated successfully.,22516,29383,483.1953,0,1,-0.1196,-0.5791,-0.1047,-0.1596,-1.3578,-0.3197,0.2301,0.1637,-0.0256,1.7275,-1.9782,0.6054,2.7034,3.1486,0.4640,1.3970
719,True,Optimization terminated successfully.,20198,26372,1723.3416,0,1,-0.0316,-0.9442,0.6488,0.2867,0.3320,-0.4365,0.7772,0.0007,-0.4995,0.1282,-1.5788,-0.2762,3.5312,4.1855,2.2382,1.2995
720,True,Optimization terminated successfully.,20433,26684,919.4776,0,1,-0.4852,-0.8282,-0.6003,-0.6828,0.0386,0.2544,0.9332,1.7631,1.8625,0.2542,-3.9276,-0.3519,0.0928,0.5021,3.2443,2.1408
721,True,Optimization terminated successfully.,10535,13970,3660.3443,0,1,0.2148,-0.8422,-0.0555,-1.5636,-1.9108,-0.8766,0.2518,-0.4713,2.3058,0.2148,-0.1094,0.3097,2.9370,-0.1191,-0.3087,0.6093
722,True,Optimization terminated successfully.,16947,22220,2460.8562,1,0,0.1115,-1.1838,1.3447,-1.8593,-0.7732,-0.6618,1.0129,-2.2025,2.8332,1.7121,-0.7880,-0.9407,6.5602,-1.1406,-0.6848,1.1451
723,True,Optimization terminated successfully.,8891,11770,7646.9476,0,1,0.2562,-0.7002,-1.0760,0.2181,-2.0651,-0.9748,-0.3079,0.0413,0.3707,0.5266,0.1648,0.6642,0.3293,2.9257,-0.9408,0.2082
724,True,Optimization terminated successfully.,18230,23875,627.5366,0,1,-0.3898,-1.6488,-1.0502,-0.5471,-1.0328,0.1124,2.0948,2.2659,0.9331,1.2816,-3.4284,-2.4735,-0.2123,1.8376,1.2159,2.0321
725,True,Optimization terminated successfully.,31498,41305,1392.3590,0,1,-0.3938,-1.3492,-0.5389,-0.8949,-0.2231,0.0678,1.5080,-0.0358,1.0364,-1.1301,-3.3145,-1.4881,2.4879,1.1750,4.4762,1.7235
726,True,Optimization terminated successfully.,10701,14102,7921.9151,0,1,-0.0023,-1.3122,-0.9515,0.2218,0.2823,-0.5621,0.8030,-0.3449,-0.2859,0.6990,-1.2142,-0.3950,0.9427,1.9715,0.0903,0.8899
727,True,Optimization terminated successfully.,12173,16024,1538.8911,0,1,0.4333,-0.7559,-0.7287,-0.4189,-1.1797,-1.1669,0.3082,0.6941,-0.2736,1.3855,0.9353,0.4615,1.5284,3.4471,0.5393,0.4627
728,True,Optimization terminated successfully.,20357,26590,1949.4372,0,1,-0.4410,-0.2734,-0.1535,-0.8183,-1.1809,0.1240,-0.3107,0.0091,1.3037,0.3616,-3.5314,1.4044,1.9334,0.5604,2.2378,1.7442
729,True,Optimization terminated successfully.,8445,11228,4127.7502,0,1,0.0256,-1.5211,-0.4213,-0.9582,-1.2327,-0.6013,1.1844,0.3523,0.5761,-0.2952,-1.0382,-0.9472,1.5291,1.7966,0.5519,0.8789
730,True,Optimization terminated successfully.,22199,29048,615.8768,0,1,-0.1948,-0.5683,-0.7805,-0.9155,-2.0297,-0.1973,0.2894,1.3254,1.4408,3.4076,-2.3809,0.4741,1.0284,0.9530,-1.9390,1.5479
731,True,Optimization terminated successfully.,9060,12012,6596.4035,0,1,-0.3299,-1.4103,0.2808,-0.2546,-1.0384,0.0074,1.6558,0.3284,1.0285,1.9303,-3.0921,-1.4354,-0.2273,-0.4561,0.4539,1.8622
732,True,Optimization terminated successfully.,10087,13292,6665.1706,0,1,0.2757,-0.8762,-1.6842,-0.4312,-1.2332,-0.9892,0.1948,0.1829,-0.2645,-0.1591,0.2550,0.2547,0.3603,3.0399,0.0149,0.3360
733,True,Optimization terminated successfully.,7622,10146,6685.5768,0,1,0.0356,-1.1870,-0.8024,-0.9562,-0.4320,-0.5633,0.9262,0.2156,0.1542,-0.3896,-1.1364,-0.6686,-0.0413,2.0777,0.6493,1.1752
734,True,Optimization terminated successfully.,8702,11518,6844.1070,0,1,0.0456,-0.9197,-0.6525,-0.7613,-0.4586,-0.6074,0.3466,-0.4095,-0.2927,0.3750,-1.0034,0.1470,0.1501,2.5144,0.7320,1.0035
735,True,Optimization terminated successfully.,14701,19384,734.9942,0,1,-0.4008,-0.7289,-1.3824,-1.1683,-0.3956,0.0975,0.5706,2.8233,1.9987,-0.0605,-3.3976,0.1235,-1.3741,0.2411,3.0052,1.8801
736,True,Optimization terminated successfully.,9491,12565,6291.6018,0,1,0.0505,-1.2110,-1.1823,0.0732,-0.6435,-0.6729,0.5748,-0.9108,-1.8123,0.9326,-0.8790,-0.5243,1.8533,4.1223,0.1923,0.5519
737,True,Optimization terminated successfully.,15881,20792,619.4073,0,1,-0.3131,-0.7778,-0.6122,-0.2370,-1.6533,-0.0205,0.6780,1.1365,0.5173,2.4078,-2.9895,-0.1350,1.3515,2.5890,-0.6479,1.7901
738,True,Optimization terminated successfully.,13282,17423,1047.4662,0,1,-0.3669,-0.6327,0.8583,-0.8650,-0.9253,0.0694,0.4047,-0.4691,1.6056,1.8501,-3.2880,0.2404,3.7638,1.0046,0.3292,1.8961
739,True,Optimization terminated successfully.,8788,11687,3394.6988,0,1,0.2320,-1.0071,-0.9398,-1.3327,-1.5000,-0.9165,0.4592,0.6765,0.9969,0.0062,0.0162,0.3608,0.7711,0.8246,0.8636,0.5291
740,True,Optimization terminated successfully.,13253,17386,1140.9338,0,1,-0.0357,-0.8870,-0.7379,-1.0094,-0.1878,-0.4590,0.6009,2.2267,2.3097,0.1854,-1.4994,0.0613,-0.1838,-0.4776,2.9731,1.2807
741,True,Optimization terminated successfully.,11942,15714,3263.7790,0,1,0.4485,-1.2094,-0.4036,-0.0935,-0.3713,-1.2280,0.7643,-0.4794,0.1396,1.2077,1.0901,-0.2077,3.4552,2.1980,0.3546,0.2129
742,True,Optimization terminated successfully.,26740,35128,2531.3829,0,1,0.2122,-1.0450,-1.3677,-0.9724,-0.4898,-0.9713,0.0643,1.3606,1.8140,1.1480,0.2137,0.6144,0.9760,0.0258,1.0435,0.2694
743,True,Optimization terminated successfully.,33645,43946,520.8691,0,1,-0.2071,-0.5492,-0.2391,-0.8218,-1.6207,-0.1814,0.2837,0.6663,1.2570,2.5208,-2.4484,0.5503,2.0726,1.2516,-0.7546,1.5324
744,True,Optimization terminated successfully.,12124,15954,892.7423,0,1,-0.3444,-0.8615,-1.0031,-1.3613,-1.2160,0.0351,0.8674,1.6959,1.3270,0.9015,-3.1841,-0.4789,0.2330,0.9870,1.1934,1.8484
745,True,Optimization terminated successfully.,9754,12989,5810.0503,0,1,0.1181,-1.0695,-0.6595,-0.8744,-1.2715,-0.7608,0.4085,-0.9139,0.2613,0.1841,-0.5414,-0.2233,1.5718,0.7836,2.4464,0.5443
746,True,Optimization terminated successfully.,15858,20892,603.8995,0,1,-0.3449,-0.8222,-1.0508,-2.2309,-1.0739,0.0397,0.8049,1.9632,3.8716,1.4980,-3.1857,-0.3224,0.0481,-2.5830,0.7312,1.8539
747,True,Optimization terminated successfully.,8478,11253,1948.0484,0,1,0.0814,-1.5963,-0.1627,-0.2383,-0.8241,-0.6291,1.7188,-0.8690,-0.2987,-0.1617,-0.9274,-1.9340,3.8560,3.1271,2.3388,1.0108
748,True,Optimization terminated successfully.,10127,13386,3322.2220,0,1,-0.5302,-1.7511,-0.3544,-1.5415,-1.4685,0.2924,2.1909,-0.9389,1.8480,0.4794,-4.0658,-2.6927,3.1105,-0.2644,0.5407,2.1024
749,True,Optimization terminated successfully.,8954,11845,3356.3002,0,1,-0.2228,-1.2486,-0.6500,-0.2890,-1.2165,-0.1814,1.2733,1.3040,0.6006,0.4541,-2.4756,-0.7312,0.8018,2.2240,-0.5006,1.5562
750,True,Optimization terminated successfully.,9069,12027,1971.0458,1,0,-0.8316,-1.5698,-1.3828,-1.0763,-0.4895,0.8315,2.2843,3.9621,2.1801,-0.3241,-5.8289,-2.6831,-2.4748,0.1712,1.6680,3.0030
751,True,Optimization terminated successfully.,13337,17425,1966.1933,0,1,0.3174,-0.3931,-1.9975,-1.4997,-1.4428,-1.0318,-0.3681,2.8458,1.5201,0.9283,0.4199,1.5273,-1.4215,0.4041,0.2278,0.4406
752,True,Optimization terminated successfully.,8605,11392,4799.1605,0,1,0.1287,-0.9138,-1.2591,-0.2505,-1.6146,-0.7229,0.3806,0.3199,-0.2070,0.3481,-0.6121,-0.4438,1.4053,3.6890,-0.4487,0.9035
753,True,Optimization terminated successfully.,8639,11474,5733.6380,0,1,0.5064,-1.2548,-1.1474,-0.0323,-1.3490,-1.3833,0.3907,-0.8210,0.1935,0.4550,1.5496,-0.5121,2.1272,2.4130,0.8810,-0.2867
754,False,Maximum number of iterations has been exceeded.,50000,64714,612.9529,1,0,-0.0161,-0.5468,0.0543,1.0594,-1.7403,-0.4923,0.1037,-0.0817,-2.1601,2.6314,-1.4001,0.7788,3.0646,6.4275,-0.8970,1.1370
755,True,Optimization terminated successfully.,18261,23892,1636.4480,0,1,-0.3568,-0.7833,0.1466,-0.6038,0.2785,0.0395,0.5858,0.3646,1.2664,-0.5897,-3.1951,0.1425,1.1893,1.0840,4.4428,1.8318
756,True,Optimization terminated successfully.,17846,23327,574.0343,0,1,-0.1638,-0.7577,-0.2668,-0.9501,-0.4748,-0.2510,0.6222,0.5374,1.5739,0.3056,-2.2051,-0.0276,2.4801,0.8281,2.4441,1.4813
757,True,Optimization terminated successfully.,14487,19027,1208.2202,0,1,-0.4854,-0.7887,0.1794,-1.0979,0.6632,0.2478,0.8159,-0.2341,2.4575,-0.4630,-3.9175,-0.3115,3.2679,-0.3758,3.8121,2.1073
758,True,Optimization terminated successfully.,16715,21995,517.9910,0,1,-0.5055,-1.2091,-1.9605,-1.0313,-0.7158,0.3081,1.5786,3.8352,1.8331,0.6604,-4.0935,-1.4989,-2.5932,0.5108,2.0065,2.2885
759,True,Optimization terminated successfully.,9613,12709,4455.6345,0,1,-0.2353,-0.7949,-0.8062,-0.8102,-0.6124,-0.1740,0.4010,0.4935,0.8538,-0.8815,-2.5111,0.5285,-0.4070,0.4134,3.4061,1.4573
760,True,Optimization terminated successfully.,20713,27036,1372.5712,0,1,-0.1757,-1.0696,-1.1685,0.1434,-0.8140,-0.2622,0.7502,2.1222,0.1403,0.2333,-2.2044,-0.3199,0.3573,2.8086,1.4350,1.3885
761,True,Optimization terminated successfully.,25214,32833,683.0432,0,1,0.0343,-0.8119,0.4133,-0.1989,-0.4268,-0.5754,0.5943,-0.4273,-0.0411,0.4400,-1.0979,0.0300,3.6572,3.1311,2.6856,1.0929
762,True,Optimization terminated successfully.,15010,19697,654.0194,0,1,-0.1062,-0.7488,0.0493,-1.3308,-1.5893,-0.3407,0.4956,-0.2722,2.0843,2.3603,-1.9108,0.1426,3.3949,0.0265,-0.5688,1.3735
763,True,Optimization terminated successfully.,18204,23737,579.0457,0,1,-0.0313,-0.5878,-0.9048,0.3314,-1.2269,-0.4657,0.2188,1.5445,-0.9130,1.4809,-1.4895,0.5710,0.7959,4.5578,0.6097,1.1949
764,True,Optimization terminated successfully.,9046,11946,2342.2550,0,1,0.3286,-1.2342,-0.8268,-1.3225,-1.6080,-1.0553,0.8024,0.3423,0.8694,1.4444,0.5074,-0.3945,1.6200,1.2979,-0.0450,0.3747
765,True,Optimization terminated successfully.,20912,27389,646.5256,0,1,-0.3535,-0.6914,-0.8966,-0.8101,0.2492,0.0278,0.5345,1.9064,1.6404,-1.0465,-3.1824,0.0742,0.1204,0.8208,4.7781,1.7810
766,True,Optimization terminated successfully.,17927,23549,677.5407,0,1,-0.2799,-0.9020,0.4907,0.2781,0.0378,-0.0984,0.8139,-0.3538,-0.3106,-0.3089,-2.7554,-0.3009,3.7384,3.7049,3.3242,1.6057
767,True,Optimization terminated successfully.,12856,16915,722.3551,0,1,-0.1889,-0.3080,-1.0531,-0.9088,-2.2412,-0.2178,-0.1446,2.1351,1.2156,3.7400,-2.3172,1.3044,-0.2731,1.4389,-2.6266,1.5225
768,True,Optimization terminated successfully.,25250,32918,484.2404,0,1,-0.3951,-1.0024,-1.8969,-1.3632,-0.8719,0.1274,1.1574,3.7582,2.5692,1.3998,-3.4659,-0.8281,-2.5037,-0.6749,1.2503,2.0621
769,True,Optimization terminated successfully.,9339,12474,5646.1601,0,1,0.1814,-0.9071,-1.3320,-1.6406,-0.0711,-0.7711,0.5261,1.3015,1.5897,-0.2792,-0.4169,0.0495,-0.5614,0.5768,0.3672,0.9134
770,True,Optimization terminated successfully.,24717,32219,621.1509,1,0,-0.1183,-0.8614,-0.1086,-0.6981,0.4194,-0.3246,0.7334,0.0758,1.0699,-1.6775,-1.9646,-0.2408,2.8779,1.5134,5.4505,1.3732
771,True,Optimization terminated successfully.,22758,29718,592.2968,0,1,-0.4167,-1.0796,-1.0563,-0.5839,-2.1895,0.1389,1.2167,1.8730,0.7267,3.0438,-3.5277,-1.0329,0.1640,2.1155,-1.5495,1.9571
772,True,Optimization terminated successfully.,8400,11126,3488.2695,0,1,0.0023,-1.0610,-0.6447,-1.0619,-0.2053,-0.5645,0.7959,0.2191,0.9379,0.4356,-1.1828,0.0971,0.4494,0.8308,2.2120,0.9872
773,True,Optimization terminated successfully.,14384,18849,595.4333,0,1,-0.2270,-0.6782,-0.4951,-1.1987,0.1112,-0.1442,0.4423,0.9623,2.0492,-0.6684,-2.5808,0.3304,1.5625,0.1508,4.0765,1.6046
774,True,Optimization terminated successfully.,14213,18716,1638.0117,0,1,0.0662,-0.9941,-0.6953,-1.4706,-1.5508,-0.5903,0.6738,1.6048,1.7031,1.0982,-1.0215,-0.4741,0.9925,0.6657,0.0176,1.1148
775,True,Optimization terminated successfully.,8958,11850,5993.4780,0,1,0.0817,-0.9467,-1.1461,-1.2450,0.3962,-0.6105,0.6903,0.3239,0.8003,0.4470,-0.9725,-0.1980,0.3983,1.5679,0.3701,1.1704
776,True,Optimization terminated successfully.,19713,25787,699.8057,0,1,-0.1279,-0.8448,-1.4262,-1.0947,-0.6394,-0.3002,0.6788,2.2151,1.3352,0.0839,-2.0396,-0.2391,-0.2154,1.0757,2.5617,1.4490
777,True,Optimization terminated successfully.,16505,21654,845.8600,0,1,-0.0715,-0.8374,-0.5834,-0.4633,-2.5860,-0.3821,0.6911,1.3490,0.5616,4.2911,-1.7521,-0.1320,1.1260,2.2011,-3.3267,1.3821
778,True,Optimization terminated successfully.,13693,17994,868.5835,0,1,0.0513,-0.4664,-0.1690,-1.0438,-1.6319,-0.5810,0.0645,-0.1362,2.0676,2.7555,-1.0691,0.8755,3.1205,0.3236,-1.1058,1.1126
779,True,Optimization terminated successfully.,19364,25393,488.6937,0,1,-0.1290,-0.6753,-1.2476,-0.5503,-1.5538,-0.3073,0.3990,2.2737,0.7999,2.4320,-2.0074,0.3188,-0.2188,2.0930,-0.5686,1.4401
780,True,Optimization terminated successfully.,8901,11757,4559.7100,0,1,-0.2000,-0.7119,-0.6806,-1.5455,-0.9858,-0.2699,-0.0448,0.1349,1.7961,-0.5661,-2.2069,0.8912,0.2069,-0.9144,3.1276,1.1590
781,True,Optimization terminated successfully.,17894,23452,2373.9583,0,1,-0.1254,-0.6068,0.7540,-1.3176,-0.5473,-0.2657,0.4469,-0.1415,2.0410,-0.2905,-2.1079,0.1715,3.3875,0.3561,1.3995,1.6938
782,True,Optimization terminated successfully.,12557,16465,578.2516,0,1,-0.4602,-1.4130,-1.4589,-1.1953,-0.0977,0.2442,1.9048,2.9179,2.4358,-0.2020,-3.8591,-1.9885,-1.2109,-0.2098,3.3857,2.2545
783,True,Optimization terminated successfully.,18801,24591,1119.7532,0,1,0.1006,-0.8092,-2.2140,-1.0097,-0.3606,-0.6718,0.5388,3.7993,0.9390,-0.0177,-0.7853,0.1786,-2.8814,1.5359,2.9361,0.9951
784,True,Optimization terminated successfully.,16783,21944,1057.1076,1,0,-0.3977,-1.2452,0.3179,-0.7561,0.2914,0.1067,1.4105,0.3974,1.1588,-1.7431,-3.4158,-1.1622,1.9544,1.4137,5.4103,1.9581
785,True,Optimization terminated successfully.,16728,21941,836.8989,1,0,-0.0804,-0.4471,-0.2167,-1.4360,0.8461,-0.3986,-0.0793,0.3545,1.9640,-2.9288,-1.7218,0.9706,2.2907,0.0002,7.1810,1.2192
786,True,Optimization terminated successfully.,20757,27138,645.7574,0,1,-0.0605,-0.9213,0.3715,-1.1130,-0.1931,-0.4251,0.7715,-0.9207,1.7278,-0.5683,-1.6190,-0.3440,4.4468,0.3871,3.6622,1.2433
787,True,Optimization terminated successfully.,22395,29183,658.1402,0,1,-0.4984,-1.4107,0.1114,-1.4273,-0.7289,0.2758,1.8261,0.1482,2.7858,0.8272,-3.9935,-1.9588,2.8476,-0.9339,1.9141,2.2045
788,True,Optimization terminated successfully.,15369,20188,473.8963,0,1,-0.3635,-1.3162,-0.3111,-0.8380,-1.4351,0.0712,1.5944,0.7774,1.5117,2.0825,-3.2922,-1.6091,2.0327,1.0338,-0.0690,1.9761
789,True,Optimization terminated successfully.,19325,25220,584.9463,0,1,-0.3173,-0.8076,-0.8004,-1.7117,-1.1027,-0.0151,0.7329,1.7379,2.6494,0.9012,-3.0191,-0.1596,0.2099,-0.7953,1.5575,1.7865
790,True,Optimization terminated successfully.,7150,9546,3870.2608,0,1,-0.0289,-1.4224,-0.5511,-1.2064,-1.3009,-0.4636,1.4474,-0.6933,1.0293,1.0977,-1.5029,-1.4899,1.5363,0.4452,1.3510,1.2189
791,True,Optimization terminated successfully.,22146,28832,549.9168,0,1,-0.2396,-0.7507,-1.2811,-0.3946,-0.1183,-0.1286,0.6267,2.3539,0.6639,-0.5408,-2.6147,-0.0285,-0.4599,2.2519,3.8451,1.6251
792,True,Optimization terminated successfully.,23272,30399,456.0753,0,1,-0.1957,-0.7430,-0.2658,-0.0920,-1.3588,-0.2079,0.5474,0.5788,0.0460,2.0461,-2.3723,0.0922,2.2119,3.1301,0.1000,1.5361
793,True,Optimization terminated successfully.,25414,33267,502.9561,0,1,-0.1480,-0.6573,-0.5679,0.0203,-0.4753,-0.2922,0.4057,0.9143,-0.2966,0.0504,-2.0777,0.3033,1.5366,3.5914,2.8663,1.4018
794,True,Optimization terminated successfully.,22396,29324,738.0601,1,0,-0.3314,-1.2182,-0.4436,-0.0538,0.6731,0.0151,1.4081,1.1897,0.2421,-1.9176,-3.1041,-1.2733,1.1968,2.7756,5.8954,1.8614
795,True,Optimization terminated successfully.,11869,15721,3418.6027,0,1,0.6585,-0.8368,0.0161,-1.8437,-1.5502,-1.5308,0.0239,-1.6714,2.6009,1.5382,2.1314,0.2416,4.6636,-0.5783,-0.3881,-0.1022
796,True,Optimization terminated successfully.,14886,19563,3138.4468,0,1,0.1723,-1.2725,-1.3221,-1.0955,-1.1846,-0.8224,0.8887,0.9463,0.0754,0.1983,-0.2934,-0.6149,0.1688,1.6559,2.0438,0.6428
797,True,Optimization terminated successfully.,12574,16535,864.4692,0,1,-0.2139,-0.9812,-0.9218,-1.2527,-0.8864,-0.1985,0.8464,1.0920,2.0559,0.5070,-2.4185,-0.5233,1.6289,-0.1488,1.7796,1.4467
798,True,Optimization terminated successfully.,10025,13299,971.4123,0,1,-0.3209,-0.9050,-0.2834,-0.9045,-0.8568,0.0135,0.9235,1.2020,0.9817,0.1214,-3.0720,-0.4856,1.3761,1.7510,1.7694,1.9173
799,True,Optimization terminated successfully.,14811,19430,2301.2853,0,1,0.2873,-1.1555,0.2998,-0.6211,0.2657,-0.9545,0.8146,-0.5506,1.4012,0.6221,0.1813,-0.5593,3.6257,1.2043,2.5456,0.5939
800,True,Optimization terminated successfully.,8660,11483,4257.9785,0,1,0.0054,-0.7613,-0.8806,-1.2799,-1.2351,-0.6248,-0.1339,-0.1396,0.8514,-0.5906,-1.0416,0.9671,1.3268,0.0925,2.5864,0.5736
801,True,Optimization terminated successfully.,9532,12604,2801.4309,0,1,0.2724,-0.9371,-0.8365,-1.7603,-2.0648,-0.9363,0.4390,0.7825,1.4365,1.1192,0.1130,0.1459,1.1662,0.4213,-0.8500,0.6742
802,True,Optimization terminated successfully.,16162,21118,496.9106,0,1,-0.4227,-0.7530,-1.5267,-0.8555,-0.5242,0.1458,0.7559,3.1629,1.7338,1.0812,-3.5581,-0.2065,-1.5735,0.6505,1.8768,1.9965
803,True,Optimization terminated successfully.,24762,32312,533.7934,0,1,-0.2305,-0.7500,-1.3357,-1.0639,-0.4267,-0.1459,0.5586,2.3021,1.6301,0.0139,-2.5796,-0.0139,-0.2080,0.5836,2.9264,1.6038
804,True,Optimization terminated successfully.,22617,29609,674.9705,0,1,-0.1279,-0.6828,-0.0193,-0.5137,-1.6446,-0.3126,0.3959,0.1694,0.8569,2.5871,-2.0155,0.3561,2.7759,1.9363,-0.8055,1.3842
805,True,Optimization terminated successfully.,18965,24852,614.2342,0,1,-0.1571,-0.4812,-1.2788,-1.4045,-0.3456,-0.2714,0.1688,2.3655,2.3487,0.0462,-2.1676,0.6768,-0.4793,-0.4432,3.1266,1.4815
806,True,Optimization terminated successfully.,9129,12148,4847.6233,0,1,-0.1404,-1.4220,-1.5746,-0.3954,-0.6944,-0.3760,1.1145,0.6431,-0.5375,1.8133,-1.8618,-1.0209,-0.1589,2.2819,0.4190,0.9482
807,True,Optimization terminated successfully.,17420,22767,1791.5203,0,1,0.4970,-0.7111,-0.7613,0.4172,-1.5862,-1.2934,0.1109,0.2571,-0.8575,2.7898,1.3249,0.5464,2.4156,4.5831,-1.3281,0.1386
808,True,Optimization terminated successfully.,21678,28374,626.6213,0,1,-0.1311,-0.2248,-1.0554,-0.4759,-0.5548,-0.3364,-0.4373,1.4052,0.7473,-0.0568,-1.9422,1.6175,0.6021,2.0273,2.8530,1.2448
809,True,Optimization terminated successfully.,12445,16331,1078.3440,0,1,0.1674,-0.5162,-1.0813,-1.2390,-1.5085,-0.7969,-0.1152,1.1890,0.9583,1.0496,-0.3850,1.0492,0.9155,1.2940,0.8719,0.6949
810,True,Optimization terminated successfully.,18961,24855,718.5123,0,1,-0.4524,-0.8341,-0.6915,-1.4787,0.1818,0.1959,0.8478,1.3960,2.6602,-0.9355,-3.7234,-0.3195,0.5625,-0.8531,4.6734,2.0302
811,True,Optimization terminated successfully.,22514,29353,738.0713,0,1,-0.1347,-0.4405,-1.8409,0.3314,-1.6058,-0.2949,0.0349,3.2201,-0.6319,2.3767,-2.0811,0.9844,-1.8590,4.2076,-0.6811,1.4284
812,True,Optimization terminated successfully.,17379,22743,820.4030,0,1,-0.3484,-1.4911,0.1586,-0.2435,-0.5177,0.0401,1.7924,-0.5420,0.4797,0.1604,-3.1972,-1.9895,3.8254,2.4139,2.6257,1.8504
813,True,Optimization terminated successfully.,16680,21871,787.3699,0,1,-0.3240,-0.9522,-0.0013,0.0972,-1.6282,0.0011,0.8709,0.0293,-0.3606,2.8751,-3.0794,-0.4705,2.5762,3.7105,-0.8878,1.7609
814,True,Optimization terminated successfully.,29623,38736,2313.6076,0,1,0.1128,-0.9195,-1.3716,-1.5654,-1.3217,-0.6784,0.4364,1.3877,0.6911,0.6085,-0.7517,-0.1295,0.5354,1.3366,0.6425,1.0165
815,True,Optimization terminated successfully.,30173,39283,585.1888,0,1,-0.2465,-0.7497,-1.3287,-1.0656,-0.0131,-0.1216,0.6191,2.3589,1.4619,-0.8896,-2.6661,0.0197,-0.4194,0.7245,4.2806,1.6969
816,True,Optimization terminated successfully.,8527,11269,5556.7966,0,1,0.2270,-0.6060,-1.6134,-0.5665,-0.6310,-0.8674,-0.0370,-0.3482,-0.5855,0.1245,-0.1249,0.4177,0.9167,2.9085,1.3237,0.7196
817,True,Optimization terminated successfully.,22922,29840,704.3384,1,0,0.0317,-0.5339,0.3679,1.4492,-1.2922,-0.5867,0.0240,-0.8307,-2.8570,1.4953,-1.0956,0.8864,4.0665,7.5147,0.5558,0.9600
818,True,Optimization terminated successfully.,14119,18579,1137.0306,1,0,-0.1253,-0.7348,-0.5792,1.6566,-2.7550,-0.3408,0.4430,0.6784,-3.4845,4.0621,-1.9404,0.1305,1.8180,8.2735,-3.5839,1.2787
819,True,Optimization terminated successfully.,11825,15661,2052.1268,0,1,0.2406,-0.6889,-0.6360,-0.2340,-1.4379,-0.8968,0.1846,1.1129,-0.2886,1.0907,-0.0255,0.6672,1.7126,3.5125,-0.5758,0.6396
820,True,Optimization terminated successfully.,13001,17157,722.3658,0,1,-0.0894,-1.1201,-0.6320,-1.2970,-0.6147,-0.3533,1.0942,0.8919,2.0352,0.5717,-1.8715,-0.8158,1.9029,0.0163,2.1705,1.4261
821,True,Optimization terminated successfully.,37650,48968,619.6789,0,1,-0.0914,-0.7325,-1.0406,0.6130,-0.1764,-0.3611,0.5019,2.0861,-1.3131,-0.3229,-1.8338,0.1565,-0.0522,4.9907,3.5844,1.3791
822,True,Optimization terminated successfully.,9906,13108,4305.3034,0,1,-0.3225,-0.6433,-0.4106,-1.3486,-0.3596,-0.0833,0.1002,0.5117,1.4239,-1.3706,-2.8505,0.9853,-0.1023,-0.3214,4.2326,1.3962
823,True,Optimization terminated successfully.,13528,17786,540.5999,0,1,-0.3841,-0.6765,-0.8799,-0.5940,-0.4937,0.0924,0.5886,2.0105,0.9764,0.3619,-3.3854,0.0438,0.0412,1.8206,2.3488,1.9084
824,True,Optimization terminated successfully.,13383,17601,826.2972,0,1,-0.1906,-0.5539,-1.8239,-0.9166,-0.8318,-0.2446,0.1351,2.5227,1.1742,0.0838,-2.2744,0.7963,-0.8086,0.8924,2.5321,1.3500
825,True,Optimization terminated successfully.,14140,18572,1363.0606,0,1,-0.3223,-0.9226,-0.4466,-1.5059,-1.5193,-0.0136,0.8023,0.7254,1.9160,0.3061,-3.0019,-0.3200,1.4975,0.0387,1.2225,1.7843
826,True,Optimization terminated successfully.,9974,13164,2520.6662,0,1,-0.1175,-0.9855,-0.6914,-0.7520,-2.0943,-0.3578,0.6652,0.3705,0.1007,1.0807,-1.8618,-0.1539,1.7257,2.4350,-0.7455,1.2285
827,True,Optimization terminated successfully.,13743,18030,842.7473,0,1,-0.3283,-0.9623,-0.1298,-0.7205,-1.9002,-0.0045,0.9595,0.8598,0.5168,2.9589,-3.0407,-0.4692,1.6124,1.9311,-1.3011,1.8186
828,True,Optimization terminated successfully.,7824,10411,7386.4959,0,1,0.3727,-1.2181,-1.2365,-0.9864,-0.2688,-1.1597,0.5884,-0.9150,-0.0976,0.5694,0.8123,-0.6298,2.3782,1.2835,0.3975,0.1065
829,True,Optimization terminated successfully.,11835,15555,4195.8154,0,1,0.2202,-1.4625,-1.4222,-1.2039,-1.4262,-0.9092,1.0348,0.2739,0.2054,0.8019,-0.0370,-1.1561,0.9715,1.5318,0.6143,0.4932
830,True,Optimization terminated successfully.,8893,11797,4359.9226,0,1,0.2096,-1.2856,-1.2746,-0.8205,-0.8613,-0.8827,0.7433,0.1406,0.1779,-0.3306,-0.1078,-0.2079,0.8891,1.6114,1.6778,0.5527
831,True,Optimization terminated successfully.,9454,12494,4737.1574,0,1,0.0937,-1.0662,-1.5467,-0.4851,-1.3535,-0.7213,0.7238,0.2787,0.8309,0.7359,-0.6820,-0.0987,0.8655,1.6793,-0.6558,0.6289
832,True,Optimization terminated successfully.,25608,33478,555.0409,0,1,-0.1159,-1.0362,-0.9518,-0.2443,-0.6102,-0.3148,0.9827,1.9300,0.2515,0.3533,-1.9943,-0.5994,0.1865,2.9578,2.4209,1.4555
833,True,Optimization terminated successfully.,19899,25961,804.9286,0,1,-0.0748,-0.6270,-1.8387,-0.7575,-0.2383,-0.3765,0.3814,3.5305,0.7278,-0.2264,-1.7538,0.3690,-2.3546,2.0258,3.2361,1.4097
834,True,Optimization terminated successfully.,19880,25937,645.1471,0,1,-0.3341,-0.8233,-1.6988,-0.5252,-0.4405,0.0237,0.7766,3.0881,0.7687,0.0864,-3.1401,-0.2876,-1.4283,2.1985,2.6193,1.8548
835,True,Optimization terminated successfully.,13332,17615,7525.4625,0,1,0.2356,-1.0844,-0.6254,-0.6694,-0.4747,-0.9929,-0.0285,-1.2976,0.0028,-0.2351,0.2040,0.5342,3.1105,1.2618,0.3508,0.0675
836,True,Optimization terminated successfully.,8139,10797,6133.7992,0,1,0.0651,-0.9084,-1.1927,-0.4935,-0.7793,-0.6435,0.5397,0.5375,-0.1312,-0.0671,-0.8923,0.2171,0.8246,2.6188,-0.5471,0.9294
837,True,Optimization terminated successfully.,12140,15998,6041.8188,0,1,-0.1067,-0.9598,-0.1139,-1.6265,-0.8082,-0.3241,0.5764,0.7255,0.3702,0.2030,-1.9279,-0.5790,-0.3576,2.0501,0.2734,1.4810
838,True,Optimization terminated successfully.,17807,23204,1935.7474,1,0,0.1839,-1.4669,-0.9748,0.4447,-0.9637,-0.7731,1.6320,1.3518,-1.2169,1.0460,-0.4301,-1.6449,0.7763,5.0717,0.6556,0.9325
839,True,Optimization terminated successfully.,18706,24509,610.8954,0,1,-0.1195,-1.0356,-0.4759,-0.1372,-0.9161,-0.3108,0.9993,0.6838,0.3221,1.4513,-2.0013,-0.6948,2.1734,2.7181,1.1422,1.4204
840,True,Optimization terminated successfully.,8971,11895,2073.7998,0,1,0.2676,-1.0960,-1.0772,-1.6263,-0.7834,-0.9052,0.8222,0.9226,0.9298,1.4165,0.0488,-0.5587,1.0351,0.7593,0.7616,0.7968
841,True,Optimization terminated successfully.,21373,27967,1714.1869,0,1,0.2169,-0.5735,-0.6422,0.0443,-1.1867,-0.8832,0.1874,0.4437,-0.1406,1.4292,-0.0891,0.3623,1.9716,3.1346,-0.3766,0.5669
842,True,Optimization terminated successfully.,8719,11528,3828.6148,0,1,-0.0672,-1.0050,-1.2264,-0.9874,-1.3448,-0.4735,0.5188,0.8757,-0.0298,-0.2982,-1.5147,0.0703,0.4393,1.9533,1.0818,1.0117
843,True,Optimization terminated successfully.,12338,16255,709.1047,0,1,-0.2673,-0.6891,-2.3378,-1.0688,-0.6702,-0.0791,0.5609,3.8580,2.0818,0.4211,-2.7753,-0.0781,-2.7059,0.4774,2.3000,1.7524
844,True,Optimization terminated successfully.,33022,42803,954.8274,0,1,0.1712,-0.2395,-0.0223,-1.1594,-1.9874,-0.8015,-0.5450,-1.0410,1.1991,2.9992,-0.3770,1.7190,4.3971,0.8963,-1.4043,0.6570
845,True,Optimization terminated successfully.,12242,16115,923.8245,0,1,-0.1125,-0.9540,-0.7312,-1.4946,-0.5803,-0.3280,0.8496,1.1683,2.2424,-0.2407,-1.9429,-0.4718,1.6276,-0.1514,2.5723,1.4432
846,True,Optimization terminated successfully.,8824,11714,6413.5704,0,1,0.2402,-1.1954,-0.7591,-1.0863,-0.8484,-0.9398,0.5539,-0.7615,-0.1346,-0.3008,0.0875,-0.2207,1.6401,1.9584,0.6155,0.4707
847,True,Optimization terminated successfully.,20699,27163,1774.7156,0,1,0.3283,-0.8162,-0.0352,-1.1452,-1.2872,-1.0146,0.5564,-0.1242,1.4509,2.8406,0.4070,0.1622,2.8747,0.9681,-1.1586,0.6316
848,True,Optimization terminated successfully.,13140,17327,1477.7603,1,0,-0.2537,-0.2228,0.3005,1.4250,-0.8177,-0.1525,-0.3389,0.1179,-2.9436,0.3659,-2.5704,1.6035,2.3304,7.4741,1.7346,1.5171
849,True,Optimization terminated successfully.,19060,25025,711.3094,0,1,-0.5677,-1.5582,-0.1354,-1.7875,-0.5865,0.3898,2.0895,0.3049,3.4417,0.4523,-4.3694,-2.3618,2.7020,-1.8193,2.0626,2.3192
850,True,Optimization terminated successfully.,23601,30797,770.9614,0,1,-0.1070,-1.1170,-1.5307,-0.9383,0.0534,-0.3067,1.1438,2.1771,1.4231,-0.6387,-2.0053,-0.9713,-0.2287,1.2387,3.8194,1.5463
851,True,Optimization terminated successfully.,11763,15453,2317.0898,0,1,-0.6402,-0.3764,-0.7696,-1.3038,-1.4213,0.4291,-0.0463,1.2402,1.5070,1.4034,-4.5588,1.0810,0.2631,0.6432,-0.3446,2.1291
852,True,Optimization terminated successfully.,16105,21133,874.5363,1,0,-0.2676,-0.5047,-0.0755,-0.7084,0.6980,-0.0967,0.1988,0.7550,1.0504,-1.7781,-2.7326,0.7269,1.5340,1.6579,5.8155,1.6516
853,True,Optimization terminated successfully.,24070,31367,880.4799,1,0,-0.2862,-0.8557,-1.3804,0.8168,-0.8657,-0.0503,0.8384,2.4897,-1.7757,1.1697,-2.8989,-0.4692,-0.7856,5.8586,1.3281,1.7804
854,True,Optimization terminated successfully.,18028,23651,537.7884,0,1,-0.1275,-0.4337,0.3315,-0.7280,-0.4852,-0.3158,0.0557,-0.3221,1.2266,0.3722,-1.9965,0.9388,3.5358,1.5406,2.4588,1.3571
855,True,Optimization terminated successfully.,11782,15628,3688.0320,0,1,0.4034,-1.2326,-1.4643,-1.6196,-0.9672,-1.1782,0.6861,1.3287,1.1159,0.3172,0.9149,-0.2819,0.3642,0.4369,0.5783,0.2280
856,True,Optimization terminated successfully.,16963,22225,1227.5503,0,1,-0.2053,-1.6625,-0.1606,0.3121,0.4367,-0.1764,2.0538,-0.2210,-0.5934,-1.4069,-2.4680,-2.4966,3.2377,3.9480,4.9709,1.6383
857,True,Optimization terminated successfully.,32789,42825,560.9184,0,1,-0.3644,-0.8782,-1.0589,-0.3964,-0.6832,0.0637,1.0039,2.5012,0.2614,0.2450,-3.2719,-0.5920,-0.7315,2.6449,2.3999,1.9021
858,True,Optimization terminated successfully.,6464,8599,3505.6539,0,1,-0.3951,-0.9686,-1.2037,-1.4046,-1.5124,0.0929,0.7915,1.2008,0.9802,0.4782,-3.3723,-0.7589,0.2331,1.4610,-0.1994,1.8989
859,True,Optimization terminated successfully.,7431,9933,7076.5854,0,1,-0.1173,-1.2772,-0.4292,-1.0752,0.4930,-0.4266,0.8540,-0.3093,-0.2376,0.2329,-1.7101,-0.6024,0.4433,2.1857,1.6666,0.8465
860,True,Optimization terminated successfully.,9049,11933,2385.4026,0,1,-0.5639,-0.5364,-0.1159,-0.6700,-1.2873,0.3492,0.3278,0.3660,1.3538,2.3891,-4.2662,0.8486,0.9815,0.5901,-0.6360,2.1456
861,True,Optimization terminated successfully.,9336,12293,5126.4067,0,1,-0.0282,-1.1302,-0.7727,-1.4519,-0.0958,-0.4341,1.1069,-0.0282,0.0287,-0.0991,-1.5619,-0.9794,0.6801,1.9229,1.5562,1.3972
862,True,Optimization terminated successfully.,7696,10232,3261.1878,0,1,0.4392,-0.8788,-1.3727,-0.3891,-1.2660,-1.2567,0.0941,-0.1882,-0.9476,0.5077,1.1515,0.5765,1.6700,3.4206,1.4645,0.0286
863,True,Optimization terminated successfully.,16645,21827,817.0518,0,1,-0.1789,-1.2482,-0.3625,-0.8879,-0.3031,-0.2371,1.2959,0.1224,1.2102,-0.6578,-2.2658,-1.2578,2.9589,1.3101,3.4686,1.4962
864,True,Optimization terminated successfully.,18446,24219,879.6855,0,1,0.0844,-0.4611,-1.5530,-0.5531,-1.7993,-0.6411,0.0427,2.9618,0.3078,2.7187,-0.8818,0.9033,-1.2256,2.6657,-1.3623,1.0582
865,True,Optimization terminated successfully.,29828,38878,561.7108,0,1,-0.1219,-0.7880,-0.8356,-0.6092,-1.7244,-0.3081,0.6819,1.4186,0.8955,2.8023,-2.0045,-0.1282,0.9896,1.7769,-1.0235,1.4646
866,True,Optimization terminated successfully.,15480,20366,2672.0254,0,1,0.1795,-0.6660,-1.2752,-0.1511,-0.1647,-0.7650,0.3556,0.8379,-0.5272,0.8104,-0.4500,0.3184,1.5157,3.9521,0.1959,0.9249
867,True,Optimization terminated successfully.,17205,22479,1232.8679,0,1,0.0396,-0.5576,-2.2653,-0.1899,-1.8560,-0.5561,0.1414,3.9773,-0.0905,2.9924,-1.1633,0.8061,-3.2129,3.1199,-1.4529,1.2022
868,True,Optimization terminated successfully.,13030,17126,1675.1267,0,1,0.0538,-1.0036,-1.1247,-0.4860,-1.0107,-0.6358,0.8145,0.5510,0.0529,2.1153,-0.9470,-0.3756,1.7623,2.2241,0.4312,0.8174
869,True,Optimization terminated successfully.,15893,20896,695.4148,0,1,-0.3900,-1.4079,-1.1885,-1.1579,0.1568,0.1065,1.7368,2.0497,2.0786,-1.3220,-3.4016,-1.8291,-0.0831,0.0190,4.8413,1.9634
870,True,Optimization terminated successfully.,6089,8199,7548.6340,0,1,0.5558,-1.2975,-0.5132,-0.5435,-0.4807,-1.4036,0.4810,-1.2964,-1.1474,0.2018,1.6683,-0.3671,2.4172,3.4451,0.0657,-0.0666
871,True,Optimization terminated successfully.,38319,49911,633.7985,0,1,-0.3944,-0.9413,0.0241,-1.4880,-1.9018,0.1087,0.9619,0.1902,2.6684,3.2381,-3.4402,-0.5790,2.7753,-0.8302,-1.7524,1.9647
872,True,Optimization terminated successfully.,7669,10203,5197.7359,0,1,-0.0884,-0.8403,-0.3275,-1.5597,-0.6945,-0.3595,0.5602,0.2948,1.1629,0.0874,-1.8246,0.1431,0.8304,1.2329,-0.1048,1.4321
873,True,Optimization terminated successfully.,7206,9603,4670.8243,0,1,0.4232,-1.0061,-1.8463,-1.0112,-0.6113,-1.1746,0.3360,0.3410,0.0635,0.5452,0.9323,-0.4436,0.8773,2.3464,1.2912,0.3296
874,True,Optimization terminated successfully.,9381,12396,5703.8709,0,1,0.4358,-0.5922,-0.1090,-1.4357,-0.1565,-1.1759,-0.1037,-0.0719,1.7001,-0.0638,0.9524,1.1980,2.2903,0.0052,-0.1708,0.4144
875,True,Optimization terminated successfully.,9815,12968,5810.4583,0,1,0.4839,-1.1688,-0.8073,-0.8528,-0.9838,-1.2947,0.5396,-1.4014,-0.2058,1.0809,1.3100,-0.1006,2.6286,1.6824,-0.0795,0.0410
876,True,Optimization terminated successfully.,17366,22685,795.2311,1,0,-0.1727,-0.6497,-0.0985,1.2294,-0.3853,-0.2512,0.2957,0.3358,-2.3250,-0.3267,-2.2315,0.3720,2.3786,6.6865,3.2619,1.4060
877,True,Optimization terminated successfully.,11254,14870,2334.9738,0,1,0.3556,-0.7018,-0.8806,-0.4859,-1.1087,-1.0355,0.4120,0.6036,1.4563,2.6526,0.4768,0.4133,1.7948,0.3224,-0.5445,0.6446
878,True,Optimization terminated successfully.,15281,20129,712.8544,0,1,-0.2371,-0.8886,-0.7632,-1.4654,-0.3743,-0.1368,0.7831,1.2570,2.3987,-0.4766,-2.5946,-0.3698,1.1993,-0.4556,3.3769,1.6262
879,True,Optimization terminated successfully.,15140,19901,8250.8820,0,1,0.2693,-0.7588,-1.1052,-0.6374,-0.4578,-1.0487,-0.3467,-0.6284,-1.2625,0.1586,0.3893,0.8796,1.6556,2.9583,-0.0217,0.0381
880,True,Optimization terminated successfully.,6613,8867,7861.4115,0,1,-0.0400,-1.1930,-0.5806,-0.7976,0.2957,-0.5238,0.6389,0.5930,-0.3343,0.0148,-1.3416,-0.1362,0.8496,1.1894,0.1945,0.8582
881,True,Optimization terminated successfully.,20435,26863,1665.3759,0,1,-0.0771,-0.5883,-0.7947,-1.2613,-1.0538,-0.4340,0.3495,1.2142,0.7771,1.1112,-1.6419,0.0453,0.1557,1.5978,1.0014,1.1571
882,True,Optimization terminated successfully.,15488,20309,566.2206,0,1,-0.3588,-1.0988,-0.5159,-1.0106,-0.5294,0.0589,1.2599,1.0312,2.1706,0.7725,-3.2641,-0.9975,1.4182,0.0642,2.1429,1.9027
883,True,Optimization terminated successfully.,8440,11173,5147.7028,0,1,-0.4483,-0.3856,-0.1944,-0.8723,0.0505,0.1960,0.0283,0.6614,1.2149,-0.0723,-3.7212,0.6143,1.4698,1.6408,0.2437,2.0177
884,True,Optimization terminated successfully.,15842,20792,1597.6692,0,1,0.2123,-1.2622,-0.8366,-0.6611,-1.0234,-0.8570,1.0225,0.8113,0.1281,-0.0889,-0.1597,-0.7993,1.3143,2.6998,2.4143,0.7511
885,True,Optimization terminated successfully.,13806,18089,1359.7901,0,1,0.3012,-0.7467,-0.1219,-0.0738,-1.6443,-0.9723,0.2589,-0.0219,0.5898,2.0161,0.2441,0.6238,3.0578,2.5452,-0.6780,0.6461
886,True,Optimization terminated successfully.,7573,10061,5506.2222,0,1,0.2835,-1.1713,-0.3630,-1.0058,-0.9870,-0.9155,0.9997,-0.0981,0.1216,0.9214,0.1051,-0.4609,0.8228,2.0544,-0.3533,0.8786
887,True,Optimization terminated successfully.,14684,19357,4023.4256,0,1,-0.2792,-0.4356,-0.7222,-0.7340,-1.8224,-0.1732,-0.3428,0.7834,0.7642,1.5381,-2.5701,1.8949,0.5086,0.7996,-1.2325,1.1934
888,True,Optimization terminated successfully.,6894,9185,7146.5131,0,1,0.0005,-1.1173,-1.1017,-0.4907,-0.0422,-0.5776,0.6105,0.2011,-0.1249,0.2021,-1.1766,0.1917,0.3008,1.6181,0.2909,0.8183
889,True,Optimization terminated successfully.,32090,41669,559.9198,0,1,-0.2108,-0.7509,-0.5595,-1.4980,-0.6423,-0.1857,0.6174,0.9980,2.5584,0.6458,-2.4259,0.0219,1.4966,-0.6550,2.1574,1.5649
890,True,Optimization terminated successfully.,17492,23011,983.4194,0,1,0.0189,-0.7922,-1.9744,-0.2444,-0.4974,-0.5278,0.5902,3.3119,-0.0978,-0.3731,-1.2612,0.1086,-2.0352,3.2485,2.9399,1.1932
891,True,Optimization terminated successfully.,13374,17558,2083.0150,0,1,0.3493,-1.0112,-0.6751,-1.1459,-0.0778,-1.0302,0.7958,0.3142,0.9190,0.0131,0.4684,-0.2156,1.9214,0.9330,2.6195,0.6568
892,True,Optimization terminated successfully.,23330,30371,908.2068,1,0,-0.2541,-0.9961,1.0295,-1.6045,-0.9128,-0.1129,0.9671,-1.6789,2.5382,1.5591,-2.6731,-0.5669,5.4521,-0.7968,0.7111,1.6772
893,True,Optimization terminated successfully.,9766,13041,8022.0532,0,1,0.3254,-1.1972,-0.6050,-0.5835,-0.4538,-0.9928,0.8285,-0.5441,-0.4186,0.8877,0.3235,-0.4547,0.8075,2.1254,-0.5966,0.6813
894,True,Optimization terminated successfully.,30894,40397,862.7017,0,1,-0.2721,-0.5667,0.0903,-0.6798,-0.0533,-0.1408,0.3205,0.2059,0.9879,0.1473,-2.6066,0.5596,2.6283,1.9270,2.5060,1.5527
895,True,Optimization terminated successfully.,17388,22741,2095.9586,0,1,-0.4033,-0.7479,-0.0107,-0.3578,-1.2910,0.0951,0.5511,-0.7366,1.7700,0.0443,-3.4145,0.0193,3.5655,0.9726,1.2503,1.8067
896,True,Optimization terminated successfully.,21954,28660,484.6153,0,1,-0.1932,-0.8308,-1.2451,-0.6706,-0.9452,-0.2119,0.6441,2.2117,1.0066,1.1215,-2.3436,-0.0838,-0.2772,1.7252,1.4002,1.5431
897,True,Optimization terminated successfully.,16206,21238,2484.5817,0,1,-0.2614,-1.4555,-0.0794,-1.2092,-1.3502,-0.1008,1.6968,-0.1567,0.9577,0.1683,-2.7173,-1.8058,2.8863,1.4810,0.6473,1.7329
898,True,Optimization terminated successfully.,6618,8922,6457.3277,0,1,-0.0860,-1.0440,-0.3529,-0.9616,-0.1970,-0.3959,0.8118,0.0373,-0.1692,-0.1810,-1.7284,-0.1213,0.0892,2.0948,1.3824,1.2932
899,True,Optimization terminated successfully.,13934,18213,1278.0509,0,1,0.0506,-1.2589,-1.9617,-0.4066,-1.5113,-0.5903,1.2199,3.1427,0.1252,2.4476,-1.0539,-1.1318,-1.6608,2.9383,-0.8006,1.1174
900,True,Optimization terminated successfully.,30330,39489,540.4558,1,0,-0.0427,-0.5750,-0.3156,-0.2708,0.3578,-0.4586,0.1882,0.3152,0.1894,-1.5542,-1.5172,0.5737,2.4475,2.8868,5.2806,1.1641
901,True,Optimization terminated successfully.,35748,46515,1822.6299,0,1,0.1434,-1.1470,-0.4593,-0.5245,-1.4751,-0.8387,0.6089,-0.0974,-0.3128,1.8593,-0.2765,-0.3863,3.0673,3.1086,0.2958,0.4569
902,True,Optimization terminated successfully.,38259,49770,465.9971,0,1,-0.1089,-0.6746,-0.6300,-0.1589,-1.4126,-0.3232,0.4991,1.1591,0.2694,2.1572,-1.9619,0.2046,1.3581,2.9107,-0.0994,1.4169
903,True,Optimization terminated successfully.,9630,12702,4587.8200,0,1,0.4340,-1.2238,-1.2329,-0.6892,-1.4613,-1.2043,0.7585,0.3246,0.6084,2.4626,0.9966,-0.1537,1.2681,1.3479,-2.4078,0.2595
904,True,Optimization terminated successfully.,8842,11685,6369.8746,0,1,0.2645,-0.9732,-0.3733,-0.6120,0.3743,-0.8785,0.6302,-0.1620,-0.3570,-0.7103,-0.0368,-0.3433,2.2739,2.6297,0.7120,0.9093
905,True,Optimization terminated successfully.,10384,13732,4614.9639,0,1,-0.1365,-0.4431,-0.8096,-1.6991,-1.1327,-0.3702,-0.1914,-0.8560,0.9749,0.1601,-1.8737,1.0838,2.6494,0.7274,0.1470,1.0413
906,True,Optimization terminated successfully.,11716,15442,1200.3831,0,1,0.2302,-0.8587,-0.5557,-0.6178,-2.0221,-0.8568,0.5077,1.0380,0.4105,2.8626,-0.1412,0.0602,1.2377,2.5401,-1.4499,0.8129
907,True,Optimization terminated successfully.,18646,24366,720.2871,0,1,0.0597,-0.0883,0.3030,-1.0695,-1.5449,-0.6208,-0.6254,-0.8469,1.5936,2.4027,-0.9678,1.9229,4.1526,0.7754,-0.6160,0.9654
908,True,Optimization terminated successfully.,13287,17419,4606.4595,0,1,0.1557,-0.7494,-1.5922,-1.2074,-0.9703,-0.7956,0.0618,1.2556,-1.0231,0.9380,-0.4074,0.7327,-0.5644,2.9020,-0.3179,0.6329
909,True,Optimization terminated successfully.,9417,12435,2870.0097,1,0,0.3582,-0.7860,-1.6780,0.1361,-2.1069,-1.0754,0.2060,2.0301,-1.8903,1.4136,0.5830,0.6417,-1.0350,5.2187,-0.7724,0.4588
910,True,Optimization terminated successfully.,18935,24725,690.2574,0,1,-0.2220,-0.8800,-0.3093,-0.7990,-0.7594,-0.1969,0.6545,0.1486,1.0975,-0.0405,-2.4354,-0.2165,2.9117,1.3118,2.4855,1.4264
911,True,Optimization terminated successfully.,31871,41506,791.5548,0,1,-0.2796,-0.7683,-1.1837,-1.2299,-0.6428,-0.0582,0.7181,1.8094,2.3902,-0.3557,-2.8571,-0.0792,0.1157,-0.5338,2.8664,1.7470
912,True,Optimization terminated successfully.,9593,12741,4773.4274,0,1,-0.0805,-1.0912,-1.4878,-0.5785,-0.2180,-0.4729,0.4398,-0.2978,0.3309,-0.5213,-1.5506,-0.4693,2.5958,1.1418,2.4528,0.7798
913,True,Optimization terminated successfully.,18260,23846,4225.8953,0,1,-0.0348,-0.7898,-1.2584,-1.1080,-0.5968,-0.5459,0.0193,-0.0200,0.8091,-0.5513,-1.3071,0.2262,1.1810,0.3551,4.0658,0.7567
914,True,Optimization terminated successfully.,16109,21090,869.5743,0,1,0.0222,-1.1134,-0.6186,0.2162,-1.1934,-0.5348,1.0856,0.6208,-0.7462,1.2768,-1.2343,-0.7156,1.6746,4.1959,1.1925,1.2014
915,True,Optimization terminated successfully.,8748,11572,2319.9422,0,1,-0.2967,-0.5157,-0.1944,-1.2823,-1.0336,-0.0672,0.0676,1.1203,1.3550,-0.3300,-2.8478,0.8888,0.8584,1.0339,1.3411,1.6605
916,True,Optimization terminated successfully.,12503,16412,921.8714,1,0,0.0092,-0.7990,1.1303,0.3674,-1.3443,-0.5539,0.4728,-2.3974,-1.2262,0.9402,-1.2102,0.0894,6.4825,4.9345,0.9109,1.0293
917,True,Optimization terminated successfully.,25173,32902,738.8999,0,1,-0.1636,-1.3573,-0.4483,-0.4027,-0.9603,-0.2601,1.4951,0.4919,0.5384,0.9268,-2.1821,-1.4675,2.2363,2.2474,1.6606,1.4641
918,True,Optimization terminated successfully.,8793,11687,2881.6741,0,1,0.3383,-0.7253,-0.6628,-0.3658,-1.9583,-1.0547,0.3373,0.4979,0.7021,1.1963,0.5177,0.6465,0.6974,1.7308,0.5058,0.4677
919,True,Optimization terminated successfully.,17190,22585,401.5144,0,1,-0.2680,-0.8494,-0.3836,-1.0925,-1.0972,-0.0861,0.7256,0.6938,1.8303,1.3451,-2.7608,-0.2120,1.9331,0.4308,1.0477,1.7204
920,True,Optimization terminated successfully.,13320,17455,1589.2442,0,1,-0.3556,-0.8016,-0.3743,0.2479,-0.9965,0.0299,0.6151,0.9210,-0.9649,0.2244,-3.1636,-0.1135,1.6679,4.7471,0.9434,1.7792
921,True,Optimization terminated successfully.,27331,35705,770.9614,0,1,-0.3007,-0.8045,-1.7554,-1.4292,0.1431,-0.0432,0.7348,3.3371,2.4612,-0.5504,-2.9027,-0.0784,-2.0341,-0.5546,3.9958,1.7692
922,True,Optimization terminated successfully.,19583,25627,2291.0198,0,1,0.3824,-0.5155,-1.8456,-0.8625,-1.6284,-1.1066,-0.0626,2.1939,0.1655,3.8564,0.6805,0.8407,-0.7271,2.0826,-2.3426,0.4283
923,True,Optimization terminated successfully.,12247,16154,1217.1127,0,1,-0.5698,-0.5249,-0.1068,-1.2183,-0.8065,0.3513,0.2663,0.5945,2.0343,0.9363,-4.2804,0.5341,1.4884,0.0712,1.5550,2.1509
924,True,Optimization terminated successfully.,13075,17200,2809.0385,0,1,0.0612,-0.7374,-1.6370,-2.1250,-0.4681,-0.5653,0.5161,3.1148,2.8444,-0.4466,-1.1048,0.1221,-1.6165,-1.0012,1.3215,1.2566
925,True,Optimization terminated successfully.,12077,15838,1043.8877,0,1,0.2974,-0.1786,-0.0049,-1.4843,-1.5305,-0.9802,-0.5612,0.2943,1.9951,2.1560,0.2682,1.9286,2.8099,0.2871,-0.6504,0.6126
926,True,Optimization terminated successfully.,6615,8872,6981.3239,0,1,-0.0416,-0.7842,-1.3054,-0.6557,-0.0259,-0.4754,0.4966,-0.1494,-0.3103,0.3522,-1.4866,0.0872,0.7268,2.7879,-0.1336,1.0915
927,True,Optimization terminated successfully.,13739,17998,2244.1696,0,1,-0.3666,-0.8848,0.7314,0.2416,0.1856,0.0802,1.0508,-0.7073,-1.1606,1.6878,-3.3392,-0.7902,4.0373,4.3883,0.8051,1.9025
928,True,Optimization terminated successfully.,24971,32607,574.7983,0,1,-0.3600,-0.6760,-0.9995,-0.8268,-0.2677,0.0427,0.6855,1.8159,1.5021,0.3705,-3.2056,-0.0521,0.2594,0.9817,2.6026,1.7883
929,True,Optimization terminated successfully.,12130,16000,976.7739,0,1,-0.0087,-0.7656,-1.3636,-0.6565,-1.4695,-0.5243,0.3239,1.6836,0.7367,1.4637,-1.3024,0.2675,0.8535,1.8705,0.1612,1.0676
930,True,Optimization terminated successfully.,9079,12015,3977.0072,0,1,0.5470,-0.6060,-0.5063,-1.5256,-1.4037,-1.3701,-0.0824,-0.1123,0.8944,1.3157,1.6014,1.2530,1.1635,1.2108,-0.3010,0.1657
931,True,Optimization terminated successfully.,8145,10771,4414.5941,0,1,0.3271,-1.3016,-1.5026,-0.9083,-0.2769,-1.0429,1.0427,0.1772,0.7015,1.0863,0.4602,-0.6616,1.1545,0.6731,0.8941,0.4131
932,True,Optimization terminated successfully.,26717,34773,539.9026,0,1,-0.1992,-0.6123,-1.4547,-0.7978,-0.0365,-0.1990,0.4163,2.7604,1.3491,-0.4763,-2.4035,0.3566,-1.0237,1.1267,3.6883,1.5454
933,True,Optimization terminated successfully.,8568,11373,6408.6713,0,1,0.2578,-1.0918,-0.5533,-0.9514,-1.2950,-0.9437,0.5934,-0.2757,0.2353,0.3397,0.1204,0.1582,0.8871,1.4086,-0.0779,0.6071
934,True,Optimization terminated successfully.,11198,14772,892.8336,0,1,-0.0666,-0.7027,-0.6380,-0.9829,-0.7832,-0.4267,0.3292,0.6056,0.6612,-0.0245,-1.6705,0.4840,1.5220,1.5276,2.8621,1.2329
935,True,Optimization terminated successfully.,12439,16366,3964.9010,0,1,0.0835,-1.0571,-0.9875,-2.2115,-0.1007,-0.6397,0.9745,-0.4681,2.1319,-0.0452,-0.8929,-0.5185,1.8715,-0.7648,1.9108,1.0362
936,True,Optimization terminated successfully.,27066,35309,988.6637,1,0,0.1209,-0.6130,-0.5531,0.9280,-1.5701,-0.6925,0.1260,1.0082,-1.6230,1.6326,-0.7054,0.8626,1.4550,5.6600,-0.1573,0.9852
937,True,Optimization terminated successfully.,9387,12437,4312.2471,0,1,-0.1428,-0.4234,0.7070,-1.2755,-0.7419,-0.2853,0.0247,0.5055,0.4569,1.2455,-2.0826,1.2448,0.5118,1.7504,0.0926,1.4962
938,True,Optimization terminated successfully.,20743,27137,829.6589,0,1,-0.1911,-1.1833,-2.0074,-0.6936,-0.2196,-0.2026,1.3077,3.6716,0.9962,0.3105,-2.3646,-1.1570,-2.4153,1.6083,2.9257,1.6003
939,True,Optimization terminated successfully.,33261,43230,652.4833,0,1,-0.2745,-0.7581,-0.4335,-1.7932,-1.0264,-0.0775,0.7021,0.8779,3.1441,1.4339,-2.8013,-0.1996,2.0122,-1.4161,0.7662,1.7539
940,True,Optimization terminated successfully.,13094,17259,1830.3548,0,1,-0.0622,-0.3197,-0.3767,-0.9381,-0.7574,-0.4154,-0.2402,0.8940,1.2812,0.4767,-1.6460,1.2479,2.1945,1.5379,0.3505,1.2618
941,True,Optimization terminated successfully.,14107,18414,3168.1634,0,1,0.3927,-1.5284,-0.2088,0.7378,-0.2407,-1.1048,1.4541,-1.0454,-0.4699,-0.4308,0.7014,-1.6999,4.0158,4.3386,2.4437,0.4869
942,True,Optimization terminated successfully.,36559,47693,751.7896,0,1,-0.1636,-0.7393,0.6410,-0.7267,-1.3787,-0.2510,0.5369,-1.2379,1.3104,1.9241,-2.2247,0.1670,4.7162,1.0611,0.0534,1.4672
943,True,Optimization terminated successfully.,13225,17410,752.5862,0,1,-0.0158,-0.6553,-0.8179,0.2170,-1.3037,-0.4661,0.2514,1.5909,-0.4694,1.2058,-1.4486,0.3716,0.7601,4.0176,0.8108,1.3072
944,True,Optimization terminated successfully.,8781,11574,565.7215,0,1,-0.4103,-1.1363,-0.4400,-0.5593,-1.0218,0.1159,1.2368,0.5879,0.9410,0.9295,-3.4854,-1.0644,2.1114,1.6495,1.4698,1.8849
945,True,Optimization terminated successfully.,11226,14784,1069.7183,0,1,0.1290,-0.2467,-0.3702,-0.8994,-2.3253,-0.7334,-0.5367,-0.3247,0.6841,3.0216,-0.5886,1.6863,2.8845,1.8030,-1.6737,0.7852
946,True,Optimization terminated successfully.,16726,21897,688.9847,0,1,-0.0744,-0.9541,-1.0902,-0.9651,-0.8277,-0.3824,0.9219,1.5648,1.4953,1.6027,-1.7521,-0.5139,0.6736,1.0155,0.9558,1.3783
947,True,Optimization terminated successfully.,9796,12939,2547.4342,0,1,0.3622,-1.2794,-1.2874,-0.5639,-1.6377,-1.0612,0.8644,1.3258,0.1009,0.9872,0.5570,-0.4835,0.1342,2.0947,0.2870,0.6006
948,True,Optimization terminated successfully.,9847,13101,1183.8550,0,1,-0.4267,-0.9877,-0.6664,-0.8279,-0.5597,0.1681,1.1552,1.0320,1.7596,-0.2436,-3.6151,-0.7910,1.7638,0.7028,1.9693,2.0623
949,True,Optimization terminated successfully.,17755,23157,731.7464,0,1,0.0876,-0.6708,-0.2268,0.1284,-1.5494,-0.6438,0.3125,0.4516,-0.6748,2.1770,-0.8753,0.4626,2.2784,4.1162,-0.0904,1.0152
950,True,Optimization terminated successfully.,20118,26186,767.5202,1,0,-0.7503,-1.8097,-0.9853,-0.9684,-0.6091,0.6970,2.6515,2.6069,1.8929,0.8474,-5.4049,-3.2183,-0.8064,0.4406,1.9580,2.7958
951,True,Optimization terminated successfully.,9319,12398,4703.5163,0,1,-0.0427,-1.0614,-0.7399,-1.4220,-1.6602,-0.4889,0.5965,0.8310,0.5663,0.2230,-1.4499,0.0160,-0.3177,1.2524,0.3326,1.0831
952,True,Optimization terminated successfully.,17329,22745,840.7891,0,1,-0.0048,-0.5111,-0.5475,-0.3691,-1.3163,-0.4867,0.1365,0.9932,1.0133,2.5256,-1.4054,0.8769,1.7365,1.9003,-0.7660,1.2167
953,True,Optimization terminated successfully.,13721,18016,934.5156,0,1,0.1590,-0.4075,-0.7183,-1.6267,-1.3938,-0.7587,-0.2206,1.0067,2.3424,2.1480,-0.4797,1.3357,1.1684,-0.4160,0.0453,0.8769
954,True,Optimization terminated successfully.,6616,8874,4655.9769,0,1,0.1234,-0.7259,-0.4886,-0.5272,-1.6991,-0.7647,-0.1313,-0.9226,-0.5305,0.0658,-0.5310,1.0482,2.8191,2.9162,-0.0864,0.5939
955,True,Optimization terminated successfully.,28306,36986,613.1746,0,1,-0.1421,-0.6396,-1.7647,-0.3374,-1.1396,-0.2760,0.3505,3.0235,0.3549,1.2430,-2.1223,0.3922,-1.3255,2.6093,1.0747,1.4409
956,True,Optimization terminated successfully.,9084,11990,5555.2260,0,1,0.2055,-0.9803,-1.4148,-0.6719,-1.2712,-0.9258,0.0583,-0.2793,-0.7823,0.4844,-0.0137,0.2934,1.7715,3.2020,-0.0249,0.2403
957,True,Optimization terminated successfully.,9339,12395,9128.6673,0,1,0.3672,-1.3992,-1.0014,-0.3536,0.8392,-1.1359,0.7637,0.2327,-0.0164,0.8653,0.7428,-0.8236,0.5948,1.4906,0.1186,0.1940
958,True,Optimization terminated successfully.,11658,15273,5298.5331,0,1,0.5307,-1.3746,0.8107,-1.7448,-1.0292,-1.2960,1.0964,-1.3089,1.8814,1.0300,1.3952,-0.8487,3.3996,-0.3014,-0.6592,0.4447
959,True,Optimization terminated successfully.,22501,29430,534.8377,0,1,-0.1287,-0.7316,-0.6383,-0.0512,-1.2232,-0.2978,0.4991,1.0030,-0.0566,1.3956,-2.0410,0.1590,1.6059,3.3006,0.8698,1.4218
960,True,Optimization terminated successfully.,18294,23884,671.0876,0,1,-0.3302,-1.2227,-0.7444,-2.6665,-0.3914,0.0235,1.4565,1.3459,4.4422,-0.1053,-3.1349,-1.3726,1.0913,-3.3810,2.9989,1.8888
961,True,Optimization terminated successfully.,15557,20385,509.1716,0,1,-0.1856,-0.9175,-1.3506,-0.4526,-0.7431,-0.2090,0.8707,2.4306,0.6172,0.9527,-2.3460,-0.3947,-0.5124,2.3458,1.7258,1.5844
962,True,Optimization terminated successfully.,9418,12417,3243.8823,0,1,0.1716,-0.8941,-1.0574,-0.8891,-1.8570,-0.8535,0.2300,-0.1592,-0.1446,0.9220,-0.2333,0.2459,1.8326,2.1356,0.7067,0.4307
963,True,Optimization terminated successfully.,16594,21694,2333.7378,0,1,0.4709,-1.0826,-0.6365,-0.6718,-0.8248,-1.2345,0.8325,-0.2883,0.0097,1.0374,1.1347,-0.6752,2.8167,2.8736,1.0621,0.3518
964,True,Optimization terminated successfully.,9474,12546,2291.8612,0,1,-0.4887,-0.4029,-1.3690,-2.1539,-0.3617,0.2075,0.0078,2.1749,2.6810,0.3588,-3.8163,1.0088,-1.8362,-1.0707,2.2093,1.9082
965,True,Optimization terminated successfully.,14850,19447,4307.6614,0,1,-0.0249,-1.3245,-0.6061,-1.0701,-1.2024,-0.4700,1.3658,-0.8359,-0.1619,0.9822,-1.4735,-1.5902,2.5831,3.1367,-0.6090,1.2428
966,True,Optimization terminated successfully.,12511,16463,2777.7686,0,1,0.1289,-0.8888,-0.7665,-1.2049,-1.7372,-0.7145,0.4228,0.6414,0.5789,0.1731,-0.6354,0.2576,1.0053,1.6855,0.6192,0.9347
967,True,Optimization terminated successfully.,9861,13069,4341.6680,0,1,0.5174,-1.0774,-0.4408,-1.1463,-1.3097,-1.3898,0.2437,-1.3401,0.6856,0.3754,1.5924,-0.2111,3.7980,0.2868,2.0223,-0.2675
968,True,Optimization terminated successfully.,8805,11686,4717.5300,0,1,-0.2526,-0.4457,-2.0016,0.3865,-1.3279,-0.1574,-0.1976,1.2845,-1.1863,0.4351,-2.5767,0.7926,-0.5378,4.6647,-0.2692,1.4235
969,True,Optimization terminated successfully.,13508,17770,846.9349,0,1,-0.0357,-0.7629,-1.5160,-0.5994,-0.7452,-0.4694,0.4336,1.7074,0.6909,0.1511,-1.4597,0.1803,0.5207,1.9202,2.0227,1.2075
970,True,Optimization terminated successfully.,14268,18737,1889.4211,0,1,0.1162,-0.5747,0.4056,-0.4533,-0.3568,-0.6830,0.1582,0.9456,0.6354,0.7686,-0.7331,0.9097,1.8195,2.3357,1.1280,0.9845
971,True,Optimization terminated successfully.,17174,22494,519.0450,0,1,-0.3121,-0.9123,-0.0837,-0.8421,-0.3486,-0.0093,0.9301,0.3491,1.5118,0.0780,-3.0209,-0.4423,2.5761,0.9376,3.0041,1.8224
972,True,Optimization terminated successfully.,6955,9268,3473.8263,0,1,0.1002,-1.1740,-1.2448,-0.8832,-1.3940,-0.6819,1.0013,0.6686,0.1177,-0.0248,-0.7537,-0.5257,0.3387,1.7290,1.4310,0.9143
973,True,Optimization terminated successfully.,12617,16598,933.2893,0,1,-0.1118,-0.8397,-0.7381,-1.0683,-1.7879,-0.3341,0.5061,0.8534,0.6821,1.9330,-1.9346,-0.0337,1.3699,1.7350,-0.1217,1.3292
974,True,Optimization terminated successfully.,16588,21666,804.9465,1,0,0.1644,-0.3550,-0.1002,0.6668,-2.3073,-0.7818,-0.3403,-0.2505,-1.5960,3.5999,-0.4171,1.4577,3.4123,5.4182,-2.5301,0.7501
975,True,Optimization terminated successfully.,13081,17175,1097.6750,0,1,-0.0493,-0.6385,-0.2094,-1.1115,-0.3017,-0.3959,0.5267,0.8590,2.0407,1.0348,-1.6972,0.4815,1.4933,0.2521,1.4617,1.4567
976,True,Optimization terminated successfully.,37732,49111,462.3378,0,1,-0.2971,-0.8121,-1.4730,-0.5876,-1.4528,-0.0401,0.7204,2.7636,0.9499,2.2943,-2.9125,-0.1572,-0.9923,1.7686,-0.3653,1.7687
977,True,Optimization terminated successfully.,9524,12683,2913.5454,0,1,-0.0157,-0.4751,-1.8697,-0.2675,-0.4921,-0.5611,-0.0611,0.6035,-0.3771,1.0497,-1.2517,1.0832,1.1566,2.5892,0.7857,0.7675
978,True,Optimization terminated successfully.,17255,22538,455.2539,0,1,-0.3962,-0.9342,-0.7370,-1.0004,-1.7473,0.1197,1.0082,1.5858,1.8518,2.9367,-3.4685,-0.6273,0.7387,0.5149,-1.2360,2.0018
979,True,Optimization terminated successfully.,18900,24702,936.4758,0,1,-0.2805,-1.5039,-0.6545,0.4358,-0.4671,-0.0476,1.8458,1.4691,-0.1552,0.4844,-2.8907,-2.0599,1.0413,3.9327,2.2350,1.8030
980,True,Optimization terminated successfully.,15406,20218,632.3730,0,1,-0.2710,-0.6032,-1.0214,-1.2321,-0.8245,-0.0902,0.3598,1.8429,2.0515,1.2074,-2.7545,0.6175,0.1999,0.2057,1.1209,1.6618
981,True,Optimization terminated successfully.,12913,16963,3460.7646,0,1,-0.0740,-1.1352,-0.7804,-1.1930,-1.8062,-0.4461,0.8415,-0.8481,0.4529,1.8291,-1.6009,-0.5400,2.3228,1.3098,-0.3505,1.0382
982,True,Optimization terminated successfully.,15822,20800,847.6827,0,1,-0.4198,-1.2609,0.7325,-1.6427,-1.6592,0.1565,1.5095,-1.1722,2.7119,2.2008,-3.5827,-1.4899,4.7027,-0.9377,-0.4342,2.0466
983,True,Optimization terminated successfully.,13685,17988,806.1757,1,0,-0.0470,-0.9888,0.2248,-0.2884,0.9871,-0.4405,0.9153,-0.2696,0.1386,-2.0834,-1.5674,-0.5805,3.2745,2.7008,6.4644,1.2605
984,True,Optimization terminated successfully.,13812,18069,796.0754,0,1,-0.0703,-0.9973,-1.0003,0.0241,-1.3039,-0.4042,0.8584,0.9701,-0.3766,1.0560,-1.6991,-0.4937,1.5718,3.4974,0.9042,1.2224
985,True,Optimization terminated successfully.,12012,15784,2906.8962,0,1,0.2000,-0.7207,0.6313,-0.4999,-1.6518,-0.8377,0.2013,-1.3980,-0.1361,0.5579,-0.2257,0.1097,4.9856,3.7298,-0.2612,0.6530
986,True,Optimization terminated successfully.,9806,12968,2971.3714,0,1,0.0020,-0.8530,-0.6717,-1.2241,-1.2991,-0.5002,0.4936,1.8348,1.5844,0.4164,-1.3383,0.1222,0.4967,0.7048,-0.3370,1.2789
987,True,Optimization terminated successfully.,18602,24276,542.1910,0,1,-0.0647,-0.6160,0.0373,-0.9242,-0.2383,-0.4051,0.3369,-0.0832,1.4239,-0.3264,-1.6799,0.4224,3.1077,1.0165,3.3903,1.3017
988,True,Optimization terminated successfully.,38375,49991,648.1054,0,1,0.0669,-0.3524,-0.8636,-0.7622,-1.1266,-0.6217,-0.2553,1.1826,0.5936,1.0431,-0.9595,1.1914,1.2304,2.2846,1.1153,0.9937
989,True,Optimization terminated successfully.,9225,12213,2324.4025,1,0,-0.7993,-1.2714,-0.3624,-0.3439,-1.1827,0.7402,1.6610,0.4903,0.7160,2.5099,-5.5970,-1.5283,0.6142,2.0157,-0.6822,2.7518
990,True,Optimization terminated successfully.,19226,25190,788.8928,0,1,-0.1251,-0.1650,-1.3291,-1.1981,-0.1002,-0.3377,-0.4922,2.1985,1.7725,-0.4028,-1.9299,1.7376,-0.6455,0.4133,3.6243,1.2949
991,True,Optimization terminated successfully.,8498,11269,4754.0951,0,1,0.2088,-1.3884,-0.3551,-1.4716,-1.4512,-0.8504,1.0236,0.0135,0.3758,0.3028,-0.1853,-0.7530,0.9906,1.3863,0.4953,0.7309
992,True,Optimization terminated successfully.,17660,23174,768.2521,0,1,-0.2197,-1.2093,-0.1515,-0.9576,-1.4281,-0.1658,1.3211,0.2029,1.4072,1.5243,-2.4989,-1.2324,2.7647,1.0074,0.5018,1.6247
993,True,Optimization terminated successfully.,19308,25433,675.5021,0,1,-0.2437,-0.8091,-0.4696,-1.2250,-0.4048,-0.1081,0.7788,1.6788,2.4620,0.5216,-2.6756,-0.1791,0.5786,-0.5030,2.6766,1.7779
994,True,Optimization terminated successfully.,18397,24126,490.9552,0,1,-0.2265,-0.9363,-0.3637,-0.1590,-0.8458,-0.1516,0.8766,0.6846,0.4259,1.2148,-2.5404,-0.4743,2.0006,2.6668,1.3157,1.6162
995,True,Optimization terminated successfully.,23768,31075,440.0792,0,1,0.0422,-0.3941,-0.3755,-0.0283,-0.1569,-0.5736,-0.1284,0.4962,-0.1710,-0.6239,-1.1159,1.1713,2.2293,3.4027,3.8488,1.0318
996,True,Optimization terminated successfully.,16110,21087,3661.1725,0,1,0.4708,-1.0301,-0.9992,-0.1348,-0.2602,-1.2855,0.3507,0.6710,-0.3373,0.0338,1.2621,0.0825,2.1503,3.4094,0.8320,0.0642
997,True,Optimization terminated successfully.,23454,30689,556.6746,0,1,-0.3097,-0.8560,-1.9022,-0.8428,-1.6784,-0.0100,0.7572,3.5035,1.4059,2.7434,-3.0219,-0.2094,-2.0760,1.0685,-1.0394,1.8460
998,True,Optimization terminated successfully.,14000,18511,1713.1285,0,1,0.0441,-0.9682,-3.0142,-0.8426,-0.8940,-0.5799,0.7501,4.3622,1.0972,1.1118,-1.0983,-0.3731,-3.3117,1.2338,0.6547,1.0813
999,True,Optimization terminated successfully.,14316,18797,3007.6188,0,1,0.2929,-1.0599,-0.9328,-1.8215,-0.2501,-0.9876,0.5383,-0.4213,1.3211,0.1218,0.2818,-0.2738,2.5816,0.7092,1.7509,0.5231
1000,True,Optimization terminated successfully.,10442,13866,4131.9983,0,1,0.1948,-1.6703,-1.1996,-1.3679,-0.9288,-0.7956,1.6817,1.2558,1.6341,0.4383,-0.3427,-2.0120,0.8904,0.3738,-0.3012,0.9159
1001,True,Optimization terminated successfully.,28991,37700,622.8141,0,1,-0.3179,-0.8903,-1.9130,-0.2417,-2.2613,0.0058,0.9597,3.1771,0.3196,3.5448,-3.0988,-0.4683,-1.5641,2.8502,-2.4190,1.8414
1002,True,Optimization terminated successfully.,17943,23564,456.8357,0,1,-0.3712,-1.1948,-0.3629,-0.6860,-1.1401,0.0864,1.3841,0.9414,1.2804,1.7629,-3.3598,-1.2297,1.7249,1.3394,0.5163,1.9664
1003,True,Optimization terminated successfully.,22932,30064,1070.7687,0,1,-0.2714,-1.3844,0.5725,0.1710,-0.5055,-0.0648,1.7148,-0.3217,0.1865,1.0252,-2.8180,-1.6732,3.7128,3.1405,1.3742,1.8058
1004,True,Optimization terminated successfully.,9042,12023,2840.9040,0,1,0.1586,-0.9976,-0.0806,-0.7679,-1.6184,-0.7649,0.5407,-0.6591,-0.3854,0.2263,-0.4746,-0.2970,3.7933,3.0762,0.3254,0.7872
1005,True,Optimization terminated successfully.,12641,16668,973.3624,1,0,0.0405,-0.9509,-1.2097,1.0476,-1.1469,-0.5761,0.7329,2.1838,-2.1261,1.3666,-1.1112,-0.2522,-0.3229,6.2918,0.8177,1.0814
1006,True,Optimization terminated successfully.,19499,25496,818.2629,0,1,-0.2329,-1.0395,-0.1844,0.2289,-0.8198,-0.1515,0.9759,0.3067,-0.7369,-0.2201,-2.5556,-0.7112,2.6436,4.3052,2.5946,1.5967
1007,True,Optimization terminated successfully.,17780,23230,517.4373,0,1,-0.3476,-1.0530,-1.0032,-1.0119,-2.0245,0.0452,1.1301,1.9668,1.7526,3.4393,-3.2071,-0.8461,0.2144,0.5660,-1.9060,1.9069
1008,True,Optimization terminated successfully.,17973,23668,506.9227,0,1,-0.2158,-0.7988,-0.3394,-0.3272,0.2382,-0.1733,0.6381,0.7931,0.5662,-1.3241,-2.4675,-0.0810,1.7777,2.3978,4.9655,1.5787
1009,True,Optimization terminated successfully.,16424,21542,690.8494,0,1,0.0376,-0.8734,0.0980,-0.8654,-1.7835,-0.5648,0.6680,-0.1822,1.0926,1.8742,-1.1369,-0.1274,3.2954,1.5324,-0.2540,1.1579
1010,True,Optimization terminated successfully.,8775,11651,5932.1387,0,1,0.2992,-0.8730,-1.2210,-0.9812,-0.2430,-1.0299,0.0682,-0.6672,-0.0402,0.6659,0.3533,-0.1328,1.6971,1.1471,2.4843,0.1935
1011,True,Optimization terminated successfully.,15520,20389,624.7896,0,1,-0.2651,-0.6022,-0.7168,0.2094,-1.0605,-0.1056,0.3142,1.5978,-0.4687,1.3300,-2.7187,0.3640,1.0050,3.9567,0.6574,1.6148
1012,True,Optimization terminated successfully.,8740,11578,1792.2027,0,1,-0.3321,-0.2030,-1.1517,-0.2819,-0.8325,-0.0441,-0.4565,1.3892,0.6614,-0.6106,-2.9815,1.6567,0.2959,2.1450,2.5848,1.5131
1013,True,Optimization terminated successfully.,13888,18340,2704.8827,0,1,-0.4434,-0.7530,-1.0818,-1.6630,-0.3373,0.1628,0.6021,0.5735,2.5381,0.1369,-3.6224,0.2608,0.4024,-0.7671,1.7725,1.9725
1014,True,Optimization terminated successfully.,15694,20670,854.5930,0,1,0.0088,-0.8532,-1.7621,-1.4567,-1.8604,-0.5059,0.6712,2.7307,2.0617,2.8346,-1.3368,-0.1099,-1.2538,-0.0463,-1.3748,1.2705
1015,True,Optimization terminated successfully.,27826,36258,641.3232,0,1,-0.1625,-0.7676,-0.6170,-1.2917,-1.3064,-0.2641,0.5745,0.6505,2.2427,1.9002,-2.1490,0.0642,2.2903,-0.3476,0.1762,1.4169
1016,True,Optimization terminated successfully.,24553,32159,1535.3414,0,1,0.0627,-0.9500,-1.2858,0.4211,0.2478,-0.6269,0.9082,1.9098,-0.5746,0.1782,-0.9788,-0.4846,-0.1127,3.8193,3.1047,0.8994
1017,True,Optimization terminated successfully.,17070,22431,782.3744,0,1,-0.2488,-0.9424,-0.7795,-1.8521,-2.2125,-0.1161,0.9517,1.1460,3.0372,3.3859,-2.6497,-0.5322,1.3620,-1.4452,-2.0917,1.6855
1018,True,Optimization terminated successfully.,33732,43909,914.3283,1,0,0.0159,-1.1822,-1.1567,-0.7211,0.8526,-0.5195,1.2420,1.9329,1.0469,-2.2683,-1.2676,-1.0796,0.1090,1.3853,6.3635,1.2039
1019,True,Optimization terminated successfully.,25546,33310,747.5727,1,0,-0.6874,-1.8333,-0.4779,-1.3069,0.1614,0.5924,2.6098,1.4078,2.6236,-0.7332,-5.0227,-3.2077,1.0568,-0.7319,4.2602,2.6692
1020,True,Optimization terminated successfully.,17772,23393,3643.3734,0,1,0.6652,-0.9563,-1.8221,-0.7695,-1.2368,-1.5304,0.1754,1.7180,0.3669,1.4483,2.1336,0.2162,-0.2461,2.1263,-0.5137,-0.0914
1021,True,Optimization terminated successfully.,39396,51178,627.8860,0,1,-0.3274,-0.8013,-0.6108,-1.0397,-2.1513,0.0112,0.7473,1.2176,1.9812,3.5043,-3.0986,-0.2357,1.1779,0.4890,-2.0689,1.8636
1022,True,Optimization terminated successfully.,15689,20606,1262.8221,1,0,0.0542,-1.0916,0.8867,-0.7719,-0.4747,-0.5793,1.0051,-1.9306,1.4692,-0.5172,-1.0844,-0.7325,5.7038,1.2286,3.0180,1.1565
1023,True,Optimization terminated successfully.,12915,17011,723.2865,0,1,-0.1206,-0.9029,-1.8192,-0.7185,-1.7790,-0.2961,0.8507,3.2875,0.9779,2.9906,-2.0304,-0.4386,-1.7653,1.5017,-1.3155,1.5289
1024,True,Optimization terminated successfully.,19823,25892,866.8153,1,0,-0.0874,-0.7217,-0.8793,1.5170,-1.1019,-0.3787,0.4026,1.7352,-2.6469,1.3392,-1.7917,0.2601,0.7350,7.2547,0.2979,1.3110
1025,True,Optimization terminated successfully.,17719,23090,1623.0028,0,1,0.2447,-0.7831,-1.6317,-0.9946,-1.8432,-0.9219,0.2404,2.3366,0.6445,2.8215,0.0249,0.3391,-0.2914,1.5282,-1.4493,0.5079
1026,True,Optimization terminated successfully.,8821,11673,3986.0071,0,1,-0.3352,-0.7616,-0.8054,-1.1651,-1.5820,0.0014,0.5207,0.7796,0.4599,0.1438,-3.0916,-0.0655,0.3403,1.8975,0.1315,1.8009
1027,True,Optimization terminated successfully.,7786,10323,5273.9895,0,1,0.4948,-1.1469,-0.6364,-1.3191,-1.3665,-1.3137,0.4282,-0.0768,0.2545,1.1730,1.3858,-0.0808,0.5122,1.7084,0.3209,0.1361
1028,True,Optimization terminated successfully.,17347,22682,1004.3518,0,1,-0.2302,-0.7261,-2.5542,-1.2135,-0.2834,-0.1316,0.6771,4.4175,2.0334,0.6254,-2.5955,-0.0731,-3.5153,0.0920,2.1390,1.7027
1029,True,Optimization terminated successfully.,16388,21601,644.9504,0,1,-0.4621,-1.5494,-1.4210,-0.5115,-0.2473,0.2145,1.9876,2.9152,0.8496,0.2908,-3.7749,-2.3017,-1.3904,1.7710,2.9738,2.1297
1030,True,Optimization terminated successfully.,12391,16336,676.2227,0,1,-0.2059,-0.7793,0.0879,0.5420,-0.6705,-0.2069,0.5376,-0.1935,-1.1824,0.4157,-2.3914,-0.0244,3.0997,4.9809,2.5172,1.4822
1031,True,Optimization terminated successfully.,10553,13858,5036.9294,0,1,-0.2286,-0.8395,-1.4349,-0.3038,-0.6642,-0.2914,-0.1842,1.2868,0.8670,-0.0460,-2.2029,0.7784,0.5568,1.4620,0.5567,0.8029
1032,True,Optimization terminated successfully.,37982,49505,827.6036,0,1,-0.3865,-1.0304,-0.3717,0.3638,-0.4503,0.1189,1.1578,1.1268,-0.5129,0.4950,-3.4557,-0.7346,0.8713,4.1572,2.4048,2.0220
1033,True,Optimization terminated successfully.,24846,32579,2506.1555,1,0,0.4916,-0.4815,-1.2717,0.1932,-1.3444,-1.2368,-0.0927,2.1100,-1.4056,3.0959,1.1879,0.9847,-0.5991,5.1484,-2.0056,0.4513
1034,True,Optimization terminated successfully.,15494,20298,2351.9386,0,1,0.1997,-1.4995,-0.9324,0.0768,-0.9952,-0.8336,1.3486,-0.2072,-0.5215,0.1743,-0.2275,-1.5412,2.6109,3.9833,1.6029,0.7067
1035,True,Optimization terminated successfully.,28230,36710,2322.3178,0,1,0.0402,-0.4808,-0.7012,-0.5592,-1.6746,-0.5401,-0.1036,0.6522,0.4280,0.5670,-1.2557,0.9950,1.8048,2.0479,-0.2883,1.0292
1036,True,Optimization terminated successfully.,7212,9629,5984.9176,0,1,0.1470,-1.1301,-1.5338,-0.3133,-0.6837,-0.8665,0.3735,-0.2626,-0.4900,1.1718,-0.2454,0.0879,1.8676,2.1898,-0.5591,0.1821
1037,True,Optimization terminated successfully.,9000,11860,4187.7901,0,1,0.1071,-1.0483,-1.0955,-1.1416,0.2631,-0.6904,0.7931,0.0801,-0.5057,0.2989,-0.7321,-0.3248,1.5252,2.7688,1.2933,0.9246
1038,True,Optimization terminated successfully.,18447,24063,488.1387,0,1,-0.2096,-0.6945,-1.0460,-0.6378,-0.2954,-0.1807,0.4907,2.0073,0.9870,-0.3199,-2.4438,0.1862,0.0628,1.7190,3.4371,1.5720
1039,True,Optimization terminated successfully.,19527,25491,1210.9134,1,0,0.0174,-1.0588,-0.0518,-2.0483,0.6157,-0.5167,0.9646,0.0101,3.5198,-1.3834,-1.2828,-0.5921,2.9715,-2.2757,5.1476,1.2269
1040,True,Optimization terminated successfully.,9244,12223,1651.0096,0,1,0.1005,-1.1951,-0.7489,-0.9663,-1.4785,-0.6892,0.9407,0.8764,0.6602,0.5091,-0.7321,-0.6066,0.8597,1.5313,1.7928,0.8659
1041,True,Optimization terminated successfully.,13505,17751,1328.5791,0,1,-0.1394,-1.1176,-1.2822,0.3219,-1.1560,-0.2815,1.1308,1.8478,-0.8547,1.0433,-2.1139,-1.0411,0.7235,4.3880,0.2806,1.4614
1042,True,Optimization terminated successfully.,22030,28670,742.1815,0,1,-0.3702,-1.5133,-1.1919,-1.4598,-0.2436,0.0699,1.9117,2.0487,2.5220,-0.0971,-3.3025,-2.1601,-0.0123,-0.6621,3.3484,1.9655
1043,True,Optimization terminated successfully.,17638,23086,844.2126,0,1,-0.6395,-1.3844,-1.1595,-0.2941,-0.7332,0.4890,1.9060,2.6746,0.5684,0.2637,-4.7175,-2.0044,-1.0961,2.7074,2.0067,2.4582
1044,True,Optimization terminated successfully.,45584,59272,615.3592,0,1,-0.0865,-0.8183,-0.1434,0.4150,-1.2474,-0.3744,0.6458,0.2337,-0.9799,1.3337,-1.7768,-0.0199,2.7276,4.6810,0.8350,1.3590
1045,True,Optimization terminated successfully.,10164,13428,6215.6943,0,1,0.3638,-0.9355,-0.8636,-0.5795,-1.1639,-1.0961,0.0748,-0.3842,-0.0871,0.5143,0.6570,0.2997,2.2047,2.6476,-1.2851,0.4199
1046,True,Optimization terminated successfully.,19333,25427,1000.7302,1,0,-0.3197,-1.1411,0.7567,0.7092,-1.0568,-0.0390,1.1926,-0.8560,-1.2721,1.7998,-2.9487,-0.9648,4.1934,5.1948,0.2962,1.6937
1047,True,Optimization terminated successfully.,17419,22793,740.6664,0,1,0.1850,-0.7648,-0.0199,-0.2726,-0.6500,-0.8111,0.3312,-0.5856,-0.2722,0.2506,-0.3099,0.1537,3.7478,3.5179,2.4041,0.7719
1048,True,Optimization terminated successfully.,17282,22580,553.1932,0,1,-0.1368,-0.5917,-1.2114,-0.1160,-0.8256,-0.2895,0.3252,2.1569,-0.0329,0.8706,-2.0853,0.4270,-0.2360,3.3142,1.6753,1.4536
1049,True,Optimization terminated successfully.,20972,27464,635.2211,1,0,-0.1005,-0.7948,-0.6190,0.1269,0.7168,-0.3592,0.6105,1.0374,-0.4370,-2.0303,-1.8449,-0.0189,1.3444,3.8052,6.0998,1.3463
1050,True,Optimization terminated successfully.,35615,46582,961.3766,0,1,-0.2294,-1.4252,-0.8460,-2.1046,-1.4111,-0.1056,1.7423,1.6724,3.5558,2.9160,-2.6768,-1.7658,0.7415,-1.8506,-1.3270,1.8289
1051,True,Optimization terminated successfully.,29550,38419,4251.8650,0,1,0.4083,-0.8122,-0.5213,-0.4544,-0.4203,-1.1133,0.4669,1.6731,-0.7059,2.5166,0.7490,-0.0537,-0.2649,4.0999,-1.5991,0.5821
1052,True,Optimization terminated successfully.,8788,11662,4359.4847,0,1,0.0072,-0.7426,-1.0013,-0.7844,-2.1313,-0.5458,0.2377,0.2913,0.6295,2.2959,-1.2402,0.4878,-0.0979,0.7291,-0.3416,1.0075
1053,True,Optimization terminated successfully.,21878,28568,2188.2637,0,1,0.3485,-1.3876,-0.0249,-1.5808,-0.6533,-1.0305,1.3257,-0.7052,2.0847,0.7422,0.4747,-1.1434,3.6570,-0.2591,1.1825,0.6099
1054,True,Optimization terminated successfully.,21885,28592,573.0952,0,1,-0.4270,-0.9963,-1.4832,-0.6706,-1.4724,0.1664,1.1060,2.7264,1.3653,2.3495,-3.6064,-0.8224,-1.0669,1.2843,-0.1676,2.0370
1055,True,Optimization terminated successfully.,8273,10998,2549.8236,0,1,-0.0950,-0.7468,-0.7403,-0.3415,-1.7224,-0.4056,0.2060,0.7600,-1.1204,0.2871,-1.7233,0.5346,1.2128,4.1120,0.3782,1.1529
1056,True,Optimization terminated successfully.,15522,20415,4220.0573,0,1,-0.1656,-1.0004,-0.9123,-0.0287,-1.2313,-0.2653,0.7769,0.9766,-0.7674,0.5087,-2.1646,0.0511,-0.9860,3.4915,0.6531,1.4604
1057,True,Optimization terminated successfully.,9738,12870,2185.7587,0,1,0.0334,-0.7360,-0.2149,-0.7880,-0.5004,-0.5320,0.6491,0.7916,1.4505,1.7591,-1.2280,0.3192,1.6706,1.0838,-0.5444,1.2621
1058,True,Optimization terminated successfully.,8517,11228,7100.6343,0,1,0.2518,-0.9339,-0.5279,-1.1829,-0.4517,-0.9406,0.3176,-0.3658,0.0260,0.5163,0.0940,0.3324,1.6202,2.1225,-1.0293,0.5094
1059,True,Optimization terminated successfully.,12700,16709,1138.0077,0,1,0.0081,0.0931,-0.4565,-0.8135,0.3948,-0.5089,-0.8445,1.6904,1.1815,-0.8876,-1.3120,2.3114,0.1094,1.4262,4.4463,1.2064
1060,True,Optimization terminated successfully.,9204,12152,4412.1423,0,1,0.2789,-1.2725,-1.8011,-0.8067,-1.7458,-1.0038,0.6555,0.7545,0.2086,1.1905,0.2927,-0.4599,-0.0726,1.4330,0.2688,0.3497
1061,True,Optimization terminated successfully.,19920,26058,522.6687,0,1,-0.2101,-1.0431,0.1099,-0.7655,-1.4186,-0.1532,0.9721,-0.1041,1.0457,1.7753,-2.5432,-0.6409,2.9435,1.5002,0.1866,1.6531
1062,True,Optimization terminated successfully.,12881,16889,1647.6405,0,1,-0.1957,-0.5568,-1.9253,-0.8430,-1.5171,-0.2391,0.0463,3.1109,0.6155,0.3688,-2.2933,0.7489,-1.6149,1.9873,0.8830,1.3643
1063,True,Optimization terminated successfully.,12011,15840,1399.9333,1,0,-0.0532,-1.6827,0.5490,-0.5414,-0.6663,-0.4204,1.9477,-1.4966,0.6198,0.9464,-1.6295,-2.1582,5.0063,2.0959,1.3426,1.3306
1064,True,Optimization terminated successfully.,11440,15092,3531.8494,0,1,0.3077,-1.4062,-0.0610,-0.7470,-0.7981,-0.9490,1.4315,0.4599,0.4548,1.3824,0.1975,-1.5499,2.3606,2.5368,-0.9137,0.8157
1065,True,Optimization terminated successfully.,13627,17894,759.5400,0,1,0.0617,-0.3313,-0.7088,-0.4842,-1.0953,-0.6501,-0.4246,0.6832,-0.0322,0.6170,-0.8983,1.3912,1.9845,2.7017,1.9095,0.7904
1066,True,Optimization terminated successfully.,38755,50595,414.7199,0,1,-0.1013,-0.5256,-0.2419,-0.3228,-0.6945,-0.3716,0.0924,0.4767,0.3822,0.4581,-1.8182,0.7436,2.2971,2.5744,2.2902,1.2940
1067,True,Optimization terminated successfully.,8894,11827,5590.9829,0,1,0.5551,-1.4338,-0.6847,-0.8206,-0.8404,-1.4434,0.6406,-0.9899,0.0680,0.0738,1.7722,-0.7951,3.8787,1.7118,0.7436,-0.2887
1068,True,Optimization terminated successfully.,15827,20863,820.8680,0,1,-0.2800,-1.2979,0.3590,-0.4200,0.2517,-0.0650,1.4246,-0.5510,0.9627,-1.2833,-2.8385,-1.3638,3.7354,1.8976,4.8712,1.7205
1069,True,Optimization terminated successfully.,10895,14307,1076.8554,0,1,0.3253,0.0920,-1.6183,-1.5491,-0.3204,-1.0230,-1.0651,2.2541,1.8246,0.0257,0.3968,2.6601,-0.5330,0.2532,2.7144,0.5333
1070,True,Optimization terminated successfully.,28357,37051,642.9573,1,0,-0.2004,-0.8522,-0.4252,-1.1533,0.7010,-0.2066,0.7560,0.7678,2.0217,-1.9397,-2.3665,-0.2245,1.7012,0.1412,5.9287,1.5276
1071,True,Optimization terminated successfully.,9522,12651,5276.5105,0,1,0.1706,-0.5808,-1.4190,-1.5064,-0.1961,-0.8308,-0.4565,1.4341,1.5438,0.2539,-0.2978,1.2475,0.5719,0.5743,-0.3194,0.5026
1072,True,Optimization terminated successfully.,22064,28846,2611.1981,0,1,0.3587,-0.8066,-1.6671,-1.1843,-1.2608,-1.0758,0.3036,1.9931,0.6616,1.0434,0.5763,0.3326,0.1467,1.6984,-0.3239,0.4477
1073,True,Optimization terminated successfully.,17257,22654,580.6716,0,1,-0.2545,-1.1310,-0.7630,-1.1667,-0.6660,-0.0788,1.3048,1.5339,2.1902,0.5488,-2.7734,-1.0856,0.7225,-0.0816,2.3668,1.8282
1074,True,Optimization terminated successfully.,20178,26397,886.4666,1,0,-0.1649,-1.0322,-0.0530,0.8837,-1.8855,-0.2368,1.0257,0.5120,-1.3629,3.3927,-2.2588,-0.6034,2.1728,5.3489,-2.1082,1.5626
1075,True,Optimization terminated successfully.,6979,9304,4386.5211,0,1,-0.1503,-1.2003,-0.1609,-0.8271,0.1669,-0.2826,0.8372,1.9448,1.5818,0.4802,-2.1079,-0.1674,-0.7719,0.5185,0.6003,1.5030
1076,True,Optimization terminated successfully.,21048,27694,3964.8529,0,1,-0.0664,-0.8796,-0.5461,-1.1420,-1.2568,-0.4616,0.3713,0.6318,-0.2242,0.2210,-1.5542,0.3757,1.1183,2.0619,0.1858,1.1341
1077,True,Optimization terminated successfully.,20838,27258,528.7982,0,1,-0.5338,-1.4966,-1.0466,-0.2151,-1.2554,0.3415,2.0011,2.4728,0.3614,2.0577,-4.2081,-2.1767,-0.5964,2.7229,0.0895,2.3161
1078,True,Optimization terminated successfully.,17892,23325,769.5031,1,0,-0.1902,-0.7000,0.8837,-1.2027,-1.6124,-0.2184,0.5422,-1.4233,1.8237,2.5150,-2.3254,0.0879,5.0172,0.4427,-0.7048,1.5100
1079,True,Optimization terminated successfully.,18709,24543,1121.0103,0,1,-0.4570,-0.3273,-0.4104,-0.3181,-1.2028,0.1790,0.0754,0.8681,0.4007,1.7504,-3.6948,0.9079,0.8564,2.7162,0.4794,1.9762
1080,True,Optimization terminated successfully.,13854,18179,3644.0260,0,1,-0.0942,-0.6801,-1.1575,-0.7455,-1.9405,-0.4364,-0.1092,0.0132,-0.6578,1.6359,-1.6438,0.7053,1.5516,3.0341,-0.8603,0.9619
1081,True,Optimization terminated successfully.,8544,11351,5926.6140,0,1,-0.1149,-1.1043,-0.1214,-1.3841,-0.6935,-0.3280,0.8605,-0.3408,-0.2357,-0.3423,-1.9388,-0.6192,1.8131,1.8082,0.6630,1.4347
1082,True,Optimization terminated successfully.,9836,13025,1740.7010,0,1,0.1832,0.2758,-0.8673,-0.4783,-2.0278,-0.8150,-1.2686,1.1895,0.9653,1.8485,-0.3021,2.9250,0.9094,2.3125,-1.4325,0.7142
1083,True,Optimization terminated successfully.,9324,12285,6050.8576,0,1,0.1215,-1.4210,0.2351,-0.8408,-0.9958,-0.6865,1.2894,-0.5275,-0.1373,0.3189,-0.6999,-1.0859,1.3294,2.6146,-0.0222,1.0663
1084,True,Optimization terminated successfully.,40075,52402,854.1003,0,1,-0.2400,-0.5478,-0.0062,-0.5128,-2.1852,-0.1507,0.1296,0.0499,0.6096,2.9196,-2.5952,0.7195,2.4842,2.0757,-1.5111,1.4911
1085,True,Optimization terminated successfully.,11917,15675,1056.8673,0,1,0.0829,-0.7497,-0.2627,-0.1789,0.3027,-0.6304,0.4913,0.6224,0.1569,0.1005,-0.9060,0.1992,1.6170,3.0126,3.5905,1.0668
1086,True,Optimization terminated successfully.,38921,50652,673.2043,1,0,-0.6957,-1.4176,-1.8116,-1.7418,-0.4066,0.6038,1.9475,3.8070,3.2540,0.3207,-5.0764,-2.0963,-2.5969,-1.7420,2.3973,2.6592
1087,True,Optimization terminated successfully.,8976,11909,5665.7902,0,1,0.5835,-1.3675,-0.5092,-0.9117,-1.2427,-1.4296,0.7436,-1.2510,-0.5916,0.5532,1.7911,-0.8964,2.6921,2.8583,0.5215,0.0513
1088,True,Optimization terminated successfully.,16848,22103,556.6143,0,1,-0.3527,-0.9206,-1.2462,-0.7153,-0.4576,0.0539,1.0382,2.7238,1.5809,0.4023,-3.2347,-0.5129,-1.1117,0.8048,2.6851,1.9255
1089,True,Optimization terminated successfully.,26048,33894,841.5474,0,1,-0.3576,-1.0473,-0.6159,-0.0062,-1.7397,0.0319,0.9561,1.0835,-0.5661,1.7995,-3.1899,-0.7423,1.1615,3.8002,0.0756,1.7536
1090,True,Optimization terminated successfully.,10386,13638,1178.1974,0,1,0.0162,-0.5219,-1.1258,-0.8707,-2.4104,-0.5629,-0.0466,0.7540,0.8091,3.1724,-1.1647,1.0322,1.0764,1.4085,-1.7487,0.9919
1091,True,Optimization terminated successfully.,11994,15845,3198.5134,0,1,0.4131,-1.1310,-1.3760,-0.5980,-2.0623,-1.1603,0.7694,1.0553,-0.3163,1.2826,0.8972,-0.5230,0.0837,2.9942,-0.3088,0.4198
1092,True,Optimization terminated successfully.,8155,10803,3568.9614,0,1,0.5818,-1.0439,-0.9606,-1.1941,-1.6883,-1.4429,0.3083,0.3089,0.3069,1.4110,1.8100,0.2342,0.9611,1.5365,0.2474,0.0060
1093,True,Optimization terminated successfully.,17255,22630,883.1275,0,1,-0.0679,-0.8431,-0.0713,-0.6330,-1.0779,-0.3945,0.7339,0.0098,0.5634,0.6365,-1.7141,-0.1905,2.9315,2.4878,1.1501,1.3477
1094,True,Optimization terminated successfully.,8120,10844,6332.6184,0,1,0.2522,-1.3369,-1.2749,-0.3668,-0.1799,-0.9671,0.7884,-0.2349,-0.4600,0.8837,0.1532,-0.4493,0.5402,2.0559,1.0737,0.3708
1095,True,Optimization terminated successfully.,32644,42592,974.2369,0,1,-0.5417,-0.8333,-0.7436,-0.1533,-1.2967,0.3292,0.8187,2.0433,-0.0038,1.8753,-4.1703,-0.1341,-0.4843,3.2622,0.2594,2.1739
1096,True,Optimization terminated successfully.,7041,9372,6364.8655,0,1,-0.1649,-0.9292,-1.0122,-0.6448,0.1348,-0.2671,0.7599,-0.1353,0.2208,-0.0150,-2.1740,-0.0396,0.8714,1.5026,0.6201,1.3852
1097,True,Optimization terminated successfully.,12634,16633,4147.5658,0,1,0.0247,-1.2277,-1.4565,-0.5286,-1.1396,-0.5861,1.0289,1.0725,0.0107,0.5526,-1.1114,-0.3322,-0.7348,2.1687,0.6940,1.0053
1098,True,Optimization terminated successfully.,25717,33534,623.2642,0,1,-0.1066,-0.8091,-0.9747,0.3650,-0.3790,-0.3621,0.5638,1.3547,-1.0510,-0.4336,-1.8585,-0.0563,0.9682,4.6539,3.4595,1.3124
1099,True,Optimization terminated successfully.,18047,23679,1062.4842,1,0,0.1962,-0.5817,-0.9891,1.0091,-1.4764,-0.8313,0.0747,1.4774,-2.1449,2.5892,-0.2510,0.8367,0.4222,6.3197,-0.6539,0.7740
1100,True,Optimization terminated successfully.,14403,18845,2356.7401,1,0,0.5602,-0.9444,-0.5676,0.4019,-0.9386,-1.3713,0.4288,0.7658,-1.6766,1.3420,1.6179,0.1652,1.8507,5.4965,-0.0677,0.1806
1101,True,Optimization terminated successfully.,18328,23933,627.9137,0,1,0.0103,-0.3826,-1.2677,-0.6328,-1.3564,-0.5301,-0.1740,1.8206,0.6936,1.7207,-1.2583,1.2087,0.3642,2.1303,0.1123,1.1196
1102,True,Optimization terminated successfully.,10845,14349,956.6773,0,1,-0.5130,-1.6314,-1.0135,-0.9276,-0.4868,0.3009,2.1389,1.8189,1.4340,-0.9493,-4.0700,-2.5378,0.0095,1.0304,3.7953,2.2416
1103,True,Optimization terminated successfully.,25105,32789,409.9001,0,1,-0.4908,-1.1173,-0.9876,-1.3449,-0.9684,0.2734,1.3333,2.1038,2.6152,1.2343,-3.9709,-1.1217,-0.0617,-0.6155,1.3372,2.2158
1104,True,Optimization terminated successfully.,8526,11305,3625.1863,0,1,0.0905,-0.6706,-1.5537,-1.4712,-0.7543,-0.7347,-0.2170,0.1828,1.1334,-1.0128,-0.6410,1.0645,0.9116,0.2540,3.3752,0.5715
1105,True,Optimization terminated successfully.,32321,42064,945.1531,1,0,-0.0996,-0.6045,-1.9183,1.1784,-0.8206,-0.3431,0.2859,2.8710,-2.2177,1.6742,-1.9047,0.3924,-1.5008,6.4701,0.8083,1.3496
1106,True,Optimization terminated successfully.,13114,17122,2354.6683,0,1,0.4382,-0.6964,-1.1137,0.1046,-1.3102,-1.2284,0.1005,-0.1654,-0.7685,1.6413,1.0858,0.7560,1.8470,3.9085,0.7692,0.1576
1107,True,Optimization terminated successfully.,13212,17389,1430.4192,1,0,-0.7007,-0.5011,-1.9447,-2.2406,-0.6932,0.5779,0.5220,4.0263,3.8751,1.4381,-5.0363,0.3415,-3.1325,-2.6833,0.4592,2.4907
1108,True,Optimization terminated successfully.,13820,18148,3506.0711,0,1,0.3227,-1.3227,-1.5936,-1.6560,-1.0486,-1.0231,0.9892,1.2209,1.5010,-0.1994,0.3913,-0.9646,0.5423,0.2461,1.2709,0.5293
1109,True,Optimization terminated successfully.,16902,22266,1174.9789,0,1,-0.1639,-1.0500,1.0645,-0.9520,-1.5510,-0.2147,1.0590,-0.8719,1.7954,2.7086,-2.3387,-0.9202,4.2429,0.3112,-0.3387,1.5455
1110,True,Optimization terminated successfully.,15874,20839,979.7322,0,1,-0.4253,-0.8624,-1.5030,-0.4029,-2.5041,0.1495,0.7928,2.4034,0.5390,2.8824,-3.5749,-0.3631,-0.9432,2.4337,-1.8704,1.9584
1111,True,Optimization terminated successfully.,20055,26326,873.3873,0,1,-0.1868,-0.5133,-1.5581,-0.9599,-0.3742,-0.1916,0.2508,2.8039,1.5726,0.2727,-2.3992,0.6994,-1.2723,0.4509,2.4560,1.7068
1112,True,Optimization terminated successfully.,12082,15989,958.9356,0,1,0.0002,-1.0810,-1.4355,-0.4223,0.0512,-0.4877,1.1031,2.3356,0.3839,-0.4243,-1.3833,-0.9346,-0.2577,2.6755,3.4945,1.2887
1113,True,Optimization terminated successfully.,16447,21602,489.6529,0,1,-0.5277,-1.3078,-1.3827,-1.2212,-1.3836,0.3312,1.7007,2.7768,2.2193,1.9575,-4.1591,-1.7453,-1.0709,-0.0115,0.1722,2.3015
1114,True,Optimization terminated successfully.,8593,11346,4247.1924,0,1,0.4399,-1.3143,-1.3405,-0.9523,-1.1237,-1.2795,0.4938,0.9779,-0.2300,0.1633,1.2172,-0.1419,0.2729,2.1796,1.1348,-0.1320
1115,True,Optimization terminated successfully.,17163,22505,482.7058,0,1,-0.2931,-1.0579,-0.3653,-0.7487,-0.5629,-0.0462,1.0938,0.9447,1.3319,0.5377,-2.8941,-0.8226,1.8344,1.2546,2.2928,1.7426
1116,True,Optimization terminated successfully.,46367,60228,1274.6732,0,1,-0.4895,-0.8859,-1.4877,-0.5124,0.0730,0.2605,0.7013,2.1908,0.4740,-0.2980,-3.9753,-0.0120,-1.0557,2.3813,3.3554,1.9626
1117,True,Optimization terminated successfully.,35729,46440,853.1620,0,1,-0.4935,-0.8448,0.4226,-1.5236,-0.8660,0.2455,1.0234,-0.3431,3.2186,1.6741,-3.8909,-0.5909,3.5182,-1.6259,0.9797,2.0881
1118,True,Optimization terminated successfully.,19729,25821,996.2858,0,1,0.1658,-1.0548,0.2092,-0.2700,-1.3576,-0.7585,0.8562,-0.6832,0.3818,1.9344,-0.4577,-0.4309,4.0268,2.5241,-0.1911,0.9209
1119,True,Optimization terminated successfully.,21285,27700,1418.9064,0,1,-0.3341,-1.8787,-0.0326,0.3831,-0.4787,0.0163,2.3726,-0.0773,-0.7804,-0.3744,-3.1221,-2.8769,2.6330,4.2660,3.3439,1.8633
1120,True,Optimization terminated successfully.,21066,27551,754.9910,0,1,-0.1631,-0.4451,-2.2364,-1.0036,-1.8729,-0.2551,0.1219,4.0879,1.3894,2.7214,-2.1926,0.7807,-3.0430,1.0658,-1.1725,1.5084
1121,False,Maximum number of iterations has been exceeded.,50000,64887,837.9478,0,0,-0.0596,-0.6186,-1.1315,-1.2196,-0.2450,-0.4337,0.2979,1.7928,2.2226,0.5296,-1.5989,0.4361,-0.0740,-0.1163,2.6183,1.3604
1122,True,Optimization terminated successfully.,14141,18548,1109.4846,0,1,0.1779,-0.8008,-0.7653,-1.1146,-0.6498,-0.7701,0.5772,0.7964,1.3187,0.7377,-0.4363,0.0951,1.4953,0.8931,2.1792,0.9211
1123,True,Optimization terminated successfully.,31271,40665,738.6321,0,1,-0.2156,-1.1778,-0.1666,-0.8288,-1.3385,-0.1598,1.3426,0.0503,1.2741,1.7825,-2.5246,-1.1276,2.7407,1.1613,0.4269,1.6993
1124,True,Optimization terminated successfully.,9625,12705,4937.8123,0,1,-0.0236,-0.8857,-0.9839,-1.2480,-1.0014,-0.5997,0.2386,-0.4437,0.3120,-0.5523,-1.1486,0.3764,1.6548,0.5193,2.6545,0.5269
1125,True,Optimization terminated successfully.,16840,22192,1372.3688,1,0,-0.1436,-0.8987,0.9579,0.4158,-1.3927,-0.3139,0.4823,-1.7538,-1.2170,0.4865,-2.0347,-0.1279,5.5655,4.8607,1.1750,1.2804
1126,True,Optimization terminated successfully.,7873,10480,5395.6361,0,1,0.1138,-1.0306,-1.6397,-0.4370,-1.0419,-0.7269,0.4434,-0.0930,-0.7555,0.0296,-0.6404,-0.5839,1.3600,3.5280,0.7546,0.7187
1127,True,Optimization terminated successfully.,14666,19332,3679.5878,0,1,0.2748,-1.0547,0.3400,-0.7629,-1.5777,-0.9853,0.5680,-1.0817,-0.7927,0.6515,0.2494,-0.3622,4.7352,3.0939,-0.4688,0.4322
1128,True,Optimization terminated successfully.,10998,14485,630.9409,0,1,-0.1410,-1.0948,-1.0613,-0.9813,-1.0263,-0.2844,1.1645,1.6285,1.7497,1.2218,-2.0886,-0.8636,0.7261,0.2734,1.3371,1.5183
1129,True,Optimization terminated successfully.,12660,16618,1581.8153,0,1,0.1732,-1.2809,-0.4474,-0.9455,-0.8181,-0.7889,1.2168,-0.0955,1.2783,0.1077,-0.3926,-1.0309,2.9724,0.6001,2.5662,0.8046
1130,True,Optimization terminated successfully.,38201,49915,778.7382,0,1,-0.1062,-0.6272,-0.9459,0.2867,-0.7058,-0.3937,0.3511,1.6053,-0.6925,0.2629,-1.7363,0.2596,-0.0531,4.5738,2.6294,1.2049
1131,True,Optimization terminated successfully.,28389,36953,501.2001,0,1,-0.1714,-0.4991,-1.0134,-0.6667,-1.4509,-0.2391,0.2722,1.8361,1.1575,2.0067,-2.2524,0.5876,0.4137,1.3100,-0.0337,1.4822
1132,True,Optimization terminated successfully.,21512,28127,1856.2728,1,0,0.1997,-1.2057,-0.0658,0.3343,-1.9157,-0.8261,1.0399,-0.5100,-1.9088,2.0860,-0.2474,-0.9973,2.8245,5.7084,-0.3101,0.8062
1133,True,Optimization terminated successfully.,17616,23017,794.6957,0,1,-0.0773,-0.3938,-2.2784,-1.4665,-0.7049,-0.4092,-0.1131,3.6412,2.1473,0.5911,-1.6959,1.1425,-2.4785,-0.2926,2.0613,1.2424
1134,True,Optimization terminated successfully.,13297,17392,2466.7599,0,1,0.1068,-1.2577,-0.8059,-0.9261,-1.5740,-0.7001,1.0267,0.4431,0.9550,0.4440,-0.7199,-0.7276,2.1711,1.2616,0.0516,0.8890
1135,True,Optimization terminated successfully.,9498,12513,2268.1487,0,1,0.2157,-0.8962,-2.3976,-0.6093,-0.3512,-0.8160,0.6391,3.3021,2.0039,0.7932,-0.2694,-0.0648,-2.1441,0.6061,1.0324,0.9156
1136,True,Optimization terminated successfully.,24174,31594,494.3434,0,1,-0.1324,-0.5927,-1.0539,-0.6133,-0.5610,-0.3016,0.3281,1.8641,1.1215,-0.0649,-2.0547,0.3896,0.2290,1.7170,2.8141,1.4186
1137,True,Optimization terminated successfully.,8487,11306,3923.8984,0,1,0.0420,-1.5533,-1.5921,-0.4793,-0.4339,-0.6243,1.2654,0.5300,-0.2821,-0.8668,-0.9974,-1.5627,1.6576,2.6206,2.2041,0.7583
1138,True,Optimization terminated successfully.,13968,18283,1102.9492,0,1,0.0587,-0.9476,-0.1007,-0.5984,-0.6957,-0.6201,0.7006,-0.7676,1.4054,0.8226,-0.9947,-0.3933,3.6751,1.2697,2.2136,0.9465
1139,True,Optimization terminated successfully.,21052,27621,515.4404,0,1,-0.1893,-0.7062,-0.7255,-0.1997,-1.8853,-0.2127,0.5226,1.1930,0.2411,2.8096,-2.3397,0.0707,1.3238,2.9509,-1.1406,1.5259
1140,True,Optimization terminated successfully.,8340,11093,1630.9854,0,1,0.4166,-0.6307,-1.0300,-2.2034,-0.4470,-1.1652,0.0277,0.9554,2.1505,-0.6293,0.8917,0.7733,1.1452,-0.5372,3.1861,0.3706
1141,True,Optimization terminated successfully.,14866,19505,4909.8948,0,1,0.3317,-0.9375,-1.5717,-0.9046,-0.9298,-1.0433,0.5031,-0.2421,0.3282,1.9115,0.4741,0.0848,1.4982,0.6552,-0.2623,0.4301
1142,True,Optimization terminated successfully.,10114,13378,3145.5729,0,1,0.1448,-1.2571,-1.4956,-1.0045,-1.2473,-0.7989,0.7131,1.3546,0.5347,-0.2390,-0.4058,-0.7224,0.9107,1.6453,1.3350,0.5370
1143,True,Optimization terminated successfully.,19131,24969,759.6539,0,1,-0.0389,-0.9266,-0.1172,-1.1893,-0.6025,-0.4545,0.7456,-0.4770,1.6428,-0.3374,-1.5210,-0.3137,3.6632,0.4490,3.1171,1.2019
1144,True,Optimization terminated successfully.,21275,27914,507.8321,0,1,-0.3218,-0.9437,-1.4110,-0.9805,0.1073,0.0016,0.9815,2.7008,1.6398,-0.9214,-3.0626,-0.4957,-1.0910,0.6954,4.3362,1.8542
1145,True,Optimization terminated successfully.,9665,12754,2555.8498,0,1,0.0827,-0.7719,-1.1323,-0.7194,-1.2203,-0.6787,0.2519,1.4051,0.5106,-0.4871,-0.8081,0.8685,-0.3123,1.3154,2.2852,0.8146
1146,True,Optimization terminated successfully.,9256,12209,4575.0051,0,1,-0.1772,-0.7945,-1.3997,-2.0114,-0.9287,-0.3120,0.3373,0.2422,1.3881,0.7174,-2.0734,0.4396,0.6153,-0.6607,0.6312,1.1500
1147,True,Optimization terminated successfully.,13532,17801,600.0035,0,1,-0.2104,-0.5888,-0.1478,0.2498,-1.0277,-0.1801,0.2827,0.3376,-0.5340,2.0227,-2.4688,0.4942,2.5136,3.9291,0.0958,1.5178
1148,True,Optimization terminated successfully.,25568,33392,794.9876,0,1,0.2000,-0.0295,-0.6563,-0.1375,-2.0071,-0.8908,-0.9034,0.4910,-0.2317,2.9511,-0.0431,2.3211,2.2731,3.3643,-1.5302,0.5577
1149,True,Optimization terminated successfully.,41357,53895,449.6153,0,1,-0.2631,-0.7160,-1.0517,-0.8916,-0.3987,-0.0935,0.5581,2.0303,1.5957,0.1087,-2.7626,0.0810,0.0452,0.8819,2.9416,1.6899
1150,True,Optimization terminated successfully.,17616,23081,1037.2381,0,1,-0.4648,-1.4826,0.1521,0.5435,-0.0170,0.2355,1.9018,-0.2929,-0.7895,0.1577,-3.8411,-2.0818,3.3247,4.4493,2.6516,2.1601
1151,True,Optimization terminated successfully.,22081,28897,619.4102,0,1,0.2077,-0.1257,-0.6264,-0.9502,-0.5444,-0.8503,-0.6802,0.5284,0.8204,-0.1072,-0.1934,1.9466,2.1831,1.5893,2.9070,0.6395
1152,True,Optimization terminated successfully.,14526,19074,1019.3150,0,1,0.3713,-0.4106,-0.7762,-0.3019,-0.7753,-1.1284,-0.3633,0.3726,-0.2345,-0.1234,0.7283,1.5695,1.9515,3.1811,2.7883,0.3153
1153,True,Optimization terminated successfully.,26880,35116,629.1805,0,1,-0.0789,-0.4949,-1.0264,-1.3137,0.3172,-0.3946,0.0022,1.8299,2.1223,-1.3752,-1.7277,0.9442,0.2964,-0.0009,4.9761,1.2519
1154,True,Optimization terminated successfully.,9317,12328,2765.7591,0,1,0.4167,-0.9551,-1.5123,-1.1455,-1.3532,-1.1660,0.4927,1.1565,0.7362,0.6888,0.8956,0.0221,0.7911,1.5653,0.2390,0.3428
1155,True,Optimization terminated successfully.,13498,17813,1249.5460,0,1,0.2487,-0.7458,-1.4591,-0.2089,-0.9825,-0.9115,0.2417,1.5792,0.1415,1.4106,0.0092,0.3100,0.6699,2.4528,1.2840,0.6185
1156,True,Optimization terminated successfully.,12277,16155,2295.1242,0,1,-0.0071,-1.0244,-1.1244,-0.3929,-1.3695,-0.5595,0.6657,-0.2111,0.6475,0.4761,-1.2140,-0.1695,2.4428,2.1229,1.0177,0.8388
1157,True,Optimization terminated successfully.,26673,34830,968.0525,0,1,-0.3478,-0.8119,-0.3469,-0.1669,-2.5847,0.0332,0.7134,0.2077,0.5777,4.9845,-3.1828,-0.2276,2.5306,2.3009,-4.2663,1.8203
1158,True,Optimization terminated successfully.,8764,11597,3958.7010,0,1,0.2816,-1.1224,-1.4687,-0.3008,-1.8839,-0.9465,0.7724,0.1228,0.4127,1.0406,0.1630,-0.4447,0.8728,1.9148,-0.1767,0.6448
1159,True,Optimization terminated successfully.,10833,14329,5769.0057,0,1,0.0098,-1.2952,-0.2266,-0.6984,0.1846,-0.5147,1.3021,0.7016,1.2407,2.0973,-1.2955,-0.7012,-0.0440,0.7026,-0.6957,1.2788
1160,True,Optimization terminated successfully.,12501,16468,4133.2417,0,1,0.2518,-1.0373,-0.4061,-1.6572,-0.8923,-0.9656,0.4695,-1.3417,1.4579,-0.3075,0.1623,-0.1770,4.6534,0.0748,0.9206,0.3691
1161,True,Optimization terminated successfully.,21963,28793,2420.5557,0,1,0.1760,-0.8374,-0.5527,-0.2402,0.2838,-0.8147,0.6852,1.1204,0.3364,0.1842,-0.3306,-0.4006,0.4645,1.9820,2.9417,0.6153
1162,True,Optimization terminated successfully.,13276,17435,1047.4409,0,1,-0.2657,-0.8927,-0.2159,-0.8770,-0.9502,-0.0997,0.7346,0.0753,0.7507,-0.3044,-2.7289,-0.4193,2.5530,1.7135,2.7657,1.6282
1163,True,Optimization terminated successfully.,17082,22373,683.0237,0,1,-0.1431,-0.9802,-1.4708,-1.3324,-0.3579,-0.2868,0.8608,2.7512,2.1628,0.1119,-2.0959,-0.3596,-1.1358,-0.0928,2.9775,1.4758
1164,True,Optimization terminated successfully.,12306,16167,1293.9238,1,0,-0.4678,-1.1280,0.4833,1.0128,-1.1469,0.2181,1.2466,-0.4926,-1.9497,1.0126,-3.8000,-1.0470,3.3658,5.9950,0.9766,2.0119
1165,True,Optimization terminated successfully.,13570,17866,1264.8844,0,1,-0.0765,0.1447,-1.3365,-0.6218,-0.4986,-0.4425,-1.1112,1.5854,0.4822,-0.0797,-1.6009,2.7491,-0.4379,1.9922,3.2023,1.0580
1166,True,Optimization terminated successfully.,22600,29491,709.3277,0,1,-0.0229,-0.8682,-0.7722,-0.3017,-1.1654,-0.4871,0.6231,0.8068,0.0963,0.8431,-1.4127,-0.1651,2.0426,2.9378,1.2353,1.1701
1167,True,Optimization terminated successfully.,22175,29075,1862.3969,0,1,0.1009,-1.6862,-1.3181,-0.4573,-1.4351,-0.6358,1.9526,1.8346,1.6058,1.6945,-0.8711,-2.3763,-0.2271,0.8655,0.5324,1.2009
1168,True,Optimization terminated successfully.,8911,11819,4125.5893,0,1,-0.4991,-0.7132,-0.3959,-0.9390,-1.0890,0.2447,0.4864,0.6323,1.1794,0.6350,-3.9105,0.2919,0.9703,1.5119,-0.8282,2.0370
1169,True,Optimization terminated successfully.,21630,28199,458.6954,0,1,-0.1243,-0.7026,-0.8046,-0.6572,-0.4397,-0.3265,0.4465,1.4789,0.9282,0.0428,-1.9737,0.2183,0.8721,1.8194,2.9550,1.3833
1170,True,Optimization terminated successfully.,12966,17074,996.3644,0,1,-0.5301,-1.4803,-0.4203,0.8219,-1.6072,0.3438,1.9650,1.3621,-1.1134,2.6347,-4.2109,-2.1063,0.7388,4.9472,-0.7920,2.3182
1171,True,Optimization terminated successfully.,17549,23033,1019.8227,0,1,-0.4443,-0.6621,-1.0477,-1.0600,-0.4022,0.1630,0.4167,1.8269,2.0888,-0.6237,-3.6410,0.3057,0.1790,-0.0345,3.3417,1.9295
1172,True,Optimization terminated successfully.,16052,21067,562.4611,0,1,-0.5010,-1.3359,-1.3765,-0.5320,-2.0182,0.2888,1.7257,2.6186,1.1329,3.7463,-4.0328,-1.8218,-0.5091,1.5527,-2.5233,2.2391
1173,True,Optimization terminated successfully.,20889,27264,2439.1046,0,1,0.0241,-0.7020,-0.5246,0.3971,-0.9937,-0.6104,0.7987,0.7884,-1.0267,0.4344,-0.9300,-0.2512,0.7107,4.5110,0.8821,1.1419
1174,True,Optimization terminated successfully.,12661,16621,905.7886,0,1,0.1702,-0.6833,-1.1530,-0.9382,0.1150,-0.7777,0.2944,1.4515,1.6135,-0.6719,-0.4316,0.4588,0.7019,0.5174,4.2850,0.8335
1175,True,Optimization terminated successfully.,9627,12739,2905.3935,0,1,-0.0142,-1.0786,-0.8849,-0.7473,-1.9819,-0.5385,0.5478,0.1048,0.1170,0.5553,-1.2701,-0.1531,1.7032,1.9113,0.6104,0.9099
1176,True,Optimization terminated successfully.,12796,16806,520.7653,0,1,-0.3575,-0.6568,-0.8748,-0.7531,-1.0878,0.0460,0.5444,1.8042,1.5276,1.8453,-3.2086,0.1888,0.2818,0.8732,0.7284,1.8561
1177,True,Optimization terminated successfully.,23912,31210,621.8560,0,1,-0.2875,-1.3021,-0.2860,-0.9735,-1.1626,-0.0441,1.5902,0.6544,1.8028,1.8331,-2.8861,-1.5756,2.2481,0.5989,0.2923,1.8307
1178,True,Optimization terminated successfully.,22341,29151,747.7815,0,1,-0.2601,-0.4898,-0.7938,-1.3226,-2.3475,-0.1030,0.2175,1.4278,2.0335,3.9927,-2.7117,0.6036,0.8546,0.2054,-2.9046,1.6873
1179,True,Optimization terminated successfully.,13276,17439,468.3304,0,1,-0.2763,-0.8480,-0.9261,-0.6347,-0.9063,-0.0989,0.6866,1.5547,0.8632,0.6366,-2.7322,-0.1552,0.5252,1.7311,2.0771,1.6719
1180,True,Optimization terminated successfully.,12688,16692,3094.1179,0,1,-0.1523,-0.8213,-1.2184,-0.6767,-0.7621,-0.2648,0.5789,3.0227,0.9295,-0.0947,-2.1764,-0.0434,-1.2983,2.2031,0.4215,1.5284
1181,True,Optimization terminated successfully.,10019,13282,4152.2176,0,1,0.0713,-0.7257,-0.7565,-1.1554,-1.8225,-0.6563,0.0193,-0.5108,0.1351,0.4369,-0.8740,0.4878,2.2320,2.0085,-0.1465,0.8376
1182,True,Optimization terminated successfully.,18845,24835,1247.4616,1,0,-0.1428,-1.0299,-1.4844,2.0515,-1.2222,-0.3094,0.8789,1.9464,-3.5388,1.0972,-2.0324,-0.6105,-0.2635,8.4597,1.0255,1.2958
1183,True,Optimization terminated successfully.,18565,24169,2108.1683,0,1,0.3731,-0.6350,-1.2066,-2.0138,-1.3558,-1.1017,0.0770,0.9061,2.3542,1.1369,0.6656,0.9198,1.0248,-1.0517,0.4526,0.3842
1184,True,Optimization terminated successfully.,13022,17334,3143.6917,0,1,0.0514,-1.5794,-0.9120,-0.7972,-1.6287,-0.6228,1.5573,-0.5157,0.2116,0.9171,-0.9790,-1.8093,2.8309,1.7407,0.1159,0.9160
1185,True,Optimization terminated successfully.,14537,19136,5509.7508,0,1,0.0934,-1.3106,-1.5192,-0.6717,-0.1043,-0.7091,0.9261,-0.6740,0.6026,-0.0805,-0.7213,-0.7441,2.1890,1.1892,1.1894,0.6647
1186,True,Optimization terminated successfully.,18974,24800,3188.7429,0,1,-0.0508,-0.8996,-0.8159,-1.2573,-1.4187,-0.4407,0.6114,1.3483,1.5620,0.0547,-1.5579,-0.0121,0.6743,0.6490,-0.1187,1.2535
1187,True,Optimization terminated successfully.,13693,17900,2601.4352,0,1,0.0791,-1.0638,-0.2087,-1.1643,-1.1088,-0.6333,0.8771,-0.7486,0.9149,0.2284,-0.9176,-0.6629,3.8780,1.6820,0.3987,1.0367
1188,True,Optimization terminated successfully.,12176,16055,1346.2323,0,1,-0.5216,-0.5857,-0.5713,-1.2662,0.0603,0.2974,0.4371,1.5242,2.6267,1.1131,-4.0598,0.2348,0.5966,-0.2825,1.4791,2.1694
1189,True,Optimization terminated successfully.,14211,18609,487.2067,0,1,0.0254,-0.4914,-0.7412,-0.4227,-0.5235,-0.5741,0.0042,0.9645,0.2489,-0.0387,-1.1253,0.9589,1.6791,2.6826,2.7810,0.9953
1190,True,Optimization terminated successfully.,20532,26846,794.6547,1,0,-0.6411,-1.2940,-2.7649,-1.7854,0.0331,0.5194,1.7225,5.2497,3.4027,-0.5573,-4.7994,-1.7295,-4.7440,-1.8538,3.8570,2.5156
1191,True,Optimization terminated successfully.,20841,27298,601.1750,0,1,-0.1618,-0.4411,-1.1244,-0.5135,-1.0785,-0.2663,0.0397,1.8695,0.6856,1.4759,-2.1769,0.8442,0.1604,2.1529,0.9895,1.4091
1192,True,Optimization terminated successfully.,27835,36363,500.6472,0,1,-0.0297,-0.4826,-0.6685,-0.4316,0.0520,-0.4802,0.0374,1.0799,0.5556,-1.1130,-1.4213,0.9329,1.3545,2.3945,4.5654,1.1807
1193,True,Optimization terminated successfully.,36559,47524,701.5003,0,1,-0.3226,-0.4217,-0.9192,-0.6315,-1.4791,-0.0286,0.0410,1.4517,1.1278,1.9714,-2.9727,0.9026,0.6455,1.5923,0.1371,1.6510
1194,True,Optimization terminated successfully.,22745,29660,1753.5547,0,1,-0.3564,-0.1612,-0.9546,-1.2982,-0.9014,0.0290,-0.4653,2.5845,1.9759,0.5296,-3.1682,1.7155,-0.7027,0.4703,0.6191,1.7511
1195,True,Optimization terminated successfully.,22034,28678,497.2296,0,1,-0.4238,-0.8504,-1.7724,-1.4217,-0.1754,0.1579,0.9165,3.3762,2.4210,0.1056,-3.5847,-0.4275,-1.9462,-0.4275,3.0404,2.0379
1196,True,Optimization terminated successfully.,9289,12270,2229.0886,0,1,-0.3909,-1.1865,-0.8437,-1.1759,-1.2197,0.0695,1.2019,0.3552,-0.0307,1.4538,-3.3270,-1.2628,1.7109,2.4294,-0.0488,1.8230
1197,True,Optimization terminated successfully.,13816,18381,4328.2445,0,1,0.1974,-1.6093,-0.2651,-0.8463,-0.6193,-0.9210,1.0791,-0.8705,-0.7379,-0.3802,-0.0374,-1.4009,3.0011,2.6619,2.8541,0.1866
1198,True,Optimization terminated successfully.,27741,36173,1279.5727,0,1,-0.2908,-1.0746,-0.6153,0.2053,-1.5607,-0.0591,0.9642,2.1067,-0.2596,1.0079,-2.8669,-0.2950,0.1349,3.9002,0.4876,1.6621
1199,True,Optimization terminated successfully.,18107,23705,926.6563,0,1,0.0924,-0.5588,-1.2116,-0.0588,-1.6940,-0.6816,0.0318,1.3044,0.3940,2.5344,-0.7865,0.7962,1.1157,2.2630,-0.5106,0.8475
1200,True,Optimization terminated successfully.,15139,19837,511.3508,0,1,-0.2255,-0.6556,-0.7699,-1.4550,0.0326,-0.1454,0.4488,1.4425,2.4683,-0.6516,-2.5601,0.2387,0.8901,-0.5450,4.0732,1.6300
1201,True,Optimization terminated successfully.,26306,34368,613.4718,0,1,-0.6446,-1.4422,-1.3184,-0.6868,-2.7350,0.5184,2.0075,2.9018,1.3208,4.4795,-4.7935,-2.1702,-1.3000,1.2026,-3.7410,2.5568
1202,True,Optimization terminated successfully.,18788,24652,528.9281,0,1,-0.5408,-1.1993,-1.4019,-2.0972,0.1767,0.3538,1.5608,2.9098,3.7763,-0.8928,-4.2500,-1.4694,-1.4633,-2.4882,4.5353,2.2971
1203,True,Optimization terminated successfully.,24706,32288,590.8118,0,1,-0.1051,-0.3495,-1.2004,-0.9374,-0.9670,-0.3506,-0.1395,2.1699,1.4670,1.3038,-1.8739,1.1819,-0.1549,0.9333,1.0682,1.3543
1204,True,Optimization terminated successfully.,14963,19757,2526.3916,0,1,0.1841,-0.8060,-0.5208,-1.4187,-2.2819,-0.7941,0.4095,-0.0507,1.7246,1.7015,-0.3550,0.0142,2.5511,0.6860,-1.5618,0.8949
1205,True,Optimization terminated successfully.,16348,21540,944.6888,1,0,-0.2367,-1.0342,0.2983,0.7248,-1.6252,-0.1522,1.0385,-0.5821,-1.3014,2.3246,-2.5663,-0.7820,3.8588,5.2052,-0.6415,1.5724
1206,True,Optimization terminated successfully.,13747,17975,696.5983,1,0,0.1363,-0.0185,-0.8079,-1.3448,0.3416,-0.7372,-0.8402,1.4044,1.6085,-1.5726,-0.5600,2.3596,0.7624,0.5873,5.1641,0.8212
1207,True,Optimization terminated successfully.,12063,15827,1069.8582,0,1,-0.0666,-0.9697,-1.0289,-1.2892,-1.0134,-0.3961,0.8693,1.6963,1.6690,0.1461,-1.7152,-0.5156,0.6848,0.8028,1.4665,1.3561
1208,True,Optimization terminated successfully.,12913,16962,510.5248,0,1,-0.1784,-1.0718,-0.3656,-0.6156,-1.2042,-0.2297,1.0625,0.5442,0.8681,1.6091,-2.2641,-0.7586,2.3277,1.9003,0.5754,1.5345
1209,True,Optimization terminated successfully.,13232,17477,2567.2877,0,1,0.1713,-0.6488,-0.3315,-0.3862,-0.2845,-0.8118,0.3647,-0.4193,0.0495,0.2112,-0.3407,0.5851,3.3782,3.3988,0.7961,0.6862
1210,True,Optimization terminated successfully.,11332,15046,5663.5273,0,1,0.2104,-1.1019,-1.0436,-0.4727,-0.8229,-0.9032,0.6149,-0.2992,-0.8552,0.5962,-0.0664,-0.0062,0.6606,2.5978,1.3385,0.4327
1211,True,Optimization terminated successfully.,11291,14927,2714.7492,0,1,0.0677,-0.8214,-1.6043,-0.5775,-1.8622,-0.6724,0.2267,0.8983,-0.5713,1.1281,-0.8371,0.3443,0.4714,2.9121,0.2889,0.7169
1212,True,Optimization terminated successfully.,26099,33983,906.3659,1,0,-0.4879,-1.6728,-0.6220,-1.3560,0.7201,0.2792,2.2963,1.4853,2.5675,-1.8046,-3.9826,-2.7442,0.9117,-0.6244,5.4929,2.2618
1213,True,Optimization terminated successfully.,7643,10149,5959.9520,0,1,0.0076,-0.5897,0.1685,-1.2725,-0.9907,-0.5255,-0.0360,-0.3164,-0.8933,-0.4914,-1.2870,0.7651,1.8484,2.3852,0.9181,1.0903
1214,True,Optimization terminated successfully.,9451,12487,3802.6075,0,1,0.4291,-0.6369,-0.6866,-1.2332,-1.0790,-1.2095,-0.2232,0.6108,-0.7703,-0.1853,1.0378,1.0801,1.2384,3.0633,0.9730,0.2188
1215,True,Optimization terminated successfully.,14425,18946,892.0036,0,1,-0.5284,-1.6004,-0.5893,-0.9757,-0.0943,0.3402,2.1484,1.5708,2.3699,-0.4046,-4.2148,-2.4659,0.7133,-0.4669,4.0746,2.2922
1216,True,Optimization terminated successfully.,15839,20800,7927.1017,0,1,0.2789,-1.4435,-0.8947,-0.5607,-0.0271,-1.0260,0.7513,-0.1755,-0.0323,0.8010,0.3390,-0.3748,0.5948,1.0805,0.4560,0.2649
1217,True,Optimization terminated successfully.,8820,11645,3977.0916,0,1,0.3323,-1.0626,-0.9444,-1.1099,-1.4930,-1.0618,0.4446,-0.4040,-0.0807,0.7050,0.5155,-0.1136,1.5312,2.0717,0.9356,0.4009
1218,True,Optimization terminated successfully.,16427,21631,2997.6290,0,1,-0.1077,-0.6012,-1.1728,-1.9876,-0.8779,-0.3869,0.0405,0.7138,1.9352,-0.4396,-1.7948,0.9007,0.0483,-0.4020,2.1269,1.2444
1219,True,Optimization terminated successfully.,8784,11655,5224.8026,0,1,-0.1349,-1.0000,-1.2815,-0.0918,-0.0692,-0.3048,0.8465,0.1679,0.6225,1.0199,-2.0286,-0.0852,0.8756,1.5530,-0.4358,1.3835
1220,True,Optimization terminated successfully.,13408,17622,2109.3191,0,1,0.3638,-0.8729,-0.3999,-0.4264,-0.6751,-1.0702,0.5289,-0.1484,0.0427,1.0571,0.5733,-0.0896,3.5698,2.8986,0.4440,0.4891
1221,True,Optimization terminated successfully.,9449,12625,779.5018,0,1,0.0488,-0.6710,-1.1768,-1.0568,-1.1938,-0.5699,0.4061,1.6851,1.3038,1.2371,-1.1208,0.4493,0.1949,1.0142,0.9450,1.1630
1222,True,Optimization terminated successfully.,20367,26596,492.1760,0,1,-0.1152,-0.7484,-0.1769,0.0608,-1.3348,-0.3397,0.5260,0.1343,-0.3267,1.7449,-1.9092,0.0818,2.8581,3.6508,0.3760,1.3604
1223,True,Optimization terminated successfully.,10622,13959,4452.8947,0,1,0.1260,-0.2707,0.1922,-1.7255,-0.9062,-0.7152,-0.4995,-1.0676,0.5188,0.4755,-0.6392,1.1835,3.5737,2.0429,-0.4550,0.8963
1224,True,Optimization terminated successfully.,22961,29999,597.2501,0,1,-0.4644,-1.4209,-0.1636,-1.2345,-0.2009,0.2170,1.7985,0.6438,2.3576,-0.3376,-3.7920,-1.9072,2.1670,-0.3345,3.4918,2.1299
1225,True,Optimization terminated successfully.,16113,21121,1162.6986,0,1,0.0475,-0.5053,-0.4382,-1.1130,-1.7344,-0.5731,0.0723,0.7196,2.0420,2.1331,-1.1050,0.9259,2.0099,0.6806,-1.2660,1.0678
1226,True,Optimization terminated successfully.,9348,12367,4760.7286,0,1,0.4734,-0.7692,-1.4247,-0.4381,-2.2194,-1.3468,-0.3330,-0.3981,0.0319,1.6113,1.4191,0.9476,1.7809,2.5889,-1.3625,-0.2611
1227,True,Optimization terminated successfully.,10549,13907,1478.3526,0,1,0.1187,-1.1318,-1.0005,-1.5408,-0.3952,-0.6904,1.0502,0.5776,2.0149,0.2590,-0.7052,-0.7475,1.8943,-0.0372,2.1008,1.0282
1228,True,Optimization terminated successfully.,11948,15816,1140.8221,0,1,-0.4647,-1.6512,-1.6612,-0.8820,-1.6006,0.2226,2.1067,2.9137,1.0640,2.1394,-3.8057,-2.5416,-2.0736,1.4138,0.3533,2.1128
1229,True,Optimization terminated successfully.,21788,28453,588.2674,0,1,-0.3081,-1.1486,-0.2121,-1.8948,-0.7498,-0.0147,1.2887,0.4646,3.2143,0.5797,-3.0104,-1.1135,2.3226,-1.6065,1.9674,1.8693
1230,True,Optimization terminated successfully.,21835,28478,779.8030,0,1,-0.3391,-0.9995,-0.2483,-1.4998,0.2517,0.0286,1.0790,0.3377,3.0552,-1.2631,-3.1567,-0.7227,2.2823,-1.3091,4.8535,1.8601
1231,True,Optimization terminated successfully.,14162,18590,692.5290,0,1,-0.3197,-0.7304,-1.7863,-0.4619,-0.7720,0.0125,0.7028,3.0914,1.1138,2.0107,-3.1011,-0.1556,-1.5111,1.6952,0.3648,1.8915
1232,True,Optimization terminated successfully.,17427,22724,2966.1269,0,1,-0.1404,-1.0602,-1.1751,-0.3443,-1.0618,-0.3438,0.7502,0.2770,-0.7129,-0.0666,-1.9487,-0.2952,0.7302,3.2491,2.1158,1.1539
1233,True,Optimization terminated successfully.,13685,18015,813.4612,0,1,-0.1779,-0.9610,0.6715,-1.3976,-0.2122,-0.2251,0.9618,-0.9461,2.2865,0.0685,-2.2774,-0.5097,4.4581,-0.2269,2.8001,1.5611
1234,True,Optimization terminated successfully.,11705,15448,1797.8295,0,1,0.2699,-0.6244,-0.6037,-0.4356,0.0525,-0.9204,0.1868,1.1283,0.8681,0.8501,0.0772,0.7913,1.5046,1.7775,1.2903,0.7365
1235,True,Optimization terminated successfully.,24294,31726,488.2197,0,1,-0.3438,-0.8154,-0.9966,-0.8273,-1.5287,0.0506,0.8011,1.9739,1.4385,2.5274,-3.2155,-0.3143,0.2173,1.1298,-0.6938,1.8760
1236,True,Optimization terminated successfully.,13866,18281,2904.0115,0,1,-0.2747,-0.7687,-0.6641,-0.2770,0.4325,-0.0751,0.4828,1.0089,1.2063,1.1414,-2.8044,0.0811,1.7652,1.3875,0.3186,1.7239
1237,True,Optimization terminated successfully.,29404,38322,547.0368,0,1,-0.3300,-1.2131,-1.3589,-0.0443,-0.8561,0.0295,1.4428,2.6434,0.2686,1.3570,-3.1360,-1.3509,-0.8623,2.8969,0.9873,1.8985
1238,True,Optimization terminated successfully.,17694,23118,959.7847,1,0,-0.7113,-2.0558,-0.6041,-1.5949,-0.9128,0.6441,2.9500,1.3048,3.2157,0.6316,-5.2338,-3.7963,1.4666,-1.4461,1.4279,2.7549
1239,True,Optimization terminated successfully.,20420,26612,1485.8575,0,1,0.1531,-0.8194,-1.5285,0.3738,-2.7477,-0.7448,0.5253,1.9407,-1.2701,3.6113,-0.5341,0.1193,-0.5951,4.8105,-2.7462,0.9452
1240,True,Optimization terminated successfully.,9669,12757,6786.4575,0,1,0.3653,-0.9862,-1.8988,-0.3514,-1.1210,-1.1525,-0.0591,0.7947,-0.1871,1.3771,0.7838,-0.2076,1.0210,2.2366,-1.3352,0.0385
1241,True,Optimization terminated successfully.,17692,23151,759.8798,0,1,-0.2003,-0.9461,-0.0516,-1.2381,-0.5835,-0.2121,0.8080,-0.3065,1.6280,-0.4452,-2.3504,-0.4775,3.4584,0.5845,3.1004,1.4742
1242,True,Optimization terminated successfully.,33274,43192,487.0935,0,1,-0.1810,-0.7482,-0.3608,-0.0451,-0.3792,-0.2285,0.5820,0.6658,-0.1689,-0.0105,-2.2895,0.0463,2.0200,3.4520,2.9753,1.4898
1243,True,Optimization terminated successfully.,15866,20816,641.9691,0,1,-0.4034,-0.8698,-1.2919,-0.5733,-0.5196,0.1233,0.8263,2.5582,0.5487,0.1428,-3.4796,-0.4168,-0.8894,2.2353,2.6219,1.9619
1244,True,Optimization terminated successfully.,13453,17639,2078.1139,0,1,0.4278,-0.8087,-0.2299,-0.6239,-1.7091,-1.1786,0.2027,-0.6706,-0.2495,1.4926,0.9526,0.3159,3.8877,3.2904,-0.6342,0.3376
1245,True,Optimization terminated successfully.,20594,26840,833.6307,0,1,-0.2316,-0.8602,0.2328,0.2365,-0.2187,-0.1718,0.6632,0.3666,-0.2695,-0.6265,-2.5016,0.0333,2.6404,3.5032,3.2064,1.5073
1246,True,Optimization terminated successfully.,17402,22683,728.5001,0,1,0.1821,-0.4135,-0.7339,-0.3554,-0.4329,-0.7921,-0.1591,0.4121,0.2412,-0.1209,-0.3729,1.1995,2.2289,2.6020,3.2391,0.7852
1247,True,Optimization terminated successfully.,22505,29438,747.4438,0,1,-0.2086,-0.6494,-1.6645,-0.2075,-2.3857,-0.1682,0.4456,3.0141,-0.0001,3.8741,-2.4768,0.2443,-1.6047,3.1442,-2.8662,1.6241
1248,True,Optimization terminated successfully.,9132,12097,3056.4888,0,1,-0.5608,-1.2644,-0.8662,-0.6563,-1.5142,0.3320,1.4834,0.3807,0.5497,0.7720,-4.2238,-1.2026,0.9251,1.7482,0.3102,2.1004
1249,True,Optimization terminated successfully.,30325,39454,764.9533,1,0,-0.3180,-1.1959,-1.2718,0.0174,0.4191,-0.0064,1.3683,2.1224,-0.3209,-1.2959,-3.0469,-1.2822,-0.4311,3.4403,5.1210,1.8074
1250,True,Optimization terminated successfully.,8909,11782,5082.8691,1,0,-0.3277,-1.4429,0.0615,0.5973,0.0766,-0.0097,1.6223,-0.3842,-1.6721,0.6575,-3.0371,-1.4679,0.8194,5.1391,1.5688,1.7818
1251,True,Optimization terminated successfully.,22466,29484,731.4617,0,1,-0.2116,-1.0218,0.1237,-0.8532,-2.0840,-0.1719,1.0160,-0.1077,1.0391,3.2004,-2.4976,-0.6689,3.0967,1.5101,-1.7707,1.6087
1252,True,Optimization terminated successfully.,48186,62742,795.0531,0,1,-0.2011,-0.9564,-1.1765,-1.7330,-1.9379,-0.1491,0.9767,2.2535,3.1184,2.5872,-2.5360,-0.5477,-0.4236,-1.2940,-0.7812,1.6982
1253,True,Optimization terminated successfully.,27070,35175,534.4305,0,1,-0.3838,-1.1047,-0.4851,-0.9479,-0.0553,0.0728,1.2230,0.9602,1.8532,-0.7751,-3.3055,-0.9851,1.5844,0.6161,3.8703,1.8785
1254,True,Optimization terminated successfully.,7472,9920,4256.8839,0,1,0.0895,-1.0154,-0.6477,-0.9285,-0.9745,-0.6891,0.6880,0.0687,0.5405,0.6921,-0.7577,0.3751,1.1000,1.0840,0.1708,0.8105
1255,True,Optimization terminated successfully.,8589,11441,9711.0273,0,1,-0.0362,-0.8076,-0.4643,-0.7385,0.4502,-0.4518,0.3041,-0.2229,0.7399,1.1468,-1.5365,-0.8896,0.1754,1.3289,0.3477,1.1529
1256,True,Optimization terminated successfully.,15132,19879,1179.0723,0,1,0.2066,-1.0502,-0.3672,0.1676,-1.5855,-0.8226,0.7665,-0.0795,-0.9136,1.8859,-0.2780,-0.5273,3.2730,4.3203,-0.1897,0.7583
1257,True,Optimization terminated successfully.,22608,29549,558.4058,0,1,-0.1952,-0.7093,-1.0276,-0.5828,0.3744,-0.2075,0.4739,1.7611,0.8613,-1.2009,-2.3503,0.1908,0.3866,1.8341,4.9383,1.5480
1258,True,Optimization terminated successfully.,24331,31694,817.0383,1,0,-0.0904,-0.8086,1.0091,0.5123,-1.4466,-0.3806,0.5461,-1.7668,-1.3150,1.9391,-1.7850,0.0409,5.5991,5.1077,-0.1723,1.2893
1259,True,Optimization terminated successfully.,36088,47131,863.4306,1,0,-0.4372,-1.1717,-0.4632,0.9966,-0.4722,0.1814,1.3908,1.0969,-1.1204,0.8294,-3.6724,-1.2485,1.3867,5.2298,1.8869,2.0685
1260,True,Optimization terminated successfully.,17643,23042,758.2895,0,1,-0.3857,-0.5377,-1.8510,-1.1730,-0.7779,0.0913,0.3204,3.5826,2.1759,0.6172,-3.3739,0.5941,-2.3334,-0.1897,1.6546,1.8970
1261,True,Optimization terminated successfully.,21830,28610,1457.2391,1,0,0.0821,-1.0580,0.6337,-0.1662,-2.1373,-0.6192,1.0149,-1.9846,-0.5131,3.1248,-0.9403,-0.8666,5.7086,3.7683,-1.8016,1.0832
1262,True,Optimization terminated successfully.,20899,27348,462.1851,0,1,-0.1784,-0.5251,-1.2954,-0.4391,-0.4205,-0.2447,0.2212,2.3337,0.6698,0.0929,-2.2466,0.5904,-0.4385,2.1686,2.8045,1.4608
1263,True,Optimization terminated successfully.,6422,8565,7391.5921,0,1,0.1140,-1.3045,-0.9007,-0.6478,0.1519,-0.7742,0.7824,-0.4870,0.4072,-0.3651,-0.5109,-0.2792,0.8822,0.2884,2.4184,0.4674
1264,True,Optimization terminated successfully.,9181,12186,4928.7694,0,1,0.2130,-1.0955,-0.7670,-1.0559,-1.5775,-0.8692,0.6183,0.0096,-0.1441,0.3076,-0.1220,-0.2614,0.8481,2.8036,-0.0212,0.6768
1265,True,Optimization terminated successfully.,12938,17034,2942.6374,0,1,0.3460,-1.1899,-1.3146,-0.1013,-0.6640,-1.0760,0.7840,-0.1857,-0.2666,0.9050,0.5751,-0.5731,2.4124,3.4116,0.9378,0.3699
1266,True,Optimization terminated successfully.,30598,39897,584.1670,0,1,0.0080,-0.7037,-0.7031,0.0707,0.1795,-0.5427,0.2157,1.1254,-0.4390,-0.4173,-1.2256,0.5182,1.3168,3.8207,3.8531,1.1387
1267,True,Optimization terminated successfully.,24346,31765,812.4760,0,1,0.0432,-0.8283,-0.6799,0.1396,-1.4206,-0.5928,0.4832,0.6488,-0.7558,1.2499,-1.0186,0.0248,1.6332,4.0701,0.6313,1.0248
1268,True,Optimization terminated successfully.,17229,22535,1108.6502,1,0,0.1593,-0.6489,-0.3875,0.6064,-0.3228,-0.7798,0.2142,0.2066,-2.3256,0.1424,-0.4198,0.4574,2.7546,6.5431,2.3338,0.7492
1269,True,Optimization terminated successfully.,23198,30258,648.7995,0,1,-0.1547,-0.5290,-0.8810,0.0791,-1.7831,-0.2663,0.2455,1.3658,0.1502,2.4993,-2.1697,0.5571,1.0525,3.0811,-0.7445,1.4995
1270,True,Optimization terminated successfully.,11840,15573,5807.3002,0,1,0.3406,-1.2306,-0.5170,-0.8255,-0.6569,-1.1293,0.5637,0.0242,-0.5107,1.3329,0.6842,0.0156,0.3988,2.1967,0.7116,0.0588
1271,True,Optimization terminated successfully.,31656,41222,835.3419,0,1,-0.2600,-1.3782,-0.4180,-0.0987,-0.8326,-0.0908,1.5886,0.4321,-0.1163,0.4155,-2.7632,-1.6726,2.6381,3.3504,1.9671,1.7135
1272,True,Optimization terminated successfully.,15816,20724,2680.1474,1,0,0.4382,-1.2318,0.4757,0.1609,0.0259,-1.2196,0.8123,-1.5675,-0.1723,0.9597,1.0485,-0.4513,5.2357,3.0746,1.3689,0.2179
1273,True,Optimization terminated successfully.,12195,16071,2812.3401,1,0,0.4700,-0.9979,0.2243,-0.0514,-1.7999,-1.2365,0.5920,-0.8175,-1.6987,1.1866,1.1607,-0.0342,3.1835,5.1389,-0.1451,0.3575
1274,True,Optimization terminated successfully.,15802,20826,531.6710,0,1,-0.3391,-0.7752,-0.7952,-1.2692,-0.5125,0.0214,0.5730,1.4576,2.1176,0.1490,-3.1574,0.0160,0.7290,-0.0839,2.8284,1.8040
1275,True,Optimization terminated successfully.,33276,43299,1238.4465,1,0,-0.3789,-1.3836,1.0212,-0.9815,-0.0103,0.0864,1.6048,-1.5338,2.0154,-0.8839,-3.3457,-1.6412,5.5234,0.4668,3.3002,1.9008
1276,True,Optimization terminated successfully.,14935,19607,719.7588,0,1,-0.0802,-0.0546,-1.3382,-0.6068,-1.7239,-0.4140,-0.6371,2.1464,0.7110,2.8040,-1.6837,2.0001,-0.3927,1.9312,-0.9935,1.1965
1277,True,Optimization terminated successfully.,7305,9714,4782.2544,0,1,0.3207,-1.3229,-1.1514,-0.5542,-1.3255,-1.1264,0.5492,0.5648,0.1468,1.5992,0.6517,-0.1367,1.5770,1.1470,-0.8678,-0.0723
1278,True,Optimization terminated successfully.,13527,17846,1242.6071,0,1,0.1122,-1.2885,-0.6033,-1.1473,-1.2914,-0.6620,1.1913,1.0176,1.6515,1.0111,-0.7885,-1.0857,1.1739,0.6388,1.3992,1.0871
1279,True,Optimization terminated successfully.,9227,12258,5007.3219,0,1,0.2494,-1.0072,-0.8384,-0.8501,-1.3101,-0.9468,0.4291,-0.6792,-0.0494,0.4316,0.1219,-0.0814,2.8698,2.4692,-0.8193,0.4666
1280,True,Optimization terminated successfully.,11610,15297,675.7058,0,1,-0.0523,-0.5584,-0.9423,-0.4934,-1.4974,-0.4400,0.0922,1.1983,0.2786,1.2946,-1.5829,0.6739,1.2113,2.5872,0.6264,1.1870
1281,True,Optimization terminated successfully.,11488,15047,1823.9486,0,1,0.3762,-0.8374,-0.2143,-0.0011,-0.8298,-1.0810,0.4535,0.4567,-0.3715,1.4860,0.6292,0.1653,2.5163,3.7884,-0.1323,0.5491
1282,True,Optimization terminated successfully.,29105,37997,584.6180,0,1,-0.2534,-0.5146,-1.1320,-0.1218,-1.4604,-0.1264,0.2179,1.9806,0.0168,2.0153,-2.6509,0.5532,0.0852,3.1960,-0.1412,1.5881
1283,True,Optimization terminated successfully.,24799,32292,727.8447,0,1,-0.2345,-0.6713,-0.5856,0.3712,0.2884,-0.1327,0.5097,1.6897,-0.8273,-0.5491,-2.6082,0.1634,0.6766,4.4045,3.8361,1.6273
1284,True,Optimization terminated successfully.,10501,13909,5421.9479,0,1,-0.0142,-0.5535,-0.9745,-1.2067,-1.3614,-0.5401,-0.3233,0.2996,1.0460,0.1451,-1.2810,1.5154,0.2199,0.3660,0.1517,0.9207
1285,True,Optimization terminated successfully.,12545,16548,1060.7452,0,1,0.1544,-0.7652,-1.4157,-0.7528,-1.6370,-0.7344,0.3991,2.0799,0.7725,1.8135,-0.5599,0.2041,0.1072,2.0172,-0.4526,0.9583
1286,True,Optimization terminated successfully.,13422,17567,957.7274,0,1,-0.4818,-0.7243,-1.0424,-1.2070,-0.9210,0.2575,0.6782,2.6218,2.0398,1.1778,-3.9202,-0.0692,-1.4295,0.1473,1.6269,2.1903
1287,True,Optimization terminated successfully.,17325,22633,1886.4189,0,1,0.3228,-1.1221,-0.4883,-0.4202,-0.8767,-0.9884,1.0056,0.6835,0.4624,1.4239,0.3206,-0.6476,1.9677,2.5538,0.3004,0.6858
1288,True,Optimization terminated successfully.,26756,34911,723.4013,1,0,-0.3401,-0.9868,-0.4955,-1.0378,0.3702,0.0236,1.0795,1.1046,1.9505,-1.7010,-3.1406,-0.7349,1.0761,0.0476,5.8308,1.8128
1289,True,Optimization terminated successfully.,27691,36166,1000.6021,0,1,-0.2416,-0.9346,0.1477,-1.3835,-1.8595,-0.1310,1.0216,-0.1479,1.4336,3.4492,-2.6065,-0.5371,3.1603,0.5172,-2.0251,1.7209
1290,True,Optimization terminated successfully.,8799,11728,6688.5609,0,1,0.0128,-0.9277,-0.6254,-1.0248,-0.5555,-0.5486,0.4886,0.1343,-0.0714,-0.1318,-1.2192,0.1297,0.4045,2.2879,-0.0413,1.1078
1291,True,Optimization terminated successfully.,9242,12259,4988.1397,0,1,0.1313,-0.9726,-1.6860,-0.2344,-1.9841,-0.8086,0.2085,0.5477,-0.1829,0.4824,-0.4105,-0.0667,0.5681,3.2962,-0.4174,0.4547
1292,True,Optimization terminated successfully.,14352,18934,2415.7389,0,1,0.1151,-0.9406,-0.9081,-0.9290,-1.3837,-0.7037,0.4668,0.4269,0.1916,-0.3522,-0.6737,0.1225,1.1326,2.0845,2.1412,0.8935
1293,True,Optimization terminated successfully.,13005,17059,1549.7474,0,1,0.0894,-0.9496,-1.4470,-0.5376,-1.1874,-0.6617,0.6077,1.9471,0.5286,0.7057,-0.8151,-0.1912,0.6565,2.1223,0.6938,0.8992
1294,True,Optimization terminated successfully.,8655,11469,590.8912,0,1,-0.6071,-1.3492,-1.5088,-1.0135,-1.3654,0.4598,1.7786,2.6857,2.4828,1.8017,-4.6045,-1.8999,-0.9130,-0.1158,0.0473,2.4471
1295,True,Optimization terminated successfully.,7759,10299,3484.4504,0,1,-0.1161,-0.6162,-0.9466,-1.6320,-1.7132,-0.3941,0.0099,0.4847,1.6589,0.4881,-1.7797,0.6862,0.2221,-0.6215,1.8997,1.0904
1296,True,Optimization terminated successfully.,12593,16512,2635.7565,0,1,-0.3096,-0.4096,-1.3936,-1.6380,-0.8209,-0.0679,0.0825,2.5511,1.7720,-0.1710,-2.8697,0.9652,-0.6424,-0.0703,0.7804,1.5602
1297,True,Optimization terminated successfully.,18031,23582,608.7524,0,1,-0.0841,-0.6239,-0.2047,-0.9784,-1.4629,-0.3877,0.3231,-0.1116,1.3208,2.1239,-1.7545,0.3776,3.1818,1.0904,-0.2043,1.2819
1298,True,Optimization terminated successfully.,12611,16575,622.6180,0,1,-0.5041,-0.9026,-1.3048,-1.8937,-0.8792,0.2764,0.9991,2.3172,3.3269,1.5635,-3.9874,-0.5245,-0.6084,-1.9225,1.1078,2.1434
1299,True,Optimization terminated successfully.,41087,53346,922.7875,1,0,-0.3533,-1.2571,-2.4607,0.7622,-0.5975,0.0510,1.4944,4.4067,-1.5498,0.6872,-3.2457,-1.4660,-3.6043,5.6494,1.9085,1.9411
1300,True,Optimization terminated successfully.,16489,21635,707.7244,0,1,-0.2036,-1.2716,-1.4653,-1.2598,-0.2212,-0.1815,1.4399,2.2916,2.0568,-0.3452,-2.4277,-1.3404,-0.2692,0.0315,3.4239,1.6323
1301,True,Optimization terminated successfully.,6585,8823,4604.9342,0,1,0.3308,-1.3048,-0.1794,-0.6954,-1.3427,-1.0735,0.6459,-0.9637,-0.6637,0.4711,0.5354,-0.1098,2.6806,2.1702,0.6973,0.2725
1302,True,Optimization terminated successfully.,31953,41616,534.2727,0,1,-0.1332,-0.7110,-1.0347,-1.1927,-0.9076,-0.2788,0.5452,1.8751,2.0534,1.2842,-2.1059,0.1477,0.3516,0.1932,1.1894,1.5119
1303,True,Optimization terminated successfully.,11097,14670,5573.1926,0,1,0.5331,-1.1791,-2.4720,-1.7199,-0.3802,-1.3662,0.6729,1.5872,1.7463,0.6342,1.5528,-0.5906,-1.3632,-0.8475,1.5926,0.0423
1304,True,Optimization terminated successfully.,9660,12682,4504.4910,0,1,0.3535,-1.2390,-1.3126,-1.0706,-1.2469,-1.0870,0.8372,-0.4247,0.0205,0.8428,0.5885,-0.7376,1.9510,2.2172,0.0283,0.3529
1305,True,Optimization terminated successfully.,16052,21022,784.3201,0,1,-0.1863,-0.4632,-1.2084,-0.2496,-1.4462,-0.2105,0.1757,2.3812,0.3835,2.9046,-2.3483,0.8018,-0.5990,2.5991,-1.0435,1.5772
1306,True,Optimization terminated successfully.,17068,22284,571.6995,0,1,-0.2503,-0.6833,-1.0731,-1.0045,-0.9804,-0.1125,0.5513,2.0811,1.8365,1.7559,-2.6763,0.1765,-0.1301,0.4444,0.6922,1.7162
1307,True,Optimization terminated successfully.,9429,12478,6389.6773,0,1,-0.2058,-0.5103,0.2096,-1.1481,-0.4616,-0.2593,-0.2100,-2.0631,1.1904,-0.2507,-2.2465,1.3545,3.1189,-0.0125,1.3879,1.2282
1308,True,Optimization terminated successfully.,48248,62722,478.5445,0,1,-0.0377,-0.5034,0.0681,-0.5404,-0.6461,-0.4758,0.0877,-0.3225,0.7982,0.4713,-1.4616,0.7895,3.5260,1.9730,2.2781,1.1560
1309,True,Optimization terminated successfully.,8625,11382,1490.9853,0,1,0.0765,-1.0308,-0.3137,-1.1172,-1.4891,-0.6371,0.7802,-0.1656,1.0070,0.3796,-0.9033,-0.3885,2.8981,1.1421,1.3506,0.9828
1310,True,Optimization terminated successfully.,19331,25347,1798.7405,1,0,-0.3702,-1.3951,1.8181,-2.6117,-1.4539,0.0649,1.5991,-2.7233,4.5870,1.3835,-3.2695,-1.6562,6.9196,-3.7078,0.0597,1.8793
1311,True,Optimization terminated successfully.,23639,30876,465.1365,0,1,-0.1632,-0.6429,-0.5654,-0.1929,-0.1593,-0.2563,0.4069,1.0629,0.1435,-0.3852,-2.2028,0.3307,1.4260,3.0157,3.5397,1.4293
1312,True,Optimization terminated successfully.,31752,41358,712.1907,0,1,-0.6238,-1.1753,-0.9946,-0.6818,-0.9376,0.4851,1.5685,2.2782,1.6923,1.0661,-4.6921,-1.4658,-0.1743,1.1058,0.8737,2.4363
1313,True,Optimization terminated successfully.,16063,21067,882.9989,0,1,-0.2568,-0.7316,-0.9808,0.0698,-0.4910,-0.1359,0.4575,1.4320,-0.5234,-0.8643,-2.6243,0.1859,0.4155,3.9281,3.8638,1.5059
1314,True,Optimization terminated successfully.,35823,46857,650.1903,0,1,-0.2457,-0.7648,-0.5474,-1.9037,-0.2572,-0.1248,0.6095,0.9834,3.4057,-0.2509,-2.6474,0.0154,1.4318,-1.8953,3.2046,1.6832
1315,True,Optimization terminated successfully.,20735,27139,860.5653,0,1,-0.1289,-0.5531,-1.6086,-1.0105,-2.3952,-0.2999,0.2022,2.8155,1.2812,4.0839,-2.0505,0.6537,-1.2388,1.1255,-2.9522,1.4307
1316,True,Optimization terminated successfully.,14660,19311,870.1736,0,1,-0.2459,-0.6509,-2.2010,-1.8966,-0.5847,-0.1268,0.4103,3.9188,2.9540,0.1785,-2.6492,0.2694,-2.6544,-1.2734,2.4336,1.6475
1317,True,Optimization terminated successfully.,22340,29194,623.4369,0,1,-0.3430,-0.8711,-0.7037,-0.6814,-0.9220,0.0008,0.6784,1.1096,1.0346,0.5153,-3.0909,-0.1992,1.0376,1.4430,2.3416,1.7232
1318,True,Optimization terminated successfully.,9030,12005,4500.9498,0,1,0.3250,-1.0631,-0.7722,-1.3560,-1.5684,-1.0310,0.5975,-0.2604,0.9662,0.3214,0.4313,-0.3710,2.4849,1.3038,-0.4318,0.5314
1319,True,Optimization terminated successfully.,30570,39857,639.6217,0,1,-0.3613,-1.3178,-0.2564,-0.7724,-0.1947,0.0777,1.6175,0.6092,1.3726,-0.0607,-3.3076,-1.6100,2.1963,1.2544,3.2108,1.9482
1320,True,Optimization terminated successfully.,21029,27618,1295.3028,0,1,-0.1598,-0.6585,-1.5377,-0.8727,-0.1048,-0.2603,0.2368,3.1324,1.3621,-0.3087,-2.2082,0.8051,-1.1183,1.0573,2.5317,1.4720
1321,True,Optimization terminated successfully.,10187,13513,4136.0459,0,1,-0.3954,-1.0288,-1.3638,-0.1113,-0.3014,0.0653,0.8852,1.5668,0.0591,-0.1965,-3.3221,-0.0280,-1.6958,1.9557,2.8307,1.7196
1322,True,Optimization terminated successfully.,11517,15336,2834.3855,0,1,0.2051,-0.7376,-0.1810,-1.2548,-0.8742,-0.8221,0.3402,1.4572,1.5470,0.5595,-0.2683,0.8219,0.6697,0.2767,0.3685,0.8636
1323,True,Optimization terminated successfully.,10077,13360,4101.6990,0,1,-0.0023,-1.2765,-1.0901,-0.7129,-0.0069,-0.5425,0.5666,-0.1891,1.7347,-0.6420,-1.2338,-0.5235,1.7338,0.8294,2.1300,1.0174
1324,True,Optimization terminated successfully.,9180,12185,4530.8074,0,1,-0.5085,-0.6588,-0.0749,-1.5551,-1.1491,0.2407,0.1591,-0.0982,1.9483,2.1940,-3.9224,0.5819,0.6747,-0.7886,0.0398,1.9100
1325,True,Optimization terminated successfully.,25489,33326,529.8508,0,1,-0.2750,-0.9446,-0.2961,-0.7961,-1.6966,-0.0769,0.9381,0.7731,1.2404,2.6060,-2.7960,-0.5321,1.8923,1.4158,-0.9226,1.7230
1326,True,Optimization terminated successfully.,10034,13332,2243.2828,0,1,-0.4239,-1.5011,-0.6484,-0.7989,-0.8285,0.1346,1.6416,0.0982,0.1166,-0.4707,-3.5291,-1.8638,2.2063,2.4444,2.1740,1.8686
1327,True,Optimization terminated successfully.,11180,14780,3340.7573,0,1,0.1215,-1.0001,-1.3492,-1.6123,-1.7410,-0.7356,0.4205,0.8800,0.4673,1.5505,-0.5994,0.0563,0.1594,0.8827,0.0478,0.7687
1328,True,Optimization terminated successfully.,12848,16812,3803.0986,0,1,0.4423,-0.9239,0.0207,-0.9929,-0.9529,-1.1890,0.4524,-0.5770,0.5433,0.4658,0.9900,0.0789,3.6259,1.9365,-0.3715,0.3981
1329,True,Optimization terminated successfully.,15675,20537,1919.6275,0,1,-0.0083,-0.8609,-0.9151,-1.0594,-0.9657,-0.5110,0.4694,0.0346,1.1633,-0.1030,-1.3298,-0.0361,2.8156,1.1315,1.4148,1.0805
1330,True,Optimization terminated successfully.,9247,12258,6685.0582,0,1,0.6312,-1.1852,-1.5414,0.0189,-1.8471,-1.5555,0.2859,-0.0164,-0.7219,1.2027,2.1609,-0.2874,0.3896,3.0654,-0.3281,-0.3805
1331,True,Optimization terminated successfully.,16096,21053,1741.4638,0,1,0.1934,-0.9402,-1.5270,-0.6213,-0.8452,-0.7774,0.5279,2.8328,-0.4631,1.5556,-0.3794,-0.1682,-1.0605,3.1809,0.2406,1.0031
1332,True,Optimization terminated successfully.,8696,11614,2605.7382,0,1,-0.1457,-1.1040,-1.5687,-1.4039,-1.2703,-0.3403,0.7601,0.8002,1.2084,0.1575,-1.9722,-0.6712,1.2490,0.5740,1.4560,1.1513
1333,True,Optimization terminated successfully.,7804,10358,4721.3046,0,1,0.0173,-1.5308,-0.6786,-1.5553,-0.6585,-0.6012,1.0927,-0.3271,0.1165,-0.1821,-1.0843,-1.1802,1.8123,1.0380,2.1569,0.8387
1334,True,Optimization terminated successfully.,13133,17406,6484.4057,0,1,0.3906,-1.0190,-1.1716,-0.9582,0.0141,-1.1924,0.1699,-0.7361,0.7159,-1.1894,0.9176,0.5132,1.2967,-0.1397,3.6387,0.0571
1335,True,Optimization terminated successfully.,9825,12986,2961.0918,0,1,0.3926,-1.5186,-0.4053,-0.4209,-1.5742,-1.1395,1.1035,0.5172,1.0212,2.0335,0.8130,-1.0099,1.5688,0.8741,-0.0661,0.3791
1336,True,Optimization terminated successfully.,9205,12199,4121.7448,0,1,0.2485,-1.0651,0.0277,-1.0679,-1.9035,-0.8872,0.7302,-0.2334,0.5221,0.7518,-0.0178,-0.1118,1.6631,1.5513,-0.5696,0.8172
1337,True,Optimization terminated successfully.,14645,19353,2950.0890,0,1,0.0403,-1.2311,-0.6590,-0.8863,-1.2902,-0.6192,0.8103,0.7582,1.4041,-0.1426,-0.9756,-0.1848,1.5770,0.2019,0.9627,0.8930
1338,True,Optimization terminated successfully.,13120,17322,918.5375,0,1,-0.5685,-1.0095,0.3969,-0.9683,-2.0751,0.3872,1.2944,0.2441,1.8135,3.3527,-4.3588,-0.9248,2.3269,0.6145,-2.0171,2.3296
1339,True,Optimization terminated successfully.,8686,11517,2205.8767,0,1,-0.4580,-0.8231,-1.2402,-0.5249,-0.7608,0.1804,0.8797,0.2295,1.1109,1.3187,-3.7224,-0.3171,2.2702,0.5356,0.7674,1.8476
1340,True,Optimization terminated successfully.,8542,11297,3804.8683,0,1,0.1465,-0.9177,-0.0365,-0.9264,-1.3056,-0.7811,0.3261,-0.9246,-0.3057,-0.7191,-0.4341,0.2155,3.1643,2.9689,1.4113,0.7053
1341,True,Optimization terminated successfully.,16787,21918,801.8373,0,1,-0.1618,-0.9330,-0.5434,-0.1533,-1.3346,-0.2630,0.7632,1.1548,-0.1972,0.5554,-2.1797,-0.3516,1.2382,3.6710,1.4337,1.4360
1342,True,Optimization terminated successfully.,10247,13497,4411.8116,0,1,0.1445,-1.0366,-0.7830,-1.0850,-1.3595,-0.7764,0.5702,-0.1881,0.7948,-0.0688,-0.4585,0.1953,1.2266,0.2607,1.7173,0.7039
1343,True,Optimization terminated successfully.,13155,17255,1327.3322,0,1,0.1893,-0.2831,-1.5872,-1.1436,-1.6314,-0.8327,-0.5900,1.2455,1.1220,1.8123,-0.2775,1.5787,1.0229,1.0147,-0.3411,0.6503
1344,True,Optimization terminated successfully.,12160,15914,939.9567,0,1,0.0725,-0.8729,-0.7389,-0.4897,0.3834,-0.6215,0.6340,0.4748,0.3577,-1.1093,-0.9566,-0.2059,2.2692,2.4660,4.5748,1.0504
1345,True,Optimization terminated successfully.,6787,9108,3896.6416,0,1,-0.2750,-0.7732,-1.2576,-1.1107,-1.1340,-0.1323,0.5088,1.2366,0.6914,-0.5351,-2.6576,0.3642,-0.1506,1.4602,0.9287,1.4804
1346,True,Optimization terminated successfully.,17135,22520,879.3882,1,0,-0.0462,-1.0831,0.3725,-1.7854,0.6329,-0.4251,1.0338,-0.7931,2.8655,-1.9022,-1.5929,-0.6755,4.2593,-1.2865,5.4854,1.3047
1347,True,Optimization terminated successfully.,17276,22686,1849.8587,0,1,0.0489,-1.2343,-1.6796,-0.7251,-1.4259,-0.6228,1.0795,1.4399,0.0882,0.7709,-1.0102,-1.0501,0.5697,2.5153,1.0403,0.9269
1348,True,Optimization terminated successfully.,21224,27706,569.5355,0,1,-0.1280,-0.6194,-0.0354,-1.4336,-0.4063,-0.3056,0.2966,0.1716,2.4575,0.2913,-2.0220,0.4822,2.7737,-0.5724,2.5537,1.4348
1349,True,Optimization terminated successfully.,10986,14461,4886.1729,0,1,-0.0144,-1.0858,-1.2117,-0.5459,-1.1175,-0.5454,0.6227,0.5765,0.5620,0.2666,-1.2747,-0.1740,1.9508,0.9154,-0.5267,0.8733
1350,True,Optimization terminated successfully.,11580,15230,2352.3474,0,1,0.3918,-1.0289,-1.5533,0.1202,-1.8145,-1.1208,0.5877,1.0116,-0.7411,2.0837,0.7433,-0.5627,0.6370,4.1532,-0.3296,0.4375
1351,True,Optimization terminated successfully.,20742,27013,436.8965,0,1,-0.3246,-0.7513,-0.1790,-0.8602,-1.3917,-0.0195,0.5900,0.3646,1.4657,1.7520,-3.0209,0.0418,2.3629,1.0017,0.3235,1.7267
1352,True,Optimization terminated successfully.,27506,35823,547.7882,0,1,-0.3967,-1.3816,-1.6730,0.1660,-0.8444,0.1288,1.6735,3.3423,-0.2401,1.0628,-3.4968,-1.7288,-1.8745,3.6349,1.3344,2.0320
1353,True,Optimization terminated successfully.,21074,27488,500.4791,0,1,-0.2967,-1.0022,-1.4666,-0.0237,-0.7408,-0.0400,1.0692,2.7174,-0.0725,0.6261,-2.9264,-0.7396,-1.0533,3.3141,2.0996,1.7853
1354,True,Optimization terminated successfully.,16109,21075,675.8164,0,1,-0.1980,-0.2897,-1.3132,0.4433,-1.3228,-0.2257,-0.1553,2.2555,-1.0330,1.6415,-2.3196,1.1735,-0.3765,4.7218,0.3921,1.4123
1355,True,Optimization terminated successfully.,23013,30157,529.6666,0,1,-0.1695,-0.6055,0.0870,0.2415,-0.3668,-0.2668,0.2336,-0.0254,-0.2677,-0.1816,-2.1773,0.5703,2.9710,3.6240,3.1391,1.3873
1356,True,Optimization terminated successfully.,23999,31357,636.6640,1,0,-0.1449,-0.7243,0.1056,0.6517,-1.7129,-0.2962,0.5188,-0.1337,-1.3826,2.3892,-2.0736,0.0749,3.1689,5.3032,-0.7826,1.3926
1357,True,Optimization terminated successfully.,19755,25777,889.7596,0,1,0.0713,-0.6651,-0.9326,-0.6322,-0.4249,-0.6480,0.1617,1.0224,0.0067,-0.0702,-0.8856,0.4772,1.0912,2.6815,3.3949,0.9550
1358,True,Optimization terminated successfully.,9809,12957,5912.2079,0,1,0.3706,-1.2277,-1.1856,-0.8674,-0.8865,-1.1250,0.7911,-0.4775,0.1019,1.0368,0.7375,-0.2983,1.4176,2.0747,-0.4839,0.2591
1359,True,Optimization terminated successfully.,8763,11628,5580.0970,0,1,0.2342,-0.9569,-0.8657,-1.5602,-0.6451,-0.9288,0.4737,-0.0325,-0.1221,0.3746,0.0489,-0.0426,1.6917,1.9162,-0.3135,0.4438
1360,True,Optimization terminated successfully.,27406,35772,2286.4311,1,0,0.3678,-1.1264,-1.2199,0.6708,-1.1616,-1.0562,0.9015,1.4200,-1.4388,0.8434,0.5766,-0.6170,0.8708,5.5171,0.4385,0.6235
1361,True,Optimization terminated successfully.,34012,44374,2372.0415,0,1,0.2718,-1.1830,-0.6767,-0.5631,-0.9552,-0.8659,0.8701,1.8302,-0.3566,0.8509,-0.1262,-0.3269,0.4095,3.3204,0.5562,0.7537
1362,True,Optimization terminated successfully.,12650,16660,1126.7048,0,1,0.0163,-0.8452,-0.8665,-1.7677,-1.5080,-0.5203,0.6270,0.9737,2.4098,1.1001,-1.2730,-0.2614,1.5108,-0.8672,0.8943,1.2504
1363,True,Optimization terminated successfully.,21235,27724,762.2403,0,1,-0.1560,-0.1415,-0.7387,-2.1452,-0.3671,-0.2877,-0.4352,1.1054,3.2383,-0.0336,-2.1095,1.6255,1.1471,-1.9534,2.9686,1.3788
1364,True,Optimization terminated successfully.,23656,31072,628.6462,0,1,-0.1261,-0.9675,-0.0035,-0.3734,-0.1081,-0.3165,0.8778,-0.1409,0.5854,-0.7883,-2.0018,-0.4720,3.1718,2.3048,4.1261,1.4071
1365,True,Optimization terminated successfully.,25991,33861,536.1073,0,1,-0.1944,-0.6867,-1.2995,-0.6437,-0.1591,-0.2091,0.4765,2.2044,0.9145,-0.3603,-2.3410,0.2183,-0.2519,1.8022,3.4890,1.5343
1366,True,Optimization terminated successfully.,19925,25999,712.1612,1,0,0.0962,-0.2287,-1.1649,0.5678,-2.0657,-0.6725,-0.4879,1.8742,-1.5552,3.0711,-0.8055,1.6476,0.1248,5.4791,-1.6092,0.8721
1367,True,Optimization terminated successfully.,11838,15627,4271.6020,0,1,0.3692,-1.1789,-1.2387,-0.9635,-1.5564,-1.1539,0.5661,-0.5571,-0.0002,1.5364,0.8160,-0.2412,2.0171,1.8491,-0.2263,0.1394
1368,True,Optimization terminated successfully.,12326,16184,1070.1932,0,1,-0.0679,-0.8394,-1.1993,-1.1670,-1.3000,-0.4154,0.5751,1.7438,1.2262,0.3810,-1.6574,0.0503,0.0834,1.0710,1.4047,1.2983
1369,True,Optimization terminated successfully.,8897,11878,4347.9173,0,1,0.0649,-1.3984,-1.9082,-0.9751,-0.5032,-0.6619,1.1309,0.3105,0.7885,0.6370,-0.8802,-1.1836,0.5412,0.9860,1.6719,0.7611
1370,True,Optimization terminated successfully.,20142,26394,526.6738,0,1,-0.3045,-0.9834,-0.4071,-1.6889,-1.6816,-0.0161,1.0737,0.8719,3.0064,2.7735,-2.9818,-0.6769,1.7554,-1.2582,-1.0023,1.8634
1371,True,Optimization terminated successfully.,16273,21299,473.1687,0,1,-0.3312,-1.0613,-1.2061,-0.7290,-1.1011,0.0406,1.1930,2.3120,1.1864,1.6431,-3.1762,-0.9441,-0.2705,1.5610,0.7014,1.9259
1372,True,Optimization terminated successfully.,6488,8688,2285.0299,0,1,-0.0492,-1.1103,-1.2781,-0.9880,-1.3473,-0.4632,0.8939,1.1627,1.0295,0.2121,-1.5131,-0.5356,1.3786,0.9807,0.5176,1.1431
1373,True,Optimization terminated successfully.,13316,17480,2561.5017,0,1,0.4111,-0.9883,-0.1622,-0.5652,-1.1707,-1.0931,0.7654,0.1547,-0.3255,0.7543,0.7205,-0.2084,1.7822,3.1035,0.7889,0.7350
1374,True,Optimization terminated successfully.,17896,23475,484.7553,0,1,-0.0405,-0.5852,-0.0801,-0.0744,-1.0867,-0.4459,0.2204,-0.3019,0.1261,1.4431,-1.5527,0.5707,3.5493,2.9836,0.8055,1.2334
1375,True,Optimization terminated successfully.,8756,11577,1067.5788,0,1,0.0453,-0.6358,-0.0900,-1.7768,-0.3884,-0.6000,0.1765,-0.2040,2.9792,0.3660,-1.0320,0.8438,3.2017,-1.6296,2.3042,1.0043
1376,True,Optimization terminated successfully.,13876,18183,2532.0449,0,1,0.3603,-1.0330,-1.0494,0.0567,-1.1904,-1.0959,0.6537,-0.0732,-0.3239,0.3246,0.6503,-0.2091,2.1804,3.6622,1.1465,0.4049
1377,True,Optimization terminated successfully.,15923,20957,1891.1014,0,1,0.2848,-0.8103,-0.9426,-0.5076,-1.6436,-0.9247,0.4036,1.9769,-0.1444,2.7968,0.1019,0.5968,-0.0790,2.6484,-1.7631,0.7834
1378,True,Optimization terminated successfully.,9173,12107,6428.4561,0,1,0.0249,-1.3530,-0.5347,-1.0149,0.0030,-0.6239,0.8550,-0.7261,0.4748,-0.4287,-1.0129,-0.4526,1.0066,1.3520,2.1361,0.7284
1379,True,Optimization terminated successfully.,21859,28437,647.4725,0,1,-0.3863,-1.4912,-1.4662,-1.0768,-0.3528,0.1211,1.9362,2.8730,2.1488,0.3460,-3.4367,-2.1588,-0.9832,0.1407,2.6262,2.0726
1380,True,Optimization terminated successfully.,15825,20714,468.8774,0,1,-0.3359,-1.0262,-0.9006,-0.6409,-0.3870,0.0179,1.0718,1.7853,1.2471,0.1247,-3.1270,-0.7204,0.3954,1.4728,2.9138,1.8612
1381,True,Optimization terminated successfully.,9974,13119,5031.7259,0,1,0.4213,-0.9302,-1.2544,-0.7693,-1.5154,-1.1817,0.1682,0.1194,0.7084,0.3328,0.9563,0.3664,1.6031,1.1905,-0.6074,0.3104
1382,True,Optimization terminated successfully.,13928,18306,1675.4964,1,0,-0.4312,-0.4681,0.1671,-1.4913,1.0709,0.1639,0.1776,0.4487,2.5220,-1.6977,-3.6421,0.7452,1.4364,-0.6407,6.0118,1.9564
1383,True,Optimization terminated successfully.,16753,21905,4054.8034,0,1,-0.2378,-0.6457,-0.5227,-0.2510,0.4040,-0.0950,0.6084,1.6985,1.3673,2.6587,-2.7146,0.1441,-0.3377,1.2054,-0.8642,1.8392
1384,True,Optimization terminated successfully.,18517,24324,811.4508,0,1,-0.3142,-0.8423,0.5517,-1.2931,-1.2936,-0.0438,0.6845,-1.0979,1.8404,0.9355,-2.9341,-0.2054,4.4400,0.3073,1.2810,1.6606
1385,True,Optimization terminated successfully.,18023,23557,890.8250,0,1,-0.0985,-1.1113,-1.7997,-1.4039,-2.1853,-0.3375,1.0607,3.0822,2.2958,3.8042,-1.9049,-0.7877,-1.4867,-0.3261,-2.4496,1.4474
1386,True,Optimization terminated successfully.,20010,26109,1322.9780,1,0,-0.4283,-0.5745,-0.0121,-0.9341,0.9742,0.1638,0.4732,0.9019,1.7394,-1.1930,-3.6239,0.3115,1.1941,0.4789,5.4527,2.0175
1387,True,Optimization terminated successfully.,17359,22798,715.4451,0,1,-0.1794,-0.8779,-0.0209,0.3792,-0.2698,-0.2296,0.7432,-0.2298,-0.6947,-0.3854,-2.2911,-0.3370,3.3059,4.4583,3.3047,1.4799
1388,True,Optimization terminated successfully.,8510,11265,2769.3812,0,1,0.4031,-1.1126,-0.6659,-0.6480,-1.7694,-1.1680,0.6872,-0.4586,0.8613,0.9638,0.8680,-0.2749,2.7883,1.6871,0.1578,0.2737
1389,True,Optimization terminated successfully.,9124,12113,3148.6212,0,1,-0.3228,-0.2677,-0.0032,-2.0418,-1.7666,-0.0152,-0.2458,0.3243,3.1365,2.2707,-3.0132,1.7584,0.8215,-1.8913,-1.7003,1.8041
1390,True,Optimization terminated successfully.,16439,21524,3181.1843,0,1,0.4554,-1.0749,0.0446,-0.5767,-1.6874,-1.1908,0.5565,0.5965,0.0563,1.0719,1.0139,0.0344,1.7599,2.3203,-0.5216,0.4843
1391,True,Optimization terminated successfully.,10657,14051,5439.5378,0,1,0.2466,-0.9461,-0.6319,-0.3327,-1.3812,-0.9379,0.3572,0.0998,0.5222,0.0303,0.0857,0.5461,1.3344,1.7682,-0.4990,0.5130
1392,True,Optimization terminated successfully.,6891,9201,5609.9164,0,1,-0.1843,-1.1489,-1.6004,-0.7838,-0.9635,-0.3403,0.6866,0.5187,0.2477,0.2377,-2.0208,-0.2584,-0.1479,0.5713,1.5425,0.8521
1393,True,Optimization terminated successfully.,20580,26958,1148.8935,1,0,-0.1416,-0.9868,-1.5930,0.2895,2.0090,-0.2889,0.9169,2.8232,-0.5686,-4.5912,-2.0704,-0.4444,-1.5472,3.9871,9.6423,1.4469
1394,True,Optimization terminated successfully.,19561,25429,2849.3333,0,1,0.0595,-0.5075,-0.3064,-0.9279,-2.4749,-0.6597,-0.3556,-0.0550,0.2795,2.4491,-0.8665,1.6119,1.1016,1.8243,-1.1844,0.7592
1395,True,Optimization terminated successfully.,14395,18894,673.9668,0,1,0.0848,-0.7654,0.1830,0.1921,-1.5677,-0.6340,0.4865,-0.2924,-0.4718,2.3686,-0.8870,0.1628,3.4888,3.8448,-0.5001,1.0352
1396,True,Optimization terminated successfully.,13721,17978,1484.0147,0,1,0.0259,-0.9099,-0.7135,-0.7486,-1.3467,-0.5684,0.6379,0.4279,0.7351,0.2364,-1.1330,-0.2088,2.1127,2.2399,1.1853,1.1135
1397,True,Optimization terminated successfully.,15126,19899,1714.2710,0,1,-0.3167,-0.5539,-0.9814,-0.1515,-1.5433,-0.0663,0.0243,1.0231,-0.5813,0.7238,-2.8853,0.7613,0.5496,3.4336,1.3432,1.4739
1398,True,Optimization terminated successfully.,17126,22346,1720.4953,0,1,0.1837,-0.8413,-0.6895,-0.9688,-2.1979,-0.8083,0.4732,-0.4338,0.7017,3.2859,-0.3410,0.0614,2.5918,1.5717,-1.6741,0.7423
1399,True,Optimization terminated successfully.,11055,14556,5775.5970,0,1,-0.0662,-1.1378,-1.2128,-0.9519,-0.3426,-0.4548,0.6451,0.4896,1.2278,0.4122,-1.5620,0.0749,0.4109,0.8415,-0.3882,0.9997
1400,True,Optimization terminated successfully.,39111,50675,573.6979,0,1,-0.1639,-0.3698,-0.2253,-1.3844,-1.5691,-0.2709,-0.0411,0.2425,2.1595,2.1267,-2.1694,1.0291,2.5822,-0.1430,-0.2140,1.3969
1401,True,Optimization terminated successfully.,24725,32306,562.2020,0,1,-0.0439,-0.6401,-1.2902,-0.5230,-0.4182,-0.4375,0.3837,2.0819,0.8869,0.0813,-1.5904,0.3429,-0.1103,1.8159,2.9848,1.2707
1402,True,Optimization terminated successfully.,16700,21900,1407.3703,0,1,0.2401,-0.8546,-0.9611,0.0602,-1.9087,-0.8772,0.4776,1.0313,-0.5575,3.1754,-0.0856,-0.0166,1.7890,3.9366,-2.3660,0.7508
1403,True,Optimization terminated successfully.,8114,10749,5715.3276,0,1,0.4391,-0.9123,-0.6092,-1.5155,-0.9545,-1.1811,0.3131,0.0944,0.4810,-0.0059,0.9844,0.2636,0.9353,1.5666,0.0928,0.4532
1404,True,Optimization terminated successfully.,11515,15138,2562.4551,1,0,-0.1123,-1.0680,-0.3229,0.3139,-1.4973,-0.3434,0.8981,-0.4579,-1.7231,-0.0959,-1.9076,-0.6137,2.8612,5.2129,1.1112,1.3207
1405,True,Optimization terminated successfully.,21732,28397,732.1916,0,1,-0.0716,-0.9207,-0.2708,0.0471,-1.6302,-0.3750,0.8666,0.4351,-0.7565,2.4047,-1.7781,-0.3499,2.4515,4.3052,-0.6154,1.4449
1406,True,Optimization terminated successfully.,8770,11581,2648.5421,0,1,-0.2298,-0.8058,-1.0774,-1.7421,-1.3633,-0.1668,0.5821,1.1279,0.9420,0.8180,-2.5153,-0.2750,0.8266,1.2605,-0.2240,1.5910
1407,True,Optimization terminated successfully.,8788,11713,3816.2277,0,1,0.2803,-0.8637,-0.5286,-1.7768,-1.3020,-0.9697,0.2677,0.2745,2.2339,-0.1328,0.2427,0.7153,0.6441,-1.0483,1.3702,0.6004
1408,True,Optimization terminated successfully.,8469,11292,6999.9481,0,1,0.1049,-1.0944,-1.0886,-0.8013,-0.1246,-0.6913,0.7043,0.4792,0.0733,-0.1680,-0.7268,-0.0193,-0.8342,1.7805,1.0855,0.9107
1409,True,Optimization terminated successfully.,21256,27752,810.6233,0,1,-0.6241,-1.6235,0.0733,-1.8886,-1.4115,0.4802,2.2150,0.2238,3.5545,1.9656,-4.6836,-2.5521,2.7118,-2.1113,-0.1293,2.4708
1410,True,Optimization terminated successfully.,10813,14301,6570.8764,0,1,0.4160,-1.0579,-1.1224,-0.8094,-0.6663,-1.1734,0.4017,-0.3640,-0.6706,0.1456,0.8984,-0.0656,1.7805,2.8753,-0.2024,0.2806
1411,True,Optimization terminated successfully.,8848,11665,7060.8374,0,1,-0.1719,-1.0758,-0.2445,-0.9726,-0.4105,-0.2597,0.8518,-0.1161,0.7693,0.4370,-2.2033,-0.4970,-0.3853,0.1441,2.1907,1.4386
1412,True,Optimization terminated successfully.,11975,15743,761.6988,1,0,-0.0960,-0.9434,-0.0230,-1.3511,0.4239,-0.3581,0.8279,-0.2774,2.2123,-1.8138,-1.8508,-0.4333,3.2842,-0.0060,5.5227,1.3483
1413,True,Optimization terminated successfully.,23412,30563,1257.8709,0,1,-0.4998,-0.6510,-0.3677,0.2511,-1.5841,0.2358,0.4229,0.7941,-0.7617,3.0325,-3.9086,0.3082,1.3793,3.9934,-1.2054,1.9250
1414,True,Optimization terminated successfully.,9354,12374,4893.6011,0,1,-0.1602,-1.0344,-0.9720,-1.1725,-0.0271,-0.3074,0.6958,1.1848,-0.6200,0.0431,-2.0750,-0.5078,0.7373,3.1814,0.3831,1.1981
1415,True,Optimization terminated successfully.,8869,11708,2378.5660,0,1,0.2264,-1.4462,-0.7144,-0.2827,-1.0332,-0.8744,1.3074,0.2490,0.7427,-0.2219,-0.0908,-1.2389,2.1932,2.1469,1.8329,0.7012
1416,True,Optimization terminated successfully.,12592,16524,3092.5273,0,1,0.0296,-0.4652,-1.8036,-0.8630,-1.3100,-0.6353,-0.3686,0.9807,0.8285,2.4037,-0.9876,1.4255,-0.2411,0.6039,-0.1154,0.6953
1417,True,Optimization terminated successfully.,12752,16770,2440.1808,0,1,-0.0985,-0.8189,-1.3596,-0.8995,-1.4984,-0.3628,0.4798,2.5051,0.5675,0.4641,-1.8381,0.2269,-0.8995,2.1038,-0.0851,1.3386
1418,True,Optimization terminated successfully.,30147,39352,955.8023,0,1,-0.3123,-0.2610,-1.4051,-1.5897,-2.2385,-0.0391,-0.1552,2.2756,2.6337,4.1286,-2.9533,1.2847,-0.6820,-1.0126,-2.9859,1.7102
1419,True,Optimization terminated successfully.,12134,15943,2825.3908,1,0,-0.1869,-0.3565,0.3957,-1.5096,-1.2358,-0.2572,-0.2969,-1.9298,1.7892,0.1044,-2.2327,1.2250,5.2730,0.0774,0.4259,1.2875
1420,True,Optimization terminated successfully.,18444,24085,3715.6539,0,1,-0.1284,-1.3466,-1.4082,-0.1562,-0.6766,-0.3507,1.1920,0.0005,-0.1207,1.4966,-1.8974,-1.1197,0.8874,2.2282,1.1546,1.1943
1421,True,Optimization terminated successfully.,8064,10728,5484.3922,0,1,0.0114,-0.8920,-0.6144,-1.1506,-1.3088,-0.5194,0.5795,0.4051,0.2071,0.4793,-1.2870,-0.0062,0.7617,2.0899,-1.0241,1.2393
1422,True,Optimization terminated successfully.,20227,26405,408.5872,0,1,-0.3979,-1.0287,-1.5649,-0.8831,-1.5356,0.1383,1.1865,2.9337,1.7356,2.3336,-3.5226,-0.8961,-1.3094,0.7747,-0.4115,2.0538
1423,True,Optimization terminated successfully.,38176,49606,422.9578,0,1,-0.1437,-0.6140,-0.3705,0.0934,-1.0471,-0.2929,0.3227,0.7794,-0.2481,1.2754,-2.1001,0.4508,1.8386,3.5577,1.1443,1.4150
1424,True,Optimization terminated successfully.,17704,23235,1074.2306,0,1,-0.1093,-1.3491,-1.2557,-0.6027,-1.1451,-0.3366,1.4479,1.6016,0.6126,0.9769,-1.9080,-1.5200,0.8024,2.3339,0.8455,1.4280
1425,True,Optimization terminated successfully.,8499,11258,6126.5316,0,1,0.1085,-1.1317,-0.5950,-1.1218,-0.3110,-0.7282,0.6457,-0.4591,0.5484,0.3779,-0.6392,-0.1869,0.4041,0.6034,2.3562,0.6900
1426,True,Optimization terminated successfully.,22497,29352,872.8373,1,0,-0.1978,-1.1838,-1.1217,0.6437,-0.2078,-0.2015,1.2299,1.9881,-1.3641,-0.6229,-2.3960,-0.9994,-0.0943,5.1460,3.8258,1.5443
1427,True,Optimization terminated successfully.,23317,30442,705.0734,0,1,0.0021,-0.0850,-0.5452,-1.4063,-1.3366,-0.5297,-0.6272,0.8663,1.9471,1.6232,-1.2772,1.9735,1.5470,0.1670,0.4490,1.0757
1428,True,Optimization terminated successfully.,12539,16480,3762.8784,0,1,0.2709,-1.0996,-0.7738,-0.6024,-0.4261,-0.9579,0.6641,-1.3324,0.0047,0.7457,0.1417,-0.4923,4.5123,2.4706,0.3106,0.4513
1429,True,Optimization terminated successfully.,29459,38275,607.2073,0,1,-0.4668,-1.3503,-0.8128,-1.4919,-0.7708,0.2481,1.8034,1.9449,2.8621,1.6510,-3.8781,-1.8622,0.1562,-1.0004,1.0742,2.2407
1430,True,Optimization terminated successfully.,26809,35191,2173.1497,0,1,-0.0632,-1.9361,-1.7138,-1.3818,-1.0435,-0.3985,2.2149,2.5581,1.7666,-0.2350,-1.6806,-2.8895,-1.4159,0.1751,2.5830,1.3922
1431,True,Optimization terminated successfully.,37778,49443,1234.1211,1,0,-0.0683,-1.0223,0.2590,1.4008,-1.6964,-0.4115,1.1006,-0.7331,-2.6956,1.5247,-1.6680,-0.8613,4.0332,7.2191,0.2007,1.2752
1432,True,Optimization terminated successfully.,12899,16950,881.4477,1,0,-0.6913,-1.8403,-1.3677,-0.0531,-2.6361,0.6042,2.5920,2.8645,0.2078,4.3663,-5.0974,-3.1788,-1.2985,2.9058,-3.4478,2.6470
1433,True,Optimization terminated successfully.,8263,10967,2135.7236,0,1,-0.2770,-0.9796,-1.5996,-0.4644,-1.1393,-0.0863,0.8848,1.5906,-0.0788,0.4697,-2.7844,-0.2490,-0.8106,2.4026,1.8965,1.6760
1434,True,Optimization terminated successfully.,11633,15338,1122.9481,0,1,0.0645,-0.9245,-0.4447,-0.8249,-1.2101,-0.6281,0.5819,0.1524,0.1993,1.5942,-0.9425,-0.0340,2.4047,2.2059,0.8987,0.9606
1435,True,Optimization terminated successfully.,13876,18161,1962.8531,0,1,-0.3432,-0.4077,-0.7572,0.0210,-0.7463,0.0191,0.0081,1.9247,-0.5009,0.8127,-3.1219,1.0762,0.2207,3.6827,0.1523,1.7837
1436,True,Optimization terminated successfully.,16040,21106,795.6156,0,1,-0.4096,-1.0212,-1.1822,-0.8268,-1.0492,0.1379,1.1422,2.7330,1.3055,0.3553,-3.5243,-0.7885,-1.0498,1.4146,1.6874,2.0378
1437,True,Optimization terminated successfully.,35178,45746,517.8199,0,1,-0.2687,-0.7958,-0.7246,-0.3533,-1.6393,-0.0551,0.7775,1.2263,0.6919,2.3839,-2.8517,-0.2583,1.3661,2.3764,-0.7090,1.7390
1438,True,Optimization terminated successfully.,20769,27080,561.6898,0,1,-0.1822,-0.7744,-1.3964,-0.3109,-0.2998,-0.2213,0.5738,2.5825,0.5338,-0.0086,-2.3118,0.0255,-0.7465,2.4038,3.1743,1.5479
1439,True,Optimization terminated successfully.,16951,22154,603.4902,0,1,-0.2054,-0.5387,-0.7123,-0.1927,-1.2050,-0.2227,0.0782,0.9106,-0.0029,1.0969,-2.3415,0.6761,1.5950,2.9967,1.2483,1.3777
1440,True,Optimization terminated successfully.,16607,21794,655.0050,0,1,-0.1815,-1.2253,-0.0623,-0.7847,-0.1173,-0.2266,1.2654,0.0372,1.1198,-0.4608,-2.3010,-1.0595,2.8658,1.5840,3.6181,1.5447
1441,True,Optimization terminated successfully.,15672,20610,616.7607,0,1,0.1380,-0.0493,-0.1073,-0.2072,-1.4595,-0.7533,-0.8793,-0.1803,-0.1211,1.8346,-0.5355,2.3115,3.0245,2.9576,0.3308,0.7131
1442,True,Optimization terminated successfully.,18248,23930,1005.6309,0,1,0.0984,-0.8149,0.6699,-0.8590,-0.4286,-0.6607,0.5604,-0.9267,0.5762,1.1849,-0.8161,0.0004,4.3533,2.0071,1.7397,1.0109
1443,True,Optimization terminated successfully.,47642,61993,436.2016,0,1,-0.0541,-0.4640,-0.2781,-0.3047,-0.4960,-0.4420,-0.0354,0.4454,0.1510,0.1143,-1.5604,0.9553,2.4356,2.9077,2.8618,1.1545
1444,True,Optimization terminated successfully.,18942,24837,1573.8974,0,1,0.2829,-0.9378,-0.4636,-0.2585,-1.0937,-0.9500,0.5800,-0.0856,0.4480,2.0489,0.1653,-0.1582,2.6573,2.4357,0.4982,0.6285
1445,True,Optimization terminated successfully.,15966,20880,2842.1073,0,1,0.6327,-0.5809,-1.2125,-1.5586,-1.4797,-1.5099,-0.3388,1.1081,1.7388,2.6832,2.0636,1.1983,0.9325,0.2480,-1.5578,-0.1013
1446,True,Optimization terminated successfully.,23080,30139,467.2224,0,1,-0.3261,-1.0654,-0.7201,-0.3791,-1.4443,0.0258,1.1891,1.5819,0.6038,2.1823,-3.1480,-0.9398,0.7544,2.3886,-0.2077,1.8628
1447,True,Optimization terminated successfully.,13532,17705,1226.6374,1,0,-0.3874,-1.2072,-0.6052,0.3426,0.7114,0.1121,1.4729,1.1603,-1.2401,-1.3625,-3.4225,-1.3871,0.8844,4.4663,5.2174,1.9851
1448,True,Optimization terminated successfully.,8889,11787,2433.8173,1,0,-0.3074,-1.6880,-0.6178,-0.8040,0.6027,-0.0357,1.9848,-0.0529,0.2335,-2.1874,-2.9582,-2.3681,1.7175,1.8082,6.2375,1.7340
1449,True,Optimization terminated successfully.,8217,10953,5472.5990,0,1,0.1193,-0.5993,-0.5320,-0.1739,-0.5453,-0.6793,0.0793,0.8086,-0.9011,1.8159,-0.7386,1.0750,-0.9237,3.9618,-0.8321,1.0621
1450,True,Optimization terminated successfully.,11285,14857,579.9154,0,1,-0.1402,-0.7154,-0.4287,-0.5267,-0.8076,-0.2954,0.4711,0.5504,0.5863,0.8228,-2.0742,0.2587,1.8453,2.0707,2.0757,1.4364
1451,True,Optimization terminated successfully.,35068,45738,577.3227,0,1,-0.3952,-1.1590,-0.5569,-1.1240,0.2956,0.1159,1.3323,1.2953,2.3450,-0.7778,-3.4421,-1.1936,1.2088,-0.1726,4.2017,2.0024
1452,True,Optimization terminated successfully.,11935,15750,6198.8214,0,1,0.4914,-1.3243,-1.0196,-0.2106,-1.4728,-1.2947,0.6931,-0.0036,0.6100,0.8161,1.3366,-0.3479,1.1142,1.2364,-1.0051,0.1533
1453,True,Optimization terminated successfully.,10511,13864,3417.8058,0,1,0.4573,-1.2923,-0.4089,-0.7048,-1.8358,-1.2669,0.5487,-1.0324,-0.2256,1.1169,1.2098,-0.5587,3.6359,2.8509,-0.1562,0.0770
1454,True,Optimization terminated successfully.,8635,11430,4171.7879,0,1,0.1999,-1.0164,-1.0319,-2.1727,-0.7639,-0.7906,0.7446,0.2110,2.3232,1.3404,-0.3421,-0.2713,0.2383,-1.1014,0.7386,1.0228
1455,True,Optimization terminated successfully.,19146,25166,435.7872,0,1,-0.2377,-0.7427,-0.6537,-0.6596,-1.8297,-0.1207,0.6405,1.3219,1.1770,2.9454,-2.6551,-0.0317,1.0938,1.5050,-1.3211,1.6636
1456,True,Optimization terminated successfully.,28430,37047,661.6399,0,1,0.0597,-0.1007,0.4330,0.4445,-1.0382,-0.6358,-0.6842,-1.0969,-1.2156,1.3315,-0.9471,2.0469,4.6380,4.9933,0.7519,0.8671
1457,True,Optimization terminated successfully.,7880,10488,3572.7012,0,1,-0.0265,-1.2078,-1.0858,-0.6323,-1.3355,-0.5381,0.9296,0.1221,0.0269,1.0691,-1.3145,-0.2601,1.0300,2.0950,0.3605,0.8819
1458,True,Optimization terminated successfully.,17017,22303,741.7773,1,0,-0.0943,-0.7376,0.8808,0.4349,-1.5968,-0.3782,0.4462,-1.6301,-1.0918,2.2601,-1.7881,0.1858,5.3348,4.7849,-0.5470,1.2501
1459,True,Optimization terminated successfully.,18834,24704,2917.0000,0,1,-0.2567,-1.0115,-0.4559,-0.0265,-0.1347,-0.3038,0.4180,0.6736,-0.5069,0.6445,-2.1042,-0.0090,1.3029,4.0855,0.9776,1.0442
1460,True,Optimization terminated successfully.,9924,13080,5052.6518,0,1,-0.0254,-1.4230,-0.8075,-1.1283,-0.6484,-0.5182,1.1142,-0.4664,-0.1735,-0.7147,-1.3508,-1.1248,1.3445,2.1503,2.2968,0.9760
1461,True,Optimization terminated successfully.,12875,16962,1482.7136,0,1,-0.3084,-0.9505,-0.4524,-0.0617,-0.4612,-0.0122,1.0938,1.0504,0.4160,2.4771,-3.0167,-0.9093,1.8120,2.7404,-0.4391,1.8533
1462,True,Optimization terminated successfully.,9999,13175,1303.2955,0,1,-0.0663,-0.4562,-1.1660,-0.8939,0.4925,-0.4025,0.0264,0.6412,1.5322,-0.4031,-1.6934,0.7179,1.8443,0.6213,3.7957,1.2396
1463,True,Optimization terminated successfully.,9881,13092,3333.5032,0,1,-0.0873,-0.9149,-0.5128,-1.4107,-0.1462,-0.4031,0.6022,1.1456,0.0763,0.8342,-1.7236,0.0875,1.1859,1.9585,0.2539,1.1815
1464,True,Optimization terminated successfully.,12620,16596,819.8127,1,0,-0.3345,-1.2051,-0.6552,-0.9355,0.7804,0.0157,1.3105,1.1470,1.5723,-2.1357,-3.1071,-1.2166,1.3307,0.7953,6.0677,1.8483
1465,True,Optimization terminated successfully.,22098,28903,508.6458,0,1,-0.2891,-0.8408,-1.0434,0.2910,-1.2886,-0.0565,0.7418,2.0544,-0.5062,1.7534,-2.8671,-0.2116,-0.0707,4.0311,0.3008,1.7229
1466,True,Optimization terminated successfully.,18844,24719,579.5930,0,1,-0.2026,-0.9219,-0.6482,0.1288,-0.7149,-0.1981,0.8252,1.1867,-0.4415,0.7324,-2.4035,-0.3845,1.2003,3.8676,1.9279,1.5329
1467,True,Optimization terminated successfully.,11721,15473,900.3841,0,1,-0.4113,-0.8029,-0.1267,-0.8257,-1.1980,0.1156,0.6140,0.0036,1.1001,1.2591,-3.4922,-0.2175,2.9376,1.5023,0.6880,1.8348
1468,True,Optimization terminated successfully.,16961,22177,971.7304,1,0,0.1046,-0.7232,-0.6789,-1.5808,1.0592,-0.6836,0.4002,0.7125,2.3140,-2.9712,-0.7555,0.2175,2.0057,-0.6929,7.4358,0.9227
1469,True,Optimization terminated successfully.,8500,11275,6706.3604,0,1,0.2785,-1.0311,-0.9639,-0.8170,0.0748,-0.9748,0.2641,0.2121,0.4206,0.7917,0.2255,0.0103,1.8024,1.5417,-0.9860,0.4419
1470,True,Optimization terminated successfully.,21055,27486,497.1931,0,1,-0.1553,-0.8421,-1.1828,-0.5475,-0.1684,-0.2666,0.6615,2.1776,0.7253,-0.3574,-2.1508,-0.1129,-0.2176,2.0799,3.4800,1.4895
1471,True,Optimization terminated successfully.,17207,22548,654.3301,0,1,-0.0589,-0.9327,0.0035,-0.3736,0.1802,-0.4208,0.8060,-0.1394,0.3940,-1.1290,-1.6337,-0.3169,3.2176,2.5190,4.7272,1.2693
1472,True,Optimization terminated successfully.,8071,10704,3182.0515,0,1,-0.0523,-1.1346,-0.8785,-0.8409,-1.5391,-0.4350,1.0176,0.2774,-0.3494,0.3269,-1.5910,-0.6936,0.8107,2.7486,0.9129,1.2564
1473,True,Optimization terminated successfully.,15524,20352,2737.8829,0,1,0.5068,-0.9002,-1.0385,-1.1619,-1.4410,-1.3367,0.1370,-0.3482,0.9254,0.9411,1.4416,0.4757,2.5990,1.0082,0.5381,0.0241
1474,True,Optimization terminated successfully.,11084,14564,3117.7030,0,1,-0.0842,-0.8018,0.3590,-0.1031,-0.1459,-0.3783,0.7011,0.0117,-0.4795,-0.3258,-1.7803,0.2393,2.8595,3.7757,0.9906,1.3227
1475,True,Optimization terminated successfully.,8491,11241,1846.0737,0,1,0.2058,-1.1131,-1.0942,-0.8951,0.2962,-0.7737,1.0944,2.1150,0.9842,0.2749,-0.3836,-0.9154,-0.4853,1.2522,3.1307,1.0917
1476,True,Optimization terminated successfully.,14475,19020,1188.0240,0,1,0.0363,-0.8519,-0.8071,-0.6698,-1.7987,-0.5288,0.6935,1.2104,1.3484,1.8161,-1.2197,-0.0115,0.7678,0.9431,-0.2711,1.3513
1477,True,Optimization terminated successfully.,9368,12397,5591.8911,0,1,0.0785,-1.0082,-1.1535,-0.7242,-0.5691,-0.6378,0.6835,-0.6295,-0.3380,0.5183,-0.9100,-0.3994,1.3286,3.1071,0.3565,1.0340
1478,True,Optimization terminated successfully.,8515,11286,4633.3896,0,1,0.1377,-1.4216,-0.3728,-0.6600,-0.4425,-0.7122,1.4661,-0.1619,1.4511,2.2442,-0.6355,-1.2373,2.9480,0.2869,-1.9877,1.0356
1479,True,Optimization terminated successfully.,12801,16762,931.7715,0,1,0.0501,-1.1238,-0.5751,-0.1475,-1.0571,-0.5670,1.0986,0.9002,0.1267,1.5437,-1.1179,-0.9204,1.9198,2.9975,0.3569,1.1929
1480,True,Optimization terminated successfully.,10758,14238,7080.4132,0,1,0.1650,-0.9124,-0.4220,-0.5208,-0.8096,-0.7866,0.1074,-0.6249,-0.3504,-0.0701,-0.3814,0.3556,1.0247,2.7113,0.1869,0.8442
1481,True,Optimization terminated successfully.,10397,13737,4931.4289,0,1,0.2256,-1.2781,-0.8667,-1.3824,-0.9850,-0.9043,0.7983,0.1159,-0.2447,0.4816,-0.0407,-1.1434,0.6149,2.2858,1.9627,0.5364
1482,True,Optimization terminated successfully.,11855,15623,2681.5050,0,1,0.3512,-1.1893,-1.3446,-1.2563,-1.0814,-1.0454,0.9871,1.5299,1.2904,1.5024,0.4994,-0.8381,0.7591,1.0262,-0.5928,0.5911
1483,True,Optimization terminated successfully.,18096,23721,701.4545,0,1,-0.0762,-0.5411,-1.0040,-0.5389,-0.5088,-0.4056,0.1483,1.2753,0.3260,-0.7106,-1.7082,0.6440,1.0288,2.5494,3.5226,1.2352
1484,True,Optimization terminated successfully.,17041,22269,732.5894,0,1,-0.3548,-1.0860,0.0894,-1.2786,-0.1021,0.0533,1.2331,0.2806,2.3187,-0.3318,-3.2317,-0.9307,2.6201,-0.1449,3.4239,1.9055
1485,True,Optimization terminated successfully.,13901,18234,799.2170,0,1,-0.0816,-0.1646,-1.7036,-0.8396,-1.4941,-0.3932,-0.4434,3.2791,1.0549,2.3024,-1.7416,1.6973,-2.0362,1.4282,-0.3039,1.2658
1486,True,Optimization terminated successfully.,11633,15389,1638.5005,1,0,0.3176,-0.5750,-0.8471,-0.5964,-3.2962,-1.0230,-0.1863,0.5839,0.1913,5.3017,0.4012,1.0285,1.6756,2.6553,-5.0064,0.4797
1487,True,Optimization terminated successfully.,12684,16650,1767.6673,0,1,0.0927,-1.2804,-1.2017,-0.2256,-0.8636,-0.6732,1.1401,1.0967,-0.7480,-0.6822,-0.7909,-0.9667,0.9321,3.6718,3.0804,0.8697
1488,True,Optimization terminated successfully.,10367,13670,5140.9123,0,1,0.4892,-0.9743,-0.6320,-1.0172,-1.8942,-1.3285,0.1426,-0.1033,0.1482,0.9227,1.4091,0.4049,2.4100,1.7230,-1.5572,-0.0305
1489,True,Optimization terminated successfully.,20265,26582,3057.8305,1,0,0.6092,-0.8717,0.0230,0.5643,-1.1811,-1.4991,0.0702,-2.0629,-1.9383,0.8269,2.0204,0.4678,5.9070,5.5496,-0.0737,-0.1957
1490,True,Optimization terminated successfully.,24546,31950,2718.1441,0,1,0.2489,-0.4850,-0.2140,-1.1041,-0.9594,-0.8707,0.0084,0.1315,1.0905,1.0714,-0.1000,0.8468,2.9118,1.7089,-0.8987,0.8281
1491,True,Optimization terminated successfully.,32724,42550,852.3713,1,0,-0.3778,-1.0302,-1.9757,-1.2160,0.7686,0.1000,1.1376,3.7172,1.9702,-2.2383,-3.3893,-0.7554,-2.5321,0.2526,6.0063,1.9812
1492,True,Optimization terminated successfully.,23748,31110,836.0129,0,1,-0.2345,-0.9502,0.2903,0.5842,-2.0525,-0.1650,0.8888,-0.3089,-0.8928,3.3525,-2.5194,-0.5571,3.4819,4.4178,-1.7985,1.5572
1493,True,Optimization terminated successfully.,8232,10931,4672.9093,0,1,0.3643,-1.1260,-1.7324,-0.7925,-1.9285,-1.1510,0.4365,0.3298,-0.4545,1.6538,0.7707,-0.2285,0.9516,2.5113,-1.0262,0.1082
1494,True,Optimization terminated successfully.,11018,14600,5769.4458,0,1,-0.0206,-0.6667,-1.0677,-0.9194,-0.6136,-0.5087,0.1162,0.7088,0.7488,0.7502,-1.3622,1.2329,-0.4102,0.4182,-0.2861,1.1126
1495,True,Optimization terminated successfully.,9133,12136,4458.7384,0,1,-0.0999,-1.2193,0.4051,-0.7369,-0.9900,-0.3514,1.0122,0.5293,0.1406,0.0543,-1.8667,-0.4891,0.1298,2.3998,1.3498,1.4057
1496,True,Optimization terminated successfully.,12676,16655,2759.1318,0,1,0.3277,-1.1961,-0.7629,-0.3618,-0.6438,-0.9961,1.0732,0.4933,1.1047,0.7705,0.3335,-0.9988,2.1854,2.1804,0.4007,0.6624
1497,True,Optimization terminated successfully.,14786,19329,1435.3294,0,1,0.2121,-1.0914,-0.4861,-0.6098,-0.5806,-0.8304,0.8522,-0.1122,-0.0735,-0.8455,-0.2351,-0.5772,2.8930,2.8509,3.2027,0.7897
1498,True,Optimization terminated successfully.,19412,25347,934.6669,0,1,0.2541,-0.2171,-0.7993,-0.3916,-1.6783,-0.9211,-0.4573,1.2974,0.1466,2.7028,0.0563,1.7626,1.0221,2.9005,-1.2844,0.6304
1499,True,Optimization terminated successfully.,37161,48414,1376.1600,0,1,0.2322,-0.6495,-0.6833,-0.8907,-1.2978,-0.8770,-0.0616,1.6403,0.6317,1.4270,-0.1135,0.7395,0.8502,1.5025,0.0849,0.7136
1500,True,Optimization terminated successfully.,30001,39044,943.9063,0,1,-0.1219,-0.5367,-2.6277,-0.6936,-0.8146,-0.3196,0.2290,4.5265,1.2203,1.6519,-1.9817,0.7037,-3.7419,1.3629,0.5155,1.4018
1501,True,Optimization terminated successfully.,25520,33249,485.4411,0,1,0.0327,-0.3192,-0.5063,-0.9305,-0.2270,-0.5710,-0.3056,0.7690,1.3423,-0.4337,-1.1312,1.4312,1.8245,1.1365,3.6585,1.0364
1502,True,Optimization terminated successfully.,17270,22522,673.5503,0,1,-0.0667,-1.1259,-0.0477,-0.7896,-0.0493,-0.3972,1.1181,0.2576,1.1056,-0.7894,-1.6964,-0.9543,2.6621,1.5998,3.8997,1.3743
1503,True,Optimization terminated successfully.,17056,22320,959.2415,0,1,-0.0913,-0.4959,-1.9407,0.1357,-1.7446,-0.3535,0.1816,2.9682,0.2611,2.0617,-1.8633,0.7016,-1.4279,3.2442,-0.7055,1.3909
1504,True,Optimization terminated successfully.,16745,21937,643.6478,0,1,-0.0364,-0.6745,-0.4634,-0.6183,-0.9409,-0.4805,0.2310,0.2442,0.5372,-0.0013,-1.4443,0.4995,2.5976,2.2132,2.5501,1.1201
1505,True,Optimization terminated successfully.,17048,22469,804.2578,0,1,0.0919,-0.6436,-0.1739,0.1134,-1.1742,-0.6702,0.2029,-0.1434,-0.4787,1.2957,-0.7977,0.4664,3.5074,3.8378,0.4370,0.9272
1506,True,Optimization terminated successfully.,16933,22115,915.3006,0,1,-0.5289,-1.1144,-0.4843,-0.9555,-0.8390,0.3057,1.3401,0.2982,1.5351,0.7876,-4.1094,-1.1086,2.2770,1.0637,1.2623,2.1265
1507,True,Optimization terminated successfully.,11089,14616,602.5122,0,1,-0.1736,-0.7377,-1.8879,-1.0488,-0.1924,-0.2455,0.5369,3.0757,1.4114,-0.4560,-2.2249,0.1031,-1.5865,0.9827,3.7088,1.4772
1508,True,Optimization terminated successfully.,12670,16687,1745.9204,1,0,0.2241,-1.1838,-0.8530,1.3359,-1.0035,-0.8733,0.9186,0.0512,-3.1455,0.6558,-0.1125,-0.7169,2.4893,7.5320,1.2279,0.6643
1509,True,Optimization terminated successfully.,9628,12747,5010.2035,0,1,-0.0567,-0.5750,-0.0934,-1.1041,-0.9783,-0.4531,-0.2054,0.1337,0.4253,-0.6626,-1.5208,1.2009,0.5798,1.8834,1.2167,1.1496
1510,True,Optimization terminated successfully.,18789,24642,608.2313,0,1,-0.1833,-0.3992,-0.4744,-0.6913,-0.2335,-0.2221,0.0404,1.3908,0.9802,0.1711,-2.3198,0.9350,0.8867,1.8180,2.9503,1.5070
1511,True,Optimization terminated successfully.,16779,22073,555.4418,0,1,-0.4552,-0.8734,-0.7819,-0.3116,-0.7304,0.1876,0.9263,1.6928,0.4515,0.4785,-3.7074,-0.5202,0.3831,2.5971,2.2441,2.0359
1512,True,Optimization terminated successfully.,13518,17732,7036.7590,0,1,0.2139,-1.3507,-1.5185,-1.2329,0.4462,-0.9650,0.5639,0.0572,0.7146,-0.3194,0.0811,-0.7315,1.2515,0.0956,2.2668,0.0478
1513,True,Optimization terminated successfully.,12170,15990,956.5131,0,1,0.0628,-0.5019,0.0956,-0.2351,-1.8907,-0.6386,-0.1169,-0.7395,-0.2912,1.5952,-0.9193,1.0034,4.1538,3.5979,-0.3918,0.8582
1514,True,Optimization terminated successfully.,10483,13827,664.2023,0,1,0.0523,-0.7438,-0.8145,-0.8544,-1.6578,-0.5690,0.4903,0.9329,1.1386,2.5566,-1.1257,0.1685,1.5946,1.2730,-0.6165,1.1543
1515,True,Optimization terminated successfully.,9092,12057,4401.6874,0,1,0.2525,-1.1896,-2.0188,-1.3167,-1.0539,-0.9514,0.7306,0.7887,0.6217,0.3523,0.1131,-0.6036,0.3710,0.9359,1.0964,0.4240
1516,True,Optimization terminated successfully.,16832,22059,571.1025,0,1,0.0370,-0.1906,-1.3778,0.0072,-0.0866,-0.5544,-0.3627,2.3252,-0.2855,-0.2166,-1.1655,1.5587,-0.6383,3.5900,3.3876,1.1209
1517,True,Optimization terminated successfully.,26766,34957,1267.2045,0,1,-0.1240,-1.2894,-0.6492,-0.4308,-0.5436,-0.3166,1.2264,0.6319,0.8998,0.2076,-1.9715,-1.1778,1.4252,1.0890,2.7755,1.5055
1518,True,Optimization terminated successfully.,11832,15613,1424.8452,1,0,0.1317,-0.8804,-1.2731,1.6276,-0.5478,-0.7028,0.5773,2.0805,-3.4636,-0.0327,-0.6597,-0.1923,0.0779,8.4022,2.1247,0.9354
1519,True,Optimization terminated successfully.,17561,22930,861.1360,0,1,-0.1900,-1.2417,-0.5408,-0.7085,0.1785,-0.2224,1.3169,0.5598,1.6722,-0.8553,-2.3311,-1.2222,2.0314,1.1380,4.2258,1.4705
1520,True,Optimization terminated successfully.,20444,26759,4663.6064,0,1,0.5168,-0.9217,-1.1728,0.0856,-0.7621,-1.2749,0.3493,0.1966,-0.1966,0.6751,1.2793,0.0268,1.6629,3.9450,-0.5528,0.2544
1521,True,Optimization terminated successfully.,18672,24366,869.6446,0,1,-0.3210,-1.7805,-0.9004,-0.9057,-0.3453,0.0240,2.2652,1.7371,1.5107,0.1231,-3.1248,-2.7543,0.5646,1.0150,2.7205,1.9551
1522,True,Optimization terminated successfully.,22168,28929,1118.9953,0,1,0.1043,-0.4597,-0.2803,-0.2689,-1.0514,-0.6711,0.0819,-0.1956,-0.1628,2.0203,-0.8013,0.6386,3.6577,3.1813,-0.3813,0.9866
1523,True,Optimization terminated successfully.,7564,10082,5262.6880,0,1,-0.5986,-1.0058,-0.1695,-1.5858,-0.3806,0.4393,1.0207,1.3171,3.0140,1.1636,-4.5387,-0.3699,-0.8234,-1.3984,-0.8706,2.4220
1524,True,Optimization terminated successfully.,8825,11746,6127.4681,0,1,-0.0828,-0.9455,-1.7033,-1.0308,-0.7638,-0.3513,0.6400,0.3335,0.8911,0.1470,-1.8550,-0.8395,0.2551,1.4261,0.3125,1.4424
1525,True,Optimization terminated successfully.,15983,21047,1222.1376,1,0,0.0735,-0.7398,-1.1610,-1.3712,-2.6455,-0.6080,0.4439,1.8329,2.0737,5.0430,-0.9913,0.2441,0.2464,-0.1360,-4.4417,1.1176
1526,True,Optimization terminated successfully.,16682,21931,1039.2872,0,1,-0.1498,-0.2917,-0.3690,-1.4215,-1.0326,-0.2565,-0.0880,1.2507,2.0552,1.1705,-2.1664,1.2427,1.1359,0.2574,0.4044,1.5709
1527,True,Optimization terminated successfully.,22012,28741,468.6998,0,1,-0.2687,-0.9379,-0.2277,-1.0931,-0.1905,-0.0987,0.8908,0.6380,1.9716,-0.3714,-2.7327,-0.4906,2.1656,0.3603,3.5150,1.6754
1528,True,Optimization terminated successfully.,9805,12973,3356.5788,0,1,0.0302,-1.0470,-0.7891,-0.2680,-1.2514,-0.6180,0.7152,-0.7817,-0.7138,0.3920,-1.0410,-0.2912,2.9570,4.0424,0.2123,0.7496
1529,True,Optimization terminated successfully.,18636,24423,629.7473,0,1,-0.4402,-1.0682,-0.7476,-1.2571,-0.9120,0.1924,1.2484,1.9648,2.2295,0.5600,-3.6912,-0.9795,0.2839,0.1228,1.5449,2.0987
1530,True,Optimization terminated successfully.,6850,9162,2716.8153,0,1,0.4104,-0.6676,-0.5382,-0.9289,-2.1536,-1.1356,0.0689,0.4028,0.4792,1.2360,0.8271,0.5392,1.9250,2.4945,-0.9975,0.4691
1531,True,Optimization terminated successfully.,8694,11561,4827.1200,0,1,0.0222,-0.8999,-1.2356,-0.8470,-1.3421,-0.6223,0.1761,0.1032,0.1825,-0.1936,-1.0310,0.4968,1.2953,1.9925,0.3237,0.7134
1532,True,Optimization terminated successfully.,19156,25047,507.2461,0,1,-0.2344,-0.7683,-0.6580,-1.0820,-0.0288,-0.1454,0.6421,1.3332,1.9627,-0.4269,-2.5751,-0.0121,1.0145,0.2559,3.7104,1.6311
1533,True,Optimization terminated successfully.,18084,23738,609.1833,1,0,-0.0040,-0.6220,0.8522,0.0899,-0.7451,-0.5250,0.2002,-1.6808,-0.3942,0.1793,-1.3025,0.5821,5.3541,3.8427,2.4586,1.0724
1534,True,Optimization terminated successfully.,16991,22196,529.2386,0,1,-0.2415,-0.6517,-1.0112,-1.2307,0.2063,-0.1398,0.4248,1.9311,1.9484,-1.2259,-2.5984,0.2973,0.1674,0.2144,4.7341,1.6174
1535,True,Optimization terminated successfully.,8170,10811,4522.9537,0,1,0.0775,-1.3144,-1.5290,-1.1923,-0.6251,-0.7597,0.7191,0.6726,1.2822,0.0241,-0.6048,-0.3518,0.4380,-0.5522,2.5809,0.2750
1536,True,Optimization terminated successfully.,9577,12669,2365.6275,0,1,0.2046,-1.2082,-1.4785,-1.2002,-1.4699,-0.8178,1.0707,0.9101,1.1361,1.2000,-0.2722,-0.8328,0.3999,0.6674,0.7896,0.8847
1537,True,Optimization terminated successfully.,22230,29020,452.4559,0,1,-0.2853,-1.1513,-0.7502,-0.3367,0.0204,-0.0503,1.2834,1.5600,0.5743,-0.6686,-2.8765,-1.1014,0.8312,2.4288,3.9550,1.7838
1538,True,Optimization terminated successfully.,7742,10284,4524.5803,0,1,0.4123,-1.1538,-0.2191,-1.5596,-1.2869,-1.1516,0.7931,-0.1893,1.1415,1.2172,0.8528,-0.4558,0.8251,0.2510,1.2287,0.4541
1539,True,Optimization terminated successfully.,20825,27286,1016.5263,0,1,0.3133,-0.5777,-0.2651,-0.4853,-1.6267,-0.9836,0.1357,-0.1915,0.1313,2.6500,0.2886,0.6115,3.2478,2.8288,-1.0567,0.6396
1540,True,Optimization terminated successfully.,19495,25423,670.6793,0,1,-0.0706,-0.7104,-0.5081,-1.2690,-0.5267,-0.4116,0.3803,0.4400,1.9893,-0.3332,-1.6761,0.2291,2.5445,0.0683,3.2673,1.2200
1541,True,Optimization terminated successfully.,9383,12384,5010.8241,0,1,0.1547,-0.9719,-1.0534,-1.3148,-0.4757,-0.7604,0.4755,-0.2749,0.1814,0.4181,-0.4822,-0.4646,2.1861,2.1014,-0.0266,0.8283
1542,True,Optimization terminated successfully.,15393,20253,633.3819,0,1,-0.3132,-0.9412,-0.1213,-0.4213,-0.7010,-0.0116,0.9681,0.7569,0.6765,0.7793,-3.0140,-0.5528,1.8963,2.3299,1.9587,1.7977
1543,True,Optimization terminated successfully.,15574,20455,592.4029,1,0,-0.1051,-0.9375,-0.6315,-0.7616,0.3133,-0.3344,0.8066,1.0500,0.9888,-1.6509,-1.9194,-0.3688,1.2505,1.6617,5.2912,1.3919
1544,True,Optimization terminated successfully.,12749,16840,976.7588,0,1,-0.4985,-0.6517,-0.2034,-0.5103,-0.9208,0.3013,0.6894,0.8092,1.3848,2.0712,-4.0626,-0.0148,1.9299,1.2813,-0.2318,2.2569
1545,True,Optimization terminated successfully.,12413,16325,1046.3947,0,1,0.0395,-0.3215,-2.0308,-1.2779,-1.2383,-0.5708,-0.2455,3.3249,1.7888,1.6235,-1.1201,1.3884,-1.8866,0.3810,0.1076,1.0852
1546,True,Optimization terminated successfully.,23763,31023,536.4209,0,1,-0.2769,-0.7425,-1.2026,-0.6144,-1.3443,-0.0716,0.6293,2.2353,1.0357,2.0644,-2.8020,-0.0762,-0.3776,1.6215,0.0108,1.7361
1547,True,Optimization terminated successfully.,22419,29217,509.6115,0,1,0.0228,-0.5905,-0.5021,-0.0054,0.2624,-0.5510,0.1372,0.7576,-0.2504,-1.1746,-1.1898,0.6959,1.8862,3.5337,4.8065,1.0688
1548,True,Optimization terminated successfully.,8909,11799,3251.0049,0,1,0.5079,-1.2442,-0.5736,-1.3582,-1.4540,-1.3336,0.7399,-0.6546,1.1678,1.7990,1.4408,-0.4494,3.1980,0.5546,-0.5699,0.0505
1549,True,Optimization terminated successfully.,9149,12130,2163.9405,0,1,-0.3454,-1.6069,-0.6437,-0.9932,-1.0059,0.0188,1.8906,-0.5206,1.3624,0.1225,-3.1349,-2.2590,3.4262,0.6014,1.5201,1.7639
1550,True,Optimization terminated successfully.,12151,15938,821.4927,0,1,-0.1889,-0.5613,-0.9506,-1.7356,-1.4296,-0.2255,0.1397,1.7017,3.1624,0.9027,-2.2959,0.7365,0.3772,-1.4382,0.9608,1.5024
1551,True,Optimization terminated successfully.,9505,12648,5077.3804,0,1,0.0231,-1.3120,-1.2508,-0.7878,-1.1366,-0.5942,0.9451,0.3291,0.4143,-0.1924,-1.0863,-0.5098,0.0114,1.4162,1.5067,0.9111
1552,True,Optimization terminated successfully.,9112,12052,4450.0048,0,1,0.1793,-1.3400,-1.5532,-0.8795,-1.6923,-0.8477,0.8526,1.1255,0.1012,0.1634,-0.2114,-0.5765,-0.2958,2.0232,0.4846,0.5599
1553,True,Optimization terminated successfully.,21530,28078,912.5962,0,1,-0.5378,-1.7526,0.2611,-2.0189,-1.3435,0.3569,2.4037,-0.2994,3.6726,2.0380,-4.2539,-2.8716,3.5484,-2.3598,0.0203,2.3468
1554,True,Optimization terminated successfully.,11508,15155,1999.0913,0,1,-0.5621,-0.5401,-1.0212,-0.7623,-1.0484,0.3304,0.1768,2.8764,1.5271,0.1316,-4.2165,0.8093,-1.6173,0.8913,1.2453,2.0438
1555,True,Optimization terminated successfully.,15467,20257,2528.8515,0,1,-0.4751,-1.4247,-0.8822,-1.0323,-0.8818,0.2192,1.6046,0.4660,0.7534,-0.7310,-3.8204,-1.7196,0.9096,1.4033,2.8801,2.0114
1556,True,Optimization terminated successfully.,12515,16515,2113.3403,0,1,0.3970,-0.7166,-0.7845,-0.8491,-2.4446,-1.1647,-0.0623,-0.1083,0.5401,2.9498,0.8618,0.8818,2.2541,1.7397,-1.7901,0.2147
1557,True,Optimization terminated successfully.,10154,13353,4544.9497,0,1,0.1398,-0.5536,0.3570,-1.8406,-0.7541,-0.6897,0.2930,0.2857,1.2954,0.9757,-0.6771,0.6814,0.3139,0.6634,0.7001,1.1458
1558,True,Optimization terminated successfully.,10206,13458,1038.3708,0,1,-0.4203,-1.2165,-0.4845,-1.5528,-1.3884,0.1718,1.4767,0.9936,2.6468,0.8836,-3.6089,-1.4004,1.9237,-0.6553,0.4990,2.0802
1559,True,Optimization terminated successfully.,25851,33598,1241.2952,1,0,0.2270,-0.7586,0.9930,1.4962,-1.2131,-0.8679,0.1805,-2.0025,-3.2337,1.3942,-0.1272,0.4653,5.9784,8.0291,0.2698,0.6767
1560,True,Optimization terminated successfully.,8502,11334,6082.1166,0,1,-0.1143,-0.9309,-0.8328,-0.8610,-0.5945,-0.3875,0.2263,0.4984,0.6660,-0.5926,-1.7801,0.2844,1.2422,1.3200,0.1296,1.0742
1561,True,Optimization terminated successfully.,15765,20625,4031.3598,0,1,0.1179,-1.1049,-1.6252,0.6738,-0.9497,-0.6933,0.8747,1.5905,-0.6094,3.8166,-0.7203,-0.2659,0.1171,3.4767,-3.4719,0.9424
1562,True,Optimization terminated successfully.,12577,16518,1722.3832,0,1,0.2257,-1.0933,-0.2660,0.3404,-0.8716,-0.8389,0.9231,-0.3046,-0.8618,1.1896,-0.1972,-0.6615,3.7367,4.5178,0.3150,0.8734
1563,True,Optimization terminated successfully.,29631,38744,958.4757,0,1,-0.2007,-0.6379,-2.3229,-0.6237,-1.7537,-0.2102,0.4372,4.2552,0.5868,2.5654,-2.3456,0.3661,-3.3537,2.0035,-0.5073,1.5385
1564,True,Optimization terminated successfully.,9104,12079,5184.9658,0,1,0.2905,-1.2380,-1.1713,-0.2810,-1.2810,-0.9803,0.6805,-0.1284,-0.3230,0.9700,0.2732,-0.1530,0.6853,2.4056,-0.1912,0.5631
1565,True,Optimization terminated successfully.,11526,15150,617.0125,0,1,-0.2873,-1.2004,-1.6116,-1.0136,0.3782,-0.0579,1.3409,2.7585,1.6622,-1.3199,-2.8623,-1.1918,-0.9504,0.6582,4.9064,1.7646
1566,True,Optimization terminated successfully.,10400,13797,2261.2642,0,1,0.3626,-0.5418,-1.6835,-1.4128,-1.4677,-1.1055,-0.2948,1.3206,0.7555,1.0256,0.6602,1.0171,0.4082,1.0177,0.8082,0.2946
1567,True,Optimization terminated successfully.,8407,11196,3975.4150,0,1,-0.1792,-0.7383,-1.0236,-1.2831,-1.2360,-0.2723,0.1985,-0.4516,0.0574,1.6784,-2.1859,0.3728,1.7398,1.2709,-0.4944,1.3347
1568,True,Optimization terminated successfully.,8716,11589,4784.9850,0,1,-0.3400,-0.8892,-2.1324,-0.3304,-0.7531,-0.0444,0.5273,1.5670,1.2017,-1.0169,-2.9785,-0.0426,-1.0811,1.3072,1.9264,1.4537
1569,True,Optimization terminated successfully.,10078,13332,5698.6978,0,1,0.2029,-1.3919,-0.7185,-0.9820,-0.3789,-0.7769,1.4415,-0.9232,0.0109,0.4669,-0.3756,-1.6151,2.1960,2.4336,0.3176,1.0636
1570,True,Optimization terminated successfully.,7185,9622,5144.5870,0,1,0.1923,-1.2082,-0.9812,-1.8497,-0.1667,-0.7589,0.9534,0.3401,0.8670,-0.2000,-0.4409,-1.1154,1.4633,0.6735,0.9165,1.0511
1571,True,Optimization terminated successfully.,10070,13329,3164.5201,0,1,0.3227,-1.0068,-1.1661,-0.5042,-1.5421,-0.9943,0.6569,0.4694,0.1811,0.8875,0.3427,-0.0115,1.1799,2.3584,-0.4562,0.6549
1572,True,Optimization terminated successfully.,14296,18761,691.0563,0,1,-0.1655,-0.1605,-0.6400,-1.2921,-0.3454,-0.2859,-0.4423,1.0766,2.0069,-0.2445,-2.1147,1.6691,1.2051,0.0749,3.2730,1.3057
1573,True,Optimization terminated successfully.,19297,25326,677.6356,0,1,0.1188,-0.6715,-0.8061,-0.9648,-0.7547,-0.6971,0.3350,1.1149,1.1454,0.7620,-0.6916,0.3858,1.3168,1.2884,1.8112,0.9515
1574,True,Optimization terminated successfully.,8237,10942,3533.0108,0,1,0.2677,-0.6896,-1.5508,-1.8208,-1.6207,-0.9922,-0.2013,0.9644,1.1717,0.3581,0.2429,0.8281,-0.1170,0.1036,1.4951,0.3014
1575,True,Optimization terminated successfully.,15947,20886,582.4156,0,1,-0.2058,-0.7136,-1.1342,-1.2723,-1.0352,-0.1724,0.5863,2.2425,1.6954,0.8538,-2.4850,0.0798,-0.3935,0.4330,1.8203,1.6206
1576,True,Optimization terminated successfully.,15895,20856,533.0104,0,1,-0.4042,-0.9424,-1.7334,-0.4479,-1.5130,0.1352,1.1066,2.9794,1.1319,2.5023,-3.5311,-0.6840,-1.3128,1.4972,-0.7936,1.9952
1577,True,Optimization terminated successfully.,32850,42759,645.2661,0,1,-0.1865,-0.4970,-0.6850,-1.2421,-0.2637,-0.2597,0.0453,1.1291,1.7589,-0.3269,-2.2033,0.9101,1.3213,0.8847,3.5873,1.3909
1578,True,Optimization terminated successfully.,16484,21550,678.0804,0,1,-0.1081,-0.5303,-0.9973,-1.0343,-1.8983,-0.3397,0.0889,1.7375,2.0815,2.3587,-1.9198,0.7176,0.4261,0.3372,-0.7752,1.3618
1579,True,Optimization terminated successfully.,11712,15454,1266.3654,0,1,0.0956,-1.2378,-0.7709,-1.3289,-0.2104,-0.6291,1.2361,1.3016,2.1672,0.0983,-0.8895,-1.0790,1.2102,0.0739,2.7812,1.1947
1580,True,Optimization terminated successfully.,14966,19593,586.9793,0,1,-0.1293,-0.5858,-0.5856,-1.3786,-1.2858,-0.3203,0.2351,0.8000,2.0795,1.2932,-1.9836,0.5793,1.5493,-0.0337,1.0273,1.3649
1581,True,Optimization terminated successfully.,23187,30291,460.1270,0,1,-0.2025,-0.6408,-1.0585,-0.6935,-0.8748,-0.1759,0.4482,2.0344,1.0472,1.1090,-2.4559,0.2807,-0.0290,1.6180,1.4558,1.6186
1582,True,Optimization terminated successfully.,12944,17043,768.2241,0,1,0.1815,-0.2402,-1.3927,-0.0116,-0.6725,-0.8038,-0.3879,2.2455,-0.3241,0.1145,-0.3193,1.5879,-0.2739,3.7523,2.3692,0.7838
1583,True,Optimization terminated successfully.,6652,8825,4632.4366,0,1,-0.0375,-1.2000,-1.4479,-0.0283,-1.0971,-0.5404,0.5717,-0.1889,-0.0159,1.3921,-1.3114,-0.1187,1.7555,1.9794,-0.7932,0.6995
1584,True,Optimization terminated successfully.,12105,15952,492.8080,0,1,-0.2592,-0.8696,-0.0585,-0.8579,-0.5510,-0.0968,0.8265,0.3042,1.5572,0.3354,-2.7266,-0.3133,2.5712,0.9449,2.4684,1.7028
1585,True,Optimization terminated successfully.,26103,34048,675.8226,0,1,-0.1268,-0.9394,-0.5521,-1.0368,-1.0175,-0.2862,0.8918,0.5544,1.8415,1.3929,-2.0885,-0.5957,2.3367,0.4298,0.9031,1.5044
1586,True,Optimization terminated successfully.,18919,24828,797.0478,0,1,0.0169,-0.8843,-0.0960,-1.0711,-0.7330,-0.5439,0.6995,0.0772,1.6106,0.4702,-1.2139,-0.0411,2.9534,0.8973,1.6223,1.1332
1587,True,Optimization terminated successfully.,19946,26100,534.0509,0,1,-0.2811,-0.8643,-0.9864,0.2073,-1.4894,-0.0584,0.8527,2.0167,-0.4420,2.1428,-2.8519,-0.3764,0.0564,3.9116,-0.2380,1.7616
1588,True,Optimization terminated successfully.,13290,17477,1091.5670,0,1,0.2083,-0.7245,0.5581,0.0925,-0.3629,-0.8110,0.4118,-0.5311,-0.6315,-0.1243,-0.2822,0.4180,3.5156,4.3026,2.8229,0.9077
1589,True,Optimization terminated successfully.,17796,23323,1003.1515,0,1,0.2227,-0.7361,0.1214,0.2864,-1.2953,-0.8891,0.1525,-1.1682,-1.0446,1.4561,-0.0800,0.4291,4.7143,4.4150,0.6536,0.5616
1590,True,Optimization terminated successfully.,8034,10686,2776.9387,0,1,0.3565,-1.0511,-1.0852,-1.5325,-0.7412,-1.0850,0.5953,0.6624,1.2213,0.8945,0.5970,-0.1326,0.3980,0.6192,1.9783,0.3750
1591,True,Optimization terminated successfully.,9797,12948,1342.2546,0,1,0.0951,-0.8208,-1.1820,-0.7882,-0.3655,-0.6463,0.5196,1.1833,1.2734,1.3418,-0.8619,0.0890,1.1290,0.8684,1.4540,0.9997
1592,True,Optimization terminated successfully.,17178,22470,567.3706,0,1,-0.3514,-0.7878,-1.1535,-1.5717,-1.2056,0.0407,0.7449,2.0471,2.7582,1.8453,-3.2025,-0.2204,-0.1223,-0.8981,0.4116,1.8587
1593,True,Optimization terminated successfully.,20241,26546,942.8123,0,1,-0.2527,-0.6969,0.1810,0.2997,-0.3979,-0.1118,0.4963,0.0674,-0.5487,0.1183,-2.6777,0.3148,2.2809,3.9919,3.2323,1.6105
1594,True,Optimization terminated successfully.,21874,28624,619.5605,0,1,-0.4866,-1.0822,-2.4561,-1.4194,-1.3574,0.2606,1.3444,4.6215,2.5926,2.0221,-3.9427,-1.0719,-3.7406,-0.5603,0.0334,2.2021
1595,True,Optimization terminated successfully.,16930,22260,2483.6184,0,1,0.2280,-0.8175,-2.8561,-1.1741,-1.4408,-0.8880,0.2403,3.1906,0.9913,1.1216,-0.0826,0.3125,-2.1182,0.9365,0.1147,0.5662
1596,True,Optimization terminated successfully.,12309,16311,1454.7467,0,1,0.1756,-1.1036,-0.2385,-0.4428,-1.1212,-0.7833,0.8218,0.4081,0.2301,0.8721,-0.3894,-0.3198,2.5530,2.8919,0.4967,0.8508
1597,True,Optimization terminated successfully.,7726,10247,3557.4226,0,1,0.2561,-1.0912,-1.0962,-2.2548,-0.9745,-0.8740,0.9729,0.7411,1.9224,1.7159,-0.0613,-0.5117,0.9733,-1.0156,-0.5797,0.9096
1598,True,Optimization terminated successfully.,14664,19316,893.7540,0,1,-0.1250,-0.3569,0.0637,-2.6402,-0.9722,-0.3275,-0.1656,-0.2600,4.1951,1.1368,-1.9636,1.2504,3.1998,-3.1613,1.1764,1.3614
1599,True,Optimization terminated successfully.,16148,21191,600.8946,0,1,-0.2615,-1.3617,-1.2458,0.1444,-0.5775,-0.0908,1.5865,2.0735,-0.2553,0.0646,-2.7472,-1.6137,-0.0352,3.5848,2.7817,1.7337
1600,True,Optimization terminated successfully.,29664,38649,1520.1351,1,0,0.4511,-0.9752,0.3622,0.8825,-0.4651,-1.2196,0.5412,-1.2628,-2.3280,-0.2924,1.0758,-0.1122,4.7538,6.6831,2.5647,0.2781
1601,True,Optimization terminated successfully.,15744,20668,1081.2278,0,1,0.0845,-0.8335,-0.1211,0.4876,-0.5873,-0.6595,0.4769,-0.8656,-0.9972,1.3422,-0.8365,0.0153,4.2356,4.5322,1.1097,0.8973
1602,True,Optimization terminated successfully.,17847,23598,1517.2965,0,1,0.2486,-0.5424,-0.6996,-1.9664,-0.3686,-0.8609,0.1112,1.9204,2.8315,-0.0300,-0.1034,0.8550,0.3651,-1.2225,2.4155,0.8801
1603,True,Optimization terminated successfully.,9912,13086,5396.7280,0,1,0.1276,-0.7692,-0.5776,-1.2148,-1.9250,-0.7698,-0.2115,0.0963,0.1361,0.2560,-0.5004,1.0593,1.0230,1.4967,-0.1489,0.6221
1604,True,Optimization terminated successfully.,21355,28063,529.9022,0,1,-0.0122,-0.5497,-1.0801,0.1909,-0.3484,-0.5029,0.0704,1.7423,-0.5902,0.0675,-1.3676,0.8106,0.4280,4.0061,3.0227,1.0752
1605,True,Optimization terminated successfully.,13582,17823,1792.7561,0,1,0.4514,-0.9174,0.1716,-1.4224,-1.0729,-1.2139,0.4005,-0.7535,1.5873,1.0585,1.0641,0.0934,4.1762,0.5835,0.5755,0.3259
1606,True,Optimization terminated successfully.,36446,47445,564.8876,0,1,-0.0184,-0.4369,-0.1338,-0.2975,-1.1872,-0.4974,-0.0470,-0.0987,0.2368,1.6120,-1.3764,1.0606,3.0807,2.7614,0.6650,1.0984
1607,True,Optimization terminated successfully.,10162,13467,2212.3336,0,1,0.1025,-0.7634,-1.2281,-0.9105,-1.6352,-0.7269,0.1138,0.1139,0.4377,0.8709,-0.6531,0.6214,2.1759,1.8640,0.1902,0.6339
1608,True,Optimization terminated successfully.,28826,37484,879.2637,0,1,-0.2598,-0.7661,-0.2818,-1.2896,-0.0130,-0.1667,0.5498,0.1953,1.8247,-0.5482,-2.5251,-0.1710,2.3112,0.3982,4.0477,1.4279
1609,True,Optimization terminated successfully.,12178,16007,2955.3772,0,1,0.1980,-1.2723,-0.6307,-1.1254,0.1893,-0.7872,1.2042,0.2179,0.5935,1.0306,-0.3708,-1.0233,1.4249,2.1421,1.2055,0.9662
1610,True,Optimization terminated successfully.,21214,27722,520.2491,0,1,-0.2173,-0.5756,-0.6610,-0.7892,-1.6232,-0.1773,0.3032,1.2089,1.3708,2.4087,-2.4512,0.5035,1.2361,1.2119,-0.5996,1.5639
1611,True,Optimization terminated successfully.,8471,11232,5721.4641,0,1,-0.0340,-0.9986,-1.0896,-0.6933,-0.6149,-0.5145,0.5694,-0.1165,-0.2475,-0.4641,-1.3872,0.0244,1.5238,2.6562,0.4414,0.9310
1612,True,Optimization terminated successfully.,9589,12727,3085.4690,0,1,-0.1313,-0.9157,-0.6227,-0.7489,-1.8913,-0.3263,0.6628,1.1165,-0.2451,0.6949,-1.9701,0.0776,0.1765,2.9040,-0.3416,1.3514
1613,True,Optimization terminated successfully.,44550,58045,930.4793,0,1,-0.4807,-1.3125,-0.7763,-0.3899,-0.9570,0.2288,1.7591,2.5870,0.1596,1.0518,-3.8378,-1.8181,-0.8494,2.7848,1.4955,2.1448
1614,True,Optimization terminated successfully.,16161,21198,567.8010,0,1,-0.2779,-1.2927,-0.3451,-0.5195,-0.1671,-0.0649,1.4944,0.7524,1.1911,-0.4780,-2.8373,-1.4450,1.9086,1.4797,3.7486,1.7578
1615,True,Optimization terminated successfully.,9114,12088,3166.4353,0,1,0.1783,-0.9811,-1.5505,-1.2042,-1.8844,-0.8319,0.4576,1.1425,0.9434,0.8537,-0.2723,-0.0468,1.0586,0.8181,-0.6174,0.6153
1616,True,Optimization terminated successfully.,21966,28734,718.5182,0,1,-0.3613,-0.7852,-2.3798,-1.6703,-0.9336,0.0793,0.7429,4.4024,2.8772,1.0604,-3.3111,-0.2353,-3.5142,-1.2893,1.5275,1.9379
1617,True,Optimization terminated successfully.,8562,11321,2881.2023,0,1,0.0888,-0.9856,-2.5533,-1.3225,-0.3179,-0.6938,0.4798,2.3487,1.2958,-0.2201,-0.7692,-0.3675,-0.8403,0.0705,2.9504,0.7078
1618,True,Optimization terminated successfully.,30147,39318,460.9790,0,1,-0.2525,-1.0643,-1.1422,-0.3030,-0.6381,-0.1055,1.1335,2.1345,0.5749,0.5557,-2.7087,-0.8435,-0.0900,2.3704,2.2817,1.7095
1619,True,Optimization terminated successfully.,13200,17426,2727.0735,0,1,-0.1676,-0.9027,-1.3301,-0.8318,-1.1178,-0.2582,0.6784,1.9512,1.2315,0.3556,-2.1845,-0.0389,0.1855,1.1945,-0.2303,1.4200
1620,True,Optimization terminated successfully.,12730,16713,2853.3302,0,1,-0.0261,-1.5702,-0.1862,0.0621,-0.9326,-0.4444,1.8666,-0.3408,-0.7464,2.0524,-1.5292,-1.9854,1.7063,3.6960,0.5052,1.4333
1621,True,Optimization terminated successfully.,14381,18920,470.2240,0,1,-0.0292,-0.5520,-1.1374,-0.2584,-0.8676,-0.4702,0.1703,1.9927,0.0861,0.8483,-1.4635,0.6292,0.0311,2.9830,1.6828,1.2310
1622,True,Optimization terminated successfully.,8844,11704,862.8557,0,1,-0.4583,-0.7809,-0.9757,0.5317,-2.2659,0.2084,0.7951,1.8696,-0.0578,4.1291,-3.7739,-0.3386,0.0953,3.7732,-3.1106,2.0477
1623,True,Optimization terminated successfully.,19518,25504,528.5169,0,1,-0.2318,-0.8534,-0.6541,-0.0492,-1.3911,-0.1392,0.8311,1.0130,-0.0671,2.2348,-2.5911,-0.2857,1.2862,3.1693,0.0338,1.6703
1624,True,Optimization terminated successfully.,9581,12677,2752.5947,0,1,0.1033,-1.3098,-1.6763,-1.1819,-1.3709,-0.7048,0.9866,1.0756,0.7158,0.5764,-0.7077,-1.0230,0.1744,1.0801,1.6224,0.8021
1625,True,Optimization terminated successfully.,14124,18566,994.2972,0,1,-0.2472,-1.0470,-0.5310,-0.3070,-0.7366,-0.1454,0.9515,0.8912,0.1415,-1.0485,-2.5879,-0.6991,1.3801,3.0465,3.7163,1.5467
1626,True,Optimization terminated successfully.,15370,20163,1733.7718,0,1,0.0034,-1.2874,0.1339,-0.6757,-1.1827,-0.5088,1.3258,-0.6815,1.1192,-0.1909,-1.3191,-1.2214,3.6960,1.7995,1.8199,1.2004
1627,True,Optimization terminated successfully.,19575,25677,862.4666,0,1,-0.1663,-1.0032,-1.9247,-0.4440,-0.0578,-0.2324,1.0527,3.5008,1.0281,0.1279,-2.2720,-0.5873,-2.2655,1.6835,3.1673,1.5652
1628,True,Optimization terminated successfully.,31852,41452,484.8998,0,1,-0.1945,-0.7547,-0.3980,-0.9059,-1.1309,-0.2177,0.5216,0.6077,1.5163,1.3417,-2.3387,0.1126,2.1720,0.9344,0.9510,1.4897
1629,True,Optimization terminated successfully.,19306,25196,3971.1512,0,1,0.1306,-0.9860,-1.4936,-0.2126,-1.4420,-0.7912,0.7211,-0.1704,-0.8165,0.7117,-0.4056,-0.2802,1.1638,3.6978,0.6722,0.6169
1630,True,Optimization terminated successfully.,9777,12923,4866.4823,0,1,0.0985,-1.0386,-0.6085,-0.2707,-1.7696,-0.6971,0.6701,-0.1335,0.7736,2.4491,-0.7276,-0.0585,0.5420,0.4698,-0.1111,0.8054
1631,True,Optimization terminated successfully.,9573,12658,7226.9324,0,1,0.0283,-1.0566,-0.7469,-0.9680,0.6231,-0.5597,0.7019,-0.0653,0.4417,0.2154,-1.1684,-0.1667,0.0416,1.4450,1.2203,1.0820
1632,True,Optimization terminated successfully.,25613,33413,846.9569,1,0,0.0402,-0.7998,-0.7978,-0.5593,0.8752,-0.5849,0.4984,0.7237,0.9783,-2.7506,-1.0983,0.0575,1.8688,1.3300,7.0590,0.9929
1633,True,Optimization terminated successfully.,13485,17632,565.7051,0,1,-0.3013,-0.7836,-1.1642,-0.5671,-0.3042,-0.0433,0.6697,2.0403,0.9470,-0.2231,-2.9336,-0.0747,-0.0463,1.7115,3.3488,1.7219
1634,True,Optimization terminated successfully.,18523,24187,792.2288,0,1,-0.1837,-1.2372,0.2493,-0.2555,-0.8379,-0.2171,1.3255,-0.5726,0.5888,0.4813,-2.3290,-1.2484,3.6885,2.4563,2.2367,1.5440
1635,True,Optimization terminated successfully.,24782,32375,585.0450,0,1,-0.1396,-0.5824,0.2466,0.0508,-1.8277,-0.2965,0.2251,-0.4272,-0.3068,2.8640,-2.0800,0.5484,3.6615,3.5527,-1.3340,1.3723
1636,True,Optimization terminated successfully.,12065,15957,2250.1355,0,1,-0.0446,-0.2431,-0.8197,-1.0117,-0.3381,-0.4524,-0.3087,1.0721,2.0070,2.6942,-1.5549,1.3303,1.6377,0.0754,-0.9505,1.1396
1637,True,Optimization terminated successfully.,10934,14439,4634.7629,0,1,-0.2360,-0.4622,-0.8422,-1.2933,-0.5359,-0.1378,0.1264,1.3321,1.5018,0.2188,-2.5968,1.0998,0.4198,0.0478,-0.3471,1.6680
1638,True,Optimization terminated successfully.,8521,11316,1542.4101,0,1,0.1636,-0.8517,-1.3226,-1.0946,-2.3899,-0.7734,0.4432,0.9949,1.0952,3.1291,-0.4536,0.1365,1.1679,0.8849,-1.8536,0.7874
1639,True,Optimization terminated successfully.,29925,39044,1145.5486,0,1,0.1797,-0.6953,-1.3564,-1.7927,-1.4413,-0.7941,0.2182,2.3619,2.4669,1.9282,-0.3554,0.6252,-0.6471,-0.9647,-0.2886,0.8242
1640,True,Optimization terminated successfully.,18768,24578,564.0633,0,1,-0.2280,-0.6024,-0.5739,-1.0623,-0.0232,-0.1455,0.4166,1.4941,1.8976,-0.5575,-2.5545,0.4566,0.6672,0.2509,4.1479,1.6186
1641,True,Optimization terminated successfully.,22773,29679,2098.1790,0,1,0.2748,-1.0148,-1.0171,-0.3673,-1.7597,-0.9476,0.4977,0.1728,-0.6445,1.6689,0.1458,-0.3102,2.2839,3.8719,-0.5666,0.5484
1642,False,Maximum number of iterations has been exceeded.,50000,64709,1338.8158,0,0,-0.2325,-1.3036,-2.3683,0.4518,-0.6862,-0.1519,1.4663,4.7518,-0.0683,1.5438,-2.5069,-1.4294,-4.0610,3.3560,1.0956,1.6514
1643,True,Optimization terminated successfully.,19664,25711,1917.1651,1,0,0.5373,-1.1056,0.2972,0.9162,-0.7957,-1.3596,0.6188,-0.9548,-2.3186,1.0454,1.5598,-0.3176,4.2938,6.4460,1.1281,0.0935
1644,True,Optimization terminated successfully.,23452,30486,463.0066,0,1,-0.3445,-1.0465,-1.0948,-0.5157,-0.4364,0.0307,1.1089,2.0425,0.9223,0.2120,-3.1650,-0.8321,0.0221,1.9048,2.7023,1.8441
1645,True,Optimization terminated successfully.,6798,9061,4167.4496,0,1,-0.0860,-1.1475,-1.9110,-0.8609,-0.7165,-0.4413,0.5880,0.7545,0.3729,-0.8732,-1.6448,-0.4885,0.7495,1.0085,2.7460,0.9448
1646,True,Optimization terminated successfully.,15467,20287,6722.4262,0,1,0.2069,-0.9844,-1.7438,-1.1517,0.4038,-0.9050,0.2465,-0.1762,1.1633,-0.0467,-0.0772,-0.0632,0.4316,-0.3047,2.9249,0.3773
1647,True,Optimization terminated successfully.,7627,10247,5510.2769,0,1,0.3277,-1.0536,-1.4279,-0.5991,-1.6394,-1.0480,0.5884,-0.2968,0.8567,0.6245,0.4855,-0.3330,1.8300,1.7388,-0.8194,0.4217
1648,True,Optimization terminated successfully.,8243,10902,4396.0125,0,1,-0.1064,-0.9089,-0.9312,-0.8466,-0.9707,-0.3579,0.7779,0.1284,0.9411,1.5395,-1.8470,0.2372,0.4133,0.8371,-0.5041,1.3629
1649,True,Optimization terminated successfully.,6438,8617,6167.4238,0,1,0.0937,-1.2028,-0.4019,-0.5896,-0.1696,-0.6905,0.7985,-1.2675,0.0541,0.1313,-0.7326,-0.2998,1.7827,2.4054,0.9349,0.7907
1650,True,Optimization terminated successfully.,10319,13565,2065.5375,0,1,0.0508,-0.1391,-0.4459,-0.8506,-1.3697,-0.6897,-1.0342,-0.5307,0.7108,0.6837,-0.7963,2.3466,3.7197,1.0090,0.7951,0.5241
1651,True,Optimization terminated successfully.,12776,16832,652.3865,0,1,-0.2421,-0.8398,0.4423,-1.2988,-1.0139,-0.1284,0.7045,-0.6611,2.0022,1.1735,-2.6241,-0.2156,3.8369,0.0428,1.3142,1.6367
1652,True,Optimization terminated successfully.,19924,26066,4225.7117,0,1,0.4065,-1.1561,-0.8692,-0.9382,-0.2202,-1.1280,0.7137,-0.1746,0.0368,-0.8735,0.7270,-0.4059,2.0828,0.8445,2.9178,0.3041
1653,True,Optimization terminated successfully.,12229,16087,1150.4375,0,1,-0.0324,-0.4723,-2.0840,-0.8087,-1.2336,-0.4604,0.0717,2.9852,1.0408,2.7539,-1.5165,0.8587,-1.5352,1.4768,-0.8659,1.2020
1654,True,Optimization terminated successfully.,9169,12209,4208.0082,0,1,-0.6340,-0.8310,-0.3907,-1.4587,0.1088,0.4531,0.6481,1.0411,1.5657,-1.0348,-4.6152,-0.1182,-0.8093,0.1724,3.8563,2.2810
1655,True,Optimization terminated successfully.,21411,27957,771.2039,1,0,-0.8683,-1.3926,-1.1328,-1.0715,-1.4473,0.8796,2.0540,3.3179,2.8019,2.9101,-6.0257,-2.1902,-1.9503,-0.8567,-0.9663,3.0113
1656,True,Optimization terminated successfully.,16539,21682,721.7162,0,1,-0.1730,-1.0214,-1.3705,-1.6768,-0.7754,-0.1996,1.0879,2.6158,2.7912,1.3796,-2.3631,-0.7743,-0.7922,-1.0031,1.1266,1.7104
1657,True,Optimization terminated successfully.,17626,23038,671.4096,0,1,-0.2367,-0.6392,-0.5439,-1.5038,-2.0880,-0.1404,0.4424,0.7793,2.3282,3.3096,-2.5828,0.2704,1.8712,-0.3982,-1.8737,1.6171
1658,True,Optimization terminated successfully.,21812,28559,537.3828,0,1,-0.0932,-0.3180,-1.2501,-1.1531,-0.6623,-0.3721,-0.1587,2.0588,1.8999,0.3845,-1.7965,1.2348,-0.0669,0.4499,2.3411,1.3163
1659,True,Optimization terminated successfully.,20040,26179,2470.4595,0,1,0.4166,-0.9663,-0.8005,-0.9181,-0.7949,-1.1597,0.5021,-0.7384,0.2231,0.4933,0.8713,-0.2741,3.6788,2.1033,1.1493,0.3491
1660,True,Optimization terminated successfully.,6958,9287,1842.2600,0,1,0.2534,-0.7114,-0.1279,-2.2415,-1.1716,-0.8798,0.3616,-0.0279,2.7323,0.8593,-0.0388,0.3225,1.9543,-1.4587,1.9101,0.8595
1661,True,Optimization terminated successfully.,14129,18741,5443.2681,0,1,-0.0673,-1.0345,-0.8715,-0.3823,0.7905,-0.5375,0.6990,0.3266,-0.4922,0.0985,-1.3457,-0.8400,0.2719,2.3534,3.1064,0.8234
1662,True,Optimization terminated successfully.,12015,15742,762.0553,0,1,0.0553,-0.4542,-0.1909,-0.8262,-1.4626,-0.5936,-0.0457,0.1630,0.7778,1.3762,-1.0364,0.9037,2.9923,1.9969,0.2994,1.0667
1663,True,Optimization terminated successfully.,9960,13129,3831.3848,0,1,0.2155,-1.2364,-0.3851,-0.7701,-1.3523,-0.8487,1.0311,0.1548,-0.6729,0.8356,-0.1512,-0.7050,0.5943,2.9185,1.0886,0.7823
1664,True,Optimization terminated successfully.,10437,13814,2190.2498,0,1,0.3205,-1.2438,-0.9620,-1.1441,-0.3555,-0.9821,1.1385,1.4234,1.6555,0.7560,0.2995,-0.7241,0.8551,0.1630,1.2855,0.6881
1665,True,Optimization terminated successfully.,21914,28575,863.7695,1,0,-0.4016,-1.1372,-0.2963,1.0694,-1.2550,0.1358,1.3030,0.8893,-1.8087,1.7320,-3.5305,-1.1616,1.3984,6.0395,0.2885,2.0079
1666,True,Optimization terminated successfully.,18160,23727,882.7992,0,1,0.1804,-0.6902,-0.1487,-0.1376,-1.4962,-0.7930,0.2011,-0.3550,-0.6115,1.1189,-0.3764,0.5833,3.4108,3.9459,0.5936,0.7992
1667,True,Optimization terminated successfully.,9922,13126,3837.0116,0,1,0.5572,-1.1168,-1.3073,-1.5311,-1.7616,-1.3821,0.5662,0.5962,1.1255,0.9699,1.6432,-0.2310,0.7950,0.7185,-0.1349,0.1254
1668,True,Optimization terminated successfully.,12338,16219,1053.5424,0,1,0.1273,-0.6480,-1.7725,-1.1181,-1.5079,-0.6959,0.2771,2.6823,1.2612,2.2585,-0.6929,0.4581,-0.8687,1.1358,-0.5309,0.9887
1669,True,Optimization terminated successfully.,34115,44296,728.1312,0,1,-0.0512,-0.6591,-0.9108,-0.8480,-1.1483,-0.3839,0.2355,1.9086,1.2312,1.6784,-1.7335,0.2934,0.3154,1.4572,0.3985,1.3895
1670,True,Optimization terminated successfully.,16632,21788,546.9217,0,1,0.1310,-0.4878,-0.6784,0.2649,-0.3870,-0.7093,-0.0017,1.1467,-0.8347,0.1945,-0.6438,1.0205,1.2790,4.3491,2.7962,0.9333
1671,True,Optimization terminated successfully.,28024,36449,499.6260,0,1,0.1606,-0.3291,-0.3492,-0.4014,0.2118,-0.7723,-0.2741,0.3672,0.3061,-1.0810,-0.4490,1.3609,2.5003,2.7149,4.5632,0.7706
1672,True,Optimization terminated successfully.,21212,27785,700.2985,0,1,-0.1719,-0.8875,-0.9168,0.2691,-1.6521,-0.2451,0.6326,1.7159,-0.4719,2.8228,-2.2208,-0.1326,0.6359,3.9182,-1.0268,1.4654
1673,True,Optimization terminated successfully.,13599,17902,1118.4503,0,1,0.1773,-0.7157,-0.4133,-0.6213,0.1122,-0.7580,0.4051,0.7715,1.2731,-0.0029,-0.4841,0.3107,2.1133,1.5092,2.8045,0.9615
1674,True,Optimization terminated successfully.,17583,23057,789.4356,0,1,-0.4685,-1.2860,0.3316,-0.9550,-1.7650,0.2523,1.6346,-0.0380,2.0534,2.6379,-3.9090,-1.5848,3.0581,-0.1508,-0.6037,2.1728
1675,True,Optimization terminated successfully.,13468,17739,934.4621,0,1,-0.1207,-0.6872,-1.2314,-0.4433,-0.8554,-0.3326,0.3111,1.5908,0.9769,1.2125,-1.9694,0.2720,1.2105,1.6633,0.4845,1.3170
1676,True,Optimization terminated successfully.,21770,28409,604.2484,1,0,-0.2151,-0.7884,-1.6637,-1.1876,0.4615,-0.1554,0.6784,3.0708,1.9804,-1.5343,-2.5387,-0.0855,-1.4992,0.2771,5.2382,1.6643
1677,False,Maximum number of iterations has been exceeded.,50000,65030,583.8686,1,0,-0.7833,-1.8913,-1.5880,-0.6691,-1.6969,0.7511,2.8774,3.2543,1.8957,3.0387,-5.5787,-3.5389,-1.8659,0.6573,-1.2219,2.9263
1678,True,Optimization terminated successfully.,16719,21830,1651.2231,0,1,0.2688,-0.8900,-1.5478,-1.1901,-0.5679,-0.9544,0.4104,1.7810,0.9576,-0.2990,0.1501,0.0492,0.4103,1.2047,2.7083,0.5269
1679,True,Optimization terminated successfully.,20051,26233,712.0255,0,1,0.0895,-0.1581,-0.0752,-1.7216,-0.3867,-0.6861,-0.5935,-0.4260,2.3718,-0.5710,-0.7912,1.8348,3.3286,-0.6541,3.7713,0.8293
1680,True,Optimization terminated successfully.,17383,22723,2065.1900,0,1,0.2793,-0.9168,-1.4311,-0.8511,-1.9179,-0.9315,0.5424,1.8162,0.5402,1.7587,0.1120,0.0006,0.3416,2.0738,-1.2583,0.6946
1681,True,Optimization terminated successfully.,8935,11785,4363.7662,0,1,0.2326,-1.5964,-1.1838,-1.5237,-1.1024,-0.9027,1.4350,-0.1485,1.4029,0.5440,-0.0176,-1.4947,2.3248,-0.2212,0.3193,0.5601
1682,True,Optimization terminated successfully.,17542,23036,482.0957,0,1,-0.4579,-1.3463,-0.3229,-0.8472,-0.6471,0.2223,1.6928,1.0501,1.7099,0.6730,-3.7931,-1.6834,1.5307,0.7286,2.0314,2.1264
1683,True,Optimization terminated successfully.,9996,13189,5074.9302,0,1,0.1211,-1.1460,0.4063,-0.6343,-1.1906,-0.6740,0.9943,-0.2254,-0.2209,0.7243,-0.7649,-0.3829,0.9560,2.7142,0.2814,1.1774
1684,True,Optimization terminated successfully.,13393,17605,510.6788,0,1,-0.4113,-1.1377,-1.1101,-0.9994,-0.6797,0.1446,1.3255,1.9203,1.9108,0.4397,-3.5511,-1.2092,0.2347,0.2769,2.3794,1.9882
1685,True,Optimization terminated successfully.,20513,26866,1032.5968,0,1,-0.1509,-0.5365,-1.5873,-1.0993,-1.7756,-0.3182,0.0482,3.2634,1.6576,1.6776,-2.0136,0.9524,-1.9993,0.7255,0.0523,1.2713
1686,True,Optimization terminated successfully.,16474,21684,542.9609,0,1,-0.2634,-0.8757,-0.7081,-1.2630,-1.3252,-0.1006,0.8448,1.1887,2.2428,2.1227,-2.7138,-0.2697,1.2914,-0.2467,-0.0478,1.6927
1687,True,Optimization terminated successfully.,8747,11580,7267.2748,0,1,0.0622,-0.9269,-0.5047,-0.9754,-0.7511,-0.7026,0.1778,-0.0687,-0.2414,-0.0134,-0.7637,0.6388,1.1261,1.8936,-0.4097,0.5551
1688,True,Optimization terminated successfully.,18839,24627,742.7533,0,1,-0.1909,-0.7315,-1.7201,-1.4107,-0.4404,-0.2180,0.5797,2.7333,2.1430,-0.3272,-2.3158,0.1106,-0.9664,-0.3390,3.0927,1.5233
1689,True,Optimization terminated successfully.,12576,16514,663.8970,0,1,0.0851,-0.8344,-0.7417,-0.6363,-0.4334,-0.6322,0.5259,0.7713,0.4719,-0.3006,-0.9202,-0.0266,1.6254,2.3694,3.2677,1.0613
1690,True,Optimization terminated successfully.,12845,16878,858.5610,0,1,0.0624,-0.1440,-0.2823,-0.9208,-2.5536,-0.6183,-0.5941,0.2548,0.9473,3.9670,-0.9716,1.8827,2.6155,1.5082,-3.1260,0.9659
1691,True,Optimization terminated successfully.,17510,22988,353.3034,0,1,-0.3217,-0.9549,-0.3878,-1.0450,-0.8707,-0.0147,1.0285,0.7169,1.9405,0.9225,-3.0254,-0.6763,1.9892,0.3063,1.7264,1.7865
1692,True,Optimization terminated successfully.,9333,12383,3566.2945,0,1,0.2439,-1.0198,-1.7578,-0.9735,-1.3785,-0.8865,0.6909,1.5956,-0.0742,-0.1543,-0.0475,-0.4487,-0.5317,2.8173,0.9707,0.7312
1693,True,Optimization terminated successfully.,43415,56419,521.3369,0,1,0.0992,-0.1775,-0.1690,0.0396,-1.1320,-0.6839,-0.5704,0.0874,-0.4363,1.3549,-0.7820,1.8114,2.8202,3.8039,0.9306,0.8709
1694,True,Optimization terminated successfully.,14601,19177,3064.2276,0,1,0.2696,-1.3151,-1.1012,0.1644,-0.2893,-0.8968,1.2496,1.0871,-0.7326,0.1738,0.0329,-1.1299,1.4547,3.9814,0.7335,0.8488
1695,True,Optimization terminated successfully.,21211,27740,719.4799,0,1,0.0347,-1.0131,0.0014,0.3067,-1.2108,-0.5647,0.8073,-0.0475,-0.9097,1.2705,-1.1412,-0.4317,3.2013,4.5012,0.6215,1.0818
1696,True,Optimization terminated successfully.,8153,10878,5587.9269,0,1,0.1920,-0.9633,-1.1398,-0.8061,-1.0070,-0.8203,0.5522,0.3835,0.0813,0.4057,-0.2800,0.3919,-0.0350,1.7964,0.1942,0.7657
1697,True,Optimization terminated successfully.,12290,16100,3788.4690,0,1,0.1191,-0.8843,-1.8064,-1.1424,-1.3177,-0.7101,0.3359,2.6275,0.3666,-0.1112,-0.6595,0.0613,-1.4252,2.2336,0.1730,0.8400
1698,True,Optimization terminated successfully.,16103,21072,2546.2589,0,1,0.0952,-0.7177,-1.7958,0.1139,-1.0313,-0.6650,0.3911,1.1311,-0.0764,-0.0853,-0.8021,0.3327,0.5725,3.4687,1.0573,0.9490
1699,True,Optimization terminated successfully.,11350,14961,818.5625,0,1,0.0832,-0.3091,-1.3210,-0.6801,-1.6045,-0.6286,-0.1843,2.0000,1.2367,2.4327,-0.9213,1.2119,-0.0112,1.6501,-0.7425,1.0421
1700,True,Optimization terminated successfully.,19849,25902,601.3774,0,1,-0.0687,-0.8816,-0.6212,-0.6696,-1.3561,-0.3809,0.8055,1.1522,1.0082,1.9683,-1.7486,-0.3691,1.5395,1.7532,-0.0690,1.4069
1701,True,Optimization terminated successfully.,13082,17368,6030.0235,0,1,0.2894,-1.0969,-0.9461,-0.6469,-1.3218,-1.0110,0.5028,-0.9922,0.0173,-0.4668,0.3375,-0.3017,2.2840,2.2224,0.8778,0.3484
1702,True,Optimization terminated successfully.,17491,22941,714.1567,0,1,-0.1517,-0.2690,-0.7443,-1.3976,-0.4668,-0.2681,-0.1518,1.5182,2.3985,0.5013,-2.1436,1.2678,0.5871,-0.5324,2.4286,1.4890
1703,True,Optimization terminated successfully.,7291,9721,5244.9978,0,1,-0.1026,-1.0092,-0.5858,-0.4114,-1.2295,-0.3845,0.6103,0.3353,0.2974,0.4091,-1.7653,0.3741,0.0921,1.4490,0.1925,1.2850
1704,True,Optimization terminated successfully.,15744,20667,1604.3593,1,0,0.5298,0.3734,-1.8517,1.1959,-2.1707,-1.3753,-1.7542,2.1347,-3.0175,3.0456,1.5695,3.6606,-0.8526,7.3725,-1.8990,-0.0565
1705,True,Optimization terminated successfully.,10344,13654,4628.5368,0,1,0.2797,-0.9542,-0.1061,0.1550,-0.8385,-0.9341,0.5529,-0.1011,0.8378,0.1510,0.1273,0.0106,2.7535,2.4149,-0.3080,0.7183
1706,True,Optimization terminated successfully.,8618,11430,7201.5931,0,1,0.2354,-1.2407,-1.0335,-0.2698,-0.9907,-0.9443,0.5444,-0.6786,-0.8895,1.2403,0.0753,-0.1242,0.9662,3.1201,-0.9677,0.3839
1707,True,Optimization terminated successfully.,15951,20825,633.9343,0,1,-0.1178,-0.7781,-1.0905,-0.6901,-0.4619,-0.3195,0.5660,1.7497,1.5041,-0.1830,-1.9526,0.0398,0.5518,1.3324,3.0077,1.4182
1708,True,Optimization terminated successfully.,9085,11989,2433.7014,0,1,-0.2107,-0.8304,-1.0307,-0.7223,-1.6464,-0.2003,0.4868,0.7582,0.9791,0.4750,-2.4102,-0.0087,1.4319,1.7714,0.0256,1.4820
1709,True,Optimization terminated successfully.,16729,21789,562.9122,0,1,-0.0762,-0.7238,-1.1161,-0.7335,-1.0032,-0.3847,0.5133,1.9975,1.0745,1.2745,-1.7508,0.1162,0.0939,1.4894,1.0968,1.3565
1710,True,Optimization terminated successfully.,14856,19528,2494.3120,0,1,-0.4617,-0.9574,-0.3377,-1.3336,-0.2239,0.1847,1.0369,0.4068,1.5143,-0.1759,-3.7125,-0.5326,0.6006,0.0252,3.6465,1.9200
1711,True,Optimization terminated successfully.,22519,29332,1713.3971,0,1,0.1725,-1.2853,-0.6615,-0.5517,0.4699,-0.7624,1.1596,1.2132,0.8523,-0.1883,-0.4650,-0.9817,1.1744,1.9503,2.9990,0.9888
1712,True,Optimization terminated successfully.,9984,13165,4461.9889,0,1,-0.3561,-0.6326,-0.9658,-1.8768,-0.3121,0.0051,-0.0183,0.2156,1.2950,0.7850,-3.1217,0.5005,0.4318,0.3382,0.9824,1.5971
1713,True,Optimization terminated successfully.,9587,12690,4627.5665,0,1,0.1821,-0.9445,-0.8241,-0.9679,-1.0188,-0.8493,0.2651,0.4689,-0.2968,0.0981,-0.2152,0.5964,1.3939,2.2587,-0.1391,0.6137
1714,True,Optimization terminated successfully.,10273,13572,512.3585,0,1,-0.3429,-1.0093,-0.7948,-0.9327,-0.4004,0.0452,1.1370,1.7378,1.9412,0.8095,-3.1941,-0.7762,0.4604,0.4395,2.1219,1.9230
1715,True,Optimization terminated successfully.,16069,21023,654.8415,0,1,-0.2547,-0.6237,-2.0828,-0.7976,-1.0053,-0.1135,0.3975,3.7022,1.2491,1.4133,-2.6880,0.3971,-2.5821,1.2386,0.9053,1.6413
1716,True,Optimization terminated successfully.,13470,17709,922.7623,0,1,0.2211,-0.2998,-0.1424,-0.1570,-1.3785,-0.8791,-0.4388,0.1130,-0.4710,0.3112,-0.1195,1.7020,2.8782,3.6890,1.4382,0.5892
1717,True,Optimization terminated successfully.,23003,29994,654.7181,0,1,-0.3466,-0.7766,-0.4480,-0.3212,-0.9306,0.0092,0.6212,1.0435,0.4920,0.9631,-3.1057,-0.1102,1.4403,2.3564,1.5334,1.7275
1718,True,Optimization terminated successfully.,12424,16337,1909.1156,0,1,0.2035,-0.7173,-0.8040,-1.1275,-0.0347,-0.8555,0.4588,1.1739,1.0855,0.5901,-0.1886,0.5654,1.1823,1.2492,1.7722,0.6196
1719,True,Optimization terminated successfully.,12227,16055,5757.8864,0,1,0.2384,-1.3467,-0.9852,-0.9634,-0.7350,-0.9294,0.8605,-0.6465,-0.0922,0.0531,0.0581,-0.7088,2.2553,2.0359,0.1161,0.4575
1720,True,Optimization terminated successfully.,9336,12409,7165.0067,0,1,-0.0121,-1.0518,-0.7574,-0.7577,-0.2462,-0.5174,0.5586,0.1228,0.1109,-0.0912,-1.3210,-0.0475,0.3362,2.4747,-0.0124,1.0422
1721,True,Optimization terminated successfully.,14971,19596,600.7278,0,1,-0.1880,-0.7523,-1.7648,-0.1212,-0.8134,-0.2142,0.4985,3.3757,-0.2066,0.4430,-2.3426,0.1586,-2.0280,3.4394,2.1277,1.5394
1722,True,Optimization terminated successfully.,23207,30343,650.7968,0,1,-0.2697,-0.7300,-0.5359,-0.8928,-0.3877,-0.0931,0.5485,1.5416,1.4478,-0.5688,-2.7511,0.0531,0.7174,1.3842,3.3667,1.7137
1723,True,Optimization terminated successfully.,20139,26323,1799.0009,0,1,0.2589,-1.0495,-0.9621,-1.0195,-0.8309,-0.8938,0.9220,1.1988,1.3129,1.9411,0.0129,-0.3970,0.7209,1.1906,0.1271,0.8416
1724,True,Optimization terminated successfully.,24603,32097,576.8787,0,1,-0.0906,-0.8179,-0.4645,-0.5590,-0.4120,-0.3788,0.6678,0.8279,0.8009,0.2356,-1.7712,-0.0655,1.7235,1.9568,2.8049,1.3313
1725,True,Optimization terminated successfully.,18577,24257,1517.2586,1,0,-0.0886,-0.9335,-0.4101,0.8102,-1.5996,-0.4051,0.5530,0.9863,-2.0918,0.6470,-1.7214,0.0867,0.5637,6.0067,1.2584,1.1958
1726,True,Optimization terminated successfully.,21766,28640,2692.7829,0,1,0.3385,-1.5665,0.4092,-0.1784,-1.1760,-1.0743,0.9067,-1.2110,-0.4100,0.8030,0.5123,-1.0446,4.9061,3.0405,1.8160,0.1930
1727,True,Optimization terminated successfully.,13374,17543,763.1341,0,1,0.0107,-0.4668,-1.2905,0.1112,-1.0773,-0.5373,-0.0656,2.0780,-1.0318,0.4821,-1.2403,0.9335,-0.2215,4.7079,1.6300,1.0314
1728,True,Optimization terminated successfully.,29925,39001,774.7138,0,1,-0.3927,-1.0527,-2.3469,-0.9025,-0.0764,0.1067,1.0818,4.1312,1.5065,-0.7622,-3.4087,-0.6907,-3.1679,0.9581,4.0088,1.9507
1729,True,Optimization terminated successfully.,23614,30825,1096.8733,0,1,-0.1824,-0.0611,-0.6164,-1.3527,-1.5634,-0.2471,-0.6083,0.6943,2.7590,3.0350,-2.2460,1.8890,2.0046,-0.6419,-1.7728,1.3932
1730,True,Optimization terminated successfully.,16408,21526,678.0713,0,1,-0.2441,-0.7890,-0.2381,-0.1657,0.2323,-0.1290,0.6284,0.4121,0.2191,-1.2261,-2.6298,-0.0771,2.3756,2.9473,4.7146,1.6047
1731,True,Optimization terminated successfully.,13177,17332,2476.8529,0,1,0.0557,-1.2402,-1.0049,-1.0322,-1.2249,-0.6109,1.0690,0.2952,0.8080,-0.4227,-1.0173,-0.8729,2.1267,1.2809,1.9571,0.9660
1732,True,Optimization terminated successfully.,16574,21703,539.9140,0,1,-0.1967,-0.7529,-0.7033,-0.2522,-1.7450,-0.2114,0.5651,1.1952,0.2581,2.1621,-2.3472,0.0179,1.0486,2.7829,-0.2012,1.5183
1733,True,Optimization terminated successfully.,23323,30506,439.7964,0,1,-0.4927,-1.2426,-1.4639,-1.1536,-0.8042,0.2721,1.5883,3.0021,2.2967,1.1036,-3.9488,-1.4714,-1.3365,-0.1261,1.5701,2.2338
1734,True,Optimization terminated successfully.,16115,21154,1102.3339,0,1,0.0670,-1.0713,-1.7017,-0.8655,0.1533,-0.6070,0.9045,2.3285,1.1736,-0.5783,-0.9887,-0.6946,-0.3189,1.2192,3.9426,1.0513
1735,True,Optimization terminated successfully.,34075,44360,1164.7539,0,1,-0.4320,-1.7568,0.1450,-1.5403,-1.3262,0.1595,2.3695,0.0454,2.8603,1.0036,-3.6181,-2.8402,2.9128,-1.0595,0.9176,2.0253
1736,True,Optimization terminated successfully.,17410,22835,855.3969,1,0,-0.3473,-1.4602,-0.0274,-0.8895,0.5362,0.0487,1.7776,0.2373,1.6049,-1.9360,-3.2308,-1.9163,2.5496,0.8406,5.5425,1.9026
1737,True,Optimization terminated successfully.,16552,21774,635.2659,0,1,-0.3350,-1.3314,-0.8839,-0.1666,0.2080,0.0164,1.5831,1.5782,0.4226,-1.3353,-3.1144,-1.5986,0.5060,2.6015,4.7695,1.8400
1738,True,Optimization terminated successfully.,13424,17628,5017.8312,0,1,-0.1646,-0.9676,-1.6689,0.2616,-0.6963,-0.3747,0.2647,0.4998,-0.0593,0.1686,-1.9034,0.3966,0.6433,2.7434,0.4874,0.8242
1739,True,Optimization terminated successfully.,12135,15937,601.4076,0,1,-0.1121,-1.1854,-0.4629,-0.6357,-0.3320,-0.3236,1.1823,0.6977,1.1704,-0.1384,-1.9491,-0.9673,1.7927,1.5413,3.1408,1.4293
1740,True,Optimization terminated successfully.,16372,21453,814.2406,0,1,-0.1348,-0.4477,-1.4974,-1.7146,-0.5662,-0.3037,0.0423,2.7909,2.8099,0.5901,-2.0345,1.0037,-1.1774,-1.1185,2.0490,1.4244
1741,True,Optimization terminated successfully.,14427,18986,1717.0679,0,1,0.3931,-0.6884,-0.5355,-0.4193,-2.1060,-1.1387,0.0491,0.9912,-0.7997,2.8106,0.8121,0.8797,1.2321,3.7056,-1.7697,0.3464
1742,True,Optimization terminated successfully.,16316,21421,638.9030,0,1,-0.6048,-1.2217,-1.0033,-0.1699,-1.7710,0.4606,1.5905,2.4991,0.4194,2.5724,-4.6141,-1.5228,-0.9564,2.5147,-0.6176,2.4362
1743,True,Optimization terminated successfully.,14827,19440,2420.8719,0,1,0.3182,-0.9571,0.1875,-1.2577,-0.6686,-0.9702,0.7448,-0.0569,1.6020,-0.0815,0.2820,-0.1777,3.1249,0.8369,1.2557,0.7771
1744,True,Optimization terminated successfully.,13026,17116,1621.8843,0,1,0.0604,-1.5745,-1.0265,-1.0776,-0.9049,-0.5912,1.7388,0.8833,1.5792,0.4872,-1.0438,-1.9464,1.1978,1.1351,1.5209,1.1340
1745,True,Optimization terminated successfully.,8611,11398,3712.0303,0,1,0.1793,-0.9141,-1.5390,-1.1544,-1.4518,-0.8407,0.2213,0.2581,0.1488,0.5722,-0.2538,0.4313,1.0173,1.5808,0.3292,0.5434
1746,True,Optimization terminated successfully.,16581,21796,4202.3158,0,1,0.2939,-0.7869,-1.9233,-0.6245,-2.1525,-1.0187,-0.0033,1.1745,-0.5519,1.1738,0.3515,0.4418,-0.3465,3.3055,-0.8126,0.3490
1747,True,Optimization terminated successfully.,12381,16316,1314.4269,0,1,0.2938,-0.5608,-1.3396,-0.8006,-1.0552,-0.9558,-0.0095,2.3648,1.2969,1.4949,0.2060,0.9682,-0.8965,1.0550,0.9834,0.7111
1748,True,Optimization terminated successfully.,16281,21323,509.8463,0,1,-0.3601,-1.1786,-0.9814,-1.3713,-0.6937,0.0669,1.3712,1.9890,2.3726,0.3106,-3.2878,-1.2261,0.1486,-0.4923,2.5970,1.9463
1749,True,Optimization terminated successfully.,17591,23040,1958.6281,0,1,0.0848,-0.9225,-1.3057,0.1762,-1.7927,-0.6817,0.4252,0.8454,-0.1639,0.6310,-0.7530,-0.0952,0.8452,3.3969,1.0843,0.8073
1750,True,Optimization terminated successfully.,16192,21359,1021.7377,0,1,-0.0521,-0.4197,-1.7538,-1.0695,-1.2111,-0.4553,-0.1286,2.5810,1.2531,0.7046,-1.5489,1.0230,-0.5735,0.9792,1.1791,1.1580
1751,True,Optimization terminated successfully.,12416,16343,4463.2802,0,1,0.0908,-1.1143,0.1189,-1.4886,-1.3104,-0.6341,0.8972,0.3307,1.0502,0.6243,-0.8742,-0.3461,0.4872,1.3024,0.3192,1.1213
1752,True,Optimization terminated successfully.,13059,17192,1446.8724,0,1,0.1834,-0.3941,-1.5464,-1.0853,-0.4252,-0.7860,-0.1831,3.0993,2.3002,0.8849,-0.3828,1.1900,-1.7867,-0.4819,2.4033,0.9012
1753,True,Optimization terminated successfully.,8627,11467,2495.3904,0,1,0.2148,-1.0841,-0.5415,-1.0539,-1.3963,-0.8515,0.7282,-0.0502,-0.4067,0.8463,-0.1704,-0.1921,2.2553,2.5995,0.4829,0.7418
1754,True,Optimization terminated successfully.,13042,17192,1590.1940,0,1,0.1646,-1.1635,-0.2033,-0.8034,-0.9765,-0.7258,1.1427,0.1705,1.1351,1.4307,-0.5619,-0.9879,2.9679,1.7907,0.0233,1.0782
1755,True,Optimization terminated successfully.,10523,13897,3445.0853,0,1,0.3187,-1.3751,-0.5234,-1.0936,-0.7403,-1.0485,0.9211,0.3848,0.2758,1.3953,0.4630,-0.5361,1.0964,0.9697,1.1101,0.3811
1756,True,Optimization terminated successfully.,12518,16452,1394.1938,0,1,-0.1463,-0.9309,-1.0495,-1.8968,-0.8449,-0.2870,0.8226,0.8872,2.4932,0.1896,-2.1132,-0.4942,2.0178,-0.9282,1.4817,1.4120
1757,True,Optimization terminated successfully.,19098,24853,768.8006,0,1,0.0901,-0.5884,-1.3021,-0.8407,-0.3497,-0.6462,0.2670,1.9984,1.1958,0.1434,-0.8526,0.6010,0.0586,1.4280,2.7290,1.0199
1758,True,Optimization terminated successfully.,8649,11461,6529.9828,0,1,0.3473,-0.9040,-1.1547,-1.1996,-0.6142,-1.1009,0.3211,-0.2994,0.2363,-0.1871,0.6356,0.4439,1.4569,1.4859,0.2488,0.2289
1759,True,Optimization terminated successfully.,6659,8916,3874.1252,0,1,-0.0183,-1.1887,-1.3286,-0.8104,-1.5263,-0.4963,1.0502,0.2635,-0.0760,-0.1348,-1.3846,-0.9880,0.9104,2.5391,1.1857,1.1303
1760,True,Optimization terminated successfully.,9458,12496,6460.0201,0,1,-0.1846,-1.1354,-1.0376,-0.6058,-0.0854,-0.2984,0.6707,0.4373,0.3403,0.0338,-2.1247,-0.0069,0.6662,1.1733,-0.0128,1.1302
1761,True,Optimization terminated successfully.,21263,27804,737.4932,0,1,-0.2394,-1.2620,-1.2498,-0.1900,0.0955,-0.1356,1.4154,2.0499,0.1937,-1.0922,-2.6016,-1.3257,-0.1400,2.8322,4.6680,1.6362
1762,True,Optimization terminated successfully.,8252,10991,1316.4660,0,1,0.0949,0.2102,-1.7555,-1.4641,-1.8968,-0.6819,-1.1660,2.8874,1.7338,2.5777,-0.7666,2.8898,-1.4937,0.2644,-1.3837,0.8908
1763,True,Optimization terminated successfully.,12951,17024,891.2782,0,1,-0.2097,-0.5849,-0.8884,-0.4165,-0.7245,-0.2129,0.1413,0.7289,0.0801,-0.0878,-2.3888,0.6033,1.3468,2.6697,3.0153,1.3807
1764,True,Optimization terminated successfully.,19806,25826,2558.4701,1,0,-0.1124,-0.7943,-2.7086,-0.8529,-0.3585,-0.2973,0.6623,5.0137,1.2654,0.0699,-2.0209,-0.0517,-4.3375,1.7321,0.8413,1.5418
1765,True,Optimization terminated successfully.,22456,29381,542.6372,0,1,-0.3135,-1.0412,-1.0014,-0.8406,-1.4722,0.0002,1.1601,2.0809,1.4599,2.4112,-3.0474,-0.8189,-0.2316,0.9767,-0.1500,1.8838
1766,True,Optimization terminated successfully.,27195,35541,458.5536,0,1,-0.0654,-0.5839,-0.7269,-0.2119,-0.2402,-0.4205,0.1805,1.2050,0.0169,-0.0959,-1.6375,0.6784,1.2660,3.1212,3.2217,1.2339
1767,True,Optimization terminated successfully.,13007,17187,2160.7713,0,1,0.1235,-0.9971,-0.2281,-1.1993,-1.4306,-0.7413,0.5117,-0.9482,0.2084,0.8729,-0.5562,-0.1028,3.8007,2.1840,0.2827,0.7874
1768,True,Optimization terminated successfully.,10640,14100,3238.5401,0,1,-0.1815,-1.0243,-1.5374,-0.1564,-1.8784,-0.3433,0.3850,0.5793,-0.8429,1.8907,-2.0032,-0.0920,1.2426,3.3657,-1.1829,0.9077
1769,True,Optimization terminated successfully.,18350,23985,552.6129,0,1,0.0252,-0.4926,-0.6985,0.1293,0.2942,-0.5660,-0.0040,1.1906,-0.4415,-1.0899,-1.1576,0.9029,1.2997,3.8177,4.8000,1.0533
1770,True,Optimization terminated successfully.,8986,11969,7346.8620,0,1,0.2646,-1.3454,-0.6181,-1.3776,-0.7499,-0.9470,0.9598,-0.8213,1.4372,0.4923,0.1454,-0.5873,1.1947,-0.8795,0.5819,0.6063
1771,True,Optimization terminated successfully.,9743,12864,6757.5513,0,1,0.3694,-0.7772,-1.1729,-0.7858,-0.9319,-1.1162,-0.0090,-0.1222,-0.1368,0.7291,0.7110,0.7911,0.7147,2.2451,-1.0972,0.3476
1772,True,Optimization terminated successfully.,21730,28509,603.3981,0,1,-0.2192,-0.8118,-0.1098,-0.1197,-1.8562,-0.1699,0.6895,0.3549,0.0174,3.0056,-2.4997,-0.1487,2.4740,3.1760,-1.4735,1.5869
1773,True,Optimization terminated successfully.,13753,17941,1033.0603,0,1,-0.0212,-0.8823,-0.7543,-0.2875,-1.3288,-0.4910,0.6544,0.5420,-0.5025,1.0872,-1.4196,-0.2261,2.0852,3.9512,0.3313,1.1660
1774,True,Optimization terminated successfully.,16554,21721,844.4187,0,1,-0.1993,-0.2611,-0.9003,-0.7632,-1.8919,-0.2172,-0.2312,1.4736,1.0696,3.2173,-2.3459,1.2969,0.7719,1.4859,-1.7674,1.4415
1775,True,Optimization terminated successfully.,21202,27650,1437.7481,0,1,0.2478,-1.0354,-0.4264,-0.9237,-1.8197,-0.9183,0.6834,-0.1631,0.7501,1.8492,0.0483,-0.2376,2.9244,1.7825,-0.3927,0.6274
1776,True,Optimization terminated successfully.,9401,12471,5449.4758,0,1,0.1085,-1.1217,-0.8656,-1.4284,-0.5427,-0.7256,0.6038,0.5574,0.6443,-1.0144,-0.6259,0.0638,-0.5220,0.8853,2.8684,0.7935
1777,True,Optimization terminated successfully.,8927,11810,4368.3309,0,1,0.3388,-0.8836,-0.8774,-0.8015,-1.8834,-1.0515,0.3386,-0.3044,-0.7050,0.9652,0.4964,0.1706,1.8541,3.2845,-0.8942,0.4827
1778,True,Optimization terminated successfully.,19101,24981,507.0769,0,1,-0.2605,-0.4937,-0.9431,-1.1476,-1.2541,-0.1045,0.2572,1.9077,2.0498,1.7121,-2.7004,0.6462,0.1510,0.1748,0.5201,1.6731
1779,True,Optimization terminated successfully.,14451,18888,631.0792,0,1,-0.0602,-0.2532,-0.5036,-1.2716,-1.6199,-0.4299,-0.2704,0.5251,1.7533,2.2771,-1.6270,1.3464,2.1778,0.3538,-0.4511,1.2352
1780,True,Optimization terminated successfully.,17280,22614,567.1192,0,1,-0.1020,-0.3811,-0.2760,-1.1389,-1.6978,-0.3641,-0.0422,0.5308,2.0102,2.5373,-1.8285,1.0118,2.2116,0.3200,-0.7564,1.3185
1781,True,Optimization terminated successfully.,16119,21191,580.0628,0,1,-0.2341,-0.7043,-1.6769,-0.6723,-1.2399,-0.1446,0.5457,3.0845,0.9907,2.1020,-2.5931,0.1576,-1.6125,1.6598,0.0335,1.6483
1782,True,Optimization terminated successfully.,13796,18079,1730.0184,1,0,0.2246,-1.0810,0.5542,-1.0834,-0.2489,-0.8725,0.7331,-1.9069,1.1319,-1.0971,-0.1202,-0.5569,5.9711,1.2825,3.5412,0.6815
1783,True,Optimization terminated successfully.,43896,57001,797.9714,0,1,-0.2456,-0.7201,-2.3930,-0.0671,0.0332,-0.1372,0.4340,3.7362,0.1880,-0.2692,-2.6039,0.2012,-2.5592,3.3696,3.3299,1.5933
1784,True,Optimization terminated successfully.,20298,26470,755.7885,0,1,-0.0377,-0.2204,-0.9486,-1.7657,-0.2270,-0.4684,-0.4026,1.3977,2.7249,-0.3637,-1.4845,1.6145,0.8305,-1.1161,3.5896,1.1228
1785,True,Optimization terminated successfully.,27134,35313,571.7311,0,1,-0.1039,-0.5234,-0.2436,0.0780,-1.5622,-0.3530,0.2117,0.4752,-0.2797,2.3505,-1.8873,0.6358,2.1957,3.6716,-0.4470,1.3345
1786,True,Optimization terminated successfully.,10061,13322,1676.9320,0,1,-0.0755,-0.8397,-0.7171,-0.8249,-2.2745,-0.4280,0.3677,0.3556,0.8756,1.8462,-1.6502,0.0468,2.6613,1.4375,-1.2187,1.1529
1787,True,Optimization terminated successfully.,8917,11771,4187.3174,0,1,-0.2536,-0.6608,-0.7751,-1.4522,-1.7373,-0.1734,0.0405,0.3722,0.5218,0.2304,-2.5222,0.5054,0.8702,1.4772,0.3831,1.3470
1788,True,Optimization terminated successfully.,12101,15939,1550.6559,0,1,0.0310,-0.6605,-0.5859,-0.7897,-0.6211,-0.6055,0.1115,0.0973,0.6973,-1.5034,-1.0550,0.5334,2.4848,0.9880,4.8443,0.8506
1789,True,Optimization terminated successfully.,10411,13769,1601.2539,0,1,0.4044,-1.0809,0.0264,-0.9379,-0.5360,-1.1224,0.6982,-0.6699,0.9119,0.1868,0.7739,-0.3544,3.9114,1.7056,2.2588,0.4543
1790,True,Optimization terminated successfully.,12338,16286,4302.9890,0,1,-0.0303,-0.8175,-0.0011,-1.0654,-0.7758,-0.4044,0.6548,1.3161,0.7521,0.5262,-1.6214,0.0547,-0.8239,1.9359,0.6511,1.6231
1791,True,Optimization terminated successfully.,9360,12402,4404.0856,0,1,-0.0581,-0.8846,-0.5000,-0.8512,-1.5291,-0.4312,0.5117,0.0509,-0.7607,0.4269,-1.6051,-0.0309,0.6710,3.4514,0.5451,1.2719
1792,True,Optimization terminated successfully.,7406,9916,3500.6516,0,1,0.1036,-1.0909,-1.5390,-0.9691,-1.0228,-0.6865,0.8657,-0.0337,0.6972,1.8884,-0.7437,-0.7811,0.9846,1.4271,0.2512,0.9115
1793,True,Optimization terminated successfully.,16774,22139,5484.1852,0,1,0.0478,-0.5807,-1.2006,-1.0163,-1.7712,-0.6361,-0.3317,0.2970,0.8283,0.6977,-0.9537,1.3596,1.0435,1.0480,-1.4699,0.7867
1794,True,Optimization terminated successfully.,16207,21230,594.7213,0,1,-0.1592,-0.6381,-0.8013,0.3620,-1.7014,-0.2729,0.3172,1.5116,-0.8562,2.5193,-2.1548,0.4513,0.7105,4.5028,-0.7326,1.4297
1795,True,Optimization terminated successfully.,8966,11865,5211.4206,0,1,-0.0960,-1.0330,-0.3352,-0.4640,-0.6337,-0.3881,0.7145,0.1928,-0.4635,-0.1082,-1.7727,0.1198,-0.1098,2.6843,1.5837,1.2415
1796,True,Optimization terminated successfully.,20534,26891,1291.3704,0,1,-0.1658,-1.0087,-1.6620,-0.6452,-0.8619,-0.2574,0.9810,2.2957,1.3535,2.7927,-2.2318,-0.4529,-0.4764,0.8355,-0.7097,1.4692
1797,True,Optimization terminated successfully.,14613,19210,2891.2019,0,1,0.2682,-0.9177,-0.2241,-0.2719,-1.1226,-0.9694,0.3405,-0.3670,-0.0850,0.4607,0.1815,0.1097,3.5445,3.6885,-0.0326,0.4049
1798,True,Optimization terminated successfully.,8420,11165,5900.2954,0,1,0.0470,-1.0619,-1.4471,-0.6510,0.2883,-0.5522,1.0138,-0.1530,0.6323,1.6091,-1.1755,-0.8672,0.8754,0.7185,0.5610,1.1915
1799,True,Optimization terminated successfully.,13940,18250,626.7953,0,1,-0.4334,-0.9212,-0.7698,-0.6680,-0.6341,0.1645,0.9397,1.8147,1.4566,0.0699,-3.6358,-0.4516,0.4727,1.3219,2.2382,1.9832
1800,True,Optimization terminated successfully.,16661,21821,3412.9724,0,1,-0.0986,-0.5311,-0.9058,-0.2194,-0.2056,-0.3491,0.0499,0.6584,-0.4261,0.3717,-1.8749,0.8036,1.7835,3.5735,-0.0196,1.3583
1801,True,Optimization terminated successfully.,8828,11687,6190.6870,0,1,0.1014,-0.9704,-0.5093,-0.8769,-0.8757,-0.6993,0.3216,0.4263,0.9841,-0.0534,-0.7188,0.4423,-0.6530,-0.5592,2.4229,0.8149
1802,False,Maximum number of iterations has been exceeded.,50000,64902,2700.6347,0,0,-0.4719,-0.9548,-0.1216,-1.2380,-1.4673,0.2602,1.4024,1.5811,1.2953,0.5670,-3.9131,-0.8223,0.9086,0.7698,0.0761,2.0553
1803,True,Optimization terminated successfully.,9502,12534,3119.9069,0,1,0.4927,-1.0544,-0.8570,-1.3573,-1.1105,-1.2865,0.5486,-0.3426,0.8639,0.1217,1.3008,-0.3024,2.2554,0.5795,2.5130,0.1699
1804,True,Optimization terminated successfully.,28502,37225,512.7972,0,1,-0.2971,-0.8822,-0.6065,-1.2095,-0.9027,-0.0468,0.8482,1.1880,2.1808,1.1473,-2.9086,-0.4078,1.4350,0.0034,1.2542,1.7722
1805,True,Optimization terminated successfully.,24088,31425,568.4196,0,1,-0.0497,-0.7708,-0.4098,-0.2470,-0.4067,-0.4398,0.4756,0.4039,-0.1318,-0.0592,-1.5930,0.1239,2.1323,3.1595,3.2651,1.1982
1806,True,Optimization terminated successfully.,9265,12220,3789.2745,0,1,-0.1440,-0.8595,-0.3529,-0.9518,-1.6981,-0.3189,0.4246,0.4073,0.8051,-0.1356,-1.9949,0.3368,1.1448,1.2643,0.2738,1.3527
1807,True,Optimization terminated successfully.,11798,15554,1533.5511,0,1,-0.5492,-1.1088,-0.4022,-0.7611,-2.6469,0.3325,1.2401,0.2950,0.8436,3.8448,-4.2090,-1.0326,1.4922,1.6393,-2.5115,2.1331
1808,True,Optimization terminated successfully.,16363,21454,723.6507,0,1,-0.0873,-0.2697,-1.5865,-0.8247,0.0305,-0.3850,-0.2357,2.7906,1.2515,-0.2553,-1.7592,1.4247,-1.1953,1.2236,3.6086,1.2977
1809,True,Optimization terminated successfully.,7715,10223,2507.7991,0,1,0.2676,-0.6294,-0.4310,-2.0839,-1.5388,-0.9412,0.0547,-0.1018,2.1612,1.3549,0.1405,1.0435,1.4887,-0.8936,0.3259,0.6217
1810,True,Optimization terminated successfully.,13371,17545,3155.7380,0,1,0.1599,-0.6875,-1.3492,0.2895,0.5433,-0.7773,0.0759,1.2748,-0.3659,1.2917,-0.4516,0.7560,-0.2637,3.4767,1.8040,0.7621
1811,True,Optimization terminated successfully.,8876,11754,6999.2895,0,1,0.0509,-1.2026,-1.1018,-0.4561,0.0682,-0.6349,0.7376,0.2152,0.0752,0.3188,-0.9480,-0.0571,0.0713,1.9105,0.1917,0.8970
1812,True,Optimization terminated successfully.,13365,17571,612.2503,0,1,0.0179,-0.0093,-1.1721,0.0188,-1.2673,-0.5594,-0.7822,1.9800,-0.7001,1.5642,-1.1851,2.1300,-0.0853,4.1492,0.6235,1.0070
1813,True,Optimization terminated successfully.,16377,21499,841.8745,0,1,-0.4650,-1.4381,-1.3826,0.0270,-2.6648,0.2420,1.8382,2.3748,-0.2075,4.8641,-3.8693,-1.9571,-0.5169,3.4428,-4.2181,2.1689
1814,True,Optimization terminated successfully.,9394,12373,6047.4670,0,1,0.1634,-0.7912,-1.0388,-1.2610,-0.5530,-0.7807,0.2900,-0.1004,-0.1006,0.1102,-0.4345,0.2092,1.7053,2.0818,-0.3679,0.7860
1815,True,Optimization terminated successfully.,29620,38804,2369.4765,0,1,0.1251,-0.8168,-0.6437,-0.7783,-1.2547,-0.8302,0.5538,0.0970,-0.5240,2.0871,-0.2521,0.0434,2.4028,3.6127,-0.9232,0.5884
1816,True,Optimization terminated successfully.,14517,19264,5999.3881,0,1,0.4008,-1.1727,-1.3837,-0.3116,-1.4293,-1.2072,0.6002,-0.7090,0.1420,0.7355,0.9423,-0.3113,1.9676,2.4063,-0.5124,0.0230
1817,True,Optimization terminated successfully.,15688,20596,887.6744,0,1,-0.3625,-0.6171,-0.9070,-0.6762,-0.4487,0.0373,0.3534,1.5899,1.0924,-0.8031,-3.2302,0.3757,0.2921,1.3995,3.8271,1.7474
1818,True,Optimization terminated successfully.,7740,10223,5779.2869,0,1,0.3622,-1.4014,-0.9420,-0.4987,-0.8497,-1.1479,0.7649,-0.7513,-0.0226,1.0189,0.7622,-0.2889,1.8830,1.5734,-0.1565,0.0847
1819,True,Optimization terminated successfully.,12952,17050,1253.0448,0,1,-0.4976,-0.5769,-0.2999,-1.6151,-1.7393,0.2636,0.4714,1.0999,3.0341,2.2933,-3.9652,0.3855,0.6534,-1.6694,-0.0718,2.1375
1820,True,Optimization terminated successfully.,23068,30127,1182.5008,0,1,-0.6304,-1.5579,-0.1691,-2.6588,-1.3046,0.5011,2.0923,0.7243,4.8854,1.1224,-4.7407,-2.4039,2.0171,-3.8442,0.3678,2.5456
1821,True,Optimization terminated successfully.,23941,31276,828.4433,0,1,0.0293,-0.7725,-0.2429,-1.6951,-0.9409,-0.5511,0.4420,0.1097,2.5360,1.4426,-1.1820,0.1968,2.9203,-0.7294,0.5814,1.1417
1822,True,Optimization terminated successfully.,20412,26731,5075.6118,0,1,-0.4264,-1.3012,-0.7825,-0.0030,0.6400,0.1940,1.6177,-0.2647,0.5683,-0.0150,-3.6877,-1.8091,2.1049,2.7282,0.8715,2.0508
1823,True,Optimization terminated successfully.,8362,11087,8525.9319,0,1,0.2623,-1.1345,-0.3753,-0.5791,-0.2221,-1.0164,0.2745,-0.8231,-0.8477,-0.1968,0.2909,0.3657,1.6927,2.3375,0.4036,0.1440
1824,True,Optimization terminated successfully.,17419,22891,547.0144,0,1,-0.1585,-0.3295,-0.7508,-0.4862,-1.6968,-0.2779,-0.1582,1.3852,0.8514,2.8190,-2.1303,1.2790,0.9084,1.9328,-1.1362,1.4260
1825,True,Optimization terminated successfully.,30519,39739,1153.5368,0,1,-0.0992,-1.4250,0.3091,0.6929,-0.2486,-0.3113,1.5981,0.0923,-1.2171,-0.1278,-1.9789,-1.8577,2.8773,4.8319,2.7364,1.5110
1826,True,Optimization terminated successfully.,16920,22170,3173.9305,0,1,0.5524,-1.0567,-0.2929,-0.1508,-0.1519,-1.3758,0.6877,-0.5562,0.7061,0.6934,1.6065,-0.1885,3.3979,2.2353,0.9421,0.1352
1827,True,Optimization terminated successfully.,15612,20507,987.8974,1,0,-0.2422,-0.6278,-3.0177,-1.0553,-1.2780,-0.1261,0.4039,5.2895,1.6514,1.9957,-2.6432,0.3500,-4.8003,0.6790,-0.1159,1.6752
1828,True,Optimization terminated successfully.,10559,13882,1538.4103,1,0,-0.2128,-1.4938,-3.3289,0.0472,-1.2631,-0.1512,1.7499,5.8510,-0.4220,1.9239,-2.5298,-1.7925,-5.7844,3.6954,-0.2270,1.7413
1829,True,Optimization terminated successfully.,16117,21080,483.6761,0,1,-0.3196,-1.1365,-0.6894,-0.6201,-1.0282,0.0117,1.2856,1.3254,1.0918,1.5232,-3.0872,-1.0900,1.2023,1.5292,0.7825,1.8657
1830,True,Optimization terminated successfully.,16654,21842,839.1383,0,1,0.2329,-0.8447,-0.4444,-0.6849,-0.1642,-0.8751,0.4763,0.4779,0.7800,-0.7252,-0.0898,0.0794,2.2949,2.0305,3.8875,0.7294
1831,True,Optimization terminated successfully.,8774,11659,3952.8840,0,1,0.3562,-1.0359,-1.1646,-0.4607,-1.8136,-1.1391,0.3214,0.1218,-0.4731,0.8540,0.7410,0.3924,1.4324,2.5806,-0.1398,0.1318
1832,True,Optimization terminated successfully.,9984,13215,4205.3338,0,1,0.0591,-1.1732,-0.6726,-1.1706,-1.9731,-0.5836,0.9838,0.7257,0.8384,2.3562,-1.0589,-0.4438,-0.5764,1.0598,-1.0212,1.1764
1833,True,Optimization terminated successfully.,27947,36434,1117.2939,0,1,-0.1288,-0.4940,-1.6759,-1.6505,0.3537,-0.2970,0.2041,3.3070,2.5349,-0.9182,-2.0526,0.9048,-1.6908,-1.1086,4.6282,1.3931
1834,True,Optimization terminated successfully.,24654,32162,1048.4402,1,0,-0.0230,-0.3243,1.4519,-0.1339,-1.4948,-0.5062,-0.2987,-2.3757,-0.3421,2.4550,-1.3802,1.4141,6.5461,3.7582,-0.9213,1.1047
1835,True,Optimization terminated successfully.,17657,23156,703.2306,0,1,-0.2206,-1.1168,-0.3035,-0.4527,-0.5402,-0.1667,1.0876,0.5359,0.5699,-0.5719,-2.4947,-0.7877,1.9613,2.2230,3.8505,1.5866
1836,True,Optimization terminated successfully.,13550,17873,7286.0897,0,1,0.4816,-1.2486,-0.7451,-1.0952,-0.1796,-1.2805,0.6954,-1.0921,-0.3278,1.1151,1.2539,-0.8175,1.9078,2.1989,0.0873,0.1197
1837,True,Optimization terminated successfully.,17458,22901,647.0651,0,1,-0.6325,-1.3559,-0.4114,-0.9013,-1.7313,0.4843,1.7652,0.8807,1.7555,2.8902,-4.7164,-1.7751,1.4997,0.5041,-1.0048,2.4019
1838,True,Optimization terminated successfully.,17357,22812,589.5460,0,1,-0.0885,-0.9442,-0.7991,-0.4747,-0.9865,-0.3611,0.8812,1.5312,0.6968,1.3520,-1.8289,-0.3790,0.7368,2.2451,1.0650,1.4096
1839,True,Optimization terminated successfully.,11999,15777,1627.0299,1,0,-0.4874,-0.8057,-2.3454,1.2014,-0.0338,0.2631,0.8380,4.9247,-1.7066,0.4019,-3.9531,-0.2590,-4.3491,5.8904,1.8846,2.1878
1840,True,Optimization terminated successfully.,6949,9259,4248.9078,0,1,0.4661,-1.0581,-0.8304,-1.1686,-1.0190,-1.2836,0.2985,-0.1967,0.6379,-0.1123,1.2493,0.0142,1.1635,0.6458,3.3082,0.0125
1841,True,Optimization terminated successfully.,7917,10496,7066.3453,0,1,0.2700,-1.0962,-1.1619,-0.3574,-1.0086,-0.9914,0.4188,0.0927,-0.7340,1.2656,0.2370,0.3115,-0.1935,3.0370,-0.9443,0.3201
1842,True,Optimization terminated successfully.,17234,22654,1902.5209,0,1,0.4049,-0.7985,-0.1507,-0.8725,-1.4475,-1.1273,0.3793,-0.2782,0.8342,1.0615,0.7957,0.2060,3.3136,2.2102,0.0303,0.4536
1843,True,Optimization terminated successfully.,9110,11970,4446.1648,0,1,0.3482,-0.6573,-2.1993,-0.5498,-1.6989,-1.1042,-0.2249,0.7802,-0.5322,1.0754,0.6371,0.7479,-0.1877,2.9413,0.0725,0.2101
1844,True,Optimization terminated successfully.,14397,18827,4230.8925,0,1,0.4904,-1.0916,-0.8206,-0.4739,-1.3944,-1.3096,0.4504,-0.6890,-0.5818,1.0627,1.3332,-0.1926,3.7172,2.8960,-0.8605,-0.0288
1845,True,Optimization terminated successfully.,12636,16646,1948.7182,0,1,0.3915,-1.0501,-0.1614,-0.1799,-1.2203,-1.1387,0.6280,-0.9054,-0.6707,1.1331,0.7870,-0.3588,4.4183,3.6280,0.6273,0.2841
1846,True,Optimization terminated successfully.,22139,28985,851.8977,0,1,-0.1562,-1.1981,-0.2050,0.3229,-0.7891,-0.2752,1.1236,-0.2969,-1.0457,0.0140,-2.1375,-0.9738,3.1527,4.6514,2.6815,1.3719
1847,False,Maximum number of iterations has been exceeded.,50000,64696,939.5975,0,0,-0.2404,-1.1532,0.0102,-0.7221,-1.1659,-0.0857,1.3025,-0.5494,1.3727,2.1318,-2.7553,-1.1823,3.5672,1.3206,-0.5206,1.7691
1848,True,Optimization terminated successfully.,6913,9251,5779.2232,0,1,0.3641,-0.9636,-2.0104,-0.3366,-1.2985,-1.1285,0.4692,0.3238,0.8905,1.2277,0.7157,0.1165,0.3490,1.4634,-1.0016,0.1836
1849,True,Optimization terminated successfully.,7018,9335,7176.6432,0,1,0.2037,-0.7923,-1.4259,-0.9395,-0.1396,-0.8246,0.3386,-0.4376,0.4412,0.1021,-0.2819,-0.1402,1.4653,1.8925,-0.0654,0.7623
1850,True,Optimization terminated successfully.,9538,12617,1848.0308,0,1,0.3372,-0.8349,-1.7547,-1.0343,-1.0672,-1.0379,0.3501,2.3769,0.9163,1.0939,0.4588,0.1992,-0.3641,1.6177,0.4378,0.5408
1851,True,Optimization terminated successfully.,12586,16517,2057.4001,0,1,0.0575,-1.5911,-1.3884,-0.2719,-1.4750,-0.5736,1.8148,2.5212,1.2970,1.0896,-1.1039,-2.0080,-0.8615,1.9512,0.1452,1.1806
1852,True,Optimization terminated successfully.,17318,22682,700.1698,0,1,-0.1572,-0.8730,-0.4107,-0.5787,0.3574,-0.2791,0.7795,0.2841,1.2128,-1.1348,-2.1489,-0.3141,2.7354,1.2390,4.7857,1.4173
1853,True,Optimization terminated successfully.,25412,33163,968.3793,0,1,-0.0430,-0.1922,-2.0105,0.0625,-1.6669,-0.4405,-0.3759,3.4893,-0.5637,2.4898,-1.5710,1.6107,-2.2743,3.9940,-0.9411,1.2435
1854,True,Optimization terminated successfully.,8442,11171,5425.5567,0,1,-0.0212,-0.9721,-1.1089,-1.0286,-0.5678,-0.4940,0.7374,0.6046,0.3975,0.6134,-1.4164,0.0657,-0.2484,2.1205,-0.3442,1.1564
1855,True,Optimization terminated successfully.,12425,16336,718.6551,0,1,0.0231,-0.4790,-1.0260,0.2389,-0.0386,-0.5574,0.0006,1.6318,-0.7217,-0.3772,-1.1807,0.9409,0.2916,4.1988,3.9212,1.0495
1856,True,Optimization terminated successfully.,11850,15692,2231.4289,0,1,-0.0931,-1.2764,-1.6374,-1.0750,-1.7924,-0.3742,1.2462,1.7556,1.0494,0.9792,-1.7898,-1.0073,-0.0692,1.2690,-0.3399,1.3431
1857,True,Optimization terminated successfully.,22779,29735,548.9133,0,1,-0.1175,-0.7860,-0.3275,0.0533,-1.6457,-0.3467,0.5234,0.5406,-0.3782,2.1901,-1.8894,0.0214,2.2447,3.6874,-0.2007,1.3222
1858,True,Optimization terminated successfully.,12186,16020,2267.1654,0,1,-0.1160,-1.0769,-0.6620,-1.1031,-1.6436,-0.3643,0.8642,0.1184,0.6797,-0.0545,-1.8543,-0.5421,1.8818,1.4822,1.6273,1.2111
1859,True,Optimization terminated successfully.,16908,22137,491.0172,0,1,-0.1062,-0.7156,-0.0556,-0.3967,-0.8696,-0.3446,0.4411,-0.1487,0.4011,0.2844,-1.8935,0.1993,3.2197,2.5054,2.3348,1.3265
1860,True,Optimization terminated successfully.,26020,33843,716.6227,0,1,-0.3986,-0.6068,-0.9188,-1.0708,-0.6428,0.1094,0.4159,2.0052,2.0528,0.8201,-3.4368,0.3135,-0.1788,0.0813,1.5673,1.9017
1861,True,Optimization terminated successfully.,29201,38024,752.9942,0,1,-0.2017,-0.3473,-0.8908,-1.1927,-0.4180,-0.2019,-0.1648,1.1726,1.9258,0.5397,-2.3906,1.1635,1.4950,0.1777,2.3272,1.4509
1862,True,Optimization terminated successfully.,9178,12109,6465.1014,0,1,0.2258,-0.9411,-1.7507,-0.4387,-0.9845,-0.9216,0.2699,-0.2110,0.0523,0.7907,-0.0002,0.1680,1.3602,2.4642,-0.9966,0.4111
1863,True,Optimization terminated successfully.,18348,24054,708.4264,0,1,-0.0259,-0.7452,-1.8511,-0.1550,-0.1333,-0.4665,0.5079,3.0091,-0.2376,-0.4440,-1.4710,0.0428,-1.4638,3.4221,3.7361,1.2068
1864,True,Optimization terminated successfully.,35486,46313,977.8950,0,1,-0.0568,-1.3293,0.2707,-0.1687,-1.2399,-0.3811,1.4090,-0.2124,-0.0252,1.7564,-1.7472,-1.3945,3.3327,2.9350,0.1553,1.3990
1865,True,Optimization terminated successfully.,9807,12933,3302.9007,0,1,-0.1073,-1.1105,-1.3740,-1.4268,-0.8486,-0.3835,1.1077,0.6135,1.3946,-0.1061,-1.8055,-0.5851,0.0274,-0.1533,2.7945,1.2026
1866,True,Optimization terminated successfully.,11929,15738,633.8519,0,1,0.0477,-0.7795,0.0444,0.3435,-0.8314,-0.6023,0.4529,-0.1747,-0.9211,0.9508,-1.0362,0.1944,3.2164,4.5405,1.7054,1.0189
1867,True,Optimization terminated successfully.,23150,30192,414.2890,0,1,-0.0682,-0.3820,-0.4644,-0.2879,-0.0915,-0.4214,-0.1205,0.4822,0.2118,-0.8982,-1.6541,1.1237,2.0774,2.7889,4.2284,1.1717
1868,True,Optimization terminated successfully.,21304,27891,2543.2366,0,1,-0.2358,-1.0150,-1.1880,-0.9194,-0.0176,-0.1000,1.1421,3.0788,2.2154,1.5980,-2.6889,-0.7353,-1.2071,0.2146,-0.1699,1.8632
1869,True,Optimization terminated successfully.,22229,29045,1120.4044,1,0,0.0672,-0.7857,-0.5458,0.4603,-1.1514,-0.6100,0.5350,1.1931,-1.4459,1.1749,-0.9999,0.0103,1.6671,5.3986,0.3818,1.0637
1870,True,Optimization terminated successfully.,12690,16686,620.7981,0,1,-0.2804,-0.9365,-1.9256,-1.3376,-0.1687,-0.0510,0.9797,3.7087,2.3202,-0.3591,-2.8734,-0.5792,-2.4915,-0.3683,3.7212,1.8230
1871,True,Optimization terminated successfully.,14973,19625,2016.5296,1,0,-0.4658,-0.8714,-2.9013,-0.4488,-0.2696,0.2158,0.8883,5.4401,-0.1163,0.0577,-3.8102,-0.3112,-5.0222,3.0616,1.6775,2.0709
1872,True,Optimization terminated successfully.,32884,42918,538.1395,0,1,-0.3340,-1.0787,-0.1052,-0.3365,-0.1189,0.0230,1.1599,0.4762,0.5060,-0.1337,-3.1356,-0.8919,2.2953,2.4729,3.2977,1.8125
1873,True,Optimization terminated successfully.,13041,17119,1439.4771,0,1,0.1969,-1.0734,-0.5414,-0.5398,-1.9539,-0.8364,0.6257,0.8933,-0.1399,2.1471,-0.2261,-0.4027,1.6538,3.2620,-0.8576,0.6821
1874,True,Optimization terminated successfully.,22452,29331,883.3414,0,1,-0.2824,-1.3414,0.5593,-0.7835,0.1444,-0.0793,1.5764,-0.9870,1.3006,-1.0256,-2.7956,-1.5439,4.3077,1.1778,4.1912,1.7193
1875,True,Optimization terminated successfully.,9880,13122,7647.2876,0,1,0.3370,-1.2596,-0.0271,-1.6393,-0.3458,-1.0528,0.7697,-0.4450,0.2602,0.4021,0.5147,-0.6141,0.6001,1.8696,0.8356,0.4562
1876,True,Optimization terminated successfully.,44668,58181,437.6809,0,1,-0.1285,-0.6451,-0.2354,-0.6347,0.0864,-0.3182,0.3525,0.2227,0.9931,-0.9235,-1.9870,0.4098,2.6687,1.8012,4.3865,1.3594
1877,True,Optimization terminated successfully.,12867,16938,719.1571,0,1,-0.3583,-0.7917,-1.4129,-2.3447,-1.2680,0.0478,0.7221,2.5349,4.1092,1.9305,-3.2160,-0.2017,-0.7071,-2.9012,0.1086,1.8685
1878,True,Optimization terminated successfully.,6414,8604,6517.7752,0,1,-0.0793,-0.9796,-1.1479,-0.6982,-0.0523,-0.4047,0.6072,-0.3685,0.2699,0.4160,-1.6965,-0.0343,0.8122,1.9199,0.1566,1.2437
1879,True,Optimization terminated successfully.,8954,11864,5411.1973,0,1,-0.3774,-0.5554,-1.1042,-1.3720,-0.8543,0.0558,-0.0382,1.8276,1.6557,-0.3914,-3.2723,0.9824,-1.6955,0.1250,0.6885,1.8183
1880,True,Optimization terminated successfully.,11795,15530,550.8642,0,1,-0.0551,-0.8264,-0.1436,-0.2795,-1.4235,-0.4187,0.6271,0.1359,0.3737,1.9367,-1.6164,-0.0739,2.9712,2.6783,-0.0370,1.3186
1881,True,Optimization terminated successfully.,17759,23194,667.6548,0,1,-0.0902,-0.7452,-0.5112,0.5074,-1.4848,-0.3527,0.5533,0.8533,-0.9132,2.5251,-1.8553,0.1394,1.6836,4.5357,-0.7175,1.3906
1882,True,Optimization terminated successfully.,6616,8847,6738.9100,0,1,0.1536,-1.2031,-1.6051,0.4885,-0.4981,-0.8333,0.5884,-0.6950,-0.0137,0.4975,-0.3076,-0.4669,1.6399,2.2070,0.6387,0.3990
1883,True,Optimization terminated successfully.,9478,12476,5449.3783,0,1,0.2363,-1.2287,-1.0380,-0.9272,-1.5613,-0.9585,0.4917,-0.4347,-0.2512,0.7402,0.1131,-0.0735,1.5615,2.1047,-0.3015,0.3129
1884,True,Optimization terminated successfully.,13520,17861,1255.4503,0,1,-0.2183,-0.5853,-2.7217,-0.9099,-0.3866,-0.1373,0.4457,4.8035,1.3087,1.4686,-2.5716,0.1270,-4.1180,1.2806,1.2271,1.7192
1885,True,Optimization terminated successfully.,23398,30501,1074.6764,0,1,-0.1996,-0.5428,-1.5150,-1.3592,-0.6168,-0.2011,0.1572,1.9228,1.3313,-0.1914,-2.3893,0.4586,-0.4206,0.8964,2.9605,1.4256
1886,True,Optimization terminated successfully.,14013,18361,3528.8678,0,1,0.4902,-0.8677,-0.4527,-0.9764,0.1531,-1.2571,0.3830,0.8161,0.5517,1.6870,1.2384,0.1486,0.6230,1.9531,1.1245,0.3015
1887,True,Optimization terminated successfully.,42113,54775,495.0996,0,1,-0.2737,-0.9991,-1.1553,-0.5878,-1.1946,-0.0767,0.9897,2.0652,1.1409,1.5237,-2.7996,-0.6341,0.0027,1.6271,0.8316,1.7405
1888,True,Optimization terminated successfully.,16298,21351,618.3272,0,1,-0.2748,-0.8158,-1.6974,-0.0120,-1.2073,-0.0799,0.7677,3.0311,-0.2139,1.7513,-2.7875,-0.2622,-1.5532,3.4905,0.4558,1.7363
1889,True,Optimization terminated successfully.,9357,12399,4912.9169,0,1,-0.1301,-1.1047,-0.8148,-0.9190,-1.4044,-0.3301,0.8938,-0.1366,-0.4441,-0.1352,-1.9629,-0.6561,1.1862,2.6648,0.6661,1.3172
1890,True,Optimization terminated successfully.,16240,21335,3639.4210,0,1,0.1133,-1.6879,0.1299,-1.0185,-1.0012,-0.6487,1.7869,-0.3121,0.9806,0.4865,-0.8176,-2.2002,3.5122,1.7731,-0.2347,1.1133
1891,True,Optimization terminated successfully.,27260,35445,1182.3340,1,0,-0.3156,-1.4592,0.9107,-0.9149,-1.1513,-0.0093,1.7554,-1.8064,1.6753,1.4147,-3.0216,-1.9308,5.6434,0.6601,0.8056,1.8324
1892,True,Optimization terminated successfully.,6290,8435,5292.4578,0,1,0.0131,-1.0827,-0.4729,-1.3462,-0.6785,-0.5607,0.8873,-0.8105,0.6644,0.5569,-1.1777,-0.1883,1.3251,0.7165,0.9548,1.0195
1893,True,Optimization terminated successfully.,9790,12952,4268.8315,0,1,0.3142,-1.0771,-1.8599,-0.9670,-1.1849,-1.0317,0.5874,0.5055,0.6086,0.4532,0.4007,-0.2656,0.3925,0.5430,1.6376,0.3975
1894,True,Optimization terminated successfully.,17728,23241,786.3595,0,1,-0.2116,-0.8263,0.6295,-0.8570,-0.7930,-0.1959,0.7117,-0.9176,1.4241,0.0194,-2.4104,-0.1471,4.2538,1.0451,2.4343,1.4696
1895,True,Optimization terminated successfully.,13929,18320,969.9253,0,1,-0.3473,-0.6966,-0.0447,-0.3889,-1.0413,0.0228,0.5947,0.7119,1.1150,2.9244,-3.1494,0.0798,2.2121,1.7156,-0.9952,1.7604
1896,True,Optimization terminated successfully.,32916,42929,641.1890,1,0,-0.2428,-1.0210,-0.9330,-0.7606,0.9552,-0.1168,1.0405,1.9793,1.2095,-2.0121,-2.6573,-0.7349,0.0803,1.3881,6.1957,1.7107
1897,True,Optimization terminated successfully.,14350,18850,2154.3626,0,1,-0.2180,-0.5599,-0.5754,0.2369,-1.3522,-0.1694,0.3098,1.6921,0.6516,0.7781,-2.4766,0.6664,0.6407,2.8870,-0.3439,1.5676
1898,True,Optimization terminated successfully.,12597,16539,2110.0335,0,1,-0.0937,-1.7378,-0.6875,-1.0137,-1.5893,-0.3890,1.9108,0.1384,0.9477,0.5553,-1.7463,-2.3995,2.2126,0.8891,1.4080,1.2439
1899,True,Optimization terminated successfully.,27617,35974,535.1858,0,1,-0.1513,-0.4458,-0.9574,-0.8280,-1.9185,-0.2783,0.0737,1.7426,1.2130,2.9282,-2.1212,0.9262,0.3926,1.4288,-1.4013,1.4093
1900,True,Optimization terminated successfully.,12518,16444,6878.6193,0,1,0.1378,-1.1712,0.1172,-1.4295,-0.4401,-0.7609,0.6997,0.3089,1.5605,-0.2153,-0.5034,0.1601,0.5140,-0.0953,0.4338,0.7813
1901,True,Optimization terminated successfully.,14382,18863,1074.1535,0,1,-0.4124,-1.0649,0.7269,-0.8669,-0.6053,0.1393,1.2155,-0.4830,1.9656,1.6473,-3.5374,-0.8097,3.4251,0.2718,1.0451,1.9863
1902,True,Optimization terminated successfully.,34417,44681,982.1582,0,1,-0.1993,-0.9000,-0.8638,-0.8502,0.0960,-0.1627,0.8764,1.8419,1.4838,0.8510,-2.4930,-0.4078,0.2212,1.0298,2.2994,1.6733
1903,True,Optimization terminated successfully.,16759,21936,472.1559,0,1,0.0943,-0.0967,-0.5185,0.2706,-0.6517,-0.6787,-0.6925,0.6480,-0.7433,0.2484,-0.7830,2.0614,1.8932,4.2608,2.5183,0.8452
1904,True,Optimization terminated successfully.,21436,27995,1056.4446,0,1,-0.1054,-1.0150,-1.0266,-0.7777,-0.4331,-0.3161,0.9659,1.6254,1.2379,0.0671,-1.9580,-0.4116,-0.3430,0.9084,3.3622,1.5117
1905,True,Optimization terminated successfully.,18363,24005,706.0358,0,1,-0.0998,-0.3495,-1.3179,-1.8575,-0.1532,-0.3557,-0.0202,2.3308,3.1748,-0.2194,-1.8406,1.1456,-0.4851,-1.4799,3.2599,1.3391
1906,True,Optimization terminated successfully.,19367,25369,593.0508,1,0,-0.2271,-0.8554,-1.1288,-0.9008,0.4998,-0.1398,0.7911,2.0987,1.4756,-1.6233,-2.5636,-0.2752,-0.1757,0.9546,5.5345,1.6645
1907,True,Optimization terminated successfully.,12649,16698,912.9861,0,1,-0.1167,-1.0406,-1.5237,-0.1460,-1.3788,-0.3251,0.8669,2.2214,-0.2355,0.6708,-1.9488,-0.6055,-0.4247,3.3980,1.3614,1.3969
1908,True,Optimization terminated successfully.,7860,10416,1745.9583,1,0,-0.7583,-0.8769,-1.7191,-0.9475,-1.7456,0.6409,0.9049,2.7713,1.3560,1.8957,-5.2970,-0.5030,-1.9551,0.5414,-0.0078,2.4155
1909,True,Optimization terminated successfully.,35262,45827,555.0320,0,1,-0.0382,-0.4241,0.1576,-1.4216,-0.2559,-0.4583,-0.1743,-0.2846,2.0256,-0.7195,-1.5089,1.1723,3.5194,0.0123,3.8255,1.1834
1910,True,Optimization terminated successfully.,13725,18080,755.8691,0,1,-0.1465,-0.8002,0.3978,-0.5822,-0.1807,-0.2934,0.6229,-0.9192,0.9869,0.2096,-2.0757,0.0289,4.1889,1.5682,2.8846,1.3929
1911,True,Optimization terminated successfully.,8596,11402,6899.9875,0,1,-0.1044,-1.0110,-1.3915,0.0077,-0.2214,-0.4207,0.4269,0.1495,0.0616,-0.3996,-1.7155,0.1671,0.8619,2.2928,0.3303,0.9533
1912,True,Optimization terminated successfully.,42307,55086,607.7497,0,1,-0.3344,-0.9638,-0.6610,-0.9257,0.2581,-0.0007,1.0184,1.3271,1.7224,-1.2812,-3.0678,-0.6491,1.0078,0.5407,4.9886,1.8241
1913,True,Optimization terminated successfully.,12630,16682,4378.2871,0,1,-0.1932,-0.7600,-1.7757,-0.2874,0.0117,-0.2741,0.3265,0.6315,-0.4240,1.1664,-2.2092,0.2997,0.0412,2.3311,1.5731,1.1602
1914,True,Optimization terminated successfully.,15160,19982,3153.8805,1,0,0.0987,-1.4835,1.5247,-1.5901,-0.8109,-0.6414,1.5119,-3.1548,2.1121,0.1302,-0.8418,-1.5563,7.3688,-0.2196,0.6055,1.0482
1915,True,Optimization terminated successfully.,27425,35785,928.2371,0,1,-0.4019,-0.9941,0.2930,-1.5235,0.0156,0.1140,1.1456,0.0234,2.4047,-0.9083,-3.4409,-0.7186,2.5078,-0.4171,4.3219,1.9374
1916,True,Optimization terminated successfully.,12826,16860,748.1085,0,1,-0.3116,-0.6441,-0.5651,-1.1980,-0.5584,-0.0233,0.4401,1.6647,1.9641,-0.3403,-2.9893,0.2250,0.5349,-0.0523,3.7413,1.7339
1917,True,Optimization terminated successfully.,12469,16352,994.1025,0,1,0.0869,-0.8114,-1.6213,0.2551,-0.8907,-0.6406,0.5346,2.3119,-0.1866,0.8621,-0.8865,0.1182,-0.6447,3.6227,1.4982,0.9947
1918,True,Optimization terminated successfully.,11309,15049,4305.8993,0,1,0.0120,-1.1256,-0.9434,-0.9655,-1.0116,-0.5781,0.7269,-0.2582,-0.6707,0.1967,-1.1536,-0.4103,1.7986,2.9161,0.4303,0.9091
1919,True,Optimization terminated successfully.,16964,22181,1031.9109,0,1,0.0200,-0.8135,-1.8831,0.1820,-1.6218,-0.5410,0.5880,3.2191,-0.7764,2.1397,-1.2270,-0.0763,-1.5900,4.3315,-0.7105,1.1812
1920,True,Optimization terminated successfully.,26342,34664,1379.4337,0,1,0.1679,-0.3983,-1.2315,-0.8005,-2.2124,-0.7949,0.0026,0.8180,0.4322,3.4311,-0.3596,1.1156,1.5328,1.9763,-2.1190,0.8031
1921,True,Optimization terminated successfully.,9128,12152,3874.1639,0,1,0.1074,-0.6109,-0.6901,-1.2119,-0.6805,-0.6949,0.0238,-0.1259,-0.5663,1.0375,-0.7174,0.9585,1.9079,2.3641,-0.2892,0.9212
1922,True,Optimization terminated successfully.,9129,12102,8069.9612,0,1,0.2404,-1.3229,-0.4628,-1.0775,0.0103,-0.9298,0.8157,-0.5745,0.4950,0.3063,0.0457,-0.7480,0.2841,0.2823,2.6511,0.4310
1923,True,Optimization terminated successfully.,12997,17064,1730.6773,0,1,-0.0165,-0.7605,0.0182,-0.9774,-0.7735,-0.4603,0.5953,1.6629,1.9017,1.3849,-1.4747,0.3334,0.3253,-0.0551,1.3667,1.3347
1924,True,Optimization terminated successfully.,14811,19417,670.3939,1,0,0.1007,-0.4948,-0.4263,0.5293,-1.5403,-0.6759,-0.0258,0.5512,-1.5304,1.8221,-0.7775,0.9080,2.3642,5.4434,-0.0658,0.8808
1925,True,Optimization terminated successfully.,9303,12317,4140.2773,0,1,-0.1147,-1.1501,-0.5633,-0.9548,-1.0602,-0.3916,0.7483,-0.1716,0.4062,0.1330,-1.7843,-0.6026,2.7259,2.3513,-0.4057,1.0243
1926,True,Optimization terminated successfully.,9605,12645,3122.9676,0,1,0.2153,-1.1176,-0.6105,-2.0835,-1.0914,-0.8218,0.8086,1.0721,2.4130,0.4222,-0.2135,-0.4778,1.0414,-0.7079,-0.0762,0.9612
1927,True,Optimization terminated successfully.,16250,21367,688.2585,0,1,-0.0463,-0.9722,-1.6944,-0.8371,-0.2391,-0.4233,0.8841,2.7450,1.2720,-0.2116,-1.6197,-0.4724,-1.1033,1.1312,3.5259,1.2963
1928,True,Optimization terminated successfully.,7443,9903,2671.5449,0,1,-0.2316,-1.4823,-1.5007,-0.1380,-0.8104,-0.1975,1.4676,0.8272,-0.4330,-0.8449,-2.4318,-1.5112,0.9064,3.0200,2.7434,1.3787
1929,True,Optimization terminated successfully.,33207,43223,712.8407,1,0,-0.2337,-0.7301,-1.0796,-1.1461,0.2515,-0.1653,0.5148,2.1830,1.7913,-1.5462,-2.5111,0.2256,-0.3200,0.5707,5.1864,1.5444
1930,True,Optimization terminated successfully.,9588,12769,6161.6553,0,1,0.0521,-1.3540,-1.3596,-1.3619,-0.1787,-0.5679,1.6579,0.5534,0.7151,1.7759,-1.1347,-1.5483,0.0739,1.0629,-1.1399,1.2042
1931,True,Optimization terminated successfully.,12085,15915,1409.6281,0,1,0.1530,-0.6594,-0.3981,-1.8503,-1.2534,-0.7910,0.0379,-0.3172,2.3975,0.2808,-0.4204,0.7342,3.2827,-1.0713,1.8369,0.6827
1932,True,Optimization terminated successfully.,18653,24580,3107.1579,1,0,0.6211,-0.5484,-2.1421,0.0093,-2.2264,-1.4681,-0.2006,2.6002,-2.0696,1.9662,1.9208,0.9869,-1.5430,5.4758,-1.1309,-0.0003
1933,True,Optimization terminated successfully.,33041,43075,958.9294,0,1,0.2929,-0.8014,0.0735,0.3587,-1.3381,-0.9682,0.3038,-0.6104,-1.2542,1.7915,0.2016,0.3569,3.7960,4.9558,0.1094,0.5996
1934,True,Optimization terminated successfully.,18228,23837,1008.3591,0,1,-0.3651,-0.4859,-1.2874,-2.5902,-0.2535,0.0647,0.2392,2.4900,4.5179,0.4383,-3.2805,0.6167,-0.8312,-3.7722,2.6643,1.8533
1935,True,Optimization terminated successfully.,16449,21552,648.2052,0,1,-0.1823,-0.6136,-1.5401,-0.5003,-0.0394,-0.2067,0.4410,2.9860,0.8242,-0.1021,-2.3550,0.3206,-1.4095,1.9163,3.4044,1.5787
1936,True,Optimization terminated successfully.,11730,15512,549.5119,0,1,-0.1514,-0.7430,-0.0436,-0.8457,-0.8868,-0.2888,0.4278,-0.0757,1.4300,0.7909,-2.0811,0.0955,3.1802,1.1911,1.8479,1.3651
1937,True,Optimization terminated successfully.,13514,17698,5636.4574,0,1,-0.1169,-0.8845,-0.8688,-0.6509,-0.5686,-0.4453,-0.0383,-0.2559,0.3356,-0.9777,-1.6675,0.8363,0.7114,1.2049,2.7932,0.7602
1938,True,Optimization terminated successfully.,20072,26391,6078.8726,0,1,-0.4632,-1.3836,0.9205,-2.1409,-0.5238,0.2402,1.5141,0.1215,0.4424,1.0210,-3.8633,-1.4522,1.5562,0.3676,0.0729,2.1936
1939,True,Optimization terminated successfully.,12380,16371,563.9789,0,1,-0.4122,-0.9129,-1.4321,-0.1706,-0.9654,0.1372,0.9366,2.7572,0.0039,1.0334,-3.5238,-0.5063,-1.0574,3.0040,1.5444,1.9411
1940,True,Optimization terminated successfully.,9740,12885,3204.1805,0,1,0.0050,-0.8727,-1.7622,-1.1938,-1.3192,-0.5805,0.1713,1.7255,1.3096,0.7159,-1.1519,0.1496,0.5950,0.8668,-0.2472,0.7801
1941,True,Optimization terminated successfully.,11387,15063,3194.1280,0,1,-0.3124,-0.8972,-1.0256,-0.6428,-1.3550,-0.0726,0.5288,0.2653,0.0168,0.0020,-2.8596,-0.0428,1.3665,2.5732,0.8579,1.4875
1942,True,Optimization terminated successfully.,9467,12450,5752.6550,0,1,0.1560,-1.2103,-1.1161,-1.1687,0.0358,-0.7735,0.6758,0.0720,-0.3844,0.3008,-0.4409,-0.5041,1.4220,1.8284,0.5842,0.8196
1943,True,Optimization terminated successfully.,9868,13071,7567.9357,0,1,0.3164,-0.1785,-1.5900,-0.4512,-0.1624,-1.0761,-1.0247,0.4080,-1.5172,1.4324,0.5239,2.3075,-0.6228,3.5487,-0.3734,0.1172
1944,True,Optimization terminated successfully.,9873,13156,5204.9336,0,1,0.2101,-1.0024,-1.2369,-1.0939,-0.9633,-0.8710,0.4506,-0.0427,-0.7506,0.2224,-0.1363,-0.1788,1.3636,2.9127,0.1985,0.6255
1945,True,Optimization terminated successfully.,24197,31522,2388.5078,1,0,0.4420,-0.7632,-1.1549,1.8801,-1.6153,-1.2637,-0.1430,1.0926,-4.2822,1.5494,1.2072,0.7331,1.2143,9.4632,-0.5609,0.1753
1946,True,Optimization terminated successfully.,22895,29911,932.4022,0,1,-0.2952,-0.7733,0.1273,0.1269,0.7901,-0.0235,0.7565,-0.0146,0.2513,-0.9173,-2.9675,-0.2210,3.1557,2.7399,4.5565,1.8160
1947,True,Optimization terminated successfully.,13158,17291,1602.4695,0,1,0.3370,-0.2802,-0.9594,-0.4874,-0.6559,-1.0603,-0.5444,0.8361,0.2744,0.8345,0.5062,1.6394,2.3583,2.4616,0.8294,0.3503
1948,True,Optimization terminated successfully.,24145,31462,769.6880,0,1,-0.3677,-0.9917,0.5843,-0.8170,-0.5278,0.0639,0.9682,-0.9688,1.4642,0.3607,-3.2805,-0.6333,4.4707,0.9500,2.2722,1.8361
1949,True,Optimization terminated successfully.,14809,19414,2860.4167,0,1,-0.1727,-0.6097,-1.2932,-0.2145,-1.0847,-0.2256,0.3388,2.3641,0.4051,-0.0498,-2.2846,0.3775,-0.5883,2.7444,0.1474,1.6111
1950,True,Optimization terminated successfully.,18296,24008,844.9850,1,0,0.0388,-0.3334,-1.5104,-1.6996,0.5361,-0.5774,-0.2721,2.3081,2.4907,-1.8095,-1.1057,1.3777,-0.5384,-0.7042,5.7142,1.0427
1951,True,Optimization terminated successfully.,10307,13611,559.9494,0,1,-0.0510,-0.8512,-0.6326,-0.7326,-1.3334,-0.4662,0.5188,0.7508,0.9139,1.6654,-1.5172,0.0810,1.9950,1.5659,0.4952,1.1075
1952,True,Optimization terminated successfully.,21829,28397,935.7340,0,1,-0.4260,-0.7296,-0.9476,-0.9773,-1.1363,0.1779,0.6432,1.9365,1.2476,0.6705,-3.6599,-0.1450,0.0675,1.3792,1.0890,2.0604
1953,True,Optimization terminated successfully.,9184,12176,7150.8652,0,1,0.0928,-1.0794,-0.8477,-0.9825,-0.7419,-0.6892,0.5675,0.0061,0.4688,0.0273,-0.7636,-0.3537,1.6065,1.7643,-1.0013,0.7815
1954,True,Optimization terminated successfully.,26183,34178,542.1100,0,1,-0.2889,-0.9654,-0.2333,-1.5797,-1.4460,-0.0410,0.9927,0.5299,2.8469,2.3109,-2.9193,-0.6203,2.3196,-1.0934,-0.3026,1.8068
1955,True,Optimization terminated successfully.,8853,11736,3761.9364,0,1,-0.2304,-0.7390,-0.9471,-2.3797,-0.3090,-0.1889,0.2386,1.0537,2.8859,1.0232,-2.4452,0.7348,-0.6507,-1.3105,0.6076,1.4682
1956,True,Optimization terminated successfully.,26903,35184,2733.3993,0,1,0.3631,-0.9247,-0.7619,-0.9108,-0.6728,-1.1370,0.4597,0.9041,0.7691,0.3711,0.7865,-0.1407,0.2208,0.9276,2.5221,0.3779
1957,True,Optimization terminated successfully.,8049,10727,7232.0145,0,1,0.1091,-1.0795,-0.9183,-0.5466,-0.5470,-0.7096,0.5430,0.9080,0.3211,0.2852,-0.6806,0.3201,-0.5412,1.4730,-0.6051,0.8435
1958,True,Optimization terminated successfully.,9977,13189,3153.3729,0,1,0.2649,-1.0422,-0.9559,-0.0496,-0.5096,-0.9215,0.8211,0.1905,-0.0190,0.2801,0.0849,-0.5104,2.3847,3.6091,0.5915,0.6453
1959,True,Optimization terminated successfully.,8888,11808,3636.4782,0,1,0.4018,-1.4025,-0.5936,-1.3744,-1.3445,-1.1228,1.3290,0.2852,0.5281,0.9234,0.7719,-1.0820,1.4118,1.4043,0.1232,0.5022
1960,True,Optimization terminated successfully.,8405,11184,1745.5122,0,1,0.3625,-0.8991,-1.4338,-0.5461,-2.2016,-1.0858,0.3781,1.6841,-0.1485,2.7657,0.6137,0.1701,0.1574,2.9872,-1.5328,0.4383
1961,True,Optimization terminated successfully.,14973,19516,1492.9981,0,1,-0.0749,-1.1599,-0.9880,-1.4730,-1.0631,-0.3978,0.8538,1.2083,1.1588,0.1401,-1.7187,-0.8070,1.1179,1.0466,1.8228,1.2598
1962,True,Optimization terminated successfully.,37799,49236,736.3341,0,1,0.0735,-0.5888,-0.1526,-0.5603,-2.0685,-0.6274,0.0640,0.2867,0.5775,3.2733,-0.9238,0.8396,2.5752,2.2464,-1.9247,1.0474
1963,True,Optimization terminated successfully.,11917,15667,1202.4397,0,1,0.2892,-0.6765,-0.6652,-0.9614,-0.7866,-0.9455,0.2705,0.8117,1.3733,1.3018,0.1622,0.6877,1.7013,0.6282,1.0376,0.7304
1964,True,Optimization terminated successfully.,10322,13651,791.0333,0,1,-0.2386,-0.7887,-1.1981,0.3446,-0.0655,-0.1331,0.6988,1.7253,0.4990,-0.2035,-2.6134,-0.1794,0.4074,2.9735,3.2834,1.6061
1965,True,Optimization terminated successfully.,23775,31054,512.5771,0,1,-0.1955,-0.6239,-1.1491,-0.5211,-0.9879,-0.2118,0.3369,1.8891,0.9728,1.3340,-2.3381,0.5927,0.0593,1.6174,1.2028,1.4979
1966,True,Optimization terminated successfully.,26162,34142,674.1464,0,1,-0.4405,-1.0073,-2.0421,-0.8731,0.1107,0.1895,1.2211,3.7341,1.6893,-0.7137,-3.6997,-0.9680,-2.4116,0.9154,4.0520,2.1036
1967,True,Optimization terminated successfully.,20318,26579,1265.3918,0,1,0.0008,-1.4600,-0.2617,0.4250,-0.7935,-0.5220,1.4934,-0.0431,-1.2593,0.1669,-1.3054,-1.6148,3.0080,4.9394,2.1264,1.1517
1968,True,Optimization terminated successfully.,7760,10296,6845.9023,0,1,0.0566,-1.2681,-0.4743,-0.6726,-0.3766,-0.6909,0.7165,-0.5415,-0.2363,0.5680,-0.7998,-0.0102,1.4429,2.0086,-0.1003,0.5564
1969,True,Optimization terminated successfully.,16373,21396,499.3134,0,1,0.0395,-0.7999,-0.9431,-0.3368,-0.6286,-0.5812,0.4844,1.4545,0.3656,0.0473,-1.0971,0.1334,0.7493,2.7072,2.8560,1.0743
1970,True,Optimization terminated successfully.,41239,53741,562.5839,0,1,-0.3246,-0.7504,-1.2338,-0.4538,-0.0529,-0.0011,0.8151,2.4898,0.6457,0.3139,-3.0515,-0.2586,-0.5388,2.1389,2.8237,1.8131
1971,True,Optimization terminated successfully.,9904,13092,3690.2823,0,1,0.1514,-0.9700,-0.5508,-1.4624,-0.9770,-0.7422,0.6005,0.1229,1.8779,0.1736,-0.5162,-0.1759,2.6722,0.2787,-0.2295,0.9001
1972,True,Optimization terminated successfully.,7370,9830,6536.9715,0,1,0.3701,-1.1837,-1.1970,0.0644,-0.9753,-1.2005,0.3941,-0.0725,0.5375,0.9468,0.8922,0.2326,1.2194,1.8451,-0.3676,-0.2188
1973,True,Optimization terminated successfully.,17948,23628,713.2797,0,1,-0.0279,-0.9765,-0.8060,-0.9870,-0.6114,-0.4638,0.8434,1.0984,1.2833,-0.1698,-1.4820,-0.3957,1.1607,0.9929,3.1114,1.2646
1974,True,Optimization terminated successfully.,20964,27292,786.8704,0,1,-0.4776,-0.5273,-1.6268,-0.4691,-0.9992,0.2273,0.4442,3.2307,0.4764,1.5303,-3.8586,0.3195,-1.9657,2.3824,0.8284,2.0622
1975,True,Optimization terminated successfully.,17998,23569,1014.8463,0,1,-0.1268,-1.6236,-0.0381,-1.2516,-0.0808,-0.2892,2.0152,-0.1743,2.0161,-0.5875,-2.0644,-2.4124,2.9995,0.2647,3.9039,1.5714
1976,True,Optimization terminated successfully.,8247,10952,3222.5010,0,1,0.3984,-1.4326,0.6667,-0.9677,-1.3617,-1.1209,1.3690,-1.5296,0.3773,1.4705,0.7597,-1.4060,4.9617,2.4140,-0.8507,0.4767
1977,True,Optimization terminated successfully.,6924,9271,8529.7281,0,1,0.3095,-0.9388,-1.3076,0.1493,-0.7338,-1.0216,0.4553,-0.5658,0.3479,0.2717,0.3607,-0.0284,1.1304,2.1130,-0.7136,0.3832
1978,True,Optimization terminated successfully.,15528,20375,531.1032,0,1,-0.2877,-0.8485,-1.3101,-0.8192,0.0756,-0.0561,0.8354,2.5171,1.4220,-0.7042,-2.8735,-0.3613,-0.6260,1.0069,4.1467,1.7383
1979,True,Optimization terminated successfully.,17521,23005,534.8832,0,1,-0.1170,-0.6198,-0.9372,-1.4396,-0.1674,-0.3357,0.2925,1.2816,2.1020,-0.6776,-1.9349,0.4635,1.1892,-0.1203,3.7242,1.3398
1980,True,Optimization terminated successfully.,16304,21340,2408.3461,0,1,0.0599,-0.6159,-0.1454,-0.5103,-1.1933,-0.6254,0.2513,-0.5098,0.0964,0.4617,-0.9617,0.5211,3.8548,2.8592,-0.1760,0.9641
1981,True,Optimization terminated successfully.,8952,11865,9062.7442,0,1,0.1947,-1.0292,-1.3692,0.6126,-0.0188,-0.8481,0.5142,-0.4752,0.2417,0.5783,-0.2113,-0.2535,0.3689,1.6045,0.5630,0.5831
1982,True,Optimization terminated successfully.,9202,12153,3221.9925,0,1,0.2881,-1.0413,-0.8326,-1.3788,-1.2834,-0.9419,0.8953,-0.4693,0.4462,1.4282,0.1562,-0.8043,2.1501,1.5230,0.8185,0.6702
1983,True,Optimization terminated successfully.,20903,27290,6423.6995,0,1,0.1768,-1.0050,-1.3545,0.1844,-1.0467,-0.8710,0.2113,0.0762,-0.3409,0.5127,-0.2023,0.5675,0.9189,2.7434,-0.9237,0.3439
1984,True,Optimization terminated successfully.,25780,33744,701.7299,0,1,-0.1967,-0.8122,0.4240,-0.1801,-0.7307,-0.2011,0.8171,-0.1881,0.2481,0.8689,-2.3867,-0.2123,3.0584,2.8966,1.7592,1.6034
1985,True,Optimization terminated successfully.,8854,11737,2478.5983,0,1,0.1356,-0.9258,-0.4959,-0.9463,-2.4405,-0.7655,0.4249,-0.1678,0.3690,1.5314,-0.5011,0.2875,2.0303,1.8529,-0.6046,0.7492
1986,True,Optimization terminated successfully.,22321,29161,755.5189,0,1,-0.3475,-1.3885,0.4336,-0.6209,-1.3209,0.0527,1.7688,-0.5398,1.1556,2.2054,-3.2164,-1.8629,3.8405,1.5568,-0.2699,1.9622
1987,True,Optimization terminated successfully.,12870,16924,636.6102,0,1,-0.1925,-0.5125,-0.5989,-1.1141,-1.1038,-0.2344,0.1205,0.7506,1.6489,0.9866,-2.2878,0.7371,1.8859,0.6580,1.4510,1.4185
1988,True,Optimization terminated successfully.,14409,19040,2179.3801,0,1,0.0027,-1.2029,0.0017,-0.6960,0.3986,-0.5358,0.7869,1.9814,1.0260,-0.6291,-1.2523,-0.3556,-0.0876,1.3799,4.0318,1.0911
1989,True,Optimization terminated successfully.,10985,14500,666.7937,0,1,-0.3521,-0.7181,-2.1025,-0.6860,-1.8850,0.0439,0.5659,3.3776,1.1260,2.6463,-3.2141,0.0274,-2.1997,1.7014,-0.9227,1.8423
1990,True,Optimization terminated successfully.,15471,20219,1019.4901,0,1,-0.0378,-1.2205,0.2761,-0.5636,-1.2044,-0.4322,1.3581,-0.7618,0.8394,1.8957,-1.5821,-1.2271,3.9294,1.7320,0.4108,1.3434
1991,True,Optimization terminated successfully.,25557,33414,775.4140,0,1,0.0415,-0.7769,-0.0582,-0.0633,-1.5122,-0.5828,0.4437,0.0289,-0.2460,1.9199,-1.0849,0.2215,2.8896,3.4509,-0.1675,1.0823
1992,True,Optimization terminated successfully.,17587,23030,551.6147,0,1,-0.2033,-1.0900,-0.3987,-0.4606,0.0734,-0.1799,1.1411,0.5633,0.7461,-0.9090,-2.4461,-0.8976,2.1123,2.2358,4.3445,1.6080
1993,True,Optimization terminated successfully.,8781,11598,4906.5961,0,1,-0.2158,-1.4198,-0.7138,-1.5891,-0.8470,-0.2733,1.1029,0.2319,1.7876,-0.1608,-2.2352,-0.6964,0.2697,-0.8181,2.5831,1.0656
1994,True,Optimization terminated successfully.,9240,12262,7555.1434,0,1,0.5927,-0.7970,-1.2393,-1.2648,0.0696,-1.4508,-0.1420,-0.2225,0.8958,-0.1498,1.8534,0.8770,0.8608,0.4616,0.5081,-0.0101
1995,True,Optimization terminated successfully.,20905,27337,1110.7248,0,1,-0.1248,-1.1684,0.3001,0.7613,0.4237,-0.2957,1.2656,-0.4419,-1.1914,-1.0268,-2.0340,-1.0793,3.3839,4.8237,4.9657,1.4624
1996,True,Optimization terminated successfully.,15639,20531,939.5067,0,1,0.0107,-0.7548,0.6332,-1.3287,-0.1649,-0.5160,0.5226,-0.9966,2.3120,0.3843,-1.3036,0.2501,4.3278,-0.3141,2.6285,1.2417
1997,True,Optimization terminated successfully.,9138,12087,6258.7252,0,1,0.1276,-1.1436,-1.3399,-0.5125,-0.6591,-0.7624,0.6279,0.0567,0.6856,0.5392,-0.5090,0.1376,0.4034,1.3523,0.0261,0.6731
1998,True,Optimization terminated successfully.,21453,28087,490.6529,0,1,-0.0773,-0.8077,-0.2492,-0.3479,-0.1679,-0.4012,0.5213,0.3108,0.4833,-0.4836,-1.7131,0.0711,2.5882,2.4374,3.7940,1.2750
1999,True,Optimization terminated successfully.,21153,27640,844.7946,0,1,0.0460,-0.4463,0.2071,-1.8277,-1.1825,-0.5902,-0.0980,-0.9034,2.8757,1.7540,-1.0730,1.0308,4.3891,-1.3286,0.1689,1.0111
