toy,success,message,nit,nfev,chi2,bad_branch_flag_abs_param_gt_5,physical_branch_flag,dthe_b1_A,dthe_b1_B,dpe_b1_A,dpe_b1_B,dthp,dpp_b1_A,dpp_b1_B
0,True,Optimization terminated successfully.,1804,2791,421.9834,0,1,-0.0168,-0.3738,-0.4939,-0.2078,1.1144,-1.4053,1.2410
1,True,Optimization terminated successfully.,1840,2870,463.3124,0,1,-0.0960,-0.4870,-0.3721,0.1119,1.2845,-1.7974,0.7713
2,True,Optimization terminated successfully.,1908,2956,433.4149,0,1,-0.0789,-0.4785,-0.4092,0.0772,1.2020,-1.6867,0.8127
3,True,Optimization terminated successfully.,1864,2919,430.4075,0,1,-0.0812,-0.4813,-0.3943,0.1072,1.2659,-1.7458,0.8081
4,True,Optimization terminated successfully.,1806,2768,463.3513,0,1,-0.1247,-0.5988,-0.3289,0.2312,1.3244,-1.9435,0.5888
5,True,Optimization terminated successfully.,1655,2589,475.0501,0,1,-0.2185,-0.6299,-0.1717,0.4299,1.5869,-2.4809,0.2809
6,True,Optimization terminated successfully.,1895,2927,412.9496,0,1,-0.1640,-0.5696,-0.2585,0.2306,1.4578,-2.1800,0.6197
7,True,Optimization terminated successfully.,1945,3008,452.4451,0,1,-0.0558,-0.4169,-0.4279,-0.0415,1.2296,-1.6425,1.0440
8,True,Optimization terminated successfully.,1792,2779,414.2955,0,1,-0.1141,-0.5506,-0.3444,0.1831,1.3305,-1.9169,0.6692
9,True,Optimization terminated successfully.,2097,3212,469.5167,0,1,-0.1976,-0.6919,-0.1976,0.5484,1.5517,-2.3760,0.1231
10,True,Optimization terminated successfully.,1843,2870,427.5902,0,1,0.1230,-0.1412,-0.7247,-0.6385,0.7719,-0.6215,1.9412
11,True,Optimization terminated successfully.,2129,3284,498.2814,0,1,-0.0118,-0.4036,-0.4953,-0.1107,1.1138,-1.3816,1.1372
12,True,Optimization terminated successfully.,1697,2642,462.2496,0,1,-0.2250,-0.7979,-0.1572,0.7233,1.6525,-2.5366,-0.1712
13,True,Optimization terminated successfully.,1950,3064,444.8069,0,1,-0.1399,-0.5026,-0.3036,0.1643,1.3784,-2.0541,0.7246
14,True,Optimization terminated successfully.,2071,3181,446.4274,0,1,-0.1074,-0.5587,-0.3544,0.1638,1.3524,-1.8676,0.6279
15,True,Optimization terminated successfully.,2036,3149,433.3397,0,1,-0.1576,-0.6467,-0.2781,0.3869,1.4473,-2.1351,0.3448
16,True,Optimization terminated successfully.,2101,3224,480.3174,0,1,-0.1539,-0.6330,-0.2781,0.3718,1.4372,-2.1294,0.3909
17,True,Optimization terminated successfully.,2064,3188,428.2805,0,1,-0.0802,-0.4828,-0.3870,0.1013,1.2657,-1.7559,0.8036
18,True,Optimization terminated successfully.,1603,2476,343.7271,0,1,0.2893,0.1782,-0.9872,-1.2673,0.4426,0.2574,2.9515
19,True,Optimization terminated successfully.,1849,2860,397.1002,0,1,-0.0585,-0.5092,-0.4298,0.0775,1.1935,-1.6210,0.8166
20,True,Optimization terminated successfully.,2043,3161,461.0473,0,1,-0.1997,-0.6415,-0.1998,0.3890,1.5129,-2.3859,0.3520
21,True,Optimization terminated successfully.,1868,2864,416.6138,0,1,-0.1458,-0.5750,-0.2909,0.2751,1.4127,-2.0707,0.4841
22,True,Optimization terminated successfully.,1780,2795,362.9710,0,1,0.1319,-0.0251,-0.7438,-0.7816,0.7634,-0.5462,2.2067
23,True,Optimization terminated successfully.,1740,2719,410.6479,0,1,-0.0580,-0.3476,-0.4267,-0.1096,1.2019,-1.6240,1.1650
24,True,Optimization terminated successfully.,2011,3097,398.5811,0,1,-0.0326,-0.4443,-0.4588,-0.0326,1.1720,-1.5043,1.0037
25,True,Optimization terminated successfully.,1805,2797,422.8702,0,1,-0.2008,-0.6865,-0.2105,0.4210,1.5282,-2.3568,0.2686
26,True,Optimization terminated successfully.,1350,2125,373.1725,0,1,-0.1281,-0.5463,-0.3190,0.1901,1.3409,-1.9766,0.6416
27,True,Optimization terminated successfully.,2127,3280,392.2401,0,1,-0.2781,-0.8182,-0.0670,0.7727,1.7301,-2.8188,-0.2516
28,True,Optimization terminated successfully.,1518,2352,452.8248,0,1,-0.0802,-0.5292,-0.3911,0.1420,1.2690,-1.7493,0.7248
29,True,Optimization terminated successfully.,1769,2751,377.3453,0,1,-0.1168,-0.5573,-0.3348,0.2300,1.3451,-1.9265,0.6116
30,True,Optimization terminated successfully.,1897,2944,478.2954,0,1,-0.1385,-0.5722,-0.2954,0.2742,1.4368,-2.0764,0.5096
31,True,Optimization terminated successfully.,1695,2640,428.2061,0,1,-0.1715,-0.6571,-0.2508,0.4429,1.4764,-2.2303,0.2800
32,True,Optimization terminated successfully.,1926,2998,449.0517,0,1,-0.0739,-0.4695,-0.4052,0.0779,1.2782,-1.7087,0.8495
33,True,Optimization terminated successfully.,1803,2791,392.0000,0,1,-0.0981,-0.5220,-0.3772,0.1410,1.2910,-1.7832,0.7431
34,True,Optimization terminated successfully.,1537,2423,400.9165,0,1,-0.1250,-0.5617,-0.3421,0.1843,1.3125,-1.9218,0.6615
35,True,Optimization terminated successfully.,1739,2724,442.3840,0,1,-0.1448,-0.5629,-0.2843,0.2741,1.4273,-2.1104,0.5384
36,True,Optimization terminated successfully.,1764,2720,430.6816,0,1,-0.0343,-0.4051,-0.4872,-0.0998,1.1154,-1.4413,1.1218
37,True,Optimization terminated successfully.,1555,2430,484.7823,0,1,-0.2050,-0.7502,-0.1886,0.5725,1.5785,-2.4184,0.0286
38,True,Optimization terminated successfully.,1592,2451,414.2847,0,1,-0.1493,-0.6479,-0.2869,0.3057,1.3990,-2.1192,0.4451
39,True,Optimization terminated successfully.,1974,3065,424.3223,0,1,-0.1387,-0.5577,-0.3024,0.2374,1.3752,-2.0355,0.5566
40,True,Optimization terminated successfully.,1788,2767,410.0697,0,1,0.0625,-0.3033,-0.6242,-0.3564,0.9442,-0.9567,1.4834
41,True,Optimization terminated successfully.,1940,2978,490.7144,0,1,0.0590,-0.2848,-0.6190,-0.3838,0.9442,-0.9902,1.5041
42,True,Optimization terminated successfully.,1803,2816,480.1669,0,1,-0.1243,-0.6942,-0.3161,0.4774,1.3615,-2.0126,0.1814
43,True,Optimization terminated successfully.,1932,3007,482.5171,0,1,-0.1384,-0.5561,-0.3042,0.2182,1.3707,-2.0376,0.6418
44,True,Optimization terminated successfully.,1863,2876,414.3468,0,1,-0.0698,-0.5468,-0.4120,0.1512,1.2488,-1.6633,0.7219
45,True,Optimization terminated successfully.,1703,2674,367.9668,0,1,-0.0345,-0.5479,-0.4617,0.1131,1.1896,-1.5199,0.7107
46,True,Optimization terminated successfully.,1696,2653,456.9289,0,1,0.0001,-0.4126,-0.5329,-0.1451,1.0487,-1.2759,1.1546
47,True,Optimization terminated successfully.,1997,3063,435.8884,0,1,0.1016,-0.1723,-0.6930,-0.5699,0.8356,-0.7223,1.8235
48,True,Optimization terminated successfully.,1856,2865,441.4065,0,1,-0.1470,-0.6264,-0.2682,0.3461,1.4528,-2.1595,0.3856
49,True,Optimization terminated successfully.,1759,2742,428.4147,0,1,-0.0613,-0.4100,-0.4222,-0.0910,1.2065,-1.6278,1.1010
50,True,Optimization terminated successfully.,1628,2512,475.9833,0,1,-0.1461,-0.5042,-0.2911,0.2125,1.3997,-2.1009,0.6423
51,True,Optimization terminated successfully.,1366,2159,488.4534,0,1,-0.0237,-0.4010,-0.4860,-0.0986,1.1573,-1.4177,1.0971
52,True,Optimization terminated successfully.,1805,2811,447.6216,0,1,-0.4902,-1.1356,0.2713,1.4274,2.1776,-3.9613,-1.2703
53,True,Optimization terminated successfully.,1897,2940,497.4735,0,1,-0.1002,-0.5478,-0.3562,0.2087,1.3235,-1.8608,0.6395
54,True,Optimization terminated successfully.,1807,2845,359.8469,0,1,-0.1015,-0.5705,-0.3634,0.2302,1.3011,-1.8461,0.5818
55,True,Optimization terminated successfully.,1917,2961,440.0704,0,1,-0.1712,-0.5819,-0.2530,0.2906,1.4445,-2.2136,0.4728
56,True,Optimization terminated successfully.,1501,2330,392.2587,0,1,0.0048,-0.2823,-0.5319,-0.2795,1.0487,-1.2800,1.3667
57,True,Optimization terminated successfully.,1832,2847,494.4279,0,1,-0.1340,-0.6063,-0.3057,0.2966,1.3841,-2.0349,0.4998
58,True,Optimization terminated successfully.,2002,3103,533.1575,0,1,-0.1215,-0.4878,-0.3266,0.0800,1.3317,-1.9538,0.7905
59,True,Optimization terminated successfully.,1676,2603,498.6119,0,1,-0.1465,-0.5694,-0.2742,0.2336,1.4343,-2.1276,0.5826
60,True,Optimization terminated successfully.,1897,2942,508.1055,0,1,0.0214,-0.3783,-0.5549,-0.1665,1.0478,-1.1772,1.1998
61,True,Optimization terminated successfully.,1749,2734,444.1585,0,1,-0.0346,-0.4295,-0.4665,-0.0752,1.1650,-1.4981,1.0779
62,True,Optimization terminated successfully.,1425,2240,482.6250,0,1,-0.1334,-0.5748,-0.3036,0.3222,1.4189,-2.0352,0.4759
63,True,Optimization terminated successfully.,1656,2564,439.5217,0,1,-0.1111,-0.5639,-0.3643,0.2078,1.3056,-1.8544,0.6149
64,True,Optimization terminated successfully.,1718,2698,490.6887,0,1,-0.0432,-0.4011,-0.4544,-0.0697,1.1805,-1.5348,1.0905
65,True,Optimization terminated successfully.,1627,2553,494.9098,0,1,-0.0384,-0.4490,-0.4582,-0.0040,1.1932,-1.5252,0.9387
66,True,Optimization terminated successfully.,2065,3166,402.2126,0,1,-0.0868,-0.4877,-0.3757,0.0471,1.3228,-1.7914,0.8802
67,True,Optimization terminated successfully.,1676,2592,451.8695,0,1,0.0185,-0.3734,-0.5488,-0.1212,1.0722,-1.2124,1.2072
68,True,Optimization terminated successfully.,1812,2786,375.5560,0,1,-0.1851,-0.7041,-0.2295,0.4950,1.5059,-2.2893,0.1528
69,True,Optimization terminated successfully.,2121,3248,396.3687,1,0,-1.0513,-2.1481,1.1892,3.4436,3.5138,-7.0356,-4.3719
70,True,Optimization terminated successfully.,1738,2673,408.7111,0,1,-0.1237,-0.6143,-0.3253,0.2479,1.3678,-1.9627,0.5432
71,True,Optimization terminated successfully.,1783,2769,399.2903,0,1,-0.1536,-0.5805,-0.2791,0.2645,1.4284,-2.1230,0.5050
72,True,Optimization terminated successfully.,1698,2616,524.2184,0,1,-0.0645,-0.5068,-0.4189,0.0970,1.2577,-1.6475,0.8102
73,True,Optimization terminated successfully.,1874,2903,440.0239,0,1,-0.1003,-0.5900,-0.3574,0.2423,1.3246,-1.8638,0.5348
74,True,Optimization terminated successfully.,1812,2788,409.2833,0,1,-0.0671,-0.5415,-0.4099,0.1695,1.2435,-1.6933,0.6891
75,True,Optimization terminated successfully.,1941,3045,482.3987,1,0,-0.8796,-1.8403,0.8937,2.7806,3.0696,-6.0745,-3.4087
76,True,Optimization terminated successfully.,1716,2651,441.9065,0,1,0.1258,-0.1037,-0.7363,-0.7022,0.7806,-0.6039,2.0896
77,True,Optimization terminated successfully.,1754,2731,374.9442,0,1,-0.1299,-0.5785,-0.3016,0.2538,1.4183,-2.0397,0.5523
78,True,Optimization terminated successfully.,1850,2859,452.9737,0,1,-0.1025,-0.5406,-0.3502,0.1335,1.3342,-1.8760,0.7637
79,True,Optimization terminated successfully.,1780,2773,387.2081,0,1,-0.2684,-0.8444,-0.0856,0.7974,1.7062,-2.7653,-0.2708
80,True,Optimization terminated successfully.,1795,2771,377.6361,0,1,-0.0199,-0.4035,-0.4875,-0.0786,1.1488,-1.4095,1.0520
81,True,Optimization terminated successfully.,1736,2706,399.6456,0,1,-0.0912,-0.5468,-0.3667,0.1691,1.2699,-1.8249,0.6478
82,True,Optimization terminated successfully.,2150,3319,428.1954,0,1,-0.2023,-0.7786,-0.1895,0.6358,1.5547,-2.4073,-0.0721
83,True,Optimization terminated successfully.,2176,3366,355.8837,0,1,-0.2908,-0.8266,-0.0565,0.7551,1.7420,-2.8655,-0.2746
84,True,Optimization terminated successfully.,1867,2887,467.0598,0,1,-0.0263,-0.3602,-0.4846,-0.1444,1.1335,-1.4362,1.2025
85,True,Optimization terminated successfully.,1940,2973,408.5223,0,1,0.1480,-0.0472,-0.7568,-0.7578,0.7520,-0.5182,2.1499
86,True,Optimization terminated successfully.,2072,3196,429.1446,0,1,-0.0463,-0.5089,-0.4444,0.1004,1.2213,-1.5707,0.7892
87,True,Optimization terminated successfully.,1801,2808,489.6663,0,1,-0.0860,-0.5333,-0.3774,0.1708,1.3125,-1.7861,0.6845
88,True,Optimization terminated successfully.,1909,2972,447.1351,0,1,0.1105,-0.1702,-0.7096,-0.5649,0.8128,-0.6773,1.7993
89,True,Optimization terminated successfully.,1931,2976,483.7322,0,1,-0.3576,-1.0643,0.0529,1.1596,1.8928,-3.2448,-0.9164
90,True,Optimization terminated successfully.,1684,2619,477.4501,0,1,-0.1151,-0.6107,-0.3326,0.2833,1.3535,-1.9363,0.4670
91,True,Optimization terminated successfully.,2033,3135,479.3866,0,1,-0.1305,-0.5871,-0.3104,0.2635,1.4201,-2.0149,0.5648
92,True,Optimization terminated successfully.,1643,2554,439.5626,0,1,0.1656,-0.0968,-0.7921,-0.7366,0.7175,-0.4153,2.1143
93,True,Optimization terminated successfully.,1793,2791,490.1020,0,1,-0.1371,-0.6949,-0.2930,0.4071,1.4361,-2.0622,0.3158
94,True,Optimization terminated successfully.,1952,3018,427.0695,0,1,-0.1184,-0.6067,-0.3331,0.3136,1.3692,-1.9454,0.4602
95,True,Optimization terminated successfully.,1742,2709,453.5799,0,1,-0.2001,-0.7817,-0.1959,0.6408,1.5827,-2.3975,-0.0890
96,True,Optimization terminated successfully.,1610,2537,557.6160,0,1,-0.1632,-0.5398,-0.2526,0.2511,1.4580,-2.2295,0.5769
97,True,Optimization terminated successfully.,1767,2743,513.8342,0,1,0.2244,0.0111,-0.8997,-1.0068,0.5332,-0.0416,2.4947
98,True,Optimization terminated successfully.,1861,2871,452.5929,0,1,-0.0665,-0.5160,-0.4069,0.1362,1.2714,-1.7005,0.7403
99,True,Optimization terminated successfully.,1237,1972,513.5687,0,1,0.0076,-0.6583,-0.5386,0.1718,1.0571,-1.2521,0.5926
100,True,Optimization terminated successfully.,2227,3432,455.1745,1,0,-0.8800,-1.9212,0.9078,2.9741,3.0845,-6.0996,-3.7071
101,True,Optimization terminated successfully.,2012,3100,504.1404,0,1,-0.0277,-0.4147,-0.4835,-0.0958,1.1407,-1.4230,1.0874
102,True,Optimization terminated successfully.,1638,2551,402.3276,0,1,-0.0678,-0.4551,-0.4167,0.0184,1.2165,-1.6639,0.9386
103,True,Optimization terminated successfully.,1879,2931,479.3810,0,1,-0.0524,-0.4084,-0.4408,-0.0536,1.1879,-1.5537,1.0105
104,True,Optimization terminated successfully.,1664,2585,461.7333,0,1,0.1157,-0.1866,-0.7055,-0.5164,0.8516,-0.7048,1.7629
105,True,Optimization terminated successfully.,1826,2866,466.1894,1,0,1.3151,1.8868,-2.6681,-4.7202,-1.9766,5.9109,8.3081
106,True,Optimization terminated successfully.,1921,2970,422.9382,0,1,-0.0065,-0.4438,-0.5158,-0.0771,1.0865,-1.3235,1.0772
107,True,Optimization terminated successfully.,1968,3069,419.6470,1,0,-1.7575,-3.5123,2.3254,6.0711,5.1315,-10.8893,-8.5199
108,True,Optimization terminated successfully.,1958,3001,454.7481,0,1,-0.0873,-0.3511,-0.3817,-0.0525,1.2711,-1.7841,1.0400
109,True,Optimization terminated successfully.,1632,2517,478.0681,0,1,-0.0227,-0.4351,-0.4837,-0.0770,1.1395,-1.4445,1.0216
110,True,Optimization terminated successfully.,1659,2583,473.5773,0,1,0.0616,-0.2764,-0.6202,-0.3517,0.9602,-0.9684,1.4836
111,True,Optimization terminated successfully.,1600,2504,493.2540,0,1,0.0420,-0.2240,-0.5888,-0.4054,0.9893,-1.0736,1.6135
112,True,Optimization terminated successfully.,1887,2910,405.4949,0,1,-0.1291,-0.5400,-0.3091,0.2201,1.3941,-2.0140,0.6176
113,True,Optimization terminated successfully.,1292,2061,373.7184,0,1,-0.0014,-0.4076,-0.5275,-0.1651,1.0623,-1.2944,1.2116
114,True,Optimization terminated successfully.,1912,2964,440.1046,0,1,-0.1134,-0.5194,-0.3433,0.1722,1.3020,-1.9247,0.6473
115,True,Optimization terminated successfully.,1768,2741,433.5348,0,1,-0.0982,-0.4976,-0.3646,0.1061,1.2943,-1.8340,0.8360
116,True,Optimization terminated successfully.,1822,2826,417.3656,0,1,0.0448,-0.3646,-0.5854,-0.2351,1.0220,-1.0887,1.3206
117,True,Optimization terminated successfully.,1610,2508,482.3262,0,1,-0.1315,-0.5222,-0.3108,0.1757,1.3564,-2.0144,0.6510
118,True,Optimization terminated successfully.,1988,3096,417.4497,0,1,-0.2853,-0.7833,-0.0556,0.7622,1.7701,-2.8788,-0.2470
119,True,Optimization terminated successfully.,1923,2961,429.8728,0,1,-0.6655,-1.4347,0.5513,2.0034,2.5948,-4.9192,-2.1923
120,True,Optimization terminated successfully.,1862,2874,395.6159,0,1,-0.0397,-0.3777,-0.4557,-0.0758,1.1730,-1.5441,1.1012
121,True,Optimization terminated successfully.,1734,2731,454.3950,0,1,0.0401,-0.2959,-0.5991,-0.3128,0.9905,-1.0447,1.4338
122,True,Optimization terminated successfully.,1975,3074,451.5399,0,1,-0.0631,-0.4424,-0.4136,0.0231,1.2778,-1.6671,0.9343
123,True,Optimization terminated successfully.,2807,4314,4.8858,1,0,-60.0385,-105.8596,97.4269,211.8550,140.7655,-330.4964,-329.3330
124,True,Optimization terminated successfully.,1944,2988,465.3058,0,1,0.0613,-0.2207,-0.6344,-0.4977,0.9076,-0.9316,1.7219
125,True,Optimization terminated successfully.,1532,2374,473.1054,0,1,-0.0696,-0.5948,-0.4136,0.2073,1.2371,-1.6632,0.5888
126,True,Optimization terminated successfully.,1889,2938,445.8961,0,1,-0.0549,-0.3878,-0.4356,-0.1287,1.1873,-1.5856,1.0989
127,True,Optimization terminated successfully.,1857,2880,463.9907,0,1,0.0151,-0.2919,-0.5470,-0.3322,1.0531,-1.2240,1.4695
128,True,Optimization terminated successfully.,1694,2654,464.3461,0,1,-0.0872,-0.5276,-0.3712,0.1326,1.2977,-1.7912,0.7191
129,True,Optimization terminated successfully.,1751,2721,536.3410,0,1,0.0179,-0.3938,-0.5395,-0.1124,1.1090,-1.2287,1.1550
130,True,Optimization terminated successfully.,1828,2832,422.6858,0,1,-0.0381,-0.4414,-0.4536,-0.0178,1.2054,-1.5106,0.9723
131,True,Optimization terminated successfully.,1574,2456,536.8176,0,1,-0.3062,-0.8745,-0.0161,0.8608,1.7990,-3.0074,-0.3714
132,True,Optimization terminated successfully.,1525,2394,405.1275,0,1,-0.1000,-0.5530,-0.3606,0.2018,1.3098,-1.8541,0.6054
133,True,Optimization terminated successfully.,2075,3208,424.0078,0,1,-0.1652,-0.6471,-0.2655,0.4005,1.4504,-2.1801,0.3389
134,True,Optimization terminated successfully.,1984,3071,409.1555,0,1,0.4176,0.3301,-1.2046,-1.5823,0.1160,0.9804,3.4015
135,True,Optimization terminated successfully.,1772,2725,411.6198,0,1,-0.1112,-0.4278,-0.3551,0.0035,1.3026,-1.8677,0.9279
136,True,Optimization terminated successfully.,1810,2810,447.4048,0,1,-0.3070,-0.8209,-0.0306,0.7829,1.7952,-2.9581,-0.3031
137,True,Optimization terminated successfully.,1658,2577,495.9652,0,1,-0.4780,-1.0925,0.2511,1.3396,2.1673,-3.9012,-1.1322
138,True,Optimization terminated successfully.,1913,2937,456.0656,0,1,-0.1401,-0.5405,-0.2930,0.2025,1.3791,-2.0651,0.6222
139,True,Optimization terminated successfully.,1735,2684,397.8923,0,1,-0.0315,-0.4467,-0.4725,0.0180,1.1657,-1.4600,0.9463
140,True,Optimization terminated successfully.,1723,2656,454.1302,0,1,-0.3935,-1.0898,0.1184,1.2436,2.0165,-3.4571,-1.0234
141,True,Optimization terminated successfully.,1834,2881,479.0675,0,1,0.2500,0.0346,-0.9378,-1.0240,0.4991,0.0927,2.5274
142,True,Optimization terminated successfully.,1989,3035,527.8822,0,1,-0.1464,-0.7075,-0.3085,0.4420,1.4042,-2.0270,0.2712
143,True,Optimization terminated successfully.,1800,2762,444.6129,0,1,-0.2541,-0.7532,-0.1085,0.6420,1.6854,-2.6969,-0.0396
144,True,Optimization terminated successfully.,1963,3030,437.4896,0,1,-0.2552,-0.7768,-0.1120,0.6666,1.6785,-2.6802,-0.0731
145,True,Optimization terminated successfully.,1618,2509,402.1455,0,1,0.0271,-0.2989,-0.5818,-0.3306,0.9949,-1.0957,1.4353
146,True,Optimization terminated successfully.,1868,2869,444.9044,0,1,-0.0073,-0.3253,-0.5214,-0.2149,1.0555,-1.3108,1.2901
147,True,Optimization terminated successfully.,1814,2804,426.3590,0,1,-0.0817,-0.4922,-0.3851,0.0881,1.2853,-1.7534,0.8158
148,True,Optimization terminated successfully.,1955,3026,433.3235,0,1,-0.0506,-0.4829,-0.4455,0.0564,1.2172,-1.5647,0.8868
149,True,Optimization terminated successfully.,1613,2513,381.9436,0,1,0.0383,-0.2604,-0.5969,-0.3624,0.9774,-1.0504,1.5052
150,True,Optimization terminated successfully.,1947,3032,453.8183,0,1,-0.0862,-0.5791,-0.3924,0.1936,1.2657,-1.7465,0.6350
151,True,Optimization terminated successfully.,2181,3362,466.8412,0,1,0.5072,0.4918,-1.3619,-1.9461,-0.1395,1.5302,3.9447
152,True,Optimization terminated successfully.,2004,3071,460.1438,0,1,-0.0976,-0.5384,-0.3704,0.1413,1.2944,-1.8212,0.7019
153,True,Optimization terminated successfully.,1701,2636,468.1312,0,1,-0.0492,-0.4971,-0.4466,0.0566,1.1930,-1.5663,0.8631
154,True,Optimization terminated successfully.,1893,2935,471.7011,0,1,0.0126,-0.3119,-0.5591,-0.2569,1.0256,-1.1793,1.3668
155,True,Optimization terminated successfully.,1571,2454,451.7276,0,1,-0.0386,-0.4551,-0.4528,0.0160,1.2168,-1.5224,0.8925
156,True,Optimization terminated successfully.,1947,3025,470.2495,0,1,-0.1176,-0.5370,-0.3350,0.1951,1.2991,-1.9281,0.6123
157,True,Optimization terminated successfully.,2003,3070,459.4789,0,1,-0.0951,-0.5101,-0.3725,0.1125,1.2670,-1.7943,0.7588
158,True,Optimization terminated successfully.,1733,2661,340.2941,0,1,-0.1065,-0.6076,-0.3381,0.3107,1.3593,-1.9172,0.4072
159,True,Optimization terminated successfully.,1807,2805,466.5697,0,1,-0.0800,-0.5498,-0.3975,0.1866,1.2789,-1.7393,0.6499
160,True,Optimization terminated successfully.,1926,2988,450.2420,0,1,0.1296,-0.1759,-0.7239,-0.5432,0.8154,-0.6102,1.7946
161,True,Optimization terminated successfully.,1422,2237,410.9481,0,1,-0.3946,-0.9845,0.1128,1.1208,1.9530,-3.4582,-0.8036
162,True,Optimization terminated successfully.,1790,2778,462.2722,0,1,-0.0375,-0.4759,-0.4599,0.0527,1.1956,-1.5208,0.8409
163,True,Optimization terminated successfully.,1702,2648,488.4395,0,1,-0.1151,-0.5839,-0.3293,0.2810,1.3478,-1.9493,0.4955
164,True,Optimization terminated successfully.,1896,2940,444.3308,0,1,-0.3837,-1.0332,0.1011,1.1824,1.9950,-3.3917,-0.8945
165,True,Optimization terminated successfully.,1875,2883,427.7791,0,1,0.0198,-0.2671,-0.5705,-0.3600,0.9851,-1.1432,1.5157
166,True,Optimization terminated successfully.,2177,3332,409.1975,0,1,0.2177,-0.0049,-0.9018,-0.9639,0.5226,-0.0330,2.4188
167,True,Optimization terminated successfully.,1764,2713,406.8895,0,1,-0.0082,-0.3564,-0.4948,-0.1573,1.1528,-1.4092,1.1599
168,True,Optimization terminated successfully.,1953,3018,322.6969,1,0,-6.4501,-11.6198,9.9989,22.4521,16.0732,-36.6717,-34.0544
169,True,Optimization terminated successfully.,1578,2432,532.3036,0,1,-0.0593,-0.4384,-0.4309,-0.0599,1.1833,-1.6127,1.0187
170,True,Optimization terminated successfully.,1871,2867,372.2566,0,1,-0.1202,-0.5732,-0.3262,0.2724,1.3711,-1.9712,0.5133
171,True,Optimization terminated successfully.,1876,2893,370.2964,0,1,0.1366,-0.1216,-0.7406,-0.6818,0.7807,-0.5680,1.9901
172,True,Optimization terminated successfully.,1723,2660,451.3160,0,1,-0.1022,-0.5182,-0.3674,0.0748,1.3123,-1.8365,0.8734
173,True,Optimization terminated successfully.,1911,2968,419.0479,0,1,-0.1027,-0.4949,-0.3560,0.1129,1.3357,-1.8584,0.7732
174,True,Optimization terminated successfully.,2371,3658,521.1804,0,1,0.0074,-0.3961,-0.5250,-0.1679,1.0922,-1.2730,1.1533
175,True,Optimization terminated successfully.,1830,2842,514.7062,0,1,-0.1359,-0.6120,-0.3101,0.3072,1.3810,-2.0210,0.4568
176,True,Optimization terminated successfully.,1875,2911,515.5381,0,1,-0.0306,-0.3719,-0.4718,-0.1278,1.1656,-1.4943,1.1426
177,True,Optimization terminated successfully.,1930,2995,415.5789,0,1,0.0781,-0.1697,-0.6497,-0.5109,0.9085,-0.8837,1.7396
178,True,Optimization terminated successfully.,1647,2567,510.9182,0,1,-0.0845,-0.4712,-0.3891,0.0623,1.2652,-1.7497,0.8451
179,True,Optimization terminated successfully.,1828,2857,372.6345,0,1,-0.0838,-0.4814,-0.3846,0.0914,1.2945,-1.7498,0.8032
180,True,Optimization terminated successfully.,1950,3018,413.9280,0,1,-0.1174,-0.5277,-0.3342,0.1953,1.3558,-1.9377,0.6671
181,True,Optimization terminated successfully.,2067,3224,537.6414,0,1,-0.0140,-0.4217,-0.4921,-0.0384,1.1762,-1.3954,0.9709
182,True,Optimization terminated successfully.,1866,2899,451.7555,0,1,-0.0270,-0.4639,-0.4757,0.0487,1.1932,-1.4627,0.8634
183,True,Optimization terminated successfully.,1902,2973,502.7066,0,1,-0.3830,-1.0179,0.1031,1.1432,1.9696,-3.4083,-0.8293
184,True,Optimization terminated successfully.,1870,2903,457.2191,0,1,-0.0399,-0.5325,-0.4505,0.1041,1.2005,-1.5312,0.7555
185,True,Optimization terminated successfully.,1800,2811,491.4031,0,1,-0.2084,-0.6945,-0.1877,0.4662,1.5579,-2.4164,0.2314
186,True,Optimization terminated successfully.,1801,2791,403.4419,0,1,-0.0745,-0.4564,-0.3951,0.0546,1.2625,-1.7326,0.8465
187,True,Optimization terminated successfully.,1979,3045,414.1566,0,1,-0.0465,-0.4883,-0.4449,0.0182,1.2001,-1.5697,0.8502
188,True,Optimization terminated successfully.,1933,2991,428.0720,0,1,0.0038,-0.3393,-0.5273,-0.2329,1.0862,-1.2967,1.2880
189,True,Optimization terminated successfully.,1653,2548,532.3865,0,1,-0.0535,-0.4086,-0.4390,-0.0792,1.1955,-1.5851,1.0981
190,True,Optimization terminated successfully.,1621,2511,357.8528,0,1,-0.0785,-0.4729,-0.3922,0.0674,1.2864,-1.7356,0.8637
191,True,Optimization terminated successfully.,1918,2994,428.6961,0,1,-0.0881,-0.6134,-0.3812,0.2500,1.2687,-1.7731,0.5161
192,True,Optimization terminated successfully.,1991,3067,412.5968,0,1,0.5451,0.5518,-1.4147,-2.0442,-0.1706,1.6997,4.1023
193,True,Optimization terminated successfully.,2528,3899,2.4849,1,0,-60.2840,-106.2679,97.8223,212.6375,141.3159,-331.8333,-330.5800
194,True,Optimization terminated successfully.,1836,2837,363.3568,0,1,-0.5879,-1.4112,0.4339,1.8978,2.4608,-4.5206,-1.9947
195,True,Optimization terminated successfully.,1846,2841,348.8586,0,1,-0.3071,-0.9182,-0.0245,0.9180,1.7962,-2.9714,-0.4731
196,True,Optimization terminated successfully.,1772,2744,450.5090,0,1,-0.1473,-0.5897,-0.2827,0.2766,1.4329,-2.1229,0.5464
197,True,Optimization terminated successfully.,1756,2766,498.4789,0,1,-0.0460,-0.4686,-0.4451,-0.0200,1.1831,-1.5630,0.9744
198,True,Optimization terminated successfully.,1702,2634,383.7623,0,1,0.0272,-0.3168,-0.5625,-0.2528,1.0256,-1.1646,1.3313
199,True,Optimization terminated successfully.,2908,4457,1.6504,1,0,-60.6640,-106.9698,98.4557,214.0722,142.2522,-333.9553,-332.8146
200,True,Optimization terminated successfully.,1713,2649,497.6791,0,1,-0.1170,-0.4531,-0.3503,0.0564,1.3012,-1.9093,0.8435
201,True,Optimization terminated successfully.,1808,2790,437.4578,0,1,0.0406,-0.3293,-0.5933,-0.2875,0.9849,-1.0606,1.3766
202,True,Optimization terminated successfully.,1762,2749,413.1652,0,1,0.0394,-0.4042,-0.5841,-0.1390,1.0146,-1.0923,1.1293
203,True,Optimization terminated successfully.,1773,2741,464.7348,0,1,-0.0841,-0.4923,-0.3869,0.1461,1.2782,-1.7663,0.6963
204,True,Optimization terminated successfully.,1895,2920,428.5863,0,1,-0.1497,-0.6646,-0.2800,0.3965,1.4693,-2.1187,0.3199
205,True,Optimization terminated successfully.,1507,2335,413.8508,0,1,-0.0368,-0.4233,-0.4526,-0.0665,1.1984,-1.5301,1.0590
206,True,Optimization terminated successfully.,1634,2528,364.1088,0,1,0.0091,-0.3471,-0.5490,-0.2372,1.0361,-1.2108,1.2950
207,True,Optimization terminated successfully.,1613,2496,475.0129,0,1,-0.0515,-0.4210,-0.4441,-0.0863,1.1725,-1.5702,1.0365
208,True,Optimization terminated successfully.,2039,3171,441.3801,0,1,-0.1629,-0.4865,-0.2652,0.1001,1.4136,-2.1610,0.7958
209,True,Optimization terminated successfully.,1726,2673,393.1277,0,1,0.4608,0.5241,-1.2630,-1.8799,0.0330,1.1992,3.8609
210,True,Optimization terminated successfully.,1697,2621,419.3420,0,1,-0.2979,-0.8937,-0.0415,0.8851,1.7629,-2.9247,-0.4335
211,True,Optimization terminated successfully.,1749,2695,426.8728,0,1,0.0021,-0.4098,-0.5182,-0.1193,1.1137,-1.2979,1.0919
212,True,Optimization terminated successfully.,1804,2805,446.4724,0,1,-0.1868,-0.6826,-0.2168,0.4978,1.5449,-2.3330,0.1651
213,True,Optimization terminated successfully.,1833,2834,443.7034,0,1,-0.1200,-0.6045,-0.3273,0.2792,1.3483,-1.9588,0.5164
214,True,Optimization terminated successfully.,1685,2596,426.1248,0,1,0.3145,0.1841,-1.0286,-1.2396,0.3506,0.4015,2.8838
215,True,Optimization terminated successfully.,1798,2781,452.7855,0,1,-0.0823,-0.4993,-0.3959,0.0599,1.2469,-1.7291,0.8603
216,True,Optimization terminated successfully.,1830,2808,393.8708,0,1,-0.1477,-0.6587,-0.2803,0.3515,1.4214,-2.1254,0.4067
217,True,Optimization terminated successfully.,1797,2811,442.0096,0,1,0.0308,-0.3825,-0.5723,-0.1957,1.0326,-1.1322,1.2191
218,True,Optimization terminated successfully.,2099,3215,458.9675,0,1,0.0152,-0.3460,-0.5404,-0.2659,1.0606,-1.2442,1.3468
219,True,Optimization terminated successfully.,1822,2816,430.0148,0,1,-0.0768,-0.5185,-0.4036,0.1174,1.2365,-1.6852,0.7924
220,True,Optimization terminated successfully.,1745,2717,403.5610,0,1,-0.0590,-0.4364,-0.4223,-0.0210,1.2533,-1.6361,0.9627
221,True,Optimization terminated successfully.,1546,2405,317.5982,0,1,-0.0645,-0.4660,-0.4166,0.0314,1.2444,-1.6495,0.8963
222,True,Optimization terminated successfully.,2166,3364,505.5960,0,1,0.1208,-0.1037,-0.7369,-0.7120,0.7691,-0.5877,2.1154
223,True,Optimization terminated successfully.,1957,3028,444.9576,0,1,-0.0153,-0.3566,-0.5030,-0.1865,1.0853,-1.3751,1.2195
224,True,Optimization terminated successfully.,1812,2811,492.2113,0,1,-0.0621,-0.4658,-0.4260,0.0120,1.2150,-1.6151,0.9175
225,True,Optimization terminated successfully.,2082,3194,539.6619,0,1,0.0075,-0.3761,-0.5420,-0.1335,1.0834,-1.2407,1.1456
226,True,Optimization terminated successfully.,1846,2835,467.4828,0,1,0.0106,-0.4061,-0.5358,-0.1732,1.0503,-1.2597,1.1960
227,True,Optimization terminated successfully.,1999,3078,410.7199,0,1,-0.0325,-0.4607,-0.4684,-0.0187,1.1777,-1.4826,0.9447
228,True,Optimization terminated successfully.,1943,3005,455.5282,0,1,0.0118,-0.3482,-0.5451,-0.2276,1.0496,-1.2339,1.3131
229,True,Optimization terminated successfully.,1628,2545,479.7945,0,1,-0.1254,-0.5836,-0.3126,0.2628,1.3963,-2.0242,0.5054
230,True,Optimization terminated successfully.,1806,2764,391.0832,0,1,-0.0100,-0.4523,-0.5093,-0.0717,1.1037,-1.3440,1.0731
231,True,Optimization terminated successfully.,1516,2350,432.9404,0,1,-0.1636,-0.6718,-0.2631,0.4145,1.4553,-2.1803,0.2873
232,True,Optimization terminated successfully.,1816,2818,402.2351,0,1,0.0106,-0.3790,-0.5385,-0.2002,1.0709,-1.2298,1.2570
233,True,Optimization terminated successfully.,1829,2847,408.3576,0,1,-0.4604,-1.1219,0.2366,1.4064,2.1795,-3.8557,-1.2303
234,True,Optimization terminated successfully.,1866,2872,451.2469,0,1,0.1000,-0.1076,-0.6785,-0.6012,0.9023,-0.7727,1.9103
235,True,Optimization terminated successfully.,2061,3221,516.9790,1,0,0.7585,1.0693,-1.7643,-2.9828,-0.6796,2.8715,5.5951
236,True,Optimization terminated successfully.,1982,3069,452.2794,0,1,-0.1371,-0.6059,-0.2998,0.3702,1.4227,-2.0529,0.3582
237,True,Optimization terminated successfully.,1969,3045,400.0719,0,1,-0.0807,-0.4774,-0.3993,0.0596,1.2458,-1.7019,0.8745
238,True,Optimization terminated successfully.,1788,2775,430.8877,0,1,-0.2235,-0.7795,-0.1665,0.6014,1.5752,-2.5172,0.0079
239,True,Optimization terminated successfully.,1904,2973,437.3853,0,1,-0.0771,-0.4232,-0.4127,-0.0792,1.2215,-1.6847,1.0614
240,True,Optimization terminated successfully.,1727,2697,435.9122,0,1,-0.1243,-0.6519,-0.3206,0.3674,1.3739,-1.9687,0.3340
241,True,Optimization terminated successfully.,1878,2907,447.6926,0,1,-0.3589,-0.9982,0.0703,1.0949,1.9284,-3.2912,-0.7330
242,True,Optimization terminated successfully.,1881,2915,445.1251,0,1,0.0520,-0.3114,-0.6113,-0.3222,0.9803,-1.0009,1.4689
243,True,Optimization terminated successfully.,1860,2843,448.8005,0,1,0.3649,0.2953,-1.1165,-1.4274,0.2453,0.6897,3.1929
244,True,Optimization terminated successfully.,1610,2523,467.5707,0,1,-0.0533,-0.3601,-0.4329,-0.1058,1.2135,-1.5925,1.1282
245,True,Optimization terminated successfully.,1721,2620,484.6555,0,1,0.0678,-0.2083,-0.6357,-0.5700,0.8817,-0.9300,1.8219
246,True,Optimization terminated successfully.,1872,2895,499.3302,0,1,-0.0561,-0.4069,-0.4460,-0.0833,1.1749,-1.5600,1.0746
247,True,Optimization terminated successfully.,2073,3197,436.7173,0,1,-0.0973,-0.5649,-0.3716,0.1895,1.3221,-1.8111,0.6149
248,True,Optimization terminated successfully.,1764,2734,437.7001,0,1,-0.1277,-0.5351,-0.3137,0.2027,1.3578,-1.9993,0.6406
249,True,Optimization terminated successfully.,1607,2508,423.2109,0,1,-0.1280,-0.6183,-0.3102,0.2933,1.3839,-2.0160,0.4840
250,True,Optimization terminated successfully.,1694,2609,468.8282,0,1,0.0327,-0.3080,-0.5751,-0.2578,0.9901,-1.1327,1.4093
251,True,Optimization terminated successfully.,1578,2443,445.9825,0,1,-0.1033,-0.4374,-0.3691,0.0203,1.2720,-1.8181,0.9333
252,True,Optimization terminated successfully.,1816,2815,415.0437,0,1,-0.1661,-0.6546,-0.2549,0.3981,1.4708,-2.1961,0.3406
253,True,Optimization terminated successfully.,2095,3199,390.3034,0,1,-0.0617,-0.4556,-0.4275,0.0564,1.2241,-1.6292,0.9168
254,True,Optimization terminated successfully.,1811,2803,420.6462,0,1,-0.0079,-0.3214,-0.5090,-0.2654,1.1024,-1.3611,1.3402
255,True,Optimization terminated successfully.,1472,2275,464.5773,0,1,-0.0902,-0.4386,-0.3899,0.0487,1.2689,-1.7658,0.8903
256,True,Optimization terminated successfully.,2076,3230,445.2292,0,1,-0.0609,-0.4441,-0.4328,-0.0321,1.1918,-1.6114,0.9829
257,True,Optimization terminated successfully.,1802,2808,465.1007,0,1,0.0176,-0.3821,-0.5544,-0.1867,1.0460,-1.1926,1.2184
258,True,Optimization terminated successfully.,2008,3112,433.4500,0,1,-0.0407,-0.3950,-0.4571,-0.0771,1.1855,-1.5024,1.0776
259,True,Optimization terminated successfully.,1872,2902,463.4074,0,1,-0.0343,-0.4603,-0.4632,0.0292,1.1712,-1.4998,0.9318
260,True,Optimization terminated successfully.,1679,2585,455.3386,0,1,0.1101,-0.1958,-0.7065,-0.5163,0.8226,-0.6832,1.7425
261,True,Optimization terminated successfully.,1852,2847,421.4180,0,1,0.0066,-0.3697,-0.5379,-0.1827,1.0593,-1.2516,1.2545
262,True,Optimization terminated successfully.,1649,2546,441.6605,0,1,-0.0897,-0.4492,-0.3845,-0.0057,1.2724,-1.7781,0.9948
263,True,Optimization terminated successfully.,1821,2826,337.8307,0,1,0.0081,-0.3303,-0.5439,-0.2556,1.0509,-1.2296,1.3379
264,True,Optimization terminated successfully.,1626,2552,445.5148,0,1,0.0886,-0.2412,-0.6720,-0.4821,0.8537,-0.8022,1.6448
265,True,Optimization terminated successfully.,1681,2616,509.9069,0,1,-0.1106,-0.5714,-0.3349,0.2300,1.3680,-1.9202,0.5924
266,True,Optimization terminated successfully.,2115,3259,430.6699,0,1,0.0055,-0.4804,-0.5288,0.0110,1.0813,-1.2713,0.8687
267,True,Optimization terminated successfully.,1783,2801,425.3557,0,1,-0.0638,-0.4200,-0.4233,-0.0531,1.2039,-1.6436,1.0574
268,True,Optimization terminated successfully.,1830,2839,436.8700,0,1,-0.0421,-0.3636,-0.4441,-0.0690,1.2200,-1.5440,1.0806
269,True,Optimization terminated successfully.,1441,2238,405.1458,0,1,-0.1226,-0.6409,-0.3190,0.3949,1.3929,-1.9834,0.2968
270,True,Optimization terminated successfully.,1806,2783,426.0434,0,1,-0.0869,-0.4488,-0.3828,0.0416,1.2654,-1.7868,0.8991
271,True,Optimization terminated successfully.,1944,3049,448.2031,0,1,0.3708,0.2734,-1.1270,-1.4895,0.2093,0.7175,3.2518
272,True,Optimization terminated successfully.,1818,2825,459.8009,0,1,-0.1585,-0.5734,-0.2615,0.3114,1.4650,-2.1668,0.5227
273,True,Optimization terminated successfully.,1902,2903,395.3513,0,1,-0.0915,-0.5155,-0.3865,0.1491,1.2401,-1.7599,0.7023
274,True,Optimization terminated successfully.,1636,2532,450.0688,0,1,0.0221,-0.3402,-0.5457,-0.2523,1.0400,-1.2284,1.3865
275,True,Optimization terminated successfully.,2098,3208,412.1059,1,0,-0.8095,-1.8084,0.7827,2.7077,2.9227,-5.6946,-3.3069
276,True,Optimization terminated successfully.,1666,2594,419.2340,0,1,-0.1751,-0.5959,-0.2435,0.3779,1.4714,-2.2405,0.3827
277,True,Optimization terminated successfully.,2059,3151,444.4293,0,1,-0.1504,-0.5718,-0.2769,0.2979,1.4289,-2.1349,0.4926
278,True,Optimization terminated successfully.,1853,2877,445.0724,0,1,-0.0425,-0.4630,-0.4512,0.0229,1.2249,-1.5490,0.9291
279,True,Optimization terminated successfully.,1810,2798,515.1806,0,1,0.0071,-0.3683,-0.5367,-0.1900,1.0913,-1.2486,1.2457
280,True,Optimization terminated successfully.,1868,2908,321.0197,0,1,-0.0022,-0.3440,-0.5312,-0.2286,1.0635,-1.2877,1.3457
281,True,Optimization terminated successfully.,1655,2574,513.0665,0,1,-0.1272,-0.6313,-0.3223,0.3392,1.3758,-1.9748,0.4277
282,True,Optimization terminated successfully.,1857,2867,433.8706,0,1,-0.0390,-0.4133,-0.4636,-0.0885,1.1618,-1.5051,1.0571
283,True,Optimization terminated successfully.,1954,3026,456.0585,0,1,-0.0177,-0.4117,-0.4898,-0.0442,1.1567,-1.4198,1.0490
284,True,Optimization terminated successfully.,1952,3006,469.7606,0,1,-0.1498,-0.6722,-0.2821,0.3782,1.4346,-2.1175,0.3239
285,True,Optimization terminated successfully.,1702,2622,456.0725,0,1,0.0371,-0.4073,-0.5846,-0.1509,1.0212,-1.0898,1.1196
286,True,Optimization terminated successfully.,1944,2997,444.2630,0,1,-0.0823,-0.4871,-0.4051,0.0376,1.2291,-1.7035,0.8823
287,True,Optimization terminated successfully.,1723,2683,470.3391,1,0,0.9440,1.3212,-2.0632,-3.5361,-1.1281,3.8628,6.4821
288,True,Optimization terminated successfully.,1906,2950,459.5412,0,1,0.1461,-0.1555,-0.7584,-0.6324,0.7521,-0.5072,1.9206
289,True,Optimization terminated successfully.,1192,1896,469.5751,0,1,-0.1421,-0.5832,-0.2864,0.3311,1.4417,-2.1003,0.4505
290,True,Optimization terminated successfully.,1866,2900,378.5836,0,1,-0.0056,-0.3853,-0.5261,-0.1596,1.0819,-1.3015,1.1831
291,True,Optimization terminated successfully.,1832,2862,443.6913,0,1,-0.0743,-0.4777,-0.4039,0.0768,1.2774,-1.7101,0.8018
292,True,Optimization terminated successfully.,2071,3194,409.8256,0,1,-0.0183,-0.3724,-0.4918,-0.1775,1.0862,-1.4075,1.2177
293,True,Optimization terminated successfully.,1637,2531,434.4591,0,1,-0.3784,-1.0343,0.0897,1.1752,1.9516,-3.3588,-0.9096
294,True,Optimization terminated successfully.,1756,2710,440.2211,0,1,0.1973,-0.0476,-0.8567,-0.8397,0.5867,-0.1748,2.2268
295,True,Optimization terminated successfully.,1946,3028,422.9485,1,0,-0.6842,-1.4760,0.5889,2.1391,2.6623,-5.0412,-2.3421
296,True,Optimization terminated successfully.,1824,2831,450.3234,0,1,-0.0930,-0.6224,-0.3639,0.3012,1.3379,-1.8157,0.4632
297,True,Optimization terminated successfully.,1887,2908,459.9431,0,1,0.0200,-0.3711,-0.5613,-0.2078,1.0269,-1.1667,1.2650
298,True,Optimization terminated successfully.,1679,2626,424.4584,0,1,0.0121,-0.3763,-0.5448,-0.1922,1.0740,-1.2144,1.2371
299,True,Optimization terminated successfully.,1591,2473,435.1831,0,1,0.0146,-0.2639,-0.5490,-0.2890,1.0581,-1.2111,1.4068
300,True,Optimization terminated successfully.,1878,2865,415.2049,0,1,-0.3264,-0.9002,0.0054,0.8986,1.8372,-3.0996,-0.4416
301,True,Optimization terminated successfully.,1881,2919,442.1197,0,1,-0.1640,-0.6809,-0.2539,0.4141,1.4646,-2.1970,0.3036
302,True,Optimization terminated successfully.,1811,2805,416.4907,0,1,-0.2466,-0.7711,-0.1204,0.6413,1.6654,-2.6489,-0.0655
303,True,Optimization terminated successfully.,1718,2646,407.6705,0,1,-0.0146,-0.3693,-0.5107,-0.1872,1.0840,-1.3372,1.2116
304,True,Optimization terminated successfully.,1504,2357,445.0732,0,1,-0.0742,-0.4915,-0.4063,0.0589,1.2737,-1.7063,0.8449
305,True,Optimization terminated successfully.,1874,2922,472.0560,0,1,0.3454,0.1957,-1.0914,-1.3300,0.2684,0.6002,3.0204
306,True,Optimization terminated successfully.,1895,2938,380.0723,0,1,-0.1280,-0.5458,-0.3309,0.1605,1.3166,-1.9522,0.6649
307,True,Optimization terminated successfully.,1840,2844,490.5193,0,1,-0.2636,-0.8427,-0.0909,0.7305,1.6970,-2.7412,-0.1922
308,True,Optimization terminated successfully.,1907,2948,469.9424,0,1,-0.0369,-0.3820,-0.4622,-0.0889,1.1934,-1.5061,1.1115
309,True,Optimization terminated successfully.,1750,2696,501.0860,0,1,-0.1427,-0.5776,-0.2937,0.2730,1.3908,-2.0666,0.5182
310,True,Optimization terminated successfully.,1621,2539,396.4742,0,1,-0.1784,-0.6640,-0.2266,0.4688,1.5160,-2.2932,0.2389
311,True,Optimization terminated successfully.,1548,2397,407.9349,0,1,-0.1034,-0.6022,-0.3600,0.2944,1.3156,-1.8551,0.5021
312,True,Optimization terminated successfully.,1868,2867,428.2860,0,1,-0.0386,-0.4532,-0.4544,-0.0035,1.2071,-1.5200,0.9580
313,True,Optimization terminated successfully.,1922,2955,380.4173,0,1,-0.0346,-0.4744,-0.4669,0.0271,1.1688,-1.4786,0.9243
314,True,Optimization terminated successfully.,1876,2883,416.1829,0,1,-0.2040,-0.6621,-0.1864,0.5176,1.5546,-2.4228,0.1945
315,True,Optimization terminated successfully.,1821,2852,403.1402,1,0,-4.3298,-7.9259,6.5368,14.9783,11.1005,-25.0347,-22.4445
316,True,Optimization terminated successfully.,1652,2534,418.0962,0,1,-0.2715,-0.8023,-0.0731,0.6789,1.6981,-2.8265,-0.1417
317,True,Optimization terminated successfully.,1991,3063,383.6443,0,1,-0.1334,-0.6421,-0.3002,0.3707,1.4322,-2.0251,0.3809
318,True,Optimization terminated successfully.,1655,2592,393.4442,0,1,-0.1007,-0.6114,-0.3534,0.2750,1.3373,-1.8634,0.4924
319,True,Optimization terminated successfully.,1908,2971,476.9836,0,1,0.0266,-0.2564,-0.5783,-0.3551,0.9827,-1.1326,1.4733
320,True,Optimization terminated successfully.,1747,2716,415.1597,0,1,-0.0772,-0.4337,-0.3911,0.0196,1.2658,-1.7424,0.9244
321,True,Optimization terminated successfully.,1782,2755,460.3044,0,1,-0.1194,-0.6008,-0.3286,0.2881,1.3876,-1.9532,0.4687
322,True,Optimization terminated successfully.,1831,2811,490.2752,0,1,-0.0466,-0.4429,-0.4554,-0.0617,1.1708,-1.5377,1.0115
323,True,Optimization terminated successfully.,1830,2825,478.1675,0,1,-0.0353,-0.4133,-0.4705,-0.0824,1.1464,-1.4660,1.0591
324,True,Optimization terminated successfully.,1960,3067,384.2890,0,1,-0.0107,-0.3808,-0.5091,-0.1207,1.1100,-1.3571,1.1317
325,True,Optimization terminated successfully.,1719,2670,416.9479,0,1,-0.1355,-0.6599,-0.2981,0.3556,1.3776,-2.0608,0.3622
326,True,Optimization terminated successfully.,1730,2680,477.4894,0,1,-0.0688,-0.4868,-0.4115,0.0452,1.2312,-1.6853,0.8376
327,True,Optimization terminated successfully.,1617,2548,456.9272,0,1,0.0088,-0.4036,-0.5440,-0.1846,1.0434,-1.2262,1.2327
328,True,Optimization terminated successfully.,1945,3007,453.9729,0,1,0.0585,-0.2030,-0.6254,-0.4619,0.9487,-0.9615,1.6706
329,True,Optimization terminated successfully.,1746,2703,407.5323,0,1,-0.0421,-0.3330,-0.4577,-0.1672,1.1279,-1.5324,1.2042
330,True,Optimization terminated successfully.,2021,3115,426.4716,0,1,-0.1444,-0.6549,-0.2918,0.3272,1.4139,-2.0900,0.4245
331,True,Optimization terminated successfully.,1692,2598,433.0382,0,1,-0.1950,-0.6162,-0.2018,0.3872,1.5367,-2.3735,0.3813
332,True,Optimization terminated successfully.,1857,2862,419.8205,0,1,0.0675,-0.2788,-0.6378,-0.3516,0.9078,-0.9132,1.4912
333,True,Optimization terminated successfully.,1895,2933,489.1808,0,1,-0.0545,-0.4895,-0.4453,0.0320,1.1642,-1.5807,0.8811
334,True,Optimization terminated successfully.,1738,2675,416.2521,0,1,-0.0640,-0.4411,-0.4226,-0.0042,1.2165,-1.6401,0.9348
335,True,Optimization terminated successfully.,1928,2982,530.6020,0,1,-0.1260,-0.5801,-0.3121,0.2445,1.4132,-2.0107,0.5778
336,True,Optimization terminated successfully.,1745,2704,495.0700,0,1,-0.0664,-0.5265,-0.4171,0.1608,1.2514,-1.6820,0.7186
337,True,Optimization terminated successfully.,1762,2778,400.1185,0,1,-0.0317,-0.3675,-0.4731,-0.1212,1.1544,-1.4659,1.1176
338,True,Optimization terminated successfully.,1834,2851,362.7268,0,1,-0.4571,-1.1496,0.2204,1.3584,2.1607,-3.7861,-1.1900
339,True,Optimization terminated successfully.,1718,2664,406.1825,0,1,-0.1494,-0.6246,-0.2851,0.3651,1.3984,-2.1002,0.3797
340,True,Optimization terminated successfully.,1949,2995,412.2243,0,1,-0.1573,-0.6503,-0.2631,0.3506,1.4587,-2.1597,0.4138
341,True,Optimization terminated successfully.,1841,2842,470.8971,0,1,-0.0375,-0.3952,-0.4629,-0.0788,1.1830,-1.5123,1.0729
342,True,Optimization terminated successfully.,1956,3013,429.0635,0,1,-0.0883,-0.4564,-0.3878,0.0314,1.2575,-1.7689,0.9490
343,True,Optimization terminated successfully.,2014,3125,385.7197,0,1,-0.1077,-0.6106,-0.3504,0.2660,1.3308,-1.8812,0.5536
344,True,Optimization terminated successfully.,1700,2643,413.4617,0,1,-0.1143,-0.5318,-0.3289,0.2165,1.3806,-1.9383,0.6300
345,True,Optimization terminated successfully.,2045,3165,440.2526,0,1,-0.0299,-0.3865,-0.4689,-0.1083,1.1755,-1.4914,1.0985
346,True,Optimization terminated successfully.,1948,3038,398.9891,0,1,-0.1495,-0.5214,-0.2783,0.2285,1.4188,-2.1145,0.6351
347,True,Optimization terminated successfully.,1954,3012,377.6434,0,1,-0.1854,-0.6003,-0.2225,0.3331,1.4973,-2.3176,0.4350
348,True,Optimization terminated successfully.,1794,2798,407.5318,0,1,0.6234,0.7248,-1.5364,-2.4013,-0.3586,2.0996,4.7039
349,True,Optimization terminated successfully.,1589,2492,392.8681,0,1,0.0285,-0.2050,-0.5821,-0.4116,1.0234,-1.1027,1.5864
350,True,Optimization terminated successfully.,1590,2501,416.7081,0,1,-0.0234,-0.4834,-0.4889,0.0247,1.1381,-1.4161,0.8759
351,True,Optimization terminated successfully.,1832,2836,396.9749,0,1,-0.1748,-0.7039,-0.2387,0.5130,1.5297,-2.2511,0.1622
352,True,Optimization terminated successfully.,1714,2658,440.3588,0,1,-0.1567,-0.6462,-0.2662,0.3898,1.4630,-2.1581,0.3286
353,True,Optimization terminated successfully.,1836,2840,477.8641,0,1,0.0402,-0.3778,-0.5739,-0.1214,1.0271,-1.1175,1.1251
354,True,Optimization terminated successfully.,1588,2461,520.5389,0,1,-0.0320,-0.4643,-0.4731,0.0173,1.1473,-1.4635,0.9150
355,True,Optimization terminated successfully.,1596,2462,402.6308,0,1,-0.0320,-0.4185,-0.4858,-0.0355,1.1395,-1.4218,1.0184
356,True,Optimization terminated successfully.,1745,2685,392.3158,0,1,-0.1158,-0.5625,-0.3342,0.2646,1.3755,-1.9318,0.5455
357,True,Optimization terminated successfully.,1804,2827,422.1020,0,1,0.0027,-0.3904,-0.5378,-0.1117,1.0661,-1.2650,1.1076
358,True,Optimization terminated successfully.,1819,2840,447.5151,0,1,0.0177,-0.3579,-0.5425,-0.2222,1.0746,-1.2282,1.2750
359,True,Optimization terminated successfully.,1677,2619,368.6599,0,1,-0.0680,-0.5127,-0.4076,0.1066,1.2680,-1.6838,0.7939
360,True,Optimization terminated successfully.,1844,2860,378.1862,0,1,-0.0545,-0.4399,-0.4430,-0.0001,1.1883,-1.5618,0.9558
361,True,Optimization terminated successfully.,1870,2866,435.1486,0,1,-0.0618,-0.4870,-0.4255,0.0624,1.2206,-1.6322,0.8321
362,True,Optimization terminated successfully.,1446,2269,453.6197,0,1,-0.0253,-0.4794,-0.4717,-0.0105,1.1861,-1.4768,0.9280
363,True,Optimization terminated successfully.,1961,3056,427.4626,0,1,0.0507,-0.2927,-0.6125,-0.3392,0.9602,-1.0010,1.4567
364,True,Optimization terminated successfully.,2023,3142,355.4449,0,1,-0.0510,-0.4904,-0.4477,0.0719,1.1897,-1.5625,0.7939
365,True,Optimization terminated successfully.,1655,2555,415.7396,0,1,-0.0532,-0.4972,-0.4319,0.1016,1.2225,-1.5980,0.7957
366,True,Optimization terminated successfully.,1851,2861,413.6274,0,1,-0.1333,-0.4939,-0.3075,0.1910,1.3914,-2.0159,0.6516
367,True,Optimization terminated successfully.,1968,3015,383.2618,0,1,-0.1361,-0.5755,-0.3005,0.2715,1.4090,-2.0407,0.5343
368,True,Optimization terminated successfully.,1942,3013,391.8405,0,1,-0.0521,-0.4616,-0.4537,-0.0373,1.1582,-1.5363,1.0121
369,True,Optimization terminated successfully.,1912,2958,412.6142,0,1,-0.1086,-0.5098,-0.3538,0.1321,1.2882,-1.8657,0.7100
370,True,Optimization terminated successfully.,1771,2744,394.1071,0,1,-0.0334,-0.3725,-0.4726,-0.1488,1.1499,-1.4817,1.1805
371,True,Optimization terminated successfully.,1713,2677,489.5487,0,1,-0.1946,-0.7034,-0.2020,0.4794,1.5571,-2.3825,0.1972
372,True,Optimization terminated successfully.,2226,3456,378.1651,0,1,0.3787,0.2811,-1.1426,-1.4721,0.1820,0.7858,3.2895
373,True,Optimization terminated successfully.,1639,2558,396.8170,0,1,-0.0418,-0.3510,-0.4471,-0.1523,1.1895,-1.5524,1.2159
374,True,Optimization terminated successfully.,1828,2812,461.5918,0,1,0.0942,-0.1949,-0.6630,-0.4439,0.9037,-0.8101,1.6438
375,True,Optimization terminated successfully.,1654,2571,460.6249,0,1,-0.0982,-0.5667,-0.3604,0.2061,1.2979,-1.8418,0.6142
376,True,Optimization terminated successfully.,1631,2556,388.6248,0,1,-0.2991,-0.8967,-0.0278,0.8662,1.8015,-2.9572,-0.3930
377,True,Optimization terminated successfully.,1741,2682,478.7737,0,1,-0.1237,-0.5507,-0.3289,0.2400,1.3712,-1.9491,0.6158
378,True,Optimization terminated successfully.,1771,2745,397.5572,0,1,-0.0575,-0.4026,-0.4294,-0.0267,1.2195,-1.6172,1.0108
379,True,Optimization terminated successfully.,1539,2399,449.8303,0,1,-0.0407,-0.4502,-0.4509,0.0006,1.1732,-1.5463,0.9609
380,True,Optimization terminated successfully.,2016,3152,420.9575,0,1,-0.1601,-0.6126,-0.2706,0.3202,1.4192,-2.1523,0.4003
381,True,Optimization terminated successfully.,1778,2761,485.3256,0,1,-0.0034,-0.3417,-0.5203,-0.2352,1.0557,-1.3110,1.3076
382,True,Optimization terminated successfully.,1937,2971,467.4770,0,1,-0.0912,-0.5372,-0.3646,0.1325,1.3054,-1.8317,0.7031
383,True,Optimization terminated successfully.,1553,2425,479.0520,0,1,0.3005,0.2195,-1.0254,-1.3571,0.3313,0.3755,3.0657
384,True,Optimization terminated successfully.,1881,2912,473.2283,0,1,-0.0734,-0.4908,-0.4115,0.1022,1.2555,-1.6791,0.8198
385,True,Optimization terminated successfully.,1698,2651,386.6146,0,1,-0.0464,-0.4730,-0.4539,0.0179,1.1548,-1.5379,0.9017
386,True,Optimization terminated successfully.,1768,2740,474.9939,0,1,-0.1018,-0.5057,-0.3570,0.1141,1.3000,-1.8537,0.7950
387,True,Optimization terminated successfully.,1678,2610,381.2745,0,1,-0.0446,-0.4776,-0.4599,-0.0098,1.1584,-1.5232,0.8960
388,True,Optimization terminated successfully.,1995,3060,424.8115,0,1,0.1192,-0.0700,-0.7248,-0.7265,0.7772,-0.6418,2.0956
389,True,Optimization terminated successfully.,2170,3359,508.4884,0,1,-0.3363,-0.9032,0.0271,0.8712,1.8613,-3.1672,-0.4335
390,True,Optimization terminated successfully.,1848,2846,404.5741,0,1,-0.1545,-0.6116,-0.2736,0.3508,1.4406,-2.1417,0.3953
391,True,Optimization terminated successfully.,1874,2918,472.1769,0,1,-0.1216,-0.6496,-0.3181,0.3559,1.4077,-1.9963,0.3951
392,True,Optimization terminated successfully.,2084,3212,447.9841,0,1,0.1980,-0.0372,-0.8418,-0.8496,0.6341,-0.2405,2.2756
393,True,Optimization terminated successfully.,2163,3357,500.9585,0,1,0.0761,-0.2506,-0.6371,-0.4029,0.9495,-0.8974,1.5961
394,True,Optimization terminated successfully.,1899,2907,370.5562,0,1,-0.3526,-1.0160,0.0579,1.1235,1.9099,-3.2505,-0.8161
395,True,Optimization terminated successfully.,2265,3480,490.3989,0,1,-0.2564,-0.7798,-0.1045,0.6555,1.6909,-2.7146,-0.1147
396,True,Optimization terminated successfully.,1803,2810,388.2184,0,1,-0.0295,-0.4267,-0.4662,-0.0480,1.1692,-1.4989,1.0131
397,True,Optimization terminated successfully.,1939,2979,479.2512,0,1,-0.1697,-0.6468,-0.2508,0.3962,1.4700,-2.2215,0.3219
398,True,Optimization terminated successfully.,1671,2602,427.6394,0,1,0.0408,-0.3483,-0.5845,-0.2424,1.0056,-1.0972,1.2780
399,True,Optimization terminated successfully.,2176,3373,543.4243,0,1,0.0188,-0.3492,-0.5663,-0.2484,0.9979,-1.1470,1.3293
400,True,Optimization terminated successfully.,2169,3338,427.2433,0,1,0.0332,-0.2324,-0.5867,-0.4299,0.9859,-1.0723,1.6170
401,True,Optimization terminated successfully.,1815,2818,425.8587,0,1,-0.0272,-0.4062,-0.4833,-0.0979,1.1328,-1.4307,1.1080
402,True,Optimization terminated successfully.,1908,2950,423.7495,0,1,-0.0976,-0.5324,-0.3590,0.1631,1.3197,-1.8550,0.6886
403,True,Optimization terminated successfully.,1763,2760,386.6408,0,1,-0.0414,-0.3513,-0.4644,-0.1412,1.1502,-1.5002,1.1710
404,True,Optimization terminated successfully.,1685,2636,427.3973,0,1,-0.1007,-0.4887,-0.3537,0.0627,1.2919,-1.8769,0.8504
405,True,Optimization terminated successfully.,1803,2780,434.0314,0,1,-0.4238,-1.1917,0.1665,1.4147,2.0564,-3.6093,-1.2604
406,True,Optimization terminated successfully.,2146,3304,503.7267,0,1,0.0497,-0.3620,-0.6056,-0.2286,0.9457,-1.0091,1.3074
407,True,Optimization terminated successfully.,1714,2661,404.0436,0,1,-0.1055,-0.5182,-0.3532,0.1651,1.3173,-1.8546,0.7095
408,True,Optimization terminated successfully.,1591,2464,473.5983,0,1,0.0898,-0.2620,-0.6744,-0.4302,0.8392,-0.7922,1.6445
409,True,Optimization terminated successfully.,2077,3185,476.3812,0,1,0.1251,-0.2269,-0.7194,-0.4480,0.8212,-0.6249,1.6315
410,True,Optimization terminated successfully.,1944,3018,429.8479,0,1,-0.2340,-0.8001,-0.1357,0.6927,1.6473,-2.5906,-0.1669
411,True,Optimization terminated successfully.,1649,2543,463.0489,0,1,0.0223,-0.3842,-0.5541,-0.1295,1.0680,-1.1936,1.2147
412,True,Optimization terminated successfully.,2162,3322,410.1057,0,1,-0.0233,-0.4521,-0.4892,-0.0209,1.1207,-1.3973,0.9594
413,True,Optimization terminated successfully.,1965,3043,358.4264,0,1,-0.6214,-1.3764,0.4840,1.8999,2.5046,-4.6830,-1.9930
414,True,Optimization terminated successfully.,1731,2711,484.0642,0,1,-0.0922,-0.5595,-0.3867,0.1493,1.2650,-1.7637,0.7022
415,True,Optimization terminated successfully.,1948,3034,381.6342,1,0,-1.8378,-3.5152,2.4736,6.1895,5.3355,-11.3788,-8.6920
416,True,Optimization terminated successfully.,1945,3012,380.8915,0,1,0.0055,-0.3260,-0.5433,-0.2577,1.0357,-1.2318,1.3352
417,True,Optimization terminated successfully.,1779,2781,436.4123,0,1,0.3942,0.3190,-1.1720,-1.6183,0.1334,0.8680,3.4280
418,True,Optimization terminated successfully.,1835,2829,471.0387,0,1,-0.1321,-0.5998,-0.3023,0.2584,1.3840,-2.0612,0.5546
419,True,Optimization terminated successfully.,1739,2701,379.1222,0,1,0.0292,-0.1874,-0.5853,-0.4300,0.9878,-1.1012,1.6483
420,True,Optimization terminated successfully.,1779,2759,399.3300,0,1,-0.2700,-0.7988,-0.0842,0.7380,1.7101,-2.7757,-0.1809
421,True,Optimization terminated successfully.,1632,2536,415.1168,0,1,-0.0617,-0.4260,-0.4342,-0.0598,1.2123,-1.5938,1.0429
422,True,Optimization terminated successfully.,2033,3147,502.2534,0,1,-0.0609,-0.4884,-0.4181,0.0793,1.2090,-1.6497,0.7747
423,True,Optimization terminated successfully.,1975,3052,495.2447,0,1,-0.3184,-0.8928,-0.0062,0.9377,1.8264,-3.0216,-0.5059
424,True,Optimization terminated successfully.,1995,3110,466.5566,0,1,-0.1178,-0.5676,-0.3251,0.2352,1.3633,-1.9693,0.5874
425,True,Optimization terminated successfully.,1823,2802,507.6458,0,1,-0.0444,-0.3915,-0.4503,-0.1331,1.1668,-1.5416,1.1370
426,True,Optimization terminated successfully.,1702,2645,441.0475,0,1,-0.1385,-0.5915,-0.2985,0.2939,1.3974,-2.0547,0.4435
427,True,Optimization terminated successfully.,1905,2941,397.6170,0,1,-0.2480,-0.7410,-0.1083,0.6334,1.6555,-2.6909,-0.0073
428,True,Optimization terminated successfully.,1969,3064,570.8348,0,1,-0.1192,-0.5247,-0.3281,0.1525,1.3492,-1.9298,0.7115
429,True,Optimization terminated successfully.,1674,2583,439.7866,0,1,-0.1195,-0.5413,-0.3369,0.2158,1.3575,-1.9486,0.6290
430,True,Optimization terminated successfully.,1631,2526,464.2874,0,1,-0.0531,-0.4107,-0.4423,-0.0348,1.1988,-1.5697,1.0068
431,True,Optimization terminated successfully.,2088,3215,421.3834,0,1,-0.0115,-0.3617,-0.5239,-0.1834,1.0495,-1.3068,1.2545
432,True,Optimization terminated successfully.,1714,2667,386.5749,0,1,-0.0255,-0.3917,-0.4806,-0.1511,1.1461,-1.4473,1.1504
433,True,Optimization terminated successfully.,1744,2696,389.1343,0,1,-0.1274,-0.6078,-0.3098,0.3183,1.4262,-2.0165,0.4467
434,True,Optimization terminated successfully.,2070,3179,374.8088,0,1,-0.0689,-0.5380,-0.4105,0.1079,1.2335,-1.6683,0.7712
435,True,Optimization terminated successfully.,1934,2983,423.6049,0,1,0.2029,-0.0893,-0.8517,-0.7784,0.6293,-0.2022,2.1036
436,True,Optimization terminated successfully.,1741,2678,363.7455,0,1,-0.0642,-0.4588,-0.4350,0.0038,1.2060,-1.5887,0.9147
437,True,Optimization terminated successfully.,1903,2914,486.2775,0,1,-0.0020,-0.3836,-0.5188,-0.1178,1.1017,-1.2964,1.1526
438,True,Optimization terminated successfully.,1869,2895,423.6536,0,1,-0.0268,-0.4110,-0.4848,-0.1178,1.1186,-1.4317,1.1182
439,True,Optimization terminated successfully.,1952,3015,482.3048,0,1,0.1522,-0.0862,-0.7769,-0.7434,0.7046,-0.4386,2.0937
440,True,Optimization terminated successfully.,1773,2765,506.7377,0,1,-0.0725,-0.4745,-0.4112,0.0227,1.2360,-1.6851,0.8777
441,True,Optimization terminated successfully.,1996,3072,434.6603,0,1,0.0040,-0.2799,-0.5390,-0.3317,1.0224,-1.2615,1.4804
442,True,Optimization terminated successfully.,1636,2504,460.6887,0,1,-0.1034,-0.4748,-0.3474,0.0895,1.3223,-1.8811,0.8472
443,True,Optimization terminated successfully.,1687,2637,418.4893,0,1,-0.0231,-0.4349,-0.4844,-0.0203,1.1597,-1.4402,1.0088
444,True,Optimization terminated successfully.,1890,2914,429.6075,0,1,0.1854,-0.0723,-0.8098,-0.7660,0.6800,-0.3372,2.1585
445,True,Optimization terminated successfully.,1844,2861,520.6234,0,1,-0.1706,-0.5562,-0.2524,0.2661,1.4493,-2.2108,0.5756
446,True,Optimization terminated successfully.,1871,2896,498.9123,0,1,0.0455,-0.3010,-0.5992,-0.2843,0.9572,-1.0420,1.3799
447,True,Optimization terminated successfully.,1995,3081,368.3613,0,1,-0.2912,-0.8904,-0.0508,0.8996,1.7746,-2.9011,-0.4445
448,True,Optimization terminated successfully.,1978,3039,443.0274,0,1,-0.0929,-0.4122,-0.3970,-0.0375,1.2439,-1.7451,0.9954
449,True,Optimization terminated successfully.,1825,2829,426.6828,0,1,0.2099,0.0295,-0.8649,-0.9133,0.5920,-0.1611,2.3363
450,True,Optimization terminated successfully.,1818,2831,474.7449,0,1,-0.2122,-0.6573,-0.1824,0.4252,1.5661,-2.4392,0.2843
451,True,Optimization terminated successfully.,1745,2679,346.2093,0,1,-0.1009,-0.5408,-0.3625,0.1888,1.2848,-1.8548,0.6263
452,True,Optimization terminated successfully.,1917,2939,491.6848,0,1,-0.0097,-0.3867,-0.5092,-0.1317,1.1138,-1.3400,1.1572
453,True,Optimization terminated successfully.,1983,3083,385.6407,0,1,-0.1112,-0.4842,-0.3543,0.0441,1.3042,-1.8810,0.9072
454,True,Optimization terminated successfully.,1784,2740,481.0333,0,1,0.0130,-0.3700,-0.5428,-0.1738,1.0612,-1.2274,1.2340
455,True,Optimization terminated successfully.,1974,3035,469.9504,0,1,-0.1012,-0.5277,-0.3592,0.1580,1.3318,-1.8502,0.7044
456,True,Optimization terminated successfully.,1768,2746,478.5335,0,1,0.0380,-0.1533,-0.5891,-0.5201,0.9907,-1.0874,1.7705
457,True,Optimization terminated successfully.,1707,2636,470.2567,0,1,-0.0282,-0.3475,-0.4881,-0.2236,1.1239,-1.4299,1.2650
458,True,Optimization terminated successfully.,1829,2824,423.8103,0,1,-0.1000,-0.5626,-0.3515,0.1677,1.3433,-1.8653,0.6510
459,True,Optimization terminated successfully.,2040,3155,405.1616,0,1,-0.0551,-0.4287,-0.4300,-0.0621,1.2162,-1.5981,1.0635
460,True,Optimization terminated successfully.,1896,2945,427.1508,0,1,-0.2055,-0.7765,-0.1930,0.6140,1.5673,-2.4140,-0.0535
461,True,Optimization terminated successfully.,1929,2998,397.4710,0,1,-0.2688,-0.7415,-0.0915,0.6509,1.6872,-2.7501,-0.0442
462,True,Optimization terminated successfully.,1967,3015,496.6448,0,1,0.2837,0.1779,-0.9810,-1.2337,0.4350,0.2415,2.8596
463,True,Optimization terminated successfully.,1690,2612,438.4264,0,1,-0.0969,-0.4851,-0.3593,0.0909,1.3289,-1.8373,0.7788
464,True,Optimization terminated successfully.,2014,3140,411.9262,0,1,-0.1112,-0.6312,-0.3382,0.3265,1.3704,-1.9031,0.4395
465,True,Optimization terminated successfully.,1841,2866,486.1906,0,1,0.1131,-0.2529,-0.6947,-0.4474,0.8657,-0.7207,1.6623
466,True,Optimization terminated successfully.,1640,2550,409.8647,0,1,0.1251,-0.2489,-0.7277,-0.4540,0.8179,-0.6130,1.6728
467,True,Optimization terminated successfully.,1721,2645,381.7348,0,1,-0.0984,-0.6079,-0.3642,0.2657,1.3184,-1.8203,0.5232
468,True,Optimization terminated successfully.,1821,2825,416.7119,0,1,-0.2157,-0.7484,-0.1791,0.5446,1.5638,-2.4769,0.0869
469,True,Optimization terminated successfully.,2040,3178,366.0935,0,1,-0.3943,-1.0508,0.1129,1.1838,1.9865,-3.4310,-0.8828
470,True,Optimization terminated successfully.,1897,2938,339.5936,1,0,-0.6979,-1.6219,0.6257,2.3625,2.7255,-5.1601,-2.7142
471,True,Optimization terminated successfully.,1940,2972,452.0025,0,1,0.1944,0.0019,-0.8549,-0.9472,0.6029,-0.1885,2.4326
472,True,Optimization terminated successfully.,1742,2724,448.7463,0,1,0.0391,-0.3878,-0.5834,-0.1393,1.0239,-1.0967,1.1767
473,True,Optimization terminated successfully.,1932,2983,387.8894,0,1,0.1040,-0.1478,-0.6894,-0.5706,0.8507,-0.7495,1.8377
474,True,Optimization terminated successfully.,1604,2491,493.9205,0,1,-0.0543,-0.4556,-0.4361,0.0475,1.1866,-1.5921,0.8893
475,True,Optimization terminated successfully.,1859,2892,472.9449,0,1,-0.0741,-0.5159,-0.4015,0.1001,1.2448,-1.7158,0.8231
476,True,Optimization terminated successfully.,1905,2913,477.1184,0,1,-0.0745,-0.5282,-0.3999,0.1044,1.2494,-1.6971,0.7828
477,True,Optimization terminated successfully.,2354,3613,437.1903,0,1,0.0599,-0.2432,-0.6143,-0.3789,0.9499,-0.9915,1.5427
478,True,Optimization terminated successfully.,1767,2759,417.9367,0,1,-0.2296,-0.7291,-0.1496,0.5681,1.6207,-2.5551,0.0393
479,True,Optimization terminated successfully.,1819,2801,431.6230,0,1,-0.0889,-0.5462,-0.3636,0.2016,1.3168,-1.8142,0.6415
480,True,Optimization terminated successfully.,1786,2754,398.1551,0,1,-0.0598,-0.4883,-0.4319,0.0968,1.2344,-1.6141,0.7672
481,True,Optimization terminated successfully.,1693,2640,431.6143,0,1,-0.4367,-1.1997,0.1809,1.4293,2.1149,-3.6850,-1.3112
482,True,Optimization terminated successfully.,1833,2874,399.0253,0,1,-0.2396,-0.8035,-0.1429,0.6809,1.6045,-2.5786,-0.0861
483,True,Optimization terminated successfully.,1976,3046,434.5298,0,1,0.0015,-0.3531,-0.5284,-0.2275,1.0608,-1.2758,1.2991
484,True,Optimization terminated successfully.,1778,2747,428.8533,0,1,-0.0286,-0.4552,-0.4742,0.0088,1.1494,-1.4607,0.9572
485,True,Optimization terminated successfully.,1862,2876,446.1968,0,1,-0.3510,-0.9405,0.0544,1.0176,1.9191,-3.2382,-0.6182
486,True,Optimization terminated successfully.,1655,2556,486.8731,0,1,0.0485,-0.2657,-0.5979,-0.3542,0.9963,-1.0392,1.4616
487,True,Optimization terminated successfully.,1854,2893,449.2027,0,1,-0.1824,-0.6244,-0.2245,0.3552,1.4993,-2.3058,0.4319
488,True,Optimization terminated successfully.,2233,3419,463.6008,0,1,-0.0559,-0.4933,-0.4379,0.0756,1.2160,-1.5898,0.8336
489,True,Optimization terminated successfully.,2065,3171,454.5183,0,1,-0.0488,-0.4404,-0.4407,-0.0363,1.2017,-1.5900,0.9930
490,True,Optimization terminated successfully.,1774,2736,484.4242,0,1,-0.1206,-0.5477,-0.3344,0.2194,1.3124,-1.9398,0.5922
491,True,Optimization terminated successfully.,1882,2918,491.4679,0,1,-0.1487,-0.5361,-0.2787,0.1524,1.3966,-2.1196,0.7248
492,True,Optimization terminated successfully.,1702,2639,437.8709,0,1,-0.0934,-0.4557,-0.3653,0.0117,1.3036,-1.8360,0.9215
493,True,Optimization terminated successfully.,2081,3200,421.6920,1,0,0.8969,1.2894,-1.9958,-3.4481,-1.0382,3.6385,6.3334
494,True,Optimization terminated successfully.,2021,3137,399.5990,0,1,-0.0666,-0.4148,-0.4147,-0.0719,1.2058,-1.6647,1.0726
495,True,Optimization terminated successfully.,1807,2806,540.0728,0,1,-0.1515,-0.6501,-0.2739,0.3854,1.4357,-2.1282,0.3352
496,True,Optimization terminated successfully.,1725,2679,481.5829,0,1,-0.1000,-0.4942,-0.3578,0.1199,1.3171,-1.8414,0.7769
497,True,Optimization terminated successfully.,1697,2650,446.3060,0,1,-0.2835,-0.8413,-0.0689,0.7559,1.7232,-2.8230,-0.2222
498,True,Optimization terminated successfully.,1781,2769,486.1039,0,1,-0.0329,-0.4976,-0.4697,0.0419,1.1712,-1.4731,0.8692
499,True,Optimization terminated successfully.,1597,2477,416.7106,0,1,-0.0529,-0.5596,-0.4422,0.1413,1.1997,-1.5700,0.7242
500,True,Optimization terminated successfully.,2009,3122,477.4317,0,1,0.3039,0.2276,-1.0211,-1.3237,0.3972,0.3663,3.0108
501,True,Optimization terminated successfully.,1884,2947,532.8052,1,0,6.3623,10.8051,-10.9042,-22.6088,-13.7351,33.5850,36.2236
502,True,Optimization terminated successfully.,1815,2829,452.3968,0,1,-0.2979,-0.8987,-0.0341,0.8555,1.7935,-2.9511,-0.3816
503,True,Optimization terminated successfully.,1707,2663,419.0585,0,1,0.1005,-0.1614,-0.6835,-0.5743,0.8219,-0.7680,1.8193
504,True,Optimization terminated successfully.,1678,2616,427.8624,0,1,-0.2959,-0.8855,-0.0341,0.8873,1.7909,-2.9474,-0.4453
505,True,Optimization terminated successfully.,1629,2524,467.5614,0,1,-0.1803,-0.6489,-0.2188,0.4142,1.5252,-2.3144,0.3061
506,True,Optimization terminated successfully.,1544,2411,452.7007,0,1,-0.0207,-0.4709,-0.4853,-0.0418,1.1239,-1.4266,1.0033
507,True,Optimization terminated successfully.,1878,2925,436.3341,0,1,-0.1094,-0.4460,-0.3529,0.0307,1.3022,-1.8652,0.9066
508,True,Optimization terminated successfully.,1646,2579,408.9630,1,0,-2.3258,-4.4335,3.2611,7.9497,6.4702,-14.0239,-11.4536
509,True,Optimization terminated successfully.,1699,2633,397.3272,0,1,0.0053,-0.3733,-0.5405,-0.2243,1.0562,-1.2576,1.3068
510,True,Optimization terminated successfully.,1990,3075,438.1461,0,1,-0.4605,-1.2371,0.2262,1.4985,2.1392,-3.7984,-1.3905
511,True,Optimization terminated successfully.,1953,3032,457.5807,0,1,-0.0416,-0.4622,-0.4560,0.0088,1.1940,-1.5377,0.9255
512,True,Optimization terminated successfully.,1617,2493,468.9622,0,1,-0.1034,-0.5412,-0.3544,0.1821,1.3148,-1.8595,0.6154
513,True,Optimization terminated successfully.,1968,3029,439.2341,1,0,-1.0207,-2.2454,1.1472,3.5871,3.4699,-6.9161,-4.6196
514,True,Optimization terminated successfully.,2024,3117,394.1408,0,1,-0.0442,-0.3812,-0.4536,-0.1258,1.1767,-1.5503,1.1246
515,True,Optimization terminated successfully.,1633,2553,408.2718,0,1,-0.0533,-0.4703,-0.4392,0.0704,1.2048,-1.5886,0.8863
516,True,Optimization terminated successfully.,1635,2546,415.7182,0,1,-0.0754,-0.5217,-0.4119,0.0759,1.2231,-1.6872,0.8074
517,True,Optimization terminated successfully.,1729,2685,468.9119,0,1,-0.1213,-0.5295,-0.3267,0.2239,1.3628,-1.9518,0.6025
518,True,Optimization terminated successfully.,1651,2579,483.8415,0,1,-0.0893,-0.5130,-0.3683,0.1166,1.2788,-1.8101,0.7761
519,True,Optimization terminated successfully.,2083,3227,396.5820,0,1,-0.1113,-0.5417,-0.3553,0.1462,1.3140,-1.8766,0.6951
520,True,Optimization terminated successfully.,1892,2950,476.4580,0,1,-0.3375,-0.8867,0.0273,0.9068,1.8498,-3.1598,-0.4804
521,True,Optimization terminated successfully.,1874,2896,382.1381,0,1,-0.0474,-0.3655,-0.4553,-0.1722,1.1748,-1.5295,1.2045
522,True,Optimization terminated successfully.,1933,2973,468.9053,0,1,-0.1000,-0.4705,-0.3685,0.0725,1.3175,-1.8117,0.8321
523,True,Optimization terminated successfully.,1857,2910,512.0155,1,0,3.0208,4.9138,-5.4485,-10.7450,-5.9198,15.2633,17.7194
524,True,Optimization terminated successfully.,1696,2617,423.4226,0,1,-0.0579,-0.4405,-0.4254,-0.0187,1.2114,-1.6263,0.9981
525,True,Optimization terminated successfully.,1233,1925,492.2249,0,1,0.0062,-0.4646,-0.5338,-0.0011,1.1067,-1.2391,0.9407
526,True,Optimization terminated successfully.,1480,2315,397.4405,0,1,0.0285,-0.3663,-0.5681,-0.1855,1.0269,-1.1463,1.2325
527,True,Optimization terminated successfully.,1665,2585,351.0937,0,1,-0.2065,-0.7292,-0.1885,0.5752,1.5535,-2.4295,0.0690
528,True,Optimization terminated successfully.,1738,2671,394.8429,0,1,0.1212,-0.2954,-0.7125,-0.3849,0.8675,-0.6558,1.5580
529,True,Optimization terminated successfully.,1728,2653,444.0095,0,1,-0.0173,-0.4095,-0.4931,-0.0371,1.1437,-1.4026,1.0182
530,True,Optimization terminated successfully.,1492,2319,516.4959,0,1,-0.0254,-0.4398,-0.4774,-0.0263,1.1488,-1.4490,0.9657
531,True,Optimization terminated successfully.,1820,2842,490.4102,0,1,-0.0399,-0.4197,-0.4658,-0.0614,1.1510,-1.5096,1.0711
532,True,Optimization terminated successfully.,1522,2386,414.3447,0,1,0.0040,-0.3998,-0.5287,-0.1366,1.0830,-1.2835,1.1465
533,True,Optimization terminated successfully.,1715,2671,369.0972,0,1,-0.2967,-0.8232,-0.0380,0.7738,1.7926,-2.9334,-0.2336
534,True,Optimization terminated successfully.,1637,2566,430.9286,0,1,-0.4212,-1.1031,0.1803,1.2947,2.1039,-3.6662,-1.0742
535,True,Optimization terminated successfully.,2152,3283,388.0012,0,1,-0.0835,-0.5237,-0.3917,0.1420,1.2634,-1.7487,0.7365
536,True,Optimization terminated successfully.,1963,3046,488.4191,0,1,-0.0381,-0.4393,-0.4635,-0.0053,1.1625,-1.5061,0.9753
537,True,Optimization terminated successfully.,1788,2801,494.9875,0,1,-0.0379,-0.5318,-0.4518,0.0669,1.1877,-1.5350,0.8222
538,True,Optimization terminated successfully.,1712,2673,399.2231,0,1,-0.1552,-0.5991,-0.2847,0.2992,1.3946,-2.1152,0.4866
539,True,Optimization terminated successfully.,2153,3350,456.3789,0,1,0.3595,0.2990,-1.1059,-1.4859,0.3014,0.6570,3.2624
540,True,Optimization terminated successfully.,1857,2858,421.7535,0,1,0.0272,-0.3218,-0.5714,-0.2463,1.0291,-1.1396,1.2998
541,True,Optimization terminated successfully.,1534,2362,474.2057,0,1,-0.0582,-0.4488,-0.4257,-0.0070,1.2163,-1.6167,0.9256
542,True,Optimization terminated successfully.,1979,3101,487.3489,1,0,-3.7287,-6.9191,5.5567,12.9249,9.7394,-21.7330,-19.2556
543,True,Optimization terminated successfully.,1775,2712,418.9688,0,1,-0.1890,-0.6735,-0.2206,0.4477,1.5063,-2.3244,0.2762
544,True,Optimization terminated successfully.,1806,2774,435.9242,0,1,-0.0082,-0.4634,-0.5008,-0.0168,1.1475,-1.3665,0.9382
545,True,Optimization terminated successfully.,1965,3063,423.1552,0,1,0.0209,-0.3649,-0.5622,-0.1955,1.0296,-1.1713,1.2555
546,True,Optimization terminated successfully.,1828,2844,413.3228,0,1,0.1759,-0.0353,-0.8051,-0.8117,0.6995,-0.3506,2.2576
547,True,Optimization terminated successfully.,1995,3053,538.2521,0,1,-0.0879,-0.5751,-0.3741,0.1719,1.3075,-1.7984,0.6298
548,True,Optimization terminated successfully.,1651,2550,379.1698,0,1,-0.0064,-0.3976,-0.4987,-0.0788,1.1512,-1.3755,1.0658
549,True,Optimization terminated successfully.,1829,2794,446.7278,0,1,-0.0413,-0.3672,-0.4552,-0.0930,1.1670,-1.5196,1.1358
550,True,Optimization terminated successfully.,1878,2906,417.7235,0,1,-0.0226,-0.4629,-0.4903,-0.0337,1.1393,-1.4100,0.9474
551,True,Optimization terminated successfully.,1672,2616,422.6663,0,1,-0.0635,-0.5637,-0.4257,0.1725,1.2101,-1.6156,0.6678
552,True,Optimization terminated successfully.,1864,2903,440.2065,0,1,-0.0938,-0.4541,-0.3792,0.0614,1.2821,-1.8039,0.8801
553,True,Optimization terminated successfully.,1975,3038,391.2102,0,1,-0.0705,-0.4976,-0.4041,0.1420,1.2733,-1.7011,0.7360
554,True,Optimization terminated successfully.,1853,2840,461.0911,0,1,-0.2024,-0.6330,-0.1935,0.3616,1.5262,-2.4158,0.3833
555,True,Optimization terminated successfully.,1588,2460,422.3775,0,1,-0.0434,-0.5441,-0.4508,0.1175,1.1860,-1.5342,0.7121
556,True,Optimization terminated successfully.,1675,2584,372.9877,0,1,-0.0230,-0.4171,-0.4971,-0.0918,1.1040,-1.3859,1.0971
557,True,Optimization terminated successfully.,1847,2856,511.4227,0,1,-0.1399,-0.5245,-0.2917,0.1746,1.3966,-2.0808,0.7201
558,True,Optimization terminated successfully.,1972,3070,475.3148,1,0,0.7517,0.9393,-1.7509,-2.8086,-0.6436,2.8220,5.3083
559,True,Optimization terminated successfully.,2026,3128,415.3078,0,1,-0.1388,-0.6203,-0.2873,0.2995,1.4180,-2.0905,0.4626
560,True,Optimization terminated successfully.,1825,2841,376.0317,0,1,0.0073,-0.3164,-0.5430,-0.2569,1.0513,-1.2312,1.3623
561,True,Optimization terminated successfully.,1921,2992,382.5396,0,1,-0.1352,-0.6322,-0.2988,0.3642,1.4104,-2.0557,0.3679
562,True,Optimization terminated successfully.,1939,3000,474.1328,0,1,-0.0928,-0.5649,-0.3647,0.2067,1.3278,-1.8241,0.6471
563,True,Optimization terminated successfully.,2081,3182,432.3581,0,1,0.1109,-0.1535,-0.7077,-0.5486,0.8117,-0.6847,1.7863
564,True,Optimization terminated successfully.,2170,3332,423.2168,0,1,-0.0938,-0.5103,-0.3644,0.1203,1.3401,-1.8185,0.7558
565,True,Optimization terminated successfully.,2340,3597,408.6247,0,1,0.0411,-0.2786,-0.6009,-0.3289,0.9731,-1.0460,1.4842
566,True,Optimization terminated successfully.,1283,2039,477.0406,0,1,-0.0315,-0.3458,-0.4734,-0.1498,1.1602,-1.4788,1.2027
567,True,Optimization terminated successfully.,1740,2683,450.9292,0,1,-0.0928,-0.5855,-0.3648,0.1498,1.2954,-1.8263,0.7076
568,True,Optimization terminated successfully.,1831,2854,458.8560,0,1,-0.0036,-0.3822,-0.5083,-0.1290,1.1217,-1.3525,1.1287
569,True,Optimization terminated successfully.,1960,3025,507.7244,0,1,-0.0971,-0.6082,-0.3654,0.2615,1.3549,-1.8220,0.5008
570,True,Optimization terminated successfully.,1791,2745,407.2412,1,0,-2.9559,-5.4863,4.3006,10.1212,7.9766,-17.5126,-14.8589
571,True,Optimization terminated successfully.,1470,2267,457.5038,0,1,-0.0209,-0.4578,-0.4920,-0.0058,1.1180,-1.4042,0.9922
572,True,Optimization terminated successfully.,2108,3206,450.0707,0,1,-0.0651,-0.4159,-0.4292,-0.0909,1.1955,-1.6290,1.0547
573,True,Optimization terminated successfully.,1919,2959,461.8533,0,1,-0.0223,-0.4954,-0.4851,0.0292,1.1621,-1.4072,0.8633
574,True,Optimization terminated successfully.,1778,2767,419.6490,0,1,-0.0598,-0.5118,-0.4237,0.1066,1.2315,-1.6474,0.7776
575,True,Optimization terminated successfully.,1699,2631,416.1848,0,1,-0.1989,-0.6804,-0.1912,0.4358,1.5743,-2.4108,0.2715
576,True,Optimization terminated successfully.,1769,2738,423.8041,0,1,-0.0421,-0.3640,-0.4515,-0.1466,1.1546,-1.5499,1.1860
577,True,Optimization terminated successfully.,1739,2729,486.9333,0,1,-0.1013,-0.5624,-0.3608,0.2025,1.3022,-1.8391,0.6358
578,True,Optimization terminated successfully.,1574,2437,407.1511,0,1,-0.1334,-0.6289,-0.3185,0.3145,1.3479,-1.9928,0.4469
579,True,Optimization terminated successfully.,1913,2932,437.1471,0,1,-0.0884,-0.5026,-0.3785,0.1166,1.2838,-1.8027,0.7575
580,True,Optimization terminated successfully.,2124,3276,367.5209,0,1,-0.0664,-0.5373,-0.4108,0.1035,1.2319,-1.6823,0.7470
581,True,Optimization terminated successfully.,2085,3182,390.3940,0,1,-0.0396,-0.5157,-0.4601,0.0812,1.1851,-1.5048,0.8222
582,True,Optimization terminated successfully.,1722,2667,414.9501,0,1,0.0086,-0.4645,-0.5250,0.0346,1.1166,-1.2841,0.8682
583,True,Optimization terminated successfully.,2065,3169,450.6197,0,1,-0.0261,-0.4274,-0.4940,-0.1135,1.0738,-1.4014,1.1123
584,True,Optimization terminated successfully.,1878,2895,421.5160,0,1,-0.0519,-0.5072,-0.4289,0.0975,1.2314,-1.6097,0.7986
585,True,Optimization terminated successfully.,1765,2739,392.1692,0,1,-0.2594,-0.7956,-0.1008,0.6793,1.6771,-2.7284,-0.1058
586,True,Optimization terminated successfully.,1905,2945,377.1412,0,1,0.1573,-0.0769,-0.7735,-0.7858,0.7139,-0.4478,2.1722
587,True,Optimization terminated successfully.,1919,2957,414.5015,0,1,-0.1145,-0.4936,-0.3529,0.1490,1.2944,-1.8928,0.6806
588,True,Optimization terminated successfully.,1966,3036,448.9016,0,1,0.0055,-0.4123,-0.5377,-0.1217,1.0694,-1.2540,1.1327
589,True,Optimization terminated successfully.,1984,3062,476.9636,0,1,-0.0148,-0.3732,-0.4938,-0.1615,1.1519,-1.4065,1.1829
590,True,Optimization terminated successfully.,1909,2951,386.4682,0,1,-0.0041,-0.4139,-0.5169,-0.0853,1.0981,-1.3342,1.0917
591,True,Optimization terminated successfully.,1950,3013,410.6408,0,1,0.0379,-0.3501,-0.5969,-0.2570,0.9622,-1.0603,1.3437
592,True,Optimization terminated successfully.,1738,2691,456.7954,0,1,-0.1366,-0.6241,-0.2882,0.3306,1.4334,-2.0832,0.4822
593,True,Optimization terminated successfully.,1785,2724,471.1183,0,1,-0.0463,-0.4630,-0.4541,0.0119,1.1779,-1.5324,0.9482
594,True,Optimization terminated successfully.,1849,2861,422.0965,0,1,0.0145,-0.2330,-0.5499,-0.3257,1.0285,-1.2155,1.4746
595,True,Optimization terminated successfully.,1853,2845,422.8289,0,1,0.0130,-0.2908,-0.5534,-0.2927,1.0552,-1.2067,1.4078
596,True,Optimization terminated successfully.,1980,3078,476.4394,0,1,-0.0074,-0.4506,-0.5179,-0.0688,1.0991,-1.3290,1.0579
597,True,Optimization terminated successfully.,1812,2803,445.9495,0,1,-0.1186,-0.6569,-0.3346,0.3313,1.3653,-1.9362,0.4603
598,True,Optimization terminated successfully.,1810,2807,421.7650,0,1,0.1228,-0.2246,-0.7284,-0.4980,0.8097,-0.6158,1.7386
599,True,Optimization terminated successfully.,1868,2918,474.6376,0,1,0.2787,0.1431,-0.9802,-1.1912,0.4325,0.2226,2.7932
600,True,Optimization terminated successfully.,1352,2140,414.2764,0,1,-0.1515,-0.5794,-0.2903,0.2143,1.3636,-2.0812,0.6403
601,True,Optimization terminated successfully.,1836,2857,418.4787,0,1,0.0173,-0.4257,-0.5616,-0.1047,1.0017,-1.1554,1.1138
602,True,Optimization terminated successfully.,2130,3261,474.3603,0,1,-0.1587,-0.6346,-0.2605,0.3440,1.4466,-2.1556,0.4594
603,True,Optimization terminated successfully.,2082,3200,494.8933,0,1,0.1612,-0.1102,-0.7890,-0.7409,0.6920,-0.3831,2.0928
604,True,Optimization terminated successfully.,1654,2545,472.4777,0,1,0.2790,0.0959,-0.9962,-1.1268,0.4058,0.2875,2.7287
605,True,Optimization terminated successfully.,1764,2741,407.1958,0,1,0.3269,0.1026,-1.0472,-1.1755,0.3589,0.4696,2.7646
606,True,Optimization terminated successfully.,1886,2936,435.6496,0,1,-0.1361,-0.6264,-0.2926,0.3673,1.4388,-2.0538,0.3937
607,True,Optimization terminated successfully.,2098,3252,513.2981,0,1,-0.1934,-0.7100,-0.2140,0.4747,1.5240,-2.3527,0.2275
608,True,Optimization terminated successfully.,1586,2472,458.9876,0,1,0.0526,-0.3279,-0.6173,-0.2991,0.9099,-0.9871,1.4042
609,True,Optimization terminated successfully.,1744,2712,392.1615,0,1,-0.0475,-0.4159,-0.4468,-0.0685,1.1889,-1.5512,1.0430
610,True,Optimization terminated successfully.,1803,2837,374.0570,1,0,-1.3912,-2.7445,1.7555,4.6671,4.3426,-8.9626,-6.3293
611,True,Optimization terminated successfully.,1793,2802,406.3781,0,1,0.6447,0.7626,-1.5746,-2.4525,-0.4042,2.2309,4.7643
612,True,Optimization terminated successfully.,1967,2998,352.0661,0,1,-0.1677,-0.7433,-0.2443,0.5326,1.5281,-2.2417,0.0996
613,True,Optimization terminated successfully.,1703,2608,404.8300,0,1,0.0315,-0.2281,-0.5771,-0.4070,1.0020,-1.1240,1.5327
614,True,Optimization terminated successfully.,1533,2421,486.2451,0,1,-0.0734,-0.5086,-0.3881,0.1374,1.2786,-1.7484,0.7132
615,True,Optimization terminated successfully.,1855,2884,455.2528,0,1,-0.1327,-0.5748,-0.3054,0.2911,1.3951,-2.0131,0.5250
616,True,Optimization terminated successfully.,1867,2893,436.5214,0,1,-0.1367,-0.6537,-0.3014,0.3976,1.4087,-2.0252,0.3238
617,True,Optimization terminated successfully.,2184,3372,442.2881,0,1,-0.1127,-0.4339,-0.3475,0.0458,1.3561,-1.9002,0.9105
618,True,Optimization terminated successfully.,1875,2941,439.1457,1,0,0.7578,0.9558,-1.7693,-2.8250,-0.6994,2.8862,5.3382
619,True,Optimization terminated successfully.,1688,2606,460.9074,0,1,0.0604,-0.3298,-0.6278,-0.3012,0.9349,-0.9494,1.4097
620,True,Optimization terminated successfully.,2113,3241,453.6703,0,1,-0.1163,-0.5881,-0.3344,0.2821,1.3537,-1.9509,0.4646
621,True,Optimization terminated successfully.,1806,2809,402.4708,0,1,-0.2391,-0.7679,-0.1457,0.6303,1.6197,-2.5672,-0.0670
622,True,Optimization terminated successfully.,1599,2505,416.2595,0,1,-0.1964,-0.6338,-0.2088,0.3583,1.5151,-2.3499,0.3667
623,True,Optimization terminated successfully.,1899,2945,439.5650,0,1,-0.0259,-0.4438,-0.4830,0.0335,1.1629,-1.4392,0.9322
624,True,Optimization terminated successfully.,1984,3038,385.3199,0,1,-0.1807,-0.6487,-0.2158,0.4766,1.5321,-2.3121,0.2169
625,True,Optimization terminated successfully.,1768,2723,405.5048,0,1,0.0688,-0.2236,-0.6404,-0.4580,0.9233,-0.9151,1.6836
626,True,Optimization terminated successfully.,1937,2999,406.4475,0,1,-0.0558,-0.4491,-0.4397,0.0334,1.2078,-1.5785,0.9181
627,True,Optimization terminated successfully.,1890,2936,458.2486,0,1,0.1515,-0.1416,-0.7701,-0.6961,0.7243,-0.4638,2.0312
628,True,Optimization terminated successfully.,1790,2766,599.2663,0,1,-0.1437,-0.5697,-0.2887,0.2334,1.4176,-2.0825,0.5976
629,True,Optimization terminated successfully.,1825,2834,446.4334,0,1,-0.0729,-0.4835,-0.3926,0.0752,1.2862,-1.7280,0.8633
630,True,Optimization terminated successfully.,1803,2788,439.0734,0,1,0.1667,-0.0368,-0.7913,-0.8439,0.7066,-0.4046,2.2662
631,True,Optimization terminated successfully.,2130,3264,535.2403,0,1,-0.3419,-0.9536,0.0364,1.0099,1.8901,-3.1889,-0.6201
632,True,Optimization terminated successfully.,2037,3153,461.8573,0,1,-0.0485,-0.5043,-0.4470,0.1331,1.2154,-1.5378,0.7302
633,True,Optimization terminated successfully.,1961,3042,498.2845,0,1,-0.0512,-0.4824,-0.4474,0.0744,1.2008,-1.5587,0.8272
634,True,Optimization terminated successfully.,1914,2940,462.6288,0,1,-0.0525,-0.3751,-0.4424,-0.1358,1.1670,-1.5641,1.1625
635,True,Optimization terminated successfully.,1864,2887,446.2703,0,1,-0.0468,-0.4073,-0.4363,-0.0870,1.2181,-1.5875,1.0860
636,True,Optimization terminated successfully.,1754,2696,420.3405,0,1,-0.0454,-0.4899,-0.4468,0.0271,1.1991,-1.5555,0.8780
637,True,Optimization terminated successfully.,1894,2933,446.5217,0,1,0.2710,0.1931,-0.9716,-1.2755,0.4281,0.2090,2.9603
638,True,Optimization terminated successfully.,1625,2535,409.6566,0,1,-0.1652,-0.6626,-0.2533,0.3583,1.4613,-2.2116,0.3900
639,True,Optimization terminated successfully.,1642,2543,434.0027,0,1,-0.0789,-0.5398,-0.3832,0.1582,1.2909,-1.7848,0.6668
640,True,Optimization terminated successfully.,1651,2588,375.8769,0,1,0.1945,-0.0382,-0.8486,-0.8807,0.6119,-0.2147,2.2976
641,True,Optimization terminated successfully.,2091,3228,452.0577,0,1,-0.4153,-1.0438,0.1477,1.2142,2.0359,-3.5435,-0.9471
642,True,Optimization terminated successfully.,1754,2672,492.9602,0,1,0.0171,-0.4133,-0.5470,-0.1463,1.0490,-1.2181,1.1279
643,True,Optimization terminated successfully.,1764,2740,476.3733,0,1,-0.0595,-0.5213,-0.4226,0.0434,1.2088,-1.6473,0.8630
644,True,Optimization terminated successfully.,2018,3119,377.7803,0,1,-0.1694,-0.7218,-0.2393,0.5009,1.5015,-2.2424,0.1312
645,True,Optimization terminated successfully.,1736,2710,436.3220,0,1,-0.1743,-0.7278,-0.2384,0.5373,1.5087,-2.2610,0.1262
646,True,Optimization terminated successfully.,2102,3230,453.1433,0,1,-0.1455,-0.6549,-0.2857,0.3802,1.4402,-2.1031,0.3485
647,True,Optimization terminated successfully.,1765,2738,396.1449,0,1,0.1396,-0.0642,-0.7630,-0.8467,0.7275,-0.5052,2.2906
648,True,Optimization terminated successfully.,1813,2798,375.8374,1,0,-0.8096,-1.8028,0.7996,2.7561,2.9931,-5.7412,-3.3412
649,True,Optimization terminated successfully.,1986,3075,460.1427,0,1,-0.1380,-0.5904,-0.2927,0.2613,1.4394,-2.0655,0.5182
650,True,Optimization terminated successfully.,1591,2488,402.6070,0,1,-0.0447,-0.4569,-0.4525,-0.0222,1.1693,-1.5345,0.9589
651,True,Optimization terminated successfully.,1717,2664,406.7416,0,1,-0.1547,-0.5982,-0.2705,0.3153,1.4347,-2.1452,0.4974
652,True,Optimization terminated successfully.,1694,2618,416.9803,0,1,0.0119,-0.3012,-0.5333,-0.2776,1.0657,-1.2682,1.4024
653,True,Optimization terminated successfully.,1666,2575,478.6015,0,1,-0.0233,-0.4734,-0.4974,0.0495,1.1175,-1.4047,0.8672
654,True,Optimization terminated successfully.,2164,3336,422.8005,0,1,-0.1277,-0.5709,-0.3113,0.2727,1.3826,-2.0049,0.4936
655,True,Optimization terminated successfully.,1956,3012,395.7871,0,1,-0.0962,-0.4969,-0.3685,0.0921,1.3156,-1.8299,0.7607
656,True,Optimization terminated successfully.,1883,2923,431.6357,0,1,-0.0724,-0.4654,-0.4090,0.0099,1.2221,-1.6860,0.9280
657,True,Optimization terminated successfully.,1741,2706,430.5072,0,1,-0.2131,-0.6597,-0.1759,0.4215,1.5686,-2.4600,0.3037
658,True,Optimization terminated successfully.,1730,2682,449.7235,0,1,-0.1224,-0.6003,-0.3121,0.2864,1.4024,-2.0004,0.4966
659,True,Optimization terminated successfully.,1674,2605,454.3490,0,1,0.0591,-0.2292,-0.6108,-0.4449,0.9711,-1.0058,1.6585
660,True,Optimization terminated successfully.,1990,3054,427.1514,0,1,-0.0771,-0.4607,-0.4135,0.0220,1.2019,-1.6595,0.9130
661,True,Optimization terminated successfully.,1902,2980,436.9604,0,1,-0.1451,-0.6060,-0.2938,0.2938,1.3928,-2.0694,0.4871
662,True,Optimization terminated successfully.,1934,2944,391.9476,0,1,0.0462,-0.2557,-0.5947,-0.3543,0.9758,-1.0516,1.5255
663,True,Optimization terminated successfully.,1844,2876,395.1080,0,1,0.0659,-0.2845,-0.6206,-0.3757,0.9626,-0.9723,1.5857
664,True,Optimization terminated successfully.,2062,3178,474.8166,0,1,0.4270,0.3857,-1.2076,-1.7006,0.0977,1.0143,3.5824
665,True,Optimization terminated successfully.,1600,2509,425.3953,0,1,-0.0574,-0.4902,-0.4407,-0.0032,1.1913,-1.5788,0.8855
666,True,Optimization terminated successfully.,1827,2822,463.1801,0,1,-0.1633,-0.6017,-0.2489,0.3827,1.4906,-2.2158,0.3877
667,True,Optimization terminated successfully.,1806,2796,367.4347,0,1,-0.1394,-0.5572,-0.3030,0.2205,1.3836,-2.0584,0.6473
668,True,Optimization terminated successfully.,1959,3021,395.1740,0,1,-0.0780,-0.4704,-0.4003,0.0563,1.2300,-1.7027,0.8421
669,True,Optimization terminated successfully.,1854,2900,450.4786,0,1,-0.0283,-0.4185,-0.4786,-0.0177,1.1699,-1.4544,1.0099
670,True,Optimization terminated successfully.,1834,2867,386.6904,0,1,-0.2467,-0.8568,-0.1101,0.8493,1.6916,-2.6910,-0.3468
671,True,Optimization terminated successfully.,1562,2455,431.3405,0,1,-0.0972,-0.4982,-0.3633,0.1192,1.3273,-1.8462,0.7900
672,True,Optimization terminated successfully.,1765,2729,440.8233,0,1,0.0004,-0.4597,-0.5087,0.0083,1.1458,-1.3489,0.8924
673,True,Optimization terminated successfully.,1866,2899,506.9128,0,1,-0.1069,-0.6121,-0.3375,0.3149,1.3397,-1.9170,0.4611
674,True,Optimization terminated successfully.,1828,2810,353.7640,0,1,-0.1070,-0.5049,-0.3485,0.1399,1.3337,-1.8895,0.7598
675,True,Optimization terminated successfully.,1977,3050,424.6823,0,1,-0.2023,-0.8522,-0.1816,0.7548,1.6059,-2.4265,-0.2728
676,True,Optimization terminated successfully.,1791,2794,469.8642,0,1,-0.0465,-0.4165,-0.4456,-0.0318,1.1633,-1.5526,1.0160
677,True,Optimization terminated successfully.,1838,2824,440.2165,0,1,-0.0033,-0.3464,-0.5216,-0.1663,1.0805,-1.3034,1.1820
678,True,Optimization terminated successfully.,1910,2964,424.5169,0,1,-0.0354,-0.3853,-0.4582,-0.0830,1.1810,-1.4904,1.1226
679,True,Optimization terminated successfully.,1698,2635,472.2136,0,1,0.0097,-0.3820,-0.5342,-0.1258,1.0604,-1.2572,1.1696
680,True,Optimization terminated successfully.,2079,3216,426.3912,0,1,-0.3113,-0.9199,-0.0110,0.9072,1.7716,-3.0157,-0.4846
681,True,Optimization terminated successfully.,1860,2877,462.3961,0,1,-0.0670,-0.5095,-0.4155,0.0824,1.2289,-1.6807,0.7985
682,True,Optimization terminated successfully.,2000,3074,494.8546,0,1,-0.1610,-0.6906,-0.2604,0.4652,1.4837,-2.1778,0.1654
683,True,Optimization terminated successfully.,1691,2615,480.3892,0,1,0.0289,-0.3320,-0.5734,-0.2659,0.9743,-1.1369,1.3646
684,True,Optimization terminated successfully.,1753,2702,395.6371,0,1,0.2065,0.0646,-0.8727,-1.0517,0.5521,-0.1265,2.6037
685,True,Optimization terminated successfully.,1982,3043,367.3111,0,1,-0.0826,-0.4539,-0.3900,0.0337,1.2687,-1.7564,0.8497
686,True,Optimization terminated successfully.,1630,2539,457.9429,0,1,-0.3230,-0.9170,-0.0085,0.9367,1.8030,-3.0266,-0.5582
687,True,Optimization terminated successfully.,1709,2668,373.1125,0,1,0.0376,-0.3195,-0.5900,-0.2769,0.9973,-1.0755,1.3953
688,True,Optimization terminated successfully.,2080,3228,411.2524,0,1,0.1853,-0.1069,-0.8129,-0.7000,0.6598,-0.3063,2.0427
689,True,Optimization terminated successfully.,1851,2891,462.6950,0,1,-0.0962,-0.5656,-0.3646,0.2361,1.3235,-1.8178,0.5761
690,True,Optimization terminated successfully.,1930,2976,427.4264,0,1,-0.1605,-0.4776,-0.2598,0.1914,1.4583,-2.1915,0.7289
691,True,Optimization terminated successfully.,1719,2685,466.7520,0,1,0.0230,-0.2812,-0.5589,-0.2813,1.0347,-1.1854,1.4141
692,True,Optimization terminated successfully.,1887,2874,449.5199,0,1,-0.0794,-0.5337,-0.3927,0.2060,1.3133,-1.7439,0.6509
693,True,Optimization terminated successfully.,1736,2674,496.4368,0,1,-0.1722,-0.6321,-0.2411,0.3727,1.4910,-2.2491,0.3887
694,True,Optimization terminated successfully.,1825,2840,438.5773,0,1,-0.2881,-0.8399,-0.0634,0.7931,1.7496,-2.8251,-0.2517
695,True,Optimization terminated successfully.,1673,2597,478.5024,0,1,0.0431,-0.3543,-0.5836,-0.1943,1.0275,-1.0925,1.2448
696,True,Optimization terminated successfully.,1822,2832,494.6735,0,1,0.0152,-0.2433,-0.5648,-0.4269,1.0261,-1.1816,1.5782
697,True,Optimization terminated successfully.,1933,3014,434.0478,0,1,0.1937,0.0236,-0.8489,-0.9585,0.5843,-0.2179,2.4174
698,True,Optimization terminated successfully.,1784,2786,424.0498,1,0,-1.4170,-2.8218,1.7893,4.8048,4.3915,-9.0721,-6.5447
699,True,Optimization terminated successfully.,1910,2958,474.1320,0,1,-0.0890,-0.5165,-0.3747,0.1189,1.3159,-1.7831,0.7430
700,True,Optimization terminated successfully.,1815,2844,412.7360,0,1,0.1621,-0.1560,-0.7947,-0.6818,0.6835,-0.4021,2.0208
701,True,Optimization terminated successfully.,1717,2665,414.2147,0,1,0.1806,0.0019,-0.8032,-0.9042,0.6982,-0.3544,2.3492
702,True,Optimization terminated successfully.,1722,2647,425.3578,0,1,0.0212,-0.2547,-0.5573,-0.3417,1.0214,-1.1824,1.4738
703,True,Optimization terminated successfully.,1741,2738,511.4936,0,1,0.0908,-0.3488,-0.6739,-0.3086,0.8651,-0.7924,1.3966
704,True,Optimization terminated successfully.,1780,2790,398.1507,0,1,-0.2649,-0.8423,-0.0876,0.7367,1.6975,-2.7675,-0.2625
705,True,Optimization terminated successfully.,1689,2619,463.1962,0,1,-0.0370,-0.4427,-0.4677,-0.0266,1.1658,-1.4780,0.9878
706,True,Optimization terminated successfully.,1613,2517,382.3214,0,1,-0.0501,-0.4849,-0.4426,0.0041,1.1774,-1.5690,0.9196
707,True,Optimization terminated successfully.,1984,3052,408.8855,0,1,0.0797,-0.1970,-0.6529,-0.5189,0.8834,-0.8519,1.7628
708,True,Optimization terminated successfully.,1917,2975,507.8549,0,1,-0.1646,-0.6242,-0.2635,0.4003,1.4434,-2.1843,0.3314
709,True,Optimization terminated successfully.,1627,2508,407.2994,0,1,-0.1272,-0.5745,-0.3114,0.2618,1.3776,-2.0123,0.5738
710,True,Optimization terminated successfully.,1838,2822,344.2394,0,1,-0.1534,-0.6372,-0.2738,0.3773,1.4603,-2.1333,0.3738
711,True,Optimization terminated successfully.,1816,2804,425.3375,0,1,-0.0489,-0.3928,-0.4355,-0.0979,1.2150,-1.5850,1.0857
712,True,Optimization terminated successfully.,1743,2719,527.7037,0,1,-0.1014,-0.5245,-0.3656,0.1483,1.2974,-1.8409,0.7180
713,True,Optimization terminated successfully.,1587,2462,382.8276,0,1,-0.2907,-0.8213,-0.0422,0.7461,1.7714,-2.9046,-0.2026
714,True,Optimization terminated successfully.,1647,2546,390.9404,0,1,-0.0629,-0.4276,-0.4181,0.0179,1.2593,-1.6507,0.9167
715,True,Optimization terminated successfully.,1653,2581,392.7785,0,1,-0.1106,-0.5541,-0.3439,0.2232,1.3321,-1.9021,0.5654
716,True,Optimization terminated successfully.,1796,2782,420.6146,0,1,-0.1675,-0.7434,-0.2580,0.5418,1.4682,-2.2090,0.1268
717,True,Optimization terminated successfully.,1918,2944,435.6692,0,1,-0.1934,-0.6317,-0.2037,0.3939,1.5419,-2.3526,0.3004
718,True,Optimization terminated successfully.,1967,3027,441.1433,0,1,-0.0692,-0.4460,-0.4223,0.0096,1.2210,-1.6269,0.9598
719,True,Optimization terminated successfully.,1791,2766,410.8541,1,0,-0.7491,-1.7367,0.7038,2.5494,2.8140,-5.4336,-3.0033
720,True,Optimization terminated successfully.,2134,3298,455.4879,0,1,-0.1304,-0.6078,-0.3149,0.3200,1.4027,-2.0193,0.4218
721,True,Optimization terminated successfully.,1546,2399,416.7017,0,1,-0.1180,-0.5718,-0.3345,0.2511,1.3455,-1.9518,0.6129
722,True,Optimization terminated successfully.,1909,2957,430.4702,0,1,0.2459,-0.0053,-0.9261,-0.9548,0.5168,0.0475,2.3778
723,True,Optimization terminated successfully.,1840,2852,382.9883,0,1,0.1581,-0.1105,-0.7823,-0.7080,0.6969,-0.4265,2.0550
724,True,Optimization terminated successfully.,1745,2667,474.7043,0,1,-0.2444,-0.8027,-0.1239,0.6640,1.6728,-2.6412,-0.1221
725,True,Optimization terminated successfully.,1779,2749,459.9053,0,1,-0.0940,-0.5071,-0.3719,0.1440,1.3178,-1.7975,0.7296
726,True,Optimization terminated successfully.,2111,3285,449.9153,0,1,-0.0316,-0.3936,-0.4648,-0.0528,1.2219,-1.4932,1.0424
727,True,Optimization terminated successfully.,1893,2900,426.0484,0,1,-0.1754,-0.7427,-0.2401,0.5778,1.4965,-2.2522,0.0450
728,True,Optimization terminated successfully.,1670,2590,490.2899,0,1,-0.0370,-0.4845,-0.4645,0.0455,1.1613,-1.4980,0.8462
729,True,Optimization terminated successfully.,1609,2530,464.2838,0,1,0.0216,-0.3404,-0.5551,-0.2150,1.0954,-1.2020,1.3006
730,True,Optimization terminated successfully.,2004,3089,477.0316,0,1,-0.0078,-0.4733,-0.5077,0.0059,1.1276,-1.3478,0.9459
731,True,Optimization terminated successfully.,2044,3183,393.8772,0,1,-0.1797,-0.6900,-0.2231,0.4604,1.5171,-2.2987,0.2087
732,True,Optimization terminated successfully.,1816,2823,450.8172,1,0,0.8858,1.1683,-1.9698,-3.2502,-0.9637,3.5656,6.0237
733,True,Optimization terminated successfully.,1786,2762,471.9307,0,1,-0.1116,-0.5078,-0.3431,0.1359,1.3247,-1.8756,0.7428
734,True,Optimization terminated successfully.,1770,2740,416.7841,0,1,-0.0515,-0.4950,-0.4356,0.0057,1.1953,-1.5884,0.9022
735,True,Optimization terminated successfully.,2168,3356,532.9640,0,1,-0.3266,-0.8838,-0.0005,0.9284,1.8278,-3.0708,-0.4634
736,True,Optimization terminated successfully.,2047,3179,474.7093,0,1,0.0261,-0.3481,-0.5694,-0.2087,1.0091,-1.1440,1.2796
737,True,Optimization terminated successfully.,1790,2775,492.3067,0,1,-0.0009,-0.3748,-0.5181,-0.1862,1.0902,-1.3226,1.2206
738,True,Optimization terminated successfully.,2156,3304,511.2469,0,1,-0.0100,-0.3851,-0.4974,-0.1400,1.1141,-1.3750,1.1534
739,True,Optimization terminated successfully.,1567,2445,383.8788,0,1,0.0518,-0.2146,-0.6129,-0.4504,0.9371,-1.0064,1.6693
740,True,Optimization terminated successfully.,1838,2842,360.3391,0,1,-0.0956,-0.4577,-0.3664,0.0143,1.2989,-1.8208,0.8994
741,True,Optimization terminated successfully.,1874,2880,477.9887,0,1,0.1773,-0.0969,-0.8082,-0.7397,0.6684,-0.3429,2.0714
742,True,Optimization terminated successfully.,2043,3146,512.7145,0,1,0.0583,-0.3311,-0.6177,-0.2623,0.9762,-0.9864,1.3401
743,True,Optimization terminated successfully.,2018,3122,457.9279,0,1,-0.4449,-1.1359,0.2045,1.3975,2.1540,-3.7445,-1.2251
744,True,Optimization terminated successfully.,1846,2843,430.1195,0,1,-0.0793,-0.5175,-0.3818,0.1374,1.3025,-1.7637,0.7111
745,True,Optimization terminated successfully.,1950,3012,365.3425,0,1,-0.1173,-0.5751,-0.3244,0.2382,1.3904,-1.9653,0.6151
746,True,Optimization terminated successfully.,1727,2667,454.5382,0,1,-0.1701,-0.6649,-0.2582,0.4520,1.4525,-2.2003,0.2629
747,True,Optimization terminated successfully.,1936,3019,424.6388,0,1,-0.0764,-0.4939,-0.3933,0.0596,1.2598,-1.7194,0.8216
748,True,Optimization terminated successfully.,1867,2905,427.9738,0,1,-0.1024,-0.4913,-0.3596,0.1462,1.3062,-1.8378,0.7248
749,True,Optimization terminated successfully.,1799,2781,505.1629,0,1,-0.0983,-0.5559,-0.3500,0.2261,1.3284,-1.8680,0.5675
750,True,Optimization terminated successfully.,2029,3151,488.7543,0,1,0.0066,-0.4539,-0.5413,-0.0712,1.0575,-1.2508,0.9796
751,True,Optimization terminated successfully.,1414,2191,436.1000,0,1,-0.1512,-0.5833,-0.2737,0.2457,1.4074,-2.1400,0.5675
752,True,Optimization terminated successfully.,1778,2756,462.9710,0,1,0.0598,-0.2323,-0.6232,-0.4014,0.9337,-0.9651,1.5209
753,True,Optimization terminated successfully.,2056,3178,376.3040,0,1,0.1321,-0.1616,-0.7380,-0.6015,0.7659,-0.5761,1.8423
754,True,Optimization terminated successfully.,1815,2796,414.6708,0,1,-0.0116,-0.4386,-0.4862,-0.0308,1.1680,-1.4075,1.0058
755,True,Optimization terminated successfully.,1953,3044,518.2532,0,1,-0.1524,-0.6456,-0.2788,0.4121,1.4679,-2.1313,0.2964
756,True,Optimization terminated successfully.,1630,2514,424.5805,0,1,0.0023,-0.3839,-0.5396,-0.1302,1.0485,-1.2396,1.1091
757,True,Optimization terminated successfully.,1889,2926,377.4507,0,1,-0.1861,-0.7125,-0.2153,0.5255,1.5136,-2.3472,0.1645
758,True,Optimization terminated successfully.,1936,2966,419.9808,0,1,-0.0409,-0.4337,-0.4658,-0.0592,1.1632,-1.4933,1.0318
759,True,Optimization terminated successfully.,1773,2727,440.0919,0,1,0.0249,-0.3649,-0.5612,-0.2309,1.0403,-1.1632,1.2770
760,True,Optimization terminated successfully.,1926,2990,446.6034,0,1,-0.0558,-0.5000,-0.4221,0.0473,1.2329,-1.6371,0.8207
761,True,Optimization terminated successfully.,1597,2481,486.8657,0,1,-0.0773,-0.5137,-0.4002,0.0924,1.2466,-1.7101,0.8169
762,True,Optimization terminated successfully.,1847,2884,488.7018,0,1,-0.2657,-0.7843,-0.0920,0.6642,1.6779,-2.7432,-0.1154
763,True,Optimization terminated successfully.,1752,2731,438.2968,0,1,-0.0320,-0.4374,-0.4738,-0.0426,1.1362,-1.4631,1.0508
764,True,Optimization terminated successfully.,1749,2706,450.1270,0,1,0.0778,-0.2397,-0.6620,-0.4531,0.8524,-0.8447,1.6391
765,True,Optimization terminated successfully.,1751,2717,449.5362,0,1,-0.1096,-0.4786,-0.3489,0.1463,1.3430,-1.8801,0.7624
766,True,Optimization terminated successfully.,1758,2743,455.1410,0,1,-0.0736,-0.4697,-0.4116,0.0365,1.2197,-1.6672,0.9282
767,True,Optimization terminated successfully.,1969,3049,397.4910,0,1,-0.1344,-0.6292,-0.2992,0.3501,1.4188,-2.0606,0.4243
768,True,Optimization terminated successfully.,1710,2665,459.1765,0,1,-0.0783,-0.5107,-0.4006,0.1121,1.2301,-1.7317,0.8091
769,True,Optimization terminated successfully.,1587,2472,403.3715,0,1,-0.0502,-0.4463,-0.4404,0.0038,1.2069,-1.5806,0.9900
770,True,Optimization terminated successfully.,1732,2677,489.2589,0,1,-0.0764,-0.5305,-0.3863,0.1705,1.2821,-1.7509,0.6837
771,True,Optimization terminated successfully.,1926,2989,402.8920,0,1,-0.5320,-1.3358,0.3379,1.7633,2.3136,-4.1966,-1.7910
772,True,Optimization terminated successfully.,1867,2887,470.7423,0,1,-0.3055,-0.7730,-0.0284,0.7160,1.7930,-2.9651,-0.1024
773,True,Optimization terminated successfully.,1818,2834,453.0385,0,1,0.0111,-0.2850,-0.5417,-0.2840,1.0757,-1.2263,1.4177
774,True,Optimization terminated successfully.,1411,2199,353.1701,0,1,0.0438,-0.3324,-0.5904,-0.2918,1.0047,-1.0637,1.4092
775,True,Optimization terminated successfully.,1986,3072,439.9125,0,1,-0.0299,-0.3649,-0.4714,-0.1007,1.1617,-1.4769,1.1288
776,True,Optimization terminated successfully.,1915,2952,411.6430,0,1,0.5494,0.6669,-1.4343,-2.2369,-0.2515,1.7552,4.4486
777,True,Optimization terminated successfully.,2150,3317,358.7261,0,1,-0.1521,-0.5850,-0.2805,0.3284,1.4379,-2.1230,0.4467
778,True,Optimization terminated successfully.,1850,2857,386.9486,0,1,-0.1764,-0.7280,-0.2224,0.5797,1.5403,-2.3175,0.0595
779,True,Optimization terminated successfully.,1913,2974,410.5588,0,1,-0.0146,-0.3740,-0.4903,-0.1093,1.1376,-1.4068,1.1033
780,True,Optimization terminated successfully.,1716,2670,447.9638,0,1,-0.0055,-0.3408,-0.5193,-0.1693,1.0964,-1.3140,1.2296
781,True,Optimization terminated successfully.,1819,2810,437.7566,0,1,-0.1639,-0.6151,-0.2572,0.3340,1.4488,-2.1962,0.4175
782,True,Optimization terminated successfully.,1779,2753,411.5031,0,1,0.0087,-0.3289,-0.5394,-0.2382,1.0582,-1.2447,1.3279
783,True,Optimization terminated successfully.,2081,3222,445.0958,1,0,0.8388,1.1612,-1.9024,-3.2455,-0.9238,3.3351,6.0222
784,True,Optimization terminated successfully.,1895,2908,376.7977,0,1,-0.0348,-0.4165,-0.4664,-0.0577,1.1711,-1.4787,1.0133
785,True,Optimization terminated successfully.,2009,3089,384.9443,0,1,-0.1763,-0.6207,-0.2319,0.3860,1.5119,-2.2785,0.3902
786,True,Optimization terminated successfully.,1940,3008,463.8660,0,1,-0.0771,-0.4480,-0.3782,0.0864,1.3238,-1.7600,0.8343
787,True,Optimization terminated successfully.,1711,2668,380.3978,0,1,0.0144,-0.3369,-0.5475,-0.2245,1.0308,-1.2249,1.2884
788,True,Optimization terminated successfully.,2008,3106,456.2811,0,1,-0.1189,-0.5119,-0.3299,0.1364,1.3138,-1.9481,0.6850
789,True,Optimization terminated successfully.,1228,1957,446.6497,0,1,0.0850,-0.2724,-0.6528,-0.3254,0.9086,-0.8489,1.4581
790,True,Optimization terminated successfully.,1691,2621,406.8622,0,1,-0.1231,-0.4985,-0.3139,0.1389,1.3621,-1.9702,0.7535
791,True,Optimization terminated successfully.,1753,2725,448.5337,0,1,-0.0123,-0.4241,-0.5046,-0.0786,1.1011,-1.3628,1.1110
792,True,Optimization terminated successfully.,2055,3175,435.6761,0,1,-0.0633,-0.5128,-0.4164,0.1176,1.2526,-1.6544,0.7867
793,True,Optimization terminated successfully.,1697,2650,464.2824,0,1,-0.1539,-0.7085,-0.2715,0.4575,1.4269,-2.1476,0.2446
794,True,Optimization terminated successfully.,2039,3118,461.2413,0,1,0.0668,-0.2912,-0.6336,-0.3341,0.9184,-0.9265,1.4611
795,True,Optimization terminated successfully.,1721,2654,426.6431,0,1,0.0431,-0.3665,-0.5830,-0.1964,1.0245,-1.1036,1.2405
796,True,Optimization terminated successfully.,1687,2625,469.8609,0,1,-0.0530,-0.5101,-0.4328,0.1213,1.1868,-1.5955,0.7674
797,True,Optimization terminated successfully.,1762,2720,461.8653,0,1,-0.1039,-0.5718,-0.3382,0.2422,1.3541,-1.9027,0.6081
798,True,Optimization terminated successfully.,1709,2652,535.4750,0,1,-0.0778,-0.4964,-0.3926,0.0760,1.2827,-1.7422,0.8405
799,True,Optimization terminated successfully.,1808,2790,464.1287,0,1,-0.1468,-0.6058,-0.2861,0.3109,1.4120,-2.1029,0.4755
800,True,Optimization terminated successfully.,1808,2789,438.5877,0,1,0.0197,-0.2931,-0.5582,-0.3038,1.0246,-1.1798,1.4066
801,True,Optimization terminated successfully.,1881,2912,508.3899,0,1,-0.0059,-0.4118,-0.5101,-0.0885,1.0918,-1.3456,1.1554
802,True,Optimization terminated successfully.,1859,2888,384.3154,0,1,-0.1028,-0.5828,-0.3631,0.2552,1.3045,-1.8287,0.5539
803,True,Optimization terminated successfully.,1739,2709,451.8075,0,1,0.0084,-0.2976,-0.5356,-0.2841,1.0462,-1.2656,1.4086
804,True,Optimization terminated successfully.,1571,2427,488.9615,0,1,0.0166,-0.3487,-0.5591,-0.2714,1.0246,-1.1843,1.3427
805,True,Optimization terminated successfully.,1634,2533,429.5039,0,1,-0.1272,-0.5353,-0.3218,0.1356,1.3574,-1.9955,0.7163
806,True,Optimization terminated successfully.,1878,2873,436.2404,0,1,-0.1582,-0.6662,-0.2633,0.3898,1.4449,-2.1659,0.3180
807,True,Optimization terminated successfully.,1972,3061,432.8591,0,1,-0.0408,-0.4580,-0.4550,0.0148,1.1611,-1.5354,0.9051
808,True,Optimization terminated successfully.,1726,2663,406.7089,0,1,-0.1547,-0.6463,-0.2699,0.3954,1.4290,-2.1501,0.3829
809,True,Optimization terminated successfully.,1659,2577,394.0199,0,1,-0.1001,-0.5973,-0.3567,0.2383,1.3273,-1.8568,0.5553
810,True,Optimization terminated successfully.,1967,3054,421.0332,0,1,-0.0117,-0.3289,-0.5071,-0.2277,1.1185,-1.3514,1.3501
811,True,Optimization terminated successfully.,1584,2463,439.2346,0,1,-0.0136,-0.3893,-0.5034,-0.1438,1.0942,-1.3680,1.1756
812,True,Optimization terminated successfully.,1520,2393,440.5155,0,1,-0.1360,-0.6007,-0.2966,0.2996,1.4137,-2.0633,0.4933
813,True,Optimization terminated successfully.,1618,2512,482.4711,0,1,0.0591,-0.2878,-0.6212,-0.3485,0.9256,-0.9694,1.4772
814,True,Optimization terminated successfully.,1765,2760,443.7641,0,1,-0.0668,-0.5340,-0.4229,0.1366,1.2185,-1.6348,0.7006
815,True,Optimization terminated successfully.,1862,2889,361.7704,0,1,-0.2117,-0.6665,-0.1669,0.4454,1.5889,-2.5011,0.2099
816,True,Optimization terminated successfully.,1957,2987,427.4926,0,1,-0.1399,-0.6389,-0.2910,0.3956,1.4381,-2.0847,0.3725
817,True,Optimization terminated successfully.,1932,3004,406.4211,0,1,-0.1195,-0.5409,-0.3252,0.2104,1.3983,-1.9699,0.6182
818,True,Optimization terminated successfully.,1701,2660,388.3398,0,1,-0.0558,-0.5288,-0.4207,0.1155,1.2380,-1.6289,0.7313
819,True,Optimization terminated successfully.,1842,2841,403.0281,0,1,0.0171,-0.4286,-0.5393,-0.0745,1.0867,-1.2458,1.0387
820,True,Optimization terminated successfully.,1943,3015,398.7691,0,1,-0.0593,-0.5067,-0.4247,0.0775,1.2413,-1.6113,0.8601
821,True,Optimization terminated successfully.,2042,3164,529.5216,0,1,-0.1033,-0.5885,-0.3555,0.2368,1.3188,-1.8498,0.5747
822,True,Optimization terminated successfully.,1981,3066,397.7812,0,1,-0.1328,-0.5516,-0.3054,0.2461,1.4047,-2.0399,0.5652
823,True,Optimization terminated successfully.,1711,2650,438.2164,0,1,-0.0405,-0.4092,-0.4645,-0.0920,1.1726,-1.5078,1.1163
824,True,Optimization terminated successfully.,1657,2557,415.9719,0,1,-0.0594,-0.5007,-0.4289,0.0475,1.2403,-1.6183,0.8649
825,True,Optimization terminated successfully.,1491,2318,418.5303,0,1,-0.4112,-1.0465,0.1405,1.2344,2.0260,-3.5303,-0.9623
826,True,Optimization terminated successfully.,1983,3044,521.1587,0,1,-0.0280,-0.3997,-0.4731,-0.0925,1.1545,-1.4672,1.1061
827,True,Optimization terminated successfully.,1725,2679,477.5663,0,1,-0.0112,-0.4723,-0.4978,0.0010,1.1656,-1.3887,0.9173
828,True,Optimization terminated successfully.,1945,3003,415.9117,0,1,-0.0741,-0.4744,-0.4060,0.0136,1.2213,-1.6974,0.9004
829,True,Optimization terminated successfully.,1629,2550,412.1436,0,1,0.0220,-0.2963,-0.5570,-0.3213,1.0456,-1.1905,1.4467
830,True,Optimization terminated successfully.,1608,2526,427.8017,0,1,-0.1227,-0.5074,-0.3274,0.1291,1.3208,-1.9680,0.7327
831,True,Optimization terminated successfully.,1987,3085,495.8544,0,1,-0.0346,-0.4547,-0.4707,-0.0138,1.1532,-1.4808,0.9732
832,True,Optimization terminated successfully.,1898,2933,430.3866,0,1,-0.0451,-0.4494,-0.4578,-0.0264,1.1623,-1.5206,0.9874
833,True,Optimization terminated successfully.,1939,2961,446.6733,0,1,0.0086,-0.3155,-0.5415,-0.2248,1.0392,-1.2403,1.2886
834,True,Optimization terminated successfully.,1769,2759,362.6881,0,1,-0.1816,-0.6732,-0.2167,0.4528,1.5361,-2.3384,0.2626
835,True,Optimization terminated successfully.,2075,3147,406.4274,0,1,-0.0032,-0.4249,-0.5170,-0.1413,1.0593,-1.3318,1.1415
836,True,Optimization terminated successfully.,2040,3156,480.4012,0,1,-0.0116,-0.3078,-0.5083,-0.2603,1.0585,-1.3639,1.3414
837,True,Optimization terminated successfully.,1703,2616,356.2403,0,1,-0.0841,-0.4679,-0.3847,0.0895,1.2645,-1.7649,0.7935
838,True,Optimization terminated successfully.,1891,2920,468.9982,0,1,-0.0170,-0.4574,-0.4837,0.0020,1.1560,-1.4334,0.9103
839,True,Optimization terminated successfully.,2130,3264,395.0577,0,1,0.1229,-0.1744,-0.7135,-0.4736,0.8536,-0.6629,1.6825
840,True,Optimization terminated successfully.,2021,3144,507.4032,0,1,-0.0543,-0.4371,-0.4390,0.0042,1.2108,-1.5829,0.9849
841,True,Optimization terminated successfully.,2025,3142,529.1321,0,1,-0.0708,-0.5870,-0.4092,0.2176,1.2790,-1.6829,0.5630
842,True,Optimization terminated successfully.,1686,2631,346.6520,0,1,-0.0482,-0.5053,-0.4350,0.0748,1.2042,-1.5931,0.8029
843,True,Optimization terminated successfully.,1773,2739,401.2528,0,1,-0.0509,-0.4711,-0.4303,0.0607,1.2392,-1.6222,0.9036
844,True,Optimization terminated successfully.,1769,2730,422.4608,0,1,-0.1071,-0.5798,-0.3608,0.2407,1.3142,-1.8419,0.5584
845,True,Optimization terminated successfully.,1738,2706,429.0545,1,0,-1.3366,-2.7139,1.6571,4.5628,4.1977,-8.6189,-6.1452
846,True,Optimization terminated successfully.,1602,2471,425.2093,0,1,-0.1561,-0.6455,-0.2522,0.4124,1.4726,-2.2011,0.3361
847,True,Optimization terminated successfully.,1895,2943,372.7228,0,1,-0.2155,-0.6555,-0.1842,0.4443,1.5456,-2.4507,0.2845
848,True,Optimization terminated successfully.,1539,2394,410.1927,0,1,0.0364,-0.2379,-0.5876,-0.3793,0.9749,-1.0927,1.5559
849,True,Optimization terminated successfully.,1812,2808,414.6923,0,1,-0.0893,-0.4650,-0.3763,0.1037,1.2857,-1.7845,0.8306
850,True,Optimization terminated successfully.,1738,2687,412.7343,0,1,-0.0396,-0.4573,-0.4624,0.0042,1.1719,-1.4821,0.9558
851,True,Optimization terminated successfully.,1771,2779,484.8733,0,1,-0.0489,-0.4403,-0.4611,-0.0242,1.1586,-1.5081,0.9710
852,True,Optimization terminated successfully.,1177,1875,444.8647,0,1,-0.0931,-0.5775,-0.3622,0.2591,1.3129,-1.8318,0.5490
853,True,Optimization terminated successfully.,2753,4180,2.5619,1,0,-61.3762,-108.2700,99.6168,216.6622,143.8721,-337.8537,-336.8063
854,True,Optimization terminated successfully.,1776,2741,391.8567,0,1,-0.0263,-0.4112,-0.4891,-0.1232,1.1218,-1.4238,1.1174
855,True,Optimization terminated successfully.,1326,2131,396.3007,0,1,0.1745,-0.1930,-0.8234,-0.6282,0.6677,-0.3002,1.9099
856,True,Optimization terminated successfully.,2030,3125,439.1506,0,1,0.0361,-0.2919,-0.5763,-0.3032,1.0196,-1.1202,1.4032
857,True,Optimization terminated successfully.,1944,3004,504.5816,0,1,0.3210,0.2108,-1.0586,-1.3316,0.3097,0.4975,3.0745
858,True,Optimization terminated successfully.,1828,2845,476.6912,0,1,-0.0793,-0.5054,-0.3952,0.1190,1.2715,-1.7468,0.7936
859,True,Optimization terminated successfully.,2039,3141,452.9902,0,1,-0.1451,-0.5796,-0.2779,0.2922,1.4230,-2.1184,0.5129
860,True,Optimization terminated successfully.,1952,3038,417.2311,0,1,-0.1413,-0.5922,-0.2826,0.2776,1.4305,-2.1084,0.4850
861,True,Optimization terminated successfully.,1689,2649,429.0360,0,1,-0.1237,-0.5680,-0.3216,0.2929,1.3797,-1.9888,0.4531
862,True,Optimization terminated successfully.,1524,2363,402.8184,0,1,-0.1047,-0.5182,-0.3519,0.1174,1.3244,-1.8753,0.7578
863,True,Optimization terminated successfully.,1666,2584,403.4872,0,1,-0.0690,-0.3854,-0.4190,-0.1146,1.2032,-1.6631,1.1775
864,True,Optimization terminated successfully.,1857,2878,370.8821,0,1,-0.0153,-0.4181,-0.4973,-0.0849,1.1347,-1.3999,1.0991
865,True,Optimization terminated successfully.,1653,2588,459.2738,0,1,-0.0568,-0.4650,-0.4338,0.0506,1.2081,-1.6048,0.8877
866,True,Optimization terminated successfully.,1829,2835,409.1546,0,1,-0.0135,-0.3888,-0.4916,-0.1386,1.1416,-1.4073,1.1622
867,True,Optimization terminated successfully.,1767,2745,384.1412,0,1,-0.2205,-0.7473,-0.1740,0.5856,1.5514,-2.4975,0.0591
868,True,Optimization terminated successfully.,1746,2700,462.5705,0,1,-0.2605,-0.8862,-0.1011,0.8264,1.7002,-2.7045,-0.3872
869,True,Optimization terminated successfully.,1711,2659,437.5078,0,1,-0.1851,-0.6876,-0.2146,0.4722,1.5360,-2.3520,0.2162
870,True,Optimization terminated successfully.,1856,2895,390.9730,0,1,-0.1550,-0.7075,-0.2756,0.4061,1.4178,-2.1282,0.2916
871,True,Optimization terminated successfully.,1692,2643,453.9415,0,1,-0.0206,-0.3688,-0.4835,-0.1173,1.1320,-1.4382,1.1551
872,True,Optimization terminated successfully.,1765,2749,480.1055,0,1,-0.0618,-0.4560,-0.4239,0.0582,1.2370,-1.6653,0.8498
873,True,Optimization terminated successfully.,1822,2843,496.6370,0,1,-0.0879,-0.4603,-0.3850,0.0171,1.2734,-1.7788,0.9628
874,True,Optimization terminated successfully.,2039,3169,392.4089,0,1,-0.1701,-0.7116,-0.2495,0.4611,1.4760,-2.2185,0.2326
875,True,Optimization terminated successfully.,1652,2565,434.6339,0,1,-0.0024,-0.3897,-0.5217,-0.1486,1.0486,-1.3105,1.1619
876,True,Optimization terminated successfully.,1896,2928,430.1145,0,1,-0.1377,-0.6486,-0.2981,0.3670,1.4325,-2.0544,0.3452
877,True,Optimization terminated successfully.,1646,2546,480.7725,0,1,-0.0473,-0.5024,-0.4579,0.0473,1.1748,-1.5251,0.8572
878,True,Optimization terminated successfully.,1916,2954,480.9674,0,1,0.0888,-0.1998,-0.6634,-0.5317,0.9035,-0.8277,1.8085
879,True,Optimization terminated successfully.,1839,2838,382.9496,0,1,0.0111,-0.3719,-0.5400,-0.2139,1.0701,-1.2565,1.2794
880,True,Optimization terminated successfully.,1890,2925,422.5700,0,1,0.0147,-0.3265,-0.5512,-0.2524,1.0479,-1.2037,1.3462
881,True,Optimization terminated successfully.,1722,2688,423.2820,0,1,-0.1012,-0.6117,-0.3534,0.3226,1.3443,-1.8791,0.4869
882,True,Optimization terminated successfully.,1923,2966,400.4144,0,1,-0.1451,-0.6609,-0.2875,0.3791,1.4410,-2.1055,0.3406
883,True,Optimization terminated successfully.,1839,2844,387.1933,0,1,0.0266,-0.3100,-0.5531,-0.3161,1.0320,-1.1944,1.4485
884,True,Optimization terminated successfully.,1872,2921,509.7266,0,1,-0.0169,-0.4049,-0.4966,-0.1171,1.1032,-1.3800,1.0996
885,True,Optimization terminated successfully.,1644,2572,461.3680,0,1,-0.0998,-0.5497,-0.3535,0.1933,1.3147,-1.8634,0.6861
886,True,Optimization terminated successfully.,1881,2904,556.2679,0,1,-0.2058,-0.6312,-0.1903,0.3936,1.5329,-2.4121,0.3603
887,True,Optimization terminated successfully.,1899,2928,419.3629,0,1,-0.1136,-0.4770,-0.3441,0.0936,1.3436,-1.8947,0.8024
888,True,Optimization terminated successfully.,1898,2976,538.5655,0,1,0.0278,-0.2428,-0.5692,-0.3757,0.9984,-1.1461,1.5759
889,True,Optimization terminated successfully.,1933,2985,402.6816,0,1,-0.1791,-0.6530,-0.2323,0.4480,1.4889,-2.2757,0.2379
890,True,Optimization terminated successfully.,1711,2644,494.7277,0,1,-0.0647,-0.4808,-0.4247,0.0755,1.2140,-1.6381,0.8871
891,True,Optimization terminated successfully.,1828,2813,413.0850,0,1,-0.0639,-0.4978,-0.4229,0.0913,1.1917,-1.6355,0.8121
892,True,Optimization terminated successfully.,1554,2428,445.2459,0,1,-0.0653,-0.4478,-0.4216,0.0318,1.2174,-1.6511,0.9143
893,True,Optimization terminated successfully.,1456,2279,473.4058,0,1,-0.1933,-0.6323,-0.2108,0.4319,1.5078,-2.3597,0.3048
894,True,Optimization terminated successfully.,1880,2881,402.1723,0,1,-0.2213,-0.7461,-0.1511,0.5743,1.6117,-2.5362,0.0751
895,True,Optimization terminated successfully.,1830,2866,411.7606,0,1,-0.6407,-1.4635,0.5166,2.0123,2.5455,-4.7908,-2.2526
896,True,Optimization terminated successfully.,1555,2440,390.1367,0,1,-0.0712,-0.5525,-0.4060,0.1526,1.2652,-1.6840,0.6964
897,True,Optimization terminated successfully.,1896,2930,373.6542,0,1,-0.1961,-0.6796,-0.2091,0.5026,1.5204,-2.3670,0.1458
898,True,Optimization terminated successfully.,1974,3019,514.8543,0,1,-0.0967,-0.5361,-0.3670,0.1479,1.3077,-1.8390,0.7245
899,True,Optimization terminated successfully.,1796,2752,386.0367,0,1,-0.0659,-0.4004,-0.4179,-0.0690,1.2183,-1.6526,1.0169
900,True,Optimization terminated successfully.,2786,4300,2.2553,1,0,-58.6541,-103.4524,95.1792,206.9969,137.5627,-322.9340,-321.7847
901,True,Optimization terminated successfully.,1727,2687,375.7598,0,1,-0.0136,-0.3861,-0.5086,-0.1545,1.1065,-1.3635,1.2224
902,True,Optimization terminated successfully.,1796,2786,446.4962,0,1,0.0466,-0.2309,-0.5954,-0.3577,0.9674,-1.0547,1.5310
903,True,Optimization terminated successfully.,1718,2656,481.4605,0,1,-0.1405,-0.5252,-0.3019,0.1544,1.3688,-2.0457,0.7090
904,True,Optimization terminated successfully.,2120,3282,442.7031,1,0,-0.9577,-2.0587,1.0413,3.2150,3.3056,-6.5586,-4.0703
905,True,Optimization terminated successfully.,1991,3079,478.9203,0,1,-0.0536,-0.4361,-0.4317,-0.0385,1.2209,-1.5975,0.9934
906,True,Optimization terminated successfully.,1770,2739,417.7947,0,1,-0.0163,-0.3740,-0.4924,-0.1818,1.1363,-1.4081,1.2361
907,True,Optimization terminated successfully.,1642,2559,401.5738,0,1,-0.1135,-0.6055,-0.3318,0.2907,1.3494,-1.9471,0.4649
908,True,Optimization terminated successfully.,2043,3164,491.7124,0,1,0.1862,-0.0808,-0.8310,-0.8337,0.6552,-0.2744,2.2312
909,True,Optimization terminated successfully.,1922,2951,478.0038,0,1,0.0404,-0.2977,-0.5913,-0.3469,0.9840,-1.0678,1.5317
910,True,Optimization terminated successfully.,1725,2672,539.2474,0,1,-0.0496,-0.4840,-0.4381,0.0332,1.2025,-1.5897,0.8899
911,True,Optimization terminated successfully.,1909,2971,423.8705,0,1,-0.2513,-0.7029,-0.1240,0.5192,1.6488,-2.6469,0.0643
912,True,Optimization terminated successfully.,1806,2814,453.7125,0,1,0.0493,-0.2012,-0.5922,-0.4331,0.9909,-1.0557,1.6445
913,True,Optimization terminated successfully.,1698,2645,458.5014,0,1,-0.1086,-0.5232,-0.3433,0.2041,1.3530,-1.8973,0.6569
914,True,Optimization terminated successfully.,1704,2646,501.6380,0,1,-0.0759,-0.5356,-0.4046,0.1121,1.2607,-1.6950,0.7500
915,True,Optimization terminated successfully.,1708,2673,393.2631,1,0,-0.6819,-1.5571,0.5955,2.2384,2.6825,-5.0478,-2.5054
916,True,Optimization terminated successfully.,1871,2890,500.3557,0,1,-0.3287,-0.9357,0.0020,0.9517,1.8133,-3.0620,-0.5501
917,True,Optimization terminated successfully.,1835,2817,384.6550,0,1,-0.0808,-0.5350,-0.3863,0.1549,1.2776,-1.7569,0.6960
918,True,Optimization terminated successfully.,1884,2919,473.7632,0,1,-0.0820,-0.5347,-0.3834,0.1279,1.2947,-1.7395,0.7161
919,True,Optimization terminated successfully.,1931,2996,546.8693,0,1,-0.1212,-0.5913,-0.3323,0.2909,1.3656,-1.9385,0.5093
920,True,Optimization terminated successfully.,2045,3187,473.1862,0,1,0.0937,-0.1949,-0.6771,-0.5064,0.8650,-0.7907,1.7632
921,True,Optimization terminated successfully.,1673,2624,395.9994,0,1,-0.1969,-0.6048,-0.1965,0.3687,1.5178,-2.3999,0.3871
922,True,Optimization terminated successfully.,1868,2891,409.0447,0,1,-0.3737,-0.9184,0.0842,1.0004,1.9274,-3.3306,-0.5768
923,True,Optimization terminated successfully.,1600,2488,406.0698,0,1,-0.0978,-0.5642,-0.3557,0.2261,1.3116,-1.8544,0.6079
924,True,Optimization terminated successfully.,1850,2905,490.5940,0,1,-0.0639,-0.4936,-0.4170,0.1302,1.2215,-1.6499,0.7775
925,True,Optimization terminated successfully.,1759,2712,413.3230,0,1,-0.1039,-0.5910,-0.3545,0.2637,1.3246,-1.8763,0.5319
926,True,Optimization terminated successfully.,1628,2543,413.3790,0,1,-0.0081,-0.3004,-0.5130,-0.2834,1.0958,-1.3327,1.3460
927,True,Optimization terminated successfully.,1939,3014,455.3788,0,1,-0.0571,-0.5045,-0.4240,0.1222,1.2548,-1.6278,0.8248
928,True,Optimization terminated successfully.,1790,2784,476.6297,0,1,-0.0608,-0.4089,-0.4329,-0.0531,1.1938,-1.6039,1.0803
929,True,Optimization terminated successfully.,1653,2561,390.8530,0,1,-0.1609,-0.5535,-0.2589,0.2448,1.4514,-2.1971,0.5908
930,True,Optimization terminated successfully.,1962,3050,460.7540,0,1,-0.0117,-0.3619,-0.5082,-0.1839,1.0845,-1.3426,1.2191
931,True,Optimization terminated successfully.,1575,2464,452.4799,0,1,0.0707,-0.1959,-0.6415,-0.4884,0.9099,-0.9104,1.7257
932,True,Optimization terminated successfully.,1997,3068,370.7485,0,1,-0.2953,-0.8692,-0.0438,0.8026,1.7375,-2.9184,-0.3567
933,True,Optimization terminated successfully.,1938,2995,397.0014,0,1,-0.4909,-1.2257,0.2818,1.5441,2.2388,-4.0052,-1.4789
934,True,Optimization terminated successfully.,1676,2605,436.6999,0,1,-0.2370,-0.7124,-0.1319,0.5554,1.6548,-2.6117,0.0898
935,True,Optimization terminated successfully.,1694,2658,413.2965,0,1,-0.5447,-1.2934,0.3730,1.7060,2.3715,-4.3129,-1.7451
936,True,Optimization terminated successfully.,1747,2753,392.1202,0,1,-0.4226,-1.0308,0.1664,1.2130,2.0389,-3.6227,-0.9023
937,True,Optimization terminated successfully.,1800,2793,428.6536,0,1,-0.2359,-0.7280,-0.1312,0.5797,1.6417,-2.6103,0.0583
938,True,Optimization terminated successfully.,2179,3331,468.9014,0,1,-0.1108,-0.4909,-0.3504,0.1465,1.3057,-1.8986,0.7567
939,True,Optimization terminated successfully.,1880,2905,417.1628,0,1,0.3011,0.1387,-1.0175,-1.1858,0.4240,0.3598,2.7896
940,True,Optimization terminated successfully.,1654,2553,489.0340,0,1,-0.1040,-0.4917,-0.3536,0.0695,1.3067,-1.8734,0.8128
941,True,Optimization terminated successfully.,1949,2996,441.0209,0,1,-0.1106,-0.5618,-0.3431,0.1965,1.3395,-1.9190,0.6368
942,True,Optimization terminated successfully.,1744,2697,426.3863,0,1,0.0570,-0.2620,-0.6114,-0.3400,0.9507,-0.9978,1.5142
943,True,Optimization terminated successfully.,1933,2963,477.9925,0,1,-0.0800,-0.4103,-0.4032,-0.0177,1.2554,-1.7112,0.9729
944,True,Optimization terminated successfully.,1654,2571,368.0269,0,1,-0.2709,-0.7407,-0.0886,0.6425,1.7063,-2.7578,-0.0025
945,True,Optimization terminated successfully.,1678,2606,419.8970,0,1,-0.0282,-0.4186,-0.4756,-0.0499,1.1317,-1.4609,1.1033
946,True,Optimization terminated successfully.,2007,3104,480.1771,0,1,0.2200,0.0600,-0.8880,-1.0105,0.5785,-0.0780,2.5721
947,True,Optimization terminated successfully.,1667,2603,418.5537,0,1,-0.0743,-0.4897,-0.4176,0.0520,1.1992,-1.6597,0.8755
948,True,Optimization terminated successfully.,2127,3316,453.4809,0,1,-0.1833,-0.7455,-0.2251,0.5254,1.4794,-2.2978,0.0832
949,True,Optimization terminated successfully.,2025,3112,396.5547,0,1,-0.0433,-0.4485,-0.4566,-0.0307,1.1831,-1.5257,0.9678
950,True,Optimization terminated successfully.,1896,2932,432.9135,0,1,0.0400,-0.3055,-0.5863,-0.3739,0.9689,-1.0880,1.4951
951,True,Optimization terminated successfully.,1932,3011,375.2417,0,1,-0.2338,-0.7832,-0.1390,0.6983,1.6470,-2.5903,-0.2006
952,True,Optimization terminated successfully.,1979,3059,435.2949,0,1,-0.0805,-0.4337,-0.3915,-0.0139,1.2590,-1.7445,1.0138
953,True,Optimization terminated successfully.,1791,2787,447.9214,0,1,-0.4312,-1.1245,0.1943,1.3930,2.1098,-3.7069,-1.2138
954,True,Optimization terminated successfully.,1787,2766,404.3935,0,1,-0.1262,-0.5311,-0.3240,0.1729,1.3497,-1.9839,0.6997
955,True,Optimization terminated successfully.,1600,2456,400.6268,0,1,-0.0033,-0.3261,-0.5254,-0.2320,1.0494,-1.3114,1.3324
956,True,Optimization terminated successfully.,1822,2824,379.3000,0,1,-0.1371,-0.7676,-0.2894,0.5437,1.4571,-2.0839,0.0623
957,True,Optimization terminated successfully.,1570,2435,419.2545,0,1,-0.1148,-0.4977,-0.3447,0.0899,1.3441,-1.8984,0.8045
958,True,Optimization terminated successfully.,2139,3302,420.2121,0,1,-0.0801,-0.4565,-0.3955,0.0078,1.2425,-1.7324,0.9443
959,True,Optimization terminated successfully.,1874,2866,367.8136,0,1,-0.0729,-0.4487,-0.3976,0.0332,1.2760,-1.7135,0.9048
960,True,Optimization terminated successfully.,1749,2698,449.9700,0,1,-0.4926,-1.2057,0.2900,1.5212,2.2470,-4.0266,-1.4362
961,True,Optimization terminated successfully.,2166,3302,439.4272,0,1,-0.0767,-0.5692,-0.3962,0.1615,1.2637,-1.7152,0.6943
962,True,Optimization terminated successfully.,1674,2604,421.7210,0,1,-0.4430,-1.1371,0.2001,1.3484,2.1351,-3.7456,-1.1172
963,True,Optimization terminated successfully.,1778,2765,507.1820,0,1,-0.0985,-0.5667,-0.3740,0.1826,1.3012,-1.8018,0.6855
964,True,Optimization terminated successfully.,1974,3047,483.8773,0,1,-0.1149,-0.5932,-0.3316,0.3032,1.3729,-1.9522,0.4867
965,True,Optimization terminated successfully.,1761,2744,442.5440,0,1,-0.1827,-0.7338,-0.2250,0.5537,1.5113,-2.3091,0.0580
966,True,Optimization terminated successfully.,1943,3013,457.3827,0,1,0.0203,-0.3807,-0.5652,-0.1953,1.0196,-1.1599,1.2431
967,True,Optimization terminated successfully.,1676,2588,366.5932,0,1,-0.0030,-0.3840,-0.5170,-0.1357,1.0916,-1.3162,1.1485
968,True,Optimization terminated successfully.,1771,2724,417.7056,0,1,-0.1590,-0.6130,-0.2614,0.3050,1.4633,-2.1843,0.4855
969,True,Optimization terminated successfully.,1521,2410,394.2496,0,1,-0.0323,-0.4745,-0.4732,-0.0222,1.1388,-1.4668,1.0076
970,True,Optimization terminated successfully.,1597,2479,484.1609,0,1,-0.1397,-0.5316,-0.2935,0.1987,1.4279,-2.0656,0.6516
971,True,Optimization terminated successfully.,1789,2777,489.3463,0,1,-0.1687,-0.6715,-0.2473,0.3759,1.4783,-2.2202,0.3818
972,True,Optimization terminated successfully.,1920,2955,494.9002,0,1,-0.3458,-0.9567,0.0496,1.0164,1.9155,-3.2166,-0.6323
973,True,Optimization terminated successfully.,1953,3010,507.3962,0,1,0.1560,-0.0633,-0.7918,-0.7361,0.6970,-0.4129,2.0978
974,True,Optimization terminated successfully.,1971,3036,501.0494,0,1,-0.2606,-0.7426,-0.0953,0.6113,1.6944,-2.7451,-0.0088
975,True,Optimization terminated successfully.,1704,2650,479.3830,1,0,-0.8075,-1.7687,0.7878,2.6488,2.9328,-5.7030,-3.1844
976,True,Optimization terminated successfully.,2044,3134,432.5331,0,1,-0.1173,-0.6122,-0.3289,0.2412,1.3582,-1.9448,0.5548
977,True,Optimization terminated successfully.,1712,2673,549.8320,0,1,-0.0614,-0.4731,-0.4214,0.0577,1.2457,-1.6429,0.8370
978,True,Optimization terminated successfully.,1903,2946,454.5015,0,1,-0.0825,-0.5019,-0.3915,0.0629,1.2455,-1.7376,0.8491
979,True,Optimization terminated successfully.,1676,2594,444.8051,0,1,-0.1297,-0.6479,-0.3186,0.3673,1.3936,-1.9908,0.4216
980,True,Optimization terminated successfully.,2064,3178,461.2076,0,1,0.1616,-0.0947,-0.7934,-0.6964,0.6930,-0.4013,2.0182
981,True,Optimization terminated successfully.,1679,2617,465.7457,1,0,-0.7105,-1.6184,0.6415,2.3225,2.7649,-5.2142,-2.6968
982,True,Optimization terminated successfully.,1811,2817,471.1000,0,1,-0.0161,-0.3600,-0.4790,-0.1610,1.1753,-1.4423,1.1834
983,True,Optimization terminated successfully.,1510,2371,441.3558,0,1,-0.1012,-0.4707,-0.3635,0.0939,1.3140,-1.8417,0.7898
984,True,Optimization terminated successfully.,1898,2951,404.3364,0,1,-0.0688,-0.4745,-0.4172,0.0301,1.2225,-1.6709,0.9011
985,True,Optimization terminated successfully.,1854,2856,439.3192,0,1,-0.2502,-0.7921,-0.1137,0.7365,1.6732,-2.6758,-0.2207
986,True,Optimization terminated successfully.,2024,3157,435.6350,1,0,0.9260,1.3673,-2.0403,-3.5760,-1.0831,3.7894,6.5533
987,True,Optimization terminated successfully.,1694,2640,452.9722,0,1,-0.0580,-0.4736,-0.4346,0.0375,1.2165,-1.5916,0.9216
988,True,Optimization terminated successfully.,1845,2855,550.7793,0,1,-0.1221,-0.5430,-0.3304,0.1866,1.3238,-1.9485,0.6571
989,True,Optimization terminated successfully.,1901,2937,453.9890,0,1,-0.2118,-0.7758,-0.1697,0.6585,1.6194,-2.5003,-0.0930
990,True,Optimization terminated successfully.,1714,2652,472.4026,0,1,0.1983,-0.0308,-0.8509,-0.8716,0.6316,-0.1879,2.2913
991,True,Optimization terminated successfully.,1725,2674,490.6136,0,1,0.1173,-0.1854,-0.7170,-0.5761,0.8135,-0.6483,1.8694
992,True,Optimization terminated successfully.,1765,2761,520.6106,0,1,-0.2942,-0.8183,-0.0457,0.7613,1.7741,-2.9075,-0.2134
993,True,Optimization terminated successfully.,1842,2864,446.1750,0,1,-0.1425,-0.5346,-0.2979,0.2075,1.3908,-2.0439,0.6198
994,True,Optimization terminated successfully.,1778,2750,350.2496,0,1,-0.4564,-1.2119,0.2322,1.4976,2.1769,-3.8337,-1.4119
995,True,Optimization terminated successfully.,1642,2547,512.1328,0,1,-0.0428,-0.4182,-0.4643,-0.0673,1.1611,-1.5003,1.0893
996,True,Optimization terminated successfully.,1864,2875,395.3187,0,1,-0.0447,-0.4612,-0.4519,0.0670,1.1911,-1.5343,0.8122
997,True,Optimization terminated successfully.,2074,3209,453.2125,1,0,-0.8324,-1.8720,0.8405,2.8153,3.0528,-5.8773,-3.4519
998,True,Optimization terminated successfully.,1984,3062,361.7153,0,1,-0.0012,-0.3652,-0.5063,-0.1884,1.0981,-1.3372,1.2089
999,True,Optimization terminated successfully.,1735,2702,441.8820,0,1,0.4932,0.5156,-1.3355,-1.9600,-0.0864,1.4292,4.0064
1000,True,Optimization terminated successfully.,1646,2550,378.0540,0,1,-0.0938,-0.4942,-0.3651,0.2011,1.2937,-1.8063,0.6411
1001,True,Optimization terminated successfully.,1971,3058,459.4451,0,1,0.3507,0.2292,-1.0917,-1.3866,0.3057,0.6169,3.0906
1002,True,Optimization terminated successfully.,1832,2851,428.2768,0,1,-0.0155,-0.4298,-0.4953,-0.0627,1.1125,-1.3937,1.0570
1003,True,Optimization terminated successfully.,1646,2552,421.6795,0,1,-0.1166,-0.6575,-0.3298,0.3603,1.3791,-1.9430,0.3777
1004,True,Optimization terminated successfully.,2015,3114,500.3074,0,1,-0.1344,-0.6153,-0.2994,0.2982,1.4095,-2.0616,0.4135
1005,True,Optimization terminated successfully.,1811,2776,481.2741,0,1,-0.1069,-0.4331,-0.3528,-0.0250,1.2693,-1.8725,1.0384
1006,True,Optimization terminated successfully.,1925,2962,504.6113,0,1,-0.0792,-0.4053,-0.4071,-0.0679,1.2386,-1.6830,1.0616
1007,True,Optimization terminated successfully.,1781,2769,447.7659,0,1,-0.2029,-0.7483,-0.2017,0.5609,1.5392,-2.3997,0.0814
1008,True,Optimization terminated successfully.,1635,2543,463.2675,0,1,-0.1281,-0.5528,-0.3249,0.1792,1.3515,-1.9614,0.6551
1009,True,Optimization terminated successfully.,1730,2689,502.1746,0,1,0.0511,-0.3202,-0.5977,-0.2792,0.9881,-1.0456,1.4238
1010,True,Optimization terminated successfully.,1769,2764,459.8261,0,1,-0.0534,-0.4089,-0.4369,-0.0667,1.1749,-1.5978,1.0300
1011,True,Optimization terminated successfully.,1912,2934,423.2881,0,1,-0.0800,-0.4842,-0.3776,0.1553,1.3035,-1.7763,0.7664
1012,True,Optimization terminated successfully.,1648,2595,410.6652,0,1,-0.0983,-0.5940,-0.3699,0.2532,1.3049,-1.8134,0.5347
1013,True,Optimization terminated successfully.,1768,2737,465.4690,0,1,-0.0577,-0.5101,-0.4266,0.0480,1.2056,-1.6362,0.8020
1014,True,Optimization terminated successfully.,1978,3065,392.6549,1,0,-1.2559,-2.5108,1.5221,4.1600,3.9905,-8.1791,-5.5117
1015,True,Optimization terminated successfully.,1791,2792,431.3684,1,0,0.8979,1.1900,-1.9847,-3.3567,-0.9945,3.6125,6.1634
1016,True,Optimization terminated successfully.,1564,2421,409.0245,0,1,-0.1269,-0.5821,-0.3262,0.2754,1.3512,-1.9640,0.5264
1017,True,Optimization terminated successfully.,2014,3126,483.6770,0,1,0.0087,-0.3661,-0.5281,-0.1622,1.1046,-1.2907,1.1858
1018,True,Optimization terminated successfully.,1840,2821,476.8831,0,1,-0.2521,-0.8001,-0.1194,0.6408,1.6634,-2.6537,-0.0537
1019,True,Optimization terminated successfully.,1749,2702,401.9491,0,1,-0.0642,-0.5074,-0.4059,0.0795,1.2869,-1.6856,0.8220
1020,True,Optimization terminated successfully.,1727,2684,414.2957,0,1,-0.1162,-0.5499,-0.3327,0.2491,1.3536,-1.9306,0.5438
1021,True,Optimization terminated successfully.,1622,2506,393.8846,0,1,0.0440,-0.3275,-0.5890,-0.3087,0.9654,-1.0733,1.3827
1022,True,Optimization terminated successfully.,1973,3037,427.4614,0,1,-0.0118,-0.3891,-0.5124,-0.1190,1.1130,-1.3461,1.1065
1023,True,Optimization terminated successfully.,1572,2460,465.4060,0,1,-0.4026,-1.0842,0.1198,1.2469,2.0144,-3.4815,-1.0110
1024,True,Optimization terminated successfully.,1769,2766,473.6528,0,1,0.1201,-0.1562,-0.7252,-0.6063,0.7942,-0.6242,1.8637
1025,True,Optimization terminated successfully.,1925,2949,487.8469,0,1,-0.2793,-0.8691,-0.0611,0.7903,1.7651,-2.8482,-0.3339
1026,True,Optimization terminated successfully.,1637,2515,457.1923,0,1,-0.1761,-0.6820,-0.2358,0.4151,1.4897,-2.2595,0.3164
1027,True,Optimization terminated successfully.,1821,2815,440.3146,0,1,-0.0438,-0.3790,-0.4588,-0.1108,1.1341,-1.5230,1.0801
1028,True,Optimization terminated successfully.,1737,2678,365.2434,0,1,-0.3020,-0.9166,-0.0171,0.9129,1.8053,-2.9975,-0.5131
1029,True,Optimization terminated successfully.,1980,3046,420.3661,0,1,-0.0363,-0.3685,-0.4687,-0.1712,1.1604,-1.4818,1.1660
1030,True,Optimization terminated successfully.,1904,2939,416.8800,0,1,-0.0854,-0.5204,-0.3809,0.1395,1.2584,-1.7780,0.7378
1031,True,Optimization terminated successfully.,1788,2805,457.3402,0,1,-0.1937,-0.7548,-0.2138,0.5491,1.4989,-2.3467,0.0666
1032,True,Optimization terminated successfully.,1990,3073,401.6624,0,1,-0.1437,-0.6977,-0.2997,0.4773,1.4041,-2.0698,0.2118
1033,True,Optimization terminated successfully.,1610,2499,476.1219,0,1,-0.0395,-0.4721,-0.4525,0.0496,1.1972,-1.5487,0.8890
1034,True,Optimization terminated successfully.,2065,3201,418.8565,0,1,-0.3690,-0.9308,0.0792,0.9986,1.9182,-3.3314,-0.5793
1035,True,Optimization terminated successfully.,1836,2868,497.5637,0,1,-0.0959,-0.4883,-0.3658,0.0930,1.3188,-1.8118,0.7941
1036,True,Optimization terminated successfully.,1787,2778,441.8274,0,1,-0.0420,-0.4337,-0.4617,-0.0982,1.1689,-1.5034,1.0700
1037,True,Optimization terminated successfully.,1934,2998,369.7076,0,1,-0.0129,-0.3521,-0.5016,-0.1990,1.1201,-1.3834,1.2528
1038,True,Optimization terminated successfully.,2092,3201,494.9016,1,0,-0.9823,-2.1652,1.0826,3.4195,3.3640,-6.7133,-4.3715
1039,True,Optimization terminated successfully.,1853,2879,428.6632,0,1,-0.0328,-0.5051,-0.4708,0.0470,1.1550,-1.4607,0.8710
1040,True,Optimization terminated successfully.,1740,2685,488.6751,0,1,0.1783,-0.0961,-0.7982,-0.7488,0.6846,-0.3667,2.1048
1041,True,Optimization terminated successfully.,1575,2478,436.2940,1,0,0.8850,1.2650,-1.9647,-3.3854,-0.9820,3.5467,6.2372
1042,True,Optimization terminated successfully.,1683,2604,435.6965,0,1,-0.1054,-0.5068,-0.3573,0.1500,1.3170,-1.8565,0.7170
1043,True,Optimization terminated successfully.,1629,2529,405.5300,0,1,0.1436,-0.0157,-0.7550,-0.8217,0.7288,-0.5308,2.2462
1044,True,Optimization terminated successfully.,1808,2803,535.9445,0,1,0.0616,-0.2043,-0.6333,-0.5095,0.9370,-0.9289,1.7421
1045,True,Optimization terminated successfully.,1603,2512,397.0524,0,1,-0.1051,-0.5407,-0.3758,0.1707,1.2813,-1.8140,0.7156
1046,True,Optimization terminated successfully.,2167,3357,379.4671,0,1,-0.2057,-0.7361,-0.1786,0.5431,1.5941,-2.4413,0.1285
1047,True,Optimization terminated successfully.,1696,2645,531.6757,0,1,-0.0482,-0.4489,-0.4461,-0.0022,1.1893,-1.5746,0.9546
1048,True,Optimization terminated successfully.,1849,2883,436.9970,0,1,-0.2472,-0.7444,-0.1251,0.6107,1.6321,-2.6443,0.0002
1049,True,Optimization terminated successfully.,1954,3027,537.4022,0,1,-0.0105,-0.4233,-0.5021,-0.0942,1.1038,-1.3718,1.1016
1050,True,Optimization terminated successfully.,2040,3154,472.8107,0,1,0.1816,-0.0117,-0.8212,-0.8781,0.6614,-0.2804,2.3336
1051,True,Optimization terminated successfully.,1997,3077,423.4685,0,1,-0.1441,-0.4989,-0.2807,0.1207,1.4311,-2.1203,0.7992
1052,True,Optimization terminated successfully.,2008,3104,380.4912,0,1,-0.0371,-0.4759,-0.4611,0.0279,1.1603,-1.5114,0.8723
1053,True,Optimization terminated successfully.,1974,3048,412.6026,0,1,-0.0856,-0.5083,-0.3837,0.1206,1.2816,-1.7804,0.7780
1054,True,Optimization terminated successfully.,1819,2827,486.4236,0,1,0.1057,-0.2329,-0.6973,-0.4084,0.8521,-0.7171,1.5964
1055,True,Optimization terminated successfully.,1870,2899,500.2890,0,1,-0.1392,-0.5411,-0.2934,0.2293,1.3924,-2.0565,0.5915
1056,True,Optimization terminated successfully.,1639,2571,368.9574,0,1,-0.0946,-0.5255,-0.3691,0.1138,1.3164,-1.8139,0.7581
1057,True,Optimization terminated successfully.,1924,2955,417.6188,0,1,-0.0306,-0.4223,-0.4740,-0.0527,1.1561,-1.4621,1.0129
1058,True,Optimization terminated successfully.,1857,2885,391.3474,0,1,-0.1490,-0.5055,-0.2873,0.2020,1.3798,-2.0890,0.6557
1059,True,Optimization terminated successfully.,1864,2898,472.0903,0,1,-0.0616,-0.4480,-0.4229,-0.0445,1.1972,-1.6449,1.0280
1060,True,Optimization terminated successfully.,1501,2342,419.2552,0,1,-0.1087,-0.5386,-0.3587,0.1499,1.2930,-1.8610,0.6914
1061,True,Optimization terminated successfully.,1763,2724,401.2177,0,1,-0.0410,-0.4508,-0.4621,-0.0505,1.1570,-1.5167,1.0114
1062,True,Optimization terminated successfully.,1589,2457,375.4187,0,1,0.0474,-0.1681,-0.6070,-0.4720,0.9562,-1.0225,1.6919
1063,True,Optimization terminated successfully.,2051,3157,368.9651,0,1,-0.0470,-0.4610,-0.4527,-0.0012,1.1746,-1.5236,0.9114
1064,True,Optimization terminated successfully.,1876,2914,391.1344,1,0,1.2184,1.7073,-2.5247,-4.4205,-1.7842,5.4203,7.8289
1065,True,Optimization terminated successfully.,2046,3152,459.7505,0,1,-0.4667,-1.1568,0.2340,1.4402,2.1597,-3.8588,-1.2847
1066,True,Optimization terminated successfully.,1705,2637,393.3132,0,1,-0.0803,-0.5548,-0.3911,0.1554,1.2523,-1.7396,0.6795
1067,True,Optimization terminated successfully.,1770,2750,452.6667,0,1,0.0891,-0.2327,-0.6652,-0.4695,0.8869,-0.8181,1.6620
1068,True,Optimization terminated successfully.,1628,2521,453.3002,0,1,-0.0695,-0.4805,-0.3986,0.0430,1.2753,-1.7131,0.8879
1069,True,Optimization terminated successfully.,1839,2842,430.2161,0,1,-0.2537,-0.7853,-0.1283,0.6652,1.6020,-2.6307,-0.0769
1070,True,Optimization terminated successfully.,1859,2870,504.3942,0,1,-0.0774,-0.4773,-0.4028,-0.0061,1.2221,-1.7125,0.9473
1071,True,Optimization terminated successfully.,2113,3255,539.0875,0,1,0.1564,0.0273,-0.7798,-0.8926,0.6949,-0.4256,2.3550
1072,True,Optimization terminated successfully.,1921,2965,477.1118,0,1,-0.0370,-0.4119,-0.4524,-0.0532,1.2005,-1.5329,1.0388
1073,True,Optimization terminated successfully.,1998,3096,458.9054,0,1,-0.1189,-0.6002,-0.3266,0.2990,1.3969,-1.9622,0.5178
1074,True,Optimization terminated successfully.,1666,2577,448.0030,0,1,-0.0534,-0.5317,-0.4352,0.1638,1.2123,-1.6132,0.6482
1075,True,Optimization terminated successfully.,1784,2783,449.0371,0,1,-0.3413,-0.8896,0.0346,0.9234,1.8921,-3.1797,-0.4781
1076,True,Optimization terminated successfully.,1685,2614,512.1686,0,1,-0.0450,-0.4347,-0.4593,-0.0740,1.1526,-1.5222,1.0347
1077,True,Optimization terminated successfully.,1926,2993,436.5998,0,1,-0.3619,-0.9586,0.0686,1.0621,1.9328,-3.2967,-0.6992
1078,True,Optimization terminated successfully.,1789,2777,406.6433,0,1,-0.1493,-0.5853,-0.2759,0.2790,1.4355,-2.1271,0.4630
1079,True,Optimization terminated successfully.,2017,3078,447.8779,0,1,-0.1479,-0.5913,-0.2823,0.3148,1.4250,-2.1021,0.4565
1080,True,Optimization terminated successfully.,2048,3149,469.1093,0,1,-0.0439,-0.5097,-0.4528,0.0520,1.1818,-1.5453,0.8988
1081,True,Optimization terminated successfully.,1680,2578,464.7264,0,1,-0.1594,-0.6509,-0.2585,0.3883,1.4711,-2.1764,0.3901
1082,True,Optimization terminated successfully.,1820,2828,440.6459,0,1,-0.0429,-0.5002,-0.4391,0.0900,1.2298,-1.5671,0.8639
1083,True,Optimization terminated successfully.,1919,2974,439.1455,0,1,0.5077,0.5996,-1.3536,-2.0588,-0.1231,1.4882,4.1719
1084,True,Optimization terminated successfully.,1630,2528,493.2545,0,1,-0.1301,-0.5394,-0.3291,0.1948,1.3676,-1.9682,0.6594
1085,True,Optimization terminated successfully.,1808,2796,455.6005,0,1,0.0258,-0.3357,-0.5543,-0.2459,1.0230,-1.1958,1.3287
1086,True,Optimization terminated successfully.,2075,3212,377.3549,0,1,-0.2050,-0.7415,-0.1863,0.5860,1.5807,-2.4358,0.0508
1087,True,Optimization terminated successfully.,1786,2760,437.9972,0,1,0.1675,-0.0828,-0.7924,-0.7579,0.7134,-0.3950,2.1489
1088,True,Optimization terminated successfully.,1540,2425,447.6956,0,1,-0.1092,-0.5895,-0.3391,0.2646,1.3465,-1.9054,0.5407
1089,True,Optimization terminated successfully.,1892,2953,355.9179,0,1,-0.5209,-1.3433,0.3228,1.7281,2.2843,-4.1526,-1.7625
1090,True,Optimization terminated successfully.,1913,2954,432.2326,0,1,-0.2954,-0.8792,-0.0448,0.8564,1.7519,-2.9098,-0.4018
1091,True,Optimization terminated successfully.,1151,1847,467.3979,0,1,-0.0448,-0.5081,-0.4320,0.1329,1.2879,-1.5973,0.7630
1092,True,Optimization terminated successfully.,2014,3098,421.5427,0,1,0.0624,-0.2976,-0.6074,-0.2956,0.9930,-0.9974,1.4128
1093,True,Optimization terminated successfully.,1949,3023,418.0334,0,1,-0.0763,-0.4942,-0.3979,0.1242,1.2907,-1.7192,0.6917
1094,True,Optimization terminated successfully.,1708,2672,457.8442,0,1,-0.1132,-0.6080,-0.3403,0.2894,1.3664,-1.9068,0.5200
1095,True,Optimization terminated successfully.,2049,3165,454.2879,0,1,-0.1177,-0.5184,-0.3407,0.1747,1.3280,-1.9198,0.6950
1096,True,Optimization terminated successfully.,1711,2661,464.2865,0,1,-0.1129,-0.5085,-0.3374,0.1817,1.3298,-1.9238,0.6901
1097,True,Optimization terminated successfully.,2126,3278,526.0038,0,1,-0.0695,-0.5741,-0.4116,0.1968,1.2616,-1.6796,0.6283
1098,True,Optimization terminated successfully.,1828,2821,468.5135,1,0,1.1329,1.6376,-2.3756,-4.2045,-1.5726,4.9275,7.5327
1099,True,Optimization terminated successfully.,1595,2482,412.2472,0,1,-0.1160,-0.5662,-0.3354,0.1654,1.3724,-1.9414,0.6756
1100,True,Optimization terminated successfully.,1943,3032,379.9730,0,1,-0.0003,-0.4049,-0.5145,-0.0469,1.1360,-1.3293,1.0410
1101,True,Optimization terminated successfully.,1936,2977,483.4540,0,1,-0.0701,-0.4732,-0.4006,0.0483,1.2835,-1.7074,0.8172
1102,True,Optimization terminated successfully.,1952,3046,374.0969,0,1,0.0298,-0.4062,-0.5844,-0.1817,0.9645,-1.0876,1.2144
1103,True,Optimization terminated successfully.,1624,2528,365.0371,0,1,-0.1047,-0.5979,-0.3477,0.2779,1.3081,-1.8958,0.5202
1104,True,Optimization terminated successfully.,1729,2693,480.7920,0,1,-0.0678,-0.5773,-0.4120,0.2020,1.2755,-1.6810,0.6446
1105,True,Optimization terminated successfully.,1551,2412,456.4565,0,1,-0.1461,-0.6178,-0.2881,0.3321,1.4151,-2.0846,0.4537
1106,True,Optimization terminated successfully.,1843,2841,494.0775,0,1,-0.0202,-0.4424,-0.4899,-0.0545,1.1453,-1.3978,1.0634
1107,True,Optimization terminated successfully.,1854,2869,402.7457,0,1,0.2062,0.0931,-0.8633,-0.9814,0.5751,-0.1614,2.5336
1108,True,Optimization terminated successfully.,1706,2677,430.4080,0,1,-0.0001,-0.4002,-0.5239,-0.0855,1.1154,-1.2954,1.0774
1109,True,Optimization terminated successfully.,1674,2599,390.1668,0,1,-0.0073,-0.3360,-0.5158,-0.2620,1.0796,-1.3134,1.3442
1110,True,Optimization terminated successfully.,1792,2774,433.5156,0,1,-0.1285,-0.5545,-0.3044,0.2509,1.3866,-2.0332,0.5638
1111,True,Optimization terminated successfully.,1965,3046,436.7522,0,1,-0.0504,-0.4416,-0.4374,0.0229,1.2414,-1.5690,0.9136
1112,True,Optimization terminated successfully.,1555,2436,462.4483,0,1,-0.1846,-0.5935,-0.2195,0.3316,1.5048,-2.3279,0.3958
1113,True,Optimization terminated successfully.,1764,2746,442.0487,0,1,-0.1834,-0.7572,-0.2158,0.6162,1.5349,-2.3276,0.0021
1114,True,Optimization terminated successfully.,2218,3432,425.4318,0,1,-0.0744,-0.4505,-0.4109,0.0224,1.2528,-1.6906,0.9021
1115,True,Optimization terminated successfully.,1839,2832,354.1625,0,1,-0.0486,-0.4186,-0.4522,-0.0957,1.1641,-1.5430,1.0482
1116,True,Optimization terminated successfully.,2214,3422,381.2095,0,1,-0.0880,-0.5495,-0.3880,0.0963,1.2577,-1.7539,0.7763
1117,True,Optimization terminated successfully.,1760,2712,459.2520,0,1,-0.0541,-0.4897,-0.4456,0.0550,1.1838,-1.5576,0.8601
1118,True,Optimization terminated successfully.,1764,2748,381.9125,0,1,-0.1910,-0.6982,-0.2160,0.5226,1.5317,-2.3381,0.1416
1119,True,Optimization terminated successfully.,1776,2762,456.4844,0,1,-0.1122,-0.6309,-0.3352,0.3532,1.3666,-1.9374,0.3917
1120,True,Optimization terminated successfully.,1660,2576,477.0914,0,1,-0.4902,-1.2798,0.2759,1.5901,2.2464,-3.9901,-1.5422
1121,True,Optimization terminated successfully.,2835,4357,0.9821,1,0,-60.1252,-106.0883,97.5823,212.2503,140.9949,-331.0083,-329.9647
1122,True,Optimization terminated successfully.,1940,3012,498.8471,0,1,0.0212,-0.3747,-0.5520,-0.1426,1.0630,-1.2039,1.1871
1123,True,Optimization terminated successfully.,1859,2868,456.8116,0,1,-0.0651,-0.4618,-0.4257,0.0212,1.1881,-1.6350,0.9094
1124,True,Optimization terminated successfully.,1740,2701,428.5488,0,1,0.1383,-0.0796,-0.7618,-0.6960,0.7322,-0.5065,2.0509
1125,True,Optimization terminated successfully.,1775,2740,450.3717,0,1,-0.0620,-0.4825,-0.4172,0.0929,1.2419,-1.6609,0.8034
1126,True,Optimization terminated successfully.,1597,2487,433.0287,0,1,-0.0124,-0.3408,-0.4932,-0.1836,1.1156,-1.3869,1.2703
1127,True,Optimization terminated successfully.,2002,3075,538.5539,0,1,-0.4343,-1.0666,0.1904,1.2810,2.1059,-3.6967,-1.0282
1128,True,Optimization terminated successfully.,1750,2737,403.9509,0,1,-0.0709,-0.5333,-0.3968,0.1639,1.2705,-1.7159,0.6752
1129,True,Optimization terminated successfully.,1863,2859,465.9986,0,1,-0.1017,-0.5774,-0.3605,0.2317,1.3337,-1.8404,0.5653
1130,True,Optimization terminated successfully.,1692,2627,491.6839,0,1,-0.0324,-0.3739,-0.4822,-0.1651,1.1535,-1.4378,1.1766
1131,True,Optimization terminated successfully.,1775,2745,491.3080,0,1,-0.0988,-0.5084,-0.3655,0.1347,1.3004,-1.8298,0.7301
1132,True,Optimization terminated successfully.,1929,2995,442.1796,0,1,0.1367,-0.1149,-0.7375,-0.6378,0.7934,-0.5689,1.9553
1133,True,Optimization terminated successfully.,1748,2705,428.4244,0,1,-0.0219,-0.3407,-0.4884,-0.2176,1.1307,-1.4187,1.2879
1134,True,Optimization terminated successfully.,1816,2829,396.4005,0,1,0.0501,-0.2579,-0.6075,-0.3723,0.9632,-1.0121,1.5114
1135,True,Optimization terminated successfully.,1860,2892,449.4005,0,1,-0.0923,-0.5379,-0.3668,0.1267,1.3014,-1.8310,0.6951
1136,True,Optimization terminated successfully.,1931,2968,469.3440,0,1,-0.0603,-0.4683,-0.4320,0.0212,1.1930,-1.6003,0.9247
1137,True,Optimization terminated successfully.,2110,3256,505.2198,0,1,-0.0388,-0.4207,-0.4550,-0.0636,1.2027,-1.5242,1.0252
1138,True,Optimization terminated successfully.,1678,2589,425.9336,0,1,-0.5187,-1.2297,0.3261,1.6183,2.2948,-4.1675,-1.5322
1139,True,Optimization terminated successfully.,1617,2506,410.5323,0,1,-0.1198,-0.6187,-0.3261,0.3132,1.3704,-1.9684,0.4638
1140,True,Optimization terminated successfully.,1680,2613,493.9042,0,1,0.1112,-0.1238,-0.7079,-0.6430,0.8391,-0.6949,1.9511
1141,True,Optimization terminated successfully.,1567,2425,448.0253,0,1,-0.1460,-0.5798,-0.3032,0.2697,1.3740,-2.0483,0.5062
1142,True,Optimization terminated successfully.,1696,2602,397.3816,0,1,-0.0415,-0.4282,-0.4529,-0.0133,1.1791,-1.5444,0.9898
1143,True,Optimization terminated successfully.,1724,2671,382.1546,0,1,-0.0385,-0.3947,-0.4684,-0.1275,1.1432,-1.4986,1.1557
1144,True,Optimization terminated successfully.,1799,2780,414.2514,0,1,0.0421,-0.2974,-0.5983,-0.3707,0.9290,-1.0481,1.5007
1145,True,Optimization terminated successfully.,1763,2746,376.5132,0,1,0.0583,-0.3128,-0.6175,-0.3265,0.9579,-0.9873,1.4716
1146,True,Optimization terminated successfully.,2003,3115,506.6176,0,1,-0.6097,-1.2902,0.4651,1.7835,2.4870,-4.6151,-1.8036
1147,True,Optimization terminated successfully.,1716,2652,470.1970,0,1,-0.0437,-0.5037,-0.4438,0.0609,1.2184,-1.5641,0.8395
1148,True,Optimization terminated successfully.,1918,2951,421.4088,0,1,0.3765,0.2178,-1.1345,-1.3944,0.2087,0.7559,3.0857
1149,True,Optimization terminated successfully.,1852,2855,430.5011,0,1,-0.1090,-0.5641,-0.3496,0.1649,1.3408,-1.8809,0.6961
1150,True,Optimization terminated successfully.,1403,2186,502.9853,0,1,-0.0264,-0.3981,-0.4720,-0.1221,1.1660,-1.4643,1.0881
1151,True,Optimization terminated successfully.,1553,2457,474.4317,0,1,0.0278,-0.3925,-0.5617,-0.1331,1.0436,-1.1544,1.1708
1152,True,Optimization terminated successfully.,1851,2880,405.5917,0,1,-0.0071,-0.3215,-0.5212,-0.2590,1.0781,-1.3157,1.3597
1153,True,Optimization terminated successfully.,1792,2782,437.5878,0,1,-0.2392,-0.7109,-0.1262,0.5751,1.6539,-2.6295,0.0885
1154,True,Optimization terminated successfully.,1938,2985,457.6115,0,1,-0.1339,-0.5201,-0.3109,0.1537,1.3643,-2.0309,0.7185
1155,True,Optimization terminated successfully.,1748,2718,398.7156,0,1,-0.0553,-0.6361,-0.4249,0.2655,1.2595,-1.6253,0.5256
1156,True,Optimization terminated successfully.,1718,2674,416.4314,0,1,-0.0714,-0.4218,-0.4190,-0.0264,1.2305,-1.6616,0.9379
1157,True,Optimization terminated successfully.,1503,2326,410.4315,0,1,-0.1379,-0.6279,-0.2966,0.3147,1.3786,-2.0675,0.4274
1158,True,Optimization terminated successfully.,1926,2957,469.3324,0,1,0.1979,-0.0817,-0.8314,-0.8166,0.6438,-0.2625,2.2092
1159,True,Optimization terminated successfully.,1893,2934,441.4731,0,1,0.0636,-0.2688,-0.6182,-0.3727,0.9502,-0.9806,1.5631
1160,True,Optimization terminated successfully.,1831,2892,444.7424,0,1,-0.0743,-0.6239,-0.3898,0.2926,1.3248,-1.7394,0.4516
1161,True,Optimization terminated successfully.,1934,2966,391.5634,0,1,-0.1586,-0.5892,-0.2669,0.3778,1.4445,-2.1600,0.3916
1162,True,Optimization terminated successfully.,1717,2658,443.0807,0,1,-0.0783,-0.5720,-0.3935,0.2611,1.3028,-1.7487,0.5677
1163,True,Optimization terminated successfully.,1598,2476,474.8507,0,1,-0.0316,-0.4415,-0.4684,-0.0272,1.1838,-1.4835,0.9495
1164,True,Optimization terminated successfully.,1748,2706,410.0018,0,1,-0.0693,-0.5245,-0.4080,0.1808,1.2650,-1.6752,0.6602
1165,True,Optimization terminated successfully.,1564,2473,502.7284,0,1,-0.0127,-0.5172,-0.4975,-0.0076,1.1129,-1.3879,0.9512
1166,True,Optimization terminated successfully.,1833,2839,450.5940,0,1,-0.0330,-0.3938,-0.4676,-0.1000,1.1600,-1.4811,1.0810
1167,True,Optimization terminated successfully.,1532,2386,469.1167,0,1,-0.1345,-0.5622,-0.3038,0.1937,1.3813,-2.0223,0.6223
1168,True,Optimization terminated successfully.,1913,2963,454.5337,0,1,0.0047,-0.2883,-0.5340,-0.3014,1.0645,-1.2618,1.4258
1169,True,Optimization terminated successfully.,1605,2501,476.5708,0,1,-0.1297,-0.5678,-0.3158,0.2147,1.3444,-2.0032,0.5991
1170,True,Optimization terminated successfully.,1632,2542,438.3763,0,1,0.0174,-0.3812,-0.5510,-0.2358,1.0522,-1.2077,1.3344
1171,True,Optimization terminated successfully.,1917,2959,367.9179,0,1,-0.1266,-0.6235,-0.3106,0.3237,1.3947,-2.0165,0.4547
1172,True,Optimization terminated successfully.,1722,2653,477.6774,0,1,-0.2102,-0.6467,-0.1910,0.4518,1.5417,-2.4183,0.3060
1173,True,Optimization terminated successfully.,1677,2611,344.8385,0,1,0.1093,-0.1668,-0.7043,-0.6103,0.8345,-0.6936,1.8848
1174,True,Optimization terminated successfully.,1834,2864,497.1337,0,1,-0.0560,-0.4751,-0.4335,0.0210,1.2082,-1.6012,0.8608
1175,True,Optimization terminated successfully.,1833,2812,425.2313,0,1,-0.0832,-0.5174,-0.3940,0.1169,1.2358,-1.7391,0.7901
1176,True,Optimization terminated successfully.,2793,4321,0.2744,1,0,-55.9250,-98.7127,90.7220,197.4491,131.1937,-307.9671,-306.9358
1177,True,Optimization terminated successfully.,1496,2346,471.2498,0,1,0.0112,-0.3702,-0.5384,-0.1556,1.0716,-1.2538,1.1807
1178,True,Optimization terminated successfully.,1891,2913,456.5057,0,1,0.1983,-0.1527,-0.8280,-0.6556,0.6818,-0.2807,1.9583
1179,True,Optimization terminated successfully.,1669,2572,379.6911,0,1,-0.1495,-0.5596,-0.2831,0.3144,1.4147,-2.1113,0.4714
1180,True,Optimization terminated successfully.,1753,2740,413.2905,0,1,0.2092,0.0429,-0.8620,-0.9234,0.6066,-0.1635,2.4116
1181,True,Optimization terminated successfully.,1758,2733,421.3195,0,1,-0.1295,-0.5959,-0.3099,0.2883,1.3855,-2.0158,0.5010
1182,True,Optimization terminated successfully.,1530,2372,435.7271,0,1,-0.1023,-0.5611,-0.3505,0.1893,1.3220,-1.8746,0.6878
1183,True,Optimization terminated successfully.,1750,2721,468.2469,0,1,-0.0300,-0.3346,-0.4743,-0.2027,1.1559,-1.4857,1.2581
1184,True,Optimization terminated successfully.,1779,2767,430.8766,0,1,0.0420,-0.3357,-0.5856,-0.2568,1.0207,-1.0829,1.2666
1185,True,Optimization terminated successfully.,1766,2717,468.5100,0,1,-0.0303,-0.4110,-0.4702,-0.1029,1.1635,-1.4817,1.1180
1186,True,Optimization terminated successfully.,1823,2817,476.8468,0,1,-0.0160,-0.4796,-0.4897,0.0282,1.1853,-1.3968,0.8772
1187,True,Optimization terminated successfully.,1263,1987,359.6009,0,1,-0.0043,-0.3250,-0.4990,-0.1592,1.1349,-1.3801,1.2248
1188,True,Optimization terminated successfully.,1848,2896,527.7193,0,1,-0.0561,-0.4541,-0.4284,0.0304,1.2237,-1.6229,0.8973
1189,True,Optimization terminated successfully.,1861,2895,407.5224,0,1,-0.1380,-0.5729,-0.3004,0.2837,1.4039,-2.0459,0.4915
1190,True,Optimization terminated successfully.,1751,2703,520.4254,0,1,-0.0443,-0.4586,-0.4467,-0.0344,1.2012,-1.5392,1.0118
1191,True,Optimization terminated successfully.,1738,2694,415.1991,0,1,-0.0877,-0.5379,-0.3758,0.1793,1.3281,-1.7964,0.6860
1192,True,Optimization terminated successfully.,1201,1894,430.7450,0,1,-0.0281,-0.4431,-0.4942,-0.0672,1.1247,-1.3973,1.0385
1193,True,Optimization terminated successfully.,1585,2460,468.3475,0,1,-0.1647,-0.6194,-0.2548,0.3455,1.4718,-2.2072,0.4051
1194,True,Optimization terminated successfully.,2052,3176,498.2021,0,1,0.2370,0.0047,-0.9095,-0.9773,0.5382,-0.0103,2.4865
1195,True,Optimization terminated successfully.,1767,2742,372.3502,0,1,0.2633,0.2177,-0.9550,-1.2839,0.4509,0.1357,2.9261
1196,True,Optimization terminated successfully.,1892,2936,475.2447,0,1,-0.1636,-0.5604,-0.2557,0.2730,1.4488,-2.2236,0.5708
1197,True,Optimization terminated successfully.,2230,3441,433.5884,0,1,-0.0347,-0.5396,-0.4590,0.0582,1.1645,-1.4926,0.8494
1198,True,Optimization terminated successfully.,1931,2984,414.5398,0,1,-0.0394,-0.4970,-0.4582,0.0358,1.1837,-1.5268,0.8756
1199,True,Optimization terminated successfully.,1517,2336,416.7921,0,1,-0.0282,-0.4438,-0.4746,0.0261,1.1840,-1.4582,0.9283
1200,True,Optimization terminated successfully.,1787,2779,461.1263,0,1,-0.2391,-0.7812,-0.1241,0.6741,1.6347,-2.6345,-0.0791
1201,True,Optimization terminated successfully.,1877,2898,480.6506,0,1,-0.1098,-0.5838,-0.3374,0.2370,1.3601,-1.9108,0.5446
1202,True,Optimization terminated successfully.,1191,1905,435.7007,0,1,-0.3133,-0.8006,-0.0183,0.8196,1.7928,-3.0087,-0.3148
1203,True,Optimization terminated successfully.,1631,2534,395.8312,0,1,-0.0411,-0.4093,-0.4589,-0.0644,1.1834,-1.5354,1.0425
1204,True,Optimization terminated successfully.,1733,2703,400.3127,0,1,-0.0090,-0.4232,-0.5121,-0.1199,1.0884,-1.3370,1.0952
1205,True,Optimization terminated successfully.,1806,2823,440.2072,0,1,-0.4562,-1.0362,0.2145,1.1990,2.0969,-3.7828,-0.9091
1206,True,Optimization terminated successfully.,2078,3196,465.8089,0,1,0.0509,-0.2401,-0.6084,-0.3376,0.9411,-1.0069,1.4709
1207,True,Optimization terminated successfully.,1572,2421,493.2691,0,1,0.0507,-0.2404,-0.6092,-0.4467,0.9513,-1.0157,1.6263
1208,True,Optimization terminated successfully.,1625,2523,474.3871,0,1,0.0807,-0.2139,-0.6555,-0.4701,0.8785,-0.8574,1.6859
1209,True,Optimization terminated successfully.,1705,2648,380.3511,0,1,-0.0639,-0.4953,-0.4203,0.0470,1.2294,-1.6411,0.8961
1210,True,Optimization terminated successfully.,1531,2398,472.9442,0,1,-0.1556,-0.6221,-0.2614,0.3620,1.4631,-2.1859,0.3711
1211,True,Optimization terminated successfully.,1600,2491,364.9265,0,1,-0.0419,-0.4204,-0.4494,-0.0348,1.1905,-1.5473,1.0047
1212,True,Optimization terminated successfully.,1907,2957,463.3713,0,1,-0.0981,-0.4096,-0.3844,-0.0052,1.2709,-1.7816,0.9697
1213,True,Optimization terminated successfully.,1845,2840,402.9816,0,1,-0.0232,-0.4785,-0.4847,0.0007,1.1413,-1.4406,0.8931
1214,True,Optimization terminated successfully.,1734,2675,471.1153,0,1,-0.0652,-0.5435,-0.4133,0.1439,1.2539,-1.6630,0.7183
1215,True,Optimization terminated successfully.,1999,3062,442.0553,0,1,-0.0506,-0.4766,-0.4438,0.0457,1.1711,-1.5533,0.8822
1216,True,Optimization terminated successfully.,2202,3396,489.5564,0,1,-0.0384,-0.4557,-0.4596,-0.0423,1.1862,-1.4953,1.0280
1217,True,Optimization terminated successfully.,1883,2896,441.7525,0,1,-0.0463,-0.4087,-0.4537,-0.0620,1.1699,-1.5353,1.0610
1218,True,Optimization terminated successfully.,1638,2530,412.7716,0,1,-0.1703,-0.7641,-0.2430,0.5668,1.4710,-2.2525,0.0700
1219,True,Optimization terminated successfully.,1660,2603,447.0338,0,1,-0.1172,-0.5299,-0.3354,0.1632,1.3484,-1.9369,0.6585
1220,True,Optimization terminated successfully.,1941,3009,484.2536,0,1,0.3426,0.2501,-1.0820,-1.4394,0.3021,0.5897,3.1718
1221,True,Optimization terminated successfully.,1934,3002,451.9528,0,1,-0.0403,-0.4063,-0.4675,-0.1206,1.1459,-1.4857,1.1584
1222,True,Optimization terminated successfully.,1717,2670,407.4696,0,1,-0.2472,-0.7558,-0.1214,0.6526,1.6397,-2.6527,-0.0366
1223,True,Optimization terminated successfully.,1741,2708,475.9504,0,1,-0.1122,-0.5922,-0.3367,0.2182,1.3836,-1.9372,0.5705
1224,True,Optimization terminated successfully.,1947,2993,465.1736,0,1,-0.0805,-0.5264,-0.3935,0.1578,1.2749,-1.7251,0.6714
1225,True,Optimization terminated successfully.,1761,2709,537.8878,0,1,-0.2816,-0.8317,-0.0580,0.7857,1.7484,-2.8729,-0.2602
1226,True,Optimization terminated successfully.,1738,2723,472.5471,0,1,0.0297,-0.2653,-0.5790,-0.3299,1.0023,-1.1024,1.4855
1227,True,Optimization terminated successfully.,1925,2958,459.8690,0,1,0.0104,-0.3516,-0.5355,-0.2580,1.0642,-1.2545,1.3509
1228,True,Optimization terminated successfully.,1907,2936,406.6584,0,1,0.0890,-0.2117,-0.6551,-0.4749,0.9147,-0.8681,1.7039
1229,True,Optimization terminated successfully.,1859,2874,363.7370,0,1,-0.0927,-0.4730,-0.3760,0.0438,1.2921,-1.7926,0.8484
1230,True,Optimization terminated successfully.,1668,2581,424.7210,0,1,-0.2110,-0.7383,-0.1995,0.5390,1.5282,-2.3974,0.1191
1231,True,Optimization terminated successfully.,1846,2864,440.7094,0,1,-0.0871,-0.5503,-0.3888,0.1838,1.3004,-1.7541,0.6099
1232,True,Optimization terminated successfully.,1782,2746,484.7997,0,1,-0.0424,-0.3846,-0.4440,-0.0706,1.2283,-1.5558,1.0556
1233,True,Optimization terminated successfully.,1883,2938,500.7330,0,1,-0.1148,-0.5894,-0.3382,0.2930,1.3182,-1.9215,0.4660
1234,True,Optimization terminated successfully.,2100,3249,480.0145,0,1,0.1899,-0.0536,-0.8365,-0.8174,0.6361,-0.2571,2.2192
1235,True,Optimization terminated successfully.,1635,2513,532.2924,0,1,-0.0426,-0.4662,-0.4454,0.0146,1.2204,-1.5531,0.8789
1236,True,Optimization terminated successfully.,1828,2824,438.4186,0,1,-0.0672,-0.4174,-0.4140,0.0063,1.2437,-1.6603,0.9342
1237,True,Optimization terminated successfully.,1974,3050,456.5837,0,1,-0.1968,-0.7949,-0.1987,0.6388,1.5719,-2.3932,-0.0642
1238,True,Optimization terminated successfully.,1692,2627,451.2498,0,1,-0.1107,-0.4728,-0.3448,0.0679,1.3023,-1.9070,0.8016
1239,True,Optimization terminated successfully.,2103,3273,445.4581,0,1,0.3928,0.3482,-1.1522,-1.5845,0.1615,0.8270,3.4290
1240,True,Optimization terminated successfully.,1637,2525,450.5540,0,1,-0.0989,-0.5088,-0.3719,0.1411,1.2864,-1.8152,0.7705
1241,True,Optimization terminated successfully.,1729,2687,391.2950,0,1,-0.0030,-0.2623,-0.5327,-0.3506,1.0570,-1.2845,1.4873
1242,True,Optimization terminated successfully.,1661,2582,402.2638,0,1,-0.1777,-0.7205,-0.2249,0.5380,1.5563,-2.3175,0.1062
1243,True,Optimization terminated successfully.,1887,2928,386.8556,0,1,-0.1040,-0.4531,-0.3609,0.0334,1.2888,-1.8269,0.9536
1244,True,Optimization terminated successfully.,1897,2910,394.7581,0,1,-0.0727,-0.5348,-0.4006,0.1834,1.2684,-1.7044,0.6655
1245,True,Optimization terminated successfully.,1795,2786,501.9370,0,1,-0.2083,-0.7597,-0.1748,0.6089,1.5712,-2.4584,0.0192
1246,True,Optimization terminated successfully.,1655,2537,477.5529,0,1,-0.1775,-0.6473,-0.2367,0.3904,1.4841,-2.2806,0.3588
1247,True,Optimization terminated successfully.,1875,2903,392.4256,0,1,-0.1711,-0.6145,-0.2379,0.3741,1.5073,-2.2596,0.3866
1248,True,Optimization terminated successfully.,1760,2730,402.0328,0,1,-0.0247,-0.3360,-0.4959,-0.2302,1.1043,-1.3969,1.3103
1249,True,Optimization terminated successfully.,2014,3101,394.6253,0,1,-0.0625,-0.4415,-0.4344,-0.0124,1.2185,-1.5805,0.9685
1250,True,Optimization terminated successfully.,1512,2357,455.7708,0,1,0.1046,-0.1612,-0.6895,-0.5525,0.8384,-0.7366,1.8769
1251,True,Optimization terminated successfully.,2036,3118,419.7969,0,1,-0.0041,-0.3324,-0.5170,-0.2233,1.0791,-1.3130,1.3203
1252,True,Optimization terminated successfully.,2026,3128,421.2293,0,1,-0.1221,-0.4722,-0.3288,0.0470,1.3505,-1.9502,0.8650
1253,True,Optimization terminated successfully.,1744,2682,452.5995,0,1,-0.0307,-0.4005,-0.4826,-0.1354,1.1289,-1.4408,1.1229
1254,True,Optimization terminated successfully.,1939,2990,414.9695,0,1,-0.2123,-0.6829,-0.1820,0.4997,1.5607,-2.4422,0.1768
1255,True,Optimization terminated successfully.,1945,2987,464.1173,0,1,-0.1261,-0.5276,-0.3157,0.2346,1.3721,-1.9928,0.6075
1256,True,Optimization terminated successfully.,1924,2978,401.1086,0,1,-0.2644,-0.8426,-0.0970,0.7725,1.7069,-2.7338,-0.3052
1257,True,Optimization terminated successfully.,1770,2757,497.0388,0,1,-0.3508,-0.9527,0.0430,1.0182,1.8813,-3.2106,-0.6028
1258,True,Optimization terminated successfully.,1978,3069,362.2958,0,1,-0.2514,-0.7493,-0.1147,0.6346,1.6483,-2.6860,-0.0330
1259,True,Optimization terminated successfully.,2031,3137,408.0610,0,1,-0.1184,-0.6067,-0.3334,0.2796,1.3325,-1.9416,0.5101
1260,True,Optimization terminated successfully.,1935,2980,432.2275,0,1,-0.1388,-0.5315,-0.3028,0.2004,1.4013,-2.0586,0.7141
1261,True,Optimization terminated successfully.,1661,2610,384.0764,0,1,-0.0048,-0.3596,-0.5186,-0.2517,1.0672,-1.3157,1.3307
1262,True,Optimization terminated successfully.,1549,2387,486.9599,0,1,0.0411,-0.3931,-0.5744,-0.1775,1.0179,-1.1257,1.2148
1263,True,Optimization terminated successfully.,1707,2659,443.0696,0,1,-0.0741,-0.5142,-0.4037,0.1155,1.2487,-1.6948,0.7623
1264,True,Optimization terminated successfully.,1612,2504,402.1593,1,0,-0.7042,-1.5974,0.6315,2.2967,2.7283,-5.1812,-2.6084
1265,True,Optimization terminated successfully.,1782,2749,456.8692,0,1,-0.0520,-0.5141,-0.4450,0.0366,1.1976,-1.5599,0.8976
1266,True,Optimization terminated successfully.,1643,2558,380.1635,0,1,-0.0498,-0.4432,-0.4362,-0.0321,1.2175,-1.5819,1.0003
1267,True,Optimization terminated successfully.,1734,2694,495.2265,0,1,-0.1206,-0.5315,-0.3316,0.1646,1.3688,-1.9396,0.7191
1268,True,Optimization terminated successfully.,1706,2649,455.4418,0,1,-0.1126,-0.5515,-0.3373,0.2074,1.3419,-1.9208,0.6214
1269,True,Optimization terminated successfully.,1945,2984,428.9694,0,1,0.0265,-0.2897,-0.5723,-0.3627,0.9941,-1.1325,1.4637
1270,True,Optimization terminated successfully.,2070,3198,465.0939,0,1,-0.0829,-0.4765,-0.3901,0.0454,1.2861,-1.7282,0.8464
1271,True,Optimization terminated successfully.,1752,2727,461.3324,0,1,-0.1700,-0.6430,-0.2466,0.3702,1.4810,-2.2411,0.3178
1272,True,Optimization terminated successfully.,2071,3199,450.0991,0,1,0.1061,-0.2563,-0.7027,-0.4686,0.8252,-0.6816,1.6584
1273,True,Optimization terminated successfully.,1703,2638,412.2748,0,1,-0.0093,-0.3668,-0.5022,-0.1745,1.1074,-1.3612,1.2211
1274,True,Optimization terminated successfully.,1628,2545,419.4860,1,0,-1.1335,-2.3904,1.3362,3.8856,3.7460,-7.5545,-5.1204
1275,True,Optimization terminated successfully.,1564,2432,469.5131,0,1,0.2135,-0.0387,-0.8706,-0.8595,0.5952,-0.1337,2.2743
1276,True,Optimization terminated successfully.,1388,2204,391.4261,0,1,-0.1777,-0.6423,-0.2407,0.3458,1.4704,-2.2509,0.3690
1277,True,Optimization terminated successfully.,1841,2865,469.2005,0,1,-0.0435,-0.4514,-0.4486,-0.0423,1.1962,-1.5492,1.0235
1278,True,Optimization terminated successfully.,1715,2664,478.9223,0,1,0.2763,0.2026,-0.9794,-1.2838,0.4138,0.2367,2.9217
1279,True,Optimization terminated successfully.,1849,2856,373.7544,0,1,-0.0582,-0.5284,-0.4466,0.1339,1.2175,-1.5638,0.6960
1280,True,Optimization terminated successfully.,1833,2826,459.8652,0,1,-0.0165,-0.3972,-0.5087,-0.1154,1.0832,-1.3526,1.1176
1281,True,Optimization terminated successfully.,1918,2991,519.1844,0,1,0.0357,-0.3518,-0.5918,-0.2333,0.9746,-1.0821,1.2844
1282,True,Optimization terminated successfully.,1591,2480,404.0499,0,1,-0.1774,-0.6970,-0.2318,0.4723,1.4968,-2.2869,0.2173
1283,True,Optimization terminated successfully.,1820,2799,362.0973,0,1,0.0260,-0.3139,-0.5503,-0.2317,1.0926,-1.1962,1.3269
1284,True,Optimization terminated successfully.,1992,3051,389.1984,0,1,-0.0967,-0.5521,-0.3743,0.2149,1.3073,-1.7979,0.6518
1285,True,Optimization terminated successfully.,1700,2637,372.5939,0,1,-0.1068,-0.4023,-0.3432,-0.0024,1.3342,-1.8885,0.9979
1286,True,Optimization terminated successfully.,1632,2557,415.8005,0,1,-0.0302,-0.3846,-0.4807,-0.1373,1.1326,-1.4472,1.1682
1287,True,Optimization terminated successfully.,1809,2801,422.9031,0,1,-0.0711,-0.4903,-0.4086,0.0643,1.2427,-1.6891,0.8306
1288,True,Optimization terminated successfully.,2124,3291,452.9501,0,1,-0.0439,-0.4796,-0.4527,-0.0000,1.1950,-1.5495,0.9152
1289,True,Optimization terminated successfully.,2159,3307,426.2561,0,1,-0.1075,-0.5291,-0.3203,0.1503,1.3664,-1.9679,0.6938
1290,True,Optimization terminated successfully.,1664,2591,395.4742,0,1,-0.0467,-0.4590,-0.4500,0.0107,1.1875,-1.5617,0.9296
1291,True,Optimization terminated successfully.,1889,2935,393.3928,0,1,-0.0578,-0.5201,-0.4320,0.0685,1.1960,-1.6210,0.8351
1292,True,Optimization terminated successfully.,1711,2671,457.6631,0,1,-0.0922,-0.4590,-0.3766,0.0553,1.2813,-1.7886,0.9312
1293,True,Optimization terminated successfully.,1924,2978,339.3183,0,1,-0.1379,-0.6169,-0.2945,0.2751,1.4164,-2.0496,0.5343
1294,True,Optimization terminated successfully.,2043,3151,449.1998,0,1,0.1350,-0.1257,-0.7489,-0.6387,0.7528,-0.5453,1.9231
1295,True,Optimization terminated successfully.,1853,2863,420.5138,0,1,-0.1404,-0.5735,-0.2963,0.3237,1.4286,-2.0659,0.4925
1296,True,Optimization terminated successfully.,1624,2517,486.6786,0,1,0.1646,-0.1924,-0.7816,-0.5790,0.7410,-0.4201,1.8037
1297,True,Optimization terminated successfully.,2049,3142,465.3110,0,1,0.0099,-0.3184,-0.5410,-0.2495,1.0456,-1.2365,1.3298
1298,True,Optimization terminated successfully.,1556,2449,430.8016,0,1,-0.0030,-0.3407,-0.5167,-0.1867,1.1076,-1.3157,1.2204
1299,True,Optimization terminated successfully.,1708,2650,526.8436,0,1,-0.1144,-0.5304,-0.3452,0.1713,1.3121,-1.9004,0.6453
1300,True,Optimization terminated successfully.,1932,2999,466.4366,0,1,-0.1276,-0.5661,-0.3237,0.1830,1.3792,-1.9666,0.6508
1301,True,Optimization terminated successfully.,1780,2786,390.3575,0,1,0.0749,-0.2403,-0.6380,-0.4245,0.9346,-0.9077,1.6153
1302,True,Optimization terminated successfully.,1569,2435,409.1399,1,0,-0.8060,-1.7963,0.7848,2.6347,2.9766,-5.6942,-3.1580
1303,True,Optimization terminated successfully.,1999,3078,411.8860,0,1,-0.0640,-0.4220,-0.4181,-0.0081,1.2605,-1.6587,1.0102
1304,True,Optimization terminated successfully.,1854,2864,476.5314,0,1,-0.0410,-0.3991,-0.4660,-0.0857,1.1455,-1.4885,1.0906
1305,True,Optimization terminated successfully.,1794,2795,484.3235,0,1,-0.0436,-0.5785,-0.4404,0.2300,1.2512,-1.5760,0.5897
1306,True,Optimization terminated successfully.,1735,2712,450.7081,0,1,0.1623,-0.0725,-0.7842,-0.7600,0.7259,-0.4131,2.1253
1307,True,Optimization terminated successfully.,2149,3305,412.2151,0,1,-0.0152,-0.3524,-0.5090,-0.1788,1.0767,-1.3568,1.2416
1308,True,Optimization terminated successfully.,1690,2613,389.4019,0,1,-0.0179,-0.4605,-0.4928,0.0051,1.1145,-1.3990,0.9153
1309,True,Optimization terminated successfully.,1883,2920,486.9316,0,1,0.0590,-0.2654,-0.6327,-0.4138,0.9082,-0.9488,1.5719
1310,True,Optimization terminated successfully.,1958,3020,394.4303,0,1,-0.0128,-0.3457,-0.5179,-0.2687,1.0572,-1.3351,1.3521
1311,True,Optimization terminated successfully.,1795,2800,524.7330,0,1,-0.1313,-0.5679,-0.3222,0.2075,1.3198,-1.9776,0.6236
1312,True,Optimization terminated successfully.,2044,3185,379.4261,0,1,-0.0475,-0.3680,-0.4432,-0.1404,1.1966,-1.5534,1.2180
1313,True,Optimization terminated successfully.,1556,2408,462.5357,0,1,0.1564,-0.1707,-0.7871,-0.6363,0.6930,-0.4133,1.9173
1314,True,Optimization terminated successfully.,1722,2679,435.2842,0,1,-0.0901,-0.5502,-0.3797,0.2077,1.2682,-1.7772,0.6306
1315,True,Optimization terminated successfully.,1595,2510,389.0888,0,1,0.1671,-0.0529,-0.7995,-0.8178,0.6597,-0.3740,2.1943
1316,True,Optimization terminated successfully.,1741,2701,384.7295,0,1,-0.4009,-1.0689,0.1216,1.2399,1.9888,-3.4755,-1.0020
1317,True,Optimization terminated successfully.,1743,2703,456.0636,0,1,-0.1544,-0.6939,-0.2611,0.4834,1.4697,-2.1638,0.2340
1318,True,Optimization terminated successfully.,1973,3040,448.1985,0,1,-0.3085,-0.8739,-0.0335,0.8304,1.7843,-2.9770,-0.3778
1319,True,Optimization terminated successfully.,1991,3076,530.2456,0,1,-0.1086,-0.5622,-0.3519,0.2149,1.3112,-1.8631,0.6321
1320,True,Optimization terminated successfully.,1673,2606,389.4027,0,1,0.0083,-0.3166,-0.5327,-0.2200,1.0527,-1.2629,1.3092
1321,True,Optimization terminated successfully.,1996,3070,446.0142,0,1,-0.2257,-0.7242,-0.1599,0.5526,1.6003,-2.5294,0.0476
1322,True,Optimization terminated successfully.,1656,2593,454.4682,0,1,-0.0556,-0.5016,-0.4244,0.0341,1.2399,-1.6309,0.8767
1323,True,Optimization terminated successfully.,2140,3325,463.8266,0,1,0.1644,-0.0679,-0.7823,-0.7701,0.7296,-0.4319,2.1359
1324,True,Optimization terminated successfully.,1728,2693,382.1599,0,1,-0.1080,-0.5317,-0.3499,0.1788,1.3235,-1.8891,0.6963
1325,True,Optimization terminated successfully.,1765,2733,440.3435,0,1,-0.5582,-1.3050,0.3851,1.7609,2.3802,-4.3494,-1.8053
1326,True,Optimization terminated successfully.,1885,2964,406.0141,0,1,-0.2122,-0.7081,-0.1808,0.4954,1.5816,-2.4578,0.1721
1327,True,Optimization terminated successfully.,1719,2646,494.4935,0,1,-0.1525,-0.6570,-0.2833,0.4163,1.4329,-2.1240,0.2988
1328,True,Optimization terminated successfully.,1880,2919,477.2038,0,1,-0.1078,-0.6114,-0.3535,0.2957,1.3281,-1.8784,0.4828
1329,True,Optimization terminated successfully.,1973,3031,441.7617,0,1,0.0017,-0.2675,-0.5326,-0.3720,1.0428,-1.2769,1.5282
1330,True,Optimization terminated successfully.,1882,2910,435.9479,0,1,0.0717,-0.1972,-0.6447,-0.4904,0.9000,-0.8960,1.6904
1331,True,Optimization terminated successfully.,1913,2935,369.4243,0,1,-0.0322,-0.2551,-0.4900,-0.3172,1.0856,-1.4056,1.4721
1332,True,Optimization terminated successfully.,2105,3269,428.5617,0,1,-0.1265,-0.5529,-0.3072,0.1634,1.3966,-2.0099,0.6633
1333,True,Optimization terminated successfully.,1910,2966,467.9130,0,1,-0.4321,-1.0708,0.1794,1.2150,2.0574,-3.6612,-0.9332
1334,True,Optimization terminated successfully.,1871,2865,402.3171,0,1,0.0213,-0.2706,-0.5530,-0.3603,1.0337,-1.2034,1.4790
1335,True,Optimization terminated successfully.,1817,2824,403.4081,0,1,-0.0847,-0.4997,-0.3926,0.0477,1.2507,-1.7425,0.8482
1336,True,Optimization terminated successfully.,1755,2725,446.7492,0,1,-0.0977,-0.5065,-0.3695,0.1301,1.3023,-1.8116,0.7488
1337,True,Optimization terminated successfully.,1587,2472,438.1030,0,1,0.1792,0.0488,-0.8168,-0.9319,0.6299,-0.3243,2.4226
1338,True,Optimization terminated successfully.,1702,2657,494.3744,0,1,0.1442,-0.0525,-0.7565,-0.7528,0.7429,-0.5054,2.1099
1339,True,Optimization terminated successfully.,2062,3174,356.4155,0,1,0.0790,-0.2764,-0.6685,-0.3745,0.9026,-0.8131,1.4837
1340,True,Optimization terminated successfully.,1970,3064,515.2339,0,1,-0.1040,-0.5375,-0.3554,0.2036,1.3151,-1.8617,0.6226
1341,True,Optimization terminated successfully.,1797,2776,427.3766,0,1,0.1820,0.0099,-0.8282,-0.9024,0.6284,-0.2865,2.3167
1342,True,Optimization terminated successfully.,1559,2408,484.5114,0,1,-0.0313,-0.4068,-0.4704,-0.0279,1.1891,-1.4848,1.0178
1343,True,Optimization terminated successfully.,1613,2509,443.5990,0,1,-0.0300,-0.4432,-0.4856,-0.0004,1.1696,-1.4367,0.9130
1344,True,Optimization terminated successfully.,1632,2553,400.9359,0,1,-0.0611,-0.4425,-0.4309,-0.0475,1.2376,-1.6044,0.9918
1345,True,Optimization terminated successfully.,1615,2525,463.0773,0,1,-0.1477,-0.5697,-0.2848,0.2423,1.4068,-2.1085,0.5654
1346,True,Optimization terminated successfully.,2235,3425,417.7023,0,1,-0.5459,-1.1985,0.3719,1.5810,2.3797,-4.3056,-1.5044
1347,True,Optimization terminated successfully.,1734,2695,521.7227,0,1,-0.1201,-0.5824,-0.3207,0.2513,1.3688,-1.9590,0.5322
1348,True,Optimization terminated successfully.,1628,2534,430.0603,0,1,-0.0288,-0.4035,-0.4692,-0.0745,1.1853,-1.4852,1.0726
1349,True,Optimization terminated successfully.,1861,2855,435.5647,0,1,-0.1518,-0.6626,-0.2651,0.4072,1.4698,-2.1545,0.3133
1350,True,Optimization terminated successfully.,1661,2594,454.1327,0,1,-0.0026,-0.4169,-0.5197,-0.0740,1.0897,-1.3068,1.0517
1351,True,Optimization terminated successfully.,1947,3010,454.6577,0,1,-0.1097,-0.4185,-0.3535,0.0241,1.3129,-1.8785,0.8997
1352,True,Optimization terminated successfully.,1944,3007,451.1234,0,1,-0.0740,-0.4788,-0.4077,0.0113,1.2359,-1.6944,0.9377
1353,True,Optimization terminated successfully.,1732,2696,541.1869,0,1,-0.1049,-0.5447,-0.3490,0.1669,1.3216,-1.8881,0.6565
1354,True,Optimization terminated successfully.,1608,2495,434.7551,0,1,-0.0160,-0.3447,-0.4997,-0.2176,1.0983,-1.3756,1.2880
1355,True,Optimization terminated successfully.,2104,3222,483.7739,0,1,0.0202,-0.2912,-0.5593,-0.3022,1.0310,-1.1757,1.4408
1356,True,Optimization terminated successfully.,1914,2940,371.8573,0,1,-0.2515,-0.8413,-0.1225,0.7174,1.6124,-2.6461,-0.1961
1357,True,Optimization terminated successfully.,2014,3146,435.8728,0,1,-0.0638,-0.4110,-0.4288,-0.0219,1.2268,-1.6286,0.9877
1358,True,Optimization terminated successfully.,1845,2868,449.9719,0,1,-0.1993,-0.7217,-0.1948,0.5427,1.5769,-2.3908,0.1306
1359,True,Optimization terminated successfully.,2211,3374,400.4756,0,1,-0.0401,-0.4368,-0.4698,-0.0738,1.1244,-1.4723,1.0135
1360,True,Optimization terminated successfully.,1468,2276,475.2549,0,1,-0.0247,-0.4763,-0.4858,-0.0082,1.1445,-1.4413,0.9725
1361,True,Optimization terminated successfully.,2015,3114,468.3972,0,1,0.0139,-0.4308,-0.5400,-0.0668,1.0691,-1.2513,1.0404
1362,True,Optimization terminated successfully.,1917,2940,476.6254,0,1,-0.1129,-0.5176,-0.3440,0.2295,1.3511,-1.9077,0.6003
1363,True,Optimization terminated successfully.,1819,2798,404.7929,0,1,-0.0499,-0.5567,-0.4420,0.1490,1.2005,-1.5759,0.7248
1364,True,Optimization terminated successfully.,2001,3080,461.9086,0,1,0.0165,-0.3787,-0.5469,-0.1282,1.0697,-1.2022,1.1616
1365,True,Optimization terminated successfully.,1751,2724,383.9198,0,1,-0.0236,-0.3613,-0.4909,-0.1636,1.1090,-1.4149,1.2438
1366,True,Optimization terminated successfully.,2168,3327,459.8805,0,1,0.0093,-0.4255,-0.5406,-0.1163,1.0957,-1.2448,1.1110
1367,True,Optimization terminated successfully.,1544,2406,514.3251,0,1,-0.1471,-0.5958,-0.2781,0.3066,1.4494,-2.1080,0.4699
1368,True,Optimization terminated successfully.,1860,2889,424.0033,0,1,-0.1036,-0.5698,-0.3603,0.2183,1.3051,-1.8452,0.6231
1369,True,Optimization terminated successfully.,1737,2703,454.8755,0,1,-0.1246,-0.5539,-0.3336,0.1953,1.3267,-1.9395,0.6436
1370,True,Optimization terminated successfully.,1898,2927,424.8840,0,1,-0.0307,-0.3832,-0.4664,-0.1480,1.1489,-1.4883,1.1743
1371,True,Optimization terminated successfully.,1791,2773,366.6112,0,1,-0.0411,-0.4780,-0.4389,0.0486,1.2295,-1.5736,0.9233
1372,True,Optimization terminated successfully.,1834,2826,428.1622,0,1,-0.1240,-0.6091,-0.3166,0.2671,1.4082,-1.9942,0.5108
1373,True,Optimization terminated successfully.,1781,2781,475.1852,0,1,-0.0438,-0.4297,-0.4440,-0.0187,1.1948,-1.5482,1.0237
1374,True,Optimization terminated successfully.,1868,2885,483.1444,0,1,-0.0994,-0.4909,-0.3680,0.1089,1.3163,-1.8152,0.7401
1375,True,Optimization terminated successfully.,1650,2574,462.7803,0,1,-0.2112,-0.6698,-0.1888,0.4269,1.5343,-2.4213,0.2932
1376,True,Optimization terminated successfully.,1872,2894,451.2147,0,1,-0.1209,-0.5588,-0.3256,0.2077,1.3712,-1.9484,0.5782
1377,True,Optimization terminated successfully.,1814,2804,480.4174,0,1,-0.4608,-1.1176,0.2257,1.3704,2.1280,-3.8200,-1.1441
1378,True,Optimization terminated successfully.,1884,2949,398.5934,0,1,-0.0883,-0.5116,-0.3919,0.1379,1.2477,-1.7578,0.7291
1379,True,Optimization terminated successfully.,1889,2907,471.0371,0,1,-0.0291,-0.5206,-0.4803,0.0608,1.1157,-1.4426,0.8416
1380,True,Optimization terminated successfully.,1752,2702,421.2514,0,1,-0.0122,-0.3459,-0.5070,-0.2035,1.0889,-1.3527,1.2442
1381,True,Optimization terminated successfully.,1655,2574,513.0772,0,1,-0.0428,-0.4832,-0.4551,0.0062,1.2011,-1.5268,0.9399
1382,True,Optimization terminated successfully.,1915,2919,407.9632,0,1,-0.1711,-0.6261,-0.2481,0.3611,1.4930,-2.2215,0.4145
1383,True,Optimization terminated successfully.,1664,2581,480.5501,0,1,-0.1324,-0.5929,-0.3089,0.2591,1.3883,-2.0357,0.5165
1384,True,Optimization terminated successfully.,1672,2624,444.9974,0,1,-0.0177,-0.4337,-0.4992,-0.0588,1.1032,-1.3808,1.0200
1385,True,Optimization terminated successfully.,1817,2830,464.3974,0,1,0.1116,-0.1314,-0.6992,-0.5838,0.8399,-0.6909,1.8492
1386,True,Optimization terminated successfully.,1961,3063,444.7855,0,1,0.4330,0.4410,-1.2256,-1.7875,0.0961,1.0624,3.7605
1387,True,Optimization terminated successfully.,2071,3209,473.8591,0,1,-0.0162,-0.3489,-0.5039,-0.2089,1.1100,-1.3673,1.2521
1388,True,Optimization terminated successfully.,1828,2837,444.1965,0,1,-0.1289,-0.5124,-0.3172,0.1743,1.3780,-2.0005,0.6770
1389,True,Optimization terminated successfully.,1769,2732,415.3223,0,1,-0.2481,-0.8057,-0.1162,0.7391,1.6814,-2.6675,-0.1735
1390,True,Optimization terminated successfully.,1855,2869,429.4892,0,1,0.0716,-0.2490,-0.6278,-0.4091,0.9087,-0.9634,1.5933
1391,True,Optimization terminated successfully.,1742,2720,420.6546,0,1,-0.2230,-0.7500,-0.1507,0.6314,1.6054,-2.5532,-0.0339
1392,True,Optimization terminated successfully.,1851,2883,489.7078,0,1,-0.0934,-0.3980,-0.3755,-0.0165,1.2505,-1.7896,1.0212
1393,True,Optimization terminated successfully.,1918,2956,412.8688,0,1,-0.1690,-0.7441,-0.2465,0.5669,1.5060,-2.2190,0.0342
1394,True,Optimization terminated successfully.,1810,2792,416.1767,0,1,0.0111,-0.2752,-0.5476,-0.3135,1.0692,-1.2198,1.4433
1395,True,Optimization terminated successfully.,1802,2803,398.0570,0,1,-0.1941,-0.6750,-0.2094,0.4510,1.4899,-2.3587,0.2358
1396,True,Optimization terminated successfully.,1624,2521,437.8629,0,1,-0.3783,-0.9891,0.0867,1.1115,1.9341,-3.3754,-0.7835
1397,True,Optimization terminated successfully.,1912,2965,410.0446,0,1,-0.0960,-0.4782,-0.3693,0.0381,1.2981,-1.8239,0.8923
1398,True,Optimization terminated successfully.,1852,2870,560.5623,0,1,0.3124,0.2332,-1.0334,-1.3037,0.3585,0.4208,2.9995
1399,True,Optimization terminated successfully.,1660,2589,494.3463,0,1,-0.0137,-0.3388,-0.4997,-0.1695,1.1164,-1.3942,1.1617
1400,True,Optimization terminated successfully.,1666,2587,434.2163,0,1,-0.4091,-1.0431,0.1418,1.1964,2.0340,-3.5387,-0.9302
1401,True,Optimization terminated successfully.,1735,2682,462.2050,0,1,-0.0021,-0.3106,-0.5163,-0.2190,1.1183,-1.3168,1.3413
1402,True,Optimization terminated successfully.,1916,2975,450.4084,0,1,-0.1315,-0.5680,-0.3054,0.2616,1.4172,-2.0268,0.6009
1403,True,Optimization terminated successfully.,1862,2892,424.9520,0,1,-0.0699,-0.4924,-0.4035,0.0462,1.2485,-1.6873,0.8665
1404,True,Optimization terminated successfully.,1914,2955,444.7901,0,1,-0.1162,-0.5820,-0.3239,0.2929,1.4068,-1.9497,0.4844
1405,True,Optimization terminated successfully.,1926,3001,448.0268,0,1,-0.0971,-0.5354,-0.3638,0.1583,1.2935,-1.8283,0.7339
1406,True,Optimization terminated successfully.,1696,2651,425.8655,0,1,-0.3747,-1.0324,0.0846,1.1252,1.9517,-3.3488,-0.8143
1407,True,Optimization terminated successfully.,1787,2747,399.4333,0,1,-0.0598,-0.4798,-0.4331,0.0533,1.2207,-1.6095,0.8519
1408,True,Optimization terminated successfully.,1784,2780,485.5874,0,1,-0.1748,-0.5971,-0.2414,0.3067,1.4458,-2.2325,0.4730
1409,True,Optimization terminated successfully.,1818,2820,438.7150,0,1,-0.0211,-0.4757,-0.5008,-0.0222,1.1176,-1.3858,0.9785
1410,True,Optimization terminated successfully.,1690,2626,364.9737,0,1,-0.0589,-0.4493,-0.4353,-0.0028,1.1828,-1.5947,0.9081
1411,True,Optimization terminated successfully.,1966,3015,457.8356,0,1,-0.1447,-0.5856,-0.2901,0.3193,1.4206,-2.0824,0.4803
1412,True,Optimization terminated successfully.,1795,2761,419.5901,0,1,-0.1256,-0.5102,-0.3198,0.1827,1.3592,-1.9851,0.6822
1413,True,Optimization terminated successfully.,2013,3089,498.5034,0,1,0.0649,-0.3271,-0.6450,-0.3289,0.9141,-0.8908,1.4565
1414,True,Optimization terminated successfully.,1897,2915,456.0639,0,1,-0.0813,-0.4392,-0.4009,0.0491,1.2502,-1.6986,0.8694
1415,True,Optimization terminated successfully.,1923,2956,483.0212,0,1,-0.0205,-0.3810,-0.4999,-0.1900,1.1089,-1.3755,1.2125
1416,True,Optimization terminated successfully.,1685,2599,442.7583,0,1,0.1098,-0.1782,-0.7130,-0.5583,0.8203,-0.6566,1.7992
1417,True,Optimization terminated successfully.,1988,3076,383.6148,0,1,-0.0929,-0.4800,-0.3700,0.0641,1.3023,-1.8157,0.8564
1418,True,Optimization terminated successfully.,1999,3087,440.4694,0,1,0.0146,-0.2365,-0.5598,-0.3613,1.0430,-1.1691,1.5768
1419,True,Optimization terminated successfully.,1600,2501,502.4559,0,1,-0.2946,-0.8595,-0.0292,0.8592,1.8105,-2.9448,-0.4099
1420,True,Optimization terminated successfully.,1733,2728,425.1063,0,1,-0.1830,-0.6255,-0.2276,0.3710,1.5053,-2.3138,0.3624
1421,True,Optimization terminated successfully.,1808,2782,383.6363,0,1,0.1008,-0.1789,-0.6825,-0.5042,0.8745,-0.7722,1.7268
1422,True,Optimization terminated successfully.,1924,2982,471.3445,0,1,-0.1607,-0.5923,-0.2714,0.2914,1.4358,-2.1597,0.5096
1423,True,Optimization terminated successfully.,1932,2979,475.5386,0,1,0.1478,-0.0791,-0.7626,-0.7352,0.7668,-0.5009,2.0738
1424,True,Optimization terminated successfully.,1821,2860,447.4957,0,1,-0.2152,-0.6802,-0.1749,0.4427,1.5567,-2.4958,0.3190
1425,True,Optimization terminated successfully.,1731,2686,400.4133,0,1,0.0768,-0.2980,-0.6661,-0.3523,0.8600,-0.8164,1.5145
1426,True,Optimization terminated successfully.,2030,3139,409.1139,0,1,-0.1259,-0.5865,-0.3198,0.3301,1.3695,-1.9729,0.4672
1427,True,Optimization terminated successfully.,1486,2304,412.5086,0,1,-0.0345,-0.5182,-0.4603,0.1065,1.2045,-1.5114,0.8031
1428,True,Optimization terminated successfully.,1788,2779,438.1150,0,1,-0.0434,-0.4131,-0.4584,-0.0633,1.1704,-1.5093,1.0300
1429,True,Optimization terminated successfully.,1902,2954,445.9396,0,1,0.0357,-0.3877,-0.5703,-0.1691,1.0669,-1.1350,1.1682
1430,True,Optimization terminated successfully.,1650,2588,424.7619,0,1,-0.3663,-1.0749,0.0827,1.1996,1.9673,-3.3327,-0.9621
1431,True,Optimization terminated successfully.,1787,2778,468.1447,0,1,-0.2378,-0.7038,-0.1299,0.5643,1.6385,-2.6162,0.0710
1432,True,Optimization terminated successfully.,1912,2934,470.8200,0,1,-0.2955,-0.8189,-0.0427,0.7633,1.7254,-2.9241,-0.2021
1433,True,Optimization terminated successfully.,1878,2881,475.9593,0,1,-0.2641,-0.8235,-0.0812,0.7820,1.7267,-2.7757,-0.2703
1434,True,Optimization terminated successfully.,1491,2287,391.5773,0,1,-0.0274,-0.4101,-0.4697,-0.0748,1.1564,-1.4799,1.0692
1435,True,Optimization terminated successfully.,2308,3538,477.0074,0,1,-0.1066,-0.5364,-0.3500,0.1493,1.3302,-1.8659,0.7044
1436,True,Optimization terminated successfully.,1633,2537,409.1740,0,1,-0.0632,-0.5077,-0.4158,0.0499,1.2426,-1.6717,0.8599
1437,True,Optimization terminated successfully.,1779,2726,458.0293,0,1,-0.3188,-0.9488,-0.0005,0.9656,1.8550,-3.0548,-0.5314
1438,True,Optimization terminated successfully.,1647,2582,365.8021,0,1,-0.0084,-0.4404,-0.5045,-0.0163,1.1221,-1.3600,0.9723
1439,True,Optimization terminated successfully.,2054,3190,463.2283,0,1,-0.0265,-0.3754,-0.4843,-0.0853,1.1409,-1.4234,1.0738
1440,True,Optimization terminated successfully.,1911,2961,438.2958,0,1,-0.0452,-0.4337,-0.4498,-0.0258,1.1963,-1.5471,0.9961
1441,True,Optimization terminated successfully.,1867,2854,464.1798,0,1,-0.0743,-0.5489,-0.4049,0.2030,1.2494,-1.6944,0.6512
1442,True,Optimization terminated successfully.,1841,2852,382.6870,0,1,0.5522,0.5595,-1.4224,-2.0684,-0.1911,1.7232,4.1713
1443,True,Optimization terminated successfully.,1962,3020,436.6140,0,1,0.0073,-0.3982,-0.5448,-0.1805,1.0205,-1.2366,1.2606
1444,True,Optimization terminated successfully.,1886,2938,440.5072,0,1,-0.2345,-0.7243,-0.1598,0.5554,1.5759,-2.5356,0.0857
1445,True,Optimization terminated successfully.,2127,3265,428.4568,0,1,-0.0683,-0.4714,-0.4091,0.0881,1.2405,-1.6769,0.8143
1446,True,Optimization terminated successfully.,1979,3028,438.2773,0,1,-0.1081,-0.5528,-0.3583,0.1651,1.3157,-1.8632,0.7069
1447,True,Optimization terminated successfully.,1954,3007,469.2236,0,1,-0.1613,-0.6237,-0.2616,0.3173,1.4530,-2.1889,0.4407
1448,True,Optimization terminated successfully.,2007,3107,484.1287,0,1,-0.1005,-0.4936,-0.3625,0.1286,1.2989,-1.8290,0.7195
1449,True,Optimization terminated successfully.,1890,2914,477.9647,0,1,-0.0315,-0.3853,-0.4794,-0.1336,1.1438,-1.4577,1.1768
1450,True,Optimization terminated successfully.,1867,2880,481.1021,0,1,-0.1070,-0.5347,-0.3402,0.1474,1.3217,-1.9188,0.7156
1451,True,Optimization terminated successfully.,1444,2242,436.8283,0,1,-0.0574,-0.4131,-0.4297,-0.0204,1.2278,-1.6099,0.9959
1452,True,Optimization terminated successfully.,1770,2721,521.5778,0,1,-0.1088,-0.5557,-0.3537,0.1646,1.2968,-1.8673,0.6758
1453,True,Optimization terminated successfully.,1878,2910,399.4906,0,1,-0.6047,-1.4014,0.4630,1.8963,2.4630,-4.6263,-2.0033
1454,True,Optimization terminated successfully.,1543,2380,409.1254,0,1,-0.0285,-0.4805,-0.4676,-0.0257,1.1525,-1.4845,0.9927
1455,True,Optimization terminated successfully.,1803,2820,411.6533,0,1,-0.1082,-0.5236,-0.3356,0.1833,1.3723,-1.9268,0.6991
1456,True,Optimization terminated successfully.,2122,3244,509.5753,0,1,-0.0856,-0.4785,-0.3916,0.0937,1.2733,-1.7430,0.7901
1457,True,Optimization terminated successfully.,1668,2579,419.0952,0,1,-0.0693,-0.5527,-0.4039,0.1741,1.2355,-1.6946,0.6957
1458,True,Optimization terminated successfully.,2179,3354,450.7610,0,1,0.0001,-0.4062,-0.5164,-0.1280,1.1052,-1.3116,1.1125
1459,True,Optimization terminated successfully.,2018,3079,399.7815,0,1,-0.1281,-0.5394,-0.3186,0.2060,1.3586,-2.0045,0.6754
1460,True,Optimization terminated successfully.,1704,2610,440.8421,0,1,0.0523,-0.2284,-0.6185,-0.4582,0.9338,-0.9891,1.6451
1461,True,Optimization terminated successfully.,1795,2770,395.7050,0,1,-0.0702,-0.4510,-0.4034,0.0359,1.2618,-1.6996,0.8616
1462,True,Optimization terminated successfully.,1727,2686,506.5331,0,1,0.0740,-0.1751,-0.6457,-0.5917,0.9058,-0.9001,1.8751
1463,True,Optimization terminated successfully.,2060,3177,411.3499,0,1,-0.0249,-0.4112,-0.4855,-0.0469,1.1490,-1.4071,1.0237
1464,True,Optimization terminated successfully.,1850,2855,406.9855,0,1,0.0668,-0.2074,-0.6475,-0.5202,0.8917,-0.8848,1.7484
1465,True,Optimization terminated successfully.,2184,3347,479.1677,0,1,0.0058,-0.2757,-0.5251,-0.3210,1.0935,-1.2939,1.4559
1466,True,Optimization terminated successfully.,1863,2899,464.4826,0,1,-0.1251,-0.4711,-0.3386,0.0570,1.3049,-1.9152,0.9048
1467,True,Optimization terminated successfully.,1667,2591,430.5879,0,1,0.1501,-0.1023,-0.7813,-0.7532,0.7140,-0.4371,2.1392
1468,True,Optimization terminated successfully.,1916,2964,424.5573,0,1,-0.1552,-0.7087,-0.2766,0.4464,1.4245,-2.1315,0.2252
1469,True,Optimization terminated successfully.,1623,2520,423.0482,0,1,0.0798,-0.2281,-0.6550,-0.4274,0.8940,-0.8564,1.6353
1470,True,Optimization terminated successfully.,1725,2677,481.2899,0,1,-0.1521,-0.6976,-0.2804,0.4508,1.4482,-2.1279,0.2139
1471,True,Optimization terminated successfully.,1605,2505,434.2748,0,1,-0.0215,-0.3884,-0.4931,-0.1049,1.1192,-1.4201,1.0972
1472,True,Optimization terminated successfully.,1902,2935,437.9737,0,1,-0.3034,-0.9057,-0.0231,0.9190,1.8084,-2.9731,-0.4542
1473,True,Optimization terminated successfully.,2194,3400,444.3917,1,0,-0.9888,-2.0620,1.0759,3.2294,3.3468,-6.6849,-4.0743
1474,True,Optimization terminated successfully.,2007,3106,528.8962,0,1,-0.1517,-0.5378,-0.2877,0.2323,1.4100,-2.1002,0.5457
1475,True,Optimization terminated successfully.,1884,2920,470.1080,0,1,-0.1597,-0.6285,-0.2643,0.3464,1.4201,-2.1749,0.3887
1476,True,Optimization terminated successfully.,1944,3021,359.1424,0,1,0.0736,-0.2749,-0.6307,-0.3653,0.9496,-0.9492,1.4755
1477,True,Optimization terminated successfully.,1795,2775,442.2211,0,1,-0.2531,-0.8786,-0.0922,0.8434,1.7246,-2.7525,-0.3643
1478,True,Optimization terminated successfully.,1529,2382,351.3541,0,1,-0.0017,-0.3213,-0.5289,-0.2406,1.0862,-1.2807,1.2999
1479,True,Optimization terminated successfully.,1797,2794,399.1602,0,1,-0.0871,-0.5459,-0.3828,0.1576,1.2870,-1.7712,0.7143
1480,True,Optimization terminated successfully.,1878,2887,392.0329,0,1,0.0039,-0.3810,-0.5431,-0.2139,1.0580,-1.2340,1.2722
1481,True,Optimization terminated successfully.,1779,2754,428.0163,0,1,-0.1353,-0.6110,-0.2930,0.3605,1.4224,-2.0581,0.3909
1482,True,Optimization terminated successfully.,2005,3091,450.5696,0,1,-0.2270,-0.7013,-0.1568,0.5145,1.6010,-2.5373,0.1593
1483,True,Optimization terminated successfully.,1779,2777,438.8911,0,1,-0.3256,-0.8420,0.0081,0.8733,1.8311,-3.0914,-0.3956
1484,True,Optimization terminated successfully.,1702,2680,449.4847,0,1,-0.4492,-1.1704,0.2025,1.3851,2.1068,-3.7442,-1.2050
1485,True,Optimization terminated successfully.,1835,2825,419.3072,0,1,-0.4158,-1.0818,0.1548,1.1936,2.0470,-3.5832,-0.9402
1486,True,Optimization terminated successfully.,1644,2561,462.9098,0,1,-0.1674,-0.6055,-0.2638,0.3083,1.4581,-2.1936,0.4641
1487,True,Optimization terminated successfully.,1855,2872,418.6872,0,1,0.0648,-0.2507,-0.6276,-0.4457,0.9454,-0.9555,1.6125
1488,True,Optimization terminated successfully.,1865,2911,414.8169,0,1,-0.1316,-0.5517,-0.3152,0.2081,1.3734,-2.0096,0.6229
1489,True,Optimization terminated successfully.,1521,2378,492.2607,0,1,-0.2156,-0.7218,-0.1809,0.5538,1.5595,-2.4597,0.1268
1490,True,Optimization terminated successfully.,1915,2938,454.4941,0,1,-0.0331,-0.4515,-0.4680,-0.0257,1.1786,-1.4745,0.9367
1491,True,Optimization terminated successfully.,1806,2816,473.2860,0,1,-0.1012,-0.5376,-0.3497,0.1881,1.3666,-1.8846,0.6861
1492,True,Optimization terminated successfully.,1841,2838,510.1049,0,1,0.0844,-0.1503,-0.6617,-0.5758,0.8697,-0.8344,1.8117
1493,True,Optimization terminated successfully.,1909,2965,469.6518,0,1,-0.1494,-0.6130,-0.2679,0.3017,1.4646,-2.1625,0.4794
1494,True,Optimization terminated successfully.,2127,3291,491.2095,0,1,-0.2919,-0.8051,-0.0530,0.7379,1.7459,-2.8840,-0.1753
1495,True,Optimization terminated successfully.,2033,3115,443.9484,0,1,-0.0554,-0.4632,-0.4219,0.0853,1.2796,-1.6319,0.8261
1496,True,Optimization terminated successfully.,1587,2470,396.8954,0,1,-0.0572,-0.4980,-0.4354,0.0260,1.1954,-1.6100,0.8979
1497,True,Optimization terminated successfully.,1934,2994,363.5914,0,1,-0.0408,-0.4963,-0.4699,0.0068,1.1344,-1.4872,0.8976
1498,True,Optimization terminated successfully.,1605,2519,469.5674,0,1,-0.1611,-0.5921,-0.2549,0.3326,1.4539,-2.2155,0.4686
1499,True,Optimization terminated successfully.,1832,2827,429.0820,0,1,-0.0296,-0.5113,-0.4690,0.0761,1.1557,-1.4716,0.8103
1500,True,Optimization terminated successfully.,1482,2317,372.2981,0,1,-0.0914,-0.4515,-0.3898,0.0226,1.2412,-1.7613,0.9169
1501,True,Optimization terminated successfully.,1838,2848,401.7581,0,1,-0.1375,-0.5282,-0.2950,0.2018,1.4312,-2.0708,0.6667
1502,True,Optimization terminated successfully.,1597,2469,363.6654,0,1,0.0135,-0.4150,-0.5508,-0.1567,1.0338,-1.2089,1.1723
1503,True,Optimization terminated successfully.,1997,3134,425.7540,0,1,-0.5439,-1.3384,0.3651,1.7749,2.3432,-4.2786,-1.8206
1504,True,Optimization terminated successfully.,1851,2843,440.1204,0,1,-0.1273,-0.5802,-0.3088,0.2888,1.4131,-2.0252,0.5131
1505,True,Optimization terminated successfully.,1671,2622,468.1863,0,1,-0.1325,-0.5450,-0.3108,0.2320,1.3629,-2.0224,0.6136
1506,True,Optimization terminated successfully.,1911,2936,454.9549,0,1,0.0553,-0.3613,-0.6129,-0.2233,0.9793,-0.9959,1.2586
1507,True,Optimization terminated successfully.,1906,2959,427.9342,0,1,-0.1448,-0.6092,-0.2904,0.2790,1.3839,-2.0792,0.5049
1508,True,Optimization terminated successfully.,1875,2882,393.0404,0,1,-0.0465,-0.3610,-0.4433,-0.1500,1.1928,-1.5760,1.1156
1509,True,Optimization terminated successfully.,1862,2878,415.7684,0,1,-0.1467,-0.5630,-0.2861,0.2601,1.4267,-2.1045,0.5547
1510,True,Optimization terminated successfully.,1975,3062,447.2237,0,1,-0.0724,-0.5088,-0.4019,0.1041,1.2431,-1.7107,0.8160
1511,True,Optimization terminated successfully.,1955,2995,433.4648,0,1,-0.0441,-0.5111,-0.4548,0.0877,1.1824,-1.5448,0.8242
1512,True,Optimization terminated successfully.,1805,2790,426.3118,0,1,-0.0650,-0.5202,-0.4234,0.0525,1.2196,-1.6471,0.8725
1513,True,Optimization terminated successfully.,1547,2408,470.5710,0,1,0.0237,-0.2888,-0.5578,-0.3570,1.0249,-1.1878,1.4762
1514,True,Optimization terminated successfully.,2012,3082,436.5472,0,1,-0.2346,-0.7701,-0.1422,0.6268,1.5859,-2.5625,-0.0435
1515,True,Optimization terminated successfully.,2140,3288,390.3339,1,0,-1.2696,-2.5812,1.5522,4.3129,4.0456,-8.2779,-5.7422
1516,True,Optimization terminated successfully.,1591,2501,396.3728,0,1,-0.2472,-0.7469,-0.1287,0.6126,1.6308,-2.6499,-0.0237
1517,True,Optimization terminated successfully.,1695,2637,512.0898,0,1,-0.1045,-0.5614,-0.3502,0.2300,1.3202,-1.8568,0.6161
1518,True,Optimization terminated successfully.,1612,2487,455.4947,0,1,-0.0517,-0.4175,-0.4439,-0.0026,1.1758,-1.5642,0.9978
1519,True,Optimization terminated successfully.,1632,2550,488.1905,0,1,-0.0368,-0.4378,-0.4447,-0.0062,1.1832,-1.5519,0.9730
1520,True,Optimization terminated successfully.,1817,2814,398.0676,0,1,-0.0538,-0.4282,-0.4377,-0.0393,1.1766,-1.5897,1.0105
1521,True,Optimization terminated successfully.,1977,3060,466.1603,0,1,0.1004,-0.2419,-0.6813,-0.4428,0.8846,-0.7755,1.5763
1522,True,Optimization terminated successfully.,1446,2220,422.1042,0,1,-0.0574,-0.5261,-0.4258,0.1117,1.2394,-1.6273,0.7606
1523,True,Optimization terminated successfully.,1638,2560,487.0327,0,1,-0.2938,-0.8709,-0.0467,0.7651,1.7546,-2.9020,-0.2482
1524,True,Optimization terminated successfully.,1728,2711,383.8558,0,1,-0.0899,-0.6406,-0.3668,0.2894,1.3337,-1.8265,0.4745
1525,True,Optimization terminated successfully.,1936,3006,417.6779,0,1,-0.0618,-0.4538,-0.4258,0.0528,1.2368,-1.6352,0.8818
1526,True,Optimization terminated successfully.,1774,2700,397.3928,0,1,-0.0304,-0.3961,-0.4625,-0.0832,1.1799,-1.4908,1.0620
1527,True,Optimization terminated successfully.,1661,2590,425.9303,0,1,-0.0721,-0.4207,-0.4014,-0.0872,1.2451,-1.7040,1.0992
1528,True,Optimization terminated successfully.,2008,3097,407.9427,0,1,-0.0974,-0.5215,-0.3729,0.1339,1.2861,-1.8153,0.7575
1529,True,Optimization terminated successfully.,1869,2850,522.3180,0,1,-0.0275,-0.4499,-0.4770,0.0111,1.1421,-1.4627,0.9515
1530,True,Optimization terminated successfully.,1909,2946,410.3238,0,1,-0.0728,-0.5296,-0.4002,0.1493,1.2592,-1.6971,0.7118
1531,True,Optimization terminated successfully.,1658,2555,409.6651,0,1,-0.0417,-0.4266,-0.4591,-0.0079,1.2029,-1.5339,0.9879
1532,True,Optimization terminated successfully.,1775,2759,481.5244,0,1,-0.0476,-0.4309,-0.4462,-0.0361,1.1937,-1.5537,1.0360
1533,True,Optimization terminated successfully.,1978,3064,423.7565,0,1,-0.0236,-0.4339,-0.4811,-0.0426,1.1557,-1.4304,0.9626
1534,True,Optimization terminated successfully.,1751,2717,440.6332,0,1,0.0113,-0.3643,-0.5466,-0.1736,1.0640,-1.2143,1.2214
1535,True,Optimization terminated successfully.,1581,2461,442.0912,1,0,1.1957,1.7198,-2.4757,-4.4063,-1.6922,5.2598,7.7982
1536,True,Optimization terminated successfully.,2017,3113,515.9268,0,1,0.0332,-0.3823,-0.5915,-0.1974,1.0042,-1.0865,1.2514
1537,True,Optimization terminated successfully.,2019,3126,459.0154,0,1,0.5322,0.5061,-1.3729,-1.9736,-0.0941,1.5623,3.9868
1538,True,Optimization terminated successfully.,1724,2672,478.5470,0,1,-0.1253,-0.5179,-0.3215,0.1893,1.3761,-1.9787,0.6576
1539,True,Optimization terminated successfully.,2282,3515,488.5299,0,1,0.1321,-0.1441,-0.7577,-0.6137,0.7343,-0.5284,1.9103
1540,True,Optimization terminated successfully.,1829,2834,459.0891,0,1,-0.0717,-0.5015,-0.4039,0.0811,1.2346,-1.6787,0.8251
1541,True,Optimization terminated successfully.,1834,2824,474.8361,0,1,-0.1073,-0.5071,-0.3381,0.1385,1.3587,-1.9080,0.7304
1542,True,Optimization terminated successfully.,2080,3202,494.6705,0,1,-0.0944,-0.5929,-0.3627,0.2976,1.3420,-1.8148,0.5004
1543,True,Optimization terminated successfully.,1937,2991,372.2079,0,1,-0.0410,-0.4856,-0.4610,0.0148,1.1595,-1.4955,0.8842
1544,True,Optimization terminated successfully.,1693,2641,460.4745,0,1,-0.0591,-0.4569,-0.4336,-0.0250,1.1946,-1.6025,0.9863
1545,True,Optimization terminated successfully.,1804,2804,518.2209,1,0,-0.7439,-1.7028,0.6809,2.4737,2.7863,-5.3381,-2.9170
1546,True,Optimization terminated successfully.,1696,2639,420.5918,0,1,-0.0873,-0.6167,-0.3707,0.2311,1.3236,-1.8179,0.5408
1547,True,Optimization terminated successfully.,1688,2611,494.7934,0,1,-0.0864,-0.5184,-0.3805,0.1266,1.2932,-1.7833,0.7467
1548,True,Optimization terminated successfully.,1832,2814,482.2812,0,1,-0.0636,-0.5060,-0.4265,0.0670,1.2015,-1.6167,0.8265
1549,True,Optimization terminated successfully.,1673,2583,483.0161,0,1,0.0986,-0.1915,-0.6802,-0.5522,0.8533,-0.7805,1.8515
1550,True,Optimization terminated successfully.,1941,2999,383.4075,0,1,-0.4355,-1.0968,0.1861,1.2630,2.0757,-3.6906,-1.0249
1551,True,Optimization terminated successfully.,1751,2709,530.7678,0,1,-0.0189,-0.3949,-0.4918,-0.1518,1.1282,-1.3985,1.1464
1552,True,Optimization terminated successfully.,1684,2577,509.6819,0,1,0.1454,-0.0786,-0.7588,-0.7303,0.7314,-0.5174,2.0706
1553,True,Optimization terminated successfully.,1811,2793,372.6756,0,1,-0.5849,-1.3006,0.4206,1.7567,2.3824,-4.4749,-1.7836
1554,True,Optimization terminated successfully.,1875,2918,452.3130,0,1,-0.0970,-0.5089,-0.3771,0.1147,1.2678,-1.8037,0.7921
1555,True,Optimization terminated successfully.,1892,2912,627.7056,0,1,-0.0352,-0.4413,-0.4757,-0.0736,1.1550,-1.4584,1.0507
1556,True,Optimization terminated successfully.,1934,3005,485.3471,0,1,-0.0090,-0.4605,-0.5082,-0.0192,1.1166,-1.3499,0.9486
1557,True,Optimization terminated successfully.,1764,2723,397.9793,0,1,0.3411,0.3347,-1.0733,-1.4979,0.3099,0.5405,3.3321
1558,True,Optimization terminated successfully.,1892,2920,499.0487,0,1,0.0202,-0.3602,-0.5485,-0.2331,1.0429,-1.2001,1.3012
1559,True,Optimization terminated successfully.,1846,2855,535.1540,0,1,-0.4685,-1.1825,0.2259,1.4670,2.1451,-3.8229,-1.3483
1560,True,Optimization terminated successfully.,1599,2494,428.2979,0,1,0.0150,-0.3523,-0.5500,-0.2441,1.0812,-1.2279,1.3639
1561,True,Optimization terminated successfully.,1748,2709,353.2537,0,1,-0.0476,-0.3714,-0.4593,-0.1977,1.1607,-1.5274,1.2458
1562,True,Optimization terminated successfully.,1902,2931,419.1065,0,1,0.2134,0.0383,-0.8678,-0.9893,0.5987,-0.1464,2.4786
1563,True,Optimization terminated successfully.,1907,2938,396.0689,0,1,-0.1534,-0.6253,-0.2758,0.3502,1.4254,-2.1372,0.3996
1564,True,Optimization terminated successfully.,1492,2319,401.6191,0,1,-0.0733,-0.5057,-0.4017,0.0732,1.2538,-1.6961,0.8472
1565,True,Optimization terminated successfully.,1753,2747,490.7307,0,1,-0.1017,-0.5377,-0.3447,0.2133,1.3276,-1.8932,0.6190
1566,True,Optimization terminated successfully.,1774,2751,443.3375,0,1,-0.1012,-0.5176,-0.3585,0.1313,1.3143,-1.8555,0.7532
1567,True,Optimization terminated successfully.,1907,2907,456.1036,0,1,-0.1468,-0.6014,-0.2927,0.2986,1.4047,-2.0809,0.4917
1568,True,Optimization terminated successfully.,1882,2903,435.9850,0,1,0.0056,-0.3524,-0.5276,-0.1571,1.0995,-1.2789,1.1856
1569,True,Optimization terminated successfully.,1782,2768,473.5526,0,1,-0.1184,-0.5003,-0.3183,0.1416,1.3571,-1.9836,0.7640
1570,True,Optimization terminated successfully.,1995,3092,448.1532,0,1,-0.0339,-0.4125,-0.4670,-0.1577,1.1439,-1.4762,1.1701
1571,True,Optimization terminated successfully.,1826,2836,428.8225,0,1,-0.0108,-0.3804,-0.5020,-0.1209,1.1534,-1.3764,1.1602
1572,True,Optimization terminated successfully.,2238,3477,384.1601,0,1,-0.2858,-0.8010,-0.0630,0.7609,1.7327,-2.8505,-0.2166
1573,True,Optimization terminated successfully.,1697,2629,433.1548,0,1,0.1507,-0.1414,-0.7660,-0.6684,0.7473,-0.4895,1.9748
1574,True,Optimization terminated successfully.,1642,2558,378.1841,0,1,-0.0608,-0.4271,-0.4320,-0.0249,1.2278,-1.6053,0.9861
1575,True,Optimization terminated successfully.,1845,2835,437.4957,0,1,-0.2805,-0.7926,-0.0628,0.7129,1.7239,-2.8376,-0.1684
1576,True,Optimization terminated successfully.,1824,2802,354.2808,0,1,-0.0070,-0.4195,-0.5103,-0.1068,1.0988,-1.3432,1.0917
1577,True,Optimization terminated successfully.,1952,3007,434.3117,0,1,-0.0326,-0.4475,-0.4637,-0.0031,1.1808,-1.4897,0.9660
1578,True,Optimization terminated successfully.,1563,2438,435.8421,0,1,-0.0731,-0.4465,-0.4105,0.0344,1.2381,-1.6910,0.9025
1579,True,Optimization terminated successfully.,1960,3047,407.6477,0,1,0.0272,-0.2900,-0.5662,-0.2843,1.0345,-1.1393,1.4443
1580,True,Optimization terminated successfully.,1737,2698,406.7806,0,1,-0.0519,-0.4536,-0.4588,-0.0635,1.1488,-1.5276,1.0210
1581,True,Optimization terminated successfully.,1818,2836,426.1750,1,0,1.0900,1.5768,-2.3104,-4.0452,-1.5065,4.7018,7.2748
1582,True,Optimization terminated successfully.,2094,3249,432.7745,0,1,0.0278,-0.3194,-0.5756,-0.2971,1.0099,-1.1377,1.4638
1583,True,Optimization terminated successfully.,1951,2991,418.2328,0,1,0.0934,-0.1643,-0.6760,-0.6048,0.8766,-0.7865,1.8851
1584,True,Optimization terminated successfully.,1920,2980,457.4754,0,1,-0.0527,-0.5072,-0.4338,0.0358,1.2014,-1.5895,0.9111
1585,True,Optimization terminated successfully.,1908,2938,395.8088,0,1,0.4811,0.4634,-1.3067,-1.9030,-0.0267,1.3401,3.8997
1586,True,Optimization terminated successfully.,1966,3040,426.9763,0,1,-0.0565,-0.4211,-0.4411,-0.0651,1.1722,-1.5734,1.0301
1587,True,Optimization terminated successfully.,1890,2938,519.7401,0,1,0.1513,-0.0301,-0.7680,-0.7823,0.7493,-0.5011,2.2091
1588,True,Optimization terminated successfully.,1963,3033,387.3933,0,1,-0.0275,-0.4472,-0.4824,-0.0556,1.1262,-1.4429,0.9872
1589,True,Optimization terminated successfully.,2059,3165,454.8834,0,1,-0.3652,-0.8686,0.0741,0.8683,1.9205,-3.2972,-0.3844
1590,True,Optimization terminated successfully.,1843,2833,417.6269,0,1,-0.0937,-0.4919,-0.3781,0.0870,1.3210,-1.7780,0.8205
1591,True,Optimization terminated successfully.,1879,2864,430.6584,0,1,0.1171,-0.1793,-0.7169,-0.5586,0.7766,-0.6446,1.8013
1592,True,Optimization terminated successfully.,1785,2773,427.3039,0,1,-0.0488,-0.4824,-0.4412,0.0195,1.2112,-1.5928,0.8948
1593,True,Optimization terminated successfully.,1474,2307,387.4417,0,1,0.0557,-0.3079,-0.6029,-0.2875,0.9906,-1.0347,1.3883
1594,True,Optimization terminated successfully.,1677,2624,394.5292,0,1,-0.0766,-0.4490,-0.3900,0.0532,1.2845,-1.7406,0.8785
1595,True,Optimization terminated successfully.,1985,3069,408.0533,0,1,-0.0020,-0.3796,-0.5339,-0.1657,1.0484,-1.2811,1.1671
1596,True,Optimization terminated successfully.,1739,2700,466.7684,0,1,-0.0600,-0.5016,-0.4414,0.0622,1.1702,-1.5804,0.8486
1597,True,Optimization terminated successfully.,1958,3034,347.7926,0,1,-0.1841,-0.6418,-0.2320,0.4574,1.4910,-2.2711,0.2770
1598,True,Optimization terminated successfully.,1969,3035,456.5074,0,1,-0.0188,-0.4207,-0.4945,-0.0812,1.1317,-1.3963,1.0653
1599,True,Optimization terminated successfully.,1889,2938,470.0373,0,1,-0.0674,-0.4388,-0.4149,0.0162,1.2131,-1.6724,0.9309
1600,True,Optimization terminated successfully.,2017,3096,511.9242,0,1,-0.1494,-0.5287,-0.2847,0.2182,1.3878,-2.1097,0.6301
1601,True,Optimization terminated successfully.,1657,2532,453.0866,0,1,-0.0757,-0.4591,-0.4035,0.0378,1.2406,-1.7014,0.9010
1602,True,Optimization terminated successfully.,1676,2610,474.6859,0,1,-0.0711,-0.5155,-0.4046,0.0267,1.2427,-1.7014,0.8948
1603,True,Optimization terminated successfully.,1970,3031,466.1076,0,1,0.0284,-0.3216,-0.5577,-0.2609,1.0388,-1.1610,1.3254
1604,True,Optimization terminated successfully.,1763,2755,437.3006,0,1,-0.1150,-0.4912,-0.3295,0.1367,1.3682,-1.9404,0.7550
1605,True,Optimization terminated successfully.,1781,2780,429.6139,0,1,-0.1723,-0.6856,-0.2384,0.4540,1.4993,-2.2367,0.2173
1606,True,Optimization terminated successfully.,1962,3064,376.6252,0,1,-0.1401,-0.6253,-0.2965,0.3162,1.4024,-2.0487,0.4198
1607,True,Optimization terminated successfully.,1812,2809,417.1753,0,1,-0.1016,-0.5850,-0.3474,0.2452,1.3355,-1.8766,0.5402
1608,True,Optimization terminated successfully.,1946,2987,403.4406,0,1,-0.0107,-0.3600,-0.4972,-0.2088,1.1018,-1.3904,1.2306
1609,True,Optimization terminated successfully.,1986,3064,510.6314,0,1,0.3465,0.2673,-1.1013,-1.4229,0.2659,0.6396,3.1595
1610,True,Optimization terminated successfully.,1611,2483,373.8205,0,1,-0.1181,-0.6552,-0.3202,0.4100,1.3849,-1.9916,0.3498
1611,True,Optimization terminated successfully.,1904,2943,405.3549,0,1,-0.1271,-0.5199,-0.3216,0.1288,1.3349,-1.9780,0.7400
1612,True,Optimization terminated successfully.,1772,2735,456.9437,0,1,0.1257,-0.1383,-0.7356,-0.6332,0.7902,-0.5840,1.9558
1613,True,Optimization terminated successfully.,1556,2423,499.1316,0,1,0.0042,-0.3400,-0.5357,-0.2014,1.0646,-1.2620,1.2237
1614,True,Optimization terminated successfully.,1926,2986,454.6824,0,1,-0.0823,-0.6256,-0.3847,0.2564,1.2794,-1.7775,0.5448
1615,True,Optimization terminated successfully.,1729,2716,487.4179,0,1,-0.5369,-1.2580,0.3408,1.6523,2.3100,-4.2073,-1.6697
1616,True,Optimization terminated successfully.,1893,2913,456.3761,0,1,0.3804,0.3505,-1.1398,-1.5662,0.2073,0.7595,3.4109
1617,True,Optimization terminated successfully.,1768,2719,434.5726,0,1,-0.1323,-0.6362,-0.3122,0.3007,1.3847,-2.0132,0.4531
1618,True,Optimization terminated successfully.,1771,2733,464.5698,0,1,-0.0392,-0.4068,-0.4670,-0.0976,1.1411,-1.5018,1.0356
1619,True,Optimization terminated successfully.,1955,3030,421.9541,0,1,-0.1001,-0.5530,-0.3717,0.1932,1.2833,-1.8290,0.6528
1620,True,Optimization terminated successfully.,2004,3102,498.5771,0,1,-0.3110,-0.8271,-0.0209,0.8200,1.8047,-2.9820,-0.3222
1621,True,Optimization terminated successfully.,1908,2961,421.0616,0,1,0.1197,-0.1498,-0.7197,-0.6127,0.7916,-0.6440,1.9519
1622,True,Optimization terminated successfully.,1746,2677,498.9529,0,1,-0.0740,-0.4572,-0.4019,0.0509,1.2684,-1.7039,0.8334
1623,True,Optimization terminated successfully.,1598,2496,379.0624,0,1,0.0858,-0.2695,-0.6641,-0.3885,0.8846,-0.8316,1.5780
1624,True,Optimization terminated successfully.,1509,2348,447.3025,0,1,-0.0954,-0.4984,-0.3846,0.1042,1.2433,-1.7672,0.8164
1625,True,Optimization terminated successfully.,1847,2867,394.1987,0,1,-0.0201,-0.4298,-0.4824,-0.0465,1.1589,-1.4440,1.0116
1626,True,Optimization terminated successfully.,1742,2692,431.1123,0,1,0.0216,-0.4342,-0.5515,-0.0904,1.0352,-1.2085,1.0834
1627,True,Optimization terminated successfully.,1766,2748,439.8757,0,1,-0.0726,-0.4995,-0.3940,0.0518,1.2502,-1.7394,0.8662
1628,True,Optimization terminated successfully.,1712,2640,443.0784,0,1,-0.0187,-0.4215,-0.4915,-0.1041,1.1446,-1.3993,1.0880
1629,True,Optimization terminated successfully.,1999,3092,524.2778,0,1,-0.0988,-0.5142,-0.3529,0.1479,1.3173,-1.8612,0.7201
1630,True,Optimization terminated successfully.,1840,2857,450.6404,0,1,-0.1597,-0.6595,-0.2727,0.4151,1.4559,-2.1534,0.2795
1631,True,Optimization terminated successfully.,1895,2909,416.3508,0,1,-0.0983,-0.4971,-0.3635,0.1264,1.2812,-1.8334,0.7603
1632,True,Optimization terminated successfully.,1831,2805,428.6189,0,1,-0.1899,-0.6572,-0.2232,0.4165,1.5174,-2.3087,0.3576
1633,True,Optimization terminated successfully.,1677,2619,406.0765,0,1,0.0100,-0.4237,-0.5384,-0.0896,1.0697,-1.2507,1.1086
1634,True,Optimization terminated successfully.,1667,2574,433.3716,0,1,-0.0579,-0.3798,-0.4254,-0.0759,1.2438,-1.6218,1.0816
1635,True,Optimization terminated successfully.,1969,3065,425.4788,0,1,-0.1062,-0.6252,-0.3365,0.3594,1.3667,-1.9214,0.4234
1636,True,Optimization terminated successfully.,1981,3088,447.2048,0,1,-0.0042,-0.3914,-0.5202,-0.1219,1.0763,-1.3210,1.1675
1637,True,Optimization terminated successfully.,1781,2778,464.6474,0,1,-0.0621,-0.4503,-0.4206,0.0301,1.2429,-1.6612,0.8917
1638,True,Optimization terminated successfully.,1925,2976,479.3242,0,1,-0.0416,-0.4272,-0.4523,-0.0025,1.2134,-1.5345,0.9190
1639,True,Optimization terminated successfully.,1754,2720,362.7373,0,1,-0.1486,-0.6287,-0.2888,0.3476,1.4092,-2.1044,0.4340
1640,True,Optimization terminated successfully.,1746,2717,496.2059,0,1,-0.0429,-0.3864,-0.4688,-0.1187,1.1750,-1.4923,1.1441
1641,True,Optimization terminated successfully.,1977,3070,444.9087,0,1,-0.4127,-1.1839,0.1472,1.4137,2.0604,-3.5561,-1.2924
1642,True,Optimization terminated successfully.,1953,2992,390.7015,0,1,-0.1862,-0.7462,-0.2197,0.5518,1.5100,-2.3332,0.0525
1643,True,Optimization terminated successfully.,1958,3018,433.2580,0,1,-0.0590,-0.4314,-0.4265,0.0002,1.2074,-1.6440,0.9773
1644,True,Optimization terminated successfully.,1750,2724,406.7025,0,1,-0.1305,-0.5698,-0.2970,0.2379,1.4071,-2.0628,0.5815
1645,True,Optimization terminated successfully.,1699,2623,515.5834,0,1,-0.2773,-0.9000,-0.0661,0.8956,1.7587,-2.8264,-0.4612
1646,True,Optimization terminated successfully.,1831,2811,482.1440,0,1,-0.4793,-1.2052,0.2640,1.4777,2.2152,-3.9483,-1.3839
1647,True,Optimization terminated successfully.,2040,3143,485.4060,0,1,-0.0658,-0.4713,-0.4099,0.0602,1.2450,-1.6645,0.8654
1648,True,Optimization terminated successfully.,1891,2916,415.5577,0,1,-0.0678,-0.4069,-0.4211,-0.0339,1.1924,-1.6473,1.0530
1649,True,Optimization terminated successfully.,1828,2836,430.9386,0,1,-0.1658,-0.6216,-0.2517,0.3614,1.4594,-2.2165,0.3794
1650,True,Optimization terminated successfully.,1968,3050,388.3112,0,1,-0.0790,-0.4672,-0.4002,0.0495,1.2600,-1.7264,0.8670
1651,True,Optimization terminated successfully.,1937,2987,400.5352,0,1,-0.0792,-0.4397,-0.3925,0.0132,1.2606,-1.7452,0.9211
1652,True,Optimization terminated successfully.,1606,2510,443.6522,0,1,-0.0769,-0.5318,-0.3953,0.1700,1.2645,-1.7295,0.6687
1653,True,Optimization terminated successfully.,1764,2748,366.3872,0,1,-0.2409,-0.7879,-0.1266,0.6842,1.6580,-2.6388,-0.1461
1654,True,Optimization terminated successfully.,1739,2708,424.4251,0,1,-0.1616,-0.6874,-0.2456,0.4807,1.5095,-2.2188,0.1879
1655,True,Optimization terminated successfully.,1796,2801,512.9441,1,0,-0.7922,-1.7328,0.7573,2.5591,2.9040,-5.6355,-3.0387
1656,True,Optimization terminated successfully.,1673,2601,488.2883,0,1,-0.0402,-0.4539,-0.4538,-0.0187,1.1953,-1.5278,0.9598
1657,True,Optimization terminated successfully.,1907,2919,411.9769,0,1,0.0640,-0.2739,-0.6226,-0.3226,0.9767,-0.9555,1.4651
1658,True,Optimization terminated successfully.,2135,3281,356.6152,0,1,-0.0007,-0.3606,-0.5167,-0.2013,1.0741,-1.3150,1.2511
1659,True,Optimization terminated successfully.,2102,3250,403.3793,0,1,0.1047,-0.2159,-0.6914,-0.4720,0.8510,-0.7473,1.6758
1660,True,Optimization terminated successfully.,2036,3130,371.7539,0,1,-0.0752,-0.5886,-0.3971,0.2126,1.2675,-1.7320,0.5855
1661,True,Optimization terminated successfully.,1769,2739,467.4019,0,1,-0.0409,-0.3908,-0.4523,-0.0613,1.1840,-1.5431,1.0284
1662,True,Optimization terminated successfully.,1890,2936,357.6026,1,0,-0.7272,-1.6702,0.6631,2.4393,2.7764,-5.2816,-2.8844
1663,True,Optimization terminated successfully.,1972,3030,513.3112,0,1,-0.0639,-0.3829,-0.4184,-0.0261,1.2434,-1.6454,1.0057
1664,True,Optimization terminated successfully.,1800,2800,445.6859,0,1,-0.1691,-0.6153,-0.2394,0.3610,1.4645,-2.2620,0.4096
1665,True,Optimization terminated successfully.,1830,2830,439.7922,0,1,-0.1685,-0.5924,-0.2640,0.2832,1.4459,-2.1681,0.4972
1666,True,Optimization terminated successfully.,1770,2770,505.6355,0,1,-0.3441,-0.9860,0.0394,1.0863,1.8947,-3.1888,-0.7331
1667,True,Optimization terminated successfully.,1839,2862,421.8927,0,1,-0.4055,-0.9992,0.1260,1.1148,1.9829,-3.4826,-0.7508
1668,True,Optimization terminated successfully.,1909,2957,408.2742,0,1,-0.1826,-0.6062,-0.2298,0.3915,1.5001,-2.2732,0.3451
1669,True,Optimization terminated successfully.,1671,2616,420.7665,0,1,-0.1698,-0.6207,-0.2492,0.3648,1.4773,-2.2304,0.3972
1670,True,Optimization terminated successfully.,1983,3027,334.6591,0,1,-0.0506,-0.4963,-0.4300,0.0690,1.2053,-1.5947,0.8969
1671,True,Optimization terminated successfully.,1615,2511,445.5904,0,1,-0.1372,-0.6448,-0.2945,0.3536,1.4003,-2.0655,0.3989
1672,True,Optimization terminated successfully.,1954,3045,421.7507,0,1,-0.0820,-0.4670,-0.3887,0.0604,1.2730,-1.7405,0.8260
1673,True,Optimization terminated successfully.,1779,2775,436.0822,0,1,-0.0287,-0.4399,-0.4760,-0.0546,1.1545,-1.4515,1.0587
1674,True,Optimization terminated successfully.,1960,3001,430.2231,0,1,-0.1348,-0.5367,-0.3209,0.1628,1.3538,-1.9985,0.6636
1675,True,Optimization terminated successfully.,1748,2704,461.9905,0,1,-0.1138,-0.5512,-0.3321,0.2322,1.3574,-1.9515,0.6018
1676,True,Optimization terminated successfully.,2040,3146,429.1275,0,1,-0.0645,-0.4517,-0.4198,0.0190,1.2271,-1.6645,0.9040
1677,True,Optimization terminated successfully.,1557,2438,427.5202,0,1,-0.1176,-0.4779,-0.3323,0.1116,1.3714,-1.9504,0.7677
1678,True,Optimization terminated successfully.,1823,2843,416.8842,0,1,-0.1573,-0.6302,-0.2634,0.3660,1.4745,-2.1720,0.3681
1679,True,Optimization terminated successfully.,1813,2801,479.4752,0,1,-0.0828,-0.5357,-0.3860,0.1759,1.3167,-1.7614,0.6314
1680,True,Optimization terminated successfully.,1761,2710,411.2077,0,1,-0.0514,-0.4468,-0.4517,-0.0341,1.1561,-1.5445,0.9969
1681,True,Optimization terminated successfully.,1673,2588,423.8381,0,1,0.0114,-0.3403,-0.5392,-0.2363,1.0548,-1.2428,1.3357
1682,True,Optimization terminated successfully.,1606,2493,432.8895,0,1,0.0564,-0.2790,-0.6223,-0.3559,0.9393,-0.9936,1.4993
1683,True,Optimization terminated successfully.,1677,2604,425.9639,0,1,-0.0726,-0.4452,-0.4060,0.0473,1.2306,-1.6934,0.8900
1684,True,Optimization terminated successfully.,1965,3018,452.3438,0,1,-0.1564,-0.6655,-0.2729,0.4186,1.4383,-2.1539,0.2305
1685,True,Optimization terminated successfully.,1932,2980,469.3458,0,1,-0.0385,-0.4707,-0.4635,0.0154,1.1994,-1.5056,0.8932
1686,True,Optimization terminated successfully.,1917,2948,356.7860,0,1,-0.0795,-0.5448,-0.3927,0.2097,1.2895,-1.7524,0.6420
1687,True,Optimization terminated successfully.,1783,2773,525.8812,0,1,-0.0912,-0.5554,-0.3909,0.2125,1.2624,-1.7504,0.6010
1688,True,Optimization terminated successfully.,1920,3000,449.0186,0,1,0.0657,-0.2835,-0.6177,-0.3100,0.9804,-0.9737,1.4234
1689,True,Optimization terminated successfully.,1693,2639,296.9828,0,1,-0.3025,-0.7637,-0.0292,0.7286,1.7949,-2.9577,-0.1151
1690,True,Optimization terminated successfully.,1933,2970,448.6243,0,1,-0.0933,-0.4832,-0.3749,0.0867,1.2883,-1.8139,0.8193
1691,True,Optimization terminated successfully.,1868,2891,483.7355,0,1,-0.0926,-0.5227,-0.3700,0.1207,1.2737,-1.8055,0.7395
1692,True,Optimization terminated successfully.,1927,2981,427.0046,0,1,-0.4594,-1.2030,0.2306,1.4896,2.1689,-3.8421,-1.3735
1693,True,Optimization terminated successfully.,1803,2799,562.3383,0,1,0.0299,-0.4004,-0.5759,-0.1343,0.9791,-1.1247,1.1362
1694,True,Optimization terminated successfully.,1818,2813,440.9749,0,1,-0.1703,-0.5589,-0.2498,0.2570,1.4325,-2.2117,0.5683
1695,True,Optimization terminated successfully.,1974,3061,449.1214,0,1,0.1307,-0.1084,-0.7222,-0.5867,0.8110,-0.6336,1.8939
1696,True,Optimization terminated successfully.,1879,2914,408.1621,0,1,-0.1146,-0.6300,-0.3249,0.3491,1.3909,-1.9629,0.4174
1697,True,Optimization terminated successfully.,1580,2476,484.2153,0,1,-0.1323,-0.5938,-0.3100,0.2434,1.3741,-2.0233,0.5693
1698,True,Optimization terminated successfully.,1863,2886,523.9034,0,1,-0.0200,-0.3788,-0.4917,-0.1188,1.1351,-1.4018,1.1102
1699,True,Optimization terminated successfully.,1692,2633,319.5552,0,1,-0.0868,-0.5411,-0.3862,0.0759,1.2492,-1.7640,0.8186
1700,True,Optimization terminated successfully.,1744,2717,485.8075,0,1,-0.1339,-0.5522,-0.3176,0.1919,1.3474,-1.9907,0.6338
1701,True,Optimization terminated successfully.,1912,2965,461.5848,0,1,-0.1031,-0.4497,-0.3477,0.0766,1.3556,-1.8776,0.7846
1702,True,Optimization terminated successfully.,1932,2998,433.9553,0,1,-0.5219,-1.2216,0.3162,1.5921,2.2430,-4.1210,-1.5238
1703,True,Optimization terminated successfully.,1731,2690,383.7585,0,1,0.0670,-0.2647,-0.6371,-0.3950,0.8858,-0.9265,1.6009
1704,True,Optimization terminated successfully.,1850,2868,450.4663,0,1,-0.0993,-0.5448,-0.3553,0.1674,1.3104,-1.8579,0.7202
1705,True,Optimization terminated successfully.,1291,2051,481.7864,0,1,-0.1370,-0.6560,-0.2902,0.3801,1.4548,-2.0822,0.3420
1706,True,Optimization terminated successfully.,1816,2823,510.8226,0,1,-0.1530,-0.5963,-0.2744,0.2602,1.4292,-2.1330,0.5321
1707,True,Optimization terminated successfully.,1887,2943,399.3429,0,1,0.0118,-0.3326,-0.5297,-0.2396,1.0930,-1.2909,1.2980
1708,True,Optimization terminated successfully.,2072,3204,324.6117,0,1,0.0246,-0.2826,-0.5671,-0.3099,1.0104,-1.1668,1.4426
1709,True,Optimization terminated successfully.,1813,2841,454.9882,0,1,0.0027,-0.3785,-0.5135,-0.1360,1.1021,-1.3388,1.1911
1710,True,Optimization terminated successfully.,1893,2933,409.8264,0,1,0.1030,-0.2670,-0.6934,-0.4171,0.8329,-0.7426,1.6032
1711,True,Optimization terminated successfully.,1583,2465,475.1501,0,1,-0.1164,-0.4995,-0.3271,0.1630,1.3388,-1.9579,0.7200
1712,True,Optimization terminated successfully.,1915,2938,493.7758,0,1,-0.0605,-0.4392,-0.4235,-0.0431,1.2033,-1.6352,1.0320
1713,True,Optimization terminated successfully.,1802,2811,447.7272,0,1,-0.0973,-0.5182,-0.3708,0.1552,1.3221,-1.7944,0.7406
1714,True,Optimization terminated successfully.,1532,2402,374.8308,0,1,-0.1151,-0.6164,-0.3420,0.2984,1.3248,-1.9329,0.4828
1715,True,Optimization terminated successfully.,1679,2585,445.0873,0,1,-0.1149,-0.5525,-0.3463,0.2206,1.3635,-1.9069,0.6281
1716,True,Optimization terminated successfully.,1783,2778,437.9552,0,1,-0.1442,-0.6347,-0.2890,0.3818,1.4173,-2.1070,0.3545
1717,True,Optimization terminated successfully.,1811,2813,436.9093,0,1,-0.1658,-0.7067,-0.2545,0.4731,1.4757,-2.2131,0.2077
1718,True,Optimization terminated successfully.,2068,3194,453.7846,0,1,-0.0217,-0.4226,-0.4850,-0.0851,1.1554,-1.4350,1.0931
1719,True,Optimization terminated successfully.,1758,2711,457.4076,0,1,0.0478,-0.2551,-0.6033,-0.4463,0.9681,-1.0272,1.6152
1720,True,Optimization terminated successfully.,1702,2663,432.9866,0,1,-0.1081,-0.5261,-0.3465,0.1285,1.3347,-1.9000,0.7369
1721,True,Optimization terminated successfully.,2092,3218,436.0909,0,1,-0.1631,-0.6637,-0.2521,0.4452,1.5000,-2.2048,0.2686
1722,True,Optimization terminated successfully.,1889,2885,391.0189,0,1,-0.1644,-0.5821,-0.2602,0.3160,1.4714,-2.1982,0.4939
1723,True,Optimization terminated successfully.,1638,2573,500.5351,0,1,-0.0926,-0.4995,-0.3749,0.0783,1.2651,-1.7852,0.7897
1724,True,Optimization terminated successfully.,2152,3327,445.8481,0,1,-0.1641,-0.5890,-0.2526,0.3077,1.4463,-2.2062,0.5090
1725,True,Optimization terminated successfully.,1842,2842,434.6553,0,1,0.1410,-0.0633,-0.7481,-0.7301,0.7662,-0.5453,2.0980
1726,True,Optimization terminated successfully.,1787,2806,420.0880,0,1,-0.0047,-0.4171,-0.5164,-0.1106,1.0811,-1.3183,1.0944
1727,True,Optimization terminated successfully.,1785,2779,428.5259,0,1,0.0598,-0.2381,-0.6235,-0.3904,0.9690,-0.9581,1.5547
1728,True,Optimization terminated successfully.,1570,2446,459.9156,0,1,-0.0620,-0.5553,-0.4167,0.0892,1.2397,-1.6653,0.8129
1729,True,Optimization terminated successfully.,1563,2456,440.3569,0,1,-0.1342,-0.5506,-0.3124,0.2316,1.3761,-2.0261,0.6423
1730,True,Optimization terminated successfully.,1574,2453,395.1577,0,1,-0.0957,-0.5359,-0.3738,0.1722,1.3120,-1.8127,0.6809
1731,True,Optimization terminated successfully.,1734,2676,432.5556,0,1,-0.3166,-0.8696,-0.0078,0.8328,1.8111,-3.0390,-0.3507
1732,True,Optimization terminated successfully.,1928,2976,540.2674,0,1,-0.0761,-0.4757,-0.3986,0.0754,1.2694,-1.7336,0.8039
1733,True,Optimization terminated successfully.,2036,3188,430.8769,0,1,0.0309,-0.2918,-0.5870,-0.3432,0.9953,-1.0886,1.4910
1734,True,Optimization terminated successfully.,1955,3066,415.4823,0,1,-0.0309,-0.3838,-0.4611,-0.1212,1.1820,-1.4939,1.1346
1735,True,Optimization terminated successfully.,1828,2846,417.7377,0,1,-0.2882,-0.8880,-0.0546,0.8319,1.7485,-2.8751,-0.3919
1736,True,Optimization terminated successfully.,1968,3096,432.4192,1,0,-0.9400,-2.0481,1.0095,3.2153,3.2972,-6.4444,-4.0769
1737,True,Optimization terminated successfully.,2043,3141,447.1763,0,1,-0.1137,-0.5258,-0.3339,0.1716,1.3610,-1.9436,0.6933
1738,True,Optimization terminated successfully.,2005,3106,408.4419,0,1,-0.0987,-0.4698,-0.3691,0.0697,1.3097,-1.8255,0.8373
1739,True,Optimization terminated successfully.,1941,2995,400.3837,0,1,0.0603,-0.2555,-0.6139,-0.3823,0.9574,-0.9729,1.4899
1740,True,Optimization terminated successfully.,1746,2684,478.0704,0,1,-0.2855,-0.8683,-0.0544,0.7854,1.7397,-2.8766,-0.2643
1741,True,Optimization terminated successfully.,1728,2697,442.9912,0,1,0.0218,-0.2456,-0.5714,-0.4138,0.9838,-1.1429,1.5758
1742,True,Optimization terminated successfully.,2241,3432,477.8837,0,1,-0.1816,-0.7824,-0.2125,0.5733,1.5341,-2.3420,0.0362
1743,True,Optimization terminated successfully.,1558,2424,408.9842,0,1,0.0976,-0.2599,-0.6857,-0.4466,0.8459,-0.7599,1.5920
1744,True,Optimization terminated successfully.,1614,2492,424.6953,0,1,-0.0904,-0.4516,-0.3795,0.0290,1.2740,-1.7800,0.9264
1745,True,Optimization terminated successfully.,1869,2904,431.6702,0,1,-0.0886,-0.5105,-0.3721,0.1634,1.3068,-1.7915,0.6851
1746,True,Optimization terminated successfully.,1739,2711,428.9517,0,1,-0.1016,-0.4663,-0.3630,0.0111,1.3146,-1.8263,0.9338
1747,True,Optimization terminated successfully.,1959,3030,379.8838,0,1,-0.0550,-0.4665,-0.4326,0.0069,1.2374,-1.6063,0.8996
1748,True,Optimization terminated successfully.,2041,3145,446.1630,0,1,-0.1574,-0.5614,-0.2764,0.2501,1.4036,-2.1284,0.5640
1749,True,Optimization terminated successfully.,2125,3281,376.5999,0,1,-0.2380,-0.7246,-0.1328,0.5378,1.6273,-2.5998,0.1233
1750,True,Optimization terminated successfully.,1606,2487,411.0635,0,1,-0.0884,-0.4538,-0.3830,0.0213,1.3103,-1.7623,0.9531
1751,True,Optimization terminated successfully.,1872,2899,364.4584,0,1,-0.2053,-0.7447,-0.1901,0.5333,1.5355,-2.4190,0.0652
1752,True,Optimization terminated successfully.,1577,2455,419.9936,0,1,-0.1429,-0.6584,-0.2758,0.3503,1.4415,-2.1258,0.3920
1753,True,Optimization terminated successfully.,1559,2400,444.2725,0,1,-0.1021,-0.6239,-0.3465,0.3289,1.3539,-1.8841,0.4017
1754,True,Optimization terminated successfully.,1713,2640,384.8749,0,1,-0.0067,-0.3759,-0.5211,-0.1787,1.0856,-1.3154,1.2119
1755,True,Optimization terminated successfully.,2205,3390,423.8248,0,1,-0.1282,-0.6355,-0.3198,0.2842,1.3846,-1.9894,0.4947
1756,True,Optimization terminated successfully.,1960,3020,461.2567,0,1,-0.1685,-0.5959,-0.2612,0.3501,1.4173,-2.1729,0.4479
1757,True,Optimization terminated successfully.,1818,2840,397.4668,0,1,-0.0653,-0.4537,-0.4227,0.0228,1.2376,-1.6198,0.9234
1758,True,Optimization terminated successfully.,1640,2562,396.0998,0,1,-0.1357,-0.6131,-0.3012,0.3558,1.4242,-2.0304,0.4207
1759,True,Optimization terminated successfully.,1868,2883,425.5715,0,1,-0.2587,-0.7932,-0.0992,0.7128,1.6907,-2.7220,-0.1728
1760,True,Optimization terminated successfully.,1792,2782,414.8061,0,1,-0.2643,-0.7564,-0.0978,0.6658,1.6864,-2.7300,-0.1413
1761,True,Optimization terminated successfully.,1847,2862,404.7941,0,1,-0.0109,-0.3391,-0.5080,-0.1978,1.1139,-1.3444,1.3053
1762,True,Optimization terminated successfully.,1869,2921,393.1792,0,1,0.0939,-0.1871,-0.6724,-0.4656,0.9011,-0.8019,1.6090
1763,True,Optimization terminated successfully.,1754,2717,495.9507,0,1,0.0871,-0.2284,-0.6675,-0.4669,0.8678,-0.8423,1.6512
1764,True,Optimization terminated successfully.,2605,4012,6.9186,1,0,-59.4802,-104.9085,96.5215,209.9330,139.4517,-327.4570,-326.3516
1765,True,Optimization terminated successfully.,1865,2897,401.9494,0,1,-0.0726,-0.3917,-0.4071,-0.0577,1.2370,-1.6761,1.0396
1766,True,Optimization terminated successfully.,1909,2987,422.2006,0,1,-0.2128,-0.7206,-0.1870,0.5147,1.5157,-2.4353,0.1065
1767,True,Optimization terminated successfully.,1862,2910,509.3704,0,1,-0.0634,-0.5074,-0.4341,0.0749,1.1782,-1.5990,0.7653
1768,True,Optimization terminated successfully.,1697,2656,489.6458,0,1,-0.1038,-0.6206,-0.3507,0.2844,1.3211,-1.8850,0.4991
1769,True,Optimization terminated successfully.,1237,1977,403.5376,0,1,-0.0629,-0.4122,-0.4229,-0.0217,1.1850,-1.6311,0.9967
1770,True,Optimization terminated successfully.,1764,2778,418.7696,0,1,0.3203,0.2414,-1.0429,-1.3342,0.3547,0.4565,3.0365
1771,True,Optimization terminated successfully.,1983,3072,525.3582,0,1,-0.0895,-0.4546,-0.3789,0.0580,1.2683,-1.7996,0.8159
1772,True,Optimization terminated successfully.,1843,2856,363.4176,0,1,-0.1541,-0.5951,-0.2850,0.3146,1.3964,-2.1276,0.4278
1773,True,Optimization terminated successfully.,1695,2636,451.0589,0,1,-0.1060,-0.5277,-0.3602,0.1243,1.2757,-1.8549,0.7488
1774,True,Optimization terminated successfully.,1535,2383,452.3686,0,1,-0.0785,-0.5151,-0.3904,0.1409,1.2947,-1.7446,0.7516
1775,True,Optimization terminated successfully.,1750,2698,473.1249,0,1,-0.1145,-0.5194,-0.3375,0.1658,1.3660,-1.9240,0.6974
1776,True,Optimization terminated successfully.,2074,3207,442.3823,0,1,0.0277,-0.2543,-0.5797,-0.3421,0.9742,-1.1080,1.4872
1777,True,Optimization terminated successfully.,1543,2420,318.7541,0,1,-0.0822,-0.6300,-0.3875,0.2767,1.2779,-1.7504,0.5342
1778,True,Optimization terminated successfully.,1680,2630,477.1958,0,1,-0.1199,-0.4990,-0.3338,0.1233,1.3416,-1.9308,0.7395
1779,True,Optimization terminated successfully.,1837,2842,395.8697,0,1,-0.0584,-0.5603,-0.4225,0.1845,1.2601,-1.6458,0.6228
1780,True,Optimization terminated successfully.,2999,4580,0.8255,1,0,-62.0231,-109.3484,100.6763,218.8401,145.4071,-341.4081,-340.2413
1781,True,Optimization terminated successfully.,1602,2520,316.7134,0,1,-0.1070,-0.5559,-0.3522,0.2247,1.3392,-1.8749,0.5757
1782,True,Optimization terminated successfully.,1530,2396,391.4696,0,1,-0.1113,-0.5286,-0.3517,0.1011,1.3449,-1.8903,0.7810
1783,True,Optimization terminated successfully.,1955,3016,432.1856,0,1,-0.1373,-0.6439,-0.3124,0.3298,1.3689,-2.0304,0.3974
1784,True,Optimization terminated successfully.,1772,2751,460.3643,0,1,-0.0895,-0.4498,-0.3696,0.0493,1.3029,-1.8179,0.8735
1785,True,Optimization terminated successfully.,1820,2844,384.7834,0,1,-0.1140,-0.5710,-0.3326,0.2113,1.3585,-1.9315,0.6213
1786,True,Optimization terminated successfully.,1940,2998,503.0262,0,1,0.1142,-0.1328,-0.7130,-0.6352,0.8385,-0.6498,1.9310
1787,True,Optimization terminated successfully.,1805,2791,489.6949,0,1,0.0098,-0.3195,-0.5364,-0.2925,1.0581,-1.2551,1.4015
1788,True,Optimization terminated successfully.,1610,2533,400.6016,0,1,-0.0504,-0.5077,-0.4365,0.0714,1.1923,-1.5885,0.8490
1789,True,Optimization terminated successfully.,1722,2683,421.7315,0,1,0.1026,-0.1509,-0.6865,-0.5817,0.8760,-0.7590,1.8609
1790,True,Optimization terminated successfully.,1767,2746,409.8987,0,1,0.0838,-0.1756,-0.6641,-0.5271,0.8784,-0.8263,1.7368
1791,True,Optimization terminated successfully.,1669,2600,440.5244,0,1,0.3227,0.3305,-1.0665,-1.5186,0.2946,0.5187,3.3391
1792,True,Optimization terminated successfully.,1928,2998,492.0491,0,1,-0.0401,-0.4960,-0.4542,0.0667,1.2093,-1.5099,0.8223
1793,True,Optimization terminated successfully.,1918,2974,382.6656,0,1,-0.2559,-0.8224,-0.1094,0.7777,1.6662,-2.7014,-0.2488
1794,True,Optimization terminated successfully.,1699,2620,400.5609,0,1,-0.0518,-0.4487,-0.4506,-0.0137,1.1695,-1.5556,0.9608
1795,True,Optimization terminated successfully.,1604,2511,411.0220,0,1,-0.0265,-0.4633,-0.4673,-0.0074,1.2034,-1.4787,0.9662
1796,True,Optimization terminated successfully.,1680,2601,472.9251,0,1,-0.1687,-0.5740,-0.2518,0.2480,1.4579,-2.2129,0.5347
1797,True,Optimization terminated successfully.,1846,2874,453.1423,0,1,-0.5971,-1.3651,0.4410,1.8782,2.4545,-4.5337,-2.0064
1798,True,Optimization terminated successfully.,1555,2369,533.3471,0,1,-0.0056,-0.3392,-0.5194,-0.2011,1.0889,-1.3090,1.2922
1799,True,Optimization terminated successfully.,1868,2856,416.7161,0,1,-0.1463,-0.5581,-0.3005,0.2324,1.4037,-2.0547,0.5779
1800,True,Optimization terminated successfully.,2697,4131,0.1888,1,0,-64.2662,-113.2233,104.3297,226.6767,150.6046,-353.7019,-352.4501
1801,True,Optimization terminated successfully.,1862,2881,426.7067,0,1,-0.0672,-0.5434,-0.4074,0.1649,1.3019,-1.6858,0.6439
1802,True,Optimization terminated successfully.,1633,2529,394.2905,0,1,-0.1221,-0.6272,-0.3207,0.3053,1.3571,-1.9715,0.4412
1803,True,Optimization terminated successfully.,1770,2728,409.1396,0,1,-0.1597,-0.5833,-0.2537,0.2911,1.4746,-2.1983,0.4391
1804,True,Optimization terminated successfully.,1911,2961,412.3794,0,1,-0.1385,-0.6520,-0.3013,0.3451,1.3857,-2.0312,0.3805
1805,True,Optimization terminated successfully.,1793,2775,479.9939,0,1,-0.1103,-0.5375,-0.3539,0.1894,1.3416,-1.8768,0.6658
1806,True,Optimization terminated successfully.,1753,2707,498.0703,0,1,-0.1757,-0.6836,-0.2446,0.4933,1.4740,-2.2434,0.2022
1807,True,Optimization terminated successfully.,1677,2614,486.4056,0,1,-0.1569,-0.6607,-0.2472,0.4655,1.4907,-2.2177,0.1982
1808,True,Optimization terminated successfully.,1958,3032,458.1128,0,1,-0.0620,-0.4542,-0.4224,0.0355,1.2253,-1.6266,0.9153
1809,True,Optimization terminated successfully.,1873,2913,413.6436,0,1,-0.2873,-0.8609,-0.0500,0.8135,1.7676,-2.8720,-0.3001
1810,True,Optimization terminated successfully.,1811,2802,441.1225,0,1,0.0327,-0.3098,-0.5858,-0.3150,0.9958,-1.0901,1.3995
1811,True,Optimization terminated successfully.,1736,2684,440.4768,0,1,-0.1452,-0.6165,-0.2870,0.2849,1.4176,-2.0942,0.5120
1812,True,Optimization terminated successfully.,1731,2702,447.7121,0,1,0.2078,-0.0373,-0.8598,-0.8196,0.6207,-0.1683,2.2153
1813,True,Optimization terminated successfully.,1678,2621,448.0012,0,1,-0.0216,-0.3683,-0.4916,-0.1415,1.1112,-1.4115,1.1809
1814,True,Optimization terminated successfully.,1832,2859,453.9541,0,1,-0.2068,-0.7294,-0.1794,0.5856,1.5815,-2.4402,0.0264
1815,True,Optimization terminated successfully.,1888,2903,426.7541,0,1,-0.2202,-0.6259,-0.1694,0.3804,1.5728,-2.4985,0.3835
1816,True,Optimization terminated successfully.,1637,2555,502.4733,0,1,-0.0474,-0.5070,-0.4403,0.0654,1.1936,-1.5721,0.8265
1817,True,Optimization terminated successfully.,1827,2842,428.8056,0,1,-0.1245,-0.5625,-0.3186,0.2282,1.3623,-1.9913,0.6192
1818,True,Optimization terminated successfully.,2116,3290,514.6929,0,1,-0.0726,-0.4569,-0.4062,0.0008,1.2266,-1.6904,0.9927
1819,True,Optimization terminated successfully.,1715,2657,428.5191,0,1,-0.0355,-0.4276,-0.4626,-0.0486,1.1900,-1.4907,1.0048
1820,True,Optimization terminated successfully.,1630,2529,431.9087,0,1,-0.0315,-0.4053,-0.4811,-0.0773,1.1468,-1.4500,1.0759
1821,True,Optimization terminated successfully.,1185,1887,478.8781,0,1,-0.0221,-0.4345,-0.4841,-0.0560,1.1684,-1.4273,1.0380
1822,True,Optimization terminated successfully.,1964,3044,398.6280,0,1,-0.0348,-0.4735,-0.4647,0.0231,1.1823,-1.4798,0.9558
1823,True,Optimization terminated successfully.,1747,2695,472.0687,0,1,0.1017,-0.0913,-0.6940,-0.6666,0.8356,-0.7221,2.0142
1824,True,Optimization terminated successfully.,1812,2800,467.5994,0,1,-0.0822,-0.4307,-0.3979,0.0415,1.2348,-1.7146,0.8916
1825,True,Optimization terminated successfully.,1833,2839,501.4411,0,1,-0.1554,-0.6685,-0.2613,0.4205,1.4587,-2.1654,0.2592
1826,True,Optimization terminated successfully.,1827,2825,459.0103,0,1,0.1005,-0.1365,-0.7045,-0.6519,0.7852,-0.7053,1.9326
1827,True,Optimization terminated successfully.,2007,3087,400.9237,0,1,-0.0892,-0.4472,-0.3724,-0.0044,1.2717,-1.7980,0.9429
1828,True,Optimization terminated successfully.,1630,2516,517.1130,0,1,-0.0112,-0.3558,-0.4951,-0.1450,1.1298,-1.3875,1.2191
1829,True,Optimization terminated successfully.,2037,3183,417.3605,0,1,-0.2361,-0.7312,-0.1346,0.5896,1.6479,-2.6173,0.0620
1830,True,Optimization terminated successfully.,1575,2462,462.9157,0,1,-0.0716,-0.3695,-0.4066,-0.1452,1.2322,-1.6843,1.1760
1831,True,Optimization terminated successfully.,1972,3049,394.3771,0,1,-0.0333,-0.4744,-0.4686,0.0129,1.1827,-1.4891,0.9599
1832,True,Optimization terminated successfully.,1885,2920,436.6140,0,1,0.0926,-0.2702,-0.6626,-0.3972,0.8922,-0.8284,1.5508
1833,True,Optimization terminated successfully.,1880,2891,434.2475,0,1,-0.0402,-0.4529,-0.4533,-0.0188,1.1850,-1.5286,0.9743
1834,True,Optimization terminated successfully.,2133,3270,446.3867,0,1,-0.2372,-0.7462,-0.1352,0.6135,1.6166,-2.6109,-0.0472
1835,True,Optimization terminated successfully.,1870,2905,434.8439,0,1,0.0137,-0.2903,-0.5615,-0.3035,0.9917,-1.1728,1.3978
1836,True,Optimization terminated successfully.,1996,3077,431.2841,0,1,-0.1435,-0.5783,-0.2965,0.2656,1.4178,-2.0701,0.5414
1837,True,Optimization terminated successfully.,1792,2805,458.1586,0,1,-0.0585,-0.5491,-0.4110,0.1352,1.2874,-1.6644,0.7485
1838,True,Optimization terminated successfully.,1927,2966,490.1308,0,1,-0.0308,-0.5880,-0.4797,0.1380,1.1388,-1.4562,0.7026
1839,True,Optimization terminated successfully.,1727,2711,474.3219,0,1,-0.1584,-0.6061,-0.2681,0.3336,1.4283,-2.1650,0.4421
1840,True,Optimization terminated successfully.,2311,3539,394.3692,0,1,-0.6263,-1.5164,0.5090,2.1378,2.5617,-4.7706,-2.4042
1841,True,Optimization terminated successfully.,1640,2589,515.5544,0,1,0.0068,-0.4191,-0.5282,-0.1269,1.0756,-1.2977,1.1046
1842,True,Optimization terminated successfully.,1695,2618,428.9291,0,1,-0.1083,-0.5010,-0.3517,0.0818,1.2997,-1.8784,0.8256
1843,True,Optimization terminated successfully.,1746,2700,427.9860,0,1,-0.0239,-0.4609,-0.4793,-0.0343,1.1726,-1.4400,0.9840
1844,True,Optimization terminated successfully.,1881,2903,413.0963,0,1,-0.1312,-0.5650,-0.3009,0.2722,1.4039,-2.0387,0.5417
1845,True,Optimization terminated successfully.,1683,2615,488.2515,0,1,-0.1085,-0.5316,-0.3468,0.1561,1.3378,-1.8861,0.7078
1846,True,Optimization terminated successfully.,2203,3371,416.0191,0,1,-0.0802,-0.4777,-0.3919,0.0904,1.2707,-1.7250,0.8000
1847,True,Optimization terminated successfully.,1856,2888,457.8997,0,1,-0.0609,-0.4353,-0.4359,-0.0472,1.1808,-1.6004,1.0084
1848,True,Optimization terminated successfully.,1505,2375,409.9854,0,1,-0.0882,-0.4467,-0.3772,0.0278,1.3015,-1.7820,0.8967
1849,True,Optimization terminated successfully.,2097,3240,438.7479,0,1,-0.0484,-0.4643,-0.4484,0.0249,1.1873,-1.5530,0.8674
1850,True,Optimization terminated successfully.,1980,3074,491.8044,0,1,-0.0834,-0.5569,-0.4041,0.1861,1.2404,-1.7097,0.6385
1851,True,Optimization terminated successfully.,1799,2764,371.3201,0,1,0.3416,0.2705,-1.0726,-1.3876,0.3148,0.5576,3.1105
1852,True,Optimization terminated successfully.,1824,2810,472.2285,0,1,-0.0912,-0.4972,-0.3802,0.0829,1.2596,-1.7769,0.8169
1853,True,Optimization terminated successfully.,1561,2420,523.2468,0,1,-0.0654,-0.4591,-0.4225,0.0543,1.2396,-1.6282,0.8874
1854,True,Optimization terminated successfully.,1721,2675,407.4143,0,1,-0.0946,-0.4173,-0.3746,-0.0165,1.2662,-1.7986,0.9410
1855,True,Optimization terminated successfully.,1979,3068,385.9190,0,1,-0.0226,-0.4132,-0.4832,-0.1056,1.1338,-1.4143,1.1242
1856,True,Optimization terminated successfully.,1892,2888,460.9014,0,1,-0.0963,-0.6066,-0.3612,0.2694,1.2870,-1.8421,0.4965
1857,True,Optimization terminated successfully.,1729,2704,385.2644,0,1,0.0432,-0.3526,-0.5704,-0.2137,1.0233,-1.1252,1.2667
1858,True,Optimization terminated successfully.,1714,2665,490.4750,0,1,-0.0975,-0.5573,-0.3584,0.2235,1.3259,-1.8420,0.5769
1859,True,Optimization terminated successfully.,1697,2626,453.7355,0,1,-0.4222,-1.0856,0.1528,1.2868,2.0366,-3.5812,-1.0762
1860,True,Optimization terminated successfully.,1606,2509,469.4325,0,1,0.2224,0.0424,-0.8836,-0.9671,0.5471,-0.0935,2.4196
1861,True,Optimization terminated successfully.,1815,2830,428.7871,0,1,-0.0333,-0.4779,-0.4723,0.0811,1.1778,-1.4766,0.8572
1862,True,Optimization terminated successfully.,1753,2695,396.7551,0,1,-0.0871,-0.4436,-0.3878,0.0279,1.2734,-1.7558,0.9290
1863,True,Optimization terminated successfully.,1973,3051,438.3371,0,1,-0.1107,-0.6296,-0.3229,0.3169,1.3977,-1.9488,0.4566
1864,True,Optimization terminated successfully.,1915,2978,435.4813,0,1,-0.1552,-0.6513,-0.2744,0.3405,1.4205,-2.1528,0.4079
1865,True,Optimization terminated successfully.,2196,3384,423.6736,0,1,-0.0393,-0.3920,-0.4614,-0.1184,1.1256,-1.5040,1.0890
1866,True,Optimization terminated successfully.,1875,2915,401.3752,0,1,-0.0667,-0.4813,-0.4142,0.0431,1.2293,-1.6833,0.8627
1867,True,Optimization terminated successfully.,1488,2336,389.2099,0,1,-0.0552,-0.4206,-0.4296,0.0138,1.2203,-1.6205,0.9323
1868,True,Optimization terminated successfully.,1709,2627,403.8173,0,1,-0.0629,-0.5747,-0.4124,0.1631,1.2571,-1.6631,0.6618
1869,True,Optimization terminated successfully.,1953,3021,397.4305,0,1,-0.0739,-0.4968,-0.3993,0.1207,1.2604,-1.7236,0.7560
1870,True,Optimization terminated successfully.,2105,3234,414.6310,0,1,0.0528,-0.2650,-0.6216,-0.3879,0.9344,-0.9614,1.5566
1871,True,Optimization terminated successfully.,1660,2613,474.1740,0,1,-0.1855,-0.6488,-0.2282,0.4578,1.5065,-2.2795,0.2160
1872,True,Optimization terminated successfully.,1645,2571,452.6852,0,1,-0.0632,-0.4506,-0.4201,-0.0397,1.2119,-1.6502,0.9534
1873,True,Optimization terminated successfully.,1557,2440,434.4415,0,1,-0.0085,-0.2927,-0.5158,-0.2974,1.0793,-1.3243,1.3988
1874,True,Optimization terminated successfully.,1845,2843,458.1544,0,1,-0.1095,-0.5136,-0.3552,0.0967,1.3059,-1.8576,0.8201
1875,True,Optimization terminated successfully.,1857,2917,463.0144,0,1,0.5246,0.5728,-1.3780,-2.0195,-0.1443,1.5934,4.0671
1876,True,Optimization terminated successfully.,1803,2788,343.8480,0,1,-0.1640,-0.5496,-0.2550,0.2666,1.4579,-2.1906,0.5301
1877,True,Optimization terminated successfully.,1854,2882,441.1440,0,1,-0.1135,-0.5734,-0.3509,0.2205,1.3239,-1.8867,0.5913
1878,True,Optimization terminated successfully.,1789,2810,378.1658,0,1,-0.0639,-0.4823,-0.4085,0.0544,1.2840,-1.6778,0.8577
1879,True,Optimization terminated successfully.,1782,2755,473.7561,0,1,0.1782,-0.0415,-0.7935,-0.8126,0.7175,-0.3858,2.1448
1880,True,Optimization terminated successfully.,1756,2743,430.4655,0,1,-0.1340,-0.5882,-0.3137,0.3017,1.4111,-2.0056,0.4712
1881,True,Optimization terminated successfully.,1669,2594,414.8581,0,1,-0.0380,-0.4342,-0.4735,0.0057,1.1304,-1.4670,1.0104
1882,True,Optimization terminated successfully.,1882,2919,417.3860,0,1,-0.0736,-0.4943,-0.4103,0.0773,1.2419,-1.6663,0.8045
1883,True,Optimization terminated successfully.,1847,2863,369.6216,1,0,-0.8882,-1.9841,0.9254,3.0250,3.1511,-6.1664,-3.7852
1884,True,Optimization terminated successfully.,1549,2421,432.5523,0,1,-0.0879,-0.4685,-0.3768,0.0953,1.2875,-1.7868,0.7820
1885,True,Optimization terminated successfully.,1658,2579,410.7657,0,1,-0.0592,-0.4639,-0.4252,0.0147,1.2232,-1.6287,0.9435
1886,True,Optimization terminated successfully.,1671,2592,419.2244,0,1,-0.2624,-0.7254,-0.0993,0.5513,1.6765,-2.7292,0.1050
1887,True,Optimization terminated successfully.,1874,2872,387.1433,0,1,-0.0864,-0.4366,-0.3970,-0.0267,1.2167,-1.7270,1.0088
1888,True,Optimization terminated successfully.,1968,3063,433.7506,0,1,-0.0369,-0.4192,-0.4613,-0.0141,1.2027,-1.5171,0.9448
1889,True,Optimization terminated successfully.,1805,2806,466.6225,0,1,-0.4330,-1.1126,0.1799,1.2804,2.0600,-3.6763,-1.0807
1890,True,Optimization terminated successfully.,1668,2580,469.8762,0,1,-0.2454,-0.7242,-0.1212,0.6208,1.6575,-2.6427,0.0147
1891,True,Optimization terminated successfully.,1616,2494,453.0159,0,1,0.1094,-0.2290,-0.6938,-0.5129,0.8393,-0.7231,1.7192
1892,True,Optimization terminated successfully.,1995,3107,423.1488,0,1,-0.1920,-0.6610,-0.2191,0.4204,1.5468,-2.3320,0.2780
1893,True,Optimization terminated successfully.,1607,2510,521.1361,0,1,0.2076,0.0201,-0.8549,-0.9302,0.6291,-0.1791,2.4273
1894,True,Optimization terminated successfully.,1729,2668,452.7422,0,1,-0.0840,-0.5966,-0.3782,0.2789,1.3184,-1.7925,0.4897
1895,True,Optimization terminated successfully.,1571,2462,393.5567,0,1,-0.0217,-0.3733,-0.4837,-0.1103,1.1481,-1.4350,1.1423
1896,True,Optimization terminated successfully.,1606,2501,543.4642,0,1,0.2179,-0.0253,-0.8768,-0.9110,0.6038,-0.1057,2.3273
1897,True,Optimization terminated successfully.,1651,2580,468.8631,0,1,-0.0350,-0.3584,-0.4776,-0.1371,1.1472,-1.4574,1.1454
1898,True,Optimization terminated successfully.,1638,2568,447.6345,0,1,0.0427,-0.2808,-0.5884,-0.3089,1.0016,-1.0655,1.4388
1899,True,Optimization terminated successfully.,1763,2738,372.7180,0,1,-0.2999,-0.9586,-0.0291,0.9383,1.8029,-2.9810,-0.5563
1900,True,Optimization terminated successfully.,2088,3201,524.6283,0,1,-0.0913,-0.4842,-0.3741,0.0567,1.3292,-1.8068,0.8429
1901,True,Optimization terminated successfully.,1602,2487,446.7949,0,1,0.0646,-0.2026,-0.6371,-0.4676,0.9142,-0.9244,1.6648
1902,True,Optimization terminated successfully.,1862,2871,485.4796,0,1,-0.0197,-0.4709,-0.4763,-0.0512,1.1679,-1.4517,1.0498
1903,True,Optimization terminated successfully.,2016,3129,371.4264,0,1,0.0293,-0.2410,-0.5648,-0.3296,1.0270,-1.1368,1.4851
1904,True,Optimization terminated successfully.,1748,2722,395.1105,0,1,-0.0323,-0.3336,-0.4861,-0.1859,1.1452,-1.4447,1.2680
1905,True,Optimization terminated successfully.,1722,2671,467.4803,0,1,0.0176,-0.4461,-0.5489,-0.0802,1.0491,-1.2174,1.0880
1906,True,Optimization terminated successfully.,1682,2651,444.3745,0,1,0.1479,-0.0922,-0.7694,-0.7092,0.7367,-0.4782,2.0287
1907,True,Optimization terminated successfully.,1854,2852,459.4267,0,1,-0.3614,-1.0186,0.0705,1.1278,1.9254,-3.2931,-0.8212
1908,True,Optimization terminated successfully.,1669,2601,457.8238,0,1,-0.0593,-0.4100,-0.4275,-0.0236,1.2218,-1.6171,0.9850
1909,True,Optimization terminated successfully.,1717,2667,435.1137,0,1,-0.0303,-0.3928,-0.4814,-0.1311,1.1249,-1.4495,1.1489
1910,True,Optimization terminated successfully.,1829,2854,397.5573,0,1,-0.0766,-0.4864,-0.4044,0.0567,1.2271,-1.6922,0.8980
1911,True,Optimization terminated successfully.,1870,2916,442.7513,0,1,-0.1342,-0.5548,-0.3068,0.2381,1.3749,-2.0232,0.5744
1912,True,Optimization terminated successfully.,1747,2714,555.3896,0,1,-0.0597,-0.5073,-0.4202,0.0674,1.2270,-1.6461,0.8060
1913,True,Optimization terminated successfully.,2137,3287,466.4990,0,1,0.0304,-0.2531,-0.5610,-0.3514,1.0322,-1.1590,1.5027
1914,True,Optimization terminated successfully.,1884,2915,428.8310,0,1,-0.1264,-0.5889,-0.3213,0.2667,1.3578,-1.9646,0.5169
1915,True,Optimization terminated successfully.,1935,3050,366.9284,0,1,-0.1516,-0.5318,-0.2940,0.2021,1.3873,-2.0870,0.6373
1916,True,Optimization terminated successfully.,1979,3076,439.6451,0,1,-0.1839,-0.7412,-0.2235,0.5075,1.5057,-2.2867,0.0921
1917,True,Optimization terminated successfully.,1852,2862,408.7155,0,1,-0.0548,-0.5538,-0.4122,0.1879,1.2871,-1.6683,0.6690
1918,True,Optimization terminated successfully.,1867,2887,485.0913,0,1,-0.1249,-0.5418,-0.3179,0.1817,1.4005,-1.9911,0.7125
1919,True,Optimization terminated successfully.,1563,2421,438.5916,0,1,-0.0075,-0.4063,-0.5234,-0.0893,1.0837,-1.2968,1.0954
1920,True,Optimization terminated successfully.,1821,2855,348.9374,0,1,0.1142,-0.1800,-0.7116,-0.5591,0.8297,-0.6532,1.8113
1921,True,Optimization terminated successfully.,1808,2794,414.4470,0,1,-0.2149,-0.6940,-0.1672,0.5124,1.6028,-2.5033,0.1333
1922,True,Optimization terminated successfully.,1830,2814,404.8733,0,1,-0.0176,-0.4431,-0.4808,0.0317,1.1669,-1.4189,0.9092
1923,True,Optimization terminated successfully.,1960,3006,456.7877,0,1,-0.1483,-0.6286,-0.2840,0.3517,1.3977,-2.1131,0.4020
1924,True,Optimization terminated successfully.,1534,2377,390.8275,0,1,-0.0658,-0.3888,-0.4155,0.0035,1.2352,-1.6655,0.9683
1925,True,Optimization terminated successfully.,1582,2467,449.5071,0,1,0.1855,-0.0692,-0.8199,-0.7392,0.6669,-0.2995,2.0891
1926,True,Optimization terminated successfully.,1720,2664,406.2841,0,1,-0.1509,-0.5667,-0.2883,0.2470,1.3983,-2.0920,0.5574
1927,True,Optimization terminated successfully.,1834,2823,414.4729,0,1,-0.3505,-1.0063,0.0415,1.0922,1.8769,-3.2010,-0.7326
1928,True,Optimization terminated successfully.,2018,3123,451.5462,0,1,-0.1952,-0.6694,-0.1989,0.4483,1.5288,-2.3869,0.2789
1929,True,Optimization terminated successfully.,1818,2852,502.3401,0,1,-0.0598,-0.4945,-0.4364,0.0630,1.2007,-1.5933,0.8657
1930,True,Optimization terminated successfully.,1848,2829,504.8126,0,1,0.0049,-0.3952,-0.5378,-0.1249,1.1070,-1.2481,1.1340
1931,True,Optimization terminated successfully.,1910,2955,436.2985,0,1,-0.1355,-0.6076,-0.3129,0.2840,1.3635,-2.0171,0.4748
1932,True,Optimization terminated successfully.,1945,3003,390.2876,0,1,-0.0255,-0.3694,-0.4740,-0.0832,1.1530,-1.4700,1.0646
1933,True,Optimization terminated successfully.,1819,2839,452.4597,0,1,-0.0888,-0.6033,-0.3889,0.2067,1.2766,-1.7558,0.6534
1934,True,Optimization terminated successfully.,1842,2869,506.9792,0,1,-0.2717,-0.8121,-0.0872,0.7657,1.6980,-2.7610,-0.2470
1935,True,Optimization terminated successfully.,1830,2882,426.1939,0,1,-0.0975,-0.5569,-0.3559,0.1688,1.2961,-1.8460,0.6348
1936,True,Optimization terminated successfully.,1853,2859,454.8245,0,1,-0.1513,-0.5971,-0.2805,0.3181,1.4396,-2.1040,0.4533
1937,True,Optimization terminated successfully.,1923,2951,435.3630,0,1,0.0646,-0.2390,-0.6203,-0.4137,0.9422,-0.9653,1.5773
1938,True,Optimization terminated successfully.,1756,2734,465.6654,0,1,0.1032,-0.2018,-0.6979,-0.4862,0.8583,-0.7118,1.7372
1939,True,Optimization terminated successfully.,1701,2640,449.3724,0,1,-0.3260,-0.8951,0.0159,0.9287,1.8706,-3.0946,-0.4920
1940,True,Optimization terminated successfully.,1603,2491,477.5157,0,1,0.0256,-0.3312,-0.5604,-0.2522,1.0264,-1.1739,1.3118
1941,True,Optimization terminated successfully.,1898,2908,443.2991,0,1,-0.1416,-0.6432,-0.2881,0.3703,1.4404,-2.0848,0.3441
1942,True,Optimization terminated successfully.,1638,2568,459.7425,0,1,-0.2040,-0.6954,-0.1964,0.5140,1.5524,-2.3897,0.1502
1943,True,Optimization terminated successfully.,1980,3062,480.5187,0,1,-0.1586,-0.5121,-0.2643,0.1827,1.4397,-2.1614,0.6647
1944,True,Optimization terminated successfully.,1899,2920,462.8179,0,1,-0.1777,-0.6555,-0.2347,0.3938,1.4762,-2.2807,0.3632
1945,True,Optimization terminated successfully.,1808,2785,472.1891,0,1,-0.0566,-0.4573,-0.4312,0.0103,1.2189,-1.5947,0.9190
1946,True,Optimization terminated successfully.,1789,2754,456.2350,0,1,-0.2072,-0.6973,-0.1831,0.5217,1.5928,-2.4424,0.1802
1947,True,Optimization terminated successfully.,2098,3251,428.4385,0,1,-0.0323,-0.3977,-0.4807,-0.1227,1.1343,-1.4578,1.1672
1948,True,Optimization terminated successfully.,1315,2070,439.6559,0,1,-0.0038,-0.3896,-0.5304,-0.1360,1.0668,-1.2896,1.1754
1949,True,Optimization terminated successfully.,1799,2791,452.9201,0,1,-0.0623,-0.5523,-0.4202,0.1711,1.2347,-1.6338,0.6997
1950,True,Optimization terminated successfully.,1968,3006,422.5201,0,1,-0.0809,-0.4738,-0.3952,0.0076,1.2359,-1.7305,0.9245
1951,True,Optimization terminated successfully.,2120,3281,556.3649,0,1,-0.1612,-0.5592,-0.2713,0.2401,1.4208,-2.1538,0.5809
1952,True,Optimization terminated successfully.,1978,3056,457.3708,0,1,0.1283,-0.0911,-0.7425,-0.7342,0.7435,-0.5539,2.0802
1953,True,Optimization terminated successfully.,2096,3237,480.1052,0,1,0.1015,-0.2547,-0.6714,-0.4181,0.9056,-0.8032,1.5928
1954,True,Optimization terminated successfully.,1812,2805,437.6929,0,1,0.1377,-0.1654,-0.7511,-0.5803,0.7375,-0.5178,1.8117
1955,True,Optimization terminated successfully.,1623,2544,398.2919,0,1,-0.2522,-0.7743,-0.1070,0.6888,1.7036,-2.6893,-0.0855
1956,True,Optimization terminated successfully.,1871,2904,465.3324,0,1,-0.0409,-0.4158,-0.4531,-0.0571,1.2178,-1.5429,1.0635
1957,True,Optimization terminated successfully.,1681,2615,459.0197,0,1,-0.1492,-0.6286,-0.2829,0.3105,1.4162,-2.0994,0.4443
1958,True,Optimization terminated successfully.,1890,2952,401.4226,0,1,-0.0818,-0.4933,-0.3878,0.0750,1.2593,-1.7351,0.8098
1959,True,Optimization terminated successfully.,2055,3222,418.1576,0,1,-0.1524,-0.6751,-0.2838,0.3836,1.4557,-2.1107,0.3196
1960,True,Optimization terminated successfully.,1579,2479,393.7946,0,1,-0.2522,-0.8534,-0.1154,0.8239,1.6872,-2.6627,-0.2932
1961,True,Optimization terminated successfully.,1729,2698,483.1936,0,1,-0.1358,-0.6814,-0.2963,0.3956,1.4424,-2.0527,0.3160
1962,True,Optimization terminated successfully.,2014,3128,459.2195,0,1,-0.2776,-0.7952,-0.0661,0.7378,1.7438,-2.8351,-0.1824
1963,True,Optimization terminated successfully.,1987,3068,480.9218,0,1,-0.1126,-0.5328,-0.3403,0.1655,1.3562,-1.9204,0.6849
1964,True,Optimization terminated successfully.,1701,2656,429.6066,0,1,-0.1011,-0.5605,-0.3581,0.2067,1.3340,-1.8712,0.6359
1965,True,Optimization terminated successfully.,1702,2647,357.8566,0,1,-0.0653,-0.4629,-0.4191,0.0606,1.2398,-1.6402,0.8320
1966,True,Optimization terminated successfully.,2058,3157,416.4473,0,1,0.0800,-0.1940,-0.6513,-0.4950,0.9148,-0.8580,1.6947
1967,True,Optimization terminated successfully.,2020,3125,491.7339,0,1,-0.0252,-0.4433,-0.4799,-0.0786,1.1376,-1.4540,1.0528
1968,True,Optimization terminated successfully.,1849,2877,392.9558,0,1,-0.1075,-0.4604,-0.3518,0.0430,1.3207,-1.8903,0.9082
1969,True,Optimization terminated successfully.,1745,2706,455.6545,0,1,-0.0675,-0.5516,-0.4145,0.1533,1.2217,-1.6738,0.7122
1970,True,Optimization terminated successfully.,1590,2506,369.8575,0,1,-0.0278,-0.4096,-0.4833,-0.1035,1.1569,-1.4350,1.0985
1971,True,Optimization terminated successfully.,1805,2777,474.2644,0,1,0.0033,-0.4199,-0.5289,-0.1132,1.0876,-1.2733,1.1042
1972,True,Optimization terminated successfully.,1983,3042,471.8139,0,1,-0.1360,-0.5596,-0.3062,0.2201,1.3766,-2.0232,0.5924
1973,True,Optimization terminated successfully.,1793,2761,453.0322,0,1,-0.0080,-0.3652,-0.5086,-0.1253,1.1020,-1.3487,1.1022
1974,True,Optimization terminated successfully.,1723,2672,399.5150,0,1,-0.0506,-0.4946,-0.4520,0.0732,1.1615,-1.5358,0.8431
1975,True,Optimization terminated successfully.,1924,2980,416.7989,0,1,-0.2240,-0.7409,-0.1499,0.5974,1.6192,-2.5624,0.0312
1976,True,Optimization terminated successfully.,2083,3196,387.4838,0,1,-0.1349,-0.6230,-0.2972,0.3624,1.4218,-2.0660,0.3586
1977,True,Optimization terminated successfully.,1741,2701,431.1450,0,1,-0.2299,-0.7671,-0.1464,0.6604,1.5870,-2.5635,-0.0549
1978,True,Optimization terminated successfully.,1846,2861,427.3576,0,1,-0.0726,-0.6036,-0.3958,0.2519,1.3018,-1.7283,0.5660
1979,True,Optimization terminated successfully.,2076,3214,473.7098,0,1,0.1840,-0.0613,-0.8178,-0.8080,0.6588,-0.3131,2.2278
1980,True,Optimization terminated successfully.,1761,2750,394.9690,0,1,-0.0608,-0.4945,-0.4276,0.0568,1.2248,-1.6337,0.8559
1981,True,Optimization terminated successfully.,1549,2438,422.3293,0,1,-0.0793,-0.4101,-0.3928,-0.0439,1.2566,-1.7275,0.9985
1982,True,Optimization terminated successfully.,1977,3090,464.9502,0,1,0.0217,-0.3692,-0.5525,-0.2121,1.0498,-1.1768,1.2781
1983,True,Optimization terminated successfully.,1854,2864,438.2848,0,1,-0.0345,-0.4618,-0.4605,-0.0032,1.1844,-1.5029,0.9150
1984,True,Optimization terminated successfully.,1902,2962,472.0123,0,1,0.1672,-0.1338,-0.7849,-0.6429,0.7418,-0.4163,1.9366
1985,True,Optimization terminated successfully.,1658,2573,455.3940,0,1,-0.1358,-0.5394,-0.3080,0.1957,1.3794,-2.0223,0.6292
1986,True,Optimization terminated successfully.,1840,2847,425.3060,0,1,0.0500,-0.2092,-0.6030,-0.5122,0.9503,-1.0432,1.7464
1987,True,Optimization terminated successfully.,1791,2767,408.7267,0,1,-0.0538,-0.4444,-0.4387,0.0192,1.2217,-1.5803,0.8952
1988,True,Optimization terminated successfully.,1752,2724,394.0826,0,1,0.0212,-0.2899,-0.5681,-0.3255,1.0262,-1.1500,1.4531
1989,True,Optimization terminated successfully.,1689,2617,376.2888,0,1,-0.0114,-0.3775,-0.5072,-0.1701,1.1125,-1.3443,1.2001
1990,True,Optimization terminated successfully.,1804,2806,434.5774,0,1,-0.1477,-0.5985,-0.2784,0.3459,1.4563,-2.1056,0.4078
1991,True,Optimization terminated successfully.,1654,2565,387.2830,0,1,-0.0854,-0.5086,-0.3789,0.1676,1.3193,-1.7833,0.7088
1992,True,Optimization terminated successfully.,1695,2630,445.6535,0,1,-0.0605,-0.4861,-0.4241,0.0628,1.2410,-1.6339,0.8371
1993,True,Optimization terminated successfully.,2143,3314,418.9811,0,1,0.0257,-0.3783,-0.5569,-0.1436,1.0357,-1.1717,1.1588
1994,True,Optimization terminated successfully.,1763,2722,425.8994,0,1,-0.1840,-0.6270,-0.2206,0.4146,1.5038,-2.3242,0.2949
1995,True,Optimization terminated successfully.,2109,3273,435.5479,0,1,0.4623,0.5120,-1.2775,-1.8969,0.0056,1.2497,3.9136
1996,True,Optimization terminated successfully.,1783,2759,378.1942,0,1,-0.1371,-0.5807,-0.3006,0.2394,1.4105,-2.0537,0.5959
1997,True,Optimization terminated successfully.,1955,3009,481.2929,0,1,-0.1663,-0.6697,-0.2611,0.4446,1.4318,-2.1786,0.2476
1998,True,Optimization terminated successfully.,2011,3107,353.7921,0,1,-0.2477,-0.8043,-0.1193,0.7312,1.6749,-2.6580,-0.1521
1999,True,Optimization terminated successfully.,1995,3096,434.7364,0,1,-0.0389,-0.4643,-0.4618,-0.0630,1.1782,-1.5064,1.0008
