toy,success,message,nit,nfev,chi2,max_abs_pull,exact_inversion_flag,physical_branch_flag,dpe_C,dpe_E,dpe_D,dtheta_e_C,dtheta_e_E,dtheta_e_D,dtheta_p_common,dpp_common
0,True,Optimization terminated successfully.,3234,4880,37.339289,2.756152,0,1,0.615918,0.718541,0.771100,-0.330753,-0.556598,-0.759466,-1.658078,1.990626
1,True,Optimization terminated successfully.,3225,4809,37.540102,2.864016,0,1,2.729400,2.889853,2.812005,-1.271733,-1.482524,-1.607177,-0.572620,-1.004402
2,True,Optimization terminated successfully.,2316,3464,35.506285,2.913955,0,1,1.881352,2.085240,2.075341,-0.933634,-1.054334,-1.331894,-0.979339,0.156818
3,True,Optimization terminated successfully.,2985,4410,21.775589,2.534085,0,1,0.150478,0.264530,0.190646,-0.200131,-0.312225,-0.451690,-1.890599,2.708485
4,True,Optimization terminated successfully.,3166,4715,38.055615,2.919835,0,1,3.623974,3.732462,3.577434,-1.666865,-1.844533,-1.927003,0.042775,-2.181781
5,True,Optimization terminated successfully.,3508,5216,28.181483,2.639001,0,1,0.031230,0.095706,0.105297,-0.104052,-0.227263,-0.462372,-1.973970,2.886156
6,True,Optimization terminated successfully.,3032,4583,46.388801,3.280850,0,1,-1.440597,-1.333513,-1.384807,0.535489,0.464722,0.227409,-2.833930,5.016127
7,True,Optimization terminated successfully.,2847,4230,46.720222,2.713831,0,1,2.366927,2.532463,2.472612,-1.141328,-1.237760,-1.504101,-0.710872,-0.465709
8,True,Optimization terminated successfully.,2795,4178,59.138805,3.445610,0,1,1.828095,2.027505,1.925020,-0.943287,-1.023878,-1.257953,-0.951584,0.228241
9,True,Optimization terminated successfully.,2960,4429,33.315574,2.963052,0,1,-0.104601,-0.007249,-0.129946,0.002884,-0.209523,-0.379025,-1.983836,3.082988
10,True,Optimization terminated successfully.,2648,3947,38.956111,2.713842,0,1,1.102612,1.279653,1.201055,-0.643048,-0.735766,-0.964059,-1.364468,1.271087
11,True,Optimization terminated successfully.,2633,3900,28.023341,2.495335,0,1,1.001817,1.109293,1.075486,-0.527552,-0.619410,-0.838218,-1.472302,1.514801
12,True,Optimization terminated successfully.,3952,5867,39.757422,3.530863,0,1,0.878889,1.051554,0.995725,-0.419489,-0.659026,-0.793005,-1.444299,1.622831
13,True,Optimization terminated successfully.,2592,3909,21.876953,2.161678,0,1,2.190084,2.336720,2.261675,-1.071156,-1.187315,-1.426134,-0.842672,-0.216015
14,True,Optimization terminated successfully.,2949,4406,21.752336,2.086467,0,1,0.626863,0.667265,0.744458,-0.386962,-0.437128,-0.731785,-1.646577,2.064629
15,True,Optimization terminated successfully.,2616,3904,25.159119,2.488405,0,1,1.917079,2.035964,2.025267,-0.872306,-1.004237,-1.202095,-0.869025,0.229093
16,True,Optimization terminated successfully.,2673,3976,23.401757,2.228853,0,1,1.691424,1.797066,1.733111,-0.763550,-0.970198,-1.229040,-1.081322,0.545444
17,True,Optimization terminated successfully.,3043,4577,22.168372,2.349248,0,1,2.279651,2.507669,2.385946,-1.155606,-1.251924,-1.453652,-0.733311,-0.394556
18,True,Optimization terminated successfully.,2827,4191,34.150905,2.505132,0,1,1.913884,1.996265,1.926773,-0.903583,-1.019111,-1.227847,-0.956104,0.251955
19,True,Optimization terminated successfully.,2402,3604,19.338779,2.024658,0,1,0.394613,0.551202,0.505796,-0.267934,-0.413230,-0.612680,-1.795171,2.337237
20,True,Optimization terminated successfully.,3240,4857,44.768811,3.352004,0,1,-1.600733,-1.439904,-1.509631,0.600783,0.476744,0.236059,-2.799507,5.091205
21,True,Optimization terminated successfully.,2759,4165,26.980344,2.281066,0,1,6.621619,6.662337,6.699463,-2.938628,-3.102633,-3.290035,1.683683,-6.441887
22,True,Optimization terminated successfully.,2600,3909,30.564949,3.112921,0,1,1.902982,2.017633,1.951772,-1.001929,-1.063260,-1.337149,-0.997939,0.238127
23,True,Optimization terminated successfully.,2663,3963,20.188732,2.082345,0,1,1.883372,1.975456,1.977427,-0.938826,-1.016023,-1.229323,-0.938695,0.237430
24,True,Optimization terminated successfully.,2937,4367,16.547535,1.881559,0,1,2.509820,2.714538,2.638284,-1.265139,-1.364436,-1.584323,-0.606980,-0.734110
25,True,Optimization terminated successfully.,2843,4242,34.982169,3.485295,0,1,1.491215,1.581058,1.576018,-0.787603,-0.882067,-1.187534,-1.228074,0.726420
26,True,Optimization terminated successfully.,2754,4096,19.462869,2.134943,0,1,1.869669,1.928805,1.926142,-0.913171,-0.998059,-1.241058,-0.995140,0.296395
27,True,Optimization terminated successfully.,3031,4517,28.405692,2.557861,0,1,2.491669,2.594550,2.538477,-1.233569,-1.313278,-1.563584,-0.662906,-0.676282
28,True,Optimization terminated successfully.,2597,3846,52.292506,3.163653,0,1,1.210511,1.404837,1.348155,-0.616464,-0.777527,-1.048710,-1.461882,1.067477
29,True,Optimization terminated successfully.,2953,4404,35.550038,3.056178,0,1,7.226144,7.352638,7.318091,-3.253207,-3.397124,-3.608752,1.987739,-7.298603
30,True,Optimization terminated successfully.,2973,4415,43.096162,3.298979,0,1,-1.337115,-1.192117,-1.207460,0.499443,0.294819,0.077253,-2.780022,4.684558
31,True,Optimization terminated successfully.,2560,3830,18.563485,2.075602,0,1,1.463677,1.631408,1.529418,-0.773200,-0.910421,-1.097518,-1.225689,0.795401
32,True,Optimization terminated successfully.,2907,4378,40.213346,2.888111,0,1,2.432298,2.554080,2.602686,-1.074731,-1.299891,-1.510359,-0.642748,-0.590227
33,True,Optimization terminated successfully.,3118,4619,25.873848,2.469164,0,1,0.917056,0.993163,1.019748,-0.515710,-0.607482,-0.764017,-1.452266,1.592994
34,True,Optimization terminated successfully.,2922,4368,55.604300,3.531063,0,1,-1.665248,-1.557259,-1.522484,0.591498,0.499044,0.274599,-2.928453,5.268988
35,True,Optimization terminated successfully.,2570,3821,48.770392,2.698173,0,1,1.297271,1.423424,1.411364,-0.619314,-0.780220,-0.999372,-1.266333,1.052491
36,True,Optimization terminated successfully.,2844,4272,21.711926,2.418163,0,1,1.041612,1.197625,1.148948,-0.568840,-0.702007,-0.942073,-1.486679,1.369697
37,True,Optimization terminated successfully.,2604,3888,28.963164,2.869125,0,1,1.376419,1.533424,1.467338,-0.681544,-0.810922,-0.991747,-1.211146,0.885055
38,True,Optimization terminated successfully.,2674,4001,53.158867,3.351516,0,1,7.897274,8.060985,8.026923,-3.553704,-3.717924,-3.909262,2.307069,-8.332267
39,True,Optimization terminated successfully.,2966,4446,42.255521,2.727301,0,1,-1.652880,-1.438380,-1.539932,0.629342,0.517915,0.241272,-2.817655,5.161645
40,True,Optimization terminated successfully.,2867,4286,46.903393,3.805738,0,1,1.512702,1.602577,1.519901,-0.766187,-0.875571,-1.064223,-1.200627,0.809172
41,True,Optimization terminated successfully.,2887,4284,38.639802,2.565094,0,1,1.989359,2.091812,2.095071,-0.987238,-1.091034,-1.239650,-0.859931,0.107399
42,True,Optimization terminated successfully.,3039,4523,22.865659,2.137816,0,1,1.421484,1.605418,1.533093,-0.828856,-0.884114,-1.095699,-1.225775,0.792174
43,True,Optimization terminated successfully.,2159,3221,39.839763,2.793431,0,1,2.361531,2.413587,2.395822,-1.099816,-1.228301,-1.433119,-0.688585,-0.397066
44,True,Optimization terminated successfully.,2800,4261,22.433801,2.301698,0,1,11.765301,11.893787,11.850527,-5.184928,-5.387177,-5.538447,4.634133,-13.774023
45,True,Optimization terminated successfully.,2870,4287,30.973122,2.652324,0,1,-1.265989,-1.238392,-1.308645,0.492489,0.326985,0.162867,-2.773753,4.826180
46,True,Optimization terminated successfully.,2547,3836,25.592700,2.191798,0,1,2.803003,2.907406,2.833656,-1.308905,-1.427252,-1.640913,-0.449143,-0.965761
47,True,Optimization terminated successfully.,3055,4541,28.673461,3.377553,0,1,3.660674,3.800697,3.701981,-1.767552,-1.851526,-2.026144,0.037716,-2.312403
48,True,Optimization terminated successfully.,2805,4232,64.295213,3.786518,0,1,-4.013079,-3.853574,-3.955739,1.623951,1.497022,1.341134,-4.183981,8.579711
49,True,Optimization terminated successfully.,2734,4097,26.436978,2.475412,0,1,-1.552153,-1.434573,-1.403831,0.554579,0.463925,0.209754,-2.907807,5.031980
50,True,Optimization terminated successfully.,2445,3632,27.581594,3.173183,0,1,1.832459,1.943433,1.853802,-0.968951,-1.050632,-1.260497,-1.036539,0.265364
51,True,Optimization terminated successfully.,2935,4329,23.327988,2.287003,0,1,1.202928,1.285458,1.230223,-0.626443,-0.672746,-0.936852,-1.272283,1.277708
52,True,Optimization terminated successfully.,2109,3150,29.575929,2.994605,0,1,0.850955,0.992975,0.956856,-0.428131,-0.659463,-0.799695,-1.489130,1.711434
53,True,Optimization terminated successfully.,3116,4636,25.735409,2.561596,0,1,4.279877,4.403032,4.302431,-1.941411,-2.080176,-2.256503,0.366207,-3.122546
54,True,Optimization terminated successfully.,2482,3731,22.832455,2.404308,0,1,1.537473,1.615623,1.650693,-0.690488,-0.896439,-1.121308,-1.229448,0.726112
55,True,Optimization terminated successfully.,3064,4558,13.011498,1.826113,0,1,-5.231716,-5.058213,-5.204540,2.197882,2.003032,1.847900,-4.910988,10.273991
56,True,Optimization terminated successfully.,2622,3944,34.838834,2.789247,0,1,0.938965,1.115840,1.027522,-0.513467,-0.640309,-0.799027,-1.455797,1.538216
57,True,Optimization terminated successfully.,3127,4634,40.420346,3.354020,0,1,2.436395,2.518144,2.534124,-1.113410,-1.264954,-1.488416,-0.614102,-0.539824
58,True,Optimization terminated successfully.,3286,4880,47.640455,3.329559,0,1,10.310672,10.451995,10.401136,-4.586930,-4.724869,-4.958243,3.717856,-11.731609
59,True,Optimization terminated successfully.,2526,3755,45.902973,2.991554,0,1,0.914479,1.055031,0.978671,-0.506059,-0.685977,-0.884345,-1.572461,1.528238
60,True,Optimization terminated successfully.,3088,4640,32.737406,3.317940,0,1,0.687299,0.770213,0.722487,-0.379908,-0.520579,-0.759562,-1.621625,1.936187
61,True,Optimization terminated successfully.,2792,4187,33.677059,2.501375,0,1,1.660059,1.688628,1.749040,-0.840641,-0.899078,-1.184652,-1.054171,0.582968
62,True,Optimization terminated successfully.,2717,4046,46.868637,3.566778,0,1,0.236480,0.369541,0.269701,-0.190499,-0.391720,-0.539411,-1.848412,2.589060
63,True,Optimization terminated successfully.,2607,3940,43.402994,3.194009,0,1,0.347185,0.450461,0.379190,-0.226279,-0.403405,-0.571716,-1.823248,2.412509
64,True,Optimization terminated successfully.,2549,3830,68.531845,4.654457,0,1,0.882879,1.078249,1.015727,-0.449267,-0.619743,-0.893110,-1.482445,1.542478
65,True,Optimization terminated successfully.,2673,4009,32.909584,2.494630,0,1,1.207188,1.303995,1.324536,-0.688332,-0.721631,-0.968731,-1.319645,1.151150
66,True,Optimization terminated successfully.,2622,3892,49.432216,3.317024,0,1,1.714993,1.862619,1.871453,-0.861161,-0.991608,-1.204382,-1.048474,0.457739
67,True,Optimization terminated successfully.,2864,4298,29.639057,2.975548,0,1,-0.383597,-0.218510,-0.307087,0.126869,-0.131970,-0.302288,-2.255659,3.419667
68,True,Optimization terminated successfully.,2964,4390,23.297281,2.152650,0,1,0.986222,1.147166,1.171808,-0.518747,-0.674027,-0.932339,-1.468670,1.479477
69,True,Optimization terminated successfully.,2889,4303,39.642881,2.894769,0,1,1.232465,1.309748,1.378528,-0.594478,-0.727434,-0.972104,-1.266634,1.107237
70,True,Optimization terminated successfully.,3134,4690,28.633097,2.683122,0,1,1.514325,1.659269,1.607815,-0.758653,-0.904058,-1.118200,-1.203402,0.745948
71,True,Optimization terminated successfully.,2574,3858,26.914138,2.648766,0,1,1.422260,1.483178,1.491342,-0.776906,-0.924800,-1.114925,-1.326970,0.905270
72,True,Optimization terminated successfully.,3047,4583,45.549360,2.936692,0,1,2.176615,2.305266,2.235608,-1.017088,-1.079652,-1.351160,-0.754030,-0.217516
73,True,Optimization terminated successfully.,2732,4080,55.081327,4.145966,0,1,1.182190,1.358329,1.300095,-0.645103,-0.772308,-0.966957,-1.329831,1.151357
74,True,Optimization terminated successfully.,2598,3869,43.429826,3.257284,0,1,3.118663,3.258847,3.208691,-1.427893,-1.565275,-1.769600,-0.229346,-1.493522
75,True,Optimization terminated successfully.,2787,4164,26.471266,2.865829,0,1,1.549310,1.669239,1.679550,-0.739499,-0.895885,-1.177271,-1.118151,0.698930
76,True,Optimization terminated successfully.,3038,4517,24.895579,2.371568,0,1,1.495931,1.629957,1.626236,-0.744381,-0.867177,-1.128361,-1.242501,0.688913
77,True,Optimization terminated successfully.,3009,4510,32.140354,3.146368,0,1,8.240109,8.300317,8.298507,-3.675417,-3.746559,-4.060902,2.576598,-8.700924
78,True,Optimization terminated successfully.,2797,4155,29.335332,3.165790,0,1,1.314572,1.388094,1.338431,-0.649677,-0.762787,-0.991922,-1.288589,1.050635
79,True,Optimization terminated successfully.,3036,4516,35.475785,3.009611,0,1,-1.659741,-1.503684,-1.582926,0.707730,0.462033,0.300462,-2.859752,5.208179
80,True,Optimization terminated successfully.,3101,4678,25.735956,2.391791,0,1,-7.470789,-7.248229,-7.339905,3.215750,3.043864,2.733518,-6.070116,13.410084
81,True,Optimization terminated successfully.,3195,4742,32.753107,2.824486,0,1,-0.183905,-0.082921,-0.085772,0.012343,-0.121099,-0.331299,-2.015250,3.175606
82,True,Optimization terminated successfully.,2974,4455,42.578200,2.852003,0,1,1.995177,2.125847,2.074279,-1.014706,-1.111963,-1.355318,-0.932305,0.060640
83,True,Optimization terminated successfully.,2856,4266,53.199770,3.626631,0,1,5.438289,5.591718,5.523036,-2.527436,-2.648764,-2.852895,0.960056,-4.838558
84,True,Optimization terminated successfully.,2482,3703,26.163818,2.668804,0,1,1.680534,1.688509,1.699094,-0.816548,-0.927461,-1.141098,-1.090076,0.571898
85,True,Optimization terminated successfully.,2887,4301,50.660196,2.965060,0,1,0.278156,0.475565,0.339731,-0.249215,-0.327293,-0.562082,-1.801455,2.495319
86,True,Optimization terminated successfully.,2824,4225,57.311285,4.572200,0,1,0.189594,0.352949,0.330640,-0.147720,-0.291442,-0.503912,-1.786864,2.670670
87,True,Optimization terminated successfully.,2454,3692,43.504937,3.650578,0,1,-0.235684,-0.116019,-0.117812,0.009183,-0.085850,-0.355463,-2.117379,3.216610
88,True,Optimization terminated successfully.,2743,4109,43.208739,3.690034,0,1,1.418668,1.545235,1.482254,-0.703700,-0.852201,-1.113929,-1.243302,0.839097
89,True,Optimization terminated successfully.,2875,4268,25.723104,2.647748,0,1,1.323132,1.397812,1.390400,-0.663903,-0.783667,-1.003351,-1.301099,1.041279
90,True,Optimization terminated successfully.,2627,3936,21.566210,2.150663,0,1,1.565267,1.637505,1.626989,-0.807226,-0.869089,-1.155033,-1.107132,0.697492
91,True,Optimization terminated successfully.,3110,4636,40.409929,2.863364,0,1,2.246806,2.451516,2.381612,-1.046137,-1.244714,-1.412573,-0.676881,-0.366226
92,True,Optimization terminated successfully.,2728,4082,26.810842,2.736629,0,1,1.531120,1.589820,1.606548,-0.717206,-0.861043,-1.111438,-1.168859,0.790247
93,True,Optimization terminated successfully.,2862,4306,34.652655,2.572323,0,1,0.552023,0.620811,0.550782,-0.293934,-0.469068,-0.677948,-1.728977,2.168974
94,True,Optimization terminated successfully.,3190,4740,32.309208,3.067999,0,1,2.070354,2.194568,2.132731,-1.046386,-1.163265,-1.485200,-0.862124,-0.050968
95,True,Optimization terminated successfully.,2572,3864,37.597972,3.869275,0,1,0.511651,0.570555,0.544171,-0.359596,-0.433053,-0.634724,-1.746226,2.238093
96,True,Optimization terminated successfully.,3126,4691,32.465761,2.407416,0,1,-0.603829,-0.462858,-0.469124,0.146710,0.031280,-0.249767,-2.292581,3.763445
97,True,Optimization terminated successfully.,2533,3784,29.173821,2.661925,0,1,2.495437,2.667643,2.626699,-1.215935,-1.365713,-1.520718,-0.643656,-0.703289
98,True,Optimization terminated successfully.,3019,4469,29.533905,2.332174,0,1,0.794315,0.896742,0.822738,-0.403364,-0.557806,-0.792789,-1.520149,1.821023
99,True,Optimization terminated successfully.,2824,4226,20.579587,2.044185,0,1,1.253236,1.360790,1.279496,-0.641425,-0.812141,-0.946209,-1.324759,1.173270
100,True,Optimization terminated successfully.,3041,4595,20.763151,2.102054,1,0,45.814175,45.971995,46.003373,-20.141054,-20.275156,-20.519004,23.258586,-62.107245
101,True,Optimization terminated successfully.,3087,4607,31.530990,2.425815,0,1,1.457619,1.591673,1.523635,-0.759821,-0.907045,-1.118335,-1.244699,0.777484
102,True,Optimization terminated successfully.,2765,4142,38.530917,2.813240,0,1,2.356924,2.536904,2.481474,-1.149748,-1.309993,-1.573844,-0.723418,-0.501789
103,True,Optimization terminated successfully.,2844,4249,38.888317,2.854222,0,1,1.754685,1.880231,1.775926,-0.822514,-0.983434,-1.152273,-0.994080,0.449211
104,True,Optimization terminated successfully.,3169,4754,29.030778,2.803622,0,1,9.076297,9.129823,9.179299,-4.054141,-4.150314,-4.440606,2.866468,-9.939301
105,True,Optimization terminated successfully.,2649,3966,29.086707,3.226256,0,1,1.372530,1.525935,1.412104,-0.691192,-0.785514,-0.995347,-1.248166,0.918618
106,True,Optimization terminated successfully.,2669,3985,36.076703,2.769166,0,1,1.194830,1.397200,1.376008,-0.644548,-0.771104,-0.966267,-1.283367,1.108911
107,True,Optimization terminated successfully.,2777,4127,17.636962,2.187915,0,1,1.561211,1.642879,1.625600,-0.759637,-0.883865,-1.064026,-1.175370,0.682770
108,True,Optimization terminated successfully.,2427,3621,51.398235,2.921175,0,1,0.919660,1.075134,1.052157,-0.508695,-0.626821,-0.827734,-1.488975,1.520675
109,True,Optimization terminated successfully.,2817,4236,30.130466,2.564959,0,1,3.987998,4.132453,4.085592,-1.793187,-2.005426,-2.170147,0.226542,-2.769051
110,True,Optimization terminated successfully.,2577,3864,24.793136,2.478505,0,1,1.646327,1.757733,1.730304,-0.868326,-0.955956,-1.263280,-1.156956,0.575580
111,True,Optimization terminated successfully.,3049,4518,25.339094,2.567648,0,1,1.107204,1.187185,1.148307,-0.612976,-0.627788,-0.885880,-1.355589,1.293625
112,True,Optimization terminated successfully.,1972,2987,39.221223,3.034099,0,1,1.625850,1.776880,1.735128,-0.816823,-0.990874,-1.174399,-1.153294,0.528663
113,True,Optimization terminated successfully.,2373,3543,42.529884,4.029031,0,1,1.855118,1.976309,1.960938,-0.943603,-1.022711,-1.218651,-0.953380,0.230208
114,True,Optimization terminated successfully.,3062,4533,24.408657,2.469140,0,1,1.409183,1.513803,1.450308,-0.666124,-0.853175,-1.089025,-1.194178,0.893805
115,True,Optimization terminated successfully.,3048,4488,21.213025,2.074032,0,1,0.660374,0.754457,0.692288,-0.448930,-0.491450,-0.679687,-1.565721,2.034851
116,True,Optimization terminated successfully.,2735,4063,63.800715,4.115537,0,1,1.268968,1.280777,1.279499,-0.626487,-0.779028,-1.008541,-1.337646,1.168930
117,True,Optimization terminated successfully.,2500,3741,38.105600,2.797712,0,1,1.743266,1.793166,1.804120,-0.855724,-0.956203,-1.184220,-1.036654,0.412768
118,True,Optimization terminated successfully.,2606,3858,37.396162,2.792952,0,1,1.051127,1.197389,1.174932,-0.538531,-0.659136,-0.928578,-1.386934,1.354206
119,True,Optimization terminated successfully.,2869,4277,27.100737,2.756409,0,1,1.308221,1.498327,1.395039,-0.633346,-0.810587,-0.977168,-1.206936,1.034239
120,True,Optimization terminated successfully.,3222,4800,35.558571,2.807302,0,1,6.511457,6.674247,6.580433,-2.919068,-3.045514,-3.276796,1.682364,-6.336445
121,True,Optimization terminated successfully.,2654,3944,42.267273,3.057704,0,1,1.509891,1.643521,1.647205,-0.713910,-0.909656,-1.070577,-1.113311,0.690844
122,True,Optimization terminated successfully.,3338,4972,39.951233,3.688829,0,1,1.706036,1.850735,1.827942,-0.823171,-0.979331,-1.176552,-1.033146,0.463181
123,True,Optimization terminated successfully.,3012,4460,22.071664,2.691231,0,1,2.469712,2.656176,2.572818,-1.192812,-1.367025,-1.577576,-0.645642,-0.639833
124,True,Optimization terminated successfully.,2797,4186,20.126762,2.106877,0,1,3.088203,3.200974,3.158362,-1.387555,-1.529281,-1.758922,-0.270298,-1.497466
125,True,Optimization terminated successfully.,2689,4006,28.674264,3.073508,0,1,1.434494,1.596211,1.556871,-0.755100,-0.863643,-1.101054,-1.170176,0.750284
126,True,Optimization terminated successfully.,2833,4219,42.388141,3.887880,0,1,0.670663,0.826537,0.775979,-0.389380,-0.542501,-0.717915,-1.580950,1.948006
127,True,Optimization terminated successfully.,3364,5053,58.110704,3.681375,0,1,1.888036,1.979970,1.888984,-1.000526,-1.091843,-1.307547,-1.126411,0.227692
128,True,Optimization terminated successfully.,3179,4759,30.191849,2.656761,0,1,-2.888432,-2.790519,-2.816641,1.136397,1.028617,0.769836,-3.613187,6.985459
129,True,Optimization terminated successfully.,2782,4166,27.812249,3.009974,0,1,4.913869,5.060945,5.067399,-2.272316,-2.383331,-2.634562,0.769804,-4.113945
130,True,Optimization terminated successfully.,2712,4050,25.102346,2.304464,0,1,2.290480,2.422848,2.293008,-1.091685,-1.248308,-1.404280,-0.740547,-0.332308
131,True,Optimization terminated successfully.,2862,4253,39.174184,2.845866,0,1,1.378711,1.485869,1.444331,-0.718912,-0.798375,-1.082031,-1.245507,0.969827
132,True,Optimization terminated successfully.,2529,3787,21.019917,2.014914,0,1,1.788834,1.900611,1.842218,-0.826756,-0.975815,-1.221392,-0.993025,0.373176
133,True,Optimization terminated successfully.,2713,4066,36.469758,2.947124,0,1,1.887180,1.978354,1.950911,-0.944593,-1.102128,-1.240079,-0.976101,0.164595
134,True,Optimization terminated successfully.,3072,4573,26.506230,2.278055,0,1,2.024081,2.128946,2.093239,-0.992230,-1.125666,-1.308362,-0.874797,0.044490
135,True,Optimization terminated successfully.,2562,3837,33.549231,2.717278,0,1,1.442228,1.554776,1.500529,-0.739200,-0.877384,-1.009578,-1.276178,0.808775
136,True,Optimization terminated successfully.,3265,4863,40.980099,2.795173,0,1,-1.453351,-1.302781,-1.327466,0.520295,0.381364,0.242056,-2.709462,4.929752
137,True,Optimization terminated successfully.,2907,4362,29.438399,2.543062,0,1,-0.090336,0.065472,-0.029863,-0.082406,-0.234288,-0.406128,-2.045650,3.024283
138,True,Optimization terminated successfully.,3123,4672,39.025208,2.717101,0,1,13.139434,13.207082,13.279981,-5.848658,-5.985875,-6.222570,5.178353,-15.754303
139,True,Optimization terminated successfully.,2779,4162,26.756695,2.753884,0,1,1.710111,1.913946,1.788479,-0.835015,-0.912429,-1.094555,-0.902946,0.445536
140,True,Optimization terminated successfully.,2311,3476,16.753931,2.102485,0,1,1.557327,1.706796,1.705421,-0.772797,-0.905961,-1.122524,-1.108301,0.670412
141,True,Optimization terminated successfully.,2882,4288,47.004996,3.669442,0,1,1.574672,1.717657,1.682811,-0.800618,-0.932324,-1.108304,-1.087430,0.604037
142,True,Optimization terminated successfully.,2989,4485,33.738760,2.600116,0,1,2.026553,2.169681,2.122489,-0.970202,-1.149578,-1.282243,-0.932433,0.015476
143,True,Optimization terminated successfully.,2896,4348,39.066443,3.494415,0,1,3.475769,3.602649,3.552906,-1.576314,-1.771826,-2.006510,-0.127198,-2.026079
144,True,Optimization terminated successfully.,3402,5055,21.574232,2.338387,0,1,-1.062704,-0.886093,-0.958121,0.408570,0.155408,0.003513,-2.562782,4.361365
145,True,Optimization terminated successfully.,2499,3737,34.077397,3.117167,0,1,1.249077,1.385890,1.334790,-0.677239,-0.748460,-1.053127,-1.315206,1.083289
146,True,Optimization terminated successfully.,2838,4214,19.816853,2.147992,0,1,1.304358,1.411759,1.306917,-0.675519,-0.792667,-0.969554,-1.307463,1.146169
147,True,Optimization terminated successfully.,3032,4516,22.347724,2.434214,0,1,2.407058,2.608023,2.534985,-1.135551,-1.278582,-1.490008,-0.573289,-0.560079
148,True,Optimization terminated successfully.,3136,4692,44.010978,3.308183,0,1,1.120717,1.319244,1.206440,-0.673664,-0.795850,-0.928490,-1.404687,1.289282
149,True,Optimization terminated successfully.,2625,3954,29.362486,2.733672,0,1,2.952804,3.152961,3.055094,-1.372249,-1.574831,-1.753395,-0.357313,-1.337535
150,True,Optimization terminated successfully.,3229,4782,58.345060,4.159490,0,1,0.851813,1.004591,0.959407,-0.544216,-0.585591,-0.783634,-1.527835,1.641958
151,True,Optimization terminated successfully.,2935,4385,27.240369,2.386529,0,1,2.224693,2.357489,2.287661,-1.128256,-1.211434,-1.426982,-0.780299,-0.279717
152,True,Optimization terminated successfully.,2737,4079,33.754562,2.691038,0,1,0.495649,0.666453,0.516773,-0.318413,-0.488418,-0.610838,-1.720355,2.153934
153,True,Optimization terminated successfully.,3106,4635,34.423729,2.832063,0,1,-0.009126,0.176247,0.165862,-0.097526,-0.260208,-0.528997,-1.992910,2.840444
154,True,Optimization terminated successfully.,3063,4533,16.525956,2.371438,0,1,2.626121,2.765999,2.798392,-1.266340,-1.388592,-1.617221,-0.521159,-0.853384
155,True,Optimization terminated successfully.,2564,3878,23.781552,2.643521,0,1,1.403974,1.510880,1.491842,-0.748216,-0.785040,-1.007432,-1.180605,0.916525
156,True,Optimization terminated successfully.,3219,4770,78.624228,4.363231,0,1,1.593798,1.741459,1.689067,-0.753460,-0.872268,-1.139095,-0.994395,0.637979
157,True,Optimization terminated successfully.,2898,4287,48.319386,3.213187,0,1,1.231292,1.370054,1.338166,-0.577488,-0.776204,-0.898006,-1.238101,1.117207
158,True,Optimization terminated successfully.,3224,4795,28.600991,2.874740,0,1,0.586906,0.676939,0.557287,-0.383866,-0.476623,-0.667729,-1.741837,2.143035
159,True,Optimization terminated successfully.,2571,3853,13.831567,1.635395,0,1,1.243511,1.343340,1.288281,-0.685780,-0.816385,-1.022445,-1.336753,1.133701
160,True,Optimization terminated successfully.,2655,3972,41.802527,2.956484,0,1,1.554476,1.616293,1.604161,-0.785701,-0.889333,-1.068164,-1.198130,0.736513
161,True,Optimization terminated successfully.,2637,3962,44.208878,3.558375,0,1,-0.027162,0.060691,0.064647,-0.086077,-0.230709,-0.454772,-1.995107,2.993284
162,True,Optimization terminated successfully.,2692,4003,36.460816,2.540582,0,1,1.469588,1.645333,1.608267,-0.723010,-0.821698,-1.090967,-1.160938,0.779952
163,True,Optimization terminated successfully.,2588,3851,42.466706,3.238973,0,1,2.120251,2.256166,2.182257,-0.977932,-1.123851,-1.456741,-0.820460,-0.124684
164,True,Optimization terminated successfully.,2909,4350,36.026425,2.991671,0,1,0.146345,0.248167,0.191492,-0.214886,-0.288786,-0.544403,-1.917813,2.713143
165,True,Optimization terminated successfully.,2807,4195,21.645818,1.779542,0,1,2.584943,2.789410,2.712666,-1.252719,-1.365881,-1.574304,-0.573646,-0.841253
166,True,Optimization terminated successfully.,2955,4432,39.525377,2.677368,0,1,-2.194909,-2.065104,-2.132019,0.884966,0.679293,0.545916,-3.253908,5.993468
167,True,Optimization terminated successfully.,2854,4260,21.057869,2.230534,0,1,0.885857,0.958223,0.893916,-0.449027,-0.636831,-0.775703,-1.571045,1.752532
168,True,Optimization terminated successfully.,3136,4714,26.764522,2.208222,0,1,-2.442399,-2.311946,-2.396456,0.961730,0.824867,0.629710,-3.335839,6.384735
169,True,Optimization terminated successfully.,2445,3646,17.034902,1.647582,0,1,0.990072,1.005928,0.952951,-0.474430,-0.587591,-0.845223,-1.463013,1.593299
170,True,Optimization terminated successfully.,2864,4254,40.847946,2.857225,0,1,0.199188,0.387827,0.327208,-0.248227,-0.301408,-0.572393,-1.886210,2.533654
171,True,Optimization terminated successfully.,2733,4099,38.532514,2.738569,0,1,-0.478191,-0.327297,-0.384685,0.093632,-0.058441,-0.265698,-2.265543,3.540482
172,True,Optimization terminated successfully.,2453,3687,40.457316,2.540400,0,1,0.558528,0.628235,0.579616,-0.339668,-0.420243,-0.625748,-1.678159,2.199989
173,True,Optimization terminated successfully.,2932,4321,24.824405,2.378291,0,1,0.715420,0.800885,0.756883,-0.385673,-0.554089,-0.725312,-1.666776,1.934040
174,True,Optimization terminated successfully.,2938,4372,41.824436,3.183649,0,1,1.216306,1.381689,1.265915,-0.641037,-0.803247,-0.989399,-1.358322,1.160718
175,True,Optimization terminated successfully.,3098,4635,21.777210,2.555041,0,1,4.419898,4.540457,4.471026,-2.043006,-2.156272,-2.352517,0.488311,-3.323312
176,True,Optimization terminated successfully.,3160,4665,25.413069,2.506135,0,1,1.802894,1.872538,1.896664,-0.888886,-1.031887,-1.226416,-1.036798,0.336627
177,True,Optimization terminated successfully.,2379,3571,70.942639,4.139693,0,1,1.679156,1.827063,1.714346,-0.865344,-0.977037,-1.146159,-1.135315,0.509069
178,True,Optimization terminated successfully.,3079,4575,21.457975,2.123443,0,1,1.187329,1.353531,1.337451,-0.587275,-0.766218,-0.951495,-1.294606,1.202634
179,True,Optimization terminated successfully.,2606,3940,53.962326,3.875074,0,1,0.609353,0.728891,0.658472,-0.277452,-0.475533,-0.633698,-1.638632,2.045341
180,True,Optimization terminated successfully.,3011,4487,29.056776,2.660565,0,1,1.768726,1.946127,1.856949,-0.848680,-1.005589,-1.193863,-1.032123,0.320921
181,True,Optimization terminated successfully.,2775,4131,29.076032,2.808801,0,1,1.790152,1.969213,1.959502,-0.884171,-1.016343,-1.211828,-0.942899,0.345677
182,True,Optimization terminated successfully.,2510,3733,13.390624,1.659583,0,1,1.605333,1.702803,1.636224,-0.836936,-0.895430,-1.055422,-1.224894,0.637217
183,True,Optimization terminated successfully.,2816,4159,47.987286,3.508993,0,1,-0.177838,-0.107417,-0.181370,-0.080568,-0.190468,-0.325544,-2.199971,3.220504
184,True,Optimization terminated successfully.,3218,4821,30.998802,2.455708,0,1,2.530392,2.671966,2.582180,-1.211471,-1.273937,-1.514328,-0.609122,-0.684445
185,True,Optimization terminated successfully.,2374,3559,35.242488,2.560062,0,1,1.740265,1.816605,1.860406,-0.790036,-0.969666,-1.194738,-0.960189,0.444097
186,True,Optimization terminated successfully.,3317,4933,59.599212,3.749547,0,1,-0.545513,-0.416865,-0.478866,0.102597,-0.014022,-0.210365,-2.269499,3.677420
187,True,Optimization terminated successfully.,2762,4112,42.642674,2.878798,0,1,2.541916,2.618902,2.610831,-1.228912,-1.365527,-1.546048,-0.628016,-0.644436
188,True,Optimization terminated successfully.,3340,4977,20.240100,2.436307,0,1,-1.229211,-1.126059,-1.192592,0.439631,0.309955,0.120410,-2.655550,4.623721
189,True,Optimization terminated successfully.,3062,4570,45.422643,3.038388,0,1,-7.100138,-7.046756,-7.094083,3.031971,2.869511,2.640861,-5.964742,13.020393
190,True,Optimization terminated successfully.,3187,4746,44.784211,3.433960,0,1,1.893082,1.973125,1.983546,-0.971250,-1.059971,-1.341197,-1.009861,0.191313
191,True,Optimization terminated successfully.,2589,3866,20.977450,1.934828,0,1,5.882752,5.986725,6.005050,-2.692725,-2.766039,-3.007816,1.240608,-5.464863
192,True,Optimization terminated successfully.,3903,5822,26.863175,2.888792,0,1,7.980050,8.104594,8.019879,-3.562008,-3.725363,-3.895525,2.415869,-8.417727
193,True,Optimization terminated successfully.,2964,4463,33.604445,3.041232,0,1,-0.846110,-0.761136,-0.783899,0.328543,0.110433,-0.073938,-2.469307,4.117138
194,True,Optimization terminated successfully.,2745,4084,47.365693,3.489600,0,1,1.596797,1.733965,1.759999,-0.824655,-0.916730,-1.110404,-1.104668,0.558996
195,True,Optimization terminated successfully.,3237,4853,31.692954,2.517134,0,1,-5.502788,-5.357361,-5.439530,2.283993,2.139217,1.981970,-5.064022,10.678680
196,True,Optimization terminated successfully.,2522,3771,26.142396,2.136322,0,1,1.623957,1.698883,1.662574,-0.862308,-0.934908,-1.161329,-1.202156,0.622532
197,True,Optimization terminated successfully.,2988,4422,47.629914,3.696629,0,1,1.692456,1.829780,1.757228,-0.774611,-0.958373,-1.164474,-1.037927,0.550748
198,True,Optimization terminated successfully.,3284,4849,20.540244,2.858322,0,1,1.504322,1.619443,1.603199,-0.776478,-0.900388,-1.133050,-1.165468,0.792614
199,True,Optimization terminated successfully.,3007,4473,20.560303,2.133526,0,1,2.879636,3.018667,2.971874,-1.374221,-1.499797,-1.621374,-0.358506,-1.193771
200,True,Optimization terminated successfully.,2062,3104,27.490904,2.168224,0,1,0.929409,1.153135,1.151609,-0.487235,-0.693087,-0.892565,-1.409257,1.452820
201,True,Optimization terminated successfully.,2952,4398,20.775017,1.934369,0,1,-2.516214,-2.384840,-2.465226,0.970440,0.868113,0.665926,-3.371198,6.478427
202,True,Optimization terminated successfully.,3098,4598,15.066961,1.701007,0,1,1.377915,1.439882,1.356399,-0.732307,-0.820430,-1.038382,-1.260580,0.986749
203,True,Optimization terminated successfully.,2395,3596,37.738494,2.719932,0,1,1.446383,1.568149,1.570805,-0.765136,-0.883729,-1.104047,-1.222110,0.804864
204,True,Optimization terminated successfully.,2833,4234,15.022077,1.901843,0,1,3.902702,3.975498,4.002884,-1.839112,-1.944330,-2.158846,0.096161,-2.629342
205,True,Optimization terminated successfully.,3373,4953,30.007593,2.316726,0,1,1.461875,1.568564,1.562334,-0.774188,-0.862659,-1.046931,-1.131085,0.835967
206,True,Optimization terminated successfully.,2723,4078,36.229618,3.334617,0,1,2.302671,2.397273,2.365207,-1.101916,-1.207558,-1.409334,-0.744285,-0.331719
207,True,Optimization terminated successfully.,2294,3441,35.850108,2.910553,0,1,0.649687,0.736407,0.763815,-0.350125,-0.522153,-0.714604,-1.679970,2.000244
208,True,Optimization terminated successfully.,3066,4542,33.068935,2.469911,0,1,1.230176,1.349984,1.347021,-0.608904,-0.756391,-0.970271,-1.261081,1.188169
209,True,Optimization terminated successfully.,2807,4185,14.182369,1.605179,0,1,4.442129,4.571281,4.557941,-2.027947,-2.137084,-2.319535,0.433101,-3.358488
210,True,Optimization terminated successfully.,2899,4329,40.986581,2.966568,0,1,0.427581,0.523805,0.463219,-0.264022,-0.450804,-0.552107,-1.854933,2.279393
211,True,Optimization terminated successfully.,2810,4200,28.161445,3.049680,0,1,2.056786,2.301155,2.223096,-1.004211,-1.162532,-1.358906,-0.758080,-0.080386
212,True,Optimization terminated successfully.,3278,4870,36.825091,3.045269,0,1,1.145873,1.245262,1.167532,-0.585905,-0.747161,-0.959901,-1.424210,1.275148
213,True,Optimization terminated successfully.,2059,3117,20.638656,2.129579,0,1,1.326013,1.504007,1.443564,-0.624807,-0.780465,-0.995786,-1.215930,0.959630
214,True,Optimization terminated successfully.,3125,4691,44.581287,3.169341,0,1,-4.921253,-4.810911,-4.849403,2.021488,1.921067,1.683797,-4.708810,9.848507
215,True,Optimization terminated successfully.,3138,4628,62.183142,4.630297,0,1,0.474398,0.679235,0.564423,-0.355310,-0.495910,-0.659388,-1.743626,2.171557
216,True,Optimization terminated successfully.,2389,3579,33.620254,2.836940,0,1,1.576553,1.739264,1.700495,-0.797612,-0.917932,-1.095234,-1.140830,0.600307
217,True,Optimization terminated successfully.,2898,4335,33.436460,2.356016,0,1,1.200410,1.319761,1.237072,-0.668866,-0.760500,-0.990236,-1.407709,1.144868
218,True,Optimization terminated successfully.,2630,3929,26.433533,2.686573,0,1,-0.337722,-0.217509,-0.304405,0.020871,-0.155219,-0.324502,-2.227913,3.397079
219,True,Optimization terminated successfully.,2885,4285,33.310650,2.861877,0,1,2.123833,2.260019,2.195386,-1.014386,-1.119215,-1.314621,-0.843012,-0.140072
220,True,Optimization terminated successfully.,3379,5052,27.900756,2.257590,0,1,1.604217,1.766205,1.758444,-0.806724,-1.021975,-1.146896,-1.101734,0.558159
221,True,Optimization terminated successfully.,2601,3919,63.924536,3.949097,0,1,-0.719316,-0.600149,-0.647458,0.228111,0.083791,-0.096675,-2.408714,3.953724
222,True,Optimization terminated successfully.,2532,3788,38.281843,3.196883,0,1,1.434617,1.602465,1.561449,-0.765139,-0.920017,-1.113895,-1.285184,0.778930
223,True,Optimization terminated successfully.,3062,4578,56.798853,3.300737,0,1,1.768744,1.891913,1.877093,-0.837672,-0.992866,-1.248722,-0.949968,0.361039
224,True,Optimization terminated successfully.,3053,4578,36.180025,3.425933,0,1,3.086600,3.356953,3.286209,-1.465856,-1.614251,-1.841789,-0.254227,-1.626479
225,True,Optimization terminated successfully.,2946,4410,21.501179,2.238908,0,1,-7.484239,-7.279172,-7.404386,3.233357,2.999319,2.783320,-6.036514,13.470228
226,True,Optimization terminated successfully.,2687,4029,27.032974,3.040769,0,1,1.601075,1.725131,1.714625,-0.793099,-0.905690,-1.146774,-1.155740,0.642438
227,True,Optimization terminated successfully.,3048,4539,28.021264,2.259732,0,1,1.786804,1.860247,1.850491,-0.922921,-0.991154,-1.181830,-0.980075,0.386702
228,True,Optimization terminated successfully.,3082,4593,22.350157,2.089066,0,1,1.480469,1.694531,1.604293,-0.750776,-0.916405,-1.106759,-1.156067,0.750981
229,True,Optimization terminated successfully.,2987,4471,16.519417,1.827463,0,1,5.146945,5.268387,5.209219,-2.359989,-2.442116,-2.628486,0.866742,-4.337724
230,True,Optimization terminated successfully.,2844,4269,33.977852,2.687578,0,1,1.427261,1.567805,1.610575,-0.685945,-0.844315,-1.068460,-1.153773,0.812554
231,True,Optimization terminated successfully.,2834,4215,28.602172,2.889291,0,1,2.080503,2.168274,2.120935,-0.935710,-1.081697,-1.309293,-0.801119,0.005930
232,True,Optimization terminated successfully.,3097,4567,17.557999,1.832317,0,1,1.132222,1.300374,1.241921,-0.542398,-0.776320,-1.011622,-1.308609,1.263057
233,True,Optimization terminated successfully.,3501,5207,61.133569,3.816594,0,1,1.981724,2.139561,2.086697,-0.914468,-1.124581,-1.305927,-0.874913,0.040784
234,True,Optimization terminated successfully.,2865,4284,29.023589,2.787556,0,1,0.175224,0.335287,0.278539,-0.190476,-0.289557,-0.509525,-1.817946,2.651137
235,True,Optimization terminated successfully.,2848,4247,48.694769,3.429487,0,1,1.957073,2.119671,2.073387,-0.950653,-1.054472,-1.243508,-0.930970,0.089306
236,True,Optimization terminated successfully.,2683,4036,35.562133,3.961716,0,1,1.576501,1.697771,1.667415,-0.807597,-0.902324,-1.216903,-1.176145,0.677773
237,True,Optimization terminated successfully.,3238,4817,20.697856,2.349273,0,1,-0.860613,-0.753217,-0.787407,0.339811,0.146418,-0.015553,-2.460739,4.150418
238,True,Optimization terminated successfully.,2832,4238,34.018942,3.197483,0,1,2.232345,2.406524,2.359029,-1.112367,-1.192718,-1.406323,-0.751119,-0.337273
239,True,Optimization terminated successfully.,2628,3932,28.369760,2.752013,0,1,3.432092,3.589143,3.571865,-1.616943,-1.715597,-1.961706,-0.046214,-1.996497
240,True,Optimization terminated successfully.,2957,4406,18.445044,2.169031,0,1,1.602292,1.707163,1.638059,-0.823788,-0.895134,-1.129325,-1.145581,0.672448
241,True,Optimization terminated successfully.,2379,3556,43.510738,2.847390,0,1,2.024728,2.129785,2.069880,-0.974884,-1.080630,-1.370700,-0.878293,-0.000676
242,True,Optimization terminated successfully.,3338,4969,31.236759,2.204852,0,1,1.090549,1.206941,1.167608,-0.604557,-0.712157,-0.933838,-1.401569,1.340484
243,True,Optimization terminated successfully.,2507,3774,31.972851,2.722218,0,1,1.726912,1.912194,1.872831,-0.827861,-1.004681,-1.201261,-1.063527,0.385245
244,True,Optimization terminated successfully.,2686,3989,20.270553,2.126707,0,1,1.482125,1.560877,1.572091,-0.728957,-0.761733,-1.064893,-1.125953,0.851420
245,True,Optimization terminated successfully.,2664,3989,28.455965,2.570577,0,1,3.651040,3.795231,3.758901,-1.685192,-1.879673,-2.094472,-0.005773,-2.282361
246,True,Optimization terminated successfully.,2578,3861,19.989396,1.826699,0,1,2.540816,2.591667,2.554247,-1.214535,-1.302689,-1.534240,-0.678336,-0.667783
247,True,Optimization terminated successfully.,2744,4107,42.203130,2.811285,0,1,2.107816,2.220516,2.194321,-1.008265,-1.128696,-1.386446,-0.772578,-0.097152
248,True,Optimization terminated successfully.,2923,4358,16.758635,1.789126,0,1,1.829593,2.006242,1.903186,-0.873948,-1.045900,-1.185795,-1.024591,0.330601
249,True,Optimization terminated successfully.,2529,3774,58.831417,3.392586,0,1,1.412637,1.569792,1.487641,-0.683521,-0.791372,-0.955147,-1.134288,0.935161
250,True,Optimization terminated successfully.,2688,3993,37.179029,3.287172,0,1,1.524246,1.627079,1.605192,-0.729723,-0.898558,-1.072895,-1.187415,0.764356
251,True,Optimization terminated successfully.,2558,3831,47.991929,3.878763,0,1,1.800451,1.923658,1.933994,-0.914316,-1.055786,-1.204194,-0.965123,0.369746
252,True,Optimization terminated successfully.,2949,4406,30.554967,2.804116,0,1,2.170991,2.320073,2.258725,-1.029101,-1.139889,-1.335669,-0.783905,-0.196547
253,True,Optimization terminated successfully.,2919,4390,27.729878,2.757850,0,1,2.458796,2.570466,2.448723,-1.170937,-1.324459,-1.483326,-0.711823,-0.568370
254,True,Optimization terminated successfully.,2589,3907,33.341971,3.203929,0,1,1.367075,1.471853,1.429675,-0.685585,-0.846518,-0.984146,-1.300447,0.965499
255,True,Optimization terminated successfully.,3632,5383,41.034940,3.558838,0,1,1.207412,1.367525,1.329377,-0.676010,-0.805547,-1.018552,-1.359399,1.106873
256,True,Optimization terminated successfully.,2706,4028,41.445192,2.995395,0,1,1.803310,1.991994,1.925648,-0.942717,-1.026407,-1.235054,-1.008172,0.308517
257,True,Optimization terminated successfully.,2654,3972,35.219424,3.170267,0,1,1.276821,1.433468,1.398647,-0.658652,-0.795272,-1.029760,-1.333243,1.070258
258,True,Optimization terminated successfully.,2827,4232,18.315871,2.257233,0,1,0.862142,0.942848,0.912304,-0.513234,-0.637689,-0.829712,-1.604005,1.621097
259,True,Optimization terminated successfully.,2925,4355,48.929944,3.337083,0,1,0.621272,0.683057,0.641632,-0.345718,-0.447299,-0.743666,-1.626087,2.029399
260,True,Optimization terminated successfully.,2667,3960,17.854998,1.950313,0,1,1.331038,1.461987,1.361991,-0.669822,-0.775532,-0.985784,-1.221564,0.999291
261,True,Optimization terminated successfully.,2325,3528,45.266750,3.158943,0,1,2.875357,2.944136,2.942373,-1.387571,-1.437886,-1.714668,-0.443418,-1.166399
262,True,Optimization terminated successfully.,3093,4629,52.938609,3.710410,0,1,5.036332,5.151890,5.103175,-2.262945,-2.413546,-2.565431,0.828562,-4.175381
263,True,Optimization terminated successfully.,2364,3547,24.358955,2.806376,0,1,2.012615,2.114650,2.036039,-0.959303,-1.108726,-1.310468,-0.880572,0.025407
264,True,Optimization terminated successfully.,2552,3824,24.276643,2.390970,0,1,1.043182,1.197132,1.137721,-0.493561,-0.690643,-0.922415,-1.408449,1.362816
265,True,Optimization terminated successfully.,2775,4180,45.927585,3.039039,0,1,0.824376,0.942940,0.861237,-0.458385,-0.568841,-0.798301,-1.560612,1.705138
266,True,Optimization terminated successfully.,2820,4215,36.232516,3.961311,0,1,2.760258,2.848047,2.862806,-1.369713,-1.453179,-1.707975,-0.553811,-0.962751
267,True,Optimization terminated successfully.,3288,4908,43.876180,3.112127,0,1,3.939193,4.104620,4.052676,-1.825894,-1.968149,-2.173026,0.212184,-2.708816
268,True,Optimization terminated successfully.,4504,6655,45.900060,3.362722,0,1,1.184675,1.323709,1.306287,-0.577545,-0.762584,-0.990225,-1.344417,1.187955
269,True,Optimization terminated successfully.,3083,4578,31.313800,2.544585,0,1,-0.002627,0.130611,0.077811,-0.051651,-0.163860,-0.472815,-1.997327,2.881430
270,True,Optimization terminated successfully.,2642,3967,36.356110,2.600989,0,1,-0.981842,-0.866302,-0.879258,0.314479,0.148607,-0.035873,-2.636449,4.320618
271,True,Optimization terminated successfully.,2733,4132,21.823437,2.633880,0,1,0.897099,1.053769,0.975450,-0.499907,-0.648274,-0.810891,-1.560908,1.663304
272,True,Optimization terminated successfully.,2556,3811,31.216092,2.821102,0,1,2.161133,2.330577,2.251934,-1.043900,-1.225212,-1.387706,-0.861907,-0.157004
273,True,Optimization terminated successfully.,2644,3977,23.302079,2.319131,0,1,-0.526895,-0.369516,-0.485864,0.175671,-0.009039,-0.197675,-2.326980,3.629668
274,True,Optimization terminated successfully.,3178,4730,38.379194,3.202333,0,1,0.627261,0.867293,0.810926,-0.362722,-0.529941,-0.754363,-1.610513,1.989531
275,True,Optimization terminated successfully.,3344,4956,20.050767,2.149839,0,1,2.986648,3.150984,3.076214,-1.390848,-1.561414,-1.751136,-0.378189,-1.361326
276,True,Optimization terminated successfully.,2244,3368,33.546109,2.947822,0,1,1.732884,1.862573,1.813159,-0.932195,-1.054854,-1.189552,-1.114584,0.416780
277,True,Optimization terminated successfully.,3476,5161,31.418557,2.875626,0,1,1.182498,1.338722,1.250685,-0.602039,-0.784039,-0.953025,-1.344581,1.214219
278,True,Optimization terminated successfully.,2772,4131,26.274198,2.400084,0,1,0.452340,0.561239,0.486649,-0.306371,-0.495240,-0.588851,-1.818061,2.196995
279,True,Optimization terminated successfully.,3017,4501,18.512077,2.663163,0,1,1.600953,1.701054,1.685739,-0.828445,-0.955924,-1.066307,-1.082843,0.652860
280,True,Optimization terminated successfully.,2580,3854,26.329070,2.264767,0,1,0.559186,0.710817,0.679114,-0.327221,-0.453075,-0.748477,-1.656798,2.105540
281,True,Optimization terminated successfully.,2578,3872,61.091569,3.000529,0,1,1.377118,1.533595,1.407097,-0.740220,-0.807538,-1.001344,-1.282475,0.918694
282,True,Optimization terminated successfully.,2993,4482,45.163868,3.548702,0,1,1.732081,1.818621,1.747321,-0.880695,-0.920445,-1.126353,-1.057070,0.511077
283,True,Optimization terminated successfully.,2724,4065,41.607814,3.004492,0,1,3.695531,3.835290,3.734798,-1.712365,-1.834070,-2.064558,0.031977,-2.335951
284,True,Optimization terminated successfully.,2464,3673,28.670272,2.643833,0,1,1.015816,1.082061,1.119742,-0.543446,-0.634685,-0.818215,-1.473658,1.452822
285,True,Optimization terminated successfully.,2712,4060,52.760616,4.207127,0,1,0.248196,0.437564,0.300202,-0.158660,-0.363258,-0.534964,-1.833458,2.588284
286,True,Optimization terminated successfully.,2745,4097,33.554615,2.335756,0,1,1.838233,2.063194,2.008238,-0.933291,-1.050390,-1.309589,-0.931956,0.177893
287,True,Optimization terminated successfully.,3084,4650,25.848642,2.615304,0,1,1.823814,1.961334,1.954120,-0.862687,-1.098801,-1.261051,-1.035320,0.290863
288,True,Optimization terminated successfully.,3024,4497,11.677708,1.618090,0,1,0.831454,0.932342,0.910822,-0.418090,-0.598684,-0.783025,-1.454212,1.706405
289,True,Optimization terminated successfully.,3430,5129,36.131664,2.808724,0,1,3.223442,3.406893,3.321540,-1.507513,-1.645207,-1.904490,-0.234104,-1.692754
290,True,Optimization terminated successfully.,3327,4947,24.462970,2.443436,0,1,5.230718,5.342559,5.407076,-2.374133,-2.519827,-2.840567,0.890332,-4.575723
291,True,Optimization terminated successfully.,3240,4817,33.113912,2.774769,0,1,0.488501,0.704732,0.649423,-0.301438,-0.495843,-0.657656,-1.691707,2.150821
292,True,Optimization terminated successfully.,2973,4465,27.936927,2.143449,0,1,3.350905,3.462899,3.472432,-1.569057,-1.728456,-1.947314,-0.200120,-1.860936
293,True,Optimization terminated successfully.,3322,4975,39.674948,2.570198,0,1,0.792703,0.909094,0.828883,-0.450188,-0.605512,-0.803824,-1.587097,1.744018
294,True,Optimization terminated successfully.,2514,3768,29.782215,2.490037,0,1,1.547467,1.706662,1.688439,-0.773723,-0.937830,-1.101418,-1.170167,0.661417
295,True,Optimization terminated successfully.,2527,3783,50.052957,3.731403,0,1,1.560026,1.607161,1.666702,-0.756360,-0.866886,-1.092528,-1.098738,0.745002
296,True,Optimization terminated successfully.,2747,4157,44.208060,2.933350,0,1,-2.906220,-2.731362,-2.800595,1.249615,1.011629,0.785461,-3.622834,6.982596
297,True,Optimization terminated successfully.,2916,4338,64.600639,3.319884,0,1,0.802817,0.914645,0.852582,-0.436760,-0.572939,-0.736146,-1.588266,1.801231
298,True,Optimization terminated successfully.,2886,4310,32.635901,3.103746,0,1,1.475086,1.677153,1.571245,-0.758470,-0.890146,-1.197580,-1.180926,0.716515
299,True,Optimization terminated successfully.,2732,4082,38.873401,2.722677,0,1,2.310565,2.442909,2.375525,-1.084491,-1.219848,-1.376255,-0.695068,-0.425726
300,True,Optimization terminated successfully.,3231,4818,58.814714,3.251676,0,1,1.473849,1.556132,1.523121,-0.762894,-0.879113,-1.030771,-1.191203,0.841074
301,True,Optimization terminated successfully.,3187,4776,36.053337,2.964998,0,1,-2.409547,-2.243449,-2.285851,0.991285,0.772051,0.594353,-3.324901,6.272866
302,True,Optimization terminated successfully.,3048,4566,25.340768,2.259768,0,1,-3.418802,-3.243145,-3.299036,1.377925,1.190058,1.037946,-3.851482,7.708312
303,True,Optimization terminated successfully.,2644,3946,25.807571,2.401225,0,1,1.325598,1.421680,1.384339,-0.666220,-0.812497,-1.008012,-1.260150,1.053558
304,True,Optimization terminated successfully.,2888,4359,48.465309,3.341296,0,1,0.995940,1.133079,1.080399,-0.535909,-0.637634,-0.904324,-1.384791,1.447783
305,True,Optimization terminated successfully.,2906,4349,33.898623,2.678167,0,1,0.790756,1.000492,0.882815,-0.456742,-0.567005,-0.830469,-1.469367,1.707477
306,True,Optimization terminated successfully.,3473,5180,20.705608,2.281409,0,1,2.749613,2.842872,2.768750,-1.257989,-1.436001,-1.628195,-0.445078,-0.922440
307,True,Optimization terminated successfully.,3488,5200,14.590706,2.397659,0,1,4.126869,4.315143,4.268570,-1.905755,-2.074234,-2.227251,0.298825,-3.019741
308,True,Optimization terminated successfully.,2348,3534,35.093633,3.609853,0,1,1.607999,1.709846,1.728981,-0.763726,-0.891670,-1.126883,-1.055707,0.627386
309,True,Optimization terminated successfully.,3105,4617,40.970926,3.468805,0,1,0.618027,0.848438,0.781389,-0.344248,-0.537451,-0.742249,-1.575090,1.951130
310,True,Optimization terminated successfully.,2995,4417,36.636687,3.728836,0,1,2.109514,2.295631,2.197691,-0.964055,-1.190783,-1.370858,-0.770734,-0.112669
311,True,Optimization terminated successfully.,2883,4282,26.954741,2.672847,0,1,-0.051685,0.074710,-0.000075,-0.096806,-0.233360,-0.432557,-2.100167,3.022286
312,True,Optimization terminated successfully.,2874,4311,16.572228,1.936730,0,1,3.541604,3.720592,3.731747,-1.656606,-1.848856,-2.059020,-0.024467,-2.217335
313,True,Optimization terminated successfully.,3082,4643,21.670317,2.610624,0,1,10.381893,10.492491,10.495692,-4.643347,-4.687478,-4.957479,3.730635,-11.797842
314,True,Optimization terminated successfully.,2570,3816,21.202488,2.285979,0,1,1.716857,1.852303,1.775256,-0.899158,-1.020006,-1.178472,-1.017999,0.468740
315,True,Optimization terminated successfully.,2954,4345,17.001007,1.897501,0,1,2.015655,2.079478,2.046923,-0.954819,-1.061479,-1.280436,-0.931477,0.080876
316,True,Optimization terminated successfully.,2772,4131,39.721220,3.397858,0,1,1.787464,1.932191,1.832058,-0.883493,-0.985542,-1.203473,-1.090583,0.362083
317,True,Optimization terminated successfully.,2909,4318,42.774115,2.897001,0,1,2.136342,2.273654,2.177092,-1.061737,-1.164114,-1.400634,-0.873923,-0.069158
318,True,Optimization terminated successfully.,2684,4028,23.076181,2.692263,0,1,2.018768,2.148978,2.102752,-0.930924,-1.071927,-1.321956,-0.877237,0.037240
319,True,Optimization terminated successfully.,3028,4548,49.714514,3.219438,0,1,-0.030089,0.198124,0.106741,-0.077222,-0.188086,-0.426070,-1.962129,2.890707
320,True,Optimization terminated successfully.,2650,3962,25.847249,2.321406,0,1,4.477730,4.614870,4.511854,-2.081401,-2.140894,-2.428118,0.520318,-3.498964
321,True,Optimization terminated successfully.,3047,4556,28.826522,3.039805,0,1,2.632435,2.803560,2.793912,-1.317623,-1.441257,-1.652967,-0.603128,-0.886692
322,True,Optimization terminated successfully.,2653,3991,24.555850,2.350185,0,1,1.416835,1.510231,1.486543,-0.711640,-0.868165,-1.034147,-1.246175,0.928637
323,True,Optimization terminated successfully.,2619,3909,32.718328,2.962142,0,1,3.055083,3.135523,3.103603,-1.401487,-1.523207,-1.743524,-0.316400,-1.367719
324,True,Optimization terminated successfully.,2624,3921,49.937468,3.401264,0,1,1.471309,1.530562,1.542416,-0.734667,-0.823824,-1.047584,-1.172067,0.834430
325,True,Optimization terminated successfully.,3165,4740,55.953861,3.713401,0,1,4.307904,4.383540,4.383957,-1.997539,-2.118415,-2.295330,0.395238,-3.154572
326,True,Optimization terminated successfully.,2940,4392,49.178496,3.492478,0,1,-0.593785,-0.435437,-0.452153,0.170578,-0.019639,-0.221637,-2.359562,3.653684
327,True,Optimization terminated successfully.,3464,5172,27.030857,2.683081,0,1,2.297756,2.466093,2.383708,-1.055969,-1.213907,-1.512977,-0.742795,-0.388919
328,True,Optimization terminated successfully.,2708,4058,44.455679,3.346738,0,1,-0.151686,-0.035214,-0.053438,0.014901,-0.193941,-0.391202,-2.070405,3.078691
329,True,Optimization terminated successfully.,2405,3629,27.790005,2.652100,0,1,2.370623,2.525669,2.467008,-1.093269,-1.230515,-1.494033,-0.669379,-0.467122
330,True,Optimization terminated successfully.,2618,3911,53.734781,4.172049,0,1,2.458781,2.551301,2.561128,-1.171305,-1.295114,-1.517046,-0.670307,-0.553007
331,True,Optimization terminated successfully.,2819,4262,46.368606,3.828707,0,1,-4.082738,-3.945692,-4.000508,1.704263,1.518375,1.310784,-4.238798,8.706660
332,True,Optimization terminated successfully.,2915,4372,39.998592,3.282689,0,1,2.741883,2.861578,2.829239,-1.313673,-1.448255,-1.662637,-0.504845,-0.977520
333,True,Optimization terminated successfully.,2703,4002,32.510956,3.034110,0,1,1.337615,1.395324,1.375437,-0.710346,-0.817150,-0.988493,-1.269483,1.039920
334,True,Optimization terminated successfully.,3380,4979,25.748383,2.314120,0,1,0.951841,1.125754,0.993930,-0.490681,-0.680478,-0.838854,-1.490449,1.529976
335,True,Optimization terminated successfully.,2629,3977,25.134568,2.491075,0,1,2.278129,2.403395,2.331353,-1.152587,-1.173644,-1.416972,-0.782116,-0.345133
336,True,Optimization terminated successfully.,2804,4141,29.898918,2.663372,0,1,-0.025202,0.116322,0.095121,-0.046811,-0.201301,-0.396580,-1.971872,2.899558
337,True,Optimization terminated successfully.,3175,4713,43.453432,2.913055,0,1,0.001504,0.146468,0.103009,-0.105497,-0.209451,-0.510171,-2.017713,2.873325
338,True,Optimization terminated successfully.,2940,4392,35.317829,2.920462,0,1,1.544414,1.615813,1.583951,-0.787756,-0.877979,-1.135893,-1.178919,0.762578
339,True,Optimization terminated successfully.,3300,4906,27.200274,2.577452,0,1,4.677601,4.783674,4.803450,-2.196824,-2.286409,-2.566726,0.597774,-3.766690
340,True,Optimization terminated successfully.,2527,3760,33.678715,2.753336,0,1,1.919075,1.983412,1.860436,-0.943692,-1.111948,-1.242569,-1.019406,0.273156
341,True,Optimization terminated successfully.,2863,4266,31.883874,2.398752,0,1,1.001969,1.168151,1.024465,-0.541813,-0.688535,-0.849224,-1.478089,1.451947
342,True,Optimization terminated successfully.,2625,3939,40.427681,2.865675,0,1,1.616487,1.820613,1.666127,-0.789994,-0.966944,-1.136268,-1.156735,0.566797
343,True,Optimization terminated successfully.,2440,3661,40.411504,3.396155,0,1,0.507128,0.652738,0.715718,-0.317461,-0.462541,-0.665264,-1.678936,2.127682
344,True,Optimization terminated successfully.,3008,4475,19.736950,1.827895,0,1,1.220207,1.362515,1.359135,-0.668072,-0.827850,-1.019913,-1.359605,1.113259
345,True,Optimization terminated successfully.,2927,4392,55.955048,4.041178,0,1,1.192737,1.360714,1.292048,-0.564477,-0.708876,-0.978785,-1.359768,1.201642
346,True,Optimization terminated successfully.,2749,4132,38.913274,2.926398,0,1,3.522203,3.648242,3.603746,-1.689625,-1.818922,-1.969165,-0.088148,-2.152061
347,True,Optimization terminated successfully.,3088,4580,20.901639,2.579868,0,1,-0.161658,0.010114,-0.085042,0.007152,-0.194460,-0.385196,-2.013365,3.089034
348,True,Optimization terminated successfully.,2711,4051,42.197295,2.835420,0,1,-0.150313,-0.065579,-0.069211,-0.071521,-0.124082,-0.358834,-2.017541,3.157214
349,True,Optimization terminated successfully.,2564,3818,34.732448,3.379853,0,1,-0.363412,-0.257427,-0.281771,0.105932,-0.029235,-0.283673,-2.211181,3.460632
350,True,Optimization terminated successfully.,2197,3294,48.618630,3.696959,0,1,1.791438,1.878514,1.826992,-0.931916,-0.965798,-1.182800,-1.015455,0.446029
351,True,Optimization terminated successfully.,2470,3688,19.611318,2.485320,0,1,2.054532,2.169822,2.169964,-0.991620,-1.119930,-1.330820,-0.907662,-0.015271
352,True,Optimization terminated successfully.,3152,4696,59.911397,3.717028,0,1,1.858445,2.043007,1.939259,-0.891814,-1.090922,-1.236128,-0.905887,0.252934
353,True,Optimization terminated successfully.,2722,4052,63.053653,4.013116,0,1,1.311582,1.420889,1.351330,-0.624176,-0.794074,-0.985551,-1.329859,1.062394
354,True,Optimization terminated successfully.,3006,4476,38.508236,3.050834,0,1,2.084844,2.297689,2.202082,-1.028177,-1.186323,-1.365363,-0.843316,-0.132024
355,True,Optimization terminated successfully.,3332,5004,17.432798,2.430615,0,1,0.732699,0.852497,0.832381,-0.413897,-0.530537,-0.766309,-1.535952,1.856775
356,True,Optimization terminated successfully.,3145,4684,36.382255,2.992694,0,1,0.446436,0.591447,0.558057,-0.203804,-0.452610,-0.636777,-1.695400,2.226576
357,True,Optimization terminated successfully.,2547,3847,43.396660,2.868723,0,1,1.375612,1.463793,1.475004,-0.696410,-0.829676,-1.023529,-1.287592,0.967988
358,True,Optimization terminated successfully.,2873,4324,47.537737,3.746099,0,1,5.178631,5.298918,5.247253,-2.333017,-2.565361,-2.744733,0.783522,-4.459219
359,True,Optimization terminated successfully.,3217,4839,23.227852,2.102525,0,1,1.425670,1.508515,1.470389,-0.682551,-0.836713,-1.032565,-1.117209,0.904471
360,True,Optimization terminated successfully.,2370,3560,30.175948,2.274458,0,1,1.385591,1.492106,1.522242,-0.726503,-0.798002,-1.051168,-1.219650,0.910847
361,True,Optimization terminated successfully.,2802,4170,55.504588,3.181114,0,1,0.399505,0.579933,0.434925,-0.282996,-0.455843,-0.678760,-1.803240,2.251557
362,True,Optimization terminated successfully.,2726,4049,15.886809,2.027804,0,1,2.336450,2.516755,2.438464,-1.112559,-1.267348,-1.443940,-0.653989,-0.435740
363,True,Optimization terminated successfully.,2861,4252,25.540383,2.373878,0,1,1.615890,1.770315,1.750587,-0.824640,-0.982536,-1.187123,-1.142701,0.544267
364,True,Optimization terminated successfully.,2581,3895,37.395370,2.905660,0,1,1.791062,1.977468,1.867046,-0.843193,-1.016468,-1.192748,-0.938396,0.355461
365,True,Optimization terminated successfully.,2034,3098,46.141198,3.735057,0,1,1.345471,1.570493,1.534760,-0.787875,-0.848629,-1.131117,-1.253688,0.825083
366,True,Optimization terminated successfully.,2731,4131,34.086016,2.765452,0,1,1.356311,1.492229,1.406831,-0.659036,-0.768320,-1.031859,-1.238859,1.029486
367,True,Optimization terminated successfully.,2864,4287,40.150626,2.964045,0,1,0.450754,0.679766,0.608747,-0.344060,-0.517670,-0.697092,-1.819622,2.162571
368,True,Optimization terminated successfully.,2819,4203,27.585648,2.717392,0,1,1.828800,2.041980,1.959752,-0.906478,-1.027531,-1.237952,-0.916632,0.222766
369,True,Optimization terminated successfully.,2715,4040,24.247006,2.257772,0,1,1.614512,1.720470,1.656693,-0.742972,-0.899146,-1.170032,-1.124431,0.620605
370,True,Optimization terminated successfully.,2835,4206,34.431218,2.693726,0,1,3.587505,3.651775,3.680122,-1.666747,-1.803453,-2.058748,-0.103123,-2.166802
371,True,Optimization terminated successfully.,2613,3906,28.235203,2.923169,0,1,3.116478,3.223695,3.215640,-1.457178,-1.550534,-1.825347,-0.284670,-1.501040
372,True,Optimization terminated successfully.,2228,3349,40.586008,2.707599,0,1,1.827738,1.962737,1.947391,-0.915215,-1.044223,-1.190990,-0.950829,0.263579
373,True,Optimization terminated successfully.,2906,4348,17.003776,2.199262,0,1,-1.899362,-1.719558,-1.776011,0.704543,0.556554,0.376039,-3.014298,5.547423
374,True,Optimization terminated successfully.,2523,3782,24.686659,1.965930,0,1,1.672080,1.810069,1.773692,-0.791394,-0.942070,-1.160544,-1.047493,0.508548
375,True,Optimization terminated successfully.,3001,4495,28.566072,2.318265,0,1,0.558094,0.645352,0.595806,-0.366774,-0.469215,-0.606266,-1.740368,2.140102
376,True,Optimization terminated successfully.,2861,4252,44.594528,2.914342,0,1,0.725481,0.808505,0.775049,-0.391116,-0.529738,-0.762654,-1.534041,1.922611
377,True,Optimization terminated successfully.,2604,3883,38.543939,2.911884,0,1,1.691948,1.742450,1.755217,-0.808743,-0.935807,-1.136809,-1.058011,0.547651
378,True,Optimization terminated successfully.,2615,3935,26.232654,2.954359,0,1,1.542793,1.653326,1.566755,-0.717650,-1.003970,-1.059971,-1.165772,0.735841
379,True,Optimization terminated successfully.,3037,4522,48.675424,3.238934,0,1,0.427389,0.579000,0.498623,-0.253446,-0.478489,-0.646766,-1.708983,2.253652
380,True,Optimization terminated successfully.,3545,5263,38.633956,2.967119,0,1,0.024039,0.109367,0.133163,-0.101701,-0.239945,-0.453699,-1.936691,2.848942
381,True,Optimization terminated successfully.,2917,4392,10.476943,1.669996,0,1,9.477868,9.521667,9.439765,-4.230075,-4.376089,-4.570701,3.148356,-10.470899
382,True,Optimization terminated successfully.,2760,4099,40.283302,3.189201,0,1,-1.299143,-1.251155,-1.323996,0.443406,0.350840,0.187175,-2.745696,4.811252
383,True,Optimization terminated successfully.,3158,4684,13.077816,1.830580,0,1,-0.780064,-0.652698,-0.713158,0.270134,0.145863,-0.138092,-2.382071,4.013981
384,True,Optimization terminated successfully.,2755,4119,32.819994,2.308990,0,1,3.329181,3.473349,3.459251,-1.491622,-1.694015,-1.926473,-0.178427,-1.856162
385,True,Optimization terminated successfully.,3147,4704,34.785880,3.209362,0,1,1.127299,1.248102,1.206148,-0.619597,-0.773019,-0.963056,-1.475597,1.300630
386,True,Optimization terminated successfully.,2917,4344,29.911214,2.439035,0,1,2.093565,2.265460,2.234906,-0.991011,-1.157693,-1.332210,-0.835889,-0.157016
387,True,Optimization terminated successfully.,2830,4218,37.163833,3.033440,0,1,0.148517,0.327067,0.301472,-0.213351,-0.344002,-0.556544,-1.938626,2.629220
388,True,Optimization terminated successfully.,2424,3621,61.690336,4.280597,0,1,2.218976,2.342982,2.337451,-1.054174,-1.157021,-1.453697,-0.845409,-0.266560
389,True,Optimization terminated successfully.,3298,4880,21.577700,2.393909,0,1,1.315248,1.453840,1.422117,-0.705579,-0.779373,-1.027132,-1.294586,1.021420
390,True,Optimization terminated successfully.,3287,4899,19.837907,2.103113,0,1,4.004972,4.161618,4.174124,-1.819434,-2.012238,-2.165795,0.231927,-2.820306
391,True,Optimization terminated successfully.,2696,3993,27.905470,2.696520,0,1,1.556852,1.654306,1.595024,-0.831756,-0.946402,-1.039416,-1.185395,0.667575
392,True,Optimization terminated successfully.,2411,3610,31.055487,2.489060,0,1,1.298516,1.453081,1.330720,-0.693659,-0.827217,-0.985306,-1.275149,1.035072
393,True,Optimization terminated successfully.,3210,4786,38.207708,3.013815,0,1,0.051118,0.167380,0.208313,-0.139233,-0.238421,-0.478315,-1.943551,2.777800
394,True,Optimization terminated successfully.,2782,4174,15.530565,1.846410,0,1,-0.656832,-0.500773,-0.570381,0.146880,0.014829,-0.122259,-2.397393,3.801104
395,True,Optimization terminated successfully.,2930,4350,31.990873,2.405633,0,1,2.924197,2.995877,2.994886,-1.401204,-1.512896,-1.707945,-0.418247,-1.168567
396,True,Optimization terminated successfully.,2787,4124,23.384515,2.060191,0,1,1.684216,1.827375,1.743403,-0.810789,-0.881862,-1.212717,-1.041775,0.499894
397,True,Optimization terminated successfully.,3190,4738,44.854926,2.971444,0,1,1.010717,1.105497,1.144649,-0.523973,-0.698414,-0.936173,-1.434297,1.447991
398,True,Optimization terminated successfully.,2764,4127,36.383631,2.906611,0,1,1.887624,2.090240,1.956487,-0.948954,-1.146164,-1.292320,-0.936485,0.198381
399,True,Optimization terminated successfully.,3497,5195,27.096990,2.301300,0,1,1.529249,1.571419,1.554893,-0.788292,-0.878351,-1.095656,-1.215166,0.771831
400,True,Optimization terminated successfully.,2723,4084,18.773990,1.950093,0,1,2.214066,2.328733,2.344229,-1.091514,-1.263371,-1.467045,-0.868120,-0.196039
401,True,Optimization terminated successfully.,3059,4545,30.160880,2.847184,0,1,1.909540,2.087882,2.020921,-0.935495,-1.082345,-1.334647,-1.013149,0.235922
402,True,Optimization terminated successfully.,2880,4296,37.175352,3.412061,0,1,2.175592,2.214096,2.172630,-1.070246,-1.187318,-1.451153,-0.874843,-0.072052
403,True,Optimization terminated successfully.,2695,4036,30.852276,3.170858,0,1,0.362210,0.457921,0.415203,-0.262437,-0.352090,-0.615203,-1.840715,2.434858
404,True,Optimization terminated successfully.,2962,4406,50.171439,3.065873,0,1,2.271367,2.377080,2.253665,-1.066400,-1.189272,-1.410750,-0.738727,-0.250842
405,True,Optimization terminated successfully.,2414,3632,63.100935,3.546125,0,1,3.666864,3.783336,3.731274,-1.776727,-1.848554,-2.071612,-0.089202,-2.285560
406,True,Optimization terminated successfully.,2731,4083,20.791239,1.959904,0,1,1.753558,1.841506,1.792872,-0.842710,-0.978017,-1.128830,-1.006924,0.443775
407,True,Optimization terminated successfully.,3079,4605,25.388853,2.544236,0,1,0.905915,1.045872,1.009351,-0.437033,-0.616781,-0.845929,-1.433694,1.585328
408,True,Optimization terminated successfully.,3259,4826,36.135493,3.444619,0,1,2.553738,2.722664,2.680175,-1.200303,-1.386152,-1.558745,-0.520653,-0.786975
409,True,Optimization terminated successfully.,2762,4132,42.703969,3.093568,0,1,0.791957,1.010383,0.946618,-0.405073,-0.541759,-0.774125,-1.492076,1.652577
410,True,Optimization terminated successfully.,2710,4044,30.865374,2.856227,0,1,0.088661,0.193688,0.185547,-0.121376,-0.212134,-0.489083,-1.932278,2.866644
411,True,Optimization terminated successfully.,3030,4480,30.645973,3.037335,0,1,-0.151757,-0.076019,-0.084671,0.004428,-0.181673,-0.337154,-2.029673,3.139484
412,True,Optimization terminated successfully.,2830,4210,22.071928,2.154394,0,1,1.968844,2.089088,2.044580,-1.000580,-1.071311,-1.335302,-0.940583,0.100155
413,True,Optimization terminated successfully.,2373,3576,35.260649,2.531666,0,1,1.843905,1.899881,1.853251,-0.944513,-1.023278,-1.208435,-1.070316,0.281522
414,True,Optimization terminated successfully.,2599,3851,28.295236,2.328148,0,1,1.532832,1.609513,1.648745,-0.824788,-0.883177,-1.138466,-1.179586,0.735312
415,True,Optimization terminated successfully.,2761,4104,35.776371,3.109646,0,1,1.291322,1.442950,1.500500,-0.676813,-0.821155,-0.976054,-1.213897,1.001712
416,True,Optimization terminated successfully.,2974,4433,26.095348,2.465897,0,1,0.677762,0.758501,0.677501,-0.318486,-0.422889,-0.705749,-1.601835,2.023629
417,True,Optimization terminated successfully.,3085,4601,26.563855,2.464908,0,1,0.710801,0.831255,0.809037,-0.408998,-0.566262,-0.710698,-1.591332,1.919751
418,True,Optimization terminated successfully.,5067,7552,84.992527,4.434748,0,1,0.760115,0.938449,0.656054,-0.535626,-0.622139,-0.677275,-1.653394,1.864334
419,True,Optimization terminated successfully.,6600,9717,59.700780,4.123986,0,1,1.662195,1.801383,1.770256,-0.835527,-0.895084,-1.167296,-1.001169,0.569046
420,True,Optimization terminated successfully.,2996,4473,41.360436,2.894618,0,1,-0.471905,-0.323959,-0.416502,0.142751,-0.059073,-0.220425,-2.211510,3.530362
421,True,Optimization terminated successfully.,2895,4286,48.303423,3.434611,0,1,1.341288,1.512675,1.439194,-0.683731,-0.877875,-0.961773,-1.242629,0.999885
422,True,Optimization terminated successfully.,2465,3704,45.892497,3.532188,0,1,0.737070,0.889347,0.887365,-0.487595,-0.542731,-0.800965,-1.638548,1.812728
423,True,Optimization terminated successfully.,2762,4118,21.774455,2.242437,0,1,2.221870,2.366806,2.309760,-1.040634,-1.142509,-1.416377,-0.678689,-0.259305
424,True,Optimization terminated successfully.,2837,4224,35.735247,2.433011,0,1,-0.313756,-0.205377,-0.201800,0.046870,-0.126912,-0.335315,-2.197592,3.327878
425,True,Optimization terminated successfully.,3112,4610,36.894727,2.857006,0,1,3.776648,3.883000,3.850105,-1.746274,-1.838544,-2.146175,0.120747,-2.432109
426,True,Optimization terminated successfully.,3192,4747,33.268076,2.734159,0,1,1.277750,1.433969,1.417485,-0.593424,-0.811544,-1.045326,-1.281516,0.987083
427,True,Optimization terminated successfully.,3105,4622,27.001918,2.307249,0,1,0.401813,0.596533,0.497014,-0.305566,-0.465767,-0.605474,-1.753247,2.293598
428,True,Optimization terminated successfully.,2905,4347,51.019541,3.488944,0,1,1.862355,1.951135,1.908389,-0.910766,-1.081244,-1.219899,-1.050889,0.237200
429,True,Optimization terminated successfully.,2830,4188,29.248447,2.961518,0,1,1.421524,1.591850,1.475731,-0.795803,-0.841187,-1.076758,-1.223826,0.857265
430,True,Optimization terminated successfully.,3127,4700,32.303976,2.520436,0,1,2.096702,2.289638,2.170730,-1.015913,-1.168596,-1.362796,-0.806606,-0.113837
431,True,Optimization terminated successfully.,2637,3928,12.473369,1.914337,0,1,3.002170,3.118151,3.100740,-1.419195,-1.564229,-1.862161,-0.327408,-1.366142
432,True,Optimization terminated successfully.,2772,4117,17.804589,1.990956,0,1,2.269203,2.398624,2.360609,-1.075144,-1.160267,-1.420618,-0.684981,-0.311925
433,True,Optimization terminated successfully.,2932,4393,46.631691,3.508718,0,1,2.388799,2.579985,2.487685,-1.181650,-1.289545,-1.511115,-0.663297,-0.549261
434,True,Optimization terminated successfully.,2876,4311,24.109120,2.327769,0,1,1.075280,1.230996,1.133675,-0.540943,-0.706115,-0.831934,-1.398585,1.398252
435,True,Optimization terminated successfully.,3042,4524,62.666485,3.566503,0,1,2.391461,2.449371,2.489353,-1.154020,-1.308984,-1.448500,-0.736694,-0.485025
436,True,Optimization terminated successfully.,3105,4628,28.778867,2.267105,0,1,0.472914,0.543242,0.495191,-0.272509,-0.374786,-0.628755,-1.741676,2.256189
437,True,Optimization terminated successfully.,2794,4185,27.926068,2.404729,0,1,-2.248210,-2.038822,-2.103107,0.875504,0.721023,0.488414,-3.213576,5.980217
438,True,Optimization terminated successfully.,2624,3957,24.310917,2.403092,0,1,2.598684,2.693708,2.664800,-1.197215,-1.363958,-1.506529,-0.506363,-0.732864
439,True,Optimization terminated successfully.,2554,3839,24.631252,2.253679,0,1,1.673283,1.794670,1.773251,-0.823258,-0.910786,-1.191171,-1.016143,0.521742
440,True,Optimization terminated successfully.,2800,4207,22.759218,2.044203,0,1,1.726711,1.794383,1.766078,-0.911155,-0.967662,-1.211707,-1.151261,0.521411
441,True,Optimization terminated successfully.,2518,3785,19.013928,2.171848,0,1,1.471779,1.637592,1.588720,-0.741211,-0.852793,-1.066728,-1.172110,0.801561
442,True,Optimization terminated successfully.,2554,3802,32.458972,2.610259,0,1,-0.344436,-0.129519,-0.191647,0.113912,-0.156372,-0.235937,-2.136003,3.366268
443,True,Optimization terminated successfully.,3002,4483,44.433334,3.497015,0,1,3.053144,3.208853,3.079796,-1.457873,-1.624688,-1.812570,-0.331134,-1.468773
444,True,Optimization terminated successfully.,2847,4279,50.590181,3.142819,0,1,2.491426,2.649063,2.537817,-1.149526,-1.269073,-1.500493,-0.590694,-0.626977
445,True,Optimization terminated successfully.,2610,3875,32.823304,2.670517,0,1,1.669664,1.810999,1.686823,-0.843151,-0.954742,-1.115314,-1.110003,0.589901
446,True,Optimization terminated successfully.,3093,4601,34.756794,2.528051,0,1,2.834914,3.043352,2.925499,-1.343041,-1.442699,-1.619090,-0.361907,-1.158452
447,True,Optimization terminated successfully.,2908,4356,15.505130,1.669487,0,1,1.370298,1.411181,1.429583,-0.624716,-0.787197,-1.024791,-1.250554,1.021431
448,True,Optimization terminated successfully.,2612,3913,54.377419,3.496606,0,1,1.896567,2.030494,2.032049,-0.881927,-1.030520,-1.229398,-0.927359,0.149837
449,True,Optimization terminated successfully.,2830,4248,13.752506,2.333814,0,1,1.511954,1.613503,1.609588,-0.730007,-0.863989,-1.090770,-1.172254,0.783767
450,True,Optimization terminated successfully.,2533,3782,65.059485,4.139540,0,1,2.575741,2.638234,2.666275,-1.208683,-1.335373,-1.536574,-0.633404,-0.705532
451,True,Optimization terminated successfully.,2816,4220,30.874042,2.385161,0,1,1.572682,1.688103,1.596814,-0.743701,-0.929122,-1.053845,-1.165150,0.693708
452,True,Optimization terminated successfully.,2973,4468,51.241454,3.151975,0,1,1.759130,1.846851,1.776680,-0.820576,-0.947730,-1.134761,-1.025790,0.533384
453,True,Optimization terminated successfully.,2739,4118,23.579705,1.993037,0,1,-0.475362,-0.344938,-0.453732,0.124710,0.016914,-0.252266,-2.381976,3.604919
454,True,Optimization terminated successfully.,2723,4088,29.163931,2.881468,0,1,1.016838,1.192133,1.145482,-0.531205,-0.714927,-0.944042,-1.418486,1.362524
455,True,Optimization terminated successfully.,2797,4157,30.762710,2.438029,0,1,0.691276,0.888286,0.860316,-0.413406,-0.569202,-0.812056,-1.690228,1.795300
456,True,Optimization terminated successfully.,2814,4252,26.749595,2.651875,0,1,-1.249488,-1.133514,-1.205100,0.428309,0.275758,0.132419,-2.720769,4.694567
457,True,Optimization terminated successfully.,2939,4390,44.200576,3.201685,0,1,7.099607,7.322329,7.203819,-3.179157,-3.424304,-3.530558,1.938727,-7.275059
458,True,Optimization terminated successfully.,2654,3965,22.526097,2.096376,0,1,-0.791921,-0.632363,-0.625614,0.230638,0.100408,-0.047405,-2.419577,4.015802
459,True,Optimization terminated successfully.,6417,9503,35.832634,2.742902,0,1,1.537323,1.680014,1.617475,-0.743257,-0.929170,-1.086074,-1.187174,0.741435
460,True,Optimization terminated successfully.,2278,3429,44.677691,3.139595,0,1,0.783314,0.993723,0.867917,-0.393306,-0.525610,-0.748511,-1.467295,1.768087
461,True,Optimization terminated successfully.,3347,4932,34.780965,2.934124,0,1,1.223265,1.281177,1.334014,-0.559651,-0.751830,-0.916726,-1.265558,1.207463
462,True,Optimization terminated successfully.,2580,3896,32.809970,3.687955,0,1,1.523102,1.680331,1.696972,-0.746648,-0.899820,-1.196633,-1.089755,0.732380
463,True,Optimization terminated successfully.,2243,3391,51.296456,3.292464,0,1,2.377145,2.452959,2.431142,-1.127807,-1.219544,-1.432550,-0.671604,-0.412940
464,True,Optimization terminated successfully.,3068,4549,50.860107,3.540478,0,1,0.643350,0.768908,0.785154,-0.466986,-0.560777,-0.752946,-1.627047,1.882809
465,True,Optimization terminated successfully.,3131,4706,29.662997,2.455383,0,1,2.869632,3.023458,2.981797,-1.342003,-1.493289,-1.662703,-0.369418,-1.217538
466,True,Optimization terminated successfully.,3160,4740,54.356085,3.255269,0,1,-3.515788,-3.454361,-3.504171,1.432439,1.315488,1.123554,-3.936835,7.937533
467,True,Optimization terminated successfully.,2817,4177,16.531741,2.035723,0,1,1.800213,1.889371,1.804271,-0.928554,-0.925831,-1.214568,-0.993347,0.401489
468,True,Optimization terminated successfully.,6972,10325,38.018910,2.555593,0,1,1.783873,1.873608,1.848107,-0.849804,-0.962047,-1.227459,-1.024673,0.387038
469,True,Optimization terminated successfully.,2377,3565,23.765586,2.322282,0,1,1.382654,1.502047,1.367758,-0.762216,-0.823230,-1.074340,-1.340779,0.910792
470,True,Optimization terminated successfully.,2606,3877,34.868869,2.908071,0,1,1.320765,1.426481,1.411145,-0.710363,-0.801588,-0.995027,-1.303691,1.057096
471,True,Optimization terminated successfully.,2964,4449,19.222276,2.297622,0,1,1.154613,1.350520,1.256980,-0.646848,-0.749360,-0.974465,-1.369183,1.231323
472,True,Optimization terminated successfully.,2940,4411,37.402820,3.542067,0,1,-0.676874,-0.506201,-0.559901,0.153139,0.092419,-0.131227,-2.395893,3.802299
473,True,Optimization terminated successfully.,2956,4438,25.752106,2.507415,0,1,-1.009862,-0.911049,-0.948687,0.369932,0.226718,0.022400,-2.522081,4.395702
474,True,Optimization terminated successfully.,8577,12791,50.331606,3.337015,0,1,0.914163,0.982896,0.935533,-0.449100,-0.608329,-0.838975,-1.481865,1.634479
475,True,Optimization terminated successfully.,1778,2705,18.406831,2.439457,0,1,1.223331,1.392863,1.307622,-0.603683,-0.728106,-0.980347,-1.257469,1.175865
476,True,Optimization terminated successfully.,2897,4321,35.063403,2.810485,0,1,1.469659,1.591769,1.586127,-0.722291,-0.808598,-1.063507,-1.116164,0.809247
477,True,Optimization terminated successfully.,2656,3988,40.097010,2.900656,0,1,0.162930,0.272153,0.350340,-0.148928,-0.345028,-0.581942,-1.946380,2.593802
478,True,Optimization terminated successfully.,2537,3787,40.327029,2.614035,0,1,0.846782,0.847562,0.927740,-0.436838,-0.528719,-0.851349,-1.513555,1.798742
479,True,Optimization terminated successfully.,2996,4461,27.660893,2.666512,0,1,3.179472,3.261094,3.296514,-1.479876,-1.557208,-1.862549,-0.304589,-1.592221
480,True,Optimization terminated successfully.,2654,3975,39.762903,2.712972,0,1,2.006405,2.185299,2.115122,-1.010362,-1.118391,-1.329506,-0.862351,-0.067290
481,True,Optimization terminated successfully.,3103,4653,32.005847,2.977705,1,0,28.613803,28.638498,28.575047,-12.581411,-12.686263,-12.896604,13.734123,-37.576505
482,True,Optimization terminated successfully.,2606,3863,14.184963,1.567226,0,1,1.076564,1.203079,1.116877,-0.544374,-0.708949,-0.917488,-1.430525,1.391195
483,True,Optimization terminated successfully.,2836,4214,33.706124,2.320133,0,1,-1.005171,-0.801935,-0.870490,0.312931,0.154764,0.010381,-2.477346,4.260449
484,True,Optimization terminated successfully.,2921,4344,49.110391,2.913338,0,1,1.422253,1.582230,1.537969,-0.703695,-0.798032,-1.061129,-1.073915,0.860834
485,True,Optimization terminated successfully.,2568,3838,37.753863,2.596539,0,1,-1.222217,-1.114244,-1.182877,0.444600,0.276840,0.096438,-2.788670,4.627373
486,True,Optimization terminated successfully.,3078,4606,56.831857,3.487571,1,0,-20.041543,-19.827205,-19.913473,8.644272,8.496056,8.298440,-12.918936,31.240396
487,True,Optimization terminated successfully.,2594,3895,17.799925,2.008557,0,1,1.741658,1.869107,1.763253,-0.860746,-0.962013,-1.199054,-1.074681,0.460044
488,True,Optimization terminated successfully.,2789,4168,34.767497,2.578345,0,1,1.724378,1.869714,1.928378,-0.863822,-0.970498,-1.245033,-1.027247,0.456759
489,True,Optimization terminated successfully.,3085,4586,30.767655,2.675151,0,1,2.390184,2.551136,2.436128,-1.129657,-1.254402,-1.539260,-0.688209,-0.503992
490,True,Optimization terminated successfully.,1963,2965,48.982297,3.907098,0,1,1.540741,1.751989,1.674275,-0.826386,-0.902329,-1.150080,-1.137986,0.642968
491,True,Optimization terminated successfully.,2440,3629,31.523956,2.674132,0,1,1.513106,1.595809,1.547014,-0.742172,-0.864386,-1.124030,-1.213828,0.769356
492,True,Optimization terminated successfully.,2630,3933,55.384901,4.161279,0,1,-7.954744,-7.880649,-7.913476,3.406833,3.243250,3.045739,-6.450006,14.216211
493,True,Optimization terminated successfully.,3189,4767,17.421640,2.091262,0,1,-0.197166,-0.050596,-0.188606,0.017925,-0.112618,-0.336759,-2.057409,3.205745
494,True,Optimization terminated successfully.,2934,4387,37.802749,3.174108,0,1,1.043073,1.153170,1.072113,-0.522086,-0.684223,-0.912045,-1.441990,1.407066
495,True,Optimization terminated successfully.,2172,3277,31.211690,2.331419,0,1,2.231961,2.352457,2.318618,-1.046850,-1.217367,-1.405978,-0.734536,-0.278365
496,True,Optimization terminated successfully.,2833,4221,25.299943,2.743322,0,1,1.757874,1.840473,1.824607,-0.795918,-0.950594,-1.152282,-0.964561,0.444046
497,True,Optimization terminated successfully.,2666,4006,32.574525,2.582460,0,1,5.267320,5.334265,5.360673,-2.426621,-2.555698,-2.702547,0.876334,-4.519858
498,True,Optimization terminated successfully.,2930,4392,32.600328,2.413961,0,1,1.942286,1.969762,2.026530,-0.904679,-1.060521,-1.291908,-0.956960,0.224219
499,True,Optimization terminated successfully.,2930,4415,60.286997,3.287869,0,1,-5.321666,-5.161005,-5.273450,2.283318,2.126812,1.922185,-4.952320,10.437422
500,True,Optimization terminated successfully.,2904,4348,40.440879,3.230367,0,1,4.190848,4.292362,4.326486,-1.992814,-2.093986,-2.270619,0.215757,-3.130289
501,True,Optimization terminated successfully.,2808,4197,44.452181,3.092447,0,1,1.052123,1.184070,1.065584,-0.595395,-0.698093,-0.819665,-1.422292,1.396211
502,True,Optimization terminated successfully.,2716,4063,17.024953,2.315679,0,1,15.044218,15.124019,15.144081,-6.618583,-6.760407,-6.946751,6.324407,-18.416373
503,True,Optimization terminated successfully.,2981,4424,40.010015,3.116475,0,1,1.193357,1.246792,1.257988,-0.606399,-0.775214,-0.916253,-1.321512,1.228069
504,True,Optimization terminated successfully.,2364,3512,22.561761,2.103229,0,1,0.744593,0.807717,0.760381,-0.491422,-0.503304,-0.703822,-1.673767,1.867679
505,True,Optimization terminated successfully.,2923,4369,31.592403,3.132129,0,1,-0.242719,-0.164950,-0.218535,0.013309,-0.147263,-0.329790,-2.179103,3.315476
506,True,Optimization terminated successfully.,3119,4643,33.308420,2.567393,0,1,1.565996,1.645760,1.625839,-0.771747,-0.932322,-1.059690,-1.129426,0.704626
507,True,Optimization terminated successfully.,3892,5746,34.512894,2.745416,0,1,1.555029,1.762498,1.736024,-0.817766,-0.963287,-1.193675,-1.141219,0.592132
508,True,Optimization terminated successfully.,2887,4308,39.783760,3.377415,0,1,0.113810,0.167290,0.191794,-0.148956,-0.270504,-0.487262,-1.984519,2.771710
509,True,Optimization terminated successfully.,2500,3758,30.994287,2.444489,0,1,1.706874,1.766948,1.732412,-0.871353,-0.991821,-1.185222,-1.182330,0.534080
510,True,Optimization terminated successfully.,2459,3697,40.044675,3.126774,0,1,0.800094,0.951762,0.929356,-0.472045,-0.520657,-0.816614,-1.530121,1.786254
511,True,Optimization terminated successfully.,2959,4401,36.806077,3.430883,0,1,2.597294,2.635348,2.678147,-1.228789,-1.299154,-1.562950,-0.566165,-0.707862
512,True,Optimization terminated successfully.,3111,4659,25.065079,2.595968,0,1,2.423914,2.659693,2.545462,-1.151796,-1.347500,-1.521820,-0.690419,-0.625746
513,True,Optimization terminated successfully.,2882,4315,49.250723,2.910679,0,1,2.082568,2.167769,2.121043,-1.001258,-1.068666,-1.302527,-0.876943,0.026549
514,True,Optimization terminated successfully.,2837,4240,23.476284,2.172169,0,1,0.876468,1.042370,0.948217,-0.512448,-0.623484,-0.848347,-1.530678,1.636947
515,True,Optimization terminated successfully.,2807,4208,32.709989,2.578210,0,1,2.181684,2.291838,2.250115,-0.998837,-1.159454,-1.322266,-0.669201,-0.101341
516,True,Optimization terminated successfully.,2842,4246,23.023658,2.484039,0,1,1.610584,1.733155,1.657380,-0.770032,-0.966369,-1.099876,-1.083200,0.649676
517,True,Optimization terminated successfully.,2937,4390,28.028848,2.552882,0,1,2.140478,2.263910,2.215252,-0.974734,-1.191721,-1.378401,-0.840505,-0.119379
518,True,Optimization terminated successfully.,2442,3640,13.575754,1.620023,0,1,1.347784,1.511379,1.411219,-0.683309,-0.770495,-0.951275,-1.176069,0.957165
519,True,Optimization terminated successfully.,2644,3950,21.884364,2.142485,0,1,1.557360,1.662545,1.590967,-0.730175,-0.856722,-1.053080,-1.153874,0.722964
520,True,Optimization terminated successfully.,2537,3789,37.678529,2.698635,0,1,1.398336,1.552164,1.493443,-0.736128,-0.809612,-1.041688,-1.223015,0.901715
521,True,Optimization terminated successfully.,3046,4527,28.741985,2.670509,0,1,4.358919,4.513322,4.471776,-1.994497,-2.138723,-2.348649,0.439576,-3.307831
522,True,Optimization terminated successfully.,1812,2754,19.754958,3.015138,0,1,0.594470,0.686306,0.590418,-0.385977,-0.498854,-0.643160,-1.734864,2.142192
523,True,Optimization terminated successfully.,3120,4631,21.697882,2.875439,0,1,2.448191,2.604102,2.613923,-1.129040,-1.278333,-1.511057,-0.564105,-0.608401
524,True,Optimization terminated successfully.,3015,4489,62.758705,3.550064,0,1,2.283851,2.361650,2.321687,-1.013287,-1.125771,-1.356989,-0.681142,-0.243584
525,True,Optimization terminated successfully.,2916,4327,40.791303,3.411733,0,1,0.372555,0.536192,0.371904,-0.263671,-0.386387,-0.577092,-1.872143,2.343799
526,True,Optimization terminated successfully.,2082,3143,30.684534,2.718409,0,1,1.426320,1.532759,1.612513,-0.692614,-0.800860,-1.052459,-1.264343,0.917789
527,True,Optimization terminated successfully.,1876,2867,56.737965,3.297802,0,1,1.245631,1.348169,1.417681,-0.562536,-0.723799,-0.964478,-1.226574,1.183671
528,True,Optimization terminated successfully.,2316,3448,36.818903,2.748174,0,1,1.422869,1.587630,1.508626,-0.714794,-0.863025,-1.039905,-1.215693,0.876811
529,True,Optimization terminated successfully.,2980,4443,36.600770,2.848030,0,1,1.156571,1.255803,1.214730,-0.650460,-0.747303,-0.935768,-1.464107,1.290950
530,True,Optimization terminated successfully.,2778,4161,52.560544,3.084091,0,1,-1.712427,-1.543248,-1.546899,0.682018,0.487471,0.308770,-2.947038,5.257248
531,True,Optimization terminated successfully.,2474,3676,22.964228,2.790909,0,1,1.881386,2.028227,2.000187,-0.867475,-1.002048,-1.279978,-0.989766,0.262671
532,True,Optimization terminated successfully.,2039,3095,213.532179,9.027231,0,1,0.757409,1.118398,1.098351,-0.064619,-0.581090,-0.909974,-1.214937,1.634216
533,True,Optimization terminated successfully.,3234,4791,29.867337,2.738160,0,1,0.484127,0.611638,0.525464,-0.309366,-0.446012,-0.625087,-1.740322,2.230578
534,True,Optimization terminated successfully.,2761,4120,45.092927,3.543563,0,1,1.306734,1.542424,1.449495,-0.644260,-0.859036,-1.068068,-1.298982,1.029352
535,True,Optimization terminated successfully.,2572,3831,17.630366,2.011245,0,1,1.138665,1.232916,1.212772,-0.580801,-0.693543,-0.939734,-1.426862,1.297074
536,True,Optimization terminated successfully.,3158,4729,46.120755,2.933322,0,1,0.972363,1.080166,1.008104,-0.571607,-0.720771,-0.864120,-1.512203,1.490663
537,True,Optimization terminated successfully.,3115,4634,42.435538,2.938261,0,1,1.916381,2.111415,2.019826,-0.985712,-1.075571,-1.310950,-0.913607,0.126286
538,True,Optimization terminated successfully.,2925,4364,33.118860,2.748177,0,1,1.924834,2.057596,2.038700,-0.912567,-1.066114,-1.282896,-0.998504,0.131122
539,True,Optimization terminated successfully.,3275,4858,26.569475,2.668383,0,1,2.482949,2.544876,2.490542,-1.171144,-1.271863,-1.523102,-0.677481,-0.527718
540,True,Optimization terminated successfully.,3008,4512,37.381070,3.250316,0,1,2.010950,2.179423,2.107675,-0.983509,-1.132280,-1.298400,-0.844196,0.055262
541,True,Optimization terminated successfully.,3122,4662,23.269026,2.125318,0,1,0.858668,0.965292,0.955728,-0.476083,-0.573799,-0.822039,-1.515700,1.690001
542,True,Optimization terminated successfully.,2669,3983,34.146767,3.123275,0,1,2.601888,2.713504,2.687299,-1.237695,-1.373201,-1.630360,-0.631766,-0.789161
543,True,Optimization terminated successfully.,2722,4051,10.103590,1.948503,0,1,1.190121,1.329285,1.206620,-0.601416,-0.685538,-0.951380,-1.338895,1.170759
544,True,Optimization terminated successfully.,2915,4363,23.187706,2.622205,0,1,-2.765580,-2.543423,-2.689180,1.133369,0.975244,0.776888,-3.440770,6.781856
545,True,Optimization terminated successfully.,2708,4014,37.873167,3.301819,0,1,1.850027,2.042397,1.934533,-0.882361,-1.005762,-1.246310,-0.933342,0.247491
546,True,Optimization terminated successfully.,2800,4173,28.118595,2.548857,0,1,1.872794,2.018217,2.049177,-0.855246,-1.038176,-1.294291,-0.910164,0.211020
547,True,Optimization terminated successfully.,3074,4585,50.723718,3.432751,0,1,1.386015,1.507043,1.435948,-0.742359,-0.855666,-1.054599,-1.286004,0.992233
548,True,Optimization terminated successfully.,3159,4729,25.265713,2.491141,0,1,4.836297,4.991482,4.920828,-2.184659,-2.316160,-2.577741,0.729529,-4.006988
549,True,Optimization terminated successfully.,2564,3853,29.681443,2.564715,0,1,0.996401,1.085214,1.063741,-0.537133,-0.665049,-0.895943,-1.406400,1.526522
550,True,Optimization terminated successfully.,2563,3834,34.309021,2.607589,0,1,1.700811,1.835598,1.763540,-0.865442,-0.947467,-1.158212,-1.065714,0.491818
551,True,Optimization terminated successfully.,2773,4120,51.850425,3.344000,0,1,1.704962,1.769520,1.758853,-0.824964,-0.949805,-1.174494,-1.025791,0.505559
552,True,Optimization terminated successfully.,3057,4545,27.346589,2.976551,0,1,0.029049,0.119070,0.079967,-0.090292,-0.267646,-0.438230,-2.014885,2.857176
553,True,Optimization terminated successfully.,2737,4082,35.183004,2.807593,0,1,1.490916,1.631076,1.555476,-0.784881,-0.862264,-1.085754,-1.190819,0.754405
554,True,Optimization terminated successfully.,2691,3991,38.450715,3.431735,0,1,0.355185,0.513460,0.464851,-0.281738,-0.416738,-0.642930,-1.847626,2.361572
555,True,Optimization terminated successfully.,2603,3890,25.296705,2.123516,0,1,3.740578,3.872172,3.809477,-1.747515,-1.875621,-2.021198,0.020936,-2.413235
556,True,Optimization terminated successfully.,1986,3008,47.294397,3.726498,0,1,1.665818,1.858935,1.753243,-0.756145,-0.996514,-1.106725,-1.054195,0.481936
557,True,Optimization terminated successfully.,2560,3816,25.323099,2.398032,0,1,0.572627,0.698178,0.637582,-0.429560,-0.476381,-0.692976,-1.774016,2.038603
558,True,Optimization terminated successfully.,2780,4155,26.232750,2.679408,0,1,1.773671,1.870773,1.812365,-0.823204,-0.938699,-1.151225,-1.021896,0.394290
559,True,Optimization terminated successfully.,2882,4298,25.684804,2.661784,0,1,1.260968,1.383088,1.387770,-0.615584,-0.756625,-0.902732,-1.267928,1.061343
560,True,Optimization terminated successfully.,3074,4604,58.283849,3.757094,0,1,-0.146286,0.039743,-0.096730,-0.048948,-0.163805,-0.398800,-2.024816,3.108191
561,True,Optimization terminated successfully.,2384,3557,42.702685,3.909849,0,1,1.405393,1.577461,1.492907,-0.747575,-0.814752,-1.084577,-1.283084,0.841127
562,True,Optimization terminated successfully.,3143,4691,28.414912,2.395061,0,1,2.234787,2.485141,2.408598,-1.013152,-1.234525,-1.500133,-0.686312,-0.345606
563,True,Optimization terminated successfully.,3234,4782,35.409423,2.455604,0,1,1.142479,1.299273,1.266474,-0.589016,-0.753850,-0.940361,-1.380875,1.264562
564,True,Optimization terminated successfully.,2675,4025,54.725463,3.403639,0,1,0.342539,0.492211,0.404663,-0.156374,-0.381059,-0.606592,-1.826517,2.433017
565,True,Optimization terminated successfully.,2867,4271,28.264879,2.558241,0,1,2.248892,2.341678,2.329433,-1.062120,-1.186850,-1.375809,-0.743403,-0.257734
566,True,Optimization terminated successfully.,2933,4401,30.749515,2.932344,0,1,2.012622,2.156247,2.157885,-0.939317,-1.050050,-1.352920,-0.859891,0.098287
567,True,Optimization terminated successfully.,2947,4391,43.505683,3.301005,0,1,2.743205,2.858847,2.779435,-1.306210,-1.516151,-1.620557,-0.556759,-0.964393
568,True,Optimization terminated successfully.,2540,3815,46.539264,3.363565,0,1,1.447015,1.563975,1.525342,-0.689433,-0.852787,-1.070923,-1.262249,0.863952
569,True,Optimization terminated successfully.,2949,4377,24.471905,2.972498,0,1,0.961897,1.023882,0.965703,-0.544106,-0.658510,-0.878658,-1.554229,1.588356
570,True,Optimization terminated successfully.,3166,4743,11.127249,1.528913,0,1,1.966040,2.127983,2.069049,-1.040559,-1.134111,-1.282585,-0.898995,0.068125
571,True,Optimization terminated successfully.,2579,3886,56.122310,4.288132,0,1,0.641530,0.795241,0.822235,-0.368421,-0.576908,-0.769709,-1.642623,1.952504
572,True,Optimization terminated successfully.,3048,4533,39.631343,3.138433,0,1,0.649802,0.882485,0.817056,-0.386427,-0.555691,-0.706465,-1.615376,1.882671
573,True,Optimization terminated successfully.,3046,4543,37.476782,2.777641,0,1,1.182564,1.287604,1.187722,-0.582905,-0.671786,-0.935137,-1.318325,1.250143
574,True,Optimization terminated successfully.,2871,4249,28.462773,2.366658,0,1,1.322826,1.451932,1.462910,-0.673320,-0.741685,-1.028463,-1.250110,0.951145
575,True,Optimization terminated successfully.,2853,4283,33.620893,2.700618,0,1,1.738207,1.869583,1.877221,-0.880450,-0.979261,-1.247470,-1.005559,0.410406
576,True,Optimization terminated successfully.,2863,4268,24.272846,2.460131,0,1,1.369624,1.583905,1.493276,-0.679849,-0.877402,-1.064967,-1.204904,0.874911
577,True,Optimization terminated successfully.,2758,4097,19.735761,1.987924,0,1,1.387033,1.472298,1.434463,-0.657480,-0.767839,-1.048977,-1.222506,0.969775
578,True,Optimization terminated successfully.,3225,4806,8.843256,1.431697,0,1,1.872046,2.100072,2.047352,-0.919829,-1.091815,-1.345029,-0.964855,0.149790
579,True,Optimization terminated successfully.,2499,3735,21.404629,2.045604,0,1,1.203952,1.311359,1.328384,-0.635967,-0.723644,-1.002641,-1.330734,1.121653
580,True,Optimization terminated successfully.,2938,4404,25.510942,2.114266,0,1,-2.446391,-2.351635,-2.415174,0.954843,0.754565,0.673944,-3.437989,6.385200
581,True,Optimization terminated successfully.,2693,4037,42.142430,2.882324,0,1,1.253924,1.239546,1.295264,-0.602850,-0.725014,-0.920744,-1.323186,1.153263
582,True,Optimization terminated successfully.,2577,3876,35.247143,3.394661,0,1,0.062260,0.273478,0.207886,-0.130765,-0.319654,-0.497539,-1.910683,2.748822
583,True,Optimization terminated successfully.,2987,4445,33.643976,2.874898,0,1,2.478427,2.594269,2.537495,-1.255987,-1.303574,-1.535270,-0.744710,-0.616933
584,True,Optimization terminated successfully.,2856,4236,37.551120,2.808199,0,1,1.317826,1.428647,1.400041,-0.689923,-0.808898,-1.068777,-1.248734,1.010797
585,True,Optimization terminated successfully.,3103,4587,38.146523,3.306205,0,1,2.699817,2.810698,2.810586,-1.294698,-1.396135,-1.682434,-0.491831,-0.927284
586,True,Optimization terminated successfully.,2851,4332,19.625719,1.972927,0,1,2.361920,2.545943,2.512829,-1.101749,-1.330977,-1.511646,-0.637855,-0.524731
587,True,Optimization terminated successfully.,2495,3707,42.009028,2.912899,0,1,1.440013,1.518532,1.601644,-0.730937,-0.823948,-1.078017,-1.205379,0.861885
588,True,Optimization terminated successfully.,2749,4096,23.594303,2.327075,0,1,1.623248,1.799919,1.791531,-0.811889,-0.984108,-1.091298,-1.055527,0.509931
589,True,Optimization terminated successfully.,3370,5002,41.375720,3.043802,0,1,2.681759,2.848000,2.734628,-1.316540,-1.420795,-1.608518,-0.540831,-0.913213
590,True,Optimization terminated successfully.,2706,4046,59.765468,3.171518,0,1,3.652431,3.812681,3.740698,-1.653169,-1.859920,-2.049469,-0.040042,-2.262094
591,True,Optimization terminated successfully.,2743,4096,31.653810,3.075220,0,1,2.527042,2.667763,2.580443,-1.175987,-1.346593,-1.491276,-0.513350,-0.646000
592,True,Optimization terminated successfully.,3089,4574,54.821033,4.042471,0,1,-2.177773,-2.018199,-2.081864,0.862938,0.714359,0.514305,-3.211403,5.991627
593,True,Optimization terminated successfully.,2921,4356,29.235207,2.647511,0,1,0.682036,0.812289,0.880532,-0.345719,-0.564920,-0.771855,-1.639722,1.892289
594,True,Optimization terminated successfully.,2940,4372,18.548576,2.022493,0,1,1.361097,1.488746,1.387255,-0.691284,-0.823706,-1.043335,-1.359878,0.981566
595,True,Optimization terminated successfully.,2896,4299,39.325914,3.143030,0,1,1.327197,1.413226,1.431271,-0.640586,-0.787434,-0.972965,-1.289293,1.039706
596,True,Optimization terminated successfully.,3220,4761,32.191381,2.787644,0,1,2.585420,2.695732,2.668345,-1.154222,-1.380739,-1.564743,-0.579274,-0.710236
597,True,Optimization terminated successfully.,1918,2918,29.735505,2.784716,0,1,0.989973,1.230707,1.175443,-0.535260,-0.718427,-0.943206,-1.402994,1.363784
598,True,Optimization terminated successfully.,3580,5308,30.110396,2.449916,0,1,0.848265,0.984611,0.893681,-0.474906,-0.568313,-0.816158,-1.556736,1.639009
599,True,Optimization terminated successfully.,2767,4147,29.630188,3.438835,0,1,1.960994,2.095447,1.958970,-0.977512,-1.072659,-1.240861,-0.913453,0.134463
600,True,Optimization terminated successfully.,3199,4754,32.058611,2.300661,0,1,1.114704,1.197720,1.136256,-0.567114,-0.709622,-0.925214,-1.399393,1.342341
601,True,Optimization terminated successfully.,2703,4043,24.681070,2.083003,0,1,1.139669,1.240895,1.214165,-0.620261,-0.681208,-0.853346,-1.386801,1.337321
602,True,Optimization terminated successfully.,2520,3774,40.496155,2.948479,0,1,1.232930,1.332144,1.298088,-0.648677,-0.785907,-0.957173,-1.349865,1.161671
603,True,Optimization terminated successfully.,3024,4513,25.857908,2.524459,0,1,1.002120,1.163205,1.058071,-0.526675,-0.670228,-0.887961,-1.425843,1.463786
604,True,Optimization terminated successfully.,3024,4475,33.629670,2.650919,0,1,0.165375,0.316204,0.269218,-0.133440,-0.352479,-0.460177,-1.859329,2.630087
605,True,Optimization terminated successfully.,3043,4527,33.654893,2.496931,0,1,0.278929,0.394350,0.368486,-0.214512,-0.386069,-0.655840,-1.861087,2.456788
606,True,Optimization terminated successfully.,2500,3736,55.270597,2.885294,0,1,1.734387,1.906967,1.774014,-0.862286,-1.059173,-1.162521,-1.050724,0.450738
607,True,Optimization terminated successfully.,2990,4500,22.563914,2.714865,0,1,-2.882448,-2.763599,-2.942317,1.145206,0.988826,0.863552,-3.584216,6.985228
608,True,Optimization terminated successfully.,2275,3394,36.379550,3.052742,0,1,0.517088,0.622246,0.585803,-0.246108,-0.393522,-0.638992,-1.646454,2.219571
609,True,Optimization terminated successfully.,3100,4628,40.783851,2.836823,0,1,2.552088,2.662524,2.596116,-1.155874,-1.376255,-1.575612,-0.592691,-0.689440
610,True,Optimization terminated successfully.,2751,4143,40.649540,2.956684,0,1,1.748392,1.888283,1.826081,-0.823201,-0.990352,-1.242068,-1.047480,0.462874
611,True,Optimization terminated successfully.,2687,4016,27.952944,2.563315,0,1,1.141722,1.290277,1.241156,-0.606211,-0.708841,-0.944041,-1.381996,1.255583
612,True,Optimization terminated successfully.,2658,3974,50.840597,3.296063,0,1,1.971225,1.973451,1.957376,-0.943197,-1.060001,-1.307019,-0.926655,0.233583
613,True,Optimization terminated successfully.,3254,4781,34.107776,2.934848,0,1,1.751983,1.822962,1.851488,-0.843895,-0.978401,-1.206262,-1.057631,0.446156
614,True,Optimization terminated successfully.,2619,3929,27.415875,2.525502,0,1,2.622017,2.739126,2.762787,-1.164608,-1.347771,-1.596479,-0.562693,-0.815685
615,True,Optimization terminated successfully.,2480,3708,32.464380,2.886419,0,1,0.495406,0.640071,0.598048,-0.273479,-0.392905,-0.642782,-1.712765,2.219753
616,True,Optimization terminated successfully.,2522,3743,35.408616,3.469327,0,1,1.410458,1.565961,1.431591,-0.704139,-0.806866,-1.034751,-1.280169,0.925059
617,True,Optimization terminated successfully.,2747,4122,21.684120,2.690828,0,1,-2.311938,-2.182554,-2.330716,0.921261,0.769035,0.602913,-3.283324,6.184334
618,True,Optimization terminated successfully.,3111,4663,45.168682,3.029145,1,0,20.152170,20.380816,20.273267,-8.883267,-9.047162,-9.268087,9.160059,-25.687683
619,True,Optimization terminated successfully.,3064,4593,17.423346,2.178063,0,1,10.167707,10.222045,10.213885,-4.499837,-4.582643,-4.841329,3.656802,-11.431927
620,True,Optimization terminated successfully.,2457,3664,36.283033,2.636105,0,1,2.032722,2.103524,2.047001,-0.993399,-1.107382,-1.314481,-0.936988,0.058945
621,True,Optimization terminated successfully.,2786,4196,23.043790,2.716879,0,1,7.169613,7.292561,7.175241,-3.214809,-3.328531,-3.569249,1.930161,-7.267954
622,True,Optimization terminated successfully.,2817,4214,31.652440,2.682247,0,1,1.241572,1.355290,1.333040,-0.599605,-0.770020,-0.961069,-1.267761,1.131186
623,True,Optimization terminated successfully.,2525,3772,41.610229,3.044290,0,1,1.755189,1.882947,1.794004,-0.849511,-0.941669,-1.165036,-0.949708,0.404570
624,True,Optimization terminated successfully.,2865,4291,24.685645,2.333029,0,1,1.533108,1.703150,1.639683,-0.715223,-0.895306,-1.077967,-1.146375,0.718924
625,True,Optimization terminated successfully.,2833,4221,30.949094,2.682560,0,1,1.277783,1.364465,1.414501,-0.652040,-0.779582,-0.960510,-1.290906,1.082739
626,True,Optimization terminated successfully.,2362,3547,51.304784,3.355280,0,1,1.426186,1.582106,1.542093,-0.765274,-0.857075,-1.046845,-1.160479,0.831348
627,True,Optimization terminated successfully.,3351,4975,49.684738,3.409537,0,1,1.421286,1.549106,1.535308,-0.744367,-0.838120,-1.102481,-1.179806,0.819111
628,True,Optimization terminated successfully.,2967,4404,27.534915,2.383667,0,1,2.296054,2.456024,2.333777,-1.064065,-1.208735,-1.480129,-0.756011,-0.339356
629,True,Optimization terminated successfully.,2675,4028,38.414476,3.669050,0,1,-0.444656,-0.276370,-0.299619,0.162252,-0.053973,-0.233418,-2.133389,3.518099
630,True,Optimization terminated successfully.,2807,4158,21.438157,2.248925,0,1,0.815322,1.044481,0.860649,-0.417447,-0.619128,-0.833039,-1.568216,1.742453
631,True,Optimization terminated successfully.,2724,4085,36.739722,3.180532,0,1,-0.628121,-0.530183,-0.562610,0.158759,0.013180,-0.174142,-2.401341,3.845711
632,True,Optimization terminated successfully.,2803,4193,37.505158,3.393174,0,1,2.684065,2.750025,2.731293,-1.256735,-1.424438,-1.633828,-0.610994,-0.885952
633,True,Optimization terminated successfully.,2620,3922,27.432399,2.433476,0,1,2.144087,2.320162,2.214162,-1.059524,-1.159048,-1.458579,-0.840822,-0.203296
634,True,Optimization terminated successfully.,2514,3752,26.649660,2.654044,0,1,1.674807,1.741895,1.769965,-0.817517,-0.885556,-1.158330,-1.076847,0.503840
635,True,Optimization terminated successfully.,2216,3316,39.071468,2.648446,0,1,1.916734,2.010708,1.987053,-0.931457,-0.972120,-1.209855,-0.909578,0.240369
636,True,Optimization terminated successfully.,2520,3769,29.013068,3.079182,0,1,2.218103,2.399810,2.305493,-1.077086,-1.237879,-1.411390,-0.804410,-0.313882
637,True,Optimization terminated successfully.,2944,4406,59.980826,4.284349,0,1,2.234648,2.310652,2.279473,-1.054969,-1.162400,-1.435269,-0.780275,-0.233074
638,True,Optimization terminated successfully.,2756,4115,39.967605,3.284800,0,1,1.746504,1.847113,1.840577,-0.896705,-1.010987,-1.182100,-1.012923,0.430575
639,True,Optimization terminated successfully.,2571,3818,19.228729,2.116267,0,1,1.628987,1.780940,1.708904,-0.798449,-0.899120,-1.114715,-1.018589,0.600763
640,True,Optimization terminated successfully.,3008,4443,31.876626,3.113366,0,1,1.509166,1.600308,1.628019,-0.698287,-0.871752,-1.091910,-1.134939,0.777829
641,True,Optimization terminated successfully.,2610,3884,24.182857,2.843779,0,1,1.617537,1.665576,1.721493,-0.850823,-0.905655,-1.206783,-1.098646,0.629342
642,True,Optimization terminated successfully.,3026,4517,36.083879,3.530195,0,1,0.649416,0.816939,0.675308,-0.451177,-0.569877,-0.693262,-1.637447,1.973935
643,True,Optimization terminated successfully.,2337,3510,49.200995,3.162720,0,1,1.698548,1.778243,1.734447,-0.822730,-0.959495,-1.161433,-1.123817,0.506552
644,True,Optimization terminated successfully.,3088,4623,24.399427,2.684883,0,1,0.023610,0.157866,0.132695,-0.154440,-0.275862,-0.449510,-2.015036,2.857214
645,True,Optimization terminated successfully.,3167,4679,17.544212,2.091005,0,1,0.967979,1.086807,1.066993,-0.494528,-0.628740,-0.907707,-1.431116,1.513904
646,True,Optimization terminated successfully.,2856,4248,15.994633,1.807702,0,1,-1.607061,-1.442588,-1.541897,0.614834,0.404428,0.249971,-2.910913,5.190085
647,True,Optimization terminated successfully.,2686,4014,52.686543,3.144665,0,1,-1.462473,-1.307248,-1.342888,0.556242,0.410049,0.122565,-2.731740,4.974011
648,True,Optimization terminated successfully.,3177,4755,48.718504,3.546821,1,0,16.175786,16.291723,16.205229,-7.124167,-7.289657,-7.533827,6.961548,-20.022920
649,True,Optimization terminated successfully.,2677,3999,36.734260,3.012772,0,1,1.215422,1.304743,1.257116,-0.566178,-0.728003,-0.957898,-1.308205,1.187582
650,True,Optimization terminated successfully.,2706,4030,31.145053,3.298422,0,1,1.186038,1.293084,1.271915,-0.640036,-0.739013,-0.950288,-1.391978,1.238540
651,True,Optimization terminated successfully.,2775,4135,43.267001,3.817267,0,1,-3.043132,-2.921158,-2.970621,1.164662,1.077921,0.911046,-3.667632,7.185487
652,True,Optimization terminated successfully.,2973,4421,20.548071,2.628885,0,1,6.162340,6.262153,6.190839,-2.773761,-2.944943,-3.161268,1.376956,-5.800210
653,True,Optimization terminated successfully.,2792,4189,31.658348,2.391362,0,1,0.948959,0.976784,0.951359,-0.540975,-0.641433,-0.790287,-1.575949,1.638973
654,True,Optimization terminated successfully.,3129,4628,37.173632,3.390351,0,1,0.000568,0.114240,0.081193,-0.069991,-0.231968,-0.361490,-1.917885,2.883427
655,True,Optimization terminated successfully.,2815,4209,27.160395,2.302754,0,1,0.286092,0.443015,0.380178,-0.206219,-0.377170,-0.518065,-1.755812,2.440493
656,True,Optimization terminated successfully.,3548,5216,24.289132,2.545683,0,1,1.869017,2.041384,1.988590,-0.914522,-1.086912,-1.269665,-0.957151,0.183740
657,True,Optimization terminated successfully.,2732,4097,31.245294,3.765674,0,1,1.615142,1.740898,1.734091,-0.731120,-0.946882,-1.115096,-1.068273,0.579095
658,True,Optimization terminated successfully.,3029,4486,62.817634,3.465432,0,1,1.149780,1.305135,1.226719,-0.647021,-0.766856,-0.955719,-1.413907,1.280721
659,True,Optimization terminated successfully.,2961,4460,38.150366,2.693975,0,1,7.163549,7.219288,7.239253,-3.210026,-3.305156,-3.535522,1.979545,-7.253852
660,True,Optimization terminated successfully.,3898,5750,37.942965,3.036839,0,1,1.125238,1.209079,1.171036,-0.624868,-0.718894,-0.931989,-1.369722,1.342643
661,True,Optimization terminated successfully.,3087,4605,31.551568,3.065227,0,1,1.786203,1.862320,1.849487,-0.901864,-1.004756,-1.212071,-0.987183,0.417131
662,True,Optimization terminated successfully.,2659,3991,22.295093,2.411068,0,1,3.548099,3.601116,3.590549,-1.654463,-1.713612,-1.901664,-0.017271,-2.044995
663,True,Optimization terminated successfully.,3567,5336,38.396009,2.671050,0,1,1.229998,1.382590,1.387367,-0.654821,-0.836701,-1.025116,-1.324490,1.108530
664,True,Optimization terminated successfully.,3559,5267,22.602433,2.019110,0,1,4.965406,5.055733,5.026230,-2.260861,-2.299990,-2.590940,0.758405,-4.121787
665,True,Optimization terminated successfully.,3119,4661,22.139110,2.433249,0,1,1.443490,1.643506,1.487458,-0.752660,-0.801807,-1.066729,-1.198316,0.839843
666,True,Optimization terminated successfully.,2957,4436,25.576234,2.300073,0,1,1.252388,1.379903,1.444707,-0.664103,-0.798818,-0.986578,-1.314437,1.127415
667,True,Optimization terminated successfully.,3221,4835,47.586379,3.473311,0,1,-8.210825,-8.098295,-8.176358,3.621751,3.345838,3.141567,-6.516924,14.557649
668,True,Optimization terminated successfully.,2854,4261,18.750894,2.340997,0,1,4.568894,4.724067,4.657348,-2.057089,-2.236262,-2.439773,0.519658,-3.580123
669,True,Optimization terminated successfully.,2613,3937,30.731127,2.898193,0,1,0.842608,0.920378,0.818629,-0.497671,-0.577823,-0.798940,-1.591441,1.694517
670,True,Optimization terminated successfully.,2970,4432,41.632804,3.203679,0,1,0.684006,0.818526,0.765362,-0.363392,-0.571540,-0.812008,-1.672849,1.967577
671,True,Optimization terminated successfully.,3202,4812,45.431146,2.990705,0,1,8.216621,8.297561,8.342283,-3.691156,-3.827575,-4.062063,2.554891,-8.769550
672,True,Optimization terminated successfully.,2646,3930,34.380816,2.629622,0,1,1.093134,1.169466,1.131672,-0.613314,-0.717779,-0.868698,-1.408102,1.389484
673,True,Optimization terminated successfully.,2735,4064,30.209918,2.505031,0,1,-0.370580,-0.310218,-0.385798,0.039182,-0.023020,-0.235773,-2.293024,3.492666
674,True,Optimization terminated successfully.,3099,4609,32.361418,2.633300,0,1,1.915558,2.092091,1.994212,-0.847622,-0.999730,-1.290011,-0.898503,0.224730
675,True,Optimization terminated successfully.,2430,3667,34.375993,2.639600,0,1,2.661762,2.759221,2.663815,-1.284127,-1.374568,-1.633982,-0.629484,-0.907923
676,True,Optimization terminated successfully.,2843,4238,22.058356,2.280911,0,1,1.082504,1.247403,1.176310,-0.557214,-0.708415,-0.892143,-1.367608,1.349320
677,True,Optimization terminated successfully.,3205,4796,23.888788,2.362583,0,1,2.665089,2.829945,2.795305,-1.324148,-1.445054,-1.605568,-0.537281,-0.927279
678,True,Optimization terminated successfully.,2551,3813,46.773607,3.511937,0,1,2.994580,3.155782,3.140758,-1.369573,-1.533722,-1.811542,-0.280008,-1.416731
679,True,Optimization terminated successfully.,2855,4242,27.302933,2.505643,0,1,1.086559,1.222533,1.183345,-0.616485,-0.654506,-0.934956,-1.303545,1.361320
680,True,Optimization terminated successfully.,2789,4147,31.841493,2.503690,0,1,1.322194,1.401758,1.418331,-0.667869,-0.736423,-0.960590,-1.306433,1.058398
681,True,Optimization terminated successfully.,2742,4088,23.714200,2.267259,0,1,0.556911,0.694345,0.652414,-0.375470,-0.534862,-0.679558,-1.693980,2.032472
682,True,Optimization terminated successfully.,3062,4581,39.492564,2.915192,0,1,-9.864690,-9.677587,-9.726328,4.124866,4.025445,3.805772,-7.426000,16.776472
683,True,Optimization terminated successfully.,2616,3912,55.679463,3.858100,0,1,0.287405,0.437470,0.330879,-0.220507,-0.357478,-0.592930,-1.800530,2.450584
684,True,Optimization terminated successfully.,2445,3669,45.373318,3.408794,0,1,2.042402,2.170125,2.117961,-0.997828,-1.186902,-1.327350,-0.930875,0.016987
685,True,Optimization terminated successfully.,2632,3944,19.887260,2.490943,0,1,1.347736,1.543746,1.440103,-0.634271,-0.770142,-1.047334,-1.225107,0.896942
686,True,Optimization terminated successfully.,2521,3784,45.287063,3.068350,0,1,1.401967,1.448124,1.505660,-0.723628,-0.834866,-1.007935,-1.231506,0.914013
687,True,Optimization terminated successfully.,2882,4281,33.039755,2.516707,0,1,1.883014,1.989241,1.936742,-0.926688,-1.074217,-1.302983,-1.068243,0.224945
688,True,Optimization terminated successfully.,2865,4271,34.039021,2.982674,0,1,1.701289,1.931845,1.775251,-0.892833,-1.009010,-1.173839,-1.086314,0.383849
689,True,Optimization terminated successfully.,2416,3604,27.436822,3.244292,0,1,1.618159,1.704053,1.687974,-0.786199,-0.887521,-1.140042,-1.139190,0.646717
690,True,Optimization terminated successfully.,2991,4463,46.142371,3.587441,0,1,-0.055974,-0.000194,0.001708,-0.076967,-0.165226,-0.422562,-2.007856,3.053310
691,True,Optimization terminated successfully.,2651,3957,22.396236,2.574255,0,1,1.337194,1.471297,1.439078,-0.735767,-0.792533,-1.042050,-1.202293,0.948399
692,True,Optimization terminated successfully.,2773,4154,47.964789,3.478304,0,1,1.998360,2.225181,2.196724,-0.953643,-1.158660,-1.386153,-0.937245,-0.035520
693,True,Optimization terminated successfully.,2519,3794,38.839960,2.937790,0,1,1.874912,2.001552,1.930818,-0.955945,-0.985209,-1.286959,-1.040388,0.250831
694,True,Optimization terminated successfully.,2490,3708,35.668282,2.791297,0,1,2.461901,2.581692,2.551307,-1.130762,-1.262664,-1.534643,-0.622774,-0.579227
695,True,Optimization terminated successfully.,3029,4515,34.449524,2.973108,0,1,-1.322704,-1.208384,-1.246797,0.516507,0.407462,0.156670,-2.717761,4.769131
696,True,Optimization terminated successfully.,2572,3872,59.956907,3.772090,0,1,0.904785,1.017658,0.958678,-0.556332,-0.657960,-0.912758,-1.480249,1.614896
697,True,Optimization terminated successfully.,2516,3762,18.868189,2.104295,0,1,12.331175,12.450912,12.405433,-5.458095,-5.560477,-5.843696,4.844403,-14.504032
698,True,Optimization terminated successfully.,2227,3300,49.961248,4.015779,0,1,1.703820,1.893592,1.832956,-0.857214,-1.009636,-1.219878,-1.082174,0.390703
699,True,Optimization terminated successfully.,2585,3867,51.114827,3.417984,0,1,1.447869,1.574297,1.562136,-0.720210,-0.846154,-1.113109,-1.218630,0.829634
700,True,Optimization terminated successfully.,3170,4734,31.113674,3.073717,0,1,7.222672,7.304435,7.225771,-3.258096,-3.359029,-3.499535,2.000485,-7.254800
701,True,Optimization terminated successfully.,2784,4120,54.945785,4.081626,0,1,1.656430,1.777975,1.713545,-0.853915,-0.907716,-1.128182,-1.054161,0.566113
702,True,Optimization terminated successfully.,2781,4152,24.138752,2.082195,0,1,0.477714,0.671202,0.572062,-0.284701,-0.461523,-0.679058,-1.700071,2.161402
703,True,Optimization terminated successfully.,2781,4195,41.372892,2.631856,0,1,0.265695,0.421411,0.288022,-0.159679,-0.346273,-0.517398,-1.911764,2.553934
704,True,Optimization terminated successfully.,2624,3920,21.184744,2.361592,0,1,0.159062,0.262665,0.254104,-0.152622,-0.319981,-0.501699,-1.862903,2.686584
705,True,Optimization terminated successfully.,2471,3718,15.219301,1.930506,0,1,2.010850,2.207231,2.125769,-0.959457,-1.130007,-1.270276,-0.899199,0.008067
706,True,Optimization terminated successfully.,2976,4427,37.416990,3.031434,0,1,2.287438,2.437084,2.381588,-1.075289,-1.304777,-1.492092,-0.795437,-0.379330
707,True,Optimization terminated successfully.,3511,5217,19.831348,2.106148,0,1,-1.402574,-1.271149,-1.307296,0.493313,0.364366,0.112477,-2.805310,4.833249
708,True,Optimization terminated successfully.,3081,4599,28.547698,2.721663,0,1,1.130428,1.254693,1.298982,-0.584149,-0.652023,-0.972636,-1.330860,1.290488
709,True,Optimization terminated successfully.,3118,4640,17.639999,2.383500,0,1,0.232297,0.404991,0.378626,-0.207236,-0.408420,-0.625035,-1.907216,2.488102
710,True,Optimization terminated successfully.,2707,4040,29.576249,2.979451,0,1,2.546414,2.733750,2.714062,-1.224223,-1.356129,-1.559272,-0.590152,-0.787370
711,True,Optimization terminated successfully.,2844,4266,23.337564,2.187218,0,1,2.329370,2.483849,2.412137,-1.137512,-1.256953,-1.488401,-0.733978,-0.442990
712,True,Optimization terminated successfully.,3272,4893,55.731360,3.733690,0,1,1.931420,2.059649,2.061765,-0.894863,-1.109334,-1.344818,-0.937410,0.154357
713,True,Optimization terminated successfully.,3269,4834,51.281206,3.956331,0,1,2.211392,2.301772,2.238749,-1.074781,-1.194882,-1.468758,-0.865807,-0.212672
714,True,Optimization terminated successfully.,2891,4363,47.081152,3.612924,0,1,13.020805,13.091700,13.052950,-5.745114,-5.839506,-6.046425,5.223360,-15.478234
715,True,Optimization terminated successfully.,2872,4292,43.328290,3.004858,0,1,2.386255,2.483558,2.525442,-1.107364,-1.259442,-1.491263,-0.611784,-0.471431
716,True,Optimization terminated successfully.,2606,3905,32.727523,2.657406,0,1,1.482906,1.648742,1.591927,-0.744421,-0.859625,-1.122838,-1.201995,0.685609
717,True,Optimization terminated successfully.,2697,3992,49.178182,3.209627,0,1,1.008361,1.135877,1.061989,-0.529867,-0.700262,-0.904848,-1.445608,1.450394
718,True,Optimization terminated successfully.,2703,4029,39.519224,3.031445,0,1,0.745042,0.909393,0.882820,-0.398435,-0.538136,-0.750706,-1.535069,1.797969
719,True,Optimization terminated successfully.,2481,3728,40.735189,3.323024,0,1,1.331919,1.559360,1.484622,-0.669512,-0.849772,-1.017661,-1.198443,0.907202
720,True,Optimization terminated successfully.,2877,4290,35.173421,2.889816,0,1,0.970135,1.189574,1.113285,-0.520458,-0.743797,-0.886634,-1.460041,1.472557
721,True,Optimization terminated successfully.,2573,3850,34.401805,2.828651,0,1,1.427207,1.525673,1.554549,-0.725171,-0.783133,-1.067296,-1.178591,0.962607
722,True,Optimization terminated successfully.,2876,4282,27.165502,2.377090,0,1,-0.983097,-0.853030,-0.966676,0.350530,0.225794,-0.089065,-2.560128,4.290143
723,True,Optimization terminated successfully.,2443,3648,46.659852,2.831382,0,1,2.845196,2.964758,2.916358,-1.341421,-1.396095,-1.688299,-0.445885,-1.127788
724,True,Optimization terminated successfully.,3073,4608,19.004222,2.058896,0,1,2.773153,2.953162,2.872797,-1.283318,-1.445354,-1.633782,-0.408133,-1.065834
725,True,Optimization terminated successfully.,2932,4346,38.520411,2.597449,0,1,0.637295,0.780209,0.722975,-0.397776,-0.489034,-0.714366,-1.653797,2.025720
726,True,Optimization terminated successfully.,3450,5129,27.990141,2.471355,0,1,11.369591,11.526108,11.488418,-5.064409,-5.254092,-5.429398,4.238040,-13.279013
727,True,Optimization terminated successfully.,2907,4335,25.569727,2.519428,0,1,-0.015000,0.099177,0.088922,-0.061005,-0.196069,-0.438673,-1.942014,2.904686
728,True,Optimization terminated successfully.,2570,3863,32.633140,2.655959,0,1,1.109458,1.215060,1.149257,-0.494344,-0.663172,-0.900937,-1.316979,1.389861
729,True,Optimization terminated successfully.,3145,4669,43.158536,3.215054,0,1,2.000092,2.221156,2.216928,-0.912248,-1.174735,-1.381209,-0.831952,-0.053591
730,True,Optimization terminated successfully.,3192,4800,37.135632,2.528919,0,1,3.916506,4.071844,4.015259,-1.841572,-1.933496,-2.137888,0.130624,-2.678015
731,True,Optimization terminated successfully.,2600,3912,53.232252,3.350638,0,1,1.755579,1.829286,1.826654,-0.802277,-1.011580,-1.220382,-1.054425,0.431646
732,True,Optimization terminated successfully.,4621,6850,19.252802,2.727607,0,1,1.098188,1.253257,1.113980,-0.575698,-0.727353,-0.907167,-1.390344,1.362259
733,True,Optimization terminated successfully.,2965,4436,34.213517,3.130641,0,1,2.181908,2.309827,2.345728,-1.110566,-1.150604,-1.341102,-0.699101,-0.220960
734,True,Optimization terminated successfully.,2630,3890,52.504220,3.565903,0,1,1.695661,1.752828,1.866686,-0.815842,-0.937177,-1.229100,-1.033811,0.483249
735,True,Optimization terminated successfully.,3084,4616,21.095138,2.590080,0,1,2.351803,2.458433,2.449660,-1.192678,-1.218884,-1.492549,-0.844817,-0.446251
736,True,Optimization terminated successfully.,3108,4622,42.502104,3.404519,0,1,2.353116,2.567121,2.510968,-1.152384,-1.315566,-1.510002,-0.664600,-0.510808
737,True,Optimization terminated successfully.,2819,4168,46.204088,2.999648,0,1,0.163919,0.291290,0.271815,-0.165957,-0.319641,-0.546350,-1.906290,2.715696
738,True,Optimization terminated successfully.,2881,4310,12.197979,1.741048,0,1,1.445267,1.632448,1.510690,-0.694140,-0.784581,-1.088155,-1.154595,0.855985
739,True,Optimization terminated successfully.,2969,4396,14.908094,1.791730,0,1,0.890226,1.073742,0.943445,-0.448257,-0.646532,-0.866027,-1.508873,1.629523
740,True,Optimization terminated successfully.,2622,3928,17.019350,2.685675,0,1,2.925549,3.053188,3.051696,-1.288521,-1.453211,-1.738097,-0.316802,-1.232279
741,True,Optimization terminated successfully.,2987,4419,47.475913,3.984561,0,1,1.105461,1.216511,1.108925,-0.543973,-0.671470,-0.870329,-1.366117,1.326976
742,True,Optimization terminated successfully.,2923,4355,41.265710,2.704336,0,1,1.176166,1.341085,1.204638,-0.579374,-0.735874,-0.981678,-1.362622,1.228703
743,True,Optimization terminated successfully.,3182,4709,21.070994,2.307459,0,1,2.135427,2.300353,2.182440,-1.011349,-1.184866,-1.381685,-0.808413,-0.173323
744,True,Optimization terminated successfully.,2754,4108,16.270444,2.048224,0,1,1.984756,2.079992,2.075447,-0.985527,-1.178067,-1.366659,-0.956082,0.094272
745,True,Optimization terminated successfully.,2868,4278,25.510020,2.748084,0,1,1.810979,1.905502,1.897373,-0.887045,-1.030852,-1.204339,-1.024448,0.342326
746,True,Optimization terminated successfully.,2983,4421,36.283823,2.954776,0,1,1.198121,1.374721,1.272325,-0.602693,-0.752873,-0.988784,-1.319083,1.146587
747,True,Optimization terminated successfully.,3063,4566,45.408674,3.318940,0,1,1.342687,1.498988,1.429718,-0.758281,-0.816687,-1.074902,-1.275303,0.980346
748,True,Optimization terminated successfully.,2876,4303,59.628983,3.785792,0,1,0.992307,1.175549,1.100625,-0.536741,-0.674561,-0.900462,-1.485615,1.445701
749,True,Optimization terminated successfully.,2972,4445,20.269585,1.812281,0,1,-8.310010,-8.192675,-8.202492,3.538650,3.341863,3.213225,-6.626431,14.664645
750,True,Optimization terminated successfully.,2707,4061,32.075755,2.851376,0,1,1.874435,2.033802,2.040349,-0.891031,-1.026221,-1.230411,-0.951797,0.197546
751,True,Optimization terminated successfully.,3122,4680,44.882726,3.360674,1,0,18.210176,18.301607,18.283592,-7.997716,-8.125622,-8.344871,8.116501,-22.862618
752,True,Optimization terminated successfully.,2940,4395,39.691742,3.112386,0,1,-2.318636,-2.215117,-2.248322,0.981050,0.812183,0.541290,-3.271244,6.210906
753,True,Optimization terminated successfully.,2926,4339,31.817293,2.691316,0,1,0.878194,1.021098,0.927266,-0.478959,-0.693012,-0.830956,-1.487367,1.626200
754,True,Optimization terminated successfully.,2613,3889,33.997781,3.274946,0,1,1.588229,1.700514,1.686983,-0.797013,-0.897114,-1.108651,-1.109728,0.652028
755,True,Optimization terminated successfully.,3339,4989,21.080993,2.136231,0,1,1.154323,1.271890,1.213963,-0.551175,-0.713760,-0.944005,-1.317217,1.280470
756,True,Optimization terminated successfully.,2921,4319,24.658231,2.441710,0,1,1.814116,1.905889,1.857547,-0.892820,-0.988951,-1.175312,-1.008796,0.342672
757,True,Optimization terminated successfully.,2999,4495,31.276821,2.236515,0,1,1.444129,1.679235,1.620120,-0.773745,-0.937541,-1.126104,-1.203427,0.737301
758,True,Optimization terminated successfully.,2863,4275,55.534965,3.628836,0,1,1.595638,1.690942,1.633616,-0.786299,-0.921875,-1.080869,-1.082344,0.635025
759,True,Optimization terminated successfully.,3249,4860,40.536068,2.986886,0,1,-0.285371,-0.225614,-0.220051,0.064774,-0.062566,-0.310056,-2.169786,3.363991
760,True,Optimization terminated successfully.,2888,4340,55.593553,3.327700,0,1,1.802302,1.982254,1.954263,-0.911846,-1.050003,-1.316611,-0.956531,0.246249
761,True,Optimization terminated successfully.,2927,4342,26.112520,2.742689,0,1,2.083358,2.211805,2.234390,-0.986207,-1.114643,-1.341731,-0.845981,-0.097990
762,True,Optimization terminated successfully.,2474,3687,30.193695,3.176767,0,1,1.667321,1.836478,1.832030,-0.843050,-1.018714,-1.193738,-1.126781,0.465803
763,True,Optimization terminated successfully.,3460,5166,27.207376,2.504924,0,1,1.693620,1.824743,1.828662,-0.880794,-0.967748,-1.246768,-1.074527,0.460706
764,True,Optimization terminated successfully.,2843,4247,52.998947,3.330157,0,1,2.689754,2.796867,2.731522,-1.279710,-1.333429,-1.553513,-0.441854,-0.861989
765,True,Optimization terminated successfully.,2437,3638,42.508887,2.999200,0,1,1.429544,1.565850,1.504838,-0.767296,-0.853799,-1.082616,-1.271548,0.846079
766,True,Optimization terminated successfully.,3104,4609,35.556690,2.474464,0,1,-2.033017,-1.901151,-1.947629,0.774825,0.595186,0.481521,-3.082057,5.790235
767,True,Optimization terminated successfully.,2815,4194,54.683907,3.292547,0,1,1.269192,1.506332,1.473707,-0.666822,-0.817918,-1.030122,-1.248691,0.994757
768,True,Optimization terminated successfully.,3249,4825,18.809608,2.039972,0,1,-0.580624,-0.431243,-0.467545,0.136734,0.003117,-0.160491,-2.283988,3.692610
769,True,Optimization terminated successfully.,2778,4139,40.579194,2.844754,0,1,1.341506,1.405619,1.388764,-0.656692,-0.778387,-1.017700,-1.239203,1.033523
770,True,Optimization terminated successfully.,3017,4508,40.236931,3.702853,0,1,-1.688475,-1.518242,-1.624727,0.646537,0.436386,0.246423,-2.947468,5.266810
771,True,Optimization terminated successfully.,2572,3836,35.630342,2.711517,0,1,2.333220,2.537074,2.469559,-1.098471,-1.248773,-1.511939,-0.714983,-0.535892
772,True,Optimization terminated successfully.,2391,3580,39.649462,3.089421,0,1,2.074391,2.211890,2.167333,-0.919755,-1.203070,-1.306881,-0.857312,-0.066706
773,True,Optimization terminated successfully.,2782,4126,49.624626,3.550320,0,1,2.270089,2.340697,2.291105,-1.080222,-1.176015,-1.385885,-0.716810,-0.247947
774,True,Optimization terminated successfully.,2565,3819,18.272540,1.930957,0,1,1.522717,1.682216,1.517724,-0.744481,-0.807399,-1.076448,-1.120592,0.753556
775,True,Optimization terminated successfully.,2765,4119,30.995104,2.737941,0,1,1.878087,1.940176,1.866566,-0.868399,-1.035488,-1.215287,-1.000114,0.296049
776,True,Optimization terminated successfully.,2697,4030,37.263344,2.892445,0,1,0.043809,0.152044,0.085274,-0.123825,-0.185047,-0.412858,-2.000339,2.867931
777,True,Optimization terminated successfully.,3074,4553,34.493427,3.105846,0,1,2.254033,2.375700,2.263877,-1.194777,-1.213061,-1.401255,-0.819278,-0.277240
778,True,Optimization terminated successfully.,3040,4490,36.277523,3.028685,0,1,0.805553,0.837324,0.841616,-0.436162,-0.582726,-0.781275,-1.581393,1.835237
779,True,Optimization terminated successfully.,2463,3698,45.160050,3.043768,0,1,1.458922,1.594770,1.534612,-0.739978,-0.862380,-1.094092,-1.214062,0.811104
780,True,Optimization terminated successfully.,2478,3714,22.642767,2.628433,0,1,1.905570,2.077438,1.994784,-0.919156,-1.162950,-1.226859,-0.906637,0.182395
781,True,Optimization terminated successfully.,2876,4303,22.179713,2.389644,0,1,-0.404064,-0.287356,-0.267041,0.069796,-0.088367,-0.257527,-2.229450,3.495439
782,True,Optimization terminated successfully.,2711,4036,28.540623,2.632895,0,1,0.195480,0.313759,0.287244,-0.176535,-0.351721,-0.531810,-1.860103,2.604989
783,True,Optimization terminated successfully.,2731,4049,27.221252,2.583736,0,1,1.593490,1.793857,1.790252,-0.819570,-0.971932,-1.206656,-1.160713,0.527138
784,True,Optimization terminated successfully.,3058,4549,15.877055,2.080208,0,1,2.168531,2.260941,2.225487,-1.043105,-1.166844,-1.386939,-0.863596,-0.213577
785,True,Optimization terminated successfully.,2781,4181,60.354503,3.549843,0,1,1.135968,1.212422,1.241726,-0.577668,-0.647058,-0.963845,-1.393745,1.274897
786,True,Optimization terminated successfully.,2531,3773,14.507306,1.824552,0,1,0.778458,0.924602,0.859572,-0.423929,-0.487728,-0.760073,-1.553813,1.782211
787,True,Optimization terminated successfully.,2756,4137,34.070090,2.806285,0,1,1.406178,1.514805,1.481752,-0.643774,-0.815309,-1.041108,-1.219966,0.937291
788,True,Optimization terminated successfully.,3177,4782,33.391360,2.776008,0,1,-4.175935,-4.016824,-4.205015,1.763156,1.539471,1.429237,-4.335183,8.837233
789,True,Optimization terminated successfully.,2955,4415,50.531361,3.633067,0,1,1.417281,1.582094,1.434857,-0.701288,-0.845307,-1.013364,-1.140064,0.851195
790,True,Optimization terminated successfully.,2695,3991,31.374395,2.953560,0,1,1.595573,1.754388,1.704326,-0.747242,-0.949853,-1.150155,-1.012154,0.623920
791,True,Optimization terminated successfully.,2966,4398,24.796843,2.985253,0,1,2.692821,2.830029,2.806928,-1.271480,-1.320470,-1.565334,-0.482422,-0.949428
792,True,Optimization terminated successfully.,2540,3815,50.615670,3.913451,0,1,1.604176,1.752294,1.726912,-0.784290,-0.916186,-1.162828,-1.090185,0.588433
793,True,Optimization terminated successfully.,2666,3971,46.069203,3.356049,0,1,0.286478,0.484550,0.409111,-0.171891,-0.379622,-0.631313,-1.793309,2.461404
794,True,Optimization terminated successfully.,3091,4619,37.878019,2.736326,0,1,1.410468,1.591742,1.544814,-0.702006,-0.857382,-1.147340,-1.151631,0.862113
795,True,Optimization terminated successfully.,3140,4719,21.437389,2.398634,0,1,1.860593,1.975790,1.939246,-0.932371,-1.043605,-1.256317,-0.960211,0.241370
796,True,Optimization terminated successfully.,2888,4355,53.989363,3.270814,0,1,-2.529673,-2.335913,-2.443854,0.998561,0.777725,0.680208,-3.411158,6.422221
797,True,Optimization terminated successfully.,2942,4379,35.640750,2.624173,0,1,1.610435,1.721446,1.802705,-0.756550,-0.883775,-1.159749,-1.026608,0.540697
798,True,Optimization terminated successfully.,3297,4895,29.553642,2.540360,0,1,2.082187,2.153141,2.051538,-0.967183,-1.203216,-1.302474,-0.929215,0.043975
799,True,Optimization terminated successfully.,2445,3677,35.442221,2.913176,0,1,2.312862,2.439272,2.444762,-1.133841,-1.252018,-1.412355,-0.707961,-0.386827
800,True,Optimization terminated successfully.,2796,4140,31.111408,3.147057,0,1,1.322202,1.459698,1.410371,-0.605573,-0.799393,-1.002338,-1.279155,1.055847
801,True,Optimization terminated successfully.,3572,5294,40.499369,3.905387,0,1,3.110112,3.243980,3.215872,-1.477908,-1.602054,-1.723756,-0.266892,-1.565300
802,True,Optimization terminated successfully.,2809,4200,28.581322,2.406549,0,1,1.505825,1.693071,1.684352,-0.751395,-0.903051,-1.132282,-1.120667,0.658995
803,True,Optimization terminated successfully.,2851,4232,29.002670,3.049103,0,1,0.204465,0.383380,0.294312,-0.231664,-0.339563,-0.570904,-1.900614,2.549014
804,True,Optimization terminated successfully.,2109,3205,49.796752,3.051392,0,1,0.373361,0.507661,0.456164,-0.206595,-0.291393,-0.596122,-1.791143,2.383285
805,True,Optimization terminated successfully.,2741,4067,39.006798,2.412793,0,1,-0.071367,0.090245,0.053889,-0.103915,-0.205055,-0.420615,-2.035888,2.946642
806,True,Optimization terminated successfully.,2853,4294,24.841362,2.171782,0,1,0.982779,1.128036,1.009611,-0.515439,-0.705665,-0.804478,-1.455331,1.525272
807,True,Optimization terminated successfully.,2660,3982,30.653344,3.231242,0,1,1.584208,1.735284,1.690865,-0.766880,-0.885933,-1.110781,-1.086428,0.626042
808,True,Optimization terminated successfully.,2972,4386,37.717285,2.961662,0,1,1.644130,1.800717,1.720986,-0.899508,-0.918258,-1.136966,-1.055119,0.519258
809,True,Optimization terminated successfully.,3518,5207,30.654474,2.791993,0,1,0.869687,1.054900,1.023420,-0.493275,-0.649474,-0.877428,-1.533673,1.577121
810,True,Optimization terminated successfully.,2690,4015,28.729109,2.462695,0,1,0.086129,0.175240,0.151003,-0.133139,-0.242097,-0.499692,-2.019785,2.854165
811,True,Optimization terminated successfully.,2749,4129,22.305256,1.929981,0,1,3.465502,3.582546,3.556250,-1.662607,-1.752478,-1.936684,-0.094203,-1.995578
812,True,Optimization terminated successfully.,2884,4337,18.389841,2.099485,0,1,10.559547,10.762276,10.658898,-4.685379,-4.903645,-5.085409,3.772975,-12.145051
813,True,Optimization terminated successfully.,1987,3017,54.216573,3.727118,0,1,0.233855,0.454999,0.415784,-0.167766,-0.378238,-0.634920,-1.761474,2.459886
814,True,Optimization terminated successfully.,2717,4034,30.994722,2.451300,0,1,0.320288,0.453850,0.394216,-0.273937,-0.421762,-0.561257,-1.853913,2.463964
815,True,Optimization terminated successfully.,2364,3538,38.868038,2.567173,0,1,2.051489,2.079632,2.041391,-0.946056,-1.084864,-1.353424,-0.838271,0.049752
816,True,Optimization terminated successfully.,2341,3532,51.541115,2.859079,0,1,1.476280,1.545275,1.468105,-0.765429,-0.831866,-1.029089,-1.224644,0.839638
817,True,Optimization terminated successfully.,2866,4237,41.735958,3.047374,0,1,1.567675,1.719513,1.658577,-0.764353,-0.954938,-1.088900,-1.107079,0.700467
818,True,Optimization terminated successfully.,2928,4393,26.460102,2.993240,0,1,4.324201,4.439711,4.330893,-1.946249,-2.167562,-2.221294,0.418812,-3.213016
819,True,Optimization terminated successfully.,2619,3907,15.912802,1.799164,0,1,0.388682,0.521173,0.409071,-0.254621,-0.397243,-0.583213,-1.742515,2.369694
820,True,Optimization terminated successfully.,2764,4173,15.598569,2.023390,0,1,9.959417,10.124737,10.030652,-4.523423,-4.620462,-4.847134,3.497831,-11.244580
821,True,Optimization terminated successfully.,3265,4853,39.217541,3.050336,0,1,1.917547,2.106044,2.041890,-0.904417,-1.067296,-1.238947,-0.843869,0.109436
822,True,Optimization terminated successfully.,3132,4686,37.310272,3.463789,0,1,1.539839,1.639840,1.558322,-0.778480,-0.866746,-1.126563,-1.255413,0.713062
823,True,Optimization terminated successfully.,3392,5075,60.007434,3.445250,0,1,2.590587,2.708378,2.598826,-1.228641,-1.351950,-1.546118,-0.564804,-0.764379
824,True,Optimization terminated successfully.,2763,4134,27.731700,2.503042,0,1,1.478554,1.571447,1.505962,-0.728159,-0.788021,-1.053495,-1.130625,0.837882
825,True,Optimization terminated successfully.,2706,4031,15.979848,1.909291,0,1,1.971090,2.104161,1.977635,-0.992489,-1.081989,-1.281361,-0.977408,0.073651
826,True,Optimization terminated successfully.,2623,3953,37.865559,2.641335,0,1,2.283300,2.376719,2.306438,-1.009795,-1.201329,-1.453084,-0.796930,-0.279612
827,True,Optimization terminated successfully.,3314,4960,17.940321,2.301884,0,1,1.290571,1.331553,1.291453,-0.629612,-0.792698,-0.961582,-1.290227,1.145993
828,True,Optimization terminated successfully.,2891,4328,43.712983,3.074558,0,1,2.004206,2.220198,2.289193,-0.945216,-1.133960,-1.393654,-0.797997,-0.062700
829,True,Optimization terminated successfully.,1886,2845,40.176026,3.377948,0,1,1.359178,1.459193,1.436480,-0.677567,-0.781557,-0.980042,-1.224796,1.044755
830,True,Optimization terminated successfully.,3073,4578,53.673599,3.734369,0,1,1.867219,1.991737,1.839496,-0.877239,-1.059232,-1.222781,-1.037531,0.293461
831,True,Optimization terminated successfully.,2689,3995,15.954157,1.753096,0,1,1.866929,1.963724,1.956267,-0.899897,-0.986782,-1.213154,-0.894146,0.289290
832,True,Optimization terminated successfully.,2591,3915,15.837445,1.936806,0,1,2.173987,2.294780,2.339939,-1.069062,-1.187585,-1.488928,-0.760064,-0.179892
833,True,Optimization terminated successfully.,2778,4146,43.736920,2.822067,0,1,1.537230,1.690024,1.709066,-0.761304,-0.873615,-1.136202,-1.128980,0.711095
834,True,Optimization terminated successfully.,4221,6267,26.215915,2.328484,0,1,0.014131,0.133195,0.093660,-0.084345,-0.232035,-0.449275,-2.005684,2.922776
835,True,Optimization terminated successfully.,3397,5078,57.896551,3.913363,0,1,1.395113,1.558481,1.467738,-0.741846,-0.878530,-1.065456,-1.176428,0.872006
836,True,Optimization terminated successfully.,2727,4089,27.199449,2.404809,0,1,1.784188,1.891671,1.861998,-0.884011,-0.978077,-1.199548,-1.020853,0.397871
837,True,Optimization terminated successfully.,3239,4820,31.933325,2.937373,0,1,7.408080,7.507293,7.406580,-3.250078,-3.477005,-3.631312,2.103860,-7.576088
838,True,Optimization terminated successfully.,3068,4547,42.505865,3.394857,0,1,1.928235,2.119121,2.010102,-0.968277,-1.110078,-1.258235,-0.954561,0.125144
839,True,Optimization terminated successfully.,2879,4321,33.972014,2.710983,0,1,1.596417,1.729721,1.695457,-0.779384,-0.927809,-1.164530,-1.162041,0.621475
840,True,Optimization terminated successfully.,2903,4326,41.581080,3.061062,0,1,-0.834369,-0.565706,-0.655916,0.256804,0.070362,-0.087948,-2.398172,3.996214
841,True,Optimization terminated successfully.,2817,4229,52.147667,3.165734,0,1,1.804334,1.933569,1.919123,-0.963595,-0.954895,-1.271463,-1.012230,0.312674
842,True,Optimization terminated successfully.,2466,3721,28.386674,2.509701,0,1,3.092090,3.199372,3.149278,-1.450088,-1.571837,-1.742833,-0.322007,-1.458551
843,True,Optimization terminated successfully.,2884,4267,36.846005,2.594080,0,1,2.703381,2.813562,2.790944,-1.291817,-1.440912,-1.695835,-0.524805,-0.899165
844,True,Optimization terminated successfully.,2679,4002,25.758046,2.331393,0,1,0.555781,0.657152,0.619184,-0.293335,-0.473869,-0.703364,-1.647655,2.153521
845,True,Optimization terminated successfully.,2928,4356,41.641300,2.827941,0,1,2.286616,2.407985,2.352502,-1.112859,-1.200769,-1.412521,-0.717953,-0.310592
846,True,Optimization terminated successfully.,2524,3821,18.867755,2.189099,0,1,2.336058,2.376908,2.455435,-1.117080,-1.245729,-1.505860,-0.711511,-0.383984
847,True,Optimization terminated successfully.,3151,4722,33.542697,2.302501,0,1,10.699676,10.836773,10.764147,-4.776081,-4.899882,-5.108096,3.961038,-12.345855
848,True,Optimization terminated successfully.,2658,4011,37.087421,2.651906,0,1,-5.722631,-5.651361,-5.661920,2.356456,2.238328,2.095419,-5.227252,11.079184
849,True,Optimization terminated successfully.,2600,3885,30.806881,2.739539,0,1,0.203717,0.307133,0.287612,-0.187675,-0.260066,-0.521244,-1.868442,2.598634
850,True,Optimization terminated successfully.,2430,3646,39.709847,2.935674,0,1,1.517688,1.655352,1.633735,-0.767598,-0.917547,-1.136294,-1.187043,0.717130
851,True,Optimization terminated successfully.,2760,4108,34.158960,2.395951,0,1,1.632682,1.814717,1.786464,-0.842124,-0.948147,-1.227795,-1.037131,0.504820
852,True,Optimization terminated successfully.,3301,4899,26.133883,2.879467,0,1,3.383194,3.433686,3.425374,-1.572090,-1.653340,-1.997427,-0.108730,-1.859580
853,True,Optimization terminated successfully.,2977,4460,22.425952,1.903322,0,1,2.983133,3.153203,3.100433,-1.399522,-1.618744,-1.771705,-0.434795,-1.411314
854,True,Optimization terminated successfully.,2815,4237,35.662263,3.641886,0,1,0.087363,0.236522,0.172859,-0.200520,-0.295281,-0.477550,-2.012038,2.705944
855,True,Optimization terminated successfully.,2676,4029,20.150539,2.241423,0,1,3.505402,3.630431,3.596361,-1.606479,-1.694802,-1.920955,0.032856,-2.037732
856,True,Optimization terminated successfully.,4970,7336,18.796786,2.087268,0,1,2.002171,2.184777,2.157250,-1.011305,-1.099216,-1.291285,-0.868485,0.069110
857,True,Optimization terminated successfully.,2838,4220,47.277317,3.501654,0,1,0.657238,0.766137,0.734736,-0.333482,-0.501914,-0.712326,-1.568005,2.006801
858,True,Optimization terminated successfully.,2455,3666,25.521756,2.187254,0,1,1.534859,1.657534,1.569899,-0.760183,-0.909049,-1.104230,-1.153178,0.698537
859,True,Optimization terminated successfully.,2807,4191,21.626578,2.230043,0,1,2.276374,2.474666,2.349509,-1.123741,-1.105149,-1.454434,-0.704125,-0.381367
860,True,Optimization terminated successfully.,2580,3845,24.689177,2.496478,0,1,1.257031,1.443306,1.363384,-0.651754,-0.809849,-0.990117,-1.318903,1.026838
861,True,Optimization terminated successfully.,2709,4057,27.555811,3.053324,0,1,1.784127,1.919873,1.940044,-0.919719,-1.022828,-1.241388,-1.023194,0.384115
862,True,Optimization terminated successfully.,2492,3749,28.107509,2.909810,0,1,0.477325,0.566198,0.502238,-0.270649,-0.480576,-0.626639,-1.731343,2.306372
863,True,Optimization terminated successfully.,2638,3983,25.592227,2.651997,0,1,1.918731,2.043151,2.085410,-0.888620,-1.084139,-1.242839,-0.895481,0.153265
864,True,Optimization terminated successfully.,2576,3819,65.141853,3.370411,0,1,2.211192,2.294811,2.300747,-1.047706,-1.201287,-1.412319,-0.816461,-0.228796
865,True,Optimization terminated successfully.,2741,4109,30.534005,2.530161,0,1,2.848812,2.999899,2.909007,-1.309822,-1.477766,-1.637229,-0.380349,-1.153647
866,True,Optimization terminated successfully.,3630,5421,37.865515,3.670820,0,1,2.511727,2.586429,2.591710,-1.224213,-1.293517,-1.601815,-0.650818,-0.658984
867,True,Optimization terminated successfully.,2421,3609,48.405567,4.119530,0,1,1.634041,1.791246,1.744507,-0.865830,-0.911785,-1.158574,-1.031561,0.563960
868,True,Optimization terminated successfully.,2921,4348,24.622778,2.088710,0,1,0.643728,0.782230,0.702571,-0.412630,-0.566644,-0.698078,-1.546073,1.989944
869,True,Optimization terminated successfully.,2894,4379,57.729328,3.843769,0,1,0.115792,0.225597,0.164317,-0.132806,-0.299551,-0.453236,-1.942886,2.802332
870,True,Optimization terminated successfully.,1700,2607,63.559662,3.522466,0,1,2.258559,2.453367,2.392841,-1.066206,-1.220907,-1.434997,-0.702481,-0.347749
871,True,Optimization terminated successfully.,2762,4130,23.831543,2.419504,0,1,1.368023,1.509012,1.490564,-0.703986,-0.856125,-1.041865,-1.261430,0.923410
872,True,Optimization terminated successfully.,2465,3666,31.207155,2.566316,0,1,1.774780,1.880799,1.790221,-0.868403,-0.994698,-1.261020,-1.135616,0.377248
873,True,Optimization terminated successfully.,2812,4181,18.215436,2.259408,0,1,2.078717,2.203255,2.152543,-1.041722,-1.179202,-1.426330,-0.899797,-0.094055
874,True,Optimization terminated successfully.,3232,4812,29.893110,3.596931,0,1,1.998849,2.104297,2.116119,-1.007944,-1.127707,-1.324938,-0.978148,0.087804
875,True,Optimization terminated successfully.,2809,4181,62.858786,3.695130,0,1,-0.364512,-0.265345,-0.317208,0.035571,-0.092943,-0.295890,-2.240940,3.466198
876,True,Optimization terminated successfully.,3110,4675,26.699080,2.640200,0,1,-3.827396,-3.703732,-3.754931,1.553057,1.454268,1.235020,-4.221179,8.343827
877,True,Optimization terminated successfully.,2754,4126,26.164000,2.340401,0,1,4.042452,4.194578,4.144472,-1.877652,-2.036090,-2.210426,0.204701,-2.897277
878,True,Optimization terminated successfully.,3033,4500,43.626371,3.255603,0,1,0.592935,0.744905,0.520800,-0.324503,-0.492589,-0.698276,-1.709980,2.108242
879,True,Optimization terminated successfully.,2981,4435,62.603253,3.569210,0,1,1.945493,2.176583,2.103309,-0.971788,-1.152340,-1.335060,-0.921841,0.058747
880,True,Optimization terminated successfully.,2785,4162,18.161219,2.183489,0,1,1.377530,1.502362,1.408295,-0.650910,-0.786824,-1.040780,-1.268285,0.971391
881,True,Optimization terminated successfully.,3109,4674,47.082327,3.642290,0,1,1.906456,2.074951,2.023152,-0.920863,-1.047060,-1.343406,-0.887048,0.123101
882,True,Optimization terminated successfully.,3985,5902,39.648889,3.052032,0,1,0.193782,0.323611,0.300024,-0.139622,-0.332456,-0.523087,-1.863361,2.582225
883,True,Optimization terminated successfully.,2907,4373,30.517550,2.406085,0,1,1.442533,1.549422,1.485004,-0.708170,-0.859064,-1.000940,-1.198191,0.898843
884,True,Optimization terminated successfully.,3028,4531,27.066268,2.730827,0,1,1.780631,1.925538,1.821438,-0.882883,-1.041175,-1.241309,-0.970729,0.333871
885,True,Optimization terminated successfully.,2820,4191,51.356789,3.725406,0,1,2.523723,2.608255,2.614381,-1.194821,-1.363844,-1.555407,-0.677049,-0.678495
886,True,Optimization terminated successfully.,3027,4595,22.960968,2.332006,1,0,49.866330,49.983842,49.962025,-21.848073,-22.017135,-22.198304,25.552932,-67.819754
887,True,Optimization terminated successfully.,3089,4575,13.216239,1.828427,0,1,1.612783,1.847465,1.739525,-0.772559,-1.016738,-1.130515,-1.073491,0.557113
888,True,Optimization terminated successfully.,2771,4128,56.310396,3.459867,0,1,1.771976,1.802777,1.835195,-0.816096,-1.026967,-1.180276,-1.025126,0.447507
889,True,Optimization terminated successfully.,2454,3681,25.031817,2.346655,0,1,1.536106,1.650847,1.551215,-0.805870,-0.839868,-1.089112,-1.108305,0.734353
890,True,Optimization terminated successfully.,3012,4529,23.078506,2.226742,0,1,-0.747214,-0.652433,-0.646658,0.218130,0.054610,-0.155092,-2.434238,3.953709
891,True,Optimization terminated successfully.,2913,4387,31.280389,3.010641,0,1,0.322361,0.435425,0.417623,-0.228416,-0.331082,-0.540550,-1.837591,2.435522
892,True,Optimization terminated successfully.,3093,4663,42.109070,3.112365,0,1,8.926456,8.995473,8.980858,-3.959833,-4.053512,-4.401821,2.969707,-9.697405
893,True,Optimization terminated successfully.,2768,4142,42.476680,3.018804,0,1,0.641537,0.820308,0.757483,-0.380541,-0.560432,-0.713848,-1.686654,1.907213
894,True,Optimization terminated successfully.,2515,3773,31.200205,3.076438,0,1,1.764033,1.864586,1.804640,-0.870686,-0.971465,-1.217941,-1.014105,0.358662
895,True,Optimization terminated successfully.,2912,4347,35.086129,3.108220,0,1,1.729313,1.782669,1.757795,-0.785989,-1.031575,-1.122579,-1.033455,0.483024
896,True,Optimization terminated successfully.,2905,4383,41.758330,3.334215,0,1,-1.966892,-1.898654,-1.906153,0.716074,0.613448,0.447556,-3.056111,5.705359
897,True,Optimization terminated successfully.,2750,4079,28.171716,3.263626,0,1,1.348553,1.486404,1.424836,-0.663031,-0.783893,-0.970494,-1.121430,0.990000
898,True,Optimization terminated successfully.,2929,4324,38.250639,4.240954,0,1,0.625117,0.658398,0.602292,-0.340648,-0.456779,-0.641524,-1.661931,2.110910
899,True,Optimization terminated successfully.,2937,4408,43.600938,3.162678,0,1,1.011364,1.160100,1.105946,-0.516562,-0.635336,-0.882322,-1.387982,1.477515
900,True,Optimization terminated successfully.,2655,4007,34.177219,2.852441,0,1,1.780215,1.898404,1.833463,-0.892626,-0.992198,-1.246753,-1.076260,0.378020
901,True,Optimization terminated successfully.,3413,5082,56.765453,4.203946,0,1,1.491551,1.648018,1.625809,-0.687288,-0.892617,-1.155712,-1.113404,0.733236
902,True,Optimization terminated successfully.,2482,3761,63.934401,3.899445,0,1,2.653995,2.752870,2.776175,-1.242238,-1.409608,-1.615623,-0.571264,-0.890243
903,True,Optimization terminated successfully.,2894,4293,42.553738,3.221174,0,1,-0.527079,-0.383260,-0.414380,0.123819,-0.016977,-0.208808,-2.250223,3.642254
904,True,Optimization terminated successfully.,2796,4199,11.488273,1.695413,0,1,-0.202020,-0.117365,-0.201454,-0.022480,-0.179751,-0.394332,-2.219655,3.207619
905,True,Optimization terminated successfully.,3119,4659,39.829389,3.035316,0,1,2.259783,2.416083,2.397284,-1.017068,-1.221849,-1.434357,-0.664820,-0.298337
906,True,Optimization terminated successfully.,3265,4892,18.149109,1.829210,0,1,0.990139,1.015495,0.944967,-0.566739,-0.658371,-0.857431,-1.555527,1.548483
907,True,Optimization terminated successfully.,3172,4722,46.224746,2.849385,0,1,2.580842,2.633085,2.652525,-1.278055,-1.320814,-1.556966,-0.659173,-0.729913
908,True,Optimization terminated successfully.,3004,4452,40.656837,2.941812,0,1,1.899014,2.061792,2.002862,-0.955528,-0.982759,-1.264194,-0.917018,0.169475
909,True,Optimization terminated successfully.,2696,3988,40.098705,2.607418,0,1,2.199373,2.329573,2.271397,-1.082690,-1.211329,-1.370956,-0.841199,-0.172682
910,True,Optimization terminated successfully.,3127,4674,14.318083,1.905627,0,1,0.912399,1.095617,0.956419,-0.476573,-0.641471,-0.862932,-1.456923,1.599313
911,True,Optimization terminated successfully.,3190,4767,45.218409,3.112795,0,1,1.260255,1.430134,1.332732,-0.683953,-0.795824,-0.985288,-1.274306,1.100790
912,True,Optimization terminated successfully.,3193,4781,30.130771,2.520052,0,1,6.628891,6.773267,6.720090,-3.020182,-3.152101,-3.390923,1.591169,-6.496550
913,True,Optimization terminated successfully.,3043,4510,34.920729,3.496282,0,1,1.817959,1.954519,1.875345,-0.898673,-0.973936,-1.252378,-1.000308,0.326002
914,True,Optimization terminated successfully.,3008,4488,25.637411,2.243899,0,1,0.782224,0.975672,0.839102,-0.332425,-0.587512,-0.749536,-1.472987,1.811316
915,True,Optimization terminated successfully.,2873,4321,30.683818,2.713414,0,1,2.698892,2.912052,2.882193,-1.316660,-1.404593,-1.637612,-0.458198,-0.969502
916,True,Optimization terminated successfully.,2771,4162,44.727851,3.260495,0,1,1.463694,1.516890,1.569924,-0.790906,-0.817456,-1.111813,-1.199528,0.841648
917,True,Optimization terminated successfully.,2060,3102,48.283653,3.270807,0,1,0.415293,0.581483,0.462289,-0.302310,-0.426700,-0.620007,-1.725720,2.307164
918,True,Optimization terminated successfully.,2998,4498,46.068631,3.178978,0,1,0.970943,1.145306,1.023648,-0.521565,-0.677596,-0.889796,-1.512166,1.510265
919,True,Optimization terminated successfully.,2304,3422,41.336516,2.997170,0,1,0.759755,0.907079,0.868725,-0.421891,-0.602331,-0.837240,-1.712078,1.792148
920,True,Optimization terminated successfully.,3364,5021,20.846704,2.113069,0,1,2.240987,2.321377,2.288601,-1.064998,-1.180822,-1.437186,-0.762872,-0.257394
921,True,Optimization terminated successfully.,2813,4177,36.136028,3.917519,0,1,1.639353,1.756380,1.744087,-0.853606,-0.959553,-1.162487,-1.043059,0.603060
922,True,Optimization terminated successfully.,2931,4394,40.958887,3.109978,0,1,2.100967,2.249019,2.253417,-1.021458,-1.190856,-1.402266,-0.840148,-0.169794
923,True,Optimization terminated successfully.,3202,4745,33.820562,2.604026,0,1,1.723894,1.907037,1.787542,-0.839333,-0.991678,-1.137427,-1.046802,0.438509
924,True,Optimization terminated successfully.,2836,4232,47.677505,3.116743,0,1,1.078324,1.229216,1.168350,-0.535582,-0.730783,-0.929893,-1.339596,1.367513
925,True,Optimization terminated successfully.,2614,3919,42.640369,4.009699,0,1,1.030546,1.163560,1.131960,-0.555106,-0.689536,-0.858122,-1.369740,1.398366
926,True,Optimization terminated successfully.,2621,3877,44.576029,3.298227,0,1,1.758745,1.941570,1.812776,-0.865452,-1.002954,-1.092417,-1.031077,0.377909
927,True,Optimization terminated successfully.,2760,4131,28.893916,2.587957,0,1,1.674113,1.781660,1.747077,-0.825547,-0.901023,-1.137154,-1.109829,0.537821
928,True,Optimization terminated successfully.,2854,4223,37.649732,3.016267,0,1,-0.452372,-0.335411,-0.397807,0.131257,0.028696,-0.242227,-2.239837,3.616287
929,True,Optimization terminated successfully.,3226,4762,21.089270,2.585922,0,1,3.194410,3.326747,3.278244,-1.464177,-1.666084,-1.824759,-0.202964,-1.655905
930,True,Optimization terminated successfully.,2660,3972,31.718850,2.667082,0,1,1.754550,1.863050,1.742202,-0.844270,-1.011780,-1.199550,-1.138921,0.399444
931,True,Optimization terminated successfully.,3261,4885,13.753159,1.624915,0,1,1.260439,1.376343,1.336182,-0.600994,-0.768041,-1.025231,-1.275441,1.108293
932,True,Optimization terminated successfully.,2594,3859,53.919397,4.495927,0,1,2.205926,2.332882,2.209461,-1.079055,-1.136180,-1.357660,-0.790090,-0.211591
933,True,Optimization terminated successfully.,2568,3861,51.315805,4.528270,0,1,1.036222,1.219051,1.156909,-0.488129,-0.711580,-0.910568,-1.368139,1.334389
934,True,Optimization terminated successfully.,2806,4195,36.110948,2.967161,0,1,2.234414,2.409513,2.318533,-1.048226,-1.170264,-1.390906,-0.649948,-0.246827
935,True,Optimization terminated successfully.,2084,3153,34.894175,2.451024,0,1,2.128647,2.250257,2.146066,-0.998111,-1.105578,-1.345037,-0.793613,-0.019835
936,True,Optimization terminated successfully.,2976,4465,52.040712,3.241044,0,1,-0.373837,-0.290902,-0.281084,0.082881,-0.008395,-0.241824,-2.172669,3.485182
937,True,Optimization terminated successfully.,2960,4429,27.002540,2.394316,0,1,1.652228,1.714390,1.688592,-0.826994,-0.936844,-1.178278,-1.111430,0.616524
938,True,Optimization terminated successfully.,2503,3736,36.937613,3.022223,0,1,1.478414,1.621321,1.667933,-0.789293,-0.885342,-1.126360,-1.211569,0.753027
939,True,Optimization terminated successfully.,3403,5108,36.603976,3.156284,0,1,-0.876765,-0.768691,-0.752506,0.281948,0.098911,-0.114228,-2.496040,4.118478
940,True,Optimization terminated successfully.,2426,3630,9.884966,1.471165,0,1,2.011789,2.067990,2.069433,-0.983247,-1.067349,-1.336047,-0.938308,0.065382
941,True,Optimization terminated successfully.,2995,4494,40.684957,3.855783,0,1,1.147600,1.245112,1.203498,-0.555070,-0.699153,-0.881983,-1.368860,1.324230
942,True,Optimization terminated successfully.,2616,3884,38.453671,3.105518,0,1,1.530105,1.674432,1.663017,-0.869302,-0.964627,-1.193143,-1.203019,0.720762
943,True,Optimization terminated successfully.,3183,4731,29.005584,2.407709,0,1,0.843241,1.005145,0.893576,-0.388794,-0.659460,-0.847738,-1.521312,1.677086
944,True,Optimization terminated successfully.,3033,4536,32.199613,2.442758,0,1,1.006525,1.097813,1.074675,-0.596240,-0.654116,-0.852040,-1.447902,1.495484
945,True,Optimization terminated successfully.,2729,4091,14.457285,1.562072,0,1,9.011925,9.177736,9.173561,-4.007850,-4.224242,-4.351187,3.097154,-9.869116
946,True,Optimization terminated successfully.,2380,3585,57.447754,4.005656,0,1,2.354106,2.422317,2.338908,-1.075431,-1.196046,-1.415037,-0.670442,-0.395690
947,True,Optimization terminated successfully.,2189,3276,22.255547,2.613918,0,1,2.290170,2.410767,2.399880,-1.073690,-1.190002,-1.388849,-0.659366,-0.381235
948,True,Optimization terminated successfully.,2677,4001,30.178252,2.815019,0,1,0.934437,1.111412,1.005086,-0.536696,-0.665337,-0.854216,-1.434879,1.521271
949,True,Optimization terminated successfully.,2109,3195,25.218529,2.298071,0,1,1.678103,1.779317,1.872681,-0.818171,-0.921921,-1.270149,-1.027230,0.461325
950,True,Optimization terminated successfully.,2889,4341,21.750810,2.487461,0,1,4.940282,5.089344,5.035030,-2.330183,-2.413970,-2.621540,0.646018,-4.076329
951,True,Optimization terminated successfully.,3144,4728,34.904810,3.043186,0,1,2.090277,2.144040,2.183937,-0.930316,-1.103137,-1.355682,-0.871353,0.001893
952,True,Optimization terminated successfully.,2584,3834,19.012079,2.347305,0,1,1.479207,1.552391,1.500701,-0.747431,-0.820566,-1.038560,-1.133055,0.860990
953,True,Optimization terminated successfully.,2935,4422,31.222276,2.864522,0,1,1.537132,1.705902,1.626294,-0.784004,-0.899641,-1.149607,-1.139857,0.643092
954,True,Optimization terminated successfully.,2693,4055,64.280725,3.722829,0,1,-5.461387,-5.366912,-5.396619,2.310495,2.180052,1.986098,-5.057451,10.654121
955,True,Optimization terminated successfully.,3062,4529,53.945429,3.668233,0,1,1.419588,1.511327,1.461279,-0.695321,-0.785304,-0.992134,-1.193317,0.962972
956,True,Optimization terminated successfully.,2938,4378,20.456382,2.032090,0,1,1.919068,2.060223,2.067363,-0.865178,-1.058444,-1.310447,-0.919212,0.167414
957,True,Optimization terminated successfully.,3138,4650,37.678802,3.405585,0,1,1.717296,1.820158,1.809538,-0.874457,-0.938557,-1.251232,-1.029440,0.439921
958,True,Optimization terminated successfully.,3104,4637,29.994412,3.211468,0,1,0.172477,0.347638,0.285573,-0.165137,-0.343019,-0.478032,-1.820136,2.647133
959,True,Optimization terminated successfully.,2843,4260,35.211447,3.043910,0,1,-0.012894,0.120573,0.039856,-0.062172,-0.264111,-0.360133,-2.047167,2.930357
960,True,Optimization terminated successfully.,2753,4111,32.481305,2.488119,0,1,2.989123,3.134534,3.096911,-1.400592,-1.533945,-1.762703,-0.326071,-1.352964
961,True,Optimization terminated successfully.,3155,4736,31.631554,2.625260,0,1,-1.097664,-1.014665,-1.055258,0.412138,0.269611,0.017767,-2.673199,4.506335
962,True,Optimization terminated successfully.,3013,4478,25.367549,2.230133,0,1,2.109611,2.306170,2.179060,-1.054329,-1.262107,-1.449888,-0.945280,-0.133982
963,True,Optimization terminated successfully.,2317,3501,41.388409,3.579847,0,1,2.394005,2.539193,2.484931,-1.139803,-1.263218,-1.430572,-0.684509,-0.490514
964,True,Optimization terminated successfully.,2874,4295,30.369966,2.375990,0,1,0.340926,0.515674,0.407175,-0.298546,-0.446838,-0.588856,-1.817895,2.373468
965,True,Optimization terminated successfully.,2935,4379,38.854830,2.699516,0,1,1.365599,1.561847,1.431350,-0.730949,-0.865346,-0.981647,-1.227574,0.925722
966,True,Optimization terminated successfully.,2645,3994,47.117771,2.934981,0,1,1.850051,2.030815,1.955665,-0.942633,-1.086063,-1.193597,-0.983668,0.218999
967,True,Optimization terminated successfully.,3780,5605,29.624176,2.833950,0,1,0.353031,0.493860,0.453219,-0.262779,-0.386921,-0.549362,-1.748013,2.398670
968,True,Optimization terminated successfully.,2821,4179,43.712004,3.689139,0,1,1.246051,1.334970,1.281009,-0.683604,-0.815671,-0.945263,-1.414423,1.146908
969,True,Optimization terminated successfully.,3072,4565,36.804616,3.108134,0,1,1.869966,1.998923,1.976405,-0.934997,-0.991732,-1.337411,-0.993204,0.249512
970,True,Optimization terminated successfully.,3116,4653,36.701286,2.908598,0,1,1.282096,1.453169,1.371554,-0.592762,-0.779474,-1.032137,-1.218045,1.077105
971,True,Optimization terminated successfully.,2612,3902,46.478032,3.398117,0,1,0.706883,0.880153,0.864960,-0.380336,-0.518594,-0.791058,-1.648976,1.856869
972,True,Optimization terminated successfully.,2943,4405,42.527737,3.168188,0,1,-6.269187,-6.201043,-6.254635,2.655209,2.503624,2.330427,-5.498227,11.813213
973,True,Optimization terminated successfully.,2828,4233,31.328545,2.739342,0,1,1.539626,1.596370,1.537120,-0.756253,-0.899569,-1.093059,-1.172489,0.790800
974,True,Optimization terminated successfully.,1832,2781,39.515850,2.816212,0,1,1.443437,1.526002,1.476587,-0.690795,-0.813436,-1.052028,-1.190391,0.848257
975,True,Optimization terminated successfully.,2939,4366,36.870122,3.112122,0,1,3.134122,3.338864,3.249563,-1.519364,-1.640060,-1.757225,-0.190241,-1.553755
976,True,Optimization terminated successfully.,2687,4007,17.836261,1.866903,0,1,1.187952,1.290012,1.237553,-0.666230,-0.772159,-0.916073,-1.337918,1.224836
977,True,Optimization terminated successfully.,2709,4039,47.281785,3.399295,0,1,0.106002,0.306118,0.251316,-0.144102,-0.353124,-0.519051,-1.886815,2.733556
978,True,Optimization terminated successfully.,2980,4435,37.584036,3.004103,0,1,1.268769,1.429925,1.365543,-0.709938,-0.861474,-1.018886,-1.306406,1.081384
979,True,Optimization terminated successfully.,2882,4324,20.589713,2.172158,0,1,0.552249,0.696054,0.685295,-0.380270,-0.495164,-0.685806,-1.738639,2.083974
980,True,Optimization terminated successfully.,2450,3674,41.780297,3.212057,0,1,1.229938,1.387909,1.299349,-0.689725,-0.807080,-0.991218,-1.337750,1.067289
981,True,Optimization terminated successfully.,2871,4263,28.369268,2.357165,0,1,2.203347,2.361185,2.351295,-1.017327,-1.187854,-1.423980,-0.754830,-0.248826
982,True,Optimization terminated successfully.,3055,4572,34.348172,2.588733,0,1,1.464297,1.619386,1.531410,-0.802337,-0.915810,-1.148456,-1.239076,0.777019
983,True,Optimization terminated successfully.,2498,3746,37.176878,2.809733,0,1,1.838381,2.040215,1.974563,-0.858976,-1.050431,-1.274346,-0.982437,0.178246
984,True,Optimization terminated successfully.,2960,4440,20.783047,2.180147,0,1,1.699515,1.841748,1.787300,-0.755330,-0.962182,-1.102470,-0.986715,0.410638
985,True,Optimization terminated successfully.,2961,4425,13.290715,1.853628,0,1,1.989382,2.111393,2.017048,-0.953082,-1.130201,-1.272329,-0.886840,0.093015
986,True,Optimization terminated successfully.,2488,3720,25.893925,2.198961,0,1,-0.718041,-0.564486,-0.619998,0.219096,0.046785,-0.195336,-2.388691,3.912469
987,True,Optimization terminated successfully.,2755,4141,29.718633,2.467426,0,1,0.830775,1.003394,0.936193,-0.518631,-0.574446,-0.759851,-1.520717,1.711234
988,True,Optimization terminated successfully.,2821,4183,33.913882,2.782176,0,1,0.033115,0.182892,0.121108,-0.116970,-0.261836,-0.434808,-1.956674,2.825889
989,True,Optimization terminated successfully.,3448,5134,42.496455,2.916729,0,1,1.134107,1.251800,1.237062,-0.524228,-0.738255,-0.989239,-1.359746,1.294609
990,True,Optimization terminated successfully.,3009,4483,27.331872,2.584019,0,1,-0.776243,-0.674521,-0.759023,0.254620,0.036142,-0.142239,-2.417730,3.973028
991,True,Optimization terminated successfully.,2706,4041,28.912297,2.347786,0,1,1.183069,1.299896,1.243260,-0.618017,-0.725159,-0.979613,-1.286876,1.203733
992,True,Optimization terminated successfully.,3054,4545,32.527139,2.758283,0,1,0.914542,1.063676,1.000368,-0.514628,-0.652336,-0.883011,-1.499744,1.550924
993,True,Optimization terminated successfully.,3165,4714,42.734453,2.919815,0,1,4.081821,4.179246,4.043220,-1.868016,-2.008346,-2.177950,0.238357,-2.812174
994,True,Optimization terminated successfully.,2698,4024,59.027617,3.395544,0,1,1.967160,2.161069,2.096564,-0.933502,-1.113447,-1.293949,-0.843613,0.064776
995,True,Optimization terminated successfully.,2999,4478,48.517064,3.816511,0,1,0.066934,0.211488,0.190747,-0.091731,-0.208273,-0.519288,-1.868641,2.740231
996,True,Optimization terminated successfully.,2752,4138,28.735550,3.095190,0,1,6.878409,7.036016,6.955840,-3.093678,-3.219472,-3.411199,1.901960,-6.847732
997,True,Optimization terminated successfully.,3162,4733,34.189497,2.939428,0,1,2.184590,2.271322,2.271187,-1.005196,-1.172997,-1.449972,-0.818845,-0.201237
998,True,Optimization terminated successfully.,2946,4400,15.402776,1.835527,0,1,6.985487,7.094833,7.018973,-3.195456,-3.338184,-3.446814,1.755300,-7.040725
999,True,Optimization terminated successfully.,2857,4251,70.802948,4.375039,0,1,3.380196,3.497727,3.436781,-1.555259,-1.673099,-1.902001,-0.179833,-1.840535
1000,True,Optimization terminated successfully.,2936,4384,7.675763,1.278227,0,1,1.352387,1.494603,1.419521,-0.712480,-0.814583,-1.017368,-1.244061,0.955507
1001,True,Optimization terminated successfully.,2707,4081,51.596915,3.538343,0,1,2.682020,2.805175,2.754059,-1.264747,-1.397950,-1.651515,-0.517149,-0.885006
1002,True,Optimization terminated successfully.,3407,5036,25.911109,2.391451,0,1,0.557590,0.669140,0.567910,-0.321444,-0.461509,-0.639114,-1.702390,2.140303
1003,True,Optimization terminated successfully.,2538,3783,30.513227,2.324997,0,1,1.263069,1.368595,1.369013,-0.628163,-0.766689,-0.971131,-1.318859,1.113637
1004,True,Optimization terminated successfully.,3033,4560,46.410989,3.286045,0,1,-2.498097,-2.381861,-2.367306,0.956083,0.850174,0.637326,-3.426501,6.411403
1005,True,Optimization terminated successfully.,2755,4081,11.738263,1.407274,0,1,1.193562,1.309324,1.164197,-0.640257,-0.704865,-0.901704,-1.319049,1.191654
1006,True,Optimization terminated successfully.,2536,3784,36.263620,2.874725,0,1,1.343935,1.503492,1.454395,-0.682030,-0.818410,-0.997550,-1.222481,0.949139
1007,True,Optimization terminated successfully.,2559,3836,33.510908,2.721037,0,1,1.159524,1.191131,1.246712,-0.620251,-0.718997,-0.959515,-1.436111,1.304502
1008,True,Optimization terminated successfully.,3410,5060,26.699108,2.223109,0,1,1.965121,2.148111,2.063791,-0.977644,-1.196399,-1.282274,-0.935672,0.050123
1009,True,Optimization terminated successfully.,2715,4066,45.531121,3.159787,0,1,1.624566,1.884877,1.744598,-0.863984,-0.978191,-1.172465,-1.115571,0.519000
1010,True,Optimization terminated successfully.,2896,4346,44.011932,3.019362,0,1,-9.980619,-9.795178,-9.952931,4.286211,4.114992,3.919290,-7.526386,17.019508
1011,True,Optimization terminated successfully.,3095,4597,46.599345,3.236487,0,1,0.632125,0.872367,0.795661,-0.354637,-0.549067,-0.731715,-1.633447,1.955875
1012,True,Optimization terminated successfully.,3059,4540,42.398030,2.675012,0,1,1.609613,1.777320,1.700028,-0.808918,-0.900400,-1.052827,-1.156888,0.634105
1013,True,Optimization terminated successfully.,2425,3620,21.524448,2.244847,0,1,1.774903,1.895883,1.845363,-0.854012,-0.984972,-1.208329,-1.067480,0.398766
1014,True,Optimization terminated successfully.,2414,3633,36.167291,3.123426,0,1,1.818759,1.928575,1.934907,-0.875279,-1.006157,-1.234029,-0.943549,0.254918
1015,True,Optimization terminated successfully.,3115,4642,30.919183,2.608359,0,1,0.695703,0.828215,0.767519,-0.422271,-0.551502,-0.841664,-1.634697,1.897427
1016,True,Optimization terminated successfully.,3020,4534,39.309216,2.945456,0,1,0.971491,1.125546,1.045923,-0.476268,-0.720483,-0.881656,-1.433432,1.479991
1017,True,Optimization terminated successfully.,3260,4817,22.750605,2.225668,0,1,0.810520,0.958033,0.849592,-0.387672,-0.530848,-0.744693,-1.513030,1.775383
1018,True,Optimization terminated successfully.,2543,3816,43.101089,2.973283,0,1,1.201699,1.305625,1.249696,-0.569461,-0.808355,-0.960887,-1.320244,1.226630
1019,True,Optimization terminated successfully.,2600,3930,44.904657,3.174188,0,1,1.827155,1.903142,1.938641,-0.912713,-1.009505,-1.223710,-1.051942,0.326187
1020,True,Optimization terminated successfully.,3152,4651,21.925460,2.181821,0,1,0.862729,0.950011,0.809445,-0.444334,-0.573289,-0.789402,-1.535802,1.746322
1021,True,Optimization terminated successfully.,2718,4059,43.130917,2.935170,0,1,0.853039,0.964824,0.943047,-0.426769,-0.595626,-0.818161,-1.518696,1.735146
1022,True,Optimization terminated successfully.,2502,3712,25.462860,2.416076,0,1,1.984216,2.031108,2.064531,-0.945758,-1.039426,-1.334632,-0.887179,0.124184
1023,True,Optimization terminated successfully.,3149,4664,41.668191,3.689161,0,1,-2.245622,-2.144522,-2.191596,0.894920,0.747897,0.514774,-3.245239,6.099661
1024,True,Optimization terminated successfully.,2831,4199,34.878093,3.510458,0,1,0.990403,1.196814,1.109914,-0.617225,-0.718012,-0.825167,-1.402966,1.408397
1025,True,Optimization terminated successfully.,2689,4057,29.557544,2.563809,0,1,1.229432,1.392521,1.348593,-0.666148,-0.798260,-0.951192,-1.272978,1.095318
1026,True,Optimization terminated successfully.,2575,3862,46.554752,3.524028,0,1,2.282550,2.473681,2.493637,-1.186713,-1.249016,-1.486707,-0.786942,-0.411028
1027,True,Optimization terminated successfully.,3091,4621,27.737987,2.769543,0,1,2.017939,2.166629,2.070690,-0.970997,-1.077383,-1.296550,-0.846483,0.057558
1028,True,Optimization terminated successfully.,2715,4045,53.268779,3.706505,0,1,-0.061742,0.044367,0.044447,-0.074467,-0.154431,-0.414625,-2.035515,3.071315
1029,True,Optimization terminated successfully.,2616,3922,26.832708,2.749138,0,1,5.271692,5.439624,5.392304,-2.431487,-2.581594,-2.808549,0.872815,-4.639535
1030,True,Optimization terminated successfully.,3256,4834,37.210102,3.802611,0,1,0.062494,0.155361,0.053812,-0.177793,-0.266571,-0.399244,-2.012309,2.859898
1031,True,Optimization terminated successfully.,3077,4596,35.522731,2.587008,0,1,1.571792,1.720397,1.684613,-0.862280,-0.933505,-1.161389,-1.137047,0.597735
1032,True,Optimization terminated successfully.,2961,4387,33.302283,3.152782,0,1,1.526156,1.606416,1.527170,-0.803466,-0.911305,-1.060122,-1.249035,0.775700
1033,True,Optimization terminated successfully.,2385,3579,34.531765,3.542117,0,1,1.908265,1.972870,1.929172,-0.974529,-1.006270,-1.288119,-0.966354,0.272175
1034,True,Optimization terminated successfully.,4032,5964,54.972670,4.169051,0,1,1.973841,2.030794,2.004416,-0.974912,-1.106688,-1.260046,-0.950866,0.117617
1035,True,Optimization terminated successfully.,2580,3835,39.151472,3.976721,0,1,1.772602,1.951054,1.873383,-0.866206,-1.028777,-1.195212,-1.052105,0.344503
1036,True,Optimization terminated successfully.,2599,3869,47.650235,2.888136,0,1,1.854829,2.037521,1.937831,-0.947513,-1.081992,-1.341143,-1.014392,0.220522
1037,True,Optimization terminated successfully.,1857,2835,66.482477,4.059926,0,1,1.111274,1.232008,1.197607,-0.641914,-0.732845,-0.930444,-1.412036,1.305220
1038,True,Optimization terminated successfully.,2537,3796,36.374783,2.951420,0,1,1.549911,1.753478,1.723967,-0.708541,-0.889137,-1.095898,-1.037326,0.655991
1039,True,Optimization terminated successfully.,3074,4553,43.292935,3.204989,0,1,4.029764,4.151887,4.119493,-1.909121,-2.078500,-2.200182,0.185353,-2.838618
1040,True,Optimization terminated successfully.,3136,4701,50.221804,3.200190,1,0,-22.526072,-22.276120,-22.377400,9.709627,9.487150,9.335872,-14.353939,34.727530
1041,True,Optimization terminated successfully.,3048,4543,31.698778,2.643946,0,1,1.209733,1.348163,1.305642,-0.674122,-0.723921,-0.971668,-1.239745,1.152194
1042,True,Optimization terminated successfully.,2527,3783,17.124999,1.716529,0,1,2.267398,2.409892,2.415227,-1.075139,-1.221555,-1.442040,-0.745039,-0.339714
1043,True,Optimization terminated successfully.,2707,4041,37.964442,2.834129,0,1,1.792856,1.922098,1.864903,-0.917124,-0.949097,-1.179812,-1.034339,0.371250
1044,True,Optimization terminated successfully.,2681,4023,34.580181,2.571883,0,1,0.504868,0.647078,0.582233,-0.308586,-0.473208,-0.693773,-1.721407,2.168505
1045,True,Optimization terminated successfully.,2827,4251,38.237882,3.082401,0,1,2.291576,2.408812,2.356583,-1.090365,-1.213124,-1.375412,-0.699187,-0.326209
1046,True,Optimization terminated successfully.,2906,4368,44.660891,3.351909,0,1,1.455313,1.593901,1.584663,-0.647268,-0.861124,-1.067579,-1.197622,0.857856
1047,True,Optimization terminated successfully.,2865,4300,30.715090,2.608352,0,1,-0.377514,-0.260397,-0.229357,0.002519,-0.053851,-0.273070,-2.100596,3.402141
1048,True,Optimization terminated successfully.,2816,4166,17.476316,2.132280,0,1,1.818338,1.971450,1.878940,-0.891815,-0.985755,-1.204408,-0.964077,0.312218
1049,True,Optimization terminated successfully.,2759,4098,21.876302,2.238698,0,1,0.097370,0.244735,0.174476,-0.160897,-0.315106,-0.468807,-1.905112,2.744432
1050,True,Optimization terminated successfully.,2951,4390,29.448931,2.531098,0,1,2.184267,2.254086,2.246017,-1.009848,-1.148243,-1.350454,-0.794770,-0.142853
1051,True,Optimization terminated successfully.,2807,4206,24.543948,2.288865,0,1,1.564373,1.733292,1.695175,-0.795172,-0.913887,-1.132251,-1.126172,0.647597
1052,True,Optimization terminated successfully.,2674,4007,25.681815,2.560719,0,1,1.755333,1.925738,1.929368,-0.867981,-0.975594,-1.242686,-0.982049,0.360802
1053,True,Optimization terminated successfully.,3052,4581,23.807226,2.794262,1,0,19.505085,19.573819,19.515517,-8.587793,-8.782928,-8.978114,8.718942,-24.689178
1054,True,Optimization terminated successfully.,3687,5485,24.475044,2.610122,0,1,2.861341,3.011095,2.878119,-1.349935,-1.467112,-1.710249,-0.497192,-1.158544
1055,True,Optimization terminated successfully.,2774,4135,16.119950,1.693103,0,1,1.222786,1.279848,1.219933,-0.652304,-0.723388,-0.973444,-1.296173,1.268000
1056,True,Optimization terminated successfully.,3213,4813,40.550687,3.455122,0,1,9.063772,9.192360,9.140528,-4.019605,-4.254611,-4.382303,2.988325,-9.902833
1057,True,Optimization terminated successfully.,2796,4179,28.926321,2.385893,0,1,2.029926,2.212446,2.105078,-1.059495,-1.164175,-1.335652,-0.891068,-0.018804
1058,True,Optimization terminated successfully.,2440,3639,53.693227,3.801830,0,1,1.638232,1.892473,1.823399,-0.800793,-0.969448,-1.181044,-1.013069,0.442371
1059,True,Optimization terminated successfully.,2835,4246,20.312911,2.312439,0,1,-0.078545,0.138520,0.031447,-0.067270,-0.208530,-0.449399,-1.986926,2.945944
1060,True,Optimization terminated successfully.,3570,5252,47.868730,3.550176,0,1,0.984762,1.091704,1.102978,-0.582312,-0.659521,-0.842950,-1.411979,1.535299
1061,True,Optimization terminated successfully.,2705,3988,30.279994,2.912831,0,1,1.938382,2.002421,1.997195,-0.933912,-1.048260,-1.323374,-0.968694,0.131491
1062,True,Optimization terminated successfully.,2967,4439,32.275810,2.792046,0,1,1.079418,1.237677,1.216756,-0.500318,-0.695827,-0.882610,-1.343083,1.328206
1063,True,Optimization terminated successfully.,2927,4397,47.937403,3.526009,0,1,-0.438840,-0.348860,-0.397607,0.116628,-0.070490,-0.233238,-2.284799,3.513574
1064,True,Optimization terminated successfully.,2561,3852,18.336194,2.713711,0,1,3.507384,3.646789,3.638269,-1.697425,-1.786977,-2.036068,-0.139708,-2.082974
1065,True,Optimization terminated successfully.,2602,3917,41.671614,3.189404,0,1,7.848642,7.918671,7.876771,-3.450418,-3.645089,-3.848614,2.309010,-8.158118
1066,True,Optimization terminated successfully.,2447,3653,47.056527,3.094961,0,1,1.301236,1.451716,1.383925,-0.666956,-0.795610,-1.025824,-1.365082,1.007080
1067,True,Optimization terminated successfully.,3228,4843,31.169800,2.402957,0,1,9.559939,9.692045,9.645054,-4.218664,-4.400496,-4.595844,3.294422,-10.642078
1068,True,Optimization terminated successfully.,2905,4311,29.289615,3.334817,0,1,2.207569,2.333374,2.371277,-1.030569,-1.286889,-1.386003,-0.764335,-0.245721
1069,True,Optimization terminated successfully.,2700,4008,31.217715,3.220115,0,1,1.808595,1.999789,1.937611,-0.860728,-1.008729,-1.208694,-0.910646,0.292622
1070,True,Optimization terminated successfully.,2743,4071,31.283446,2.460423,0,1,1.252747,1.297022,1.348369,-0.627154,-0.741813,-0.975755,-1.305586,1.210849
1071,True,Optimization terminated successfully.,2922,4378,48.920528,3.853884,0,1,1.994020,2.195730,2.097942,-0.993381,-1.090377,-1.322831,-0.896147,0.014957
1072,True,Optimization terminated successfully.,3120,4635,30.495515,2.445318,0,1,3.914711,3.990685,3.988379,-1.725306,-1.952325,-2.227496,0.152336,-2.669706
1073,True,Optimization terminated successfully.,2652,3953,42.370751,3.104677,0,1,0.657699,0.752548,0.837641,-0.365120,-0.450946,-0.742000,-1.645443,1.946589
1074,True,Optimization terminated successfully.,2822,4210,20.540851,2.014448,0,1,0.001851,0.088768,0.063509,-0.078564,-0.243080,-0.483878,-2.019730,2.921541
1075,True,Optimization terminated successfully.,3066,4591,47.230981,3.052792,0,1,3.888263,3.978941,3.881746,-1.805872,-1.942880,-2.078154,0.116428,-2.587728
1076,True,Optimization terminated successfully.,3017,4514,32.372237,3.112613,0,1,0.857965,1.060192,0.971268,-0.458008,-0.701537,-0.909809,-1.573312,1.595693
1077,True,Optimization terminated successfully.,2603,3921,25.684349,1.940250,0,1,1.296822,1.437440,1.453698,-0.616347,-0.770901,-1.011998,-1.230048,0.973653
1078,True,Optimization terminated successfully.,3175,4722,32.348678,2.798646,0,1,5.062425,5.179886,5.128325,-2.341253,-2.503044,-2.669725,0.744399,-4.315887
1079,True,Optimization terminated successfully.,2972,4431,21.355148,2.094421,0,1,0.884509,1.047900,1.082298,-0.488023,-0.680916,-0.881972,-1.529512,1.505158
1080,True,Optimization terminated successfully.,2786,4139,56.170630,3.232620,0,1,1.732508,1.833878,1.798118,-0.881489,-0.937153,-1.163122,-1.023938,0.471154
1081,True,Optimization terminated successfully.,2795,4218,41.540914,2.929616,0,1,-0.715000,-0.652687,-0.757878,0.209770,0.100696,-0.034051,-2.402317,4.007033
1082,True,Optimization terminated successfully.,3107,4645,33.200943,2.897883,0,1,-0.890719,-0.693019,-0.748980,0.284796,0.107693,-0.138543,-2.548173,4.113355
1083,True,Optimization terminated successfully.,2612,3893,41.578337,3.572298,0,1,1.204215,1.245876,1.229972,-0.607322,-0.681474,-0.935551,-1.356455,1.258268
1084,True,Optimization terminated successfully.,2519,3770,29.216547,2.651845,0,1,2.154224,2.323608,2.231617,-1.007578,-1.218888,-1.323689,-0.895157,-0.202903
1085,True,Optimization terminated successfully.,3065,4572,30.871240,2.552592,0,1,0.899371,1.041871,0.955757,-0.526535,-0.633163,-0.856731,-1.473855,1.622638
1086,True,Optimization terminated successfully.,2790,4194,53.708143,4.304916,0,1,-10.402823,-10.309834,-10.415123,4.493943,4.335864,4.077423,-7.756606,17.697677
1087,True,Optimization terminated successfully.,2767,4179,24.067626,2.402400,0,1,1.270185,1.451713,1.384397,-0.650439,-0.789452,-0.989281,-1.336279,1.051124
1088,True,Optimization terminated successfully.,2869,4299,25.787008,2.261853,0,1,1.407972,1.603352,1.487670,-0.746566,-0.883802,-1.029410,-1.162437,0.908718
1089,True,Optimization terminated successfully.,2998,4467,21.073255,2.183687,0,1,1.758177,1.845829,1.780387,-0.852905,-0.970562,-1.145652,-1.005680,0.479880
1090,True,Optimization terminated successfully.,1868,2813,43.976097,2.884777,0,1,1.604255,1.799514,1.659397,-0.736464,-0.932731,-1.130629,-1.128599,0.613411
1091,True,Optimization terminated successfully.,2923,4337,29.244379,2.438591,0,1,0.926315,0.943045,0.935159,-0.488308,-0.588354,-0.795912,-1.523250,1.642406
1092,True,Optimization terminated successfully.,2643,3944,55.812594,3.286508,0,1,-1.116787,-1.023111,-1.058339,0.379868,0.319640,0.053594,-2.587891,4.468573
1093,True,Optimization terminated successfully.,3302,4877,24.189456,2.445827,0,1,0.402923,0.457706,0.447256,-0.263999,-0.460912,-0.604570,-1.770386,2.384655
1094,True,Optimization terminated successfully.,3143,4662,34.893229,2.819049,0,1,1.427074,1.556007,1.497355,-0.764772,-0.881388,-1.045619,-1.237828,0.828147
1095,True,Optimization terminated successfully.,2344,3537,32.963201,3.580287,0,1,1.119516,1.214794,1.260268,-0.608921,-0.692211,-0.939287,-1.425960,1.261088
1096,True,Optimization terminated successfully.,2794,4176,31.344847,2.277395,0,1,1.203340,1.348719,1.310093,-0.520315,-0.767145,-0.970901,-1.261707,1.172069
1097,True,Optimization terminated successfully.,1929,2940,36.738885,2.786174,0,1,0.955264,1.069247,1.015171,-0.500678,-0.630960,-0.896935,-1.474718,1.522233
1098,True,Optimization terminated successfully.,2745,4115,52.672741,3.510577,0,1,3.145383,3.234623,3.203733,-1.457580,-1.580887,-1.807482,-0.324705,-1.501549
1099,True,Optimization terminated successfully.,2740,4081,34.797357,2.603623,0,1,1.254543,1.317541,1.261533,-0.602544,-0.723934,-0.943289,-1.330441,1.200565
1100,True,Optimization terminated successfully.,2788,4158,22.178456,2.492909,0,1,1.472649,1.634287,1.589634,-0.751189,-0.877792,-1.066549,-1.159481,0.744878
1101,True,Optimization terminated successfully.,2879,4258,41.262200,3.006729,0,1,4.092606,4.245075,4.198261,-1.863027,-2.011213,-2.204015,0.270363,-2.943703
1102,True,Optimization terminated successfully.,2816,4219,17.498528,1.775490,0,1,-1.772731,-1.647748,-1.641443,0.723782,0.572411,0.368897,-2.900816,5.380020
1103,True,Optimization terminated successfully.,2955,4411,34.638270,2.669835,0,1,1.306015,1.344954,1.400337,-0.658076,-0.821579,-1.050638,-1.311169,1.014288
1104,True,Optimization terminated successfully.,2595,3828,54.728693,4.096858,0,1,0.478057,0.584426,0.567153,-0.278003,-0.439163,-0.642043,-1.669667,2.239013
1105,True,Optimization terminated successfully.,2800,4160,15.509137,2.063082,0,1,0.965354,1.118492,1.020367,-0.476159,-0.607986,-0.872066,-1.487414,1.540518
1106,True,Optimization terminated successfully.,2930,4341,27.032023,2.123401,0,1,0.407219,0.590760,0.516971,-0.251553,-0.417974,-0.601158,-1.756846,2.240385
1107,True,Optimization terminated successfully.,2991,4493,30.243312,2.881989,0,1,2.511424,2.630966,2.576525,-1.226737,-1.313508,-1.486842,-0.649050,-0.696455
1108,True,Optimization terminated successfully.,2804,4217,26.805039,2.257933,0,1,1.636607,1.724640,1.706342,-0.797119,-0.911506,-1.166317,-1.102505,0.597809
1109,True,Optimization terminated successfully.,2707,4019,41.007666,2.873299,0,1,0.869168,0.981141,0.979047,-0.386984,-0.527263,-0.810414,-1.499080,1.664323
1110,True,Optimization terminated successfully.,2845,4289,29.678698,2.278078,0,1,7.046477,7.127325,7.099121,-3.235612,-3.298814,-3.503020,1.908884,-7.058252
1111,True,Optimization terminated successfully.,2727,4083,30.366176,2.950689,0,1,3.614917,3.744324,3.709426,-1.656042,-1.840001,-2.043446,-0.030103,-2.201201
1112,True,Optimization terminated successfully.,2325,3500,28.999466,2.467586,0,1,0.845545,0.922631,0.851011,-0.474675,-0.511626,-0.773913,-1.523809,1.769058
1113,True,Optimization terminated successfully.,2612,3922,37.201057,2.803621,0,1,2.089312,2.274981,2.255322,-0.994059,-1.082585,-1.395200,-0.828544,-0.043653
1114,True,Optimization terminated successfully.,3199,4776,29.285965,2.624321,0,1,4.242477,4.376564,4.363251,-1.911788,-2.109579,-2.304853,0.319387,-3.111056
1115,True,Optimization terminated successfully.,2741,4108,41.418409,2.756486,0,1,0.579091,0.774027,0.745548,-0.318625,-0.506856,-0.758064,-1.636123,2.014705
1116,True,Optimization terminated successfully.,2565,3814,30.320309,2.580403,0,1,1.693089,1.817255,1.771329,-0.898734,-0.997657,-1.153813,-1.066964,0.426864
1117,True,Optimization terminated successfully.,2645,3960,24.907001,2.203182,0,1,0.692168,0.750330,0.737596,-0.369741,-0.499053,-0.710455,-1.633934,1.934478
1118,True,Optimization terminated successfully.,2775,4169,26.346337,2.311595,0,1,1.045390,1.182048,1.164347,-0.535311,-0.647561,-0.884306,-1.302499,1.374084
1119,True,Optimization terminated successfully.,3322,4966,24.604414,2.894906,1,0,122.395093,122.529526,122.482150,-53.452114,-53.622844,-53.780312,65.727819,-170.660526
1120,True,Optimization terminated successfully.,2962,4466,25.201524,2.714488,0,1,2.063660,2.185052,2.149487,-1.031226,-1.159365,-1.333964,-0.921422,-0.029170
1121,True,Optimization terminated successfully.,2462,3683,29.724569,2.390716,0,1,1.648808,1.672272,1.713358,-0.841277,-0.929597,-1.157404,-1.130702,0.580493
1122,True,Optimization terminated successfully.,2665,3993,26.178782,2.287185,0,1,0.739668,0.871953,0.763560,-0.405297,-0.510547,-0.762464,-1.630419,1.856454
1123,True,Optimization terminated successfully.,2710,3988,43.425798,3.155683,0,1,0.482275,0.640430,0.599461,-0.287146,-0.506311,-0.680299,-1.709864,2.109547
1124,True,Optimization terminated successfully.,3239,4815,30.336222,2.689740,1,0,21.730293,21.961403,21.869277,-9.572494,-9.720778,-10.030036,10.024156,-28.009774
1125,True,Optimization terminated successfully.,2396,3577,32.872203,2.672365,0,1,0.922418,1.049839,1.002389,-0.452745,-0.605696,-0.804922,-1.493187,1.583468
1126,True,Optimization terminated successfully.,2737,4088,34.136223,3.584183,0,1,1.309087,1.489832,1.344890,-0.621269,-0.766586,-0.968419,-1.192712,1.062487
1127,True,Optimization terminated successfully.,3577,5303,51.298543,3.355723,0,1,1.673066,1.844672,1.729906,-0.825456,-0.953400,-1.181101,-1.104358,0.518857
1128,True,Optimization terminated successfully.,3315,4931,70.934895,3.485483,0,1,1.930749,2.104932,2.051751,-0.927342,-1.127033,-1.314985,-0.962809,0.087269
1129,True,Optimization terminated successfully.,2825,4237,9.634663,1.941559,0,1,5.999231,6.175416,6.087180,-2.695222,-2.873089,-3.070549,1.229987,-5.624417
1130,True,Optimization terminated successfully.,3085,4645,29.723636,2.938571,0,1,2.064947,2.256723,2.165729,-0.907814,-1.051251,-1.293007,-0.780515,-0.058903
1131,True,Optimization terminated successfully.,2774,4215,21.564470,2.480433,0,1,5.106745,5.194402,5.171125,-2.321366,-2.451742,-2.716866,0.768884,-4.322525
1132,True,Optimization terminated successfully.,2965,4438,65.277007,3.647110,0,1,2.121717,2.214235,2.237982,-1.045202,-1.124267,-1.350481,-0.845924,-0.109373
1133,True,Optimization terminated successfully.,3107,4668,29.125953,2.510507,0,1,-0.418166,-0.261056,-0.355088,-0.022870,-0.112524,-0.276185,-2.274777,3.469973
1134,True,Optimization terminated successfully.,2816,4196,59.976610,3.901590,0,1,1.698114,1.721229,1.807874,-0.814896,-0.873748,-1.197161,-1.032742,0.524901
1135,True,Optimization terminated successfully.,2637,3933,33.338928,2.950992,0,1,1.538847,1.652419,1.677569,-0.741606,-0.885705,-1.159437,-1.227930,0.714480
1136,True,Optimization terminated successfully.,3186,4734,34.658907,2.907331,0,1,5.908084,6.059603,5.924342,-2.613772,-2.835479,-2.974163,1.291736,-5.440876
1137,True,Optimization terminated successfully.,2951,4387,35.737698,2.998089,0,1,1.268778,1.422930,1.336602,-0.674183,-0.797364,-1.039979,-1.289431,1.075445
1138,True,Optimization terminated successfully.,2869,4277,36.923191,2.728290,0,1,0.968244,1.124977,1.101024,-0.441598,-0.670885,-0.853303,-1.391738,1.434840
1139,True,Optimization terminated successfully.,3029,4513,37.841952,2.613905,0,1,1.556596,1.639521,1.677030,-0.749217,-0.816396,-1.124288,-1.132427,0.704632
1140,True,Optimization terminated successfully.,3335,4977,39.315546,2.814911,0,1,1.417642,1.627359,1.552534,-0.724200,-0.921228,-1.052167,-1.289754,0.797123
1141,True,Optimization terminated successfully.,2951,4389,42.907914,2.591771,0,1,1.919127,2.036628,1.994579,-0.882975,-1.037123,-1.310405,-0.946879,0.203358
1142,True,Optimization terminated successfully.,2836,4230,60.176622,3.296555,0,1,1.821659,1.940318,1.802222,-0.943866,-1.013278,-1.171960,-0.993959,0.387555
1143,True,Optimization terminated successfully.,3356,5018,44.245842,3.821710,0,1,-4.947667,-4.900286,-4.869160,2.060709,1.887754,1.722584,-4.748199,9.947294
1144,True,Optimization terminated successfully.,2284,3444,27.335843,2.452584,0,1,1.511250,1.722262,1.617172,-0.751914,-0.906982,-1.129461,-1.152671,0.646146
1145,True,Optimization terminated successfully.,2747,4072,28.968426,2.498571,0,1,1.753845,1.834595,1.848088,-0.880212,-0.975151,-1.241254,-1.033113,0.422016
1146,True,Optimization terminated successfully.,2860,4268,31.652736,2.855165,0,1,0.304995,0.377613,0.355527,-0.232814,-0.399666,-0.543924,-1.817520,2.482803
1147,True,Optimization terminated successfully.,2889,4299,35.866535,2.653249,0,1,1.004173,1.153377,1.136000,-0.550755,-0.663342,-0.863289,-1.358149,1.454196
1148,True,Optimization terminated successfully.,2644,3982,44.299316,3.347288,0,1,-2.333595,-2.119556,-2.126288,0.906318,0.772859,0.540366,-3.234191,6.129908
1149,True,Optimization terminated successfully.,2639,3971,24.078692,2.304522,0,1,1.152413,1.350037,1.329000,-0.609100,-0.725261,-0.976849,-1.335473,1.193828
1150,True,Optimization terminated successfully.,2441,3642,39.570235,2.659476,0,1,1.559672,1.703513,1.688618,-0.735324,-0.886405,-1.117867,-1.102200,0.671714
1151,True,Optimization terminated successfully.,2626,3897,24.549238,2.160005,0,1,0.422660,0.567188,0.521623,-0.283640,-0.458301,-0.592618,-1.730213,2.275211
1152,True,Optimization terminated successfully.,2500,3761,45.677239,2.801989,0,1,1.020605,1.204107,1.081332,-0.519516,-0.818306,-0.910932,-1.455625,1.389519
1153,True,Optimization terminated successfully.,2882,4288,28.284365,2.612403,0,1,3.598861,3.628640,3.627916,-1.641844,-1.782755,-1.972590,-0.005972,-2.114166
1154,True,Optimization terminated successfully.,3185,4726,39.739563,2.751461,0,1,0.119224,0.254841,0.141632,-0.134529,-0.316836,-0.475789,-1.916575,2.696891
1155,True,Optimization terminated successfully.,3179,4750,35.798883,2.974746,0,1,-3.283665,-3.118281,-3.160330,1.368561,1.126121,0.943528,-3.776915,7.498860
1156,True,Optimization terminated successfully.,3126,4689,32.218104,2.666957,0,1,3.296588,3.373516,3.357188,-1.464420,-1.641293,-1.850158,-0.139176,-1.718636
1157,True,Optimization terminated successfully.,3190,4758,36.623717,2.924785,0,1,1.773435,1.956068,1.904077,-0.893315,-1.058258,-1.205038,-0.974263,0.311994
1158,True,Optimization terminated successfully.,2793,4182,37.741357,2.616384,0,1,0.691334,0.860204,0.787515,-0.364780,-0.543272,-0.769645,-1.559165,1.872299
1159,True,Optimization terminated successfully.,3167,4704,33.877536,2.928478,0,1,0.687370,0.907563,0.720531,-0.371915,-0.524014,-0.684499,-1.560483,1.899724
1160,True,Optimization terminated successfully.,3459,5169,35.290564,2.659004,1,0,55.314761,55.462067,55.441603,-24.208498,-24.441990,-24.622477,28.522511,-75.550438
1161,True,Optimization terminated successfully.,2701,4064,47.215345,2.994837,0,1,0.494203,0.648464,0.623771,-0.323939,-0.397074,-0.733150,-1.699847,2.141680
1162,True,Optimization terminated successfully.,2646,3947,25.241384,2.141057,0,1,1.554904,1.656073,1.677424,-0.791078,-0.939492,-1.156049,-1.201719,0.649988
1163,True,Optimization terminated successfully.,2803,4176,31.826042,2.672255,0,1,3.264882,3.427704,3.337310,-1.498352,-1.632358,-1.790870,-0.142965,-1.705534
1164,True,Optimization terminated successfully.,2459,3691,29.274912,2.536477,0,1,0.648905,0.716845,0.680116,-0.380700,-0.522306,-0.678521,-1.558975,2.057264
1165,True,Optimization terminated successfully.,2839,4219,34.161244,3.230315,0,1,1.696686,1.904739,1.828077,-0.868159,-1.026860,-1.192749,-1.049040,0.413639
1166,True,Optimization terminated successfully.,2335,3468,11.838395,1.523687,0,1,0.935469,1.018439,0.993612,-0.447453,-0.637858,-0.861525,-1.428657,1.652918
1167,True,Optimization terminated successfully.,2467,3686,42.599633,3.428357,0,1,0.276234,0.403396,0.279720,-0.245882,-0.321258,-0.558077,-1.852023,2.538418
1168,True,Optimization terminated successfully.,3256,4826,26.171513,2.519416,0,1,2.594965,2.713607,2.688553,-1.137430,-1.407252,-1.530772,-0.521884,-0.768960
1169,True,Optimization terminated successfully.,3320,4980,23.419974,2.800010,0,1,0.495810,0.627850,0.580743,-0.305267,-0.492552,-0.696252,-1.762661,2.147351
1170,True,Optimization terminated successfully.,2754,4103,42.886851,3.147681,0,1,-0.336806,-0.186960,-0.162358,0.006485,-0.181255,-0.371907,-2.214243,3.326796
1171,True,Optimization terminated successfully.,2789,4163,19.577159,2.194746,0,1,2.155357,2.290963,2.197652,-0.962270,-1.201636,-1.341633,-0.789343,-0.075392
1172,True,Optimization terminated successfully.,2892,4309,27.996587,2.588688,0,1,1.288411,1.419325,1.346908,-0.662946,-0.747274,-0.963711,-1.250173,1.131315
1173,True,Optimization terminated successfully.,3020,4495,22.123038,1.999803,0,1,1.567757,1.721230,1.579143,-0.750408,-0.942397,-1.047676,-1.109473,0.646995
1174,True,Optimization terminated successfully.,3231,4790,16.378579,1.945030,0,1,0.474735,0.637342,0.515958,-0.294039,-0.425927,-0.602139,-1.653263,2.265725
1175,True,Optimization terminated successfully.,2959,4431,50.399129,3.684926,0,1,1.432347,1.557618,1.580815,-0.660321,-0.866089,-1.110440,-1.220641,0.726594
1176,True,Optimization terminated successfully.,3001,4416,32.161678,3.117881,0,1,1.455493,1.582770,1.607975,-0.728975,-0.871052,-1.117468,-1.259041,0.816313
1177,True,Optimization terminated successfully.,6842,10168,51.725496,3.472217,0,1,0.819947,0.986858,0.887832,-0.435569,-0.618604,-0.802880,-1.580624,1.694821
1178,True,Optimization terminated successfully.,2877,4282,31.244858,3.584823,0,1,-0.363914,-0.323663,-0.339980,-0.019430,-0.053129,-0.264690,-2.335215,3.422890
1179,True,Optimization terminated successfully.,3081,4606,29.945532,3.619170,0,1,1.786148,1.943255,1.866981,-0.922741,-1.008616,-1.184511,-1.104345,0.372817
1180,True,Optimization terminated successfully.,2765,4113,49.648273,3.570906,0,1,3.775141,3.881529,3.786497,-1.735228,-1.827872,-2.043146,0.077338,-2.426951
1181,True,Optimization terminated successfully.,2806,4197,25.834161,2.508202,0,1,1.857042,1.988526,1.965675,-0.867534,-1.071230,-1.238068,-0.991260,0.158776
1182,True,Optimization terminated successfully.,2886,4297,18.496038,2.435764,0,1,1.217613,1.340131,1.276891,-0.638961,-0.791732,-0.968186,-1.364951,1.166475
1183,True,Optimization terminated successfully.,2856,4231,45.758600,3.788516,0,1,1.740091,1.822178,1.783587,-0.835164,-0.980206,-1.164762,-1.002762,0.486703
1184,True,Optimization terminated successfully.,2743,4112,19.312817,2.307160,0,1,1.546276,1.650938,1.638376,-0.799820,-0.848209,-1.096540,-1.175182,0.741146
1185,True,Optimization terminated successfully.,3258,4890,16.647103,2.310652,0,1,1.879678,1.989059,1.866684,-0.955054,-1.078823,-1.229466,-1.031784,0.284318
1186,True,Optimization terminated successfully.,2450,3669,42.009938,3.009754,0,1,1.419255,1.575138,1.571418,-0.701752,-0.859042,-1.085668,-1.174746,0.810901
1187,True,Optimization terminated successfully.,2665,3965,20.707605,2.637148,0,1,2.196735,2.358638,2.296771,-1.074624,-1.207174,-1.367669,-0.737519,-0.258923
1188,True,Optimization terminated successfully.,2786,4182,41.910141,3.358362,0,1,-1.563204,-1.406441,-1.481921,0.540176,0.362013,0.210434,-2.813931,5.039376
1189,True,Optimization terminated successfully.,3065,4562,38.711614,3.520043,0,1,1.763203,1.901964,1.841939,-0.893212,-0.965946,-1.191649,-1.017275,0.359317
1190,True,Optimization terminated successfully.,2762,4146,21.447416,2.054827,0,1,-0.178054,-0.069259,-0.100310,0.027762,-0.160665,-0.401240,-2.052669,3.193184
1191,True,Optimization terminated successfully.,2028,3063,36.896489,2.671280,0,1,0.194121,0.346105,0.280793,-0.184421,-0.299369,-0.563287,-1.845325,2.595249
1192,True,Optimization terminated successfully.,2653,3982,16.263764,1.940802,0,1,0.734279,0.883607,0.748448,-0.368764,-0.581401,-0.732165,-1.614394,1.870117
1193,True,Optimization terminated successfully.,2620,3903,30.789709,2.404989,0,1,1.041426,1.185017,1.078261,-0.542380,-0.692762,-0.843554,-1.388044,1.413989
1194,True,Optimization terminated successfully.,3236,4859,29.661884,2.516623,0,1,4.032509,4.172382,4.177272,-1.896235,-1.969911,-2.226477,0.314510,-2.816135
1195,True,Optimization terminated successfully.,2609,3886,26.706480,2.807939,0,1,1.662083,1.778125,1.795803,-0.836234,-0.962553,-1.151690,-1.128675,0.504847
1196,True,Optimization terminated successfully.,2466,3723,10.389545,1.611386,0,1,1.698850,1.848110,1.798291,-0.858344,-0.971272,-1.157000,-1.028507,0.458198
1197,True,Optimization terminated successfully.,3170,4711,28.295841,2.410428,0,1,3.393820,3.516746,3.397860,-1.604454,-1.710928,-1.917541,-0.113054,-1.898922
1198,True,Optimization terminated successfully.,2407,3620,45.658999,2.633838,0,1,1.245296,1.307618,1.301905,-0.689294,-0.703681,-1.008917,-1.326916,1.172270
1199,True,Optimization terminated successfully.,2619,3923,34.623388,3.543571,0,1,1.829401,1.911244,1.853554,-0.877201,-1.073723,-1.202923,-0.970014,0.359869
1200,True,Optimization terminated successfully.,2723,4085,25.305769,3.403099,0,1,1.839481,1.961708,1.909850,-0.889020,-1.009558,-1.237282,-0.883239,0.275785
1201,True,Optimization terminated successfully.,2891,4298,24.925792,2.642325,0,1,1.093818,1.320694,1.210258,-0.587080,-0.729414,-0.968442,-1.420278,1.247108
1202,True,Optimization terminated successfully.,2341,3520,35.498131,2.648285,0,1,1.700743,1.727192,1.849112,-0.777246,-0.914524,-1.200828,-1.020665,0.511936
1203,True,Optimization terminated successfully.,2656,3976,23.109987,2.424674,0,1,0.092895,0.209748,0.217557,-0.163905,-0.340291,-0.491301,-1.941595,2.727343
1204,True,Optimization terminated successfully.,3042,4524,45.675347,3.179155,0,1,0.390980,0.578943,0.488902,-0.306160,-0.394668,-0.539484,-1.793562,2.310826
1205,True,Optimization terminated successfully.,3205,4759,33.183469,2.820287,0,1,3.619894,3.815818,3.764484,-1.614777,-1.844456,-2.021472,0.014710,-2.278951
1206,True,Optimization terminated successfully.,2925,4396,32.216229,2.510460,0,1,2.904622,3.001323,2.945275,-1.336236,-1.496669,-1.720769,-0.375619,-1.139811
1207,True,Optimization terminated successfully.,2928,4399,30.953370,3.070853,0,1,3.893207,4.066910,4.032531,-1.815187,-1.947095,-2.221130,0.177584,-2.690124
1208,True,Optimization terminated successfully.,2563,3867,41.197013,2.749638,0,1,1.373780,1.513852,1.463964,-0.703495,-0.811906,-1.045602,-1.257207,0.921276
1209,True,Optimization terminated successfully.,2935,4401,32.223957,2.498951,0,1,1.037197,1.194011,1.102912,-0.516163,-0.672111,-0.846389,-1.412362,1.444324
1210,True,Optimization terminated successfully.,2826,4207,41.777990,2.883493,0,1,1.378781,1.533536,1.502907,-0.687295,-0.861028,-1.018686,-1.188811,0.915894
1211,True,Optimization terminated successfully.,3155,4701,21.163413,2.242223,0,1,1.860445,1.991881,1.984907,-0.933927,-1.027467,-1.287007,-1.006064,0.235399
1212,True,Optimization terminated successfully.,2584,3858,32.631155,3.768361,0,1,0.872456,1.032257,0.965103,-0.457091,-0.645119,-0.824710,-1.502157,1.695643
1213,True,Optimization terminated successfully.,3132,4675,36.186847,3.101573,0,1,1.718203,1.848392,1.838372,-0.848790,-1.022262,-1.190341,-1.031588,0.421705
1214,True,Optimization terminated successfully.,2611,3918,29.447998,3.294592,0,1,0.342096,0.477622,0.493863,-0.243002,-0.382809,-0.602285,-1.726440,2.414233
1215,True,Optimization terminated successfully.,2735,4082,23.466393,2.043731,0,1,2.067675,2.150060,2.092984,-1.001471,-1.127023,-1.296007,-0.865138,0.057993
1216,True,Optimization terminated successfully.,2725,4093,31.783126,2.653787,0,1,7.745798,7.836319,7.822660,-3.497836,-3.522585,-3.789199,2.241657,-8.030131
1217,True,Optimization terminated successfully.,2554,3844,33.335255,3.231545,0,1,0.373920,0.519467,0.441990,-0.281839,-0.466113,-0.638166,-1.862863,2.298235
1218,True,Optimization terminated successfully.,2886,4301,29.014768,2.486384,0,1,0.402354,0.457033,0.444116,-0.201308,-0.391972,-0.556959,-1.783106,2.386531
1219,True,Optimization terminated successfully.,3069,4606,30.051820,3.044422,0,1,1.054594,1.088561,1.121961,-0.511489,-0.613901,-0.878057,-1.376584,1.484060
1220,True,Optimization terminated successfully.,3471,5198,30.401725,2.872950,0,1,1.575740,1.640086,1.595212,-0.745625,-0.903463,-1.088744,-1.071817,0.726203
1221,True,Optimization terminated successfully.,2839,4202,29.449175,2.790665,0,1,1.854446,1.932689,1.891945,-0.933686,-0.971897,-1.241287,-1.023500,0.325552
1222,True,Optimization terminated successfully.,2944,4375,38.034548,2.755183,0,1,1.461532,1.575858,1.517304,-0.715865,-0.887341,-1.038759,-1.224464,0.837454
1223,True,Optimization terminated successfully.,3324,4971,28.545586,2.756603,0,1,11.845699,12.054633,11.952370,-5.255560,-5.489226,-5.608012,4.507052,-13.989689
1224,True,Optimization terminated successfully.,3023,4493,16.349808,2.304822,0,1,2.173170,2.335992,2.289989,-1.058675,-1.172014,-1.337681,-0.682357,-0.211714
1225,True,Optimization terminated successfully.,3286,4871,70.000111,3.836295,0,1,3.380678,3.452753,3.460719,-1.667412,-1.739997,-2.002766,-0.258301,-1.889994
1226,True,Optimization terminated successfully.,2614,3883,29.887210,2.960079,0,1,1.691827,1.851988,1.777598,-0.828010,-0.969939,-1.122220,-1.063954,0.471998
1227,True,Optimization terminated successfully.,3001,4492,54.041595,3.397494,0,1,1.720317,1.797043,1.768426,-0.842978,-0.950367,-1.233789,-1.127413,0.425160
1228,True,Optimization terminated successfully.,3009,4499,31.929321,3.434201,0,1,3.447189,3.562927,3.524672,-1.576915,-1.763202,-1.935308,-0.074941,-1.971244
1229,True,Optimization terminated successfully.,3027,4509,26.800181,2.690061,0,1,1.225912,1.390783,1.343517,-0.668719,-0.734616,-0.952760,-1.291651,1.140439
1230,True,Optimization terminated successfully.,2758,4102,35.219102,3.329071,0,1,2.556117,2.663986,2.688860,-1.211640,-1.344671,-1.562243,-0.557339,-0.694396
1231,True,Optimization terminated successfully.,3129,4642,34.324299,2.289486,0,1,1.229137,1.372936,1.298227,-0.604452,-0.812522,-1.002812,-1.353730,1.121286
1232,True,Optimization terminated successfully.,2989,4444,59.330103,4.249012,0,1,1.244081,1.322829,1.311495,-0.609928,-0.739422,-0.972678,-1.262408,1.172754
1233,True,Optimization terminated successfully.,3485,5162,42.410775,2.814973,0,1,0.870935,1.027169,0.991456,-0.478050,-0.722952,-0.853768,-1.597793,1.571846
1234,True,Optimization terminated successfully.,2769,4141,47.553511,3.330079,0,1,0.800958,0.896140,0.902838,-0.401245,-0.517822,-0.792704,-1.552784,1.793346
1235,True,Optimization terminated successfully.,2678,4023,48.336916,3.254582,0,1,1.621557,1.773341,1.743272,-0.805525,-0.997924,-1.120767,-1.076420,0.602152
1236,True,Optimization terminated successfully.,2703,4058,18.126737,1.783939,0,1,2.937927,2.981102,3.088465,-1.361537,-1.446287,-1.718490,-0.373921,-1.235021
1237,True,Optimization terminated successfully.,3073,4589,45.926740,3.063970,0,1,2.090334,2.221677,2.143292,-1.062429,-1.116041,-1.360064,-0.944739,-0.067131
1238,True,Optimization terminated successfully.,2876,4318,30.332983,2.400868,0,1,7.860434,7.952249,7.938919,-3.394642,-3.631493,-3.846366,2.346410,-8.199454
1239,True,Optimization terminated successfully.,2790,4157,28.337715,2.398503,0,1,1.343107,1.476504,1.429250,-0.667312,-0.884352,-1.020052,-1.298270,0.944404
1240,True,Optimization terminated successfully.,3075,4587,40.448793,3.591894,0,1,2.158373,2.253245,2.208188,-0.998498,-1.133172,-1.411220,-0.829472,-0.180597
1241,True,Optimization terminated successfully.,3275,4861,11.684454,1.835879,0,1,-4.565037,-4.491100,-4.526524,1.955147,1.761833,1.587618,-4.552217,9.453242
1242,True,Optimization terminated successfully.,2791,4145,53.988264,3.370626,0,1,2.741409,2.832013,2.731359,-1.221609,-1.439122,-1.585382,-0.500084,-0.919484
1243,True,Optimization terminated successfully.,2892,4304,19.080969,2.269713,0,1,1.545385,1.727487,1.578720,-0.837534,-0.909765,-1.102716,-1.213548,0.670953
1244,True,Optimization terminated successfully.,2880,4277,19.028358,1.809016,0,1,2.216487,2.381077,2.335277,-1.035718,-1.229506,-1.397622,-0.761764,-0.330420
1245,True,Optimization terminated successfully.,3754,5583,53.047505,3.432738,0,1,1.910995,2.055545,1.972146,-0.859929,-1.041687,-1.318979,-0.943869,0.186434
1246,True,Optimization terminated successfully.,3080,4601,24.910221,2.043472,0,1,5.600330,5.757059,5.766574,-2.507119,-2.652799,-2.972346,1.098717,-5.089081
1247,True,Optimization terminated successfully.,2688,4023,47.538404,3.311767,0,1,0.936914,1.094619,0.971863,-0.515660,-0.699106,-0.769835,-1.490015,1.582026
1248,True,Optimization terminated successfully.,3079,4539,29.832324,2.761675,0,1,1.310587,1.366455,1.417236,-0.652486,-0.820519,-1.044602,-1.312195,1.022777
1249,True,Optimization terminated successfully.,2644,3962,40.978580,3.241691,0,1,0.510711,0.713121,0.652968,-0.314825,-0.513321,-0.726641,-1.659516,2.131951
1250,True,Optimization terminated successfully.,2981,4415,39.132597,2.909903,0,1,1.244807,1.269573,1.320046,-0.628763,-0.682628,-0.952538,-1.348984,1.232849
1251,True,Optimization terminated successfully.,2861,4295,39.262086,2.928305,0,1,1.265323,1.408253,1.379188,-0.604393,-0.839619,-1.007646,-1.267368,1.062510
1252,True,Optimization terminated successfully.,2972,4444,37.153050,2.542450,0,1,-1.779537,-1.659611,-1.705418,0.737805,0.553305,0.453091,-2.873016,5.433880
1253,True,Optimization terminated successfully.,2942,4427,21.891316,2.494505,0,1,13.789804,14.006711,13.978325,-6.081942,-6.340794,-6.457772,5.738231,-16.794936
1254,True,Optimization terminated successfully.,2805,4194,21.153197,2.322167,0,1,0.761499,0.974370,0.880012,-0.468878,-0.558473,-0.833426,-1.631101,1.836660
1255,True,Optimization terminated successfully.,2977,4431,32.902986,2.918748,0,1,0.365060,0.528917,0.468526,-0.257786,-0.407864,-0.647730,-1.814117,2.331853
1256,True,Optimization terminated successfully.,3044,4580,26.713716,2.500207,0,1,1.769432,1.851045,1.842698,-0.838468,-0.927075,-1.188527,-1.016942,0.412623
1257,True,Optimization terminated successfully.,3001,4484,18.834736,2.348407,0,1,0.771932,0.874378,0.829349,-0.434821,-0.545071,-0.798966,-1.532689,1.841899
1258,True,Optimization terminated successfully.,2847,4244,16.746967,2.365182,0,1,0.975751,1.093512,0.966969,-0.534391,-0.669764,-0.845820,-1.480669,1.548680
1259,True,Optimization terminated successfully.,2598,3909,36.258959,2.774743,0,1,0.161048,0.297547,0.235471,-0.124060,-0.303096,-0.562457,-1.934589,2.603059
1260,True,Optimization terminated successfully.,2606,3871,37.219866,3.208814,0,1,0.660635,0.792743,0.729224,-0.369120,-0.466716,-0.665005,-1.605497,2.001286
1261,True,Optimization terminated successfully.,3437,5111,27.272461,3.108083,0,1,2.395548,2.497523,2.464461,-1.176967,-1.321523,-1.491477,-0.621342,-0.522146
1262,True,Optimization terminated successfully.,3180,4734,47.119229,3.977133,0,1,0.705328,0.860937,0.737315,-0.371016,-0.534471,-0.687514,-1.526542,1.914942
1263,True,Optimization terminated successfully.,2969,4416,20.283215,2.352894,0,1,1.657441,1.785025,1.773373,-0.795211,-0.933225,-1.147716,-1.085725,0.525401
1264,True,Optimization terminated successfully.,2957,4418,59.207749,4.286380,0,1,1.054163,1.138295,1.126895,-0.581796,-0.711930,-0.950624,-1.405241,1.401618
1265,True,Optimization terminated successfully.,3238,4833,29.220439,2.395564,0,1,9.917438,10.122213,10.059256,-4.366803,-4.570579,-4.745626,3.549592,-11.207267
1266,True,Optimization terminated successfully.,2893,4333,24.673785,1.960133,0,1,1.731423,1.905769,1.833515,-0.809258,-1.058989,-1.240990,-0.976646,0.323954
1267,True,Optimization terminated successfully.,2352,3497,39.828635,2.988597,0,1,0.682793,0.837235,0.784518,-0.427174,-0.561805,-0.710497,-1.565796,1.876837
1268,True,Optimization terminated successfully.,2953,4409,40.316382,3.608496,0,1,1.405032,1.574875,1.588799,-0.637317,-0.936220,-1.047491,-1.166031,0.908228
1269,True,Optimization terminated successfully.,2934,4335,15.585982,1.946871,0,1,-0.395958,-0.332660,-0.296182,0.172175,-0.079268,-0.238014,-2.146684,3.481733
1270,True,Optimization terminated successfully.,2758,4132,31.771139,3.186280,0,1,0.932859,1.131034,1.010447,-0.500260,-0.707219,-0.883567,-1.525161,1.533538
1271,True,Optimization terminated successfully.,2674,4001,46.230572,3.543831,0,1,1.016965,1.180020,1.127261,-0.529672,-0.672488,-0.897352,-1.441351,1.405485
1272,True,Optimization terminated successfully.,2412,3634,46.815053,3.005243,0,1,1.592225,1.697184,1.650679,-0.798207,-0.877551,-1.137358,-1.129964,0.653142
1273,True,Optimization terminated successfully.,2814,4215,23.074758,2.175670,0,1,2.678129,2.862715,2.827657,-1.279948,-1.425734,-1.659809,-0.533317,-0.919474
1274,True,Optimization terminated successfully.,2696,4005,45.746354,2.917278,0,1,1.837435,1.934199,1.872140,-0.896494,-1.005285,-1.208214,-1.024142,0.316897
1275,True,Optimization terminated successfully.,2936,4425,25.879137,2.583017,0,1,1.137000,1.339766,1.246368,-0.607644,-0.701329,-0.923792,-1.324517,1.232469
1276,True,Optimization terminated successfully.,2815,4205,32.382260,2.610109,0,1,3.970072,4.030133,3.979586,-1.851829,-1.943829,-2.203574,0.109117,-2.666710
1277,True,Optimization terminated successfully.,2667,4009,50.133353,3.232555,0,1,2.146816,2.356332,2.176313,-1.013716,-1.205491,-1.394105,-0.805169,-0.162947
1278,True,Optimization terminated successfully.,3027,4538,38.671499,3.078395,0,1,2.480099,2.669433,2.561618,-1.083733,-1.318842,-1.521890,-0.538445,-0.646418
1279,True,Optimization terminated successfully.,2973,4447,54.109471,3.350183,0,1,1.517840,1.621665,1.588691,-0.796339,-0.935762,-1.068020,-1.161540,0.805988
1280,True,Optimization terminated successfully.,2596,3901,17.422367,2.346361,0,1,2.032540,2.118433,2.046396,-0.985740,-1.092013,-1.257806,-0.851186,0.074812
1281,True,Optimization terminated successfully.,2770,4153,49.736307,3.396694,0,1,2.511496,2.732684,2.670453,-1.172854,-1.307565,-1.478464,-0.531801,-0.703101
1282,True,Optimization terminated successfully.,2668,3992,25.368560,2.698888,0,1,1.962997,2.119925,2.052618,-0.945937,-1.106833,-1.300605,-0.966514,0.076103
1283,True,Optimization terminated successfully.,2653,3963,42.685464,3.007016,0,1,1.678284,1.795178,1.751840,-0.711773,-0.930755,-1.111363,-1.065743,0.536522
1284,True,Optimization terminated successfully.,2409,3601,24.008481,2.308548,0,1,1.301442,1.406103,1.382037,-0.696359,-0.791774,-1.028441,-1.304858,1.057519
1285,True,Optimization terminated successfully.,2775,4177,23.109554,2.323871,0,1,0.253900,0.356410,0.330927,-0.216130,-0.289393,-0.560783,-1.900205,2.588257
1286,True,Optimization terminated successfully.,2718,4044,31.157147,3.346559,0,1,1.872271,2.033340,1.919608,-0.962130,-1.063659,-1.328890,-0.949747,0.246761
1287,True,Optimization terminated successfully.,3185,4744,32.207825,2.739531,0,1,2.235441,2.353538,2.291520,-1.092200,-1.246255,-1.433387,-0.826755,-0.297897
1288,True,Optimization terminated successfully.,2722,4038,28.153386,2.256172,0,1,1.377892,1.507996,1.473136,-0.638298,-0.757300,-1.099312,-1.222281,0.908509
1289,True,Optimization terminated successfully.,3154,4684,38.068300,2.683491,0,1,3.681605,3.768190,3.697230,-1.791734,-1.868366,-1.988651,-0.047527,-2.251295
1290,True,Optimization terminated successfully.,2312,3462,18.409060,2.653847,0,1,1.594852,1.606845,1.649177,-0.727052,-0.898954,-1.164838,-1.174219,0.718163
1291,True,Optimization terminated successfully.,2360,3556,38.608155,3.194345,0,1,1.238441,1.395470,1.302795,-0.618925,-0.734445,-0.957054,-1.295041,1.135387
1292,True,Optimization terminated successfully.,2418,3619,32.930044,2.822199,0,1,0.639755,0.825074,0.778137,-0.416232,-0.499789,-0.711102,-1.576563,1.987467
1293,True,Optimization terminated successfully.,2823,4241,52.482276,3.148369,0,1,2.272778,2.406615,2.322843,-1.074609,-1.196476,-1.417480,-0.733689,-0.332913
1294,True,Optimization terminated successfully.,2457,3706,45.854243,2.912983,0,1,-1.133603,-1.032365,-1.017727,0.409636,0.274624,0.012092,-2.594023,4.508754
1295,True,Optimization terminated successfully.,2709,4075,39.312291,3.155748,0,1,3.376976,3.538055,3.413325,-1.538203,-1.695064,-1.876579,-0.087337,-1.879428
1296,True,Optimization terminated successfully.,3024,4557,26.813693,2.733684,0,1,9.483880,9.676272,9.646971,-4.213506,-4.423138,-4.623293,3.254581,-10.593808
1297,True,Optimization terminated successfully.,2945,4406,39.437891,3.404772,0,1,-0.547542,-0.421058,-0.399529,0.158965,0.012340,-0.212612,-2.225557,3.665220
1298,True,Optimization terminated successfully.,2807,4193,23.909387,2.428534,0,1,2.144918,2.348421,2.233570,-1.068645,-1.229116,-1.442436,-0.816760,-0.210867
1299,True,Optimization terminated successfully.,2812,4177,39.783510,2.973187,0,1,0.047994,0.180104,0.161839,-0.106268,-0.262522,-0.476320,-2.013480,2.865284
1300,True,Optimization terminated successfully.,2791,4190,44.535773,3.042888,0,1,1.522802,1.614631,1.564377,-0.759897,-0.945155,-1.151305,-1.239429,0.744010
1301,True,Optimization terminated successfully.,2894,4358,49.285499,2.802975,0,1,-9.298303,-9.106533,-9.247860,3.962137,3.777721,3.607871,-7.125758,16.070659
1302,True,Optimization terminated successfully.,2770,4088,51.305541,3.754953,0,1,0.604528,0.773826,0.813217,-0.297491,-0.517350,-0.746143,-1.624512,1.984605
1303,True,Optimization terminated successfully.,2868,4284,29.925854,3.062426,0,1,-1.319391,-1.149438,-1.170065,0.529365,0.334617,0.124187,-2.683513,4.731918
1304,True,Optimization terminated successfully.,3175,4733,46.005259,3.092058,0,1,3.396182,3.597565,3.575042,-1.573461,-1.738644,-1.951013,-0.025883,-1.979313
1305,True,Optimization terminated successfully.,2949,4439,23.405932,2.117586,0,1,-5.848659,-5.617394,-5.769335,2.413358,2.299190,2.104947,-5.226841,11.150530
1306,True,Optimization terminated successfully.,3069,4633,24.239396,2.254377,0,1,1.665510,1.800695,1.808648,-0.876065,-0.997196,-1.211656,-0.992489,0.496583
1307,True,Optimization terminated successfully.,2606,3903,38.889804,2.988888,0,1,0.293601,0.359617,0.305935,-0.182888,-0.345961,-0.585267,-1.859533,2.572548
1308,True,Optimization terminated successfully.,3258,4805,44.428110,2.850827,0,1,2.656797,2.801515,2.710887,-1.224414,-1.368327,-1.589694,-0.475627,-0.870950
1309,True,Optimization terminated successfully.,2817,4205,32.337941,2.491723,0,1,0.751211,0.833415,0.871739,-0.427469,-0.532978,-0.787599,-1.542638,1.809987
1310,True,Optimization terminated successfully.,3153,4714,30.440134,2.988267,0,1,-2.146037,-2.072189,-2.056203,0.847731,0.778410,0.506817,-3.154059,5.987840
1311,True,Optimization terminated successfully.,2881,4294,41.743660,2.643712,0,1,1.103355,1.246886,1.216067,-0.567507,-0.705068,-0.991040,-1.383145,1.263141
1312,True,Optimization terminated successfully.,2982,4509,40.348902,3.147887,0,1,0.409215,0.591690,0.516607,-0.263100,-0.451366,-0.610318,-1.736529,2.254539
1313,True,Optimization terminated successfully.,2861,4224,12.894339,1.803265,0,1,0.843730,0.939931,0.882668,-0.472601,-0.619355,-0.817037,-1.554713,1.732537
1314,True,Optimization terminated successfully.,3147,4684,42.235204,3.257856,0,1,1.323380,1.426121,1.423861,-0.700667,-0.828767,-1.043819,-1.304751,1.034154
1315,True,Optimization terminated successfully.,2738,4115,36.461153,2.605587,0,1,1.535418,1.687118,1.591824,-0.771162,-0.902506,-1.036169,-1.145220,0.681403
1316,True,Optimization terminated successfully.,2300,3455,12.722399,1.657816,0,1,2.147909,2.280361,2.156229,-1.078498,-1.163555,-1.318222,-0.899092,-0.120643
1317,True,Optimization terminated successfully.,2886,4326,31.386477,2.854681,0,1,0.482507,0.566940,0.527462,-0.295065,-0.391177,-0.598151,-1.718957,2.229854
1318,True,Optimization terminated successfully.,2087,3149,23.461076,2.594209,0,1,1.734471,1.881772,1.749336,-0.802837,-0.961941,-1.159854,-1.069561,0.471063
1319,True,Optimization terminated successfully.,2611,3963,28.515895,2.389521,0,1,5.988048,6.066522,6.071927,-2.744931,-2.800352,-3.089721,1.243781,-5.556819
1320,True,Optimization terminated successfully.,3194,4764,26.603226,2.162013,0,1,-1.387485,-1.209921,-1.209066,0.500802,0.327903,0.140781,-2.753181,4.794420
1321,True,Optimization terminated successfully.,3219,4799,40.838544,3.003761,0,1,1.216085,1.466150,1.363630,-0.595576,-0.786391,-1.021508,-1.240181,1.112371
1322,True,Optimization terminated successfully.,3139,4660,26.227958,2.737072,0,1,1.574560,1.652367,1.623751,-0.748289,-0.890805,-1.077020,-1.093322,0.688306
1323,True,Optimization terminated successfully.,2584,3840,40.178454,3.935875,0,1,1.102223,1.244600,1.154467,-0.569320,-0.743685,-0.910750,-1.405344,1.324665
1324,True,Optimization terminated successfully.,2958,4413,17.679119,2.380920,0,1,0.901381,1.041930,1.023292,-0.432786,-0.670846,-0.869013,-1.438857,1.582365
1325,True,Optimization terminated successfully.,2769,4135,15.655473,1.834487,0,1,0.473037,0.639622,0.583525,-0.251752,-0.495465,-0.664395,-1.685934,2.179839
1326,True,Optimization terminated successfully.,2751,4128,15.115758,1.595298,0,1,2.460065,2.542953,2.560162,-1.159507,-1.289270,-1.509884,-0.583807,-0.537271
1327,True,Optimization terminated successfully.,2760,4124,26.273477,2.529472,0,1,1.995984,2.124321,2.122875,-0.902071,-1.077532,-1.264815,-0.815782,0.061518
1328,True,Optimization terminated successfully.,2420,3646,32.460469,2.612774,0,1,1.746447,1.879088,1.902175,-0.858212,-0.988650,-1.178264,-0.992201,0.402989
1329,True,Optimization terminated successfully.,2709,4056,23.407594,2.787049,0,1,2.313577,2.420339,2.370301,-1.077434,-1.211464,-1.399335,-0.764387,-0.391763
1330,True,Optimization terminated successfully.,3012,4474,27.845112,2.300856,0,1,2.251714,2.331099,2.273650,-1.058464,-1.161136,-1.378380,-0.720483,-0.215495
1331,True,Optimization terminated successfully.,3358,4972,51.966880,2.992811,0,1,0.926121,1.063113,1.010086,-0.556620,-0.673074,-0.814724,-1.533742,1.598224
1332,True,Optimization terminated successfully.,2490,3705,21.872045,2.221709,0,1,0.585752,0.780624,0.682165,-0.337841,-0.484621,-0.701708,-1.622942,2.055391
1333,True,Optimization terminated successfully.,3345,4948,41.999896,3.237959,0,1,0.698829,0.880007,0.786065,-0.488623,-0.560552,-0.802813,-1.594010,1.829445
1334,True,Optimization terminated successfully.,1856,2834,16.070935,1.728890,0,1,1.673699,1.749334,1.790958,-0.825059,-0.951237,-1.216189,-1.189769,0.507793
1335,True,Optimization terminated successfully.,3135,4701,50.205340,3.957451,0,1,-3.492382,-3.334364,-3.353077,1.457762,1.247534,1.033472,-3.896062,7.783539
1336,True,Optimization terminated successfully.,1961,2969,41.808175,3.332213,0,1,0.545922,0.597077,0.654047,-0.313868,-0.474312,-0.763780,-1.759820,2.152146
1337,True,Optimization terminated successfully.,1900,2894,23.249427,2.799069,0,1,5.825865,6.000395,5.958602,-2.621844,-2.803813,-3.043284,1.250804,-5.410213
1338,True,Optimization terminated successfully.,2911,4343,25.632709,1.982202,0,1,0.664119,0.725119,0.656492,-0.301921,-0.424364,-0.652558,-1.681331,2.036594
1339,True,Optimization terminated successfully.,2616,3881,24.193270,2.421534,0,1,1.349161,1.360728,1.337419,-0.645817,-0.684010,-0.996000,-1.224545,1.111510
1340,True,Optimization terminated successfully.,2801,4182,46.061628,4.412125,0,1,1.804105,2.002329,1.919340,-0.901078,-1.110008,-1.195113,-1.052803,0.275589
1341,True,Optimization terminated successfully.,2853,4270,39.536142,2.942861,0,1,2.454157,2.575418,2.439988,-1.144959,-1.335841,-1.528860,-0.657618,-0.599246
1342,True,Optimization terminated successfully.,2881,4311,48.143101,3.691784,0,1,1.923898,2.094701,2.044504,-0.887474,-1.053657,-1.284591,-0.853591,0.100687
1343,True,Optimization terminated successfully.,2858,4249,48.816767,3.404874,0,1,1.233103,1.353738,1.272143,-0.609689,-0.752851,-0.900401,-1.301340,1.255181
1344,True,Optimization terminated successfully.,2817,4201,23.994989,2.336583,0,1,1.382308,1.454538,1.409713,-0.732092,-0.814838,-1.029154,-1.247822,0.949027
1345,True,Optimization terminated successfully.,2636,3915,30.663491,2.836567,0,1,1.416552,1.556199,1.522092,-0.701060,-0.823739,-1.047727,-1.289834,0.891131
1346,True,Optimization terminated successfully.,2889,4278,31.320102,2.835197,0,1,1.659490,1.725752,1.737763,-0.839344,-0.928006,-1.177271,-1.108653,0.606596
1347,True,Optimization terminated successfully.,3004,4474,23.910512,2.889205,0,1,1.563123,1.561146,1.567017,-0.812711,-0.891059,-1.127502,-1.189028,0.728087
1348,True,Optimization terminated successfully.,2492,3702,26.964206,2.674682,0,1,1.229150,1.366006,1.292876,-0.643221,-0.768098,-0.983874,-1.352377,1.111338
1349,True,Optimization terminated successfully.,2639,3942,38.273364,2.913839,0,1,1.950729,2.083782,2.096454,-0.949377,-1.124181,-1.335700,-0.949725,0.054166
1350,True,Optimization terminated successfully.,3041,4506,19.303725,2.235455,0,1,0.555039,0.614581,0.610461,-0.325293,-0.434410,-0.640858,-1.684887,2.158394
1351,True,Optimization terminated successfully.,2852,4250,15.968517,1.861099,0,1,1.123506,1.360508,1.168101,-0.574801,-0.722682,-0.862856,-1.292700,1.261492
1352,True,Optimization terminated successfully.,3034,4546,40.493316,2.686397,0,1,2.451028,2.527946,2.530217,-1.143398,-1.250511,-1.513808,-0.538466,-0.527248
1353,True,Optimization terminated successfully.,3214,4784,30.537826,3.135345,0,1,1.296622,1.457515,1.394919,-0.653096,-0.789318,-1.031035,-1.261284,1.036135
1354,True,Optimization terminated successfully.,3579,5317,34.246948,2.502199,0,1,1.914001,2.034099,1.908965,-0.948025,-1.060001,-1.248459,-0.911530,0.228420
1355,True,Optimization terminated successfully.,2995,4478,30.673698,2.597129,0,1,-0.515861,-0.399596,-0.414567,0.191441,-0.069755,-0.225303,-2.303852,3.595638
1356,True,Optimization terminated successfully.,2749,4074,35.494995,3.164419,0,1,2.075287,2.133045,2.107958,-1.082345,-1.068408,-1.279195,-0.816102,0.005547
1357,True,Optimization terminated successfully.,2645,3958,15.832956,1.994423,0,1,1.289199,1.440220,1.489385,-0.671958,-0.815517,-1.029686,-1.250631,1.001040
1358,True,Optimization terminated successfully.,2611,3913,46.341413,3.930111,0,1,0.247869,0.311075,0.259921,-0.167211,-0.266313,-0.480858,-1.807301,2.607656
1359,True,Optimization terminated successfully.,2834,4222,28.923920,2.519908,0,1,0.939644,1.068870,1.051902,-0.469049,-0.579294,-0.883339,-1.422893,1.527109
1360,True,Optimization terminated successfully.,2533,3740,24.353345,1.966415,0,1,1.285670,1.384494,1.341972,-0.662282,-0.732173,-0.969444,-1.262718,1.084219
1361,True,Optimization terminated successfully.,2944,4437,36.775551,2.824084,0,1,4.643784,4.758049,4.731041,-2.005281,-2.273338,-2.458054,0.623639,-3.664207
1362,True,Optimization terminated successfully.,2452,3669,22.035537,2.417298,0,1,1.455479,1.527096,1.586779,-0.729158,-0.820469,-1.064681,-1.186932,0.894944
1363,True,Optimization terminated successfully.,2776,4174,20.325474,2.996609,0,1,1.246328,1.330962,1.371010,-0.632739,-0.789087,-0.971067,-1.344391,1.130592
1364,True,Optimization terminated successfully.,2585,3835,65.482209,3.841298,0,1,1.745262,1.862938,1.878238,-0.908317,-0.986112,-1.202375,-1.028134,0.392089
1365,True,Optimization terminated successfully.,2472,3739,34.898422,3.853887,0,1,2.030530,2.111952,2.158029,-0.981403,-1.117826,-1.327679,-0.892182,0.005335
1366,True,Optimization terminated successfully.,2712,4091,49.660161,3.592197,0,1,1.713284,1.850829,1.714100,-0.852505,-0.976274,-1.148808,-1.071239,0.442787
1367,True,Optimization terminated successfully.,2695,4028,48.433882,3.270317,0,1,2.211701,2.403993,2.294775,-1.150798,-1.255999,-1.469705,-0.829120,-0.275681
1368,True,Optimization terminated successfully.,3031,4513,31.765330,2.537938,0,1,1.582297,1.655824,1.604100,-0.733937,-0.879057,-1.093167,-1.052742,0.725752
1369,True,Optimization terminated successfully.,2720,4039,27.303287,2.261131,0,1,1.225825,1.225421,1.252591,-0.573848,-0.703042,-0.923267,-1.298701,1.247447
1370,True,Optimization terminated successfully.,2789,4183,61.236432,4.103681,0,1,1.495110,1.629246,1.559281,-0.763730,-0.846055,-1.099530,-1.144267,0.759884
1371,True,Optimization terminated successfully.,3056,4542,38.919442,2.843953,0,1,1.310963,1.491349,1.405389,-0.695921,-0.848133,-1.014254,-1.248032,0.986985
1372,True,Optimization terminated successfully.,2607,3910,35.682210,3.217110,0,1,0.850149,0.897087,0.925958,-0.434024,-0.494037,-0.806963,-1.497016,1.729678
1373,True,Optimization terminated successfully.,3089,4596,28.866917,2.642882,0,1,-1.229383,-1.067047,-1.044737,0.425649,0.277803,-0.027793,-2.687358,4.553214
1374,True,Optimization terminated successfully.,2332,3485,34.146501,2.778189,0,1,1.780274,1.917736,1.923256,-0.927238,-0.997557,-1.280457,-0.985828,0.327605
1375,True,Optimization terminated successfully.,2798,4202,38.950766,2.785385,0,1,0.694166,0.757357,0.720280,-0.396544,-0.508150,-0.737164,-1.559981,2.001922
1376,True,Optimization terminated successfully.,2967,4427,41.898313,3.025695,0,1,4.446210,4.600197,4.661853,-2.057253,-2.214139,-2.416119,0.493699,-3.500228
1377,True,Optimization terminated successfully.,2849,4246,37.202870,3.315178,0,1,1.277809,1.383421,1.318338,-0.683446,-0.740093,-0.989749,-1.308154,1.089446
1378,True,Optimization terminated successfully.,3062,4536,60.174106,3.373493,0,1,1.592023,1.750459,1.680672,-0.753271,-0.998623,-1.143530,-1.116327,0.626232
1379,True,Optimization terminated successfully.,2981,4445,27.840518,2.508884,0,1,0.786001,0.922245,0.868118,-0.400783,-0.557364,-0.775110,-1.567940,1.797297
1380,True,Optimization terminated successfully.,2843,4229,43.986847,3.546813,0,1,1.259160,1.391524,1.322161,-0.715442,-0.754637,-0.895045,-1.327199,1.124661
1381,True,Optimization terminated successfully.,2937,4411,51.990432,3.043881,0,1,0.687439,0.827068,0.728532,-0.399716,-0.547936,-0.731352,-1.544954,1.902779
1382,True,Optimization terminated successfully.,2418,3621,30.502998,2.409468,0,1,1.311145,1.509282,1.454757,-0.635275,-0.810572,-1.119273,-1.219993,0.934826
1383,True,Optimization terminated successfully.,2844,4257,21.643645,1.895160,0,1,1.242627,1.302958,1.265350,-0.584254,-0.732749,-0.993274,-1.361982,1.205454
1384,True,Optimization terminated successfully.,3046,4576,22.689585,2.595811,0,1,-3.822108,-3.751812,-3.709507,1.560840,1.482263,1.198358,-4.114691,8.335548
1385,True,Optimization terminated successfully.,2434,3681,52.659740,3.179831,0,1,1.203347,1.353218,1.240585,-0.634463,-0.778755,-0.909147,-1.351990,1.158941
1386,True,Optimization terminated successfully.,2443,3641,39.110109,3.125985,0,1,1.256610,1.360675,1.304525,-0.625324,-0.764098,-0.948335,-1.336979,1.149221
1387,True,Optimization terminated successfully.,2767,4094,38.674587,3.074455,0,1,1.167821,1.334524,1.231317,-0.611246,-0.684663,-0.924161,-1.311433,1.259932
1388,True,Optimization terminated successfully.,2999,4506,25.150322,2.230696,0,1,0.956768,1.081961,0.947870,-0.508198,-0.637498,-0.810080,-1.455914,1.623578
1389,True,Optimization terminated successfully.,3079,4615,27.870899,2.443458,0,1,1.465836,1.523087,1.535033,-0.649261,-0.865356,-1.068306,-1.192579,0.852685
1390,True,Optimization terminated successfully.,3303,4917,44.148629,3.370315,0,1,2.370127,2.525694,2.499588,-1.127268,-1.310452,-1.531710,-0.730652,-0.488253
1391,True,Optimization terminated successfully.,2833,4212,47.389399,3.044685,0,1,1.630735,1.820763,1.751519,-0.851292,-0.985237,-1.167418,-1.112621,0.559832
1392,True,Optimization terminated successfully.,2886,4277,17.294561,1.758455,0,1,2.501419,2.666450,2.588592,-1.263519,-1.310527,-1.559805,-0.622186,-0.648595
1393,True,Optimization terminated successfully.,2891,4319,30.418803,3.049270,0,1,2.947912,3.128130,3.090761,-1.338071,-1.562499,-1.713777,-0.267511,-1.306593
1394,True,Optimization terminated successfully.,3246,4766,35.830764,3.673770,0,1,2.161599,2.387962,2.276827,-1.077868,-1.233030,-1.472199,-0.825227,-0.188654
1395,True,Optimization terminated successfully.,3400,5064,16.008271,2.319481,0,1,1.902381,1.988280,1.897033,-0.876783,-1.049194,-1.213162,-0.940057,0.246345
1396,True,Optimization terminated successfully.,2339,3510,25.212505,2.421244,0,1,1.131647,1.279731,1.212659,-0.678346,-0.757031,-0.921805,-1.416885,1.205757
1397,True,Optimization terminated successfully.,2560,3823,38.025596,2.874079,0,1,0.663432,0.807999,0.791616,-0.324560,-0.538015,-0.775740,-1.630066,1.935946
1398,True,Optimization terminated successfully.,2608,3931,49.148086,3.221761,0,1,1.923725,2.092148,2.007149,-0.922211,-1.037710,-1.281480,-0.905671,0.142219
1399,True,Optimization terminated successfully.,2638,3934,17.383801,2.125249,0,1,7.330703,7.456867,7.470713,-3.309400,-3.442971,-3.746159,2.083918,-7.496858
1400,True,Optimization terminated successfully.,2814,4199,30.337929,2.967921,0,1,1.398625,1.416594,1.390223,-0.697543,-0.804742,-1.037821,-1.273512,0.981088
1401,True,Optimization terminated successfully.,2569,3862,24.343139,2.047587,0,1,-1.286651,-1.110925,-1.214444,0.463685,0.352482,0.114746,-2.710039,4.713769
1402,True,Optimization terminated successfully.,2412,3628,24.344096,2.301918,0,1,1.655944,1.791234,1.777407,-0.770984,-0.934379,-1.111477,-1.045391,0.540721
1403,True,Optimization terminated successfully.,2521,3727,34.019470,3.267238,0,1,1.349537,1.476879,1.430338,-0.742774,-0.872969,-0.998014,-1.270117,0.927719
1404,True,Optimization terminated successfully.,2760,4123,30.873637,2.817397,0,1,1.177596,1.369519,1.354256,-0.609512,-0.720972,-1.001180,-1.295072,1.170893
1405,True,Optimization terminated successfully.,2985,4410,27.247915,2.578456,0,1,2.966324,3.043746,3.065312,-1.380001,-1.462179,-1.731455,-0.312377,-1.252172
1406,True,Optimization terminated successfully.,2730,4116,32.344434,3.090180,0,1,1.594688,1.660525,1.612706,-0.794810,-0.938177,-1.037413,-1.124212,0.744873
1407,True,Optimization terminated successfully.,2474,3743,56.377121,4.532187,0,1,7.007416,7.054326,7.019845,-3.138628,-3.241077,-3.482119,1.861982,-6.911286
1408,True,Optimization terminated successfully.,3326,4913,47.476200,2.974507,0,1,1.472666,1.555742,1.486197,-0.726424,-0.893523,-1.077416,-1.228457,0.843289
1409,True,Optimization terminated successfully.,2822,4234,48.999399,3.800175,0,1,1.224670,1.352804,1.321808,-0.625974,-0.804097,-0.996377,-1.345904,1.191062
1410,True,Optimization terminated successfully.,2836,4214,35.695640,3.183443,0,1,1.958266,2.124401,2.048835,-1.002206,-1.131425,-1.300167,-0.979273,0.087682
1411,True,Optimization terminated successfully.,2514,3739,29.712574,2.445948,0,1,0.993684,1.158629,1.104460,-0.569012,-0.637255,-0.881954,-1.446886,1.435748
1412,True,Optimization terminated successfully.,2743,4138,57.995792,3.157218,0,1,2.521375,2.634833,2.523843,-1.147763,-1.254086,-1.581488,-0.657891,-0.590613
1413,True,Optimization terminated successfully.,2231,3336,21.323963,2.648654,0,1,1.268821,1.347599,1.285502,-0.658372,-0.843011,-0.957845,-1.267059,1.147707
1414,True,Optimization terminated successfully.,2713,4064,30.701900,3.129061,0,1,0.981054,0.987233,1.014734,-0.493677,-0.655090,-0.851211,-1.452885,1.591156
1415,True,Optimization terminated successfully.,2418,3609,18.567231,2.022412,0,1,3.218590,3.320889,3.269850,-1.489777,-1.630376,-1.854840,-0.281320,-1.615166
1416,True,Optimization terminated successfully.,3127,4635,27.994446,2.868315,0,1,-0.343793,-0.226762,-0.306756,0.085577,-0.049192,-0.200798,-2.156641,3.399914
1417,True,Optimization terminated successfully.,2850,4270,33.970624,3.412848,0,1,2.832346,3.039439,2.967399,-1.349593,-1.513739,-1.668858,-0.365648,-1.158024
1418,True,Optimization terminated successfully.,3326,4971,32.995722,2.986338,0,1,0.878805,1.000420,0.960936,-0.478344,-0.691148,-0.850175,-1.504269,1.715772
1419,True,Optimization terminated successfully.,2905,4324,32.083250,2.656472,0,1,1.290242,1.390252,1.399429,-0.683086,-0.800669,-0.910118,-1.241041,1.077699
1420,True,Optimization terminated successfully.,3038,4535,31.944646,2.887507,0,1,0.546829,0.683292,0.637531,-0.340746,-0.486766,-0.655023,-1.721929,2.150461
1421,True,Optimization terminated successfully.,2279,3513,33.881357,2.503844,0,1,1.379232,1.506080,1.298144,-0.704543,-0.828409,-0.952648,-1.208233,1.000811
1422,True,Optimization terminated successfully.,2738,4100,28.446124,2.382988,0,1,2.728283,2.885616,2.816322,-1.275635,-1.471683,-1.658561,-0.474365,-0.986694
1423,True,Optimization terminated successfully.,3012,4488,23.304534,2.159943,0,1,1.436544,1.561008,1.559677,-0.709874,-0.860146,-1.083377,-1.319964,0.852761
1424,True,Optimization terminated successfully.,3085,4634,32.682228,2.466469,0,1,2.587586,2.702281,2.635202,-1.212485,-1.302325,-1.541275,-0.585066,-0.670909
1425,True,Optimization terminated successfully.,3177,4737,16.856368,2.154745,0,1,2.070589,2.190243,2.116414,-0.979740,-1.102680,-1.356800,-0.832079,0.002039
1426,True,Optimization terminated successfully.,1959,2940,36.167798,2.483197,0,1,1.346567,1.551489,1.402097,-0.700367,-0.898169,-1.053703,-1.306685,0.930551
1427,True,Optimization terminated successfully.,2996,4449,31.652743,3.184803,0,1,1.122529,1.304941,1.229270,-0.598085,-0.760080,-0.928036,-1.353308,1.268712
1428,True,Optimization terminated successfully.,4319,6420,14.368254,2.047399,0,1,1.127457,1.339728,1.358174,-0.629053,-0.765788,-0.947632,-1.275339,1.200388
1429,True,Optimization terminated successfully.,2833,4244,35.441116,2.663557,0,1,0.938504,1.110785,1.117848,-0.445093,-0.700991,-0.871339,-1.375953,1.480644
1430,True,Optimization terminated successfully.,3106,4627,32.126935,2.810081,0,1,-4.377035,-4.302826,-4.369299,1.757760,1.655162,1.468325,-4.444718,9.154779
1431,True,Optimization terminated successfully.,2636,3939,44.662557,3.694832,0,1,1.747913,1.931555,1.870732,-0.926740,-1.003251,-1.227555,-1.022280,0.362255
1432,True,Optimization terminated successfully.,2908,4289,34.270702,3.770605,0,1,1.180101,1.260362,1.210498,-0.587738,-0.754035,-0.965597,-1.372799,1.254389
1433,True,Optimization terminated successfully.,3965,5851,29.558197,2.252439,0,1,0.761561,0.942352,0.892809,-0.371968,-0.579597,-0.827152,-1.549580,1.774212
1434,True,Optimization terminated successfully.,1785,2705,35.964781,3.795024,0,1,2.059814,2.191496,2.173199,-0.939161,-1.148488,-1.304868,-0.871525,-0.040805
1435,True,Optimization terminated successfully.,2784,4145,61.257476,4.306199,0,1,3.055208,3.132465,3.106719,-1.362524,-1.505436,-1.758492,-0.279780,-1.407069
1436,True,Optimization terminated successfully.,3113,4651,65.070045,4.478186,0,1,-5.070602,-4.875547,-4.935756,2.081269,1.927076,1.712946,-4.794696,9.982921
1437,True,Optimization terminated successfully.,2643,3956,26.446362,2.625121,0,1,-0.147955,-0.036679,-0.059241,-0.068405,-0.226548,-0.390548,-2.178080,3.142658
1438,True,Optimization terminated successfully.,2911,4339,31.047540,2.526684,0,1,0.457234,0.563808,0.483871,-0.286330,-0.458156,-0.670752,-1.799086,2.259748
1439,True,Optimization terminated successfully.,2647,3991,29.682794,2.399114,0,1,-4.181742,-4.047906,-4.157761,1.766170,1.513797,1.371438,-4.291292,8.836680
1440,True,Optimization terminated successfully.,3107,4643,42.646382,2.958992,0,1,1.557537,1.733189,1.685969,-0.835204,-0.899478,-1.097476,-1.150013,0.650991
1441,True,Optimization terminated successfully.,2851,4246,37.067324,3.415589,0,1,1.036006,1.210016,1.127602,-0.574513,-0.721854,-0.900758,-1.426020,1.422115
1442,True,Optimization terminated successfully.,3044,4548,51.524020,3.366184,0,1,0.789425,0.863893,0.800849,-0.388566,-0.558931,-0.801743,-1.599888,1.795953
1443,True,Optimization terminated successfully.,2731,4085,21.623279,2.280951,0,1,1.624773,1.716587,1.654306,-0.784841,-0.893521,-1.101922,-1.156880,0.638588
1444,True,Optimization terminated successfully.,2934,4445,22.415449,2.335184,0,1,6.301701,6.492517,6.404591,-2.850239,-3.081604,-3.150688,1.479091,-6.081509
1445,True,Optimization terminated successfully.,3129,4647,45.817460,3.755680,0,1,-0.774478,-0.619562,-0.675129,0.236533,0.027840,-0.061481,-2.382526,3.962350
1446,True,Optimization terminated successfully.,2757,4118,40.998015,3.338745,0,1,2.095206,2.238483,2.225825,-1.007020,-1.101625,-1.361537,-0.782140,-0.072139
1447,True,Optimization terminated successfully.,3187,4768,27.497582,2.294608,0,1,1.864267,2.055844,1.870752,-0.852423,-1.069486,-1.216993,-1.015216,0.295412
1448,True,Optimization terminated successfully.,2545,3803,28.833031,2.255039,0,1,0.266015,0.474162,0.354704,-0.252507,-0.412009,-0.567271,-1.905512,2.483803
1449,True,Optimization terminated successfully.,2999,4468,31.822987,2.429960,0,1,1.043548,1.170752,1.102062,-0.591776,-0.700473,-0.937303,-1.508720,1.401989
1450,True,Optimization terminated successfully.,3275,4843,28.752832,3.124695,0,1,1.484321,1.656025,1.583786,-0.694495,-0.980332,-1.093207,-1.171511,0.736775
1451,True,Optimization terminated successfully.,2632,3942,60.556301,3.493552,0,1,1.244900,1.404609,1.295961,-0.620222,-0.737679,-0.995901,-1.349448,1.116000
1452,True,Optimization terminated successfully.,2513,3793,43.310087,3.176427,0,1,1.634153,1.800544,1.748368,-0.855315,-0.945506,-1.191540,-1.052311,0.490515
1453,True,Optimization terminated successfully.,2476,3726,62.218850,3.828763,0,1,0.489035,0.609688,0.660157,-0.343222,-0.449279,-0.748369,-1.773703,2.181768
1454,True,Optimization terminated successfully.,2804,4214,30.090803,2.234168,0,1,-5.785999,-5.707323,-5.708063,2.401440,2.277350,2.119562,-5.331886,11.133281
1455,True,Optimization terminated successfully.,2682,3999,52.517783,3.698931,0,1,1.939372,2.055493,2.079036,-0.948988,-1.051584,-1.293570,-0.920110,0.192576
1456,True,Optimization terminated successfully.,2845,4259,35.079099,2.724086,0,1,0.879419,1.033594,0.998300,-0.569473,-0.646972,-0.807922,-1.530092,1.613433
1457,True,Optimization terminated successfully.,2962,4438,24.484351,2.853907,0,1,3.001680,3.113919,3.026305,-1.400596,-1.581753,-1.692915,-0.363954,-1.317636
1458,True,Optimization terminated successfully.,2534,3817,14.956842,1.666618,0,1,0.055314,0.267999,0.167352,-0.114177,-0.225414,-0.508686,-1.973502,2.763712
1459,True,Optimization terminated successfully.,2768,4119,38.327457,2.773548,0,1,-0.403853,-0.257774,-0.309281,0.036077,-0.080543,-0.235681,-2.180869,3.401400
1460,True,Optimization terminated successfully.,2965,4397,24.793049,3.234971,0,1,0.680849,0.815054,0.789689,-0.351258,-0.527359,-0.742720,-1.559810,1.905734
1461,True,Optimization terminated successfully.,7248,10742,41.589363,3.140450,0,1,2.038223,2.194505,2.124857,-0.953942,-1.147083,-1.336894,-0.869490,-0.015412
1462,True,Optimization terminated successfully.,3336,4964,36.781341,2.958516,0,1,-1.004665,-0.905619,-0.937654,0.353277,0.197599,0.067894,-2.469167,4.331459
1463,True,Optimization terminated successfully.,2860,4262,54.142558,3.304769,0,1,2.980033,3.093894,2.990901,-1.334744,-1.526214,-1.746140,-0.369446,-1.291806
1464,True,Optimization terminated successfully.,2761,4165,59.938305,3.916892,0,1,0.646817,0.762530,0.683686,-0.399700,-0.465760,-0.777581,-1.656877,1.952941
1465,True,Optimization terminated successfully.,2485,3692,37.485495,3.449275,0,1,1.830677,2.005990,1.915691,-0.957619,-0.994657,-1.177760,-0.910931,0.311526
1466,True,Optimization terminated successfully.,2663,3993,27.623175,2.328159,0,1,1.905293,2.060615,2.057505,-0.931622,-1.077600,-1.282128,-0.916435,0.140833
1467,True,Optimization terminated successfully.,2422,3582,40.309925,3.412468,0,1,1.604762,1.646871,1.661406,-0.792353,-0.928955,-1.136181,-1.156619,0.623026
1468,True,Optimization terminated successfully.,2375,3568,25.720049,2.362251,0,1,0.909367,1.001963,1.012757,-0.550038,-0.588386,-0.808370,-1.467679,1.609502
1469,True,Optimization terminated successfully.,3267,4859,67.411818,4.667300,0,1,2.721986,2.889858,2.787108,-1.253444,-1.399997,-1.579052,-0.451460,-0.929938
1470,True,Optimization terminated successfully.,3536,5217,31.359865,2.422418,0,1,1.082012,1.189029,1.141957,-0.562034,-0.702991,-0.861541,-1.379906,1.338005
1471,True,Optimization terminated successfully.,2623,3953,45.141150,3.340327,0,1,2.128813,2.273621,2.228104,-1.069296,-1.130654,-1.370438,-0.900780,-0.122531
1472,True,Optimization terminated successfully.,2581,3832,14.939810,2.265620,0,1,-0.663652,-0.593356,-0.666295,0.183015,0.067604,-0.131455,-2.417059,3.938315
1473,True,Optimization terminated successfully.,2407,3600,32.831533,3.654798,0,1,0.763050,0.846144,0.873062,-0.469068,-0.601852,-0.839999,-1.589410,1.845997
1474,True,Optimization terminated successfully.,2991,4449,25.719997,2.710361,0,1,0.287102,0.475974,0.347138,-0.145100,-0.374139,-0.584725,-1.796440,2.486592
1475,True,Optimization terminated successfully.,3143,4698,39.714766,3.007123,0,1,1.895496,2.075608,2.005990,-0.889877,-1.101510,-1.263842,-0.853306,0.177877
1476,True,Optimization terminated successfully.,2382,3540,24.966737,2.471599,0,1,2.811180,2.923909,2.923590,-1.364590,-1.473611,-1.659990,-0.452328,-1.046767
1477,True,Optimization terminated successfully.,2474,3701,29.326049,2.764501,0,1,2.293035,2.455395,2.391539,-1.098476,-1.154443,-1.373875,-0.686484,-0.330965
1478,True,Optimization terminated successfully.,2138,3251,418.527971,14.145222,0,1,0.872898,1.250052,0.972666,0.133597,-0.518906,-0.776364,-0.886155,1.611314
1479,True,Optimization terminated successfully.,2941,4403,22.961011,2.624346,0,1,0.991732,1.110249,1.060266,-0.514478,-0.704431,-0.856055,-1.433285,1.516616
1480,True,Optimization terminated successfully.,2751,4114,27.741830,2.287703,0,1,0.322269,0.451600,0.458730,-0.200653,-0.407485,-0.566481,-1.737554,2.405640
1481,True,Optimization terminated successfully.,3456,5155,28.771124,2.559081,0,1,2.598456,2.750140,2.788418,-1.268318,-1.389434,-1.659839,-0.488924,-0.870531
1482,True,Optimization terminated successfully.,2752,4130,25.531890,2.355160,0,1,1.357761,1.437271,1.372125,-0.655060,-0.793567,-0.973394,-1.339075,1.052700
1483,True,Optimization terminated successfully.,2826,4247,29.283281,2.708707,0,1,3.046139,3.171355,3.160197,-1.436884,-1.538819,-1.740995,-0.331047,-1.422697
1484,True,Optimization terminated successfully.,2811,4242,43.868989,2.971790,0,1,2.591473,2.766761,2.719355,-1.235339,-1.421721,-1.585493,-0.587870,-0.811792
1485,True,Optimization terminated successfully.,2868,4260,18.371176,2.652304,0,1,1.682394,1.776005,1.642815,-0.813882,-0.913480,-1.117560,-1.063613,0.547328
1486,True,Optimization terminated successfully.,3189,4747,50.637284,3.474096,0,1,1.804450,1.960338,1.922737,-0.864931,-1.018423,-1.271243,-1.008429,0.303367
1487,True,Optimization terminated successfully.,3040,4525,25.604316,2.552525,0,1,2.147333,2.307891,2.313124,-1.016466,-1.119476,-1.412668,-0.702455,-0.191612
1488,True,Optimization terminated successfully.,2613,3923,39.989338,3.532127,0,1,2.666911,2.752306,2.757990,-1.205250,-1.284156,-1.609958,-0.556083,-0.872149
1489,True,Optimization terminated successfully.,2679,4047,57.226914,3.351767,0,1,1.324212,1.415667,1.340646,-0.644324,-0.757561,-1.000566,-1.211890,1.063253
1490,True,Optimization terminated successfully.,3107,4603,23.129567,2.409131,0,1,2.697844,2.929254,2.792364,-1.294292,-1.479624,-1.631669,-0.584035,-0.999537
1491,True,Optimization terminated successfully.,2384,3576,37.861580,2.748975,0,1,2.756263,2.901087,2.809628,-1.265213,-1.437869,-1.589869,-0.370713,-0.952811
1492,True,Optimization terminated successfully.,2982,4397,62.705974,3.470356,0,1,1.529367,1.630125,1.665912,-0.728789,-0.913069,-1.110400,-1.149552,0.745310
1493,True,Optimization terminated successfully.,2972,4426,48.522165,3.366999,0,1,-3.086761,-2.986367,-3.075947,1.227240,1.087299,0.854348,-3.770314,7.306976
1494,True,Optimization terminated successfully.,2558,3863,34.365217,2.920593,0,1,5.829327,5.998269,5.917000,-2.640246,-2.801524,-2.947610,1.205468,-5.366918
1495,True,Optimization terminated successfully.,3260,4869,58.279502,3.571049,0,1,2.044456,2.167607,2.210983,-1.021350,-1.079761,-1.360629,-0.794891,-0.026374
1496,True,Optimization terminated successfully.,2870,4343,37.314042,3.072921,0,1,3.678144,3.807694,3.748196,-1.726506,-1.783184,-2.071952,0.033107,-2.304980
1497,True,Optimization terminated successfully.,3030,4539,32.896394,2.611380,0,1,1.538473,1.777656,1.666676,-0.760204,-0.976599,-1.132628,-1.132594,0.646717
1498,True,Optimization terminated successfully.,3037,4513,18.881471,2.154190,0,1,0.559684,0.700879,0.602469,-0.393172,-0.542410,-0.700109,-1.706543,2.073716
1499,True,Optimization terminated successfully.,3096,4639,32.321790,2.481871,0,1,1.049772,1.233572,1.066891,-0.634088,-0.722289,-0.938445,-1.491004,1.385828
1500,True,Optimization terminated successfully.,3177,4730,22.848990,2.458393,0,1,1.937718,2.019057,1.953315,-0.952644,-1.035237,-1.317025,-0.939891,0.155033
1501,True,Optimization terminated successfully.,2860,4250,27.580698,3.061275,0,1,2.375892,2.509775,2.473611,-1.152484,-1.269768,-1.529802,-0.758929,-0.466756
1502,True,Optimization terminated successfully.,2414,3602,19.369195,2.861968,0,1,1.634576,1.837074,1.714981,-0.812296,-0.931257,-1.091423,-1.037833,0.545185
1503,True,Optimization terminated successfully.,2888,4284,61.651969,4.502405,0,1,2.007151,2.150086,2.126885,-0.972404,-1.064136,-1.259163,-0.856218,0.053251
1504,True,Optimization terminated successfully.,2881,4281,26.874359,2.508023,0,1,2.939585,3.083915,3.085612,-1.344519,-1.470694,-1.699480,-0.335416,-1.255045
1505,True,Optimization terminated successfully.,2715,4108,43.731972,2.663777,0,1,1.385409,1.553769,1.528294,-0.668541,-0.839195,-0.988337,-1.174674,0.856858
1506,True,Optimization terminated successfully.,2777,4168,23.048045,3.010188,0,1,2.207655,2.336546,2.281657,-1.044927,-1.212675,-1.378389,-0.808209,-0.225470
1507,True,Optimization terminated successfully.,2319,3462,20.782892,2.087331,0,1,1.510517,1.608406,1.598357,-0.698366,-0.874313,-1.092871,-1.175745,0.807385
1508,True,Optimization terminated successfully.,3241,4844,26.733732,2.890480,0,1,10.795981,10.992432,10.970152,-4.757789,-4.969359,-5.143097,4.037288,-12.480347
1509,True,Optimization terminated successfully.,3425,5091,27.824298,2.629509,0,1,0.691149,0.873411,0.796248,-0.430083,-0.577382,-0.767689,-1.586805,1.862552
1510,True,Optimization terminated successfully.,2650,3994,14.129961,1.816736,0,1,2.708861,2.883690,2.844145,-1.269118,-1.406651,-1.678740,-0.500260,-0.987783
1511,True,Optimization terminated successfully.,2609,3896,61.652429,3.936765,0,1,2.254829,2.366720,2.363704,-1.048569,-1.193852,-1.440016,-0.673074,-0.306898
1512,True,Optimization terminated successfully.,3175,4728,54.570973,4.167280,0,1,2.762753,2.835270,2.847761,-1.293391,-1.443216,-1.636051,-0.481263,-1.019011
1513,True,Optimization terminated successfully.,2489,3715,38.000363,2.884697,0,1,2.089287,2.208589,2.159545,-1.001559,-1.095988,-1.403882,-0.831987,-0.056058
1514,True,Optimization terminated successfully.,2305,3449,23.679840,2.321399,0,1,1.659958,1.849790,1.764032,-0.829720,-0.976501,-1.206618,-1.081469,0.392186
1515,True,Optimization terminated successfully.,2802,4212,24.992149,2.752813,0,1,1.230502,1.405672,1.383610,-0.578348,-0.739789,-1.055472,-1.276426,1.126930
1516,True,Optimization terminated successfully.,3705,5486,20.069119,2.211676,0,1,1.940116,2.097060,2.029021,-0.946426,-1.081614,-1.320124,-0.918501,0.100566
1517,True,Optimization terminated successfully.,2908,4294,41.900893,3.967258,0,1,1.860604,1.971727,1.855513,-0.963602,-0.999250,-1.144160,-1.004686,0.304766
1518,True,Optimization terminated successfully.,3110,4632,28.168212,2.921996,0,1,0.904035,1.101500,1.105165,-0.516888,-0.676718,-0.850581,-1.466416,1.502272
1519,True,Optimization terminated successfully.,3408,5078,30.396644,2.953936,0,1,2.462433,2.569121,2.552457,-1.199142,-1.251826,-1.549231,-0.616679,-0.582183
1520,True,Optimization terminated successfully.,2486,3705,40.298124,2.614230,0,1,0.696672,0.834962,0.743114,-0.377427,-0.527984,-0.720910,-1.634462,1.945816
1521,True,Optimization terminated successfully.,2879,4326,20.944172,2.189207,0,1,8.849804,9.047197,8.883312,-3.975586,-4.145295,-4.348447,2.890454,-9.674306
1522,True,Optimization terminated successfully.,2891,4317,32.358200,2.764313,0,1,1.681411,1.808867,1.778260,-0.825538,-0.963957,-1.149355,-1.114369,0.526094
1523,True,Optimization terminated successfully.,3024,4504,52.576240,3.238885,0,1,2.071729,2.148784,2.131393,-1.009763,-1.113826,-1.305699,-0.829803,0.041552
1524,True,Optimization terminated successfully.,2732,4070,29.311091,2.557506,0,1,-0.344090,-0.105560,-0.155705,0.067711,-0.129630,-0.328274,-2.167955,3.344107
1525,True,Optimization terminated successfully.,3079,4567,30.618580,2.392290,0,1,4.406770,4.502152,4.507465,-2.047204,-2.194069,-2.388623,0.382547,-3.383781
1526,True,Optimization terminated successfully.,3344,4945,37.889521,3.246775,0,1,0.552370,0.672781,0.613793,-0.334659,-0.465612,-0.733297,-1.710719,2.086122
1527,True,Optimization terminated successfully.,2765,4120,44.880010,3.172657,0,1,2.036887,2.136273,2.086404,-0.948086,-1.135177,-1.360138,-0.850926,0.045201
1528,True,Optimization terminated successfully.,3147,4650,17.753279,1.752644,0,1,1.723280,1.885463,1.852143,-0.887613,-1.042265,-1.240269,-1.151424,0.399006
1529,True,Optimization terminated successfully.,2410,3629,35.039312,2.882642,0,1,2.965640,3.121105,3.077893,-1.376487,-1.528464,-1.697713,-0.319807,-1.312667
1530,True,Optimization terminated successfully.,3393,5035,44.377703,2.772390,0,1,1.271599,1.334464,1.334031,-0.705540,-0.787542,-1.025505,-1.392307,1.105377
1531,True,Optimization terminated successfully.,2841,4218,17.960359,2.347778,0,1,2.559880,2.659128,2.648525,-1.211179,-1.299411,-1.551276,-0.559012,-0.685753
1532,True,Optimization terminated successfully.,3169,4718,46.607933,3.504039,0,1,2.249621,2.394463,2.369167,-1.153790,-1.239488,-1.445551,-0.710151,-0.356128
1533,True,Optimization terminated successfully.,2997,4495,26.796382,2.639599,0,1,0.485319,0.693796,0.671020,-0.344802,-0.504916,-0.702794,-1.727715,2.152941
1534,True,Optimization terminated successfully.,2899,4306,31.058907,2.666143,0,1,0.753787,0.955118,0.830193,-0.420981,-0.592948,-0.753593,-1.589413,1.771069
1535,True,Optimization terminated successfully.,2465,3711,26.599539,2.834926,0,1,-0.174030,-0.055501,-0.135205,-0.061208,-0.151886,-0.341843,-2.122988,3.218830
1536,True,Optimization terminated successfully.,3183,4803,17.582247,2.303930,0,1,7.035229,7.168564,7.090195,-3.201313,-3.333022,-3.529471,1.831654,-7.114869
1537,True,Optimization terminated successfully.,3242,4840,31.254074,2.693145,0,1,1.670236,1.789044,1.691372,-0.811102,-1.013159,-1.140051,-1.089983,0.512162
1538,True,Optimization terminated successfully.,2847,4285,41.877293,3.445096,0,1,0.498227,0.635145,0.539404,-0.326826,-0.517442,-0.694695,-1.724402,2.158476
1539,True,Optimization terminated successfully.,2847,4232,25.273230,2.661330,0,1,0.010876,0.148024,0.102913,-0.058679,-0.264645,-0.451980,-2.019917,2.863983
1540,True,Optimization terminated successfully.,2385,3584,37.038089,2.898127,0,1,-1.672622,-1.539242,-1.581129,0.667945,0.519148,0.303321,-2.958577,5.256628
1541,True,Optimization terminated successfully.,2544,3794,32.366659,2.505947,0,1,1.941642,2.049204,2.006865,-0.914126,-1.099191,-1.305112,-0.881574,0.163656
1542,True,Optimization terminated successfully.,2479,3728,46.813631,3.000377,0,1,2.490443,2.627077,2.532927,-1.161312,-1.303773,-1.542190,-0.647882,-0.533978
1543,True,Optimization terminated successfully.,2621,3924,31.140548,2.753318,0,1,3.380883,3.425104,3.298530,-1.583147,-1.667394,-1.805634,-0.168851,-1.809665
1544,True,Optimization terminated successfully.,3241,4844,38.670030,3.388918,0,1,2.143363,2.275858,2.205504,-1.073158,-1.188170,-1.385630,-0.784711,-0.122435
1545,True,Optimization terminated successfully.,2658,3980,51.788604,3.060109,0,1,1.363423,1.480721,1.474798,-0.664348,-0.802737,-1.064060,-1.231099,0.966577
1546,True,Optimization terminated successfully.,2469,3686,24.753426,2.402519,0,1,1.087103,1.265816,1.221220,-0.616516,-0.736829,-0.967650,-1.434010,1.271639
1547,True,Optimization terminated successfully.,3429,5084,27.030457,1.973450,0,1,6.269998,6.360984,6.295231,-2.786251,-2.974881,-3.111571,1.443751,-5.962659
1548,True,Optimization terminated successfully.,2613,3899,13.984540,1.771876,0,1,0.147511,0.265859,0.178431,-0.110521,-0.353456,-0.566452,-1.962474,2.700613
1549,True,Optimization terminated successfully.,2939,4388,31.880991,2.549772,0,1,1.542235,1.671116,1.659560,-0.785683,-0.873504,-1.098492,-1.109204,0.733799
1550,True,Optimization terminated successfully.,2670,4007,31.552339,3.208239,0,1,1.121862,1.270527,1.208942,-0.613543,-0.673174,-0.951378,-1.329656,1.292273
1551,True,Optimization terminated successfully.,3082,4610,36.400067,2.864983,0,1,-11.612593,-11.459526,-11.447687,4.980435,4.781246,4.627826,-8.317884,19.324976
1552,True,Optimization terminated successfully.,2481,3688,36.291156,2.473236,0,1,0.960349,1.100149,1.025177,-0.512041,-0.637974,-0.828043,-1.523039,1.554890
1553,True,Optimization terminated successfully.,2519,3767,25.014638,2.749663,0,1,1.480106,1.568685,1.573343,-0.747458,-0.861126,-1.049791,-1.223875,0.783009
1554,True,Optimization terminated successfully.,2415,3607,37.812393,2.714242,0,1,1.127434,1.196243,1.136699,-0.562025,-0.663263,-0.910122,-1.385479,1.343394
1555,True,Optimization terminated successfully.,2476,3699,52.610989,3.863421,0,1,1.353701,1.484692,1.526943,-0.714362,-0.862440,-1.062079,-1.179251,0.924147
1556,True,Optimization terminated successfully.,3053,4518,19.086676,2.481392,0,1,2.836099,2.968089,2.747532,-1.310246,-1.455729,-1.625786,-0.458310,-1.128185
1557,True,Optimization terminated successfully.,2504,3722,34.146570,2.507239,0,1,1.980245,2.093534,2.076929,-0.949446,-1.083149,-1.316216,-0.933808,0.096831
1558,True,Optimization terminated successfully.,2496,3757,41.435316,2.799103,0,1,1.845031,1.988127,1.942711,-0.885396,-1.002510,-1.212465,-0.925128,0.264515
1559,True,Optimization terminated successfully.,2765,4122,29.892596,2.890715,0,1,1.740433,1.870988,1.905964,-0.796668,-0.997270,-1.252293,-0.983922,0.436635
1560,True,Optimization terminated successfully.,2874,4245,54.809690,3.304841,0,1,1.427674,1.583630,1.496334,-0.721153,-0.889982,-1.070986,-1.180864,0.843059
1561,True,Optimization terminated successfully.,2714,4061,29.066588,2.868579,0,1,2.847571,2.991353,2.939563,-1.334444,-1.435340,-1.688945,-0.403921,-1.145966
1562,True,Optimization terminated successfully.,3079,4550,31.585281,2.866751,0,1,1.026770,1.175404,1.077112,-0.521933,-0.669864,-0.952585,-1.363366,1.458251
1563,True,Optimization terminated successfully.,3030,4544,33.026698,2.598329,0,1,1.450111,1.599635,1.557476,-0.745183,-0.890138,-1.026441,-1.190618,0.824995
1564,True,Optimization terminated successfully.,2907,4332,85.897280,5.325411,0,1,0.087036,0.242113,0.160175,-0.112518,-0.295103,-0.578815,-2.027005,2.775218
1565,True,Optimization terminated successfully.,2723,4068,40.270987,2.538333,0,1,-1.688109,-1.549459,-1.578842,0.634095,0.519437,0.259675,-2.908546,5.293874
1566,True,Optimization terminated successfully.,2242,3350,24.525543,2.317801,0,1,0.860224,1.011182,0.989725,-0.513553,-0.531199,-0.815832,-1.442176,1.668631
1567,True,Optimization terminated successfully.,2812,4208,30.659040,2.936959,0,1,0.749222,0.910153,0.819608,-0.460363,-0.550817,-0.787818,-1.577133,1.828483
1568,True,Optimization terminated successfully.,2563,3837,38.369043,3.405353,0,1,2.438812,2.586084,2.564519,-1.173011,-1.312127,-1.535213,-0.674267,-0.627763
1569,True,Optimization terminated successfully.,2021,3063,33.419711,2.634626,0,1,0.770865,0.923202,0.848796,-0.437136,-0.600167,-0.778128,-1.618345,1.815769
1570,True,Optimization terminated successfully.,3236,4786,52.530220,3.519853,0,1,0.858125,1.073244,1.007318,-0.467267,-0.662761,-0.859331,-1.447792,1.612815
1571,True,Optimization terminated successfully.,2591,3873,34.786671,2.364047,0,1,1.744538,1.944856,1.893987,-0.818801,-0.980185,-1.230726,-0.969540,0.372979
1572,True,Optimization terminated successfully.,3027,4501,24.373444,2.008824,0,1,0.654210,0.757650,0.753957,-0.430682,-0.525234,-0.738763,-1.641756,1.981853
1573,True,Optimization terminated successfully.,3041,4585,32.472282,3.234521,0,1,0.263708,0.354046,0.326974,-0.147221,-0.340523,-0.545726,-1.867270,2.519036
1574,True,Optimization terminated successfully.,3492,5174,41.217125,3.309185,0,1,-6.871306,-6.752420,-6.764674,2.903047,2.758113,2.588679,-5.751765,12.611467
1575,True,Optimization terminated successfully.,2938,4404,64.306574,4.475611,0,1,-5.123059,-5.004665,-5.114108,2.148906,2.008745,1.797690,-4.816020,10.185321
1576,True,Optimization terminated successfully.,2635,3935,31.578752,2.856266,0,1,1.904682,1.992244,2.015116,-0.954235,-1.023964,-1.297333,-0.967286,0.180025
1577,True,Optimization terminated successfully.,2478,3742,11.087805,1.901911,0,1,4.327402,4.367392,4.381618,-1.922707,-2.056498,-2.305238,0.396292,-3.118369
1578,True,Optimization terminated successfully.,3010,4470,17.714816,1.994505,0,1,1.017823,1.120917,1.095215,-0.526651,-0.651806,-0.939291,-1.410891,1.462274
1579,True,Optimization terminated successfully.,2982,4449,34.835932,2.393115,0,1,0.971349,1.113641,1.013858,-0.576159,-0.659476,-0.836734,-1.458265,1.478292
1580,True,Optimization terminated successfully.,2482,3725,17.153246,1.691501,0,1,1.135648,1.237872,1.166541,-0.580268,-0.696626,-0.921251,-1.355887,1.339347
1581,True,Optimization terminated successfully.,2935,4374,46.132106,3.139593,0,1,0.427293,0.560191,0.489272,-0.267970,-0.461156,-0.624602,-1.764762,2.293270
1582,True,Optimization terminated successfully.,2618,3921,49.337710,3.741656,0,1,2.419098,2.525995,2.492236,-1.165310,-1.243486,-1.471144,-0.663519,-0.494316
1583,True,Optimization terminated successfully.,2520,3750,53.641785,3.661156,0,1,2.002992,2.093768,2.044174,-1.025752,-1.104556,-1.322383,-0.963874,0.090384
1584,True,Optimization terminated successfully.,2595,3907,37.963302,3.399276,0,1,2.263189,2.424700,2.438191,-1.076869,-1.229410,-1.446659,-0.739944,-0.354933
1585,True,Optimization terminated successfully.,3017,4506,34.517901,3.148597,0,1,3.991384,4.210036,4.165578,-1.866664,-2.076650,-2.188239,0.259172,-2.867292
1586,True,Optimization terminated successfully.,2951,4359,27.072148,2.577254,0,1,0.789612,0.948629,0.884581,-0.448845,-0.619888,-0.766422,-1.605819,1.709776
1587,True,Optimization terminated successfully.,3014,4504,60.637485,3.681716,0,1,4.573602,4.663088,4.654839,-2.110029,-2.193611,-2.409767,0.540998,-3.531251
1588,True,Optimization terminated successfully.,3296,4889,30.243990,2.664293,0,1,1.934440,2.040460,1.979434,-0.960673,-1.087363,-1.353019,-1.004486,0.183975
1589,True,Optimization terminated successfully.,2978,4462,24.469305,2.492929,0,1,1.919084,2.060393,2.066839,-0.960521,-1.048438,-1.292662,-0.901767,0.184558
1590,True,Optimization terminated successfully.,2833,4219,35.460915,2.838405,0,1,-1.288522,-1.100077,-1.177075,0.507960,0.260855,0.091915,-2.691227,4.676407
1591,True,Optimization terminated successfully.,2803,4175,25.060309,2.829851,0,1,1.675501,1.783716,1.703634,-0.862104,-0.964230,-1.172427,-1.156441,0.547589
1592,True,Optimization terminated successfully.,3291,4903,33.723341,3.779414,0,1,-2.187817,-2.033016,-2.114371,0.857660,0.716756,0.549579,-3.166819,5.985857
1593,True,Optimization terminated successfully.,2719,4130,28.779380,2.448692,0,1,4.749799,4.864725,4.915537,-2.141342,-2.269397,-2.517509,0.712435,-3.820686
1594,True,Optimization terminated successfully.,2632,3954,30.154352,2.547182,0,1,2.841060,2.973229,2.955074,-1.289520,-1.445499,-1.654614,-0.418050,-1.094264
1595,True,Optimization terminated successfully.,2165,3288,223.447006,6.939931,0,1,0.408673,0.594201,0.008965,-0.136601,-0.358582,-0.268100,-1.635345,2.510378
1596,True,Optimization terminated successfully.,2807,4151,29.625452,3.293021,0,1,3.029711,3.092488,3.073964,-1.437131,-1.530501,-1.734044,-0.336028,-1.348634
1597,True,Optimization terminated successfully.,2931,4370,45.523484,3.353147,0,1,3.361235,3.510605,3.399705,-1.561296,-1.706456,-1.937806,-0.213716,-1.878041
1598,True,Optimization terminated successfully.,2696,4023,48.549923,3.151319,0,1,1.798188,1.994976,1.953841,-0.887313,-0.984596,-1.254735,-0.942571,0.301264
1599,True,Optimization terminated successfully.,2892,4314,42.357200,2.992435,0,1,1.912720,2.031732,1.972042,-0.969819,-1.046475,-1.306437,-0.926551,0.218399
1600,True,Optimization terminated successfully.,2739,4113,19.065376,1.963391,0,1,4.852335,4.997334,4.985590,-2.197874,-2.330337,-2.643893,0.623050,-4.020050
1601,True,Optimization terminated successfully.,2766,4145,21.659580,2.214947,0,1,4.092479,4.169251,4.111360,-1.947950,-2.005246,-2.198271,0.247413,-2.835713
1602,True,Optimization terminated successfully.,2845,4221,28.043964,2.610053,0,1,1.048109,1.141543,1.108006,-0.567514,-0.708332,-0.943014,-1.522535,1.480004
1603,True,Optimization terminated successfully.,3315,4965,33.025929,3.375317,0,1,-5.018280,-4.912858,-4.993338,2.188163,1.979276,1.823802,-4.768249,10.071816
1604,True,Optimization terminated successfully.,2547,3844,67.492956,3.686446,0,1,1.013413,1.122707,1.116049,-0.497041,-0.636748,-0.892773,-1.436550,1.479782
1605,True,Optimization terminated successfully.,2753,4112,37.533671,2.637518,0,1,0.031095,0.154018,0.160991,-0.135797,-0.167600,-0.536767,-1.949037,2.796720
1606,True,Optimization terminated successfully.,2719,4072,15.264965,1.784988,0,1,2.110117,2.168654,2.107234,-1.015193,-1.116736,-1.377076,-0.898681,-0.043699
1607,True,Optimization terminated successfully.,2895,4320,56.790642,3.990634,0,1,1.646106,1.771219,1.717811,-0.796325,-0.936604,-1.122398,-1.052199,0.534196
1608,True,Optimization terminated successfully.,3481,5189,19.389878,2.460785,0,1,1.812517,1.886347,1.901918,-0.858250,-1.013502,-1.217901,-1.032215,0.355715
1609,True,Optimization terminated successfully.,3001,4462,23.587653,2.696485,1,0,25.460833,25.611859,25.573397,-11.221597,-11.372538,-11.627942,12.051210,-33.269540
1610,True,Optimization terminated successfully.,2758,4115,41.707714,2.627147,0,1,1.192749,1.355998,1.350868,-0.591375,-0.803050,-0.973592,-1.335415,1.177973
1611,True,Optimization terminated successfully.,3010,4493,53.362180,4.133015,0,1,1.413076,1.526626,1.537916,-0.737590,-0.836550,-1.053786,-1.217721,0.893688
1612,True,Optimization terminated successfully.,3331,4927,29.031280,2.871197,0,1,2.403087,2.547205,2.479836,-1.086068,-1.313594,-1.456343,-0.657652,-0.571010
1613,True,Optimization terminated successfully.,2736,4085,23.714216,2.816266,0,1,2.198285,2.287545,2.331275,-1.029505,-1.195274,-1.368645,-0.809935,-0.195456
1614,True,Optimization terminated successfully.,2907,4348,31.658294,2.613711,0,1,1.172936,1.384053,1.234216,-0.574958,-0.812184,-0.961880,-1.322914,1.221644
1615,True,Optimization terminated successfully.,2443,3669,27.271705,2.327746,0,1,0.764184,0.824555,0.776524,-0.471982,-0.508795,-0.709020,-1.527426,1.910531
1616,True,Optimization terminated successfully.,2915,4349,30.781447,2.189037,0,1,2.760548,2.851929,2.854240,-1.354738,-1.451716,-1.648029,-0.515302,-1.050917
1617,True,Optimization terminated successfully.,2505,3729,38.537968,3.455500,0,1,2.738790,2.813219,2.772150,-1.340545,-1.418500,-1.608780,-0.497404,-0.974175
1618,True,Optimization terminated successfully.,2850,4261,49.126008,3.989583,0,1,1.128525,1.270794,1.266621,-0.587681,-0.683795,-0.923972,-1.265011,1.312473
1619,True,Optimization terminated successfully.,3159,4713,34.746449,2.733386,0,1,4.215946,4.288697,4.302846,-1.971209,-2.047234,-2.278578,0.400991,-3.028691
1620,True,Optimization terminated successfully.,3042,4542,38.286075,4.003904,0,1,2.311050,2.418241,2.367380,-1.084939,-1.163484,-1.433262,-0.729100,-0.348549
1621,True,Optimization terminated successfully.,1878,2871,51.146886,3.340990,0,1,1.422069,1.577016,1.581365,-0.724313,-0.864351,-1.003480,-1.166162,0.811110
1622,True,Optimization terminated successfully.,2829,4221,24.334958,2.152038,0,1,1.241405,1.356274,1.368694,-0.665812,-0.744194,-0.965332,-1.336281,1.113894
1623,True,Optimization terminated successfully.,2777,4166,20.467615,2.098480,0,1,6.802902,6.938572,6.846588,-3.004866,-3.183827,-3.437143,1.790354,-6.723702
1624,True,Optimization terminated successfully.,3050,4551,63.194097,3.986958,0,1,2.178702,2.246172,2.248625,-1.056329,-1.136288,-1.357561,-0.746545,-0.147809
1625,True,Optimization terminated successfully.,2351,3501,36.102832,2.831147,0,1,1.361108,1.551540,1.491063,-0.616993,-0.784727,-1.010047,-1.129477,0.926629
1626,True,Optimization terminated successfully.,2999,4462,39.035723,2.904235,0,1,3.594747,3.744493,3.747059,-1.655732,-1.801636,-1.995674,0.037945,-2.194149
1627,True,Optimization terminated successfully.,3378,4972,37.695553,2.882410,0,1,2.001927,2.156320,2.086781,-0.988459,-1.125778,-1.312859,-0.852843,0.064360
1628,True,Optimization terminated successfully.,3135,4664,28.091930,2.149674,0,1,-0.868501,-0.730288,-0.822093,0.331289,0.118403,-0.025723,-2.482776,4.062342
1629,True,Optimization terminated successfully.,2787,4127,21.259056,2.218676,0,1,1.550125,1.607499,1.588815,-0.741045,-0.862177,-1.067529,-1.154449,0.719253
1630,True,Optimization terminated successfully.,2796,4180,22.510539,1.912358,0,1,0.693091,0.819419,0.806259,-0.392710,-0.533917,-0.741068,-1.560129,1.881003
1631,True,Optimization terminated successfully.,2886,4331,66.423057,3.493303,0,1,1.888624,2.025180,1.957968,-0.916106,-1.044220,-1.236156,-0.978866,0.203835
1632,True,Optimization terminated successfully.,3287,4887,40.819402,4.021466,0,1,1.004745,1.114767,1.146618,-0.548639,-0.591833,-0.902901,-1.441719,1.544143
1633,True,Optimization terminated successfully.,2812,4230,28.859102,2.442528,0,1,1.655976,1.798521,1.782608,-0.755644,-0.939253,-1.194127,-1.086187,0.572299
1634,True,Optimization terminated successfully.,3012,4517,30.277634,2.671588,0,1,2.556857,2.674271,2.738273,-1.275217,-1.373384,-1.615537,-0.589199,-0.729687
1635,True,Optimization terminated successfully.,3127,4690,22.841313,1.983316,0,1,-10.016624,-9.891980,-9.850763,4.269345,4.104456,3.907665,-7.584383,17.081739
1636,True,Optimization terminated successfully.,2322,3491,35.610738,2.800279,0,1,1.887032,2.102084,2.036562,-0.964422,-1.067011,-1.301615,-0.938369,0.141889
1637,True,Optimization terminated successfully.,2925,4363,26.443810,2.343359,0,1,-0.016777,0.137588,0.051996,-0.053911,-0.193638,-0.460168,-1.927352,2.928651
1638,True,Optimization terminated successfully.,3079,4579,46.473898,3.552368,0,1,0.228569,0.322786,0.258764,-0.197687,-0.368126,-0.498817,-1.916163,2.612730
1639,True,Optimization terminated successfully.,2810,4190,35.651953,2.557110,0,1,2.033597,2.200832,2.223116,-0.891029,-1.104871,-1.341545,-0.763308,-0.075820
1640,True,Optimization terminated successfully.,2692,4016,40.592777,3.173924,0,1,1.698905,1.808043,1.699023,-0.784891,-0.941087,-1.235355,-1.115978,0.508204
1641,True,Optimization terminated successfully.,2929,4365,33.813953,3.484317,0,1,1.100268,1.256210,1.229279,-0.585629,-0.733608,-0.909655,-1.399415,1.285653
1642,True,Optimization terminated successfully.,2595,3952,38.670769,3.991234,0,1,2.345048,2.467433,2.443314,-1.109960,-1.269519,-1.473143,-0.709364,-0.486425
1643,True,Optimization terminated successfully.,3515,5271,28.367633,3.188244,1,0,52.897514,53.004807,52.988407,-23.175686,-23.314347,-23.573805,27.205140,-72.072051
1644,True,Optimization terminated successfully.,2932,4392,25.836502,2.960702,0,1,2.665998,2.812348,2.755838,-1.236474,-1.346158,-1.605304,-0.521902,-0.872080
1645,True,Optimization terminated successfully.,2662,3992,45.399544,2.832885,0,1,1.796851,1.905349,1.853828,-0.861679,-0.967773,-1.187155,-0.995640,0.374552
1646,True,Optimization terminated successfully.,3279,4885,25.132076,2.672392,0,1,2.440589,2.589252,2.607313,-1.155261,-1.301883,-1.578397,-0.614073,-0.621926
1647,True,Optimization terminated successfully.,4071,6073,35.362400,3.952303,0,1,-0.494872,-0.359021,-0.405574,0.091252,-0.020495,-0.245570,-2.247902,3.564393
1648,True,Optimization terminated successfully.,2750,4096,28.203057,2.285811,0,1,2.591734,2.617810,2.650172,-1.183688,-1.337180,-1.601849,-0.571858,-0.741121
1649,True,Optimization terminated successfully.,2334,3509,47.501011,3.033372,0,1,1.072961,1.225529,1.193406,-0.618540,-0.758922,-0.895632,-1.447383,1.303979
1650,True,Optimization terminated successfully.,2979,4493,28.415511,3.011446,0,1,4.010665,4.043186,4.010351,-1.897928,-1.999387,-2.247549,0.128131,-2.782729
1651,True,Optimization terminated successfully.,2644,3969,28.468762,2.381630,0,1,0.152954,0.271644,0.239967,-0.156848,-0.307134,-0.491491,-1.902674,2.634435
1652,True,Optimization terminated successfully.,2812,4220,23.719906,2.364327,0,1,1.704052,1.880011,1.788626,-0.879752,-0.981361,-1.205555,-1.049848,0.455959
1653,True,Optimization terminated successfully.,2247,3387,42.287818,3.088757,0,1,3.481338,3.597462,3.586842,-1.612925,-1.790012,-1.965741,-0.099357,-2.052151
1654,True,Optimization terminated successfully.,3234,4851,40.660841,3.766652,0,1,1.111301,1.243027,1.193478,-0.564946,-0.746530,-0.918702,-1.431704,1.301295
1655,True,Optimization terminated successfully.,3490,5171,60.680088,3.419197,0,1,2.413637,2.601950,2.509444,-1.159201,-1.330431,-1.388314,-0.569502,-0.526349
1656,True,Optimization terminated successfully.,2488,3740,33.370100,2.682413,0,1,1.152083,1.341261,1.280063,-0.545615,-0.739041,-0.957514,-1.354971,1.240136
1657,True,Optimization terminated successfully.,2750,4111,24.549451,2.474157,0,1,4.469440,4.621550,4.626099,-2.074230,-2.239351,-2.416158,0.473148,-3.533825
1658,True,Optimization terminated successfully.,2777,4172,38.275102,3.112188,0,1,0.186554,0.366237,0.349354,-0.123213,-0.238932,-0.512670,-1.791981,2.613645
1659,True,Optimization terminated successfully.,2575,3849,19.344421,1.880247,0,1,1.555155,1.694010,1.599537,-0.795414,-0.859373,-1.129031,-1.169096,0.680352
1660,True,Optimization terminated successfully.,3033,4517,44.460644,3.219327,0,1,0.138858,0.345425,0.303877,-0.179032,-0.299128,-0.495074,-1.871880,2.645244
1661,True,Optimization terminated successfully.,2611,3916,25.110851,2.871093,0,1,0.909757,1.076838,1.007096,-0.487471,-0.627871,-0.839680,-1.507335,1.554921
1662,True,Optimization terminated successfully.,3235,4809,36.032961,2.697309,0,1,1.022080,1.189235,1.105430,-0.643105,-0.681794,-0.876030,-1.358834,1.428553
1663,True,Optimization terminated successfully.,3030,4529,35.540461,2.957562,0,1,1.416819,1.541181,1.431314,-0.695318,-0.874765,-1.046389,-1.294353,0.872253
1664,True,Optimization terminated successfully.,2839,4270,31.973991,2.753812,0,1,0.835522,0.939277,0.958632,-0.465102,-0.566519,-0.772604,-1.482055,1.739018
1665,True,Optimization terminated successfully.,3001,4471,45.063656,2.958040,0,1,-0.446862,-0.320032,-0.431305,0.065747,-0.063192,-0.275796,-2.296431,3.550765
1666,True,Optimization terminated successfully.,2374,3547,41.841936,3.609650,0,1,0.080139,0.281898,0.181767,-0.133645,-0.289879,-0.478911,-1.932990,2.735454
1667,True,Optimization terminated successfully.,3273,4882,31.393889,2.484386,0,1,-4.916479,-4.786581,-4.867754,2.052433,1.909486,1.695737,-4.737668,9.851009
1668,True,Optimization terminated successfully.,2608,3928,16.961820,2.336303,0,1,1.720303,1.825173,1.802781,-0.853173,-0.931589,-1.173540,-1.021897,0.467420
1669,True,Optimization terminated successfully.,3251,4866,26.984840,2.433467,0,1,2.328957,2.424252,2.400181,-1.151510,-1.277991,-1.468542,-0.709188,-0.420559
1670,True,Optimization terminated successfully.,2747,4092,12.619590,1.884091,0,1,1.899839,2.083146,2.019104,-0.892201,-1.121523,-1.251862,-0.875972,0.138581
1671,True,Optimization terminated successfully.,3493,5143,33.467587,2.730305,0,1,3.062196,3.212706,3.215439,-1.467585,-1.581114,-1.801493,-0.237556,-1.487533
1672,True,Optimization terminated successfully.,2505,3743,39.580531,2.968651,0,1,1.747456,1.870088,1.808497,-0.880417,-0.942577,-1.162634,-1.090168,0.472569
1673,True,Optimization terminated successfully.,2848,4235,32.108898,2.834983,0,1,1.851940,1.967346,1.872467,-0.933734,-0.999104,-1.291403,-1.022559,0.285795
1674,True,Optimization terminated successfully.,2792,4166,22.921297,2.275092,0,1,1.623084,1.733328,1.739638,-0.787967,-0.996077,-1.136408,-1.138850,0.580927
1675,True,Optimization terminated successfully.,2939,4392,22.162438,3.032242,0,1,1.578554,1.703455,1.688775,-0.811783,-0.955696,-1.106178,-1.180431,0.623179
1676,True,Optimization terminated successfully.,2855,4255,22.244229,2.137486,0,1,1.595194,1.711155,1.668279,-0.722614,-0.852889,-1.115194,-1.011795,0.653878
1677,True,Optimization terminated successfully.,2700,4022,26.018049,2.250020,0,1,1.153542,1.341106,1.256156,-0.616820,-0.719959,-1.020669,-1.369286,1.243926
1678,True,Optimization terminated successfully.,2551,3870,33.194650,2.402730,0,1,1.859717,2.013000,1.945269,-0.983963,-1.055606,-1.296300,-0.940516,0.232545
1679,True,Optimization terminated successfully.,2865,4314,20.762156,2.181525,0,1,1.606075,1.708597,1.694252,-0.752764,-0.943029,-1.130457,-1.105826,0.634705
1680,True,Optimization terminated successfully.,2681,3979,34.868431,2.827282,0,1,0.366120,0.429281,0.410613,-0.254098,-0.379513,-0.595326,-1.796064,2.418237
1681,True,Optimization terminated successfully.,2688,4032,29.263370,2.959544,0,1,0.727744,0.841633,0.814094,-0.390948,-0.614488,-0.773367,-1.566736,1.869067
1682,True,Optimization terminated successfully.,2551,3828,31.194580,3.331468,0,1,1.286744,1.431041,1.390528,-0.628786,-0.758515,-1.002736,-1.275728,1.079300
1683,True,Optimization terminated successfully.,2831,4228,29.684899,2.597475,0,1,3.260868,3.362683,3.319204,-1.590905,-1.606096,-1.854652,-0.248086,-1.738831
1684,True,Optimization terminated successfully.,2774,4159,36.024746,3.074556,0,1,-0.225363,-0.095681,-0.098674,-0.032962,-0.046228,-0.369196,-2.041782,3.177523
1685,True,Optimization terminated successfully.,2445,3627,26.947659,2.306895,0,1,1.652277,1.767718,1.790472,-0.808239,-0.960993,-1.083646,-1.035008,0.549741
1686,True,Optimization terminated successfully.,2760,4142,37.862285,3.335474,0,1,0.456395,0.630878,0.487088,-0.257066,-0.390118,-0.602595,-1.658969,2.232158
1687,True,Optimization terminated successfully.,2531,3801,33.244084,2.389838,0,1,1.861289,1.912596,1.924621,-0.902382,-0.970067,-1.252124,-1.020760,0.299597
1688,True,Optimization terminated successfully.,2879,4266,24.188155,2.358776,0,1,1.638340,1.800856,1.809830,-0.783231,-0.983140,-1.192891,-1.051188,0.557930
1689,True,Optimization terminated successfully.,3073,4588,40.610607,2.774320,0,1,-9.265949,-9.133070,-9.128465,3.978597,3.856928,3.571837,-7.116369,15.997618
1690,True,Optimization terminated successfully.,2617,3883,35.028488,3.188907,0,1,1.601231,1.746576,1.700103,-0.779023,-0.953288,-1.153137,-1.069631,0.573071
1691,True,Optimization terminated successfully.,2880,4286,38.401828,3.282015,0,1,2.784967,2.937065,3.013261,-1.350387,-1.489634,-1.743994,-0.539841,-1.145993
1692,True,Optimization terminated successfully.,2758,4096,35.083566,2.925292,0,1,1.581733,1.682678,1.616391,-0.780405,-0.895495,-1.090778,-1.146755,0.725096
1693,True,Optimization terminated successfully.,2504,3743,34.514428,2.599271,0,1,1.202752,1.278222,1.235186,-0.546139,-0.714924,-0.940446,-1.342015,1.269395
1694,True,Optimization terminated successfully.,2831,4243,31.997054,2.345626,0,1,2.768993,2.891359,2.883156,-1.326259,-1.483663,-1.723545,-0.559105,-1.066299
1695,True,Optimization terminated successfully.,2573,3843,42.671347,3.238711,0,1,2.285119,2.383085,2.325455,-1.120733,-1.212980,-1.396359,-0.783924,-0.273669
1696,True,Optimization terminated successfully.,3097,4615,39.397120,3.515744,0,1,1.728413,1.899528,1.882305,-0.840954,-1.010634,-1.209037,-1.048148,0.461922
1697,True,Optimization terminated successfully.,2833,4213,14.529267,1.742928,0,1,1.587641,1.705337,1.648831,-0.764610,-0.914553,-1.118119,-1.226167,0.613820
1698,True,Optimization terminated successfully.,3176,4715,24.012583,2.082063,0,1,0.334390,0.569342,0.414573,-0.226364,-0.448064,-0.614762,-1.761859,2.414685
1699,True,Optimization terminated successfully.,3209,4774,40.727197,2.950799,0,1,1.452871,1.532004,1.531772,-0.736013,-0.885780,-1.088981,-1.158357,0.869080
1700,True,Optimization terminated successfully.,3099,4597,36.024432,3.239345,0,1,1.141603,1.218153,1.246676,-0.593488,-0.737582,-0.896981,-1.368353,1.290506
1701,True,Optimization terminated successfully.,2975,4437,45.690243,3.275684,0,1,2.677286,2.849259,2.825291,-1.216376,-1.396422,-1.676481,-0.433320,-1.005325
1702,True,Optimization terminated successfully.,2429,3649,38.876646,2.773052,0,1,1.892910,2.013283,2.040421,-0.911327,-1.017962,-1.249471,-0.855042,0.200685
1703,True,Optimization terminated successfully.,2264,3406,43.358855,3.279066,0,1,0.929960,1.020828,1.072452,-0.565782,-0.615658,-0.841777,-1.413808,1.601257
1704,True,Optimization terminated successfully.,3782,5587,22.033489,2.408761,0,1,0.405594,0.569273,0.479892,-0.264544,-0.430207,-0.579676,-1.722154,2.273845
1705,True,Optimization terminated successfully.,2614,3912,17.584908,2.097039,0,1,2.408856,2.523583,2.464506,-1.110573,-1.242824,-1.471443,-0.632740,-0.475254
1706,True,Optimization terminated successfully.,2413,3606,28.498097,2.817472,0,1,1.478567,1.714951,1.626278,-0.725029,-0.898995,-1.123622,-1.147582,0.661865
1707,True,Optimization terminated successfully.,2292,3508,26.748169,2.871994,0,1,-1.139435,-0.990929,-1.003604,0.385077,0.265710,0.029937,-2.585386,4.492091
1708,True,Optimization terminated successfully.,2567,3856,36.623385,3.041286,0,1,1.457959,1.567275,1.570718,-0.706788,-0.848028,-1.105544,-1.198670,0.803050
1709,True,Optimization terminated successfully.,1990,3030,32.282521,2.670270,0,1,1.108376,1.171723,1.118613,-0.626881,-0.659845,-0.834849,-1.343552,1.322036
1710,True,Optimization terminated successfully.,2548,3831,41.181135,3.079405,0,1,1.340953,1.546556,1.479448,-0.693040,-0.816008,-1.018973,-1.161827,0.896686
1711,True,Optimization terminated successfully.,3042,4586,64.575899,3.983380,1,0,-15.384392,-15.257322,-15.303209,6.586684,6.421846,6.214632,-10.515023,24.667804
1712,True,Optimization terminated successfully.,2588,3849,24.678000,2.411939,0,1,1.055060,1.277230,1.220096,-0.545099,-0.694228,-0.944275,-1.370056,1.351161
1713,True,Optimization terminated successfully.,2901,4338,37.212990,3.169028,0,1,0.590306,0.801893,0.689193,-0.365640,-0.530613,-0.679538,-1.673490,1.978554
1714,True,Optimization terminated successfully.,1879,2853,40.638953,3.297987,0,1,0.804105,0.946675,1.013845,-0.386308,-0.543297,-0.864022,-1.416332,1.693609
1715,True,Optimization terminated successfully.,2488,3728,20.300778,1.952219,0,1,1.860565,1.883559,1.856521,-0.981865,-0.995074,-1.228571,-1.011261,0.297044
1716,True,Optimization terminated successfully.,2665,3988,35.205657,2.932473,0,1,2.229151,2.361642,2.259645,-1.026323,-1.172793,-1.414543,-0.747867,-0.279129
1717,True,Optimization terminated successfully.,3400,5053,26.228675,2.211946,0,1,2.175847,2.353825,2.327602,-1.030823,-1.207539,-1.430557,-0.774406,-0.210926
1718,True,Optimization terminated successfully.,2472,3699,43.147924,3.070552,0,1,1.951168,2.077817,2.036980,-0.889001,-1.051076,-1.267077,-0.884331,0.148737
1719,True,Optimization terminated successfully.,2972,4452,33.184686,2.908966,0,1,3.371511,3.449709,3.421515,-1.595352,-1.723911,-1.955582,-0.153342,-1.856108
1720,True,Optimization terminated successfully.,3157,4703,45.534407,3.356076,0,1,2.865490,3.022100,2.962890,-1.319493,-1.494726,-1.716284,-0.328368,-1.202041
1721,True,Optimization terminated successfully.,2665,3996,57.492172,3.473224,0,1,2.441149,2.567475,2.558497,-1.183508,-1.285776,-1.515823,-0.681618,-0.560822
1722,True,Optimization terminated successfully.,3196,4792,40.500784,3.159247,0,1,3.836920,3.963816,3.940156,-1.736007,-1.932623,-2.180111,0.177982,-2.577308
1723,True,Optimization terminated successfully.,2876,4278,44.756161,3.135188,0,1,-1.219810,-1.065748,-1.158709,0.496495,0.312306,0.116990,-2.631451,4.684615
1724,True,Optimization terminated successfully.,3101,4649,34.225979,2.624943,0,1,1.038857,1.208000,1.087249,-0.540958,-0.732698,-0.892665,-1.448817,1.427618
1725,True,Optimization terminated successfully.,2750,4136,25.240265,2.316136,0,1,0.245940,0.464036,0.402811,-0.272924,-0.405299,-0.616804,-1.881034,2.499672
1726,True,Optimization terminated successfully.,2358,3524,23.183724,2.910378,0,1,1.852779,1.994153,1.982277,-0.927324,-1.044500,-1.289730,-0.959167,0.218188
1727,True,Optimization terminated successfully.,2908,4335,41.815720,2.574983,0,1,0.444572,0.549910,0.490516,-0.260398,-0.521549,-0.653849,-1.844772,2.292658
1728,True,Optimization terminated successfully.,2567,3854,36.414371,3.052287,0,1,1.457558,1.585653,1.518470,-0.752966,-0.926347,-1.227145,-1.289756,0.812832
1729,True,Optimization terminated successfully.,3094,4595,57.380251,3.581222,0,1,2.222243,2.403921,2.225238,-1.058721,-1.289073,-1.398689,-0.860407,-0.239301
1730,True,Optimization terminated successfully.,3648,5392,33.102866,2.367700,0,1,0.232159,0.353092,0.320589,-0.195004,-0.351029,-0.516618,-1.898009,2.591578
1731,True,Optimization terminated successfully.,3013,4477,39.496112,2.608410,0,1,-0.395804,-0.235254,-0.254703,0.063109,-0.147234,-0.281540,-2.249413,3.406736
1732,True,Optimization terminated successfully.,2848,4266,50.998883,3.237540,0,1,-0.227911,-0.003891,-0.127438,-0.015090,-0.127995,-0.348987,-2.074821,3.149744
1733,True,Optimization terminated successfully.,2542,3775,17.092189,1.840960,0,1,1.635582,1.742163,1.640036,-0.744994,-0.931772,-1.105826,-1.192833,0.639047
1734,True,Optimization terminated successfully.,3025,4509,25.076604,2.609871,0,1,2.770251,2.966128,2.875990,-1.246831,-1.476300,-1.695098,-0.465903,-1.071864
1735,True,Optimization terminated successfully.,2834,4248,51.035215,3.256532,0,1,0.756368,0.893523,0.881221,-0.376945,-0.530716,-0.726982,-1.489609,1.797411
1736,True,Optimization terminated successfully.,3133,4706,35.401502,2.703994,0,1,4.516792,4.605820,4.536523,-2.074877,-2.232775,-2.514202,0.376660,-3.527985
1737,True,Optimization terminated successfully.,3077,4586,28.898925,2.458487,0,1,2.025163,2.163161,2.086924,-0.966417,-1.105890,-1.312208,-0.898979,0.036530
1738,True,Optimization terminated successfully.,2594,3901,25.103726,2.875103,0,1,0.706722,0.837293,0.852068,-0.364654,-0.617840,-0.700708,-1.662079,1.868372
1739,True,Optimization terminated successfully.,3073,4610,41.791937,3.561503,0,1,-0.794547,-0.655732,-0.717085,0.276333,0.120312,-0.086969,-2.374356,4.018977
1740,True,Optimization terminated successfully.,3002,4475,48.703412,3.102423,0,1,1.602363,1.724421,1.729241,-0.785853,-0.876799,-1.151177,-1.035004,0.669453
1741,True,Optimization terminated successfully.,3108,4603,46.433578,2.940009,0,1,3.759588,3.869396,3.877568,-1.758671,-1.914883,-2.126671,0.062971,-2.485057
1742,True,Optimization terminated successfully.,2782,4151,34.801605,2.837973,0,1,-0.140163,-0.032042,-0.117375,-0.071009,-0.162868,-0.398421,-1.999164,3.130235
1743,True,Optimization terminated successfully.,3261,4853,16.483505,1.926322,0,1,1.980263,2.082470,2.004281,-0.946496,-1.201045,-1.335178,-0.991733,0.096844
1744,True,Optimization terminated successfully.,2878,4263,12.686584,1.632688,0,1,1.093074,1.177003,1.111703,-0.675885,-0.720410,-0.873744,-1.431747,1.358111
1745,True,Optimization terminated successfully.,2778,4103,18.321973,1.876373,0,1,1.093820,1.141404,1.131202,-0.618041,-0.675160,-0.926254,-1.414286,1.355651
1746,True,Optimization terminated successfully.,3254,4853,35.746451,2.977821,0,1,1.095016,1.155141,1.155252,-0.632113,-0.719762,-0.891167,-1.366880,1.312657
1747,True,Optimization terminated successfully.,1981,3023,38.699670,3.650594,0,1,0.231817,0.297799,0.392475,-0.164718,-0.320189,-0.574220,-1.856245,2.553601
1748,True,Optimization terminated successfully.,2993,4446,29.532648,2.108952,0,1,0.154101,0.339111,0.270469,-0.190801,-0.347023,-0.503345,-1.857685,2.608275
1749,True,Optimization terminated successfully.,2803,4158,26.350540,2.705458,0,1,0.802569,0.929142,0.894440,-0.427821,-0.574419,-0.765363,-1.490805,1.769862
1750,True,Optimization terminated successfully.,3163,4723,48.200861,2.785677,0,1,1.096914,1.288442,1.197383,-0.564759,-0.719633,-0.978404,-1.391573,1.321445
1751,True,Optimization terminated successfully.,2833,4229,26.396319,2.499287,0,1,0.145850,0.204192,0.200011,-0.172982,-0.307737,-0.468691,-1.962704,2.773809
1752,True,Optimization terminated successfully.,3232,4827,22.956261,2.377537,0,1,1.917306,2.061714,1.985926,-0.902881,-1.077959,-1.281576,-0.956199,0.174716
1753,True,Optimization terminated successfully.,2636,3948,41.728526,2.884215,0,1,1.302053,1.431015,1.375120,-0.633335,-0.781014,-1.037804,-1.355567,1.000402
1754,True,Optimization terminated successfully.,2450,3640,25.120531,2.320109,0,1,1.642228,1.778073,1.824880,-0.824721,-0.939620,-1.116381,-1.070638,0.538657
1755,True,Optimization terminated successfully.,2879,4354,41.779566,3.103347,0,1,4.488110,4.618042,4.504207,-2.028249,-2.210520,-2.357078,0.411409,-3.391668
1756,True,Optimization terminated successfully.,2602,3900,54.174297,3.277525,0,1,1.494999,1.602133,1.607665,-0.709902,-0.814874,-1.122377,-1.188827,0.811845
1757,True,Optimization terminated successfully.,3121,4645,38.369487,3.323122,0,1,0.156046,0.317859,0.321270,-0.192567,-0.359666,-0.567864,-1.923004,2.580541
1758,True,Optimization terminated successfully.,2730,4069,55.718456,3.654450,0,1,1.201165,1.228953,1.251740,-0.586760,-0.721260,-0.974897,-1.368066,1.313388
1759,True,Optimization terminated successfully.,2755,4118,50.190566,2.990695,0,1,1.527325,1.680739,1.579299,-0.795255,-0.884050,-1.204827,-1.210493,0.710271
1760,True,Optimization terminated successfully.,2607,3906,35.843394,2.854322,0,1,-2.178314,-2.045671,-2.135594,0.866631,0.697880,0.474735,-3.232729,5.981955
1761,True,Optimization terminated successfully.,3007,4452,43.075387,2.768093,0,1,-1.891885,-1.763066,-1.796136,0.742354,0.562910,0.394372,-3.064153,5.554290
1762,True,Optimization terminated successfully.,2591,3900,40.005951,2.738313,0,1,1.439915,1.560759,1.532588,-0.747844,-0.895425,-1.088102,-1.244684,0.791083
1763,True,Optimization terminated successfully.,3286,4957,63.600201,4.655171,1,0,-29.510058,-29.402262,-29.480714,12.786395,12.638113,12.452559,-18.294108,44.730152
1764,True,Optimization terminated successfully.,2592,3867,34.149114,3.152335,0,1,-5.432460,-5.317618,-5.311415,2.285339,2.067429,1.932297,-4.959719,10.598029
1765,True,Optimization terminated successfully.,2907,4363,35.093897,3.266033,0,1,0.565302,0.661693,0.631133,-0.343905,-0.486634,-0.622487,-1.768138,2.123436
1766,True,Optimization terminated successfully.,2431,3656,41.359212,2.740507,0,1,1.914209,2.035722,1.985075,-0.929827,-1.030055,-1.286890,-0.942550,0.162058
1767,True,Optimization terminated successfully.,2863,4274,22.645709,2.165457,0,1,0.342821,0.515451,0.513378,-0.206929,-0.468950,-0.634618,-1.851640,2.356344
1768,True,Optimization terminated successfully.,2806,4188,45.691705,3.601284,0,1,0.356267,0.431147,0.449020,-0.238855,-0.297060,-0.604086,-1.758502,2.391882
1769,True,Optimization terminated successfully.,2953,4432,44.988268,3.058768,0,1,-1.336907,-1.141521,-1.210633,0.449185,0.344884,0.119717,-2.695520,4.666881
1770,True,Optimization terminated successfully.,2729,4068,33.523578,3.127994,0,1,1.243446,1.433704,1.434859,-0.633799,-0.791355,-1.039380,-1.321643,1.065350
1771,True,Optimization terminated successfully.,2820,4212,59.155712,3.419845,0,1,1.337920,1.500876,1.420889,-0.732372,-0.830328,-1.027295,-1.252704,1.011214
1772,True,Optimization terminated successfully.,3665,5404,19.382541,1.944631,0,1,-0.893234,-0.775338,-0.793086,0.206626,0.083051,-0.089686,-2.584856,4.129235
1773,True,Optimization terminated successfully.,2863,4264,17.708411,2.006559,0,1,11.762378,11.808652,11.780526,-5.215461,-5.330189,-5.486945,4.429240,-13.709232
1774,True,Optimization terminated successfully.,2549,3850,26.227392,2.674504,0,1,2.201489,2.298662,2.246165,-1.002831,-1.094819,-1.335261,-0.728661,-0.162922
1775,True,Optimization terminated successfully.,2605,3930,28.793729,3.187208,0,1,1.928747,2.007048,1.988087,-0.955669,-1.048203,-1.295196,-0.989113,0.157352
1776,True,Optimization terminated successfully.,3118,4667,36.282731,2.906119,0,1,2.190648,2.294253,2.277147,-1.080757,-1.201822,-1.449715,-0.776954,-0.231673
1777,True,Optimization terminated successfully.,2895,4277,28.460382,2.618968,0,1,0.841518,1.023043,0.954133,-0.498034,-0.571844,-0.791073,-1.452276,1.616907
1778,True,Optimization terminated successfully.,2898,4332,26.840711,2.430461,0,1,-2.113061,-1.960592,-2.012810,0.804677,0.698984,0.472080,-3.110028,5.858406
1779,True,Optimization terminated successfully.,2563,3838,48.820578,3.243648,0,1,1.793414,1.960119,1.968662,-0.912111,-1.017816,-1.220776,-0.960223,0.358739
1780,True,Optimization terminated successfully.,2958,4434,34.260267,2.471898,0,1,0.269378,0.401151,0.350673,-0.183327,-0.414996,-0.602591,-1.857158,2.526324
1781,True,Optimization terminated successfully.,2793,4148,32.222102,2.657881,0,1,1.012993,1.058303,0.977353,-0.540394,-0.640317,-0.853335,-1.482042,1.528735
1782,True,Optimization terminated successfully.,3483,5151,38.218338,2.745200,0,1,1.946834,2.075616,2.007747,-1.016707,-1.121842,-1.331752,-0.985668,0.140891
1783,True,Optimization terminated successfully.,2774,4168,40.848460,3.396707,0,1,2.445258,2.545443,2.531053,-1.155963,-1.314398,-1.459436,-0.648201,-0.524812
1784,True,Optimization terminated successfully.,2484,3731,10.647273,1.554676,0,1,2.872226,2.995961,2.962356,-1.343185,-1.512341,-1.717070,-0.533793,-1.226210
1785,True,Optimization terminated successfully.,2959,4407,28.550510,3.231984,0,1,1.839809,1.999804,2.007140,-0.863203,-1.087875,-1.271959,-0.942352,0.279627
1786,True,Optimization terminated successfully.,2794,4198,55.518129,3.605526,0,1,2.253754,2.362829,2.328971,-1.088021,-1.247602,-1.386027,-0.704508,-0.300676
1787,True,Optimization terminated successfully.,3590,5333,19.552334,1.918484,0,1,1.568551,1.838215,1.713243,-0.807939,-0.967231,-1.160680,-1.050570,0.573110
1788,True,Optimization terminated successfully.,2882,4331,21.790773,1.954489,0,1,0.329799,0.414854,0.306080,-0.185064,-0.294647,-0.477607,-1.738560,2.488424
1789,True,Optimization terminated successfully.,2711,4048,24.930091,2.107456,0,1,3.242432,3.343567,3.270988,-1.527138,-1.637916,-1.864034,-0.300804,-1.635696
1790,True,Optimization terminated successfully.,3266,4818,27.810889,2.610278,0,1,1.509374,1.674396,1.616633,-0.729217,-0.914741,-1.160086,-1.132024,0.686436
1791,True,Optimization terminated successfully.,2574,3839,33.713360,2.744647,0,1,1.529722,1.643068,1.577970,-0.742984,-0.862104,-1.093078,-1.099525,0.703127
1792,True,Optimization terminated successfully.,2867,4262,25.212661,2.423042,0,1,1.869573,2.082625,1.966983,-0.989628,-1.055160,-1.217941,-0.961244,0.173119
1793,True,Optimization terminated successfully.,2626,3908,19.320696,2.081687,0,1,1.185310,1.274957,1.287053,-0.647335,-0.733776,-0.938249,-1.312871,1.224223
1794,True,Optimization terminated successfully.,2587,3833,26.879573,2.755817,0,1,0.633342,0.861849,0.772528,-0.357308,-0.548712,-0.727583,-1.621167,1.985970
1795,True,Optimization terminated successfully.,3648,5388,11.066951,1.878524,0,1,1.455459,1.626535,1.514456,-0.734477,-0.876632,-1.013851,-1.152177,0.836027
1796,True,Optimization terminated successfully.,2911,4336,36.947882,2.957248,0,1,0.679849,0.783048,0.740177,-0.418452,-0.525075,-0.751600,-1.670127,1.960803
1797,True,Optimization terminated successfully.,3263,4869,23.560120,2.063228,0,1,2.110769,2.255405,2.207828,-0.957953,-1.160123,-1.441966,-0.859378,-0.144806
1798,True,Optimization terminated successfully.,2807,4146,17.803491,2.237738,0,1,1.244695,1.333013,1.276816,-0.667290,-0.730025,-0.906182,-1.203707,1.147205
1799,True,Optimization terminated successfully.,3419,5061,36.847302,2.528472,0,1,2.697815,2.844163,2.772645,-1.260801,-1.451784,-1.639826,-0.524637,-0.945003
1800,True,Optimization terminated successfully.,3189,4731,22.416348,2.151630,0,1,-0.377101,-0.245642,-0.326551,0.093350,-0.030165,-0.240383,-2.100606,3.477834
1801,True,Optimization terminated successfully.,2615,3905,20.931062,2.006709,0,1,1.164979,1.311714,1.243392,-0.504331,-0.707617,-0.926291,-1.346509,1.289382
1802,True,Optimization terminated successfully.,2954,4442,48.903231,4.059947,0,1,1.982540,2.095159,2.093847,-0.990487,-1.085536,-1.295388,-0.961068,0.089552
1803,True,Optimization terminated successfully.,3096,4702,42.087218,3.068835,1,0,28.753722,28.872397,28.868649,-12.594828,-12.791739,-12.982084,13.863515,-37.840088
1804,True,Optimization terminated successfully.,3201,4758,23.341858,1.977481,0,1,1.165054,1.408298,1.364092,-0.612824,-0.874082,-0.984789,-1.335031,1.094053
1805,True,Optimization terminated successfully.,2926,4414,23.664905,2.695021,0,1,-0.595821,-0.463946,-0.460207,0.156472,0.018582,-0.196013,-2.386863,3.741974
1806,True,Optimization terminated successfully.,2730,4144,50.768180,3.309890,0,1,3.821991,3.978007,3.888210,-1.768182,-1.899677,-2.075914,0.069156,-2.578321
1807,True,Optimization terminated successfully.,2843,4216,45.838173,2.726396,0,1,-0.113137,0.010818,-0.024035,-0.014251,-0.131591,-0.344225,-2.003363,3.037427
1808,True,Optimization terminated successfully.,3268,4842,40.809780,3.693865,0,1,2.055722,2.201013,2.166971,-0.949181,-1.148407,-1.338555,-0.845325,-0.020645
1809,True,Optimization terminated successfully.,2813,4209,35.816172,3.105988,0,1,-3.643889,-3.548614,-3.587421,1.454432,1.331911,1.145480,-4.072069,8.062140
1810,True,Optimization terminated successfully.,2852,4232,50.665887,3.157204,0,1,1.891435,1.964971,1.885857,-0.846993,-0.995765,-1.264487,-0.871323,0.286249
1811,True,Optimization terminated successfully.,3127,4648,34.893648,3.431481,0,1,4.322764,4.508377,4.469932,-2.012190,-2.058740,-2.361165,0.432348,-3.342259
1812,True,Optimization terminated successfully.,2588,3852,26.670302,2.479608,0,1,1.805750,1.936773,1.885977,-0.894274,-1.028431,-1.256356,-0.964107,0.382005
1813,True,Optimization terminated successfully.,3217,4802,35.449156,3.581357,0,1,1.353821,1.499533,1.432046,-0.660129,-0.805868,-0.964863,-1.146599,0.975434
1814,True,Optimization terminated successfully.,2647,3958,22.519220,2.446337,0,1,2.056178,2.203948,2.211234,-1.047507,-1.143445,-1.396990,-0.856396,-0.097085
1815,True,Optimization terminated successfully.,3224,4803,26.937831,2.356322,0,1,3.405606,3.487315,3.505777,-1.570929,-1.752837,-1.939092,-0.122599,-1.926140
1816,True,Optimization terminated successfully.,2652,3944,13.510771,1.932193,0,1,1.379491,1.524181,1.532224,-0.683270,-0.795122,-1.073979,-1.250654,0.918508
1817,True,Optimization terminated successfully.,2958,4419,30.212573,2.558963,0,1,1.706060,1.858663,1.796883,-0.883175,-1.006651,-1.255633,-1.117205,0.457612
1818,True,Optimization terminated successfully.,2538,3805,19.069613,2.143000,0,1,2.905991,3.123676,2.994718,-1.381681,-1.575755,-1.663485,-0.338540,-1.292913
1819,True,Optimization terminated successfully.,2607,3912,24.588396,2.855374,0,1,1.747085,1.889818,1.821606,-0.856979,-0.978735,-1.221975,-1.048664,0.416460
1820,True,Optimization terminated successfully.,3544,5285,25.625360,2.418286,0,1,5.704020,5.877472,5.877916,-2.626819,-2.809378,-2.967569,1.224738,-5.297301
1821,True,Optimization terminated successfully.,2073,3141,33.521831,3.268514,0,1,2.073659,2.150132,2.133973,-1.067579,-1.149343,-1.349106,-0.943091,-0.025699
1822,True,Optimization terminated successfully.,2739,4132,24.186587,2.292762,0,1,1.914913,2.043096,2.083297,-0.926540,-1.117559,-1.354235,-1.021346,0.119201
1823,True,Optimization terminated successfully.,3520,5218,44.543807,3.853520,0,1,1.098891,1.199881,1.138643,-0.573727,-0.715575,-0.922589,-1.369131,1.338058
1824,True,Optimization terminated successfully.,3320,4869,52.061796,2.989852,0,1,0.968522,1.126455,1.122415,-0.548253,-0.671857,-0.898199,-1.419169,1.456300
1825,True,Optimization terminated successfully.,2702,4049,39.162849,2.598140,0,1,0.107777,0.199519,0.179048,-0.084031,-0.270899,-0.408750,-1.882280,2.816110
1826,True,Optimization terminated successfully.,2785,4161,21.976992,2.319182,0,1,0.205108,0.375032,0.352535,-0.215657,-0.265867,-0.502024,-1.860533,2.562244
1827,True,Optimization terminated successfully.,3026,4509,44.362841,3.907791,0,1,0.848260,1.060172,0.978811,-0.430074,-0.629723,-0.817642,-1.491125,1.594641
1828,True,Optimization terminated successfully.,2834,4225,17.947385,2.384972,0,1,1.762129,1.852405,1.842195,-0.844677,-1.029853,-1.206266,-1.056015,0.362286
1829,True,Optimization terminated successfully.,3059,4545,17.445724,2.140696,0,1,1.748348,1.869302,1.776186,-0.864326,-0.977132,-1.181852,-1.070913,0.460738
1830,True,Optimization terminated successfully.,2711,4025,27.967269,2.891209,0,1,1.164653,1.348952,1.311473,-0.632855,-0.785222,-0.996258,-1.319019,1.174629
1831,True,Optimization terminated successfully.,3093,4616,41.391921,3.206441,0,1,0.846938,1.010827,0.918269,-0.477875,-0.591884,-0.871770,-1.486937,1.678132
1832,True,Optimization terminated successfully.,2539,3758,34.145423,3.121469,0,1,1.216161,1.371123,1.334493,-0.660625,-0.773925,-0.990899,-1.278364,1.114797
1833,True,Optimization terminated successfully.,2942,4409,26.964694,2.845077,0,1,-0.013240,0.165420,0.096229,-0.068814,-0.249166,-0.507626,-1.963045,2.869142
1834,True,Optimization terminated successfully.,2566,3828,63.757421,3.398687,0,1,3.804915,3.913144,3.926048,-1.723998,-1.882133,-2.096779,0.112765,-2.470898
1835,True,Optimization terminated successfully.,2487,3730,41.125021,2.880877,0,1,0.586005,0.679966,0.659347,-0.342051,-0.513765,-0.697350,-1.655680,2.116123
1836,True,Optimization terminated successfully.,2954,4411,38.980949,2.863487,0,1,4.613780,4.716280,4.710840,-2.089684,-2.185306,-2.484090,0.519515,-3.639818
1837,True,Optimization terminated successfully.,2543,3815,27.164753,2.803420,0,1,1.660145,1.814383,1.769285,-0.762561,-1.005873,-1.207266,-1.037983,0.511813
1838,True,Optimization terminated successfully.,3081,4592,9.278072,1.323654,0,1,0.994056,1.224471,1.144794,-0.514384,-0.691948,-0.927536,-1.312042,1.401796
1839,True,Optimization terminated successfully.,2977,4458,33.073428,2.864431,0,1,1.835213,1.969041,1.969693,-0.936851,-1.032353,-1.312604,-1.038288,0.256739
1840,True,Optimization terminated successfully.,3026,4509,18.684124,2.195711,0,1,1.058447,1.230083,1.213650,-0.577085,-0.744642,-0.932910,-1.383382,1.399148
1841,True,Optimization terminated successfully.,3307,4989,11.801746,1.796151,0,1,4.854751,5.054322,4.977844,-2.229401,-2.375447,-2.587272,0.742912,-4.041378
1842,True,Optimization terminated successfully.,2832,4261,49.018386,4.336646,0,1,-0.095457,0.039101,0.034188,-0.051998,-0.179658,-0.377565,-1.995191,2.991889
1843,True,Optimization terminated successfully.,3206,4769,45.000361,4.319568,0,1,-0.931854,-0.768174,-0.819026,0.319431,0.131564,-0.066704,-2.514939,4.211129
1844,True,Optimization terminated successfully.,2588,3894,48.575749,3.718625,0,1,1.385415,1.622571,1.479430,-0.722351,-0.858049,-1.052258,-1.148422,0.929705
1845,True,Optimization terminated successfully.,2718,4096,27.740485,2.474201,0,1,1.723901,1.849329,1.759016,-0.874562,-0.955505,-1.216042,-1.078018,0.441362
1846,True,Optimization terminated successfully.,2489,3704,21.770711,2.122579,0,1,1.858122,2.050660,1.911235,-0.931542,-1.035796,-1.230457,-0.957304,0.212679
1847,True,Optimization terminated successfully.,2979,4455,20.836148,2.001366,0,1,0.323101,0.445585,0.409859,-0.186849,-0.365312,-0.571296,-1.726363,2.455312
1848,True,Optimization terminated successfully.,3157,4712,45.079226,2.757128,0,1,1.489574,1.638797,1.518736,-0.712001,-0.817699,-1.022082,-1.105996,0.759632
1849,True,Optimization terminated successfully.,2629,3945,21.721989,2.203296,0,1,1.480575,1.594741,1.576183,-0.762652,-0.820804,-1.086619,-1.188167,0.762764
1850,True,Optimization terminated successfully.,2667,3982,49.088944,2.785965,0,1,2.321906,2.452160,2.380285,-1.096899,-1.254356,-1.467113,-0.709588,-0.382541
1851,True,Optimization terminated successfully.,3238,4781,26.717911,2.226873,0,1,1.039056,1.153661,1.062204,-0.569857,-0.706325,-0.905640,-1.490532,1.443095
1852,True,Optimization terminated successfully.,1866,2814,37.394025,2.650916,0,1,1.327531,1.515080,1.397482,-0.658972,-0.778257,-1.028102,-1.199362,0.948968
1853,True,Optimization terminated successfully.,3125,4666,33.976843,2.345519,0,1,1.212674,1.370016,1.322543,-0.655846,-0.784151,-0.957081,-1.327239,1.151142
1854,True,Optimization terminated successfully.,2508,3770,46.059664,3.123877,0,1,3.179628,3.244724,3.225219,-1.467216,-1.632475,-1.803532,-0.319950,-1.556003
1855,True,Optimization terminated successfully.,2667,3998,42.307971,2.873827,0,1,1.817169,1.870307,1.851286,-0.937391,-0.994079,-1.248569,-1.061380,0.369726
1856,True,Optimization terminated successfully.,3095,4628,40.866370,3.605407,0,1,1.305827,1.441163,1.442569,-0.667121,-0.807254,-0.994254,-1.277530,1.040392
1857,True,Optimization terminated successfully.,2559,3783,34.921665,2.692054,0,1,1.591626,1.753933,1.752156,-0.770253,-0.934116,-1.174884,-1.125796,0.582240
1858,True,Optimization terminated successfully.,2794,4172,37.456389,2.846633,0,1,0.646151,0.874123,0.744757,-0.383714,-0.557411,-0.770666,-1.671636,1.883860
1859,True,Optimization terminated successfully.,2674,4004,26.194807,2.521664,0,1,2.076003,2.142654,2.150737,-1.017422,-1.108343,-1.311951,-0.888607,0.029962
1860,True,Optimization terminated successfully.,2919,4371,13.364566,1.870495,0,1,4.729161,4.873250,4.819100,-2.096927,-2.355634,-2.512441,0.567931,-3.815800
1861,True,Optimization terminated successfully.,3115,4669,32.294585,2.843649,0,1,1.864154,1.974572,1.996921,-0.854572,-1.052675,-1.342588,-0.962845,0.242772
1862,True,Optimization terminated successfully.,3203,4710,44.954931,3.199563,0,1,1.403197,1.487441,1.474688,-0.706472,-0.856925,-1.144126,-1.311756,0.855887
1863,True,Optimization terminated successfully.,2847,4250,43.267532,3.403611,0,1,1.786663,1.938480,1.844409,-0.830438,-1.018208,-1.204918,-0.975934,0.414269
1864,True,Optimization terminated successfully.,2732,4076,47.709531,3.665212,0,1,2.148609,2.251034,2.238554,-1.080014,-1.126847,-1.361491,-0.789991,-0.174422
1865,True,Optimization terminated successfully.,2892,4344,44.770052,3.294542,0,1,0.203479,0.414310,0.360096,-0.194419,-0.385796,-0.608001,-1.858879,2.553956
1866,True,Optimization terminated successfully.,2893,4331,17.631190,2.266880,0,1,4.390140,4.499550,4.482856,-1.974177,-2.115836,-2.368900,0.476137,-3.317892
1867,True,Optimization terminated successfully.,3044,4539,36.614840,2.946113,0,1,0.683117,0.906564,0.826652,-0.340199,-0.546703,-0.791463,-1.645496,1.871271
1868,True,Optimization terminated successfully.,2597,3885,33.532969,2.778148,0,1,1.673058,1.820892,1.783407,-0.863695,-1.038366,-1.249114,-1.037205,0.531762
1869,True,Optimization terminated successfully.,2855,4263,37.917388,2.615192,0,1,0.175029,0.334218,0.196396,-0.209361,-0.370614,-0.506385,-2.009632,2.670160
1870,True,Optimization terminated successfully.,2856,4265,28.338130,2.839718,0,1,4.433283,4.547553,4.590229,-1.994308,-2.105714,-2.358050,0.517059,-3.396231
1871,True,Optimization terminated successfully.,3195,4766,20.626003,2.054807,0,1,9.361007,9.482056,9.398834,-4.231783,-4.375337,-4.547627,3.188084,-10.369275
1872,True,Optimization terminated successfully.,2935,4404,54.118413,3.431807,0,1,-0.136701,-0.112605,-0.138789,-0.070911,-0.142408,-0.355193,-2.098378,3.196443
1873,True,Optimization terminated successfully.,3229,4791,60.092316,4.420237,0,1,-0.553919,-0.451416,-0.485247,0.151268,-0.011163,-0.198118,-2.343956,3.720333
1874,True,Optimization terminated successfully.,2558,3856,45.646225,3.467884,0,1,1.773843,1.873972,1.914013,-0.917966,-1.021294,-1.265104,-1.072517,0.335811
1875,True,Optimization terminated successfully.,2555,3828,34.743360,2.580830,0,1,1.584867,1.737331,1.682657,-0.748210,-0.981485,-1.124901,-1.020730,0.600759
1876,True,Optimization terminated successfully.,2407,3637,59.798188,3.947440,0,1,1.244345,1.369872,1.301342,-0.701423,-0.774771,-0.985114,-1.368005,1.132024
1877,True,Optimization terminated successfully.,2737,4059,43.431425,2.877911,0,1,0.949982,1.052551,1.046134,-0.513775,-0.611193,-0.840766,-1.494970,1.597333
1878,True,Optimization terminated successfully.,2450,3634,27.047594,2.367125,0,1,0.769864,0.917604,0.962675,-0.425707,-0.640500,-0.841396,-1.558989,1.793283
1879,True,Optimization terminated successfully.,2652,3965,34.568932,2.451483,0,1,1.486945,1.605843,1.620912,-0.772393,-0.875101,-1.074711,-1.159936,0.717196
1880,True,Optimization terminated successfully.,3103,4646,37.862051,2.698214,0,1,-5.161469,-5.018486,-5.061636,2.112391,2.015462,1.810346,-4.795884,10.214971
1881,True,Optimization terminated successfully.,2888,4320,24.536908,2.939501,0,1,2.865507,3.067326,3.007294,-1.288785,-1.506139,-1.717132,-0.345606,-1.247098
1882,True,Optimization terminated successfully.,3131,4683,30.664794,3.146924,0,1,1.757619,1.917776,1.809796,-0.815699,-1.025744,-1.177929,-0.992234,0.393226
1883,True,Optimization terminated successfully.,2648,3939,39.890065,3.778577,0,1,0.057431,0.153416,0.081795,-0.126737,-0.251970,-0.394534,-2.037463,2.877038
1884,True,Optimization terminated successfully.,3336,4963,35.690951,2.672891,0,1,3.523093,3.721246,3.625705,-1.599308,-1.768618,-2.040505,-0.013582,-2.144355
1885,True,Optimization terminated successfully.,2808,4182,30.208895,2.788356,0,1,2.106459,2.280286,2.246227,-0.998931,-1.114865,-1.379201,-0.750514,-0.068621
1886,True,Optimization terminated successfully.,2764,4171,27.427687,2.423657,0,1,8.836308,8.930407,8.944387,-3.930329,-4.060970,-4.369440,2.827346,-9.659354
1887,True,Optimization terminated successfully.,2706,4026,46.830896,2.850216,0,1,1.488109,1.590003,1.533689,-0.734981,-0.864040,-1.127797,-1.242947,0.810622
1888,True,Optimization terminated successfully.,2429,3629,36.995163,3.124354,0,1,-0.854194,-0.762878,-0.748795,0.285370,0.099631,-0.119403,-2.540107,4.108462
1889,True,Optimization terminated successfully.,2727,4074,28.697802,3.010424,0,1,1.495286,1.569602,1.587375,-0.779387,-0.855822,-1.106065,-1.232449,0.792213
1890,True,Optimization terminated successfully.,3261,4876,21.124238,1.801238,0,1,1.007221,1.271273,1.145726,-0.572273,-0.774804,-0.922406,-1.454145,1.340119
1891,True,Optimization terminated successfully.,3242,4785,31.234125,2.304372,0,1,1.267122,1.430463,1.367942,-0.699258,-0.811237,-1.016660,-1.295887,1.018679
1892,True,Optimization terminated successfully.,2800,4171,37.674152,2.625101,0,1,1.215542,1.281230,1.330897,-0.692122,-0.770502,-0.917982,-1.352508,1.167496
1893,True,Optimization terminated successfully.,2545,3825,31.370371,3.172932,0,1,1.989164,2.047211,2.042833,-0.990670,-1.075536,-1.301090,-0.987014,0.087195
1894,True,Optimization terminated successfully.,2783,4169,44.513875,2.893467,0,1,1.540819,1.719842,1.652394,-0.786606,-0.890740,-1.189995,-1.129742,0.619298
1895,True,Optimization terminated successfully.,3378,5004,25.326760,2.442746,0,1,1.087676,1.185872,1.157294,-0.508290,-0.701991,-0.936013,-1.408413,1.378490
1896,True,Optimization terminated successfully.,3272,4888,54.790799,3.824488,0,1,0.779634,0.956946,0.828735,-0.463981,-0.559089,-0.782331,-1.561468,1.743521
1897,True,Optimization terminated successfully.,2878,4317,22.191997,2.258291,0,1,1.567659,1.721207,1.775164,-0.778285,-0.893679,-1.145000,-1.097649,0.574625
1898,True,Optimization terminated successfully.,2686,4028,52.395792,4.038703,0,1,1.489735,1.617825,1.512288,-0.808479,-0.883265,-1.047336,-1.223021,0.790347
1899,True,Optimization terminated successfully.,2500,3759,49.473612,3.542004,0,1,1.388860,1.527864,1.453743,-0.760685,-0.828477,-1.106322,-1.267800,0.976446
1900,True,Optimization terminated successfully.,2993,4453,44.888878,2.955364,0,1,-9.273389,-9.094149,-9.164642,3.941059,3.781422,3.638220,-7.113578,16.017301
1901,True,Optimization terminated successfully.,2612,3908,10.546288,2.092705,0,1,1.570281,1.698119,1.724468,-0.843058,-0.925822,-1.135486,-1.191238,0.644123
1902,True,Optimization terminated successfully.,3016,4490,28.494321,2.587386,0,1,1.577772,1.696971,1.694066,-0.776606,-0.889891,-1.125749,-1.161185,0.634534
1903,True,Optimization terminated successfully.,2972,4427,40.502025,2.782536,0,1,2.892534,2.973107,2.893042,-1.326147,-1.488302,-1.665107,-0.427111,-1.133000
1904,True,Optimization terminated successfully.,3038,4559,30.676595,3.270385,0,1,-1.124472,-1.014087,-1.091158,0.312942,0.249620,0.127663,-2.685989,4.527118
1905,True,Optimization terminated successfully.,2566,3869,41.668124,2.803529,0,1,0.784452,0.915841,0.838025,-0.415627,-0.539415,-0.779116,-1.576242,1.815958
1906,True,Optimization terminated successfully.,2661,3989,31.809191,2.700273,0,1,0.429121,0.565980,0.501562,-0.302038,-0.464319,-0.632116,-1.767829,2.285253
1907,True,Optimization terminated successfully.,2832,4217,23.197731,2.083339,0,1,-0.210960,-0.184558,-0.193203,0.002565,-0.168634,-0.368495,-2.171337,3.269399
1908,True,Optimization terminated successfully.,2651,3940,25.028901,2.663049,0,1,1.318306,1.425213,1.423893,-0.617760,-0.750827,-0.990838,-1.243126,0.988062
1909,True,Optimization terminated successfully.,2625,3937,33.169627,3.370592,0,1,1.923040,2.046278,1.986951,-0.867287,-0.991071,-1.334833,-0.940179,0.164009
1910,True,Optimization terminated successfully.,2715,4039,22.323867,2.211836,0,1,-0.283915,-0.184649,-0.239536,-0.018117,-0.080951,-0.339341,-2.123987,3.308618
1911,True,Optimization terminated successfully.,3123,4640,30.785532,2.968878,0,1,2.737266,2.890981,2.796606,-1.241423,-1.489301,-1.554869,-0.499953,-0.975179
1912,True,Optimization terminated successfully.,2676,4035,22.955587,1.937253,0,1,0.027991,0.146990,0.160379,-0.101260,-0.194408,-0.485369,-1.899674,2.808476
1913,True,Optimization terminated successfully.,2949,4399,60.186557,4.413726,0,1,-0.167944,0.049030,-0.036660,-0.017359,-0.147864,-0.418937,-2.013123,3.075770
1914,True,Optimization terminated successfully.,2745,4100,50.569862,3.295990,0,1,2.053705,2.115336,2.054715,-0.935054,-1.052665,-1.299870,-0.948867,0.076213
1915,True,Optimization terminated successfully.,2613,3885,30.058629,2.453263,0,1,1.050677,1.211987,1.193353,-0.507723,-0.710369,-0.887878,-1.336822,1.332021
1916,True,Optimization terminated successfully.,3045,4499,14.060213,1.920145,0,1,-0.076505,0.075031,0.045746,-0.018106,-0.195471,-0.419764,-2.030413,3.023599
1917,True,Optimization terminated successfully.,2896,4287,33.883614,2.425096,0,1,2.584544,2.677215,2.585059,-1.243338,-1.376385,-1.538403,-0.547774,-0.715513
1918,True,Optimization terminated successfully.,2588,3851,34.553355,2.490365,0,1,1.360724,1.504407,1.408761,-0.705665,-0.813899,-1.028093,-1.321675,0.942727
1919,True,Optimization terminated successfully.,2541,3783,42.090942,3.969706,0,1,1.939257,1.958313,1.920463,-0.932134,-1.044214,-1.245332,-1.003032,0.213326
1920,True,Optimization terminated successfully.,3247,4815,20.479407,1.996884,0,1,1.850226,2.053356,1.983561,-0.977641,-1.103334,-1.277391,-0.962903,0.169795
1921,True,Optimization terminated successfully.,2416,3603,26.880753,2.414113,0,1,1.760789,1.840638,1.861685,-0.844902,-0.973839,-1.202384,-1.026726,0.403389
1922,True,Optimization terminated successfully.,2638,3955,42.695805,3.020783,0,1,0.201146,0.324345,0.285452,-0.288075,-0.293019,-0.536938,-1.994985,2.623076
1923,True,Optimization terminated successfully.,2621,3927,46.157512,3.351992,0,1,1.322399,1.472755,1.413713,-0.666292,-0.833148,-1.028529,-1.320506,0.972520
1924,True,Optimization terminated successfully.,2668,3971,38.993416,3.344808,0,1,1.670283,1.813853,1.790300,-0.932382,-0.934644,-1.197024,-1.167875,0.491795
1925,True,Optimization terminated successfully.,2722,4072,38.294208,2.885790,0,1,-0.431612,-0.297129,-0.294574,0.073115,-0.084881,-0.265082,-2.210074,3.453214
1926,True,Optimization terminated successfully.,2817,4195,25.627453,2.045350,0,1,0.766285,1.027495,0.959542,-0.507834,-0.634489,-0.850046,-1.616016,1.674078
1927,True,Optimization terminated successfully.,2579,3866,23.096077,2.225762,0,1,1.646511,1.751029,1.728984,-0.865604,-0.932943,-1.127236,-1.091036,0.581773
1928,True,Optimization terminated successfully.,2848,4259,14.836774,1.877329,0,1,2.293454,2.410226,2.348082,-1.102975,-1.200454,-1.406506,-0.712221,-0.324336
1929,True,Optimization terminated successfully.,2504,3745,17.877701,2.348932,0,1,1.924700,2.006274,1.944846,-0.915911,-1.024425,-1.255772,-0.935110,0.200506
1930,True,Optimization terminated successfully.,3006,4473,51.380553,3.708749,0,1,1.727675,1.809121,1.740053,-0.810754,-0.937464,-1.119051,-1.024972,0.499032
1931,True,Optimization terminated successfully.,3180,4711,47.357068,3.684203,0,1,0.102463,0.233552,0.175219,-0.138734,-0.272687,-0.515538,-1.902003,2.747338
1932,True,Optimization terminated successfully.,2549,3791,31.930339,2.544119,0,1,1.393749,1.496860,1.474727,-0.725324,-0.882447,-1.074963,-1.220415,0.945573
1933,True,Optimization terminated successfully.,3155,4740,34.766327,3.658442,0,1,4.176292,4.284936,4.220293,-1.864189,-2.066068,-2.271018,0.339318,-2.973970
1934,True,Optimization terminated successfully.,2882,4289,17.980011,2.062913,0,1,1.003743,1.162153,1.104242,-0.532987,-0.721969,-0.868494,-1.439006,1.476360
1935,True,Optimization terminated successfully.,2569,3872,22.980939,2.279495,0,1,0.880492,0.988425,0.878645,-0.458448,-0.608207,-0.786710,-1.503961,1.666612
1936,True,Optimization terminated successfully.,2853,4304,24.682385,2.487781,0,1,1.657068,1.794467,1.752794,-0.872443,-0.995794,-1.132402,-1.102276,0.558649
1937,True,Optimization terminated successfully.,3275,4868,43.399252,2.724435,0,1,2.436640,2.564716,2.446199,-1.141499,-1.286849,-1.473514,-0.643182,-0.545677
1938,True,Optimization terminated successfully.,2767,4168,38.421750,3.127617,0,1,6.789854,6.908575,6.919902,-3.051782,-3.243646,-3.485575,1.703245,-6.796924
1939,True,Optimization terminated successfully.,2531,3803,27.833571,2.430439,0,1,-1.925560,-1.796946,-1.802902,0.736831,0.557543,0.383522,-3.083357,5.599224
1940,True,Optimization terminated successfully.,3186,4747,39.598206,2.740667,0,1,-1.555448,-1.439179,-1.490386,0.628225,0.476472,0.241768,-2.880520,5.171395
1941,True,Optimization terminated successfully.,3167,4722,40.026158,2.886888,0,1,2.499150,2.645745,2.639733,-1.198094,-1.318999,-1.569099,-0.556576,-0.688989
1942,True,Optimization terminated successfully.,3187,4724,20.757925,1.997535,0,1,1.388389,1.573349,1.529866,-0.637792,-0.833185,-1.077887,-1.105302,0.835298
1943,True,Optimization terminated successfully.,2827,4241,41.229599,3.407367,0,1,2.206887,2.376278,2.293793,-1.050714,-1.219852,-1.423734,-0.675735,-0.237676
1944,True,Optimization terminated successfully.,3211,4785,52.135059,3.491071,0,1,2.923445,3.020455,3.012420,-1.374029,-1.484208,-1.716730,-0.431565,-1.203540
1945,True,Optimization terminated successfully.,2502,3752,30.848632,2.497026,0,1,1.692554,1.917721,1.773000,-0.890910,-0.962568,-1.226205,-1.083295,0.452605
1946,True,Optimization terminated successfully.,3448,5128,22.960356,2.617810,0,1,1.448975,1.618158,1.538062,-0.711286,-0.889479,-1.105734,-1.233037,0.823533
1947,True,Optimization terminated successfully.,3211,4764,38.879969,3.307125,0,1,5.536577,5.663642,5.629007,-2.533679,-2.709495,-2.812236,1.055834,-4.940749
1948,True,Optimization terminated successfully.,2622,3947,31.027712,2.599505,0,1,0.342832,0.391431,0.375611,-0.236848,-0.392636,-0.584044,-1.851299,2.448111
1949,True,Optimization terminated successfully.,3156,4712,34.734668,2.766110,0,1,2.047899,2.159571,2.111609,-0.941454,-1.093731,-1.315561,-0.832251,0.032545
1950,True,Optimization terminated successfully.,2856,4258,44.241198,3.032739,0,1,-1.957100,-1.780588,-1.822175,0.767247,0.611761,0.371805,-3.112487,5.663208
1951,True,Optimization terminated successfully.,2758,4121,45.376532,3.076981,0,1,1.752983,1.874305,1.806735,-0.835326,-1.008455,-1.220254,-1.005171,0.395467
1952,True,Optimization terminated successfully.,3061,4561,45.146780,2.985528,0,1,1.018421,1.186953,1.127450,-0.526655,-0.720700,-0.861959,-1.396590,1.414873
1953,True,Optimization terminated successfully.,3013,4468,15.931457,1.743529,0,1,1.789090,1.905303,1.855715,-0.849620,-1.042883,-1.252675,-1.031852,0.367661
1954,True,Optimization terminated successfully.,2354,3520,51.288935,3.588553,0,1,1.045252,1.081461,1.084066,-0.495531,-0.615862,-0.780651,-1.362059,1.477332
1955,True,Optimization terminated successfully.,2540,3778,33.601552,2.898103,0,1,0.364182,0.611833,0.546412,-0.290170,-0.415276,-0.573434,-1.696560,2.276066
1956,True,Optimization terminated successfully.,3310,4935,50.181654,3.346990,0,1,9.892233,9.975016,9.917547,-4.411901,-4.525718,-4.729224,3.468694,-11.060021
1957,True,Optimization terminated successfully.,2904,4293,30.994570,2.256198,0,1,3.584498,3.721055,3.651482,-1.679622,-1.803814,-1.981915,-0.055827,-2.229160
1958,True,Optimization terminated successfully.,2542,3845,51.150240,3.386625,0,1,1.471127,1.620180,1.510461,-0.791100,-0.855280,-1.045484,-1.194460,0.838783
1959,True,Optimization terminated successfully.,4817,7121,25.506028,2.624321,0,1,1.149902,1.243511,1.247309,-0.591228,-0.769429,-0.984422,-1.355759,1.252107
1960,True,Optimization terminated successfully.,3156,4696,26.645960,2.778225,0,1,3.107358,3.192406,3.152393,-1.487347,-1.586180,-1.815044,-0.298150,-1.449863
1961,True,Optimization terminated successfully.,2692,4057,37.974010,2.892430,0,1,1.592030,1.789183,1.732367,-0.817862,-0.904767,-1.178672,-1.072232,0.627561
1962,True,Optimization terminated successfully.,2751,4107,29.539255,2.291514,0,1,0.697016,0.826477,0.799330,-0.400220,-0.618311,-0.724365,-1.660207,1.903748
1963,True,Optimization terminated successfully.,2615,3932,21.248747,2.672863,0,1,1.735649,1.871650,1.865607,-0.805041,-1.033130,-1.223412,-1.064359,0.412918
1964,True,Optimization terminated successfully.,3109,4619,58.548663,3.771204,0,1,1.890705,2.098666,1.987574,-0.894075,-1.114920,-1.305401,-0.915971,0.162916
1965,True,Optimization terminated successfully.,2821,4236,59.849816,3.284323,1,0,-29.682554,-29.584717,-29.644990,12.786467,12.705954,12.543932,-18.317785,45.009677
1966,True,Optimization terminated successfully.,2998,4463,30.366379,2.531816,0,1,2.805281,2.966564,2.807883,-1.396011,-1.516421,-1.676071,-0.552327,-1.159518
1967,True,Optimization terminated successfully.,2773,4121,33.187744,3.568849,0,1,1.627575,1.809222,1.755221,-0.787990,-0.951596,-1.186547,-1.155193,0.566462
1968,True,Optimization terminated successfully.,2738,4071,27.322909,2.606677,0,1,-1.051792,-0.986951,-1.056357,0.383332,0.276938,0.038511,-2.650315,4.435072
1969,True,Optimization terminated successfully.,2704,4065,24.184442,2.600147,0,1,0.133621,0.311730,0.271257,-0.195520,-0.246402,-0.515033,-1.885934,2.659095
1970,True,Optimization terminated successfully.,3060,4592,43.045039,3.118485,0,1,1.375782,1.480633,1.465938,-0.710197,-0.843818,-1.134791,-1.301230,0.901649
1971,True,Optimization terminated successfully.,2495,3712,22.510404,2.340821,0,1,2.742009,2.829548,2.807779,-1.241329,-1.442634,-1.586214,-0.550948,-0.993607
1972,True,Optimization terminated successfully.,2376,3580,26.696288,2.654559,0,1,1.774754,1.854735,1.831440,-0.751288,-0.999516,-1.167294,-0.991234,0.415168
1973,True,Optimization terminated successfully.,2851,4251,20.339031,2.016984,0,1,-0.085911,0.013705,-0.081356,-0.060954,-0.215410,-0.370436,-2.118763,3.047873
1974,True,Optimization terminated successfully.,2886,4306,50.821536,3.875625,0,1,1.112071,1.182808,1.161134,-0.605043,-0.697541,-0.928239,-1.418973,1.304871
1975,True,Optimization terminated successfully.,2870,4291,34.338779,2.665010,0,1,2.441698,2.550152,2.544723,-1.119345,-1.322165,-1.566988,-0.653423,-0.593676
1976,True,Optimization terminated successfully.,2215,3325,24.480027,2.252752,0,1,1.322783,1.392651,1.407630,-0.655785,-0.743873,-1.025142,-1.289965,1.072313
1977,True,Optimization terminated successfully.,2335,3474,33.805018,2.678417,0,1,2.447406,2.627126,2.545544,-1.124536,-1.278849,-1.479840,-0.622239,-0.627863
1978,True,Optimization terminated successfully.,3798,5621,55.752286,4.728682,0,1,2.334229,2.418470,2.363026,-1.161601,-1.256824,-1.433142,-0.752567,-0.411257
1979,True,Optimization terminated successfully.,4374,6502,42.526043,2.829692,0,1,0.917276,1.087536,1.002748,-0.453862,-0.710044,-0.815750,-1.454675,1.561336
1980,True,Optimization terminated successfully.,2546,3786,39.678472,2.993527,0,1,1.585625,1.610704,1.610589,-0.876533,-0.934113,-1.153612,-1.189477,0.709715
1981,True,Optimization terminated successfully.,3265,4842,29.421037,2.653082,0,1,1.823643,2.024547,1.983405,-0.929708,-1.028790,-1.291495,-0.990694,0.272768
1982,True,Optimization terminated successfully.,3008,4461,57.840328,3.159979,0,1,-1.740605,-1.670686,-1.741846,0.680969,0.551909,0.301125,-2.998286,5.427994
1983,True,Optimization terminated successfully.,2597,3855,33.450408,3.206381,0,1,1.179183,1.351937,1.287117,-0.622605,-0.717316,-0.965486,-1.335950,1.237746
1984,True,Optimization terminated successfully.,2941,4413,33.280261,2.505420,0,1,5.749638,5.872714,5.792091,-2.676042,-2.724159,-3.001453,1.111214,-5.257855
1985,True,Optimization terminated successfully.,2368,3526,57.630005,3.577161,0,1,1.603400,1.712173,1.703041,-0.807001,-0.938694,-1.188561,-1.187573,0.575060
1986,True,Optimization terminated successfully.,2883,4306,40.440525,3.829848,0,1,2.220560,2.380895,2.350225,-1.039366,-1.183550,-1.489155,-0.723461,-0.217453
1987,True,Optimization terminated successfully.,2797,4196,53.912322,3.429295,0,1,1.941876,1.993195,1.998083,-0.980203,-1.062632,-1.276998,-1.015379,0.216412
1988,True,Optimization terminated successfully.,2812,4249,35.549013,2.398250,0,1,-0.689396,-0.493347,-0.613242,0.139367,0.017362,-0.147083,-2.396488,3.834741
1989,True,Optimization terminated successfully.,2774,4144,28.032849,2.879364,0,1,0.851559,1.036500,0.932456,-0.433139,-0.603562,-0.789091,-1.450752,1.736780
1990,True,Optimization terminated successfully.,3208,4783,19.840087,2.269336,0,1,0.839816,0.907107,0.959619,-0.455442,-0.608977,-0.838387,-1.549324,1.742223
1991,True,Optimization terminated successfully.,2908,4365,41.192908,3.356169,0,1,2.788988,2.845503,2.878035,-1.401299,-1.455318,-1.697482,-0.514332,-1.004407
1992,True,Optimization terminated successfully.,2525,3772,63.384491,4.302439,0,1,0.230989,0.371338,0.304731,-0.170746,-0.327548,-0.599570,-1.824611,2.583231
1993,True,Optimization terminated successfully.,3145,4658,22.998079,2.374861,0,1,-0.231064,-0.087539,-0.137751,0.037354,-0.197415,-0.324612,-2.095785,3.195713
1994,True,Optimization terminated successfully.,3028,4536,32.150496,2.852284,0,1,2.535321,2.692617,2.591392,-1.164265,-1.298881,-1.531979,-0.541965,-0.681112
1995,True,Optimization terminated successfully.,3027,4506,9.932760,1.375341,0,1,1.920690,2.031342,1.986987,-0.876883,-1.005109,-1.248244,-0.914824,0.205759
1996,True,Optimization terminated successfully.,2745,4098,17.714248,2.178150,0,1,1.643079,1.818757,1.752572,-0.748221,-0.918982,-1.109132,-1.001027,0.524802
1997,True,Optimization terminated successfully.,2636,3939,34.754531,2.652575,0,1,1.412355,1.497064,1.499264,-0.776026,-0.826708,-1.052446,-1.323835,0.929656
1998,True,Optimization terminated successfully.,3197,4761,34.476872,2.618621,0,1,-0.769966,-0.686935,-0.700870,0.254998,0.078487,-0.128919,-2.501871,3.968443
1999,True,Optimization terminated successfully.,2870,4277,20.828475,2.286340,0,1,1.449477,1.518495,1.528122,-0.723189,-0.782746,-1.041075,-1.238374,0.898864
