run,ebeam,target,hms_p,hms_th,shms_p,shms_th,run_type,x,Q2,z,thpq,BCM1_Q,BCM1_I,BCM2_Q,BCM2_I,BCM4A_Q,BCM4A_I,BCM4B_Q,BCM4B_I,BCM4C_Q,BCM4C_I,h_esing_Eff,h_hadron_Eff,p_esing_Eff,p_hadron_Eff,ps1,ps2,ps3,ps4,ps5,ps6,comp_livetime,electr_deadtime,coin,randoms,ransubcoin,normyield,normyield_err,ctmean,ctsigma,boil_corr,IHWP,coinblock_ratio,BCM2_Q_hp,BCM2_Q_hm,h_EL_CLEAN,p_EL_CLEAN
27106,6.449,LH2,1.67,47.91,-5.52,13.01,HEEP,-999,-999,-999,-999,38.488,18.024,38.361,17.965,33.843,15.849,217.029,101.638,52.719,24.689,0.0,0.9997,0.9985,0.7674,-1.0,-1.0,-1.0,-1.0,1.0,-1.0,0.99969,0.0016,-999,-999,-999,-999,-999,-999,-999,1.0,-999,-999,4.9999999999999994e+75,-4.9999999999999994e+75,572.0,43005331.0
27107,6.449,Dummy,1.67,47.91,-5.52,13.01,HEEP,-999,-999,-999,-999,66.466,36.708,66.147,36.532,58.403,32.255,258.743,142.901,90.913,50.21,0.9999,0.9996,0.9971,0.7405,-1.0,-1.0,-1.0,-1.0,1.0,-1.0,0.99998,0.0012,-999,-999,-999,-999,-999,-999,-999,1.0,-999,-999,4.9999999999999994e+75,-4.9999999999999994e+75,920.0,26415388.0
27108,6.449,Dummy,1.67,47.91,-5.52,13.01,HEE,-999,-999,-999,-999,-999,-999,-999,-999,-999,-999,-999,-999,-999,-999,-999,-999,-999,-999,-999,-999,-999,-999,-999,-999,-999,-999,-999,-999,-999,-999,-999,-999,-999,1.0,-999,-999,-999,-999,-999,-999
27109,6.449,LH2,1.67,47.91,-5.52,13.01,HEE,-999,-999,-999,-999,-999,-999,-999,-999,-999,-999,-999,-999,-999,-999,-999,-999,-999,-999,-999,-999,-999,-999,-999,-999,-999,-999,-999,-999,-999,-999,-999,-999,-999,1.0,-999,-999,-999,-999,-999,-999
27113,6.449,LH2,-1.165,31.278,-2.766,8.275,HMSDIS,0.22,2.2,0.5,2.0,27419.078,28.033,27283.873,27.895,23995.331,24.533,149002.979,152.34,37345.455,38.182,0.9996,0.9984,-999,-999,-1.0,-1.0,17.0,-1.0,-1.0,-1.0,-999,95.6526,-999,-999,-999,-999,-999,-999,-999,1.0,-999,-999,-999,-999,781651.0,270706998.0
27114,6.449,LH2,-1.165,31.278,-2.766,8.275,HMSDIS,0.22,2.2,0.5,2.0,21643.945,27.736,21543.523,27.607,18905.657,24.227,117685.305,150.807,29426.549,37.709,0.9766,0.9761,-999,-999,-1.0,-1.0,-1.0,1.0,-1.0,-1.0,-999,95.6492,-999,-999,-999,-999,-999,-999,-999,1.0,-999,-999,-999,-999,616391.0,213618100.0
27115,6.449,LH2,-1.165,31.278,-2.766,8.275,HMSDIS,0.22,2.2,0.5,2.0,16390.539,27.379,16317.804,27.257,14354.462,23.977,89033.557,148.72,22364.336,37.357,0.9998,0.9985,-999,-999,-1.0,-1.0,-1.0,1.0,-1.0,-1.0,-999,95.6494,-999,-999,-999,-999,-999,-999,-999,1.0,-999,-999,-999,-999,467475.0,162016192.0
27116,6.449,LH2,-1.165,31.278,-2.766,8.275,SHMSDIS,0.22,2.2,0.5,2.0,13604.863,26.547,13549.789,26.44,11956.495,23.331,73984.458,144.367,-999,-999,-999,-999,0.9855,0.9793,-999,-999,-999,-999,-999,-999,-999,95.652,-999,-999,-999,-999,-999,-999,-999,1.0,-999,-999,-999,-999,388673.0,134524160.0
27118,6.449,LH2,-1.165,31.278,-2.766,8.275,HMSDIS,0.22,2.2,0.5,2.0,24578.551,27.22,24497.881,27.13,21698.749,24.03,133317.893,147.643,33820.725,37.455,0.9996,0.9988,-999,-999,-1.0,-1.0,17.0,-1.0,-1.0,-1.0,-999,95.6532,-999,-999,-999,-999,-999,-999,-999,1.0,-999,-999,-999,-999,705177.0,244471465.0
27119,6.449,LH2,-1.165,31.278,-2.766,8.275,HMSDIS,0.22,2.2,0.5,2.0,27946.883,27.507,27837.348,27.399,24679.265,24.291,152121.935,149.728,38472.524,37.867,0.9998,0.9988,-999,-999,-1.0,-1.0,-1.0,1.0,-1.0,-1.0,-999,95.6639,-999,-999,-999,-999,-999,-999,-999,1.0,-999,-999,-999,-999,800422.0,277909280.0
27120,6.449,LH2,-1.165,31.278,-2.766,8.275,SHMSDIS,0.22,2.2,0.5,2.0,30250.508,27.206,30111.027,27.08,26730.54,24.04,164383.926,147.838,-999,-999,-999,-999,0.9853,0.9782,-999,-999,-999,-999,-999,-999,-999,95.6539,-999,-999,-999,-999,-999,-999,-999,1.0,-999,-999,-999,-999,868761.0,300714429.0
27121,6.449,LH2,-1.165,31.278,-2.766,8.275,SHMSDIS,0.22,2.2,0.5,2.0,25859.512,28.088,25740.557,27.959,22846.336,24.816,140248.817,152.338,-999,-999,-999,-999,0.9883,0.955,-999,-999,-999,-999,-999,-999,-999,95.6214,-999,-999,-999,-999,-999,-999,-999,1.0,-999,-999,-999,-999,741722.0,256983202.0
27122,6.449,LH2,-1.165,31.278,-2.766,8.275,PI-SIDIS,0.22,2.2,0.5,2.0,51.571,27.79,51.346,27.668,45.284,24.402,279.757,150.751,70.482,37.98,0.998,0.997,0.9844,0.9767,-1.0,-1.0,-1.0,-1.0,-1.0,1.0,0.99991,0.0439,1292.0,445.0,847.0,16.9874,0.730385,51.4063,0.432662,1.0,-999,-999,4.9999999999999994e+75,-4.9999999999999994e+75,1479435.0,512459259.0
27123,6.449,LH2,-1.165,31.278,-2.766,8.275,PI-SIDIS,0.22,2.2,0.5,2.0,47.752,27.387,47.57,27.283,41.859,24.007,259.82,149.014,65.202,37.395,0.9978,0.9967,0.9849,0.9763,-1.0,-1.0,-1.0,-1.0,-1.0,1.0,0.99992,0.0438,1128.0,408.154,719.846,15.5931,0.737578,51.3993,0.43904,1.0,-999,-999,4.9999999999999994e+75,-4.9999999999999994e+75,1371261.0,475191370.0
27124,6.449,LH2,-1.165,31.278,-2.766,8.275,PI-SIDIS,0.22,2.2,0.5,2.0,51.489,27.381,51.317,27.29,45.32,24.101,280.037,148.921,70.655,37.574,0.9979,0.9972,0.9841,0.9767,-1.0,-1.0,-1.0,-1.0,-1.0,1.0,0.99992,0.0438,1268.0,437.538,830.462,16.6669,0.724076,51.3947,0.443134,1.0,-999,-999,4.9999999999999994e+75,-4.9999999999999994e+75,1477661.0,513117603.0
27125,6.449,LH2,-1.165,31.278,-2.766,8.275,PI-SIDIS,0.22,2.2,0.5,2.0,43.855,27.663,43.66,27.54,38.67,24.393,238.036,150.149,60.299,38.036,0.9983,0.9971,0.9853,0.9759,-1.0,-1.0,-1.0,-1.0,-1.0,1.0,0.99993,0.0438,1107.0,386.692,720.308,16.9986,0.795658,51.4037,0.443728,1.0,-999,-999,4.9999999999999994e+75,-4.9999999999999994e+75,1259229.0,436716971.0
27126,6.449,LH2,-1.165,31.278,-2.766,8.275,PI-SIDIS,0.22,2.2,0.5,2.0,20.469,27.956,20.369,27.82,18.068,24.678,110.809,151.344,28.168,38.471,0.9983,0.9966,0.9831,0.9742,-1.0,-1.0,-1.0,-1.0,-1.0,1.0,0.9999,0.044,506.0,176.462,329.538,16.6983,1.15502,51.3687,0.416803,1.0,-999,-999,4.9999999999999994e+75,-4.9999999999999994e+75,587758.0,203692243.0
27127,6.449,LH2,-1.165,31.278,-2.766,8.275,PI-SIDIS,0.22,2.2,0.5,2.0,73.935,27.717,73.613,27.596,65.085,24.399,401.932,150.678,101.331,37.987,0.998,0.9968,0.9834,0.9751,-1.0,-1.0,-1.0,-1.0,-1.0,1.0,0.9999,0.0438,1955.0,645.308,1309.69,18.3519,0.627378,51.3904,0.431992,1.0,-999,-999,4.9999999999999994e+75,-4.9999999999999994e+75,2123491.0,736127166.0
27128,6.449,LH2,-1.165,31.278,-2.766,8.275,PI-SIDIS,0.22,2.2,0.5,2.0,16.624,27.519,16.56,27.414,14.533,24.058,90.398,149.646,22.607,37.424,0.9982,0.9976,0.9838,0.9745,-1.0,-1.0,-1.0,-1.0,-1.0,1.0,0.99994,0.0439,435.0,145.154,289.846,18.062,1.31628,51.4217,0.481992,1.0,-999,-999,4.9999999999999994e+75,-4.9999999999999994e+75,477221.0,165638125.0
27129,6.449,LH2,-1.165,31.278,-2.766,8.275,PI-SIDIS,0.22,2.2,0.5,2.0,84.539,27.891,84.236,27.791,74.217,24.486,459.46,151.586,115.735,38.183,0.9978,0.9973,0.9834,0.9746,-1.0,-1.0,-1.0,-1.0,-1.0,1.0,0.99991,0.044,2169.0,739.846,1429.15,17.5129,0.57814,51.4038,0.431815,1.0,-999,-999,4.9999999999999994e+75,-4.9999999999999994e+75,2427371.0,843075106.0
27130,6.449,LH2,-1.165,31.278,-2.766,8.275,PI-SIDIS,0.22,2.2,0.5,2.0,50.39,27.904,50.154,27.773,44.412,24.593,273.344,151.366,69.264,38.355,0.9979,0.9967,0.9838,0.9742,-1.0,-1.0,-1.0,-1.0,-1.0,1.0,0.99991,0.044,1261.0,433.462,827.538,17.0367,0.740665,51.2717,0.412867,1.0,-999,-999,4.9999999999999994e+75,-4.9999999999999994e+75,1446346.0,502199020.0
27131,6.449,LH2,-1.165,31.278,-2.766,8.275,PI-SIDIS,0.22,2.2,0.5,2.0,52.776,28.031,52.533,27.902,46.516,24.706,286.113,151.964,72.497,38.506,0.998,0.9974,0.9823,0.9744,-1.0,-1.0,-1.0,-1.0,-1.0,1.0,0.99988,0.0439,1289.0,459.692,829.308,16.2355,0.71245,51.2678,0.425328,1.0,-999,-999,4.9999999999999994e+75,-4.9999999999999994e+75,1515696.0,525994843.0
27132,6.449,LH2,-1.165,31.278,-2.766,8.275,PI-SIDIS,0.22,2.2,0.5,2.0,7.83,28.075,7.795,27.952,6.87,24.635,42.485,152.34,10.694,38.346,0.9976,0.9973,0.9719,0.9614,-1.0,-1.0,-1.0,-1.0,1.0,-1.0,0.99533,0.044,174.0,69.9231,104.077,13.9865,1.79986,51.2461,0.359734,1.0,-999,-999,4.9999999999999994e+75,-4.9999999999999994e+75,224429.0,78018352.0
27133,6.449,LH2,-1.165,31.278,-2.766,8.275,PI-SIDIS,0.22,2.2,0.5,2.0,34.861,27.556,34.716,27.442,30.512,24.118,188.857,149.284,47.491,37.54,0.9998,0.999,0.9709,0.9619,-1.0,-1.0,-1.0,-1.0,1.0,-1.0,0.9954,0.044,926.0,315.538,610.462,18.3691,0.927584,51.336,0.451181,1.0,-999,-999,17047.60057,17035.70043,1001708.0,347428667.0
27134,6.449,LH2,-1.165,31.278,-2.766,8.275,HMSDIS,0.22,2.2,0.5,2.0,25263.442,27.636,25169.056,27.533,22159.356,24.241,137197.024,150.083,34536.556,37.78,0.9998,0.9989,-999,-999,-1.0,-1.0,-1.0,1.0,-1.0,-1.0,-999,95.6126,-999,-999,-999,-999,-999,-999,-999,1.0,-999,-999,-999,-999,728013.0,252155022.0
27135,6.449,Dummy,-1.165,31.278,-2.766,8.275,PI-SIDIS,0.22,2.2,0.5,2.0,81.438,41.304,81.167,41.166,71.899,36.466,298.952,151.623,112.162,56.886,0.999,0.9979,0.9859,0.9773,-1.0,-1.0,-1.0,-1.0,-1.0,1.0,1.0,0.0256,613.0,145.769,467.231,5.9109,0.316074,51.2692,0.408001,1.0,-999,-999,4.9999999999999994e+75,-4.9999999999999994e+75,823721.0,328931040.0
27136,6.449,Dummy,-1.165,31.278,-2.766,8.275,PI-SIDIS,0.22,2.2,0.5,2.0,80.818,41.327,80.462,41.145,71.247,36.432,296.337,151.533,110.979,56.75,0.9988,0.9981,0.9863,0.9765,-1.0,-1.0,-1.0,-1.0,-1.0,1.0,0.99997,0.0255,585.0,147.154,437.846,5.59338,0.311955,51.2703,0.449082,1.0,-999,-999,4.9999999999999994e+75,-4.9999999999999994e+75,817357.0,325983609.0
27137,6.449,Dummy,-1.165,31.278,-2.766,8.275,PI-SIDIS,0.22,2.2,0.5,2.0,79.215,41.355,78.858,41.169,69.384,36.223,290.339,151.575,107.984,56.374,0.9985,0.998,0.986,0.977,-1.0,-1.0,-1.0,-1.0,-1.0,1.0,0.99998,0.0256,613.0,143.154,469.846,6.12304,0.325543,51.3404,0.371945,1.0,-999,-999,4.9999999999999994e+75,-4.9999999999999994e+75,801637.0,319220650.0
27138,6.449,Dummy,-1.165,31.278,-2.766,8.275,HMSDIS,0.22,2.2,0.5,2.0,37057.18,40.718,36897.56,40.542,32450.888,35.656,136568.574,150.059,50556.741,55.551,0.9998,0.9989,-999,-999,-1.0,-1.0,-1.0,1.0,-1.0,-1.0,-999,97.4543,-999,-999,-999,-999,-999,-999,-999,1.0,-999,-999,-999,-999,375370.0,149392966.0
27139,6.449,LH2,-1.165,31.278,-2.766,8.275,PI-SIDIS,0.22,2.2,0.5,2.0,46.425,27.471,46.243,27.363,40.879,24.189,251.759,148.971,63.754,37.725,0.9982,0.997,0.9826,0.9747,-1.0,-1.0,-1.0,-1.0,-1.0,1.0,0.99992,0.0439,1096.0,395.846,700.154,15.6216,0.748837,51.2507,0.422838,1.0,-999,-999,4.9999999999999994e+75,-4.9999999999999994e+75,1336470.0,463893395.0
27140,6.449,LH2,-1.165,31.278,-2.766,8.275,PI-SIDIS,0.22,2.2,0.5,2.0,50.084,27.772,49.917,27.68,44.078,24.442,271.797,150.717,68.655,38.071,0.9979,0.9969,0.9831,0.9751,-1.0,-1.0,-1.0,-1.0,-1.0,1.0,0.99988,0.0438,1264.0,428.615,835.385,17.2648,0.744285,51.2414,0.403273,1.0,-999,-999,4.9999999999999994e+75,-4.9999999999999994e+75,1443539.0,500641444.0
27141,6.449,LH2,-1.165,31.278,-2.766,8.275,PI-SIDIS,0.22,2.2,0.5,2.0,50.787,27.737,50.577,27.623,44.411,24.255,275.191,150.295,69.144,37.763,0.9979,0.997,0.9834,0.975,-1.0,-1.0,-1.0,-1.0,-1.0,1.0,0.9999,0.044,1277.0,444.154,832.846,16.9897,0.73867,51.3125,0.442923,1.0,-999,-999,4.9999999999999994e+75,-4.9999999999999994e+75,1461139.0,506726286.0
27142,6.449,LH2,-1.165,31.278,-2.766,8.275,PI-SIDIS,0.22,2.2,0.5,2.0,51.764,28.061,51.512,27.924,45.268,24.539,280.45,152.029,70.551,38.245,0.9982,0.9967,0.984,0.9734,-1.0,-1.0,-1.0,-1.0,-1.0,1.0,0.99989,0.0441,1252.0,460.385,791.615,15.8767,0.719623,51.2817,0.393068,1.0,-999,-999,4.9999999999999994e+75,-4.9999999999999994e+75,1488422.0,515958927.0
27143,6.449,LH2,-1.165,31.278,-2.766,8.275,PI-SIDIS,0.22,2.2,0.5,2.0,50.609,27.834,50.38,27.708,44.569,24.512,274.498,150.968,69.519,38.234,0.9978,0.9973,0.984,0.974,-1.0,-1.0,-1.0,-1.0,-1.0,1.0,0.99992,0.0439,1279.0,431.077,847.923,17.3842,0.742663,51.219,0.413083,1.0,-999,-999,4.9999999999999994e+75,-4.9999999999999994e+75,1454646.0,504924931.0
27144,6.449,LH2,-1.165,31.278,-2.766,8.275,PI-SIDIS,0.22,2.2,0.5,2.0,49.546,27.863,49.35,27.753,43.59,24.513,268.165,150.807,67.892,38.18,0.9979,0.9967,0.9831,0.9741,-1.0,-1.0,-1.0,-1.0,-1.0,1.0,0.99991,0.0439,1257.0,427.692,829.308,17.3543,0.75157,51.2274,0.384805,1.0,-999,-999,4.9999999999999994e+75,-4.9999999999999994e+75,1426144.0,494859523.0
27145,6.449,LH2,-1.165,31.278,-2.766,8.275,PI-SIDIS,0.22,2.2,0.5,2.0,45.027,27.783,44.873,27.688,39.447,24.34,243.745,150.397,61.407,37.889,0.9982,0.9966,0.9838,0.9726,-1.0,-1.0,-1.0,-1.0,-1.0,1.0,0.99992,0.044,1187.0,391.231,795.769,18.3369,0.803897,51.3312,0.440456,1.0,-999,-999,4.9999999999999994e+75,-4.9999999999999994e+75,1297163.0,449844349.0
27146,6.449,LH2,-1.165,31.278,-2.766,8.275,PI-SIDIS,0.22,2.2,0.5,2.0,57.026,27.751,56.805,27.643,49.974,24.319,309.126,150.431,77.896,37.907,0.9978,0.997,0.9818,0.975,-1.0,-1.0,-1.0,-1.0,-1.0,1.0,0.99993,0.044,1455.0,500.846,954.154,17.3322,0.702008,51.2595,0.403022,1.0,-999,-999,4.9999999999999994e+75,-4.9999999999999994e+75,1640264.0,569598985.0
27147,6.449,LH2,-1.165,31.278,-2.766,8.275,PI-SIDIS,0.22,2.2,0.5,2.0,51.043,28.111,50.797,27.976,44.99,24.777,276.012,152.009,70.17,38.645,0.9982,0.9969,0.9828,0.9753,-1.0,-1.0,-1.0,-1.0,-1.0,1.0,0.99993,0.044,1284.0,447.385,836.615,16.9825,0.737059,51.2384,0.406447,1.0,-999,-999,4.9999999999999994e+75,-4.9999999999999994e+75,1471142.0,509665560.0
27148,6.449,LH2,-1.165,31.278,-2.766,8.275,PI-SIDIS,0.22,2.2,0.5,2.0,11.328,27.418,11.276,27.293,9.975,24.144,61.431,148.686,15.538,37.607,0.9983,0.9972,0.9821,0.9715,-1.0,-1.0,-1.0,-1.0,-1.0,1.0,0.99988,0.0437,304.0,101.923,202.077,18.5518,1.62119,51.2477,0.39729,1.0,-999,-999,4.9999999999999994e+75,-4.9999999999999994e+75,326016.0,113134857.0
27149,6.449,LH2,-1.165,31.278,-2.766,8.275,PI-SIDIS,0.22,2.2,0.5,2.0,31.6,28.008,31.463,27.887,27.698,24.549,171.041,151.597,43.111,38.211,0.9978,0.9962,0.9818,0.972,-1.0,-1.0,-1.0,-1.0,-1.0,1.0,0.99988,0.044,824.0,278.615,545.385,17.9414,0.956518,51.2519,0.434618,1.0,-999,-999,4.9999999999999994e+75,-4.9999999999999994e+75,909332.0,315708398.0
27150,6.449,Dummy,-1.165,31.278,-2.766,8.275,PI-SIDIS,0.22,2.2,0.5,2.0,72.902,40.782,72.639,40.635,63.804,35.692,268.016,149.931,99.362,55.584,0.9988,0.9972,0.9843,0.9781,-1.0,-1.0,-1.0,-1.0,-1.0,1.0,0.99996,0.0256,536.0,124.846,411.154,5.80885,0.330008,51.3129,0.385331,1.0,-999,-999,4.9999999999999994e+75,-4.9999999999999994e+75,737410.0,294759042.0
27151,6.449,Dummy,-1.165,31.278,-2.766,8.275,PI-SIDIS,0.22,2.2,0.5,2.0,71.191,41.481,70.959,41.346,62.229,36.26,260.826,151.978,96.951,56.491,0.9987,0.9972,0.9879,0.9749,-1.0,-1.0,-1.0,-1.0,-1.0,1.0,0.99998,0.0257,479.0,129.692,349.308,5.06888,0.320884,51.3196,0.395766,1.0,-999,-999,4.9999999999999994e+75,-4.9999999999999994e+75,720317.0,287682162.0
27152,6.449,Dummy,-1.165,31.278,-2.766,8.275,PI-SIDIS,0.22,2.2,0.5,2.0,60.845,41.348,60.587,41.173,53.442,36.317,222.774,151.389,83.393,56.671,0.9989,0.9974,0.9857,0.9781,-1.0,-1.0,-1.0,-1.0,-1.0,1.0,0.99998,0.0256,413.0,109.615,303.385,5.13833,0.34769,51.2576,0.345925,1.0,-999,-999,4.9999999999999994e+75,-4.9999999999999994e+75,616009.0,245773212.0
27153,6.449,LH2,-1.165,31.278,-2.766,8.275,PI-SIDIS,0.22,2.2,0.5,2.0,16.183,28.041,16.104,27.903,14.251,24.693,87.675,151.914,22.236,38.528,0.998,0.9969,0.984,0.9734,-1.0,-1.0,-1.0,-1.0,-1.0,1.0,0.99987,0.044,414.0,139.308,274.692,17.6272,1.32247,51.2236,0.411848,1.0,-999,-999,4.9999999999999994e+75,-4.9999999999999994e+75,465798.0,161772795.0
27154,6.449,LH2,-1.165,31.278,-2.766,8.275,PI-SIDIS,0.22,2.2,0.5,2.0,55.355,27.891,55.119,27.772,48.588,24.482,299.254,150.781,75.657,38.12,0.9981,0.9965,0.9814,0.9742,-1.0,-1.0,-1.0,-1.0,-1.0,1.0,0.99992,0.044,1398.0,480.615,917.385,17.1833,0.70954,51.4636,0.450317,1.0,-999,-999,4.9999999999999994e+75,-4.9999999999999994e+75,1594744.0,553189361.0
27155,6.449,LH2,-1.165,31.278,-2.766,8.275,PI-SIDIS,0.22,2.2,0.5,2.0,45.419,27.946,45.238,27.834,39.725,24.442,245.697,151.173,61.867,38.066,0.9981,0.9968,0.9822,0.9724,-1.0,-1.0,-1.0,-1.0,-1.0,1.0,0.99992,0.0441,1169.0,393.692,775.308,17.7266,0.791794,51.5079,0.415237,1.0,-999,-999,4.9999999999999994e+75,-4.9999999999999994e+75,1307933.0,453644776.0
27156,6.449,LH2,-1.165,31.278,4.978,8.275,PI+SIDIS,0.22,2.2,0.9,2.0,77.221,50.016,76.944,49.836,67.835,43.936,229.864,148.881,105.64,68.423,0.9997,0.999,0.9878,0.9827,-1.0,-1.0,-1.0,-1.0,-1.0,1.0,0.99995,0.0109,1920.0,110.154,1809.85,23.9698,0.581607,51.0597,0.428925,1.0,-999,-999,4.9999999999999994e+75,-4.9999999999999994e+75,2206137.0,29648166.0
27157,6.449,LH2,-1.165,31.278,4.978,8.275,PI+SIDIS,0.22,2.2,0.9,2.0,22.714,51.665,22.629,51.472,20.008,45.511,66.739,151.804,31.211,70.991,0.9996,0.9986,0.9865,0.9835,-1.0,-1.0,-1.0,-1.0,-1.0,1.0,1.0,0.011,588.0,33.0769,554.923,24.9773,1.0938,51.1108,0.418,1.0,-999,-999,4.9999999999999994e+75,-4.9999999999999994e+75,647555.0,8700180.0
27158,6.449,LH2,-1.165,31.278,4.978,8.275,PI+SIDIS,0.22,2.2,0.9,2.0,71.05,50.339,70.794,50.158,62.674,44.405,210.883,149.411,97.619,69.164,0.9998,0.9988,0.9872,0.9834,-1.0,-1.0,-1.0,-1.0,-1.0,1.0,0.99994,0.0109,1740.0,102.846,1637.15,23.5466,0.60131,51.1163,0.43921,1.0,-999,-999,4.9999999999999994e+75,-4.9999999999999994e+75,2029611.0,27291485.0
27159,6.449,LH2,-1.165,31.278,4.978,8.275,HMSDIS,0.22,2.2,0.9,2.0,46581.342,50.77,46420.994,50.595,41082.946,44.777,137833.841,150.228,64003.582,69.759,0.9998,0.9986,-999,-999,-1.0,-1.0,-1.0,2.0,-1.0,-1.0,-999,98.9082,-999,-999,-999,-999,-999,-999,-999,1.0,-999,-999,-999,-999,1325310.0,17945325.0
27160,6.449,Dummy,-1.165,31.278,4.978,8.275,PI+SIDIS,0.22,2.2,0.9,2.0,83.631,41.291,83.246,41.101,73.334,36.208,306.531,151.345,114.268,56.418,1.0,0.9984,0.9828,0.9824,-1.0,-1.0,-1.0,-1.0,-1.0,1.0,1.0,0.002,403.0,6.38462,396.615,4.8527,0.245771,51.1225,0.45388,1.0,-999,-999,40936.42182,40907.25618,839668.0,6575919.0
27161,6.449,Dummy,-1.165,31.278,4.978,8.275,HMSDIS,0.22,2.2,0.9,2.0,41727.12,41.67,41532.06,41.475,36554.818,36.505,152554.304,152.344,56958.869,56.881,0.9997,0.9987,-999,-999,-1.0,-1.0,-1.0,2.0,-1.0,-1.0,-999,99.8057,-999,-999,-999,-999,-999,-999,-999,1.0,-999,-999,-999,-999,419708.0,3282257.0
27162,6.449,LH2,-1.165,31.278,2.766,8.275,PI+SIDIS,0.22,2.2,0.5,2.0,13.663,19.783,13.605,19.701,11.941,17.291,76.495,110.766,18.603,26.937,0.9999,0.998,0.9784,0.9815,-1.0,-1.0,-1.0,-1.0,-1.0,1.0,0.99992,0.0292,538.0,108.462,429.538,32.2602,1.75549,51.0904,0.434611,1.0,-999,-999,6663.78226,6659.12974,392363.0,15882335.0
27163,6.449,LH2,-1.165,31.278,2.766,8.275,PI+SIDIS,0.22,2.2,0.5,2.0,50.249,30.916,50.023,30.777,43.965,27.05,245.245,150.891,68.513,42.154,0.9999,0.9987,0.9763,0.9795,-1.0,-1.0,-1.0,-1.0,-1.0,1.0,0.99989,0.046,2190.0,648.385,1541.62,31.591,0.969839,51.1777,0.395895,1.0,-999,-999,24582.12249,24564.84651,1434940.0,60584461.0
27164,6.449,LH2,-1.165,31.278,2.766,8.275,PI+SIDIS,0.22,2.2,0.5,2.0,49.332,30.9,49.117,30.765,43.43,27.203,240.915,150.902,67.77,42.449,0.9998,0.9986,0.9809,0.9792,-1.0,-1.0,-1.0,-1.0,-1.0,1.0,0.99992,0.0459,2223.0,616.385,1606.62,33.5438,0.994838,51.1419,0.417855,1.0,-999,-999,24139.84349,24122.57351,1409582.0,59584300.0
27165,6.449,LH2,-1.165,31.278,2.766,8.275,PI+SIDIS,0.22,2.2,0.5,2.0,49.382,30.722,49.141,30.572,43.582,27.113,240.979,149.919,67.953,42.275,0.9998,0.9986,0.9795,0.9797,-1.0,-1.0,-1.0,-1.0,-1.0,1.0,0.9999,0.0457,2174.0,624.846,1549.15,32.3118,0.983208,51.1134,0.422118,1.0,-999,-999,24148.55037,24131.15763,1410191.0,59661261.0
27166,6.449,LH2,-1.165,31.278,2.766,8.275,PI+SIDIS,0.22,2.2,0.5,2.0,54.028,31.046,53.756,30.889,47.411,27.243,263.268,151.279,73.787,42.399,0.9998,0.9985,0.9771,0.9789,-1.0,-1.0,-1.0,-1.0,-1.0,1.0,0.99989,0.0459,2296.0,683.231,1612.77,30.776,0.924785,51.1753,0.414652,1.0,-999,-999,26425.3801,26406.8479,1542683.0,65033360.0
27167,6.449,LH2,-1.165,31.278,2.766,8.275,PI+SIDIS,0.22,2.2,0.5,2.0,53.624,30.894,53.361,30.742,46.948,27.048,261.649,150.742,73.136,42.135,0.9999,0.9983,0.9801,0.9785,-1.0,-1.0,-1.0,-1.0,-1.0,1.0,0.99987,0.046,2401.0,679.615,1721.38,33.1022,0.952471,51.1558,0.423427,1.0,-999,-999,26229.90844,26210.84556,1530154.0,64402789.0
27168,6.449,LH2,-1.165,31.278,2.766,8.275,PI+SIDIS,0.22,2.2,0.5,2.0,54.418,30.944,54.155,30.795,47.844,27.206,265.528,150.989,74.616,42.43,0.9999,0.9987,0.9789,0.9794,-1.0,-1.0,-1.0,-1.0,-1.0,1.0,0.9999,0.0461,2423.0,687.692,1735.31,32.8501,0.941947,51.0435,0.426107,1.0,-999,-999,26681.52621,26662.07979,1554991.0,65512051.0
27169,6.449,LH2,-1.165,31.278,2.766,8.275,PI+SIDIS,0.22,2.2,0.5,2.0,48.939,30.863,48.719,30.724,43.122,27.194,239.061,150.76,67.234,42.4,0.9999,0.9986,0.9789,0.9787,-1.0,-1.0,-1.0,-1.0,-1.0,1.0,0.99989,0.046,2151.0,614.923,1536.08,32.3471,0.987337,51.0429,0.415664,1.0,-999,-999,23944.08316,23924.82484,1396464.0,59042230.0
27170,6.449,LH2,-1.165,31.278,2.766,8.275,PI+SIDIS,0.22,2.2,0.5,2.0,46.171,30.615,45.971,30.482,40.714,26.997,225.922,149.804,63.461,42.079,0.9998,0.9987,0.9803,0.9793,-1.0,-1.0,-1.0,-1.0,-1.0,1.0,0.99992,0.0458,2130.0,584.385,1545.62,34.4763,1.04026,51.016,0.427142,1.0,-999,-999,22589.52545,22572.97755,1321785.0,55787265.0
27171,6.449,LH2,-1.165,31.278,2.766,8.275,PI+SIDIS,0.22,2.2,0.5,2.0,55.979,31.172,55.686,31.009,49.323,27.466,272.989,152.013,76.859,42.799,0.9998,0.9987,0.9685,0.968,-1.0,-1.0,-1.0,-1.0,1.0,-1.0,0.99152,0.0461,3410.0,1509.83,1900.17,35.5595,1.13241,51.0054,0.410379,1.0,-999,-999,27378.31153,27358.75047,1599925.0,67621810.0
27172,6.449,LH2,-1.165,31.278,2.766,8.275,PI+SIDIS,0.22,2.2,0.5,2.0,32.358,31.165,32.189,31.002,28.503,27.452,158.17,152.339,44.414,42.776,0.9998,0.9987,0.9786,0.9811,-1.0,-1.0,-1.0,-1.0,-1.0,1.0,0.99992,0.046,1390.0,412.231,977.769,31.0898,1.19891,50.9993,0.440912,1.0,-999,-999,15800.91767,15789.38633,924778.0,39053524.0
27173,6.449,LH2,-1.165,31.278,2.766,8.275,PI+SIDIS,0.22,2.2,0.5,2.0,30.519,31.031,30.363,30.872,26.884,27.335,148.93,151.427,41.881,42.584,0.9999,0.9985,0.9759,0.9803,-1.0,-1.0,-1.0,-1.0,-1.0,1.0,0.9999,0.046,1349.0,392.0,957.0,32.2824,1.25274,51.0169,0.414267,1.0,-999,-999,4.9999999999999994e+75,-4.9999999999999994e+75,873419.0,36835513.0
27174,6.449,LH2,-1.165,31.278,2.766,8.275,HMSDIS,0.22,2.2,0.5,2.0,27589.267,30.98,27451.817,30.825,24302.142,27.288,134810.92,151.377,37857.334,42.509,0.9998,0.9987,-999,-999,-1.0,-1.0,-1.0,1.0,-1.0,-1.0,-999,95.4118,-999,-999,-999,-999,-999,-999,-999,1.0,-999,-999,-999,-999,789180.0,33301848.0
27175,6.449,LH2,-1.165,31.278,2.766,8.275,HMSDIS,0.22,2.2,0.5,2.0,27607.681,30.935,27474.971,30.786,24317.122,27.248,135041.819,151.316,37887.184,42.453,0.9998,0.9987,-999,-999,-1.0,-1.0,17.0,-1.0,-1.0,-1.0,-999,95.4159,-999,-999,-999,-999,-999,-999,-999,1.0,-999,-999,-999,-999,789836.0,33342469.0
27176,6.449,Dummy,-1.165,31.278,2.766,8.275,PI+SIDIS,0.22,2.2,0.5,2.0,72.616,41.1,72.302,40.922,64.069,36.263,266.775,150.993,99.851,56.515,0.9999,0.999,0.9851,0.9852,-1.0,-1.0,-1.0,-1.0,-1.0,1.0,0.99999,0.0204,795.0,145.308,649.692,9.14126,0.399497,51.0267,0.420526,1.0,-999,-999,4.9999999999999994e+75,-4.9999999999999994e+75,730862.0,23996914.0
27177,6.449,Dummy,-1.165,31.278,2.766,8.275,PI+SIDIS,0.22,2.2,0.5,2.0,69.443,40.568,69.107,40.371,61.245,35.779,256.093,149.605,95.446,55.758,0.9997,0.9991,0.9835,0.9838,-1.0,-1.0,-1.0,-1.0,-1.0,1.0,0.99998,0.0203,722.0,141.0,581.0,8.56671,0.399158,51.0581,0.417209,1.0,-999,-999,4.9999999999999994e+75,-4.9999999999999994e+75,699164.0,22959047.0
27178,6.449,Dummy,-1.165,31.278,2.766,8.275,PI+SIDIS,0.22,2.2,0.5,2.0,72.184,40.92,71.804,40.705,63.629,36.071,265.717,150.632,99.164,56.215,0.9999,0.9987,0.9859,0.9853,-1.0,-1.0,-1.0,-1.0,-1.0,1.0,0.99996,0.0203,760.0,143.0,617.0,8.74069,0.393358,51.0481,0.411252,1.0,-999,-999,4.9999999999999994e+75,-4.9999999999999994e+75,724932.0,23867831.0
27179,6.449,Dummy,-1.165,31.278,2.766,8.275,HMSDIS,0.22,2.2,0.5,2.0,41142.55,40.596,40934.349,40.391,36275.579,35.794,151349.764,149.34,56515.112,55.764,0.9999,0.999,-999,-999,-1.0,-1.0,-1.0,1.0,-1.0,-1.0,-999,97.969,-999,-999,-999,-999,-999,-999,-999,1.0,-999,-999,-999,-999,414990.0,13614231.0
27180,6.449,LH2,-1.165,31.278,2.766,8.275,PI+SIDIS,0.22,2.2,0.5,2.0,51.946,30.771,51.69,30.62,45.72,27.083,253.906,150.407,71.226,42.192,0.9998,0.9991,0.9799,0.9816,-1.0,-1.0,-1.0,-1.0,-1.0,1.0,0.99988,0.0458,2210.0,668.077,1541.92,30.5168,0.941162,51.0091,0.43506,1.0,-999,-999,4.9999999999999994e+75,-4.9999999999999994e+75,1488692.0,62986192.0
27181,6.449,LH2,-1.165,31.278,2.766,8.275,PI+SIDIS,0.22,2.2,0.5,2.0,45.888,30.824,45.676,30.681,40.398,27.136,224.657,150.904,62.932,42.272,0.9998,0.999,0.9802,0.9822,-1.0,-1.0,-1.0,-1.0,-1.0,1.0,0.99988,0.0458,2086.0,593.077,1492.92,33.4176,1.03346,51.0092,0.42542,1.0,-999,-999,4.9999999999999994e+75,-4.9999999999999994e+75,1314235.0,55622568.0
27182,6.449,LH2,-1.165,31.278,2.766,8.275,PI+SIDIS,0.22,2.2,0.5,2.0,55.06,31.034,54.776,30.874,48.453,27.31,269.465,151.881,75.471,42.538,0.9998,0.9989,0.9816,0.9819,-1.0,-1.0,-1.0,-1.0,-1.0,1.0,0.99993,0.0458,2474.0,691.538,1782.46,33.2794,0.938588,51.0239,0.426532,1.0,-999,-999,4.9999999999999994e+75,-4.9999999999999994e+75,1575093.0,66654753.0
27183,6.449,LH2,-1.165,31.278,2.766,8.275,PI+SIDIS,0.22,2.2,0.5,2.0,56.852,30.833,56.537,30.662,50.024,27.13,278.02,150.781,77.906,42.251,0.9999,0.9992,0.9797,0.9821,-1.0,-1.0,-1.0,-1.0,-1.0,1.0,1.00054,0.0458,2570.0,723.231,1846.77,33.3961,0.926616,51.017,0.428601,1.0,-999,-999,4.9999999999999994e+75,-4.9999999999999994e+75,1626308.0,68738424.0
27184,6.449,LH2,-1.165,31.278,2.766,8.275,PI+SIDIS,0.22,2.2,0.5,2.0,56.783,30.862,56.482,30.699,49.989,27.17,278.073,151.136,77.856,42.316,0.9998,0.999,0.9824,0.9824,-1.0,-1.0,-1.0,-1.0,-1.0,1.0,0.99992,0.0457,2482.0,713.308,1768.69,32.0082,0.911503,51.0375,0.436389,1.0,-999,-999,4.9999999999999994e+75,-4.9999999999999994e+75,1623409.0,68663296.0
27185,6.449,LH2,-1.165,31.278,2.766,8.275,PI+SIDIS,0.22,2.2,0.5,2.0,59.6,31.122,59.302,30.966,52.478,27.402,291.741,152.339,81.732,42.678,0.9998,0.9991,0.9832,0.983,-1.0,-1.0,-1.0,-1.0,-1.0,1.0,0.9999,0.0458,2674.0,763.154,1910.85,32.9164,0.9005,50.9998,0.437003,1.0,-999,-999,4.9999999999999994e+75,-4.9999999999999994e+75,1705165.0,72121035.0
27186,6.449,Dummy,-1.165,31.278,2.766,8.275,PI+SIDIS,0.22,2.2,0.5,2.0,76.157,40.848,75.81,40.662,67.197,36.042,280.832,150.628,104.687,56.15,0.9998,0.9993,0.9861,0.9842,-1.0,-1.0,-1.0,-1.0,-1.0,1.0,0.99998,0.0203,799.0,151.077,647.923,8.7044,0.382494,51.0465,0.399428,1.0,-999,-999,4.9999999999999994e+75,-4.9999999999999994e+75,767753.0,25252988.0
27187,6.449,Dummy,-1.165,31.278,2.766,8.275,PI+SIDIS,0.22,2.2,0.5,2.0,52.399,40.548,52.125,40.336,46.243,35.784,193.457,149.704,72.035,55.743,0.9999,0.9993,0.9852,0.9848,-1.0,-1.0,-1.0,-1.0,-1.0,1.0,0.99994,0.0203,575.0,109.769,465.231,9.08521,0.4717,51.0285,0.429351,1.0,-999,-999,4.9999999999999994e+75,-4.9999999999999994e+75,526993.0,17381953.0
27188,6.449,Dummy,-1.165,31.278,2.766,8.275,PI+SIDIS,0.22,2.2,0.5,2.0,94.898,40.89,94.427,40.688,83.843,36.127,349.562,150.622,130.583,56.266,0.9998,0.9989,0.986,0.986,-1.0,-1.0,-1.0,-1.0,-1.0,1.0,0.99997,0.0203,1051.0,194.538,856.462,9.22069,0.351501,51.0419,0.420885,1.0,-999,-999,4.9999999999999994e+75,-4.9999999999999994e+75,957078.0,31579241.0
27189,6.449,LH2,-1.165,44.83,5.154,10.24,PI+SIDIS,0.44,4.4,0.9,2.0,39.375,46.561,39.25,46.413,34.606,40.921,121.163,143.275,53.873,63.705,0.9987,1.0,0.9872,0.983,-1.0,-1.0,-1.0,-1.0,-1.0,1.0,1.0,0.0042,132.0,2.0,130.0,3.38244,0.299107,51.0683,0.729449,1.0,-999,-999,4.9999999999999994e+75,-4.9999999999999994e+75,139216.0,5095360.0
27190,6.449,LH2,-1.165,44.83,5.154,10.24,PI+SIDIS,0.44,4.4,0.9,2.0,83.56,50.743,83.26,50.561,73.746,44.783,247.919,150.553,114.955,69.808,1.0,0.9993,0.9949,0.981,-1.0,-1.0,-1.0,-1.0,-1.0,1.0,1.0,0.0042,272.0,5.23077,266.769,3.27183,0.202423,51.1215,0.381671,1.0,-999,-999,4.9999999999999994e+75,-4.9999999999999994e+75,293426.0,10826295.0
27191,6.449,LH2,-1.165,44.83,5.154,10.24,PI+SIDIS,0.44,4.4,0.9,2.0,104.978,54.313,104.606,54.12,93.021,48.126,290.957,150.533,144.949,74.992,0.9995,0.9995,0.996,0.9825,-1.0,-1.0,-1.0,-1.0,-1.0,1.0,0.99997,0.0045,348.0,5.07692,342.923,3.34308,0.181963,51.0422,0.417237,1.0,-999,-999,4.9999999999999994e+75,-4.9999999999999994e+75,368399.0,13648989.0
27192,6.449,LH2,-1.165,44.83,5.154,10.24,HMSDIS,0.44,4.4,0.9,2.0,49816.134,55.732,49667.423,55.566,44228.382,49.481,134606.027,150.592,68895.559,77.078,0.9999,0.9993,-999,-999,-1.0,-1.0,-1.0,1.0,-1.0,-1.0,-999,99.5362,-999,-999,-999,-999,-999,-999,-999,1.0,-999,-999,-999,-999,174835.0,6480116.0
27194,6.449,LH2,-1.165,44.83,5.154,10.24,HMSDIS,0.44,4.4,0.9,2.0,37118.127,56.147,37016.072,55.993,32774.277,49.577,100069.095,151.371,50988.913,77.129,0.9999,0.9992,-999,-999,-1.0,-1.0,5.0,-1.0,-1.0,-1.0,-999,99.5352,-999,-999,-999,-999,-999,-999,-999,1.0,-999,-999,-999,-999,130418.0,4820427.0
27195,6.449,Dummy,-1.165,44.83,5.154,10.24,PI+SIDIS,0.44,4.4,0.9,2.0,62.46,41.278,62.194,41.103,54.692,36.145,229.736,151.828,85.189,56.3,1.0,1.0,1.0,0.9755,-1.0,-1.0,-1.0,-1.0,-1.0,1.0,1.0,0.0008,34.0,0.0,34.0,0.562012,0.0963842,51.2025,0.536531,1.0,-999,-999,4.9999999999999994e+75,-4.9999999999999994e+75,79859.0,1725365.0
27196,6.449,Dummy,-1.165,44.83,5.154,10.24,PI+SIDIS,0.44,4.4,0.9,2.0,70.297,41.203,69.936,40.992,61.913,36.289,258.334,151.417,96.475,56.547,0.9932,0.9925,0.9231,0.9895,-1.0,-1.0,-1.0,-1.0,-1.0,1.0,1.0,0.0008,36.0,0.230769,35.7692,0.52171,0.0875343,51.0897,0.503552,1.0,-999,-999,4.9999999999999994e+75,-4.9999999999999994e+75,89206.0,1950303.0
27197,6.449,Dummy,-1.165,44.83,5.154,10.24,HMSDIS,0.44,4.4,0.9,2.0,36507.947,41.577,36319.804,41.362,32203.258,36.674,133766.344,152.338,50176.202,57.143,0.9998,0.9992,-999,-999,-1.0,-1.0,-1.0,1.0,-1.0,-1.0,-999,99.918,-999,-999,-999,-999,-999,-999,-999,1.0,-999,-999,-999,-999,46595.0,1008402.0
27198,6.449,LH2,-1.165,44.83,5.154,10.24,PI+SIDIS,0.44,4.4,0.9,2.0,90.278,55.021,90.005,54.854,80.105,48.821,245.491,149.616,124.732,76.019,1.0,0.9989,0.9957,0.9846,-1.0,-1.0,-1.0,-1.0,-1.0,1.0,1.0,0.0046,285.0,4.23077,280.769,3.17292,0.190889,51.0288,0.400489,1.0,-999,-999,4.9999999999999994e+75,-4.9999999999999994e+75,316906.0,11771697.0
27199,6.449,LH2,-1.165,44.83,5.154,10.24,PI+SIDIS,0.44,4.4,0.9,2.0,99.527,56.553,99.268,56.406,87.76,49.867,267.56,152.033,136.458,77.538,0.9995,0.9978,0.9847,0.9861,-1.0,-1.0,-1.0,-1.0,-1.0,1.0,1.0,0.0047,328.0,5.53846,322.462,3.30022,0.185474,51.0886,0.392364,1.0,-999,-999,4.9999999999999994e+75,-4.9999999999999994e+75,348108.0,12933504.0
27200,6.449,Dummy,-1.165,44.83,5.154,10.24,PI+SIDIS,0.44,4.4,0.9,2.0,74.092,41.14,73.78,40.967,64.813,35.988,272.602,151.364,100.927,56.041,1.0,0.9923,1.0,0.9888,-1.0,-1.0,-1.0,-1.0,-1.0,1.0,1.0,0.0008,38.0,0.384615,37.6154,0.516895,0.0847417,51.1347,0.362948,1.0,-999,-999,4.9999999999999994e+75,-4.9999999999999994e+75,94016.0,2042650.0
27201,6.449,LH2,-1.165,44.83,3.837,10.24,PI+SIDIS,0.44,4.4,0.67,2.0,108.724,60.553,108.425,60.386,96.252,53.606,269.879,150.306,150.017,83.551,0.9999,0.9984,0.9814,0.9841,-1.0,-1.0,-1.0,-1.0,-1.0,1.0,0.99997,0.0206,548.0,49.3846,498.615,4.68611,0.220769,51.0873,0.424946,1.0,-999,-999,4.9999999999999994e+75,-4.9999999999999994e+75,379654.0,62999758.0
27202,6.449,LH2,-1.165,44.83,3.837,10.24,PI+SIDIS,0.44,4.4,0.67,2.0,106.911,65.326,106.771,65.24,94.412,57.688,245.589,150.062,146.429,89.472,0.9999,0.9987,0.9851,0.9801,-1.0,-1.0,-1.0,-1.0,-1.0,1.0,0.99998,0.0224,499.0,51.6923,447.308,4.28684,0.214934,51.089,0.442576,1.0,-999,-999,4.9999999999999994e+75,-4.9999999999999994e+75,370920.0,61850234.0
27203,6.449,LH2,-1.165,44.83,3.837,10.24,PI+SIDIS,0.44,4.4,0.67,2.0,116.342,67.15,116.495,67.239,98.13,56.639,257.764,148.776,150.442,86.832,0.9998,0.9988,0.985,0.9804,-1.0,-1.0,-1.0,-1.0,-1.0,1.0,1.0,0.0237,532.0,61.6154,470.385,4.13142,0.203483,51.2178,0.449757,1.0,-999,-999,4.9999999999999994e+75,-4.9999999999999994e+75,402667.0,65580924.0
27204,6.449,LH2,-1.165,44.83,3.837,10.24,PI+SIDIS,0.44,4.4,0.67,2.0,127.775,70.403,128.255,70.668,104.877,57.787,275.542,151.823,162.231,89.388,0.9999,0.9988,0.9822,0.9817,-1.0,-1.0,-1.0,-1.0,-1.0,1.0,0.99995,0.0243,582.0,65.5385,516.462,4.11413,0.193008,50.9978,0.854658,1.0,-999,-999,4.9999999999999994e+75,-4.9999999999999994e+75,438689.0,70823873.0
27206,6.449,LH2,-1.165,44.83,3.837,10.24,PI+SIDIS,0.44,4.4,0.67,2.0,118.721,69.736,119.15,69.989,95.333,55.998,257.67,151.355,148.474,87.213,0.9999,0.9997,0.9852,0.98,-1.0,-1.0,-1.0,-1.0,-1.0,1.0,0.99999,0.0242,481.0,64.9231,416.077,3.57392,0.189359,50.1775,1.11673,1.0,-999,-999,4.9999999999999994e+75,-4.9999999999999994e+75,409437.0,64210674.0
27208,6.449,LH2,-1.165,44.83,3.837,10.24,PI+SIDIS,0.44,4.4,0.67,2.0,104.53,65.173,104.812,65.349,84.932,52.954,235.392,146.763,132.022,82.314,0.9998,0.999,0.9879,0.9792,-1.0,-1.0,-1.0,-1.0,-1.0,1.0,0.99998,0.0235,494.0,53.0769,440.923,4.30987,0.218149,49.6336,0.485255,1.0,-999,-999,4.9999999999999994e+75,-4.9999999999999994e+75,360289.0,57588239.0
27209,6.449,LH2,-1.165,44.83,3.837,10.24,PI+SIDIS,0.44,4.4,0.67,2.0,120.521,69.603,120.965,69.86,96.662,55.824,261.761,151.172,150.578,86.962,0.9999,0.9989,0.9831,0.9816,-1.0,-1.0,-1.0,-1.0,-1.0,1.0,0.99999,0.024,505.0,63.0,442.0,3.7335,0.190728,49.2078,0.566948,1.0,-999,-999,4.9999999999999994e+75,-4.9999999999999994e+75,416877.0,66321511.0
27210,6.449,LH2,-1.165,44.83,3.837,10.24,PI+SIDIS,0.44,4.4,0.67,2.0,114.193,68.495,114.636,68.761,90.233,54.124,250.02,149.968,139.54,83.699,0.9999,0.9984,0.9802,0.981,-1.0,-1.0,-1.0,-1.0,-1.0,1.0,0.99997,0.024,515.0,62.0769,452.923,4.03958,0.203338,49.7159,0.554037,1.0,-999,-999,4.9999999999999994e+75,-4.9999999999999994e+75,392625.0,62420895.0
27211,6.449,LH2,-1.165,44.83,3.837,10.24,PI+SIDIS,0.44,4.4,0.67,2.0,108.721,67.899,109.015,68.082,88.323,55.159,239.138,149.347,141.445,88.335,0.9997,0.9982,0.9859,0.9786,-1.0,-1.0,-1.0,-1.0,-1.0,1.0,0.99999,0.0239,490.0,54.0769,435.923,4.0994,0.209047,49.9391,0.464296,1.0,-999,-999,4.9999999999999994e+75,-4.9999999999999994e+75,375958.0,60233388.0
27212,6.449,LH2,-1.165,44.83,3.837,10.24,PI+SIDIS,0.44,4.4,0.67,2.0,107.883,68.813,108.003,68.889,92.039,58.707,235.786,150.396,143.698,91.657,1.0,0.999,0.9835,0.977,-1.0,-1.0,-1.0,-1.0,-1.0,1.0,1.0,0.0237,429.0,56.0769,372.923,3.54456,0.197854,49.8657,0.466448,1.0,-999,-999,4.9999999999999994e+75,-4.9999999999999994e+75,372927.0,61627641.0
27213,6.449,LH2,-1.165,44.83,3.837,10.24,PI+SIDIS,0.44,4.4,0.67,2.0,120.007,68.844,120.138,68.919,103.096,59.143,262.111,150.365,159.966,91.767,0.9997,0.9991,0.9781,0.9747,-1.0,-1.0,-1.0,-1.0,1.0,-1.0,0.99974,0.0237,585.0,62.6154,522.385,4.62447,0.214996,50.0387,0.411104,1.0,-999,-999,4.9999999999999994e+75,-4.9999999999999994e+75,414068.0,68463294.0
27214,6.449,LH2,-1.165,44.83,3.837,10.24,HMSDIS,0.44,4.4,0.67,2.0,61620.157,69.002,61705.906,69.098,52863.522,59.197,134535.943,150.653,82129.408,91.968,0.9999,0.9989,-999,-999,-1.0,-1.0,-1.0,1.0,-1.0,-1.0,-999,97.6274,-999,-999,-999,-999,-999,-999,-999,1.0,-999,-999,-999,-999,212799.0,35112786.0
27215,6.449,LH2,-1.165,44.83,3.837,10.24,HMSDIS,0.44,4.4,0.67,2.0,68089.25,70.78,68210.69,70.906,59066.279,61.4,146565.084,152.356,90625.828,94.207,0.9999,0.9991,-999,-999,-1.0,-1.0,5.0,-1.0,-1.0,-1.0,-999,97.6015,-999,-999,-999,-999,-999,-999,-999,1.0,-999,-999,-999,-999,234964.0,38788667.0
27216,6.449,Dummy,-1.165,44.83,3.837,10.24,PI+SIDIS,0.44,4.4,0.67,2.0,71.693,40.282,71.523,40.186,62.535,35.136,269.483,151.413,97.461,54.76,1.0,1.0,0.9825,0.9752,-1.0,-1.0,-1.0,-1.0,-1.0,1.0,1.0,0.0034,78.0,1.61538,76.3846,1.09815,0.127072,50.0,0.424674,1.0,-999,-999,4.9999999999999994e+75,-4.9999999999999994e+75,91421.0,8765529.0
27217,6.449,Dummy,-1.165,44.83,3.837,10.24,PI+SIDIS,0.44,4.4,0.67,2.0,74.486,40.625,74.26,40.502,65.019,35.461,279.34,152.352,101.256,55.225,1.0,1.0,0.9865,0.9745,-1.0,-1.0,-1.0,-1.0,-1.0,1.0,1.0,0.0034,82.0,0.769231,81.2308,1.12551,0.125514,49.864,0.439608,1.0,-999,-999,4.9999999999999994e+75,-4.9999999999999994e+75,94135.0,9123723.0
27218,6.449,Dummy,-1.165,44.83,3.837,10.24,PI+SIDIS,0.44,4.4,0.67,2.0,66.21,40.088,65.965,39.939,57.813,35.004,248.848,150.668,89.974,54.475,1.0,0.9959,0.9722,0.9694,-1.0,-1.0,-1.0,-1.0,-1.0,1.0,1.0,0.0034,66.0,0.615385,65.3846,1.02547,0.127461,49.9646,0.433765,1.0,-999,-999,4.9999999999999994e+75,-4.9999999999999994e+75,84673.0,8112886.0
27219,6.449,Dummy,-1.165,44.83,3.837,10.24,PI+SIDIS,0.44,4.4,0.67,2.0,66.061,39.817,65.832,39.679,57.718,34.788,248.876,150.005,89.819,54.137,1.0,0.9981,0.9861,0.9702,-1.0,-1.0,-1.0,-1.0,-1.0,1.0,1.0,0.0034,70.0,1.15385,68.8462,1.08101,0.131454,49.799,0.296177,1.0,-999,-999,32354.73789,32331.66511,84437.0,8119166.0
27220,6.449,Dummy,-1.165,44.83,3.837,10.24,HMSDIS,0.44,4.4,0.67,2.0,37678.254,40.594,37554.603,40.46,32932.229,35.48,141409.236,152.35,51236.852,55.201,0.9999,0.9992,-999,-999,-1.0,-1.0,-1.0,1.0,-1.0,-1.0,-999,99.6595,-999,-999,-999,-999,-999,-999,-999,1.0,-999,-999,-999,-999,47742.0,4637570.0
27221,6.449,LH2,-1.165,44.83,3.837,10.24,PI+SIDIS,0.44,4.4,0.67,2.0,74.176,62.868,74.216,62.902,65.179,55.242,170.103,144.171,98.353,83.359,1.0,0.9985,0.9876,0.9812,-1.0,-1.0,-1.0,-1.0,-1.0,1.0,1.0,0.0232,348.0,38.0769,309.923,4.2713,0.258176,49.7921,0.456881,1.0,-999,-999,36423.77113,36393.03387,256561.0,42343860.0
27222,6.449,LH2,-1.165,44.83,3.837,10.24,PI+SIDIS,0.44,4.4,0.67,2.0,112.766,67.976,112.829,68.014,99.12,59.751,247.69,149.31,150.007,90.426,1.0,0.9993,0.9784,0.9813,-1.0,-1.0,-1.0,-1.0,-1.0,1.0,1.0,0.0238,511.0,59.3846,451.615,4.09066,0.205668,49.7711,0.407519,1.0,-999,-999,55454.66565,55414.11735,389286.0,64414433.0
27223,6.449,LH2,-1.165,44.83,3.837,10.24,PI+SIDIS,0.44,4.4,0.67,2.0,111.67,67.467,111.647,67.453,98.162,59.306,246.552,148.959,148.27,89.58,1.0,0.9994,0.9915,0.9818,-1.0,-1.0,-1.0,-1.0,-1.0,1.0,0.99999,0.0237,560.0,55.2308,504.769,4.61859,0.217346,49.6488,0.420403,1.0,-999,-999,55014.05922,54968.60878,385408.0,63619517.0
27224,6.449,LH2,-1.165,44.83,3.837,10.24,PI+SIDIS,0.44,4.4,0.67,2.0,120.71,69.211,120.695,69.202,106.208,60.895,262.974,150.779,160.531,92.042,0.9999,0.9994,0.9845,0.9799,-1.0,-1.0,-1.0,-1.0,-1.0,1.0,0.99999,0.0239,612.0,65.5385,546.462,4.63408,0.21065,49.5634,0.3988,1.0,-999,-999,59471.89251,59427.59549,415457.0,68733610.0
27225,6.449,LH2,-1.165,44.83,3.837,10.24,PI+SIDIS,0.44,4.4,0.67,2.0,118.964,69.084,119.004,69.107,104.838,60.881,259.519,150.706,158.539,92.066,0.9998,0.9994,0.9892,0.9792,-1.0,-1.0,-1.0,-1.0,-1.0,1.0,1.0,0.0238,549.0,58.1538,490.846,4.22502,0.202503,49.3946,0.4178,1.0,-999,-999,58501.63722,58457.41878,408619.0,67815991.0
27226,6.449,LH2,-1.165,44.83,3.837,10.24,PI+SIDIS,0.44,4.4,0.67,2.0,120.703,69.505,120.774,69.547,106.521,61.339,262.499,151.157,160.76,92.572,0.9998,0.9994,0.9814,0.9813,-1.0,-1.0,-1.0,-1.0,-1.0,1.0,1.0,0.0238,577.0,59.3077,517.692,4.38139,0.204098,49.0874,0.449593,1.0,-999,-999,59508.94371,59465.71129,415094.0,68886307.0
27227,6.449,LH2,-1.165,44.83,3.837,10.24,PI+SIDIS,0.44,4.4,0.67,2.0,133.287,68.138,133.344,68.167,117.713,60.176,292.62,149.591,177.291,90.633,0.9999,0.9996,0.9861,0.9801,-1.0,-1.0,-1.0,-1.0,-1.0,1.0,1.0,0.0237,617.0,71.3077,545.692,4.18814,0.191486,48.2625,0.935638,1.0,-999,-999,65566.60553,65517.84047,459736.0,76168142.0
27228,6.449,LH2,-1.165,44.83,3.837,10.24,PI+SIDIS,0.44,4.4,0.67,2.0,119.273,68.575,119.22,68.544,105.344,60.566,260.814,149.951,158.681,91.231,1.0,0.9995,0.9844,0.9803,-1.0,-1.0,-1.0,-1.0,-1.0,1.0,0.99999,0.0238,527.0,59.6154,467.385,4.01052,0.197839,47.3372,0.471757,1.0,-999,-999,58599.66782,58560.13218,410812.0,68037634.0
27229,6.449,LH2,-1.165,44.83,3.837,10.24,PI+SIDIS,0.44,4.4,0.67,2.0,114.332,68.031,114.299,68.012,101.067,60.139,251.065,149.392,152.137,90.527,1.0,0.999,0.9857,0.9818,-1.0,-1.0,-1.0,-1.0,-1.0,1.0,0.99999,0.0237,547.0,59.6923,487.308,4.35515,0.209898,46.6957,0.591903,1.0,-999,-999,56174.86284,56127.51816,394458.0,65279429.0
27230,6.449,LH2,-1.165,44.83,3.837,10.24,PI+SIDIS,0.44,4.4,0.67,2.0,121.769,69.186,121.766,69.184,107.734,61.212,265.446,150.82,162.079,92.089,0.9999,0.9993,0.9876,0.9824,-1.0,-1.0,-1.0,-1.0,-1.0,1.0,0.99996,0.0238,605.0,66.1538,538.846,4.51772,0.207086,46.3235,0.571856,1.0,-999,-999,59863.44265,59818.05035,419305.0,69482412.0
27231,6.449,LH2,-1.165,44.83,3.837,10.24,PI+SIDIS,0.44,4.4,0.67,2.0,119.108,69.001,119.146,69.023,105.51,61.123,259.837,150.527,158.613,91.887,1.0,0.9993,0.9886,0.9827,-1.0,-1.0,-1.0,-1.0,-1.0,1.0,1.0,0.0238,558.0,61.6923,496.308,4.25093,0.203184,46.0034,0.662103,1.0,-999,-999,58565.50577,58521.56123,409471.0,68050842.0
27232,6.449,Dummy,-1.165,44.83,3.837,10.24,PI+SIDIS,0.44,4.4,0.67,2.0,73.639,40.563,73.407,40.435,64.989,35.798,276.568,152.343,101.31,55.805,1.0,0.9981,0.9733,0.9729,-1.0,-1.0,-1.0,-1.0,-1.0,1.0,1.0,0.0034,69.0,2.15385,66.8462,0.938505,0.116763,47.5662,0.400796,1.0,-999,-999,36090.63081,36064.09519,93370.0,9048245.0
27233,6.449,Dummy,-1.165,44.83,3.837,10.24,PI+SIDIS,0.44,4.4,0.67,2.0,64.457,39.556,64.198,39.397,56.895,34.916,243.285,149.299,88.707,54.438,1.0,1.0,0.9492,0.9761,-1.0,-1.0,-1.0,-1.0,-1.0,1.0,1.0,0.0034,46.0,1.30769,44.6923,0.715378,0.108682,48.4512,0.416494,1.0,-999,-999,31545.64919,31519.72581,82081.0,7933004.0
27234,6.449,Dummy,-1.165,44.83,3.837,10.24,PI+SIDIS,0.44,4.4,0.67,2.0,63.428,39.632,63.177,39.475,56.043,35.018,239.549,149.678,87.383,54.6,1.0,1.0,1.0,0.9741,-1.0,-1.0,-1.0,-1.0,-1.0,1.0,1.0,0.0034,57.0,1.15385,55.8462,0.910311,0.123161,49.3879,0.399327,1.0,-999,-999,31127.71897,31103.17503,80991.0,7824397.0
27235,6.449,Dummy,-1.165,44.83,3.837,10.24,PI+SIDIS,0.44,4.4,0.67,2.0,69.228,40.023,68.965,39.871,61.208,35.387,260.716,150.73,95.431,55.173,0.9973,1.0,0.9634,0.9762,-1.0,-1.0,-1.0,-1.0,-1.0,1.0,1.0,0.0034,61.0,1.38462,59.6154,0.890429,0.116757,49.75,0.356987,1.0,-999,-999,33901.95809,33876.51691,88469.0,8547743.0
27236,6.449,LD2,-1.165,44.83,2.978,10.24,PI+SIDIS,0.44,4.4,0.52,2.0,24.411,23.798,24.322,23.711,21.576,21.034,135.249,131.851,33.622,32.777,0.9998,0.9988,0.9811,0.9809,-1.0,-1.0,-1.0,-1.0,-1.0,1.0,0.99997,0.0397,208.0,45.4615,162.538,6.83753,0.61178,49.8396,0.447648,1.0,-999,-999,11981.16614,11972.28786,158195.0,38883064.0
27237,6.449,LD2,-1.165,44.83,2.978,10.24,PI+SIDIS,0.44,4.4,0.52,2.0,50.101,29.168,49.879,29.039,44.29,25.786,259.228,150.921,69.056,40.204,0.9998,0.9993,0.9808,0.9799,-1.0,-1.0,-1.0,-1.0,-1.0,1.0,0.99999,0.0472,443.0,105.846,337.154,6.92522,0.436277,49.9025,0.424638,1.0,-999,-999,24514.9075,24496.7325,319612.0,80511551.0
27238,6.449,LD2,-1.165,44.83,2.978,10.24,PI+SIDIS,0.44,4.4,0.52,2.0,49.088,29.05,48.889,28.932,43.437,25.706,254.136,150.396,67.735,40.085,0.9998,0.9993,0.983,0.9809,-1.0,-1.0,-1.0,-1.0,-1.0,1.0,0.99994,0.0472,466.0,116.077,349.923,7.32599,0.456255,49.97,0.41005,1.0,-999,-999,24031.09972,24013.21128,315334.0,78776922.0
27239,6.449,LD2,-1.165,44.83,2.978,10.24,PI+SIDIS,0.44,4.4,0.52,2.0,47.454,29.055,47.27,28.942,42.019,25.727,245.703,150.438,65.534,40.125,1.0,0.999,0.9806,0.9821,-1.0,-1.0,-1.0,-1.0,-1.0,1.0,0.99996,0.0472,438.0,102.692,335.308,7.25,0.456576,50.0154,0.434071,1.0,-999,-999,23229.93828,23213.19072,303986.0,76159128.0
27240,6.449,LD2,-1.165,44.83,2.978,10.24,PI+SIDIS,0.44,4.4,0.52,2.0,53.354,29.242,53.163,29.137,47.215,25.877,276.206,151.381,73.567,40.32,0.9998,0.9993,0.9829,0.9816,-1.0,-1.0,-1.0,-1.0,-1.0,1.0,0.99995,0.0473,525.0,119.692,405.308,7.79778,0.444673,50.0566,0.394492,1.0,-999,-999,26137.9275,26117.2725,343081.0,85564232.0
27241,6.449,LD2,-1.165,44.83,2.978,10.24,PI+SIDIS,0.44,4.4,0.52,2.0,52.801,29.076,52.627,28.98,46.374,25.536,273.638,150.683,71.99,39.642,0.9999,0.9993,0.9808,0.9801,-1.0,-1.0,-1.0,-1.0,-1.0,1.0,0.99996,0.0473,466.0,113.0,353.0,6.87046,0.42405,50.091,0.44638,1.0,-999,-999,25920.80352,25900.68948,339357.0,84341388.0
27242,6.449,LD2,-1.165,44.83,2.978,10.24,PI+SIDIS,0.44,4.4,0.52,2.0,51.177,29.334,50.977,29.219,44.956,25.768,265.057,151.924,69.938,40.087,0.9995,0.9989,0.9833,0.981,-1.0,-1.0,-1.0,-1.0,-1.0,1.0,0.99993,0.0474,471.0,113.154,357.846,7.18638,0.439846,50.0984,0.40849,1.0,-999,-999,25063.27934,25045.11266,328362.0,81677435.0
27243,6.449,LD2,-1.165,44.83,2.978,10.24,PI+SIDIS,0.44,4.4,0.52,2.0,51.241,29.217,51.015,29.089,45.178,25.76,264.931,151.062,70.422,40.155,1.0,0.9989,0.9815,0.9814,-1.0,-1.0,-1.0,-1.0,-1.0,1.0,0.99995,0.0473,454.0,112.308,341.692,6.85075,0.431245,50.1014,0.41501,1.0,-999,-999,25077.31961,25059.48439,328623.0,81967908.0
27244,6.449,LD2,-1.165,44.83,2.978,10.24,PI+SIDIS,0.44,4.4,0.52,2.0,52.991,29.161,52.776,29.043,46.855,25.785,274.185,150.886,73.038,40.193,0.9998,0.999,0.984,0.9814,-1.0,-1.0,-1.0,-1.0,-1.0,1.0,0.99994,0.0472,511.0,113.615,397.385,7.70299,0.441917,50.0618,0.418083,1.0,-999,-999,25947.59525,25927.38075,340854.0,84950981.0
27245,6.449,LD2,-1.165,44.83,2.978,10.24,PI+SIDIS,0.44,4.4,0.52,2.0,49.028,28.768,48.84,28.658,43.312,25.414,253.837,148.944,67.42,39.56,0.9999,0.9988,0.9815,0.9815,-1.0,-1.0,-1.0,-1.0,-1.0,1.0,0.99996,0.0471,454.0,106.385,347.615,7.27992,0.450231,50.0981,0.417419,1.0,-999,-999,23999.44866,23982.24434,315268.0,78571754.0
27246,6.449,LD2,-1.165,44.83,2.978,10.24,PI+SIDIS,0.44,4.4,0.52,2.0,49.462,29.121,49.286,29.017,43.402,25.553,255.669,150.528,67.364,39.661,0.9999,0.9987,0.9815,0.9817,-1.0,-1.0,-1.0,-1.0,-1.0,1.0,0.99995,0.0474,410.0,108.231,301.769,6.26126,0.424369,50.1191,0.405575,1.0,-999,-999,24226.77478,24210.94922,317705.0,79041729.0
27247,6.449,LD2,-1.165,44.83,2.978,10.24,HMSDIS,0.44,4.4,0.52,2.0,23795.846,29.116,23713.207,29.015,20898.263,25.571,123229.824,150.783,32501.517,39.769,0.9999,0.999,-999,-999,-1.0,-1.0,-1.0,1.0,-1.0,-1.0,-999,95.2776,-999,-999,-999,-999,-999,-999,-999,1.0,-999,-999,-999,-999,152522.0,38020294.0
27248,6.449,LD2,-1.165,44.83,2.978,10.24,HMSDIS,0.44,4.4,0.52,2.0,24924.293,29.073,24833.526,28.967,21947.319,25.6,129027.634,150.502,34199.335,39.891,0.9999,0.999,-999,-999,-1.0,-1.0,9.0,-1.0,-1.0,-1.0,-999,95.2779,-999,-999,-999,-999,-999,-999,-999,1.0,-999,-999,-999,-999,160148.0,39903763.0
27249,6.449,LH2,-1.165,44.83,2.978,10.24,PI+SIDIS,0.44,4.4,0.52,2.0,106.516,60.142,106.269,60.002,94.89,53.577,268.018,151.329,147.89,83.502,0.9999,0.9989,0.9827,0.9762,-1.0,-1.0,-1.0,-1.0,-1.0,1.0,1.0,0.0491,610.0,137.692,472.308,4.57571,0.241344,50.0156,0.412627,1.0,-999,-999,52243.82927,52205.56473,371660.0,86996766.0
27250,6.449,LH2,-1.165,44.83,2.978,10.24,PI+SIDIS,0.44,4.4,0.52,2.0,104.72,59.764,104.508,59.643,92.907,53.022,264.931,151.197,144.443,82.434,0.9998,0.9988,0.9834,0.9771,-1.0,-1.0,-1.0,-1.0,-1.0,1.0,0.99997,0.049,565.0,128.538,436.462,4.29613,0.236006,49.9823,0.432336,1.0,-999,-999,51373.80251,51335.67449,367056.0,85212373.0
27251,6.449,LH2,-1.165,44.83,2.978,10.24,PI+SIDIS,0.44,4.4,0.52,2.0,105.153,59.717,104.952,59.604,92.929,52.775,266.047,151.091,144.363,81.985,0.9999,0.9989,0.977,0.9785,-1.0,-1.0,-1.0,-1.0,-1.0,1.0,0.99998,0.049,662.0,133.154,528.846,5.17564,0.253745,50.0104,0.394154,1.0,-999,-999,51586.32959,51545.92841,366947.0,85329907.0
27252,6.449,LH2,-1.165,44.83,2.978,10.24,PI+SIDIS,0.44,4.4,0.52,2.0,114.495,60.364,114.312,60.267,101.607,53.569,288.222,151.955,158.352,83.486,0.9997,0.9989,0.9798,0.9776,-1.0,-1.0,-1.0,-1.0,-1.0,1.0,0.99999,0.0491,707.0,148.077,558.923,5.02785,0.241108,50.0092,0.428364,1.0,-999,-999,56207.4594,56165.2886,398181.0,93194537.0
27253,6.449,LH2,-1.165,44.83,2.978,10.24,PI+SIDIS,0.44,4.4,0.52,2.0,116.44,60.338,116.283,60.256,103.719,53.746,293.168,151.915,161.641,83.76,0.9998,0.9987,0.9745,0.976,-1.0,-1.0,-1.0,-1.0,-1.0,1.0,0.99996,0.0491,672.0,151.385,520.615,4.61083,0.231568,49.9854,0.413881,1.0,-999,-999,57179.70474,57137.30826,406001.0,95103223.0
27254,6.449,LH2,-1.165,44.83,2.978,10.24,PI+SIDIS,0.44,4.4,0.52,2.0,112.21,59.987,111.973,59.861,99.913,53.413,283.132,151.362,155.5,83.13,1.0,0.999,0.9817,0.976,-1.0,-1.0,-1.0,-1.0,-1.0,1.0,0.99999,0.049,640.0,142.615,497.385,4.57365,0.234612,49.9336,0.412128,1.0,-999,-999,55054.64502,55011.61598,390092.0,91591281.0
27255,6.449,LH2,-1.165,44.83,2.978,10.24,PI+SIDIS,0.44,4.4,0.52,2.0,114.317,60.123,114.056,59.986,101.132,53.189,288.313,151.633,157.051,82.598,1.0,0.999,0.9816,0.9751,-1.0,-1.0,-1.0,-1.0,-1.0,1.0,0.99996,0.0491,691.0,144.385,546.615,4.93928,0.239433,49.9832,0.420192,1.0,-999,-999,56084.62797,56041.18103,398211.0,92819335.0
27257,6.449,LH2,-1.165,44.83,2.978,10.24,PI+SIDIS,0.44,4.4,0.52,2.0,110.446,59.76,110.216,59.636,97.868,52.955,279.492,151.228,152.424,82.474,0.9998,0.9988,0.9762,0.9763,-1.0,-1.0,-1.0,-1.0,-1.0,1.0,0.99996,0.049,696.0,143.231,552.769,5.16368,0.248388,49.9716,0.433678,1.0,-999,-999,54185.6616,54146.3014,384696.0,89877813.0
27258,6.449,LH2,-1.165,44.83,2.978,10.24,PI+SIDIS,0.44,4.4,0.52,2.0,106.02,59.675,105.84,59.573,94.303,53.08,268.301,151.017,146.946,82.711,1.0,0.9985,0.9798,0.9761,-1.0,-1.0,-1.0,-1.0,-1.0,1.0,0.99995,0.0489,638.0,129.154,508.846,4.94988,0.247613,49.9063,0.449381,1.0,-999,-999,52028.93673,51990.65227,369306.0,86512971.0
27259,6.449,LH2,-1.165,44.83,2.978,10.24,PI+SIDIS,0.44,4.4,0.52,2.0,111.988,60.0,111.821,59.91,99.828,53.485,282.748,151.487,155.524,83.325,0.9999,0.9986,0.979,0.9761,-1.0,-1.0,-1.0,-1.0,-1.0,1.0,0.99997,0.049,654.0,137.308,516.692,4.75767,0.237372,49.9093,0.402975,1.0,-999,-999,54980.00719,54938.33381,389581.0,91570776.0
27261,6.449,LH2,-1.165,44.83,2.978,10.24,PI+SIDIS,0.44,4.4,0.52,2.0,111.156,60.009,110.921,59.883,98.901,53.394,280.557,151.464,153.915,83.094,0.9998,0.999,0.9709,0.9672,-1.0,-1.0,-1.0,-1.0,1.0,-1.0,0.99951,0.049,646.0,146.692,499.308,4.999,0.25668,49.8998,0.436402,1.0,-999,-999,54542.79681,54501.01419,386521.0,90807275.0
27262,6.449,LH2,-1.165,44.83,2.978,10.24,HMSDIS,0.44,4.4,0.52,2.0,66116.647,60.189,65953.553,60.041,58407.747,53.171,166621.629,151.683,90609.574,82.486,0.9998,0.9989,-999,-999,-1.0,-1.0,-1.0,1.0,-1.0,-1.0,-999,95.0908,-999,-999,-999,-999,-999,-999,-999,1.0,-999,-999,-999,-999,230555.0,53760671.0
27264,6.449,LH2,-1.165,44.83,2.978,10.24,HMSDIS,0.44,4.4,0.52,2.0,48441.85,59.313,48330.73,59.177,42791.38,52.394,123011.931,150.617,66512.603,81.439,0.9999,0.999,-999,-999,-1.0,-1.0,5.0,-1.0,-1.0,-1.0,-999,95.1676,-999,-999,-999,-999,-999,-999,-999,1.0,-999,-999,-999,-999,166933.0,38864215.0
27265,6.449,Dummy,-1.165,44.83,2.978,10.24,PI+SIDIS,0.44,4.4,0.52,2.0,63.039,39.865,62.772,39.696,55.591,35.155,237.813,150.389,86.631,54.784,1.0,1.0,1.0,0.9675,-1.0,-1.0,-1.0,-1.0,-1.0,1.0,1.0,0.009,79.0,4.46154,74.5385,1.23191,0.147215,49.9251,0.43301,1.0,-999,-999,30846.7393,30824.9147,80259.0,11370677.0
27266,6.449,Dummy,-1.165,44.83,2.978,10.24,PI+SIDIS,0.44,4.4,0.52,2.0,71.811,40.452,71.538,40.298,63.564,35.806,269.845,152.008,99.006,55.771,1.0,1.0,0.9571,0.9695,-1.0,-1.0,-1.0,-1.0,-1.0,1.0,1.0,0.0091,66.0,5.30769,60.6923,0.877874,0.117872,49.9349,0.481522,1.0,-999,-999,35171.73734,35143.78666,91129.0,13086716.0
27267,6.449,Dummy,-1.165,44.83,2.978,10.24,PI+SIDIS,0.44,4.4,0.52,2.0,62.234,39.371,61.989,39.215,55.156,34.893,235.564,149.022,85.883,54.331,1.0,0.9992,0.9795,0.9737,-1.0,-1.0,-1.0,-1.0,-1.0,1.0,0.99996,0.009,73.0,5.07692,67.9231,1.12939,0.142445,49.9423,0.262402,1.0,-999,-999,30460.1534,30435.6986,79619.0,11347872.0
27269,6.449,Dummy,-1.165,44.83,2.978,10.24,PI+SIDIS,0.44,4.4,0.52,2.0,70.438,40.43,70.244,40.318,62.265,35.738,264.628,151.89,96.765,55.541,1.0,0.9985,0.9863,0.972,-1.0,-1.0,-1.0,-1.0,-1.0,1.0,1.0,0.0091,68.0,4.69231,63.3077,0.930132,0.121476,49.8651,0.331115,1.0,-999,-999,34532.57524,34504.23876,89966.0,12949311.0
27270,6.449,Dummy,-1.165,44.83,2.978,10.24,HMSDIS,0.44,4.4,0.52,2.0,33633.984,39.949,33546.694,39.845,29567.371,35.119,126754.702,150.553,45883.873,54.499,0.9999,0.9991,-999,-999,-1.0,-1.0,-1.0,1.0,-1.0,-1.0,-999,99.0938,-999,-999,-999,-999,-999,-999,-999,1.0,-999,-999,-999,-999,43025.0,6133288.0
27271,6.449,C,-1.165,44.83,2.978,10.24,PI+SIDIS,0.44,4.4,0.52,2.0,8.743,49.963,8.727,49.876,7.747,44.273,26.657,152.345,12.075,69.01,1.0,0.9984,0.9836,0.9775,-1.0,-1.0,-1.0,-1.0,-1.0,1.0,0.99994,0.0469,35.0,11.6923,23.3077,2.74229,0.704948,49.7906,0.569062,1.0,-999,-999,4199.24814,4196.21586,39514.0,7549581.0
27272,6.449,C,-1.165,44.83,2.978,10.24,PI+SIDIS,0.44,4.4,0.52,2.0,73.953,47.08,73.663,46.895,65.51,41.705,234.254,149.13,102.122,65.013,0.9999,0.9989,0.9836,0.9784,-1.0,-1.0,-1.0,-1.0,-1.0,1.0,0.99997,0.0451,386.0,107.231,278.769,3.88254,0.276539,49.8347,0.460391,1.0,-999,-999,36193.63489,36170.11911,334935.0,63198267.0
27273,6.449,C,-1.165,44.83,2.978,10.24,PI+SIDIS,0.44,4.4,0.52,2.0,82.731,48.286,82.421,48.105,73.488,42.892,259.708,151.58,114.518,66.839,1.0,0.9987,0.9813,0.9784,-1.0,-1.0,-1.0,-1.0,-1.0,1.0,0.99997,0.0454,446.0,115.538,330.462,4.11262,0.26543,49.7867,0.361201,1.0,-999,-999,40512.30284,40483.72516,374396.0,70625676.0
27274,6.449,C,-1.165,44.83,2.978,10.24,PI+SIDIS,0.44,4.4,0.52,2.0,74.663,47.004,74.426,46.855,66.245,41.705,236.807,149.083,103.083,64.896,1.0,0.9989,0.984,0.978,-1.0,-1.0,-1.0,-1.0,-1.0,1.0,0.99998,0.045,413.0,100.385,312.615,4.31042,0.282818,49.7666,0.377904,1.0,-999,-999,36568.95895,36543.76505,337688.0,63638094.0
27275,6.449,C,-1.165,44.83,2.978,10.24,PI+SIDIS,0.44,4.4,0.52,2.0,65.867,45.121,65.694,45.002,58.161,39.842,212.039,145.253,90.358,61.898,0.9998,0.9992,0.979,0.9794,-1.0,-1.0,-1.0,-1.0,-1.0,1.0,0.99995,0.0446,352.0,90.0769,261.923,4.08767,0.295669,49.8783,0.486182,1.0,-999,-999,32261.73148,32241.99152,298820.0,55906166.0
27276,6.449,C,-1.165,44.83,2.978,10.24,PI+SIDIS,0.44,4.4,0.52,2.0,77.59,46.437,77.375,46.308,68.696,41.114,246.987,147.821,107.071,64.082,0.9996,0.999,0.9795,0.9782,-1.0,-1.0,-1.0,-1.0,-1.0,1.0,0.99996,0.045,407.0,103.923,303.077,4.02045,0.270236,49.8216,0.446609,1.0,-999,-999,38019.84894,37995.26006,351362.0,66001455.0
27277,6.449,C,-1.165,44.83,2.978,10.24,PI+SIDIS,0.44,4.4,0.52,2.0,81.052,47.965,80.828,47.833,72.002,42.61,255.267,151.062,112.243,66.423,0.9999,0.999,0.9759,0.9785,-1.0,-1.0,-1.0,-1.0,-1.0,1.0,0.99996,0.0453,433.0,110.231,322.769,4.09609,0.266644,49.7627,0.380047,1.0,-999,-999,39726.77752,39699.68748,365818.0,69163304.0
27278,6.449,C,-1.165,44.83,2.978,10.24,PI+SIDIS,0.44,4.4,0.52,2.0,77.619,46.981,77.288,46.781,68.785,41.634,245.741,148.741,107.037,64.787,0.9998,0.9988,0.9834,0.9779,-1.0,-1.0,-1.0,-1.0,-1.0,1.0,0.99997,0.0451,412.0,106.462,305.538,4.058,0.272251,49.7688,0.386061,1.0,-999,-999,37975.32115,37948.89785,351022.0,66032621.0
27279,6.449,C,-1.165,44.83,2.978,10.24,PI+SIDIS,0.44,4.4,0.52,2.0,82.642,48.027,82.358,47.862,72.84,42.33,259.753,150.955,113.099,65.727,0.9998,0.9989,0.9788,0.9776,-1.0,-1.0,-1.0,-1.0,-1.0,1.0,0.99996,0.0455,436.0,113.692,322.308,4.01841,0.262929,49.8625,0.408264,1.0,-999,-999,40485.13659,40453.87141,373048.0,70090262.0
27280,6.449,C,-1.165,44.83,2.978,10.24,PI+SIDIS,0.44,4.4,0.52,2.0,34.844,47.617,34.73,47.461,30.64,41.872,109.883,150.165,47.585,65.029,0.9998,0.9984,0.9782,0.9789,-1.0,-1.0,-1.0,-1.0,-1.0,1.0,0.99995,0.0454,182.0,45.5385,136.462,4.02988,0.402214,49.8415,0.50803,1.0,-999,-999,17014.33612,17001.10588,157461.0,29464602.0
27281,6.449,C,-1.165,44.83,2.978,10.24,PI+SIDIS,0.44,4.4,0.52,2.0,118.349,48.082,118.017,47.947,105.115,42.705,371.997,151.131,163.707,66.509,1.0,0.9991,0.9819,0.977,-1.0,-1.0,-1.0,-1.0,-1.0,1.0,0.99995,0.0454,680.0,163.846,516.154,4.49261,0.229067,49.7376,0.416854,1.0,-999,-999,58060.73104,58012.17596,534416.0,101218166.0
27282,6.449,C,-1.165,44.83,2.978,10.24,HMSDIS,0.44,4.4,0.52,2.0,11015.741,47.216,10985.72,47.087,9751.342,41.796,34927.345,149.706,15159.115,64.975,0.9998,0.9986,-999,-999,-1.0,-1.0,-1.0,1.0,-1.0,-1.0,-999,95.4942,-999,-999,-999,-999,-999,-999,-999,1.0,-999,-999,-999,-999,49750.0,9384970.0
27283,6.449,C,-1.165,44.83,2.978,10.24,HMSDIS,0.44,4.4,0.52,2.0,38628.964,47.431,38502.605,47.276,34091.554,41.86,122008.235,149.809,52955.253,65.021,0.9998,0.9987,-999,-999,-1.0,-1.0,-1.0,1.0,-1.0,-1.0,-999,95.4763,-999,-999,-999,-999,-999,-999,-999,1.0,-999,-999,-999,-999,174963.0,32814297.0
27284,6.449,C,-1.165,44.83,2.978,10.24,HMSDIS,0.44,4.4,0.52,2.0,42321.029,47.319,42135.453,47.112,37203.279,41.597,133549.65,149.322,57776.869,64.6,0.9996,0.9987,-999,-999,-1.0,-1.0,9.0,-1.0,-1.0,-1.0,-999,95.4731,-999,-999,-999,-999,-999,-999,-999,1.0,-999,-999,-999,-999,190287.0,35802372.0
27285,6.449,Cu,-1.165,44.83,2.978,10.24,PI+SIDIS,0.44,4.4,0.52,2.0,80.765,47.813,80.491,47.65,71.66,42.423,254.059,150.402,111.689,66.12,0.9999,0.9984,0.9805,0.9736,-1.0,-1.0,-1.0,-1.0,-1.0,1.0,0.99996,0.044,269.0,91.0769,177.923,2.27824,0.212729,49.6864,0.396039,1.0,-999,-999,39558.46925,39530.53475,352085.0,63123264.0
27286,6.449,Cu,-1.165,44.83,2.978,10.24,PI+SIDIS,0.44,4.4,0.52,2.0,78.819,47.412,78.585,47.271,70.087,42.159,248.805,149.663,109.121,65.639,0.9995,0.999,0.9761,0.9747,-1.0,-1.0,-1.0,-1.0,-1.0,1.0,0.99998,0.0438,250.0,92.0769,157.923,2.06969,0.210134,49.6575,0.493627,1.0,-999,-999,38622.00078,38595.68022,344016.0,61538327.0
27287,6.449,Cu,-1.165,44.83,2.978,10.24,PI+SIDIS,0.44,4.4,0.52,2.0,76.508,47.285,76.318,47.168,67.714,41.85,241.752,149.413,105.217,65.029,0.9999,0.9982,0.9813,0.9756,-1.0,-1.0,-1.0,-1.0,-1.0,1.0,0.99992,0.0439,247.0,88.2308,158.769,2.13979,0.214704,49.7529,0.390783,1.0,-999,-999,37503.84634,37474.84966,333983.0,59550745.0
27288,6.449,Cu,-1.165,44.83,2.978,10.24,PI+SIDIS,0.44,4.4,0.52,2.0,34.842,48.204,34.751,48.077,30.716,42.496,109.242,151.134,47.704,65.997,1.0,0.9981,0.9789,0.9749,-1.0,-1.0,-1.0,-1.0,-1.0,1.0,0.99997,0.0442,112.0,43.8462,68.1538,2.01886,0.318176,49.6631,0.635558,1.0,-999,-999,17023.81567,17010.91433,152040.0,27063450.0
27289,6.449,Cu,-1.165,44.83,2.978,10.24,PI+SIDIS,0.44,4.4,0.52,2.0,135.665,47.93,135.152,47.749,120.164,42.454,425.831,150.446,187.324,66.181,0.9999,0.9983,0.9782,0.9737,-1.0,-1.0,-1.0,-1.0,-1.0,1.0,0.99995,0.0441,503.0,163.692,339.308,2.58733,0.173145,49.6938,0.418175,1.0,-999,-999,66500.29322,66452.32278,592590.0,105696918.0
27290,6.449,Cu,-1.165,44.83,2.978,10.24,PI+SIDIS,0.44,4.4,0.52,2.0,81.873,47.374,81.586,47.208,72.819,42.135,258.279,149.447,113.439,65.639,0.9998,0.9982,0.9778,0.9736,-1.0,-1.0,-1.0,-1.0,-1.0,1.0,0.99997,0.0438,282.0,98.7692,183.231,2.31506,0.215011,49.6803,0.47034,1.0,-999,-999,40095.70291,40066.37409,356900.0,63834240.0
27291,6.449,Cu,-1.165,44.83,2.978,10.24,PI+SIDIS,0.44,4.4,0.52,2.0,84.741,48.293,84.472,48.14,75.492,43.023,265.906,151.539,117.582,67.009,0.9999,0.9981,0.9823,0.9731,-1.0,-1.0,-1.0,-1.0,-1.0,1.0,0.99995,0.044,295.0,98.0769,196.923,2.40394,0.212335,49.5824,0.432524,1.0,-999,-999,41527.78113,41496.11387,369627.0,66133310.0
27292,6.449,Cu,-1.165,44.83,2.978,10.24,PI+SIDIS,0.44,4.4,0.52,2.0,67.875,46.185,67.683,46.055,60.535,41.191,216.655,147.422,94.305,64.17,0.9996,0.9984,0.978,0.9741,-1.0,-1.0,-1.0,-1.0,-1.0,1.0,0.99998,0.0434,224.0,78.1538,145.846,2.22061,0.230915,49.588,0.433985,1.0,-999,-999,33241.63793,33219.32407,296435.0,52893733.0
27293,6.449,Cu,-1.165,44.83,2.978,10.24,PI+SIDIS,0.44,4.4,0.52,2.0,78.729,47.382,78.543,47.27,70.256,42.283,248.772,149.72,109.483,65.891,1.0,0.9982,0.9792,0.9745,-1.0,-1.0,-1.0,-1.0,-1.0,1.0,0.99995,0.0438,284.0,94.7692,189.231,2.48064,0.223735,49.5547,0.421643,1.0,-999,-999,38603.00438,38574.02662,343563.0,61501273.0
27294,6.449,Cu,-1.165,44.83,2.978,10.24,PI+SIDIS,0.44,4.4,0.52,2.0,81.212,48.028,81.012,47.91,72.256,42.732,255.2,150.923,112.477,66.518,0.9998,0.9981,0.978,0.973,-1.0,-1.0,-1.0,-1.0,-1.0,1.0,0.99994,0.044,275.0,92.0,183.0,2.32994,0.213834,49.5406,0.423998,1.0,-999,-999,39819.74089,39789.80111,354804.0,63428237.0
27295,6.449,Cu,-1.165,44.83,2.978,10.24,HMSDIS,0.44,4.4,0.52,2.0,43889.9,47.786,43722.992,47.604,38733.463,42.171,137890.233,150.129,60087.717,65.421,0.9998,0.9983,-999,-999,-1.0,-1.0,-1.0,1.0,-1.0,-1.0,-999,95.5941,-999,-999,-999,-999,-999,-999,-999,1.0,-999,-999,-999,-999,191612.0,34064339.0
27297,6.449,Cu,-1.165,44.83,2.978,10.24,HMSDIS,0.44,4.4,0.52,2.0,43497.575,48.328,43311.338,48.121,38374.513,42.636,136192.582,151.316,59669.08,66.295,0.9993,0.9984,-999,-999,-1.0,-1.0,9.0,-1.0,-1.0,-1.0,-999,95.5825,-999,-999,-999,-999,-999,-999,-999,1.0,-999,-999,-999,-999,189485.0,33740001.0
27298,6.449,Al,-1.165,44.83,2.978,10.24,HMSDIS,0.44,4.4,0.52,2.0,70956.251,40.443,70691.277,40.292,62717.193,35.747,265863.084,151.535,97766.411,55.724,0.9998,0.9986,-999,-999,-1.0,-1.0,-1.0,1.0,-1.0,-1.0,-999,99.1099,-999,-999,-999,-999,-999,-999,-999,1.0,-999,-999,-999,-999,111522.0,12528366.0
27299,6.449,Al,-1.165,44.83,2.978,10.24,HMSDIS,0.44,4.4,0.52,2.0,67405.424,39.698,67179.659,39.565,59663.174,35.139,254016.027,149.603,92979.392,54.76,0.9997,0.9988,-999,-999,-1.0,-1.0,2.0,-1.0,-1.0,-1.0,-999,99.1155,-999,-999,-999,-999,-999,-999,-999,1.0,-999,-999,-999,-999,106252.0,11938071.0
27300,6.449,LD2,-1.165,44.83,2.978,10.24,PI+SIDIS,0.44,4.4,0.52,2.0,52.419,29.442,52.173,29.304,46.327,26.021,270.399,151.878,72.183,40.544,0.9998,0.9982,0.9794,0.9764,-1.0,-1.0,-1.0,-1.0,-1.0,1.0,0.99997,0.0475,479.0,115.923,363.077,7.15543,0.435322,49.435,0.440681,1.0,-999,-999,25651.00191,25631.16209,335809.0,84697399.0
27301,6.449,LD2,-1.165,44.83,2.978,10.24,PI+SIDIS,0.44,4.4,0.52,2.0,50.454,29.244,50.217,29.106,44.61,25.856,260.049,150.726,69.491,40.277,0.9998,0.9979,0.9813,0.9766,-1.0,-1.0,-1.0,-1.0,-1.0,1.0,0.99998,0.0474,469.0,108.846,360.154,7.37296,0.447284,49.4272,0.422819,1.0,-999,-999,24683.36866,24666.14634,323596.0,81258441.0
27302,6.449,LD2,-1.165,44.83,2.978,10.24,PI+SIDIS,0.44,4.4,0.52,2.0,53.226,29.234,52.997,29.108,47.087,25.862,274.659,150.855,73.347,40.285,0.9999,0.9985,0.9823,0.9779,-1.0,-1.0,-1.0,-1.0,-1.0,1.0,0.99998,0.0474,470.0,117.923,352.077,6.81995,0.423978,49.3724,0.432743,1.0,-999,-999,26054.77205,26035.49995,341261.0,85740162.0
27303,6.449,LD2,-1.165,44.83,2.978,10.24,PI+SIDIS,0.44,4.4,0.52,2.0,48.091,29.01,47.914,28.903,42.564,25.676,248.572,149.947,66.311,40.001,0.9998,0.9986,0.9771,0.9781,-1.0,-1.0,-1.0,-1.0,-1.0,1.0,0.99996,0.0473,465.0,105.538,359.462,7.70089,0.465987,49.1474,0.424428,1.0,-999,-999,23550.6268,23530.4252,309021.0,77502187.0
27304,6.449,LD2,-1.165,44.83,2.978,10.24,PI+SIDIS,0.44,4.4,0.52,2.0,47.679,28.857,47.512,28.756,42.224,25.556,246.331,149.09,65.758,39.8,0.9999,0.9987,0.9838,0.9784,-1.0,-1.0,-1.0,-1.0,-1.0,1.0,0.99998,0.0472,447.0,101.846,345.154,7.45389,0.460571,48.9506,0.416734,1.0,-999,-999,23350.2657,23332.0873,306185.0,76906557.0
27305,6.449,LD2,-1.165,44.83,2.978,10.24,PI+SIDIS,0.44,4.4,0.52,2.0,47.855,29.035,47.664,28.918,42.351,25.695,247.357,150.076,65.973,40.027,0.9998,0.9984,0.9785,0.9779,-1.0,-1.0,-1.0,-1.0,-1.0,1.0,0.99991,0.0473,436.0,104.769,331.231,7.13467,0.453904,48.8651,0.42487,1.0,-999,-999,23425.05982,23406.59218,307016.0,77109727.0
27306,6.449,LD2,-1.165,44.83,2.978,10.24,PI+SIDIS,0.44,4.4,0.52,2.0,72.058,29.039,71.703,28.896,63.74,25.687,371.747,149.811,99.28,40.009,0.9997,0.9989,0.9799,0.9782,-1.0,-1.0,-1.0,-1.0,-1.0,1.0,0.99998,0.0473,649.0,156.846,492.154,7.04561,0.368078,48.9353,0.499442,1.0,-999,-999,35271.16324,35242.80976,462223.0,116084173.0
27307,6.449,LD2,-1.165,44.83,2.978,10.24,PI+SIDIS,0.44,4.4,0.52,2.0,45.23,29.22,45.035,29.094,40.033,25.863,233.557,150.886,62.349,40.28,0.9997,0.999,0.9845,0.9785,-1.0,-1.0,-1.0,-1.0,-1.0,1.0,0.99994,0.0473,419.0,101.231,317.769,7.24144,0.47078,47.3801,1.22493,1.0,-999,-999,22131.33341,22115.31259,295841.0,72963888.0
27308,6.449,LD2,-1.165,44.83,2.978,10.24,PI+SIDIS,0.44,4.4,0.52,2.0,47.361,28.813,47.188,28.707,41.942,25.516,244.848,148.958,65.331,39.745,0.9997,0.999,0.9765,0.9802,-1.0,-1.0,-1.0,-1.0,-1.0,1.0,0.99997,0.0472,388.0,105.308,282.692,6.1374,0.432089,49.6288,0.449379,1.0,-999,-999,23188.84208,23170.19992,308125.0,76425303.0
27309,6.449,LD2,-1.165,44.83,2.978,10.24,PI+SIDIS,0.44,4.4,0.52,2.0,30.255,28.877,30.146,28.773,26.8,25.579,156.464,149.337,41.741,39.839,0.9999,0.999,0.9816,0.9789,-1.0,-1.0,-1.0,-1.0,-1.0,1.0,0.99996,0.0472,268.0,67.9231,200.077,6.80779,0.562431,49.5784,0.461509,1.0,-999,-999,14794.31537,14780.39663,197010.0,48843932.0
27310,6.449,LH2,-1.165,44.83,2.978,10.24,PI+SIDIS,0.44,4.4,0.52,2.0,99.952,54.937,99.682,54.789,89.136,48.993,272.577,149.818,138.85,76.317,0.9999,0.999,0.9804,0.9752,-1.0,-1.0,-1.0,-1.0,-1.0,1.0,0.99997,0.0454,567.0,114.846,452.154,4.67445,0.248081,49.625,0.417343,1.0,-999,-999,49009.3993,48965.3077,351892.0,81714920.0
27311,6.449,LH2,-1.165,44.83,2.978,10.24,PI+SIDIS,0.44,4.4,0.52,2.0,96.828,55.504,96.609,55.378,85.867,49.221,262.491,150.465,133.375,76.453,0.9999,0.999,0.9783,0.9769,-1.0,-1.0,-1.0,-1.0,-1.0,1.0,0.99997,0.0457,546.0,115.308,430.692,4.58604,0.250823,49.6972,0.442296,1.0,-999,-999,47489.70112,47452.03288,341611.0,78856465.0
27312,6.449,LH2,-1.165,44.83,2.978,10.24,PI+SIDIS,0.44,4.4,0.52,2.0,98.067,54.488,97.877,54.383,86.662,48.152,268.109,148.969,134.626,74.802,0.9999,0.9993,0.9816,0.9759,-1.0,-1.0,-1.0,-1.0,-1.0,1.0,0.99996,0.0455,585.0,117.077,467.923,4.92307,0.256423,49.7083,0.396676,1.0,-999,-999,48113.62958,48077.71442,345038.0,79589086.0
27313,6.449,LH2,-1.165,44.83,2.978,10.24,PI+SIDIS,0.44,4.4,0.52,2.0,85.871,54.804,85.665,54.672,76.138,48.591,234.207,149.473,118.64,75.717,0.9997,0.9993,0.9764,0.9766,-1.0,-1.0,-1.0,-1.0,-1.0,1.0,0.99999,0.0456,482.0,102.385,379.615,4.56128,0.265941,49.6924,0.443501,1.0,-999,-999,42101.52484,42066.98416,301069.0,69791846.0
27314,6.449,LH2,-1.165,44.83,2.978,10.24,PI+SIDIS,0.44,4.4,0.52,2.0,92.143,55.053,91.831,54.866,81.918,48.944,250.357,149.582,127.727,76.313,1.0,0.9986,0.9815,0.977,-1.0,-1.0,-1.0,-1.0,-1.0,1.0,0.99998,0.0456,523.0,113.923,409.077,4.5817,0.258274,49.6734,0.436481,1.0,-999,-999,45136.88998,45100.87102,323915.0,75032611.0
27315,6.449,LH2,-1.165,44.83,2.978,10.24,PI+SIDIS,0.44,4.4,0.52,2.0,91.594,55.33,91.355,55.185,81.616,49.303,248.592,150.169,127.214,76.847,0.9997,0.9988,0.9813,0.975,-1.0,-1.0,-1.0,-1.0,-1.0,1.0,0.99994,0.0456,549.0,109.538,439.462,4.95921,0.266431,49.6453,0.4212,1.0,-999,-999,44901.63296,44869.20304,322037.0,74730189.0
27316,6.449,LH2,-1.165,44.83,2.978,10.24,PI+SIDIS,0.44,4.4,0.52,2.0,92.932,54.854,92.706,54.72,82.401,48.638,253.103,149.395,128.088,75.604,1.0,0.9989,0.9784,0.9764,-1.0,-1.0,-1.0,-1.0,-1.0,1.0,0.99996,0.0456,565.0,111.154,453.846,5.03837,0.265868,49.6949,0.428179,1.0,-999,-999,45563.69547,45530.69953,327959.0,75572251.0
27317,6.449,LH2,-1.165,44.83,2.978,10.24,PI+SIDIS,0.44,4.4,0.52,2.0,116.009,54.924,115.733,54.793,102.676,48.611,315.871,149.547,159.643,75.582,0.9999,0.9989,0.9829,0.9758,-1.0,-1.0,-1.0,-1.0,-1.0,1.0,0.99996,0.0456,671.0,134.308,536.692,4.77597,0.232282,49.6862,0.472134,1.0,-999,-999,56916.98227,56870.22073,408578.0,94169810.0
27318,6.449,LH2,-1.165,44.83,2.978,10.24,PI+SIDIS,0.44,4.4,0.52,2.0,86.115,52.849,85.913,52.725,76.642,47.035,238.747,146.52,119.503,73.339,0.9997,0.999,0.9797,0.9752,-1.0,-1.0,-1.0,-1.0,-1.0,1.0,1.0,0.045,461.0,99.6923,361.308,4.33503,0.259745,49.6597,0.407262,1.0,-999,-999,42207.93783,42181.61717,303791.0,70123858.0
27319,6.449,LH2,-1.165,44.83,2.978,10.24,PI+SIDIS,0.44,4.4,0.52,2.0,96.191,55.314,95.97,55.187,85.701,49.281,261.158,150.175,133.586,76.817,0.9997,0.9992,0.9836,0.9774,-1.0,-1.0,-1.0,-1.0,-1.0,1.0,0.99996,0.0456,579.0,117.385,461.615,4.94651,0.259847,49.7185,0.406385,1.0,-999,-999,47171.44387,47135.69713,338901.0,78496782.0
27320,6.449,Dummy,-1.165,44.83,2.978,10.24,PI+SIDIS,0.44,4.4,0.52,2.0,63.473,39.28,63.227,39.127,55.803,34.533,239.97,148.502,86.635,53.613,0.9985,0.9992,0.9669,0.9721,-1.0,-1.0,-1.0,-1.0,-1.0,1.0,1.0,0.009,61.0,4.0,57.0,0.932208,0.128055,49.9326,0.513282,1.0,-999,-999,31072.17871,31045.84029,82222.0,11482852.0
27321,6.449,Dummy,-1.165,44.83,2.978,10.24,PI+SIDIS,0.44,4.4,0.52,2.0,61.427,39.875,61.184,39.717,54.1,35.118,231.055,149.988,84.205,54.661,1.0,0.9992,0.9853,0.9741,-1.0,-1.0,-1.0,-1.0,-1.0,1.0,1.0,0.0091,51.0,3.84615,47.1538,0.793956,0.120593,49.8408,0.380189,1.0,-999,-999,30061.3667,30037.6183,78182.0,11153442.0
27322,6.449,Dummy,-1.165,44.83,2.978,10.24,PI+SIDIS,0.44,4.4,0.52,2.0,70.67,39.205,70.393,39.051,62.535,34.692,267.351,148.315,97.549,54.116,1.0,0.9971,0.9679,0.9666,-1.0,-1.0,-1.0,-1.0,-1.0,1.0,1.0,0.009,64.0,4.46154,59.5385,0.878053,0.118297,49.7095,0.562747,1.0,-999,-999,34599.47391,34570.99209,90067.0,12885822.0
27323,6.449,Dummy,-1.165,44.83,2.978,10.24,PI+SIDIS,0.44,4.4,0.52,2.0,66.004,39.777,65.748,39.622,58.468,35.235,248.479,149.743,91.094,54.896,1.0,0.9992,0.9833,0.9683,-1.0,-1.0,-1.0,-1.0,-1.0,1.0,1.0,0.009,72.0,3.92308,68.0769,1.07288,0.134007,49.7906,0.413997,1.0,-999,-999,32313.49302,32287.35298,84116.0,12069071.0
27324,6.449,C,-1.165,44.83,2.978,10.24,PI+SIDIS,0.44,4.4,0.52,2.0,79.202,47.617,78.937,47.458,69.818,41.975,249.737,150.144,108.391,65.166,0.9999,0.999,0.9794,0.9781,-1.0,-1.0,-1.0,-1.0,-1.0,1.0,0.99994,0.0453,412.0,103.308,308.692,4.01297,0.266402,49.7925,0.448605,1.0,-999,-999,38797.65738,38768.82062,357183.0,67638652.0
27326,6.449,C,-1.165,44.83,2.978,10.24,PI+SIDIS,0.44,4.4,0.52,2.0,80.497,47.643,80.227,47.483,71.032,42.041,253.627,150.112,110.588,65.453,0.9999,0.9985,0.9846,0.9785,-1.0,-1.0,-1.0,-1.0,-1.0,1.0,0.99995,0.0454,440.0,113.308,326.692,4.17695,0.270836,49.7829,0.431208,1.0,-999,-999,39433.10271,39402.64129,361830.0,68525736.0
27327,6.449,C,-1.165,44.83,2.978,10.24,PI+SIDIS,0.44,4.4,0.52,2.0,79.403,47.726,79.137,47.565,70.455,42.347,249.893,150.199,109.922,66.069,0.9999,0.9985,0.9799,0.9796,-1.0,-1.0,-1.0,-1.0,-1.0,1.0,0.99992,0.0453,476.0,107.846,368.154,4.76655,0.284925,49.7627,0.415103,1.0,-999,-999,38902.42404,38873.16096,356833.0,67808319.0
27328,6.449,C,-1.165,44.83,2.978,10.24,PI+SIDIS,0.44,4.4,0.52,2.0,81.955,48.019,81.681,47.859,72.834,42.675,257.281,150.746,113.526,66.517,0.9997,0.9985,0.9804,0.9776,-1.0,-1.0,-1.0,-1.0,-1.0,1.0,0.99994,0.0454,426.0,115.231,310.769,3.90696,0.262167,49.748,0.448659,1.0,-999,-999,40149.92099,40120.50501,368894.0,70052739.0
27329,6.449,C,-1.165,44.83,2.978,10.24,PI+SIDIS,0.44,4.4,0.52,2.0,70.274,47.599,70.039,47.44,62.127,42.081,221.626,150.115,96.581,65.418,0.9999,0.999,0.9838,0.9789,-1.0,-1.0,-1.0,-1.0,-1.0,1.0,0.99995,0.0453,341.0,95.2308,245.769,3.5981,0.273236,49.7711,0.397581,1.0,-999,-999,34413.41664,34387.24736,317404.0,59855767.0
27330,6.449,C,-1.165,44.83,2.978,10.24,PI+SIDIS,0.44,4.4,0.52,2.0,65.017,46.551,64.796,46.392,57.363,41.071,206.501,147.851,89.191,63.859,0.9997,0.9985,0.9785,0.9786,-1.0,-1.0,-1.0,-1.0,-1.0,1.0,0.99995,0.0451,327.0,87.6923,239.308,3.78894,0.289247,49.7976,0.47124,1.0,-999,-999,31829.28744,31801.68256,291979.0,55244206.0
27331,6.449,C,-1.165,44.83,2.978,10.24,PI+SIDIS,0.44,4.4,0.52,2.0,71.662,48.388,71.419,48.224,63.474,42.859,224.245,151.414,99.024,66.863,0.9996,0.9989,0.9815,0.9783,-1.0,-1.0,-1.0,-1.0,-1.0,1.0,0.99995,0.0456,392.0,95.9231,296.077,4.25463,0.287177,49.7574,0.395417,1.0,-999,-999,35097.52095,35068.93405,321827.0,61139784.0
27332,6.449,C,-1.165,44.83,2.978,10.24,PI+SIDIS,0.44,4.4,0.52,2.0,114.685,48.525,114.3,48.362,102.001,43.158,358.934,151.871,159.108,67.321,0.9999,0.9989,0.9787,0.9768,-1.0,-1.0,-1.0,-1.0,-1.0,1.0,0.99998,0.0455,629.0,154.923,474.077,4.26179,0.227585,49.7273,0.395516,1.0,-999,-999,56230.52407,56185.43493,515597.0,98187741.0
27333,6.449,C,-1.165,44.83,2.978,10.24,PI+SIDIS,0.44,4.4,0.52,2.0,81.218,47.66,80.955,47.506,72.354,42.459,255.81,150.115,112.816,66.203,0.9999,0.9986,0.9814,0.9784,-1.0,-1.0,-1.0,-1.0,-1.0,1.0,0.99995,0.0453,426.0,107.077,318.923,4.04136,0.264061,49.7166,0.391149,1.0,-999,-999,39791.16728,39758.39672,365747.0,69410566.0
27334,6.449,C,-1.165,44.83,2.978,10.24,PI+SIDIS,0.44,4.4,0.52,2.0,84.007,48.03,83.738,47.876,74.868,42.805,264.009,150.945,116.705,66.725,0.9996,0.9981,0.9804,0.9779,-1.0,-1.0,-1.0,-1.0,-1.0,1.0,0.99997,0.0454,467.0,108.923,358.077,4.39023,0.26732,49.7354,0.409333,1.0,-999,-999,41168.52468,41132.99932,377914.0,71787961.0
27335,6.449,Cu,-1.165,44.83,2.978,10.24,PI+SIDIS,0.44,4.4,0.52,2.0,77.87,46.952,77.614,46.798,69.384,41.836,246.446,148.598,108.083,65.17,0.9996,0.9984,0.9798,0.9742,-1.0,-1.0,-1.0,-1.0,-1.0,1.0,0.99996,0.0438,270.0,93.2308,176.769,2.34667,0.221014,49.7549,0.374418,1.0,-999,-999,38143.3318,38113.9472,337957.0,61029743.0
27336,6.449,Cu,-1.165,44.83,2.978,10.24,PI+SIDIS,0.44,4.4,0.52,2.0,73.252,46.926,73.009,46.77,65.218,41.78,232.08,148.673,101.58,65.073,0.9995,0.9986,0.9805,0.9748,-1.0,-1.0,-1.0,-1.0,-1.0,1.0,0.99993,0.0437,261.0,84.4615,176.538,2.49016,0.2307,49.7436,0.443614,1.0,-999,-999,35867.89002,35841.84498,318748.0,57230550.0
27337,6.449,Cu,-1.165,44.83,2.978,10.24,PI+SIDIS,0.44,4.4,0.52,2.0,71.147,47.152,70.904,46.991,63.292,41.946,225.129,149.2,98.585,65.335,0.9998,0.9984,0.9791,0.9735,-1.0,-1.0,-1.0,-1.0,-1.0,1.0,0.99997,0.0438,244.0,85.8462,158.154,2.29949,0.230168,49.7986,0.451279,1.0,-999,-999,34831.28693,34805.14307,309062.0,55589997.0
27338,6.449,Cu,-1.165,44.83,2.978,10.24,PI+SIDIS,0.44,4.4,0.52,2.0,84.411,47.893,84.113,47.724,75.047,42.58,265.48,150.627,116.877,66.314,0.9996,0.9985,0.9795,0.9753,-1.0,-1.0,-1.0,-1.0,-1.0,1.0,0.99995,0.044,294.0,96.6923,197.308,2.41414,0.212431,49.7075,0.403355,1.0,-999,-999,41347.8649,41315.7731,367374.0,65922915.0
27339,6.449,Cu,-1.165,44.83,2.978,10.24,PI+SIDIS,0.44,4.4,0.52,2.0,81.924,47.716,81.634,47.547,72.784,42.393,258.053,150.301,113.377,66.035,0.9996,0.9981,0.9813,0.9739,-1.0,-1.0,-1.0,-1.0,-1.0,1.0,0.99994,0.0439,260.0,98.6923,161.308,2.03655,0.206526,49.7001,0.416624,1.0,-999,-999,40127.43565,40095.78635,355982.0,63979640.0
27340,6.449,Cu,-1.165,44.83,2.978,10.24,PI+SIDIS,0.44,4.4,0.52,2.0,76.024,46.712,75.754,46.546,67.512,41.482,241.787,148.562,105.146,64.606,0.9998,0.9983,0.9748,0.9742,-1.0,-1.0,-1.0,-1.0,-1.0,1.0,0.99996,0.0436,254.0,89.3846,164.615,2.23848,0.219634,49.6552,0.354644,1.0,-999,-999,37319.90437,37290.33463,330926.0,59285062.0
27341,6.449,Cu,-1.165,44.83,2.978,10.24,PI+SIDIS,0.44,4.4,0.52,2.0,78.11,46.551,77.867,46.406,69.36,41.337,248.42,148.051,108.033,64.384,0.9998,0.9988,0.975,0.9739,-1.0,-1.0,-1.0,-1.0,-1.0,1.0,0.99998,0.0436,236.0,90.6923,145.308,1.92302,0.206289,49.636,0.366867,1.0,-999,-999,38262.61877,38234.64623,342020.0,60964609.0
27342,6.449,Cu,-1.165,44.83,2.978,10.24,PI+SIDIS,0.44,4.4,0.52,2.0,31.656,47.127,31.567,46.996,28.112,41.851,100.173,149.132,43.786,65.187,1.0,0.999,0.9797,0.9715,-1.0,-1.0,-1.0,-1.0,-1.0,1.0,0.99994,0.0437,125.0,34.8462,90.1538,2.95087,0.369853,49.5364,0.428569,1.0,-999,-999,15459.90743,15447.05957,138343.0,24754487.0
27343,6.449,Cu,-1.165,44.83,2.978,10.24,PI+SIDIS,0.44,4.4,0.52,2.0,77.211,47.237,76.853,47.017,68.429,41.864,244.202,149.4,106.574,65.201,0.9998,0.9991,0.9817,0.9736,-1.0,-1.0,-1.0,-1.0,-1.0,1.0,0.99993,0.0438,250.0,91.9231,158.077,2.12027,0.215054,49.4251,0.463736,1.0,-999,-999,37767.87978,37736.56622,338920.0,60468648.0
27344,6.449,Cu,-1.165,44.83,2.978,10.24,PI+SIDIS,0.44,4.4,0.52,2.0,86.253,47.616,85.903,47.423,76.478,42.22,272.033,150.175,119.096,65.747,0.9998,0.9987,0.9783,0.9745,-1.0,-1.0,-1.0,-1.0,-1.0,1.0,0.99997,0.0438,295.0,98.0,197.0,2.36176,0.208526,49.0081,1.60135,1.0,-999,-999,42232.12278,42196.47922,378772.0,67342975.0
27345,6.449,Cu,-1.165,44.83,2.978,10.24,PI+SIDIS,0.44,4.4,0.52,2.0,75.781,46.781,75.516,46.617,67.208,41.489,240.786,148.641,104.666,64.612,0.9997,0.9987,0.9781,0.9759,-1.0,-1.0,-1.0,-1.0,-1.0,1.0,0.99996,0.0435,238.0,91.6154,146.385,1.9937,0.213201,49.0377,0.88289,1.0,-999,-999,37109.17292,37081.14808,333297.0,59106466.0
27347,6.449,Cu,-1.165,44.83,2.978,10.24,PI+SIDIS,0.44,4.4,0.52,2.0,80.393,47.536,80.145,47.389,71.299,42.158,254.156,150.28,111.063,65.671,0.9998,0.9986,0.9772,0.9748,-1.0,-1.0,-1.0,-1.0,-1.0,1.0,0.99996,0.0437,276.0,98.8462,177.154,2.27557,0.216319,49.964,1.34563,1.0,-999,-999,39391.74574,39362.35126,350280.0,62750513.0
27348,6.449,Cu,-1.165,44.83,2.978,10.24,PI+SIDIS,0.44,4.4,0.52,2.0,83.584,46.121,83.302,45.965,74.089,40.882,266.926,147.288,115.422,63.689,0.9997,0.9988,0.9778,0.9753,-1.0,-1.0,-1.0,-1.0,-1.0,1.0,0.99999,0.0433,280.0,100.308,179.692,2.21977,0.209537,51.2151,0.411777,1.0,-999,-999,40941.26221,40909.68079,365661.0,65139322.0
27349,6.449,Cu,-1.165,44.83,2.978,10.24,PI+SIDIS,0.44,4.4,0.52,2.0,102.742,47.401,102.268,47.182,91.005,41.986,324.62,149.765,141.74,65.393,0.9999,0.9989,0.9781,0.9733,-1.0,-1.0,-1.0,-1.0,-1.0,1.0,0.99997,0.0437,382.0,122.154,259.846,2.61941,0.199432,51.281,0.387051,1.0,-999,-999,50283.19346,50245.21954,448507.0,80059953.0
27350,6.449,Cu,-1.165,44.83,2.978,10.24,PI+SIDIS,0.44,4.4,0.52,2.0,108.324,48.041,107.91,47.857,96.053,42.599,340.745,151.118,149.615,66.353,0.9998,0.9988,0.9797,0.9755,-1.0,-1.0,-1.0,-1.0,-1.0,1.0,0.99997,0.0439,375.0,130.615,244.385,2.3297,0.187061,51.243,0.356608,1.0,-999,-999,53073.33869,53032.32631,473726.0,84499260.0
27352,6.449,LH2,-5.39,14.005,3.61,27.75,HEE,-999,-999,-999,-999,62509.155,67.499,62475.344,67.463,55231.902,59.641,137756.463,148.754,83148.058,89.786,0.9979,0.213,-999,-999,-1.0,-1.0,-1.0,17.0,-1.0,-1.0,-999,99.9854,-999,-999,-999,-999,-999,-999,-999,1.0,-999,-999,-999,-999,28058498.0,25696.0
27355,6.449,Dummy,-5.39,14.005,3.61,27.75,HEE,-999,-999,-999,-999,23049.703,36.152,22934.668,35.971,20358.722,31.931,96172.761,150.84,31732.896,49.771,0.9986,0.2112,-999,-999,-1.0,-1.0,-1.0,2.0,-1.0,-1.0,-999,99.9963,-999,-999,-999,-999,-999,-999,-999,1.0,-999,-999,-999,-999,3338677.0,10754.0
27356,6.449,LD2,-5.39,14.005,3.61,27.75,HEE,-999,-999,-999,-999,35995.006,55.511,35906.329,55.374,32086.443,49.483,96689.231,149.113,50002.582,77.113,0.9972,0.2645,-999,-999,-1.0,-1.0,-1.0,17.0,-1.0,-1.0,-999,99.9736,-999,-999,-999,-999,-999,-999,-999,1.0,-999,-999,-999,-999,27797059.0,25954.0
27357,6.449,LH2,-3.7,27.0,3.61,27.72,HEEP,-999,-999,-999,-999,6.503,70.407,6.499,70.362,5.749,62.24,13.961,151.161,8.633,93.472,1.0,0.9999,0.0,0.9881,-1.0,-1.0,-1.0,-1.0,-1.0,1.0,1.0,0.0002,1.0,0.0,1.0,0.177285,0.177285,53.0751,0.245959,1.0,-999,-999,3065.08893,3062.47607,16202.0,2683.0
27358,6.449,LH2,-1.165,44.83,-3.837,10.24,PI-SIDIS,0.44,4.4,0.67,2.0,120.533,68.742,120.382,68.656,106.4,60.682,263.846,150.476,160.446,91.506,0.9999,0.9989,0.9822,0.9572,-1.0,-1.0,-1.0,-1.0,-1.0,1.0,0.99997,0.0387,208.0,34.8462,173.154,1.50886,0.126482,51.3213,0.406084,1.0,-999,-999,59168.15633,59129.60867,417086.0,815117663.0
27361,6.449,LH2,-1.165,44.83,-3.837,10.24,PI-SIDIS,0.44,4.4,0.67,2.0,126.526,69.148,126.39,69.074,111.597,60.99,275.533,150.583,168.346,92.004,0.9998,0.9988,0.9829,0.9521,-1.0,-1.0,-1.0,-1.0,-1.0,1.0,0.99998,0.0388,251.0,33.8462,217.154,1.81216,0.132894,51.2372,0.366472,1.0,-999,-999,62137.69185,62093.63715,436378.0,854288784.0
27362,6.449,LH2,-1.165,44.83,-3.837,10.24,PI-SIDIS,0.44,4.4,0.67,2.0,108.793,69.55,108.554,69.397,95.851,61.276,236.567,151.235,144.591,92.435,0.9999,0.9984,0.9846,0.9579,-1.0,-1.0,-1.0,-1.0,-1.0,1.0,1.0,0.0388,204.0,27.8462,176.154,1.7011,0.138651,51.2986,0.398152,1.0,-999,-999,53416.31026,53378.87074,374776.0,733194950.0
27363,6.449,LH2,-1.165,44.83,-3.837,10.24,PI-SIDIS,0.44,4.4,0.67,2.0,83.033,66.187,82.9,66.082,73.184,58.337,185.323,147.725,110.505,88.086,0.9999,0.9989,0.9834,0.9572,-1.0,-1.0,-1.0,-1.0,-1.0,1.0,0.99999,0.0382,140.0,22.3077,117.692,1.48968,0.15068,51.2713,0.335672,1.0,-999,-999,40693.21703,40661.21397,287188.0,560483473.0
27364,6.449,LH2,-1.165,44.83,-3.837,10.24,PI-SIDIS,0.44,4.4,0.67,2.0,105.703,66.513,105.594,66.445,93.17,58.627,235.226,148.014,140.671,88.517,0.9997,0.9993,0.9823,0.9565,-1.0,-1.0,-1.0,-1.0,-1.0,1.0,0.99993,0.0383,218.0,29.0,189.0,1.87955,0.147581,51.2797,0.356794,1.0,-999,-999,52026.18889,51982.56911,366478.0,713715382.0
27365,6.449,LH2,-1.165,44.83,-3.837,10.24,PI-SIDIS,0.44,4.4,0.67,2.0,123.106,68.618,122.989,68.552,108.487,60.469,269.544,150.24,163.958,91.388,0.9998,0.9989,0.9846,0.9544,-1.0,-1.0,-1.0,-1.0,-1.0,1.0,0.99997,0.0387,227.0,34.7692,192.231,1.64451,0.129649,51.2409,0.391692,1.0,-999,-999,60455.64383,60411.37317,425124.0,830963556.0
27366,6.449,LH2,-1.165,44.83,-3.837,10.24,PI-SIDIS,0.44,4.4,0.67,2.0,116.204,67.963,116.074,67.886,102.373,59.874,255.546,149.458,154.599,90.418,0.9999,0.999,0.984,0.9624,-1.0,-1.0,-1.0,-1.0,-1.0,1.0,0.99998,0.0386,200.0,33.3846,166.615,1.49761,0.127929,51.2432,0.387783,1.0,-999,-999,57048.16576,57006.98924,401553.0,784223145.0
27367,6.449,LH2,-1.165,44.83,-3.837,10.24,PI-SIDIS,0.44,4.4,0.67,2.0,119.714,68.756,119.436,68.597,105.371,60.519,261.496,150.187,158.976,91.306,0.9998,0.9992,0.9828,0.961,-1.0,-1.0,-1.0,-1.0,-1.0,1.0,0.99997,0.0387,218.0,35.2308,182.769,1.59904,0.129978,51.3034,0.406919,1.0,-999,-999,58707.60447,58663.03153,412985.0,806819774.0
27368,6.449,LH2,-1.165,44.83,-3.837,10.24,PI-SIDIS,0.44,4.4,0.67,2.0,115.478,69.129,115.291,69.016,101.715,60.889,251.715,150.684,153.61,91.955,0.9998,0.9996,0.9847,0.9523,-1.0,-1.0,-1.0,-1.0,-1.0,1.0,0.99997,0.0388,228.0,30.9231,197.077,1.80258,0.138829,51.3048,0.348205,1.0,-999,-999,56668.3334,56629.5686,399829.0,778609684.0
27369,6.449,LH2,-1.165,44.83,-3.837,10.24,PI-SIDIS,0.44,4.4,0.67,2.0,119.726,69.19,119.601,69.118,105.499,60.969,260.946,150.802,159.305,92.064,0.9998,0.9991,0.9836,0.9575,-1.0,-1.0,-1.0,-1.0,-1.0,1.0,0.99998,0.0388,203.0,34.3077,168.692,1.47921,0.125744,51.2854,0.372919,1.0,-999,-999,58786.63511,58743.56889,412383.0,808010422.0
27370,6.449,LH2,-1.165,44.83,-3.837,10.24,PI-SIDIS,0.44,4.4,0.67,2.0,129.846,70.392,129.714,70.32,114.431,62.035,280.13,151.864,172.557,93.547,0.9999,0.9993,0.9757,0.9477,-1.0,-1.0,-1.0,-1.0,1.0,-1.0,0.99954,0.039,208.0,36.3846,171.615,1.47788,0.125031,51.2339,0.386936,1.0,-999,-999,63784.13178,63730.18322,447330.0,876069992.0
27372,6.449,LH2,-1.165,44.83,-3.837,10.24,HMSDIS,0.44,4.4,0.67,2.0,62481.816,68.241,62412.388,68.165,55089.45,60.167,137232.21,149.882,83173.153,90.84,0.9999,0.9993,-999,-999,-1.0,-1.0,-1.0,1.0,-1.0,-1.0,-999,96.1455,-999,-999,-999,-999,-999,-999,-999,1.0,-999,-999,-999,-999,216426.0,421837800.0
27373,6.449,LH2,-1.165,44.83,-3.837,10.24,HMSDIS,0.44,4.4,0.67,2.0,58550.689,68.473,58451.599,68.357,51597.286,60.341,128278.978,150.018,77959.018,91.171,0.9998,0.9993,-999,-999,-1.0,-1.0,5.0,-1.0,-1.0,-1.0,-999,96.1441,-999,-999,-999,-999,-999,-999,-999,1.0,-999,-999,-999,-999,202026.0,395030104.0
27375,6.449,Dummy,-1.165,44.83,-3.837,10.24,PI-SIDIS,0.44,4.4,0.67,2.0,70.538,39.778,70.174,39.573,61.906,34.911,266.211,150.124,96.214,54.258,1.0,0.9985,0.9776,0.961,-1.0,-1.0,-1.0,-1.0,-1.0,1.0,1.0,0.0082,46.0,1.0,45.0,0.669475,0.100986,51.3122,0.432714,1.0,-999,-999,34497.38568,34468.77532,90801.0,198955559.0
27376,6.449,Dummy,-1.165,44.83,-3.837,10.24,PI-SIDIS,0.44,4.4,0.67,2.0,51.327,38.966,51.082,38.78,45.086,34.228,194.84,147.916,70.061,53.188,1.0,0.999,0.9694,0.9664,-1.0,-1.0,-1.0,-1.0,-1.0,1.0,1.0,0.0081,27.0,0.461538,26.5385,0.539938,0.105788,51.25,0.402047,1.0,-999,-999,25090.12912,25070.74088,66177.0,144848647.0
27377,6.449,Dummy,-1.165,44.83,-3.837,10.24,PI-SIDIS,0.44,4.4,0.67,2.0,72.349,39.256,72.035,39.086,63.622,34.521,274.386,148.881,98.894,53.659,1.0,1.0,0.9811,0.9503,-1.0,-1.0,-1.0,-1.0,-1.0,1.0,0.99996,0.0081,26.0,0.461538,25.5385,0.374317,0.0747874,51.5864,0.456786,1.0,-999,-999,35414.58259,35382.35141,93388.0,204479129.0
27378,6.449,Dummy,-1.165,44.83,-3.837,10.24,PI-SIDIS,0.44,4.4,0.67,2.0,67.729,38.956,67.445,38.793,59.682,34.328,257.309,148.0,93.023,53.506,1.0,0.9992,0.9791,0.9362,-1.0,-1.0,-1.0,-1.0,-1.0,1.0,1.0,0.0081,30.0,1.69231,28.3077,0.44985,0.0872297,51.3162,0.508551,1.0,-999,-999,33144.37979,33117.72921,87372.0,191410797.0
27379,6.449,Dummy,-1.165,44.83,-3.837,10.24,HMSDIS,0.44,4.4,0.67,2.0,36560.197,39.407,36397.29,39.232,32270.604,34.784,138422.467,149.202,50322.404,54.241,0.9998,0.9991,-999,-999,-1.0,-1.0,-1.0,1.0,-1.0,-1.0,-999,99.1858,-999,-999,-999,-999,-999,-999,-999,1.0,-999,-999,-999,-999,47052.0,103286608.0
27381,6.449,LH2,-1.165,44.83,-3.837,10.24,PI-SIDIS,0.44,4.4,0.67,2.0,122.218,67.679,122.012,67.564,108.625,60.152,269.621,149.304,162.698,90.095,0.9998,0.9993,0.9853,0.9593,-1.0,-1.0,-1.0,-1.0,-1.0,1.0,1.0,0.0383,245.0,36.9231,208.077,1.78511,0.13506,51.2634,0.378291,1.0,-999,-999,60107.56946,60055.11454,421577.0,825247035.0
27382,6.449,LH2,-1.165,44.83,-3.837,10.24,PI-SIDIS,0.44,4.4,0.67,2.0,117.041,68.485,116.893,68.399,104.105,60.916,256.184,149.903,155.735,91.127,1.0,0.9994,0.9834,0.9624,-1.0,-1.0,-1.0,-1.0,-1.0,1.0,0.99999,0.0385,239.0,31.4615,207.538,1.85217,0.138666,51.1963,0.341857,1.0,-999,-999,57452.83588,57408.92712,403578.0,790242284.0
27383,6.449,LH2,-1.165,44.83,-3.837,10.24,PI-SIDIS,0.44,4.4,0.67,2.0,126.3,68.573,126.159,68.496,111.566,60.573,276.488,150.115,168.031,91.23,0.9999,0.9986,0.984,0.9591,-1.0,-1.0,-1.0,-1.0,-1.0,1.0,0.99998,0.0386,236.0,36.3846,199.615,1.65642,0.128231,51.2978,0.466633,1.0,-999,-999,62073.67551,62027.27649,436373.0,852422815.0
27384,6.449,LH2,-1.165,44.83,-3.837,10.24,PI-SIDIS,0.44,4.4,0.67,2.0,121.472,69.73,121.364,69.669,107.232,61.556,263.391,151.198,161.53,92.726,1.0,0.9989,0.983,0.9609,-1.0,-1.0,-1.0,-1.0,-1.0,1.0,0.99997,0.0388,242.0,34.6923,207.308,1.78473,0.134662,51.244,0.406851,1.0,-999,-999,59667.11329,59619.26271,418565.0,819991021.0
27385,6.449,LH2,-1.165,44.83,-3.837,10.24,PI-SIDIS,0.44,4.4,0.67,2.0,47.984,69.168,47.943,69.109,42.485,61.242,104.321,150.378,63.836,92.019,0.9998,0.9999,0.9863,0.9653,-1.0,-1.0,-1.0,-1.0,-1.0,1.0,1.0,0.0388,90.0,12.4615,77.5385,1.68374,0.207099,51.2006,0.393782,1.0,-999,-999,23483.25071,23463.68229,164881.0,324118892.0
27386,6.449,LH2,-1.165,44.83,-3.837,10.24,PI-SIDIS,0.44,4.4,0.67,2.0,117.685,69.747,117.574,69.681,104.472,61.916,255.277,151.292,156.529,92.768,0.9998,0.9991,0.9853,0.9549,-1.0,-1.0,-1.0,-1.0,-1.0,1.0,0.99997,0.0387,237.0,33.3077,203.692,1.82188,0.138438,51.2237,0.350857,1.0,-999,-999,57795.34129,57749.97571,405230.0,794838093.0
27387,6.449,LH2,-1.165,44.83,-3.837,10.24,PI-SIDIS,0.44,4.4,0.67,2.0,103.862,69.583,103.655,69.444,91.526,61.319,225.375,150.992,138.008,92.46,0.9997,0.9987,0.9831,0.9516,-1.0,-1.0,-1.0,-1.0,-1.0,1.0,1.0,0.0388,208.0,28.9231,179.077,1.82342,0.147635,51.3568,0.353936,1.0,-999,-999,50934.9615,50897.5355,356999.0,699859874.0
27388,6.449,LH2,-1.165,44.83,-3.837,10.24,PI-SIDIS,0.44,4.4,0.67,2.0,107.186,67.213,107.013,67.105,94.718,59.395,237.242,148.767,142.634,89.442,1.0,0.9984,0.9833,0.9524,-1.0,-1.0,-1.0,-1.0,-1.0,1.0,0.99998,0.0383,182.0,28.3846,153.615,1.51329,0.133694,51.2988,0.341997,1.0,-999,-999,52583.44972,52547.72228,370574.0,723188735.0
27389,6.449,LH2,-1.165,44.83,-3.837,10.24,PI-SIDIS,0.44,4.4,0.67,2.0,117.217,69.296,117.077,69.212,103.985,61.473,255.044,150.775,155.921,92.176,0.9998,0.9985,0.9844,0.9583,-1.0,-1.0,-1.0,-1.0,-1.0,1.0,0.99997,0.0387,226.0,35.2308,190.769,1.70741,0.135354,51.2334,0.421508,1.0,-999,-999,57545.33368,57505.99432,403243.0,790825180.0
27390,6.449,LH2,-1.165,44.83,-3.837,10.24,PI-SIDIS,0.44,4.4,0.67,2.0,119.462,69.603,119.347,69.536,106.204,61.879,259.155,150.995,158.923,92.595,0.9998,0.9986,0.9843,0.956,-1.0,-1.0,-1.0,-1.0,-1.0,1.0,0.99997,0.0387,250.0,35.5385,214.462,1.88753,0.139919,51.2745,0.421275,1.0,-999,-999,58671.48813,58628.59487,412147.0,806148127.0
27391,6.449,LH2,-1.165,44.83,-3.837,10.24,PI-SIDIS,0.44,4.4,0.67,2.0,113.649,67.864,113.545,67.802,101.065,60.35,250.191,149.398,151.351,90.377,0.9997,0.9987,0.9841,0.9585,-1.0,-1.0,-1.0,-1.0,-1.0,1.0,0.99997,0.0384,224.0,31.2308,192.769,1.77887,0.138851,51.2175,0.365704,1.0,-999,-999,55812.88415,55768.16185,393606.0,767597792.0
27392,6.449,Dummy,-1.165,44.83,-3.837,10.24,PI-SIDIS,0.44,4.4,0.67,2.0,77.314,40.086,76.957,39.9,68.417,35.473,291.02,150.888,106.635,55.288,0.9981,1.0,0.982,0.9513,-1.0,-1.0,-1.0,-1.0,-1.0,1.0,1.0,0.0082,27.0,1.53846,25.4615,0.3496,0.071502,51.3034,0.398383,1.0,-999,-999,37838.9578,37809.8232,99795.0,218232298.0
27393,6.449,Dummy,-1.165,44.83,-3.837,10.24,PI-SIDIS,0.44,4.4,0.67,2.0,71.905,40.492,71.514,40.271,63.583,35.805,269.807,151.935,99.069,55.788,1.0,0.996,0.9807,0.9556,-1.0,-1.0,-1.0,-1.0,-1.0,1.0,1.0,0.0082,32.0,1.23077,30.7692,0.451635,0.0831548,51.1993,0.301122,1.0,-999,-999,35160.12603,35132.18597,92298.0,202790142.0
27394,6.449,Dummy,-1.165,44.83,-3.837,10.24,PI-SIDIS,0.44,4.4,0.67,2.0,52.371,40.36,52.116,40.164,46.308,35.687,196.615,151.523,72.141,55.596,1.0,0.9989,0.976,0.9522,-1.0,-1.0,-1.0,-1.0,-1.0,1.0,1.0,0.0082,25.0,0.461538,24.5385,0.496465,0.101232,51.2265,0.285793,1.0,-999,-999,25603.00536,25582.96964,67248.0,147769112.0
27395,6.449,Dummy,-1.165,44.83,-3.837,10.24,PI-SIDIS,0.44,4.4,0.67,2.0,87.166,39.833,86.781,39.658,77.025,35.199,328.936,150.319,119.985,54.831,1.0,0.9981,0.9778,0.9446,-1.0,-1.0,-1.0,-1.0,-1.0,1.0,1.0,0.0082,55.0,2.15385,52.8462,0.64681,0.0909071,51.2609,0.33951,1.0,-999,-999,42680.09838,42642.74262,112422.0,246380808.0
27396,6.449,Dummy,-1.165,44.83,-3.837,10.24,PI-SIDIS,0.44,4.4,0.67,2.0,72.108,39.974,71.795,39.8,63.675,35.299,271.902,150.732,99.184,54.984,1.0,0.9985,0.9768,0.9455,-1.0,-1.0,-1.0,-1.0,-1.0,1.0,1.0,0.0082,41.0,1.15385,39.8462,0.588864,0.0947306,51.2358,0.327461,1.0,-999,-999,35293.76881,35265.57719,92516.0,203748561.0
27397,6.449,Dummy,-1.165,44.83,-3.837,10.24,PI-SIDIS,0.44,4.4,0.67,2.0,76.418,40.198,76.028,39.993,67.391,35.45,287.8,151.391,104.966,55.215,1.0,0.9985,0.9798,0.9494,-1.0,-1.0,-1.0,-1.0,-1.0,1.0,1.0,0.0082,29.0,0.769231,28.2308,0.39234,0.0749172,51.3125,0.300035,1.0,-999,-999,37384.30389,37355.69111,98597.0,215690459.0
27399,6.449,LD2,-1.165,44.83,-2.987,10.24,PI-SIDIS,0.44,4.4,0.52,2.0,49.727,27.973,49.506,27.849,43.702,24.584,266.526,149.931,68.041,38.276,0.9999,0.9988,0.9851,0.9787,-1.0,-1.0,-1.0,-1.0,-1.0,1.0,0.99997,0.0443,256.0,79.6923,176.308,3.65282,0.33544,51.261,0.381516,1.0,-999,-999,24336.00817,24314.42483,324496.0,512093677.0
27400,6.449,LD2,-1.165,44.83,-2.987,10.24,PI-SIDIS,0.44,4.4,0.52,2.0,48.543,28.33,48.332,28.207,42.608,24.866,260.123,151.809,66.156,38.609,1.0,0.9988,0.9845,0.9783,-1.0,-1.0,-1.0,-1.0,-1.0,1.0,0.99997,0.0445,297.0,82.0,215.0,4.56337,0.369648,51.3265,0.463602,1.0,-999,-999,23759.06288,23740.03612,316218.0,499564391.0
27401,6.449,LD2,-1.165,44.83,-2.987,10.24,PI-SIDIS,0.44,4.4,0.52,2.0,45.801,27.341,45.601,27.222,40.186,23.989,245.074,146.299,62.406,37.254,1.0,0.999,0.9835,0.9777,-1.0,-1.0,-1.0,-1.0,-1.0,1.0,0.99995,0.0441,263.0,73.9231,189.077,4.25646,0.369005,51.2761,0.355592,1.0,-999,-999,22411.03503,22396.36897,298386.0,471304782.0
27402,6.449,LD2,-1.165,44.83,-2.987,10.24,PI-SIDIS,0.44,4.4,0.52,2.0,60.418,27.964,60.09,27.813,53.051,24.555,323.385,149.68,82.578,38.221,1.0,0.9994,0.9847,0.9755,-1.0,-1.0,-1.0,-1.0,-1.0,1.0,0.99998,0.0442,323.0,104.538,218.462,3.74033,0.311513,51.2879,0.467387,1.0,-999,-999,29546.50359,29523.44141,392346.0,620950045.0
27403,6.449,LD2,-1.165,44.83,-2.978,10.24,PI-SIDIS,0.44,4.4,0.52,2.0,3.003,28.207,2.988,28.07,2.642,24.82,16.123,151.468,4.115,38.659,0.9984,0.9989,0.9797,0.9811,-1.0,-1.0,-1.0,-1.0,-1.0,1.0,1.0,0.0445,18.0,6.0,12.0,4.12903,1.47843,51.19,0.294066,1.0,-999,-999,1417.66301,1416.46899,19574.0,30805468.0
27406,6.449,LD2,-1.165,44.83,-2.978,10.245,PI-SIDIS,0.44,4.4,0.52,2.0,50.93,28.618,50.709,28.494,44.604,25.064,271.119,152.346,69.22,38.896,0.9997,0.9984,0.9842,0.9741,-1.0,-1.0,-1.0,-1.0,-1.0,1.0,0.99995,0.0449,309.0,86.4615,222.538,4.52208,0.361025,51.2788,0.316481,1.0,-999,-999,24939.19449,24907.63551,323945.0,520338138.0
27407,6.449,LD2,-1.165,44.83,-2.978,10.245,PI-SIDIS,0.44,4.4,0.52,2.0,47.993,28.318,47.743,28.171,42.149,24.87,254.652,150.257,65.58,38.695,0.9997,0.9978,0.984,0.9743,-1.0,-1.0,-1.0,-1.0,-1.0,1.0,0.99996,0.0448,296.0,83.0769,212.923,4.59471,0.375249,51.2649,0.352152,1.0,-999,-999,23473.67179,23443.42721,305060.0,489749212.0
27408,6.449,LD2,-1.165,44.83,-2.978,10.245,PI-SIDIS,0.44,4.4,0.52,2.0,48.249,28.107,48.021,27.974,42.617,24.826,257.242,149.854,66.395,38.678,1.0,0.9979,0.9839,0.9759,-1.0,-1.0,-1.0,-1.0,-1.0,1.0,0.99997,0.0445,284.0,86.4615,197.538,4.22986,0.365056,51.2285,0.424111,1.0,-999,-999,23606.00399,23575.82701,307337.0,492998283.0
27409,6.449,LD2,-1.165,44.83,-2.978,10.245,PI-SIDIS,0.44,4.4,0.52,2.0,47.526,28.437,47.31,28.308,41.877,25.057,251.578,150.532,65.1,38.952,0.9997,0.9978,0.9833,0.9744,-1.0,-1.0,-1.0,-1.0,-1.0,1.0,0.99994,0.0449,265.0,77.6923,187.308,4.07855,0.358439,51.3104,0.382481,1.0,-999,-999,23262.92155,23233.91745,302699.0,485440237.0
27410,6.449,LD2,-1.165,44.83,-2.978,10.245,PI-SIDIS,0.44,4.4,0.52,2.0,28.668,28.434,28.553,28.32,25.162,24.957,152.458,151.212,39.031,38.712,1.0,0.9983,0.9835,0.9721,-1.0,-1.0,-1.0,-1.0,-1.0,1.0,0.99992,0.0448,172.0,48.1538,123.846,4.47781,0.479263,51.3152,0.323717,1.0,-999,-999,14015.141,13996.659,182285.0,292879251.0
27411,6.449,LD2,-1.165,44.83,-2.978,10.245,PI-SIDIS,0.44,4.4,0.52,2.0,48.19,28.416,48.007,28.308,42.412,25.009,256.375,151.176,66.001,38.919,0.9997,0.9975,0.9833,0.9739,-1.0,-1.0,-1.0,-1.0,-1.0,1.0,0.99996,0.0448,251.0,83.5385,167.462,3.59529,0.344465,51.2322,0.414207,1.0,-999,-999,23605.0669,23577.1441,306633.0,492693532.0
27412,6.449,LD2,-1.165,44.83,-2.978,10.245,PI-SIDIS,0.44,4.4,0.52,2.0,47.265,28.155,47.055,28.03,41.755,24.873,251.606,149.876,65.077,38.765,0.9998,0.9979,0.9845,0.9753,-1.0,-1.0,-1.0,-1.0,-1.0,1.0,0.99996,0.0446,264.0,78.7692,185.231,4.0509,0.359391,51.2417,0.410435,1.0,-999,-999,23131.55558,23105.72842,300626.0,482872674.0
27413,6.449,LD2,-1.165,44.83,-2.978,10.245,PI-SIDIS,0.44,4.4,0.52,2.0,50.251,28.272,49.994,28.127,44.416,24.989,267.742,150.635,69.139,38.898,0.9998,0.9977,0.985,0.9718,-1.0,-1.0,-1.0,-1.0,-1.0,1.0,0.99995,0.0446,275.0,81.6923,193.308,3.99333,0.346464,51.2017,0.426777,1.0,-999,-999,24584.03681,24553.21219,320001.0,513132494.0
27414,6.449,LD2,-1.165,44.83,-2.978,10.245,PI-SIDIS,0.44,4.4,0.52,2.0,43.679,27.273,43.481,27.15,38.409,23.983,232.798,145.36,59.621,37.228,0.9997,0.9976,0.9813,0.9731,-1.0,-1.0,-1.0,-1.0,-1.0,1.0,0.99995,0.0443,218.0,74.6154,143.385,3.40168,0.354864,51.2912,0.354032,1.0,-999,-999,21374.43051,21346.23649,278347.0,446011592.0
27415,6.449,LD2,-1.165,44.83,-2.978,10.245,HMSDIS,0.44,4.4,0.52,2.0,24950.468,28.564,24835.497,28.432,21931.97,25.108,133073.467,152.346,34064.357,38.998,0.9998,0.9976,-999,-999,-1.0,-1.0,-1.0,1.0,-1.0,-1.0,-999,95.5245,-999,-999,-999,-999,-999,-999,-999,1.0,-999,-999,-999,-999,159612.0,254699455.0
27417,6.449,LD2,-1.165,44.83,-2.978,10.245,HMSDIS,0.44,4.4,0.52,2.0,23250.237,28.01,23157.957,27.899,20541.568,24.747,124410.013,149.879,31998.143,38.549,0.9997,0.9978,-999,-999,-1.0,-1.0,9.0,-1.0,-1.0,-1.0,-999,95.5567,-999,-999,-999,-999,-999,-999,-999,1.0,-999,-999,-999,-999,148479.0,238077291.0
27418,6.449,LH2,-1.165,44.83,-2.978,10.245,PI-SIDIS,0.44,4.4,0.52,2.0,98.267,55.806,97.972,55.638,87.429,49.651,265.781,150.937,136.17,77.331,0.9998,0.9978,0.981,0.9706,-1.0,-1.0,-1.0,-1.0,-1.0,1.0,0.99999,0.041,250.0,73.5385,176.462,1.86372,0.168873,51.2107,0.39904,1.0,-999,-999,48288.67119,48229.09281,341108.0,499062377.0
27419,6.449,LH2,-1.165,44.83,-2.978,10.245,PI-SIDIS,0.44,4.4,0.52,2.0,66.959,55.379,66.696,55.161,59.533,49.237,181.17,149.837,92.721,76.685,0.9997,0.9976,0.9783,0.9685,-1.0,-1.0,-1.0,-1.0,-1.0,1.0,0.99998,0.0409,168.0,52.0,116.0,1.80436,0.203999,51.193,0.396408,1.0,-999,-999,32758.59457,32714.99343,232385.0,339662472.0
27420,6.449,LH2,-1.165,44.83,-2.978,10.245,PI-SIDIS,0.44,4.4,0.52,2.0,76.168,55.925,75.931,55.75,67.783,49.768,202.998,149.045,105.556,77.501,1.0,0.998,0.9804,0.9686,-1.0,-1.0,-1.0,-1.0,-1.0,1.0,0.99999,0.0417,181.0,61.8462,119.154,1.62732,0.186139,51.1845,0.373377,1.0,-999,-999,37314.92953,37268.19847,263736.0,386784718.0
27421,6.449,LH2,-1.165,44.83,-2.978,10.245,PI-SIDIS,0.44,4.4,0.52,2.0,98.08,59.272,97.855,59.136,87.338,52.781,246.422,148.919,135.989,82.181,1.0,0.9977,0.978,0.9662,-1.0,-1.0,-1.0,-1.0,-1.0,1.0,0.99999,0.0443,243.0,79.3846,163.615,1.73813,0.167668,51.215,0.364066,1.0,-999,-999,48235.2163,48164.5257,340074.0,497672864.0
27423,6.449,LH2,-1.165,44.83,-2.978,10.245,PI-SIDIS,0.44,4.4,0.52,2.0,99.112,59.823,98.906,59.699,88.275,53.282,248.202,149.812,137.465,82.972,0.9998,0.9978,0.979,0.967,-1.0,-1.0,-1.0,-1.0,-1.0,1.0,0.99996,0.0444,278.0,88.3846,189.615,1.99168,0.177261,51.1445,0.426294,1.0,-999,-999,48616.99449,48557.01851,342817.0,502990920.0
27424,6.449,LH2,-1.165,44.83,-2.978,10.245,PI-SIDIS,0.44,4.4,0.52,2.0,105.556,59.287,105.27,59.127,93.932,52.759,265.399,149.066,146.307,82.176,0.9998,0.9976,0.981,0.9659,-1.0,-1.0,-1.0,-1.0,-1.0,1.0,0.99998,0.0443,282.0,90.6923,191.308,1.89034,0.167972,51.1935,0.403233,1.0,-999,-999,51822.95479,51753.85821,365178.0,535399058.0
27425,6.449,LH2,-1.165,44.83,-2.978,10.245,PI-SIDIS,0.44,4.4,0.52,2.0,82.638,58.113,82.359,57.917,73.498,51.685,208.989,146.965,114.456,80.488,0.9999,0.9973,0.9771,0.9681,-1.0,-1.0,-1.0,-1.0,-1.0,1.0,0.99999,0.0441,235.0,68.3077,166.692,2.10035,0.195305,51.1999,0.347691,1.0,-999,-999,40593.93584,40539.16116,286504.0,418848332.0
27426,6.449,LH2,-1.165,44.83,-2.978,10.245,PI-SIDIS,0.44,4.4,0.52,2.0,99.856,58.974,99.562,58.8,88.837,52.466,251.407,148.478,138.335,81.699,0.9999,0.9981,0.9814,0.9685,-1.0,-1.0,-1.0,-1.0,-1.0,1.0,0.99998,0.0443,284.0,88.0769,195.923,2.04106,0.177644,51.1982,0.379968,1.0,-999,-999,48939.88767,48878.91233,346067.0,506428279.0
27427,6.449,LH2,-1.165,44.83,-2.978,10.245,PI-SIDIS,0.44,4.4,0.52,2.0,91.284,59.588,91.073,59.45,81.252,53.04,229.163,149.592,126.516,82.586,0.9998,0.9981,0.9785,0.9693,-1.0,-1.0,-1.0,-1.0,-1.0,1.0,0.99999,0.0443,232.0,72.2308,159.769,1.81824,0.175405,51.1831,0.431587,1.0,-999,-999,44783.50116,44727.73284,315841.0,463265736.0
27428,6.449,LH2,-1.165,44.83,-2.978,10.245,PI-SIDIS,0.44,4.4,0.52,2.0,105.971,60.917,105.744,60.787,94.301,54.208,262.824,151.083,146.878,84.433,0.9996,0.9983,0.978,0.9674,-1.0,-1.0,-1.0,-1.0,-1.0,1.0,0.99997,0.0447,292.0,86.1538,205.846,2.02177,0.169728,51.2128,0.378654,1.0,-999,-999,51999.94989,51930.83911,365353.0,537813781.0
27429,6.449,LH2,-1.165,44.83,-2.978,10.245,PI-SIDIS,0.44,4.4,0.52,2.0,108.093,60.899,107.816,60.743,96.126,54.157,268.523,151.284,149.748,84.367,0.9996,0.9983,0.9711,0.96,-1.0,-1.0,-1.0,-1.0,1.0,-1.0,0.99951,0.0446,313.0,94.3077,218.692,2.2522,0.184298,51.2373,0.384335,1.0,-999,-999,53140.66418,53076.99982,373457.0,548207338.0
27430,6.449,LH2,-1.165,44.83,-2.978,10.245,HMSDIS,0.44,4.4,0.52,2.0,54662.682,57.734,54463.666,57.523,48583.694,51.313,139385.589,147.216,75663.848,79.915,0.9999,0.9984,-999,-999,-1.0,-1.0,-1.0,1.0,-1.0,-1.0,-999,95.6213,-999,-999,-999,-999,-999,-999,-999,1.0,-999,-999,-999,-999,188480.0,276944293.0
27431,6.449,LH2,-1.165,44.83,-2.978,10.245,HMSDIS,0.44,4.4,0.52,2.0,53842.223,60.447,53675.204,60.26,47891.586,53.767,133675.696,150.074,74574.878,83.723,0.9998,0.9983,-999,-999,-1.0,-1.0,5.0,-1.0,-1.0,-1.0,-999,95.5463,-999,-999,-999,-999,-999,-999,-999,1.0,-999,-999,-999,-999,185843.0,272934025.0
27432,6.449,Dummy,-1.165,44.83,-2.978,10.245,PI-SIDIS,0.44,4.4,0.52,2.0,72.655,40.252,72.33,40.072,64.321,35.635,273.129,151.319,100.182,55.503,1.0,0.9987,0.9709,0.9633,-1.0,-1.0,-1.0,-1.0,-1.0,1.0,0.99996,0.0103,42.0,3.0,39.0,0.561548,0.0935701,51.321,0.418534,1.0,-999,-999,35570.54406,35525.53094,92323.0,151082730.0
27433,6.449,Dummy,-1.165,44.83,-2.978,10.245,PI-SIDIS,0.44,4.4,0.52,2.0,68.607,39.832,68.32,39.666,60.77,35.283,258.349,149.995,94.651,54.954,1.0,0.998,0.9761,0.96,-1.0,-1.0,-1.0,-1.0,-1.0,1.0,1.0,0.0102,25.0,3.15385,21.8462,0.334179,0.0768549,51.3874,0.232457,1.0,-999,-999,33668.15462,33630.16738,86985.0,142804426.0
27435,6.449,Dummy,-1.165,44.83,-2.978,10.245,PI-SIDIS,0.44,4.4,0.52,2.0,45.99,39.772,45.755,39.569,40.755,35.245,173.182,149.77,63.47,54.889,1.0,0.9957,0.9651,0.9562,-1.0,-1.0,-1.0,-1.0,-1.0,1.0,1.0,0.0102,31.0,2.30769,28.6923,0.658301,0.128109,51.3533,0.356949,1.0,-999,-999,22469.22239,22441.31061,58482.0,95845834.0
27436,6.449,Dummy,-1.165,44.83,-2.978,10.245,PI-SIDIS,0.44,4.4,0.52,2.0,58.692,40.136,58.449,39.97,51.853,35.459,220.483,150.776,80.767,55.232,1.0,1.0,0.9812,0.9671,-1.0,-1.0,-1.0,-1.0,-1.0,1.0,1.0,0.0103,34.0,3.61538,30.3846,0.539591,0.103973,51.2002,0.549036,1.0,-999,-999,28739.60333,28683.64267,74172.0,122403552.0
27437,6.449,Dummy,-1.165,44.83,-2.978,10.245,PI-SIDIS,0.44,4.4,0.52,2.0,95.138,40.396,94.65,40.189,84.204,35.754,355.984,151.154,131.135,55.681,1.0,0.9995,0.973,0.9529,-1.0,-1.0,-1.0,-1.0,-1.0,1.0,1.0,0.0103,65.0,5.61538,59.3846,0.660642,0.0899886,51.1734,0.361007,1.0,-999,-999,46572.61867,46501.97333,120681.0,198057826.0
27438,6.449,Dummy,-1.165,44.83,-2.978,10.245,HMSDIS,0.44,4.4,0.52,2.0,36055.239,39.895,35884.657,39.706,31826.576,35.216,135653.592,150.1,49477.341,54.746,0.9999,0.9988,-999,-999,-1.0,-1.0,-1.0,1.0,-1.0,-1.0,-999,98.9771,-999,-999,-999,-999,-999,-999,-999,1.0,-999,-999,-999,-999,45815.0,75035759.0
27439,6.449,LD2,-1.165,44.83,-2.978,10.245,PI-SIDIS,0.44,4.4,0.52,2.0,48.876,28.205,48.665,28.084,42.85,24.728,260.787,150.495,66.478,38.363,0.9997,0.9986,0.9832,0.9747,-1.0,-1.0,-1.0,-1.0,-1.0,1.0,0.99996,0.0446,257.0,86.9231,170.077,3.59908,0.343629,51.2877,0.341662,1.0,-999,-999,23930.49077,23898.55123,311448.0,499825793.0
27440,6.449,LD2,-1.165,44.83,-2.978,10.245,PI-SIDIS,0.44,4.4,0.52,2.0,40.829,28.119,40.669,28.009,35.955,24.762,218.183,150.261,55.969,38.545,1.0,0.9982,0.9823,0.9742,-1.0,-1.0,-1.0,-1.0,-1.0,1.0,0.99996,0.0445,259.0,67.9231,191.077,4.83989,0.411731,51.201,0.376577,1.0,-999,-999,20044.45937,20020.39563,260270.0,417909241.0
27442,6.449,LH2,-1.165,26.6,-2.738,7.5,PI-SIDIS,-999,-999,-999,-999,34.018,21.165,33.843,21.056,29.888,18.595,191.935,119.413,44.995,27.994,0.9997,0.9987,0.9844,0.9753,-1.0,-1.0,-1.0,-1.0,-1.0,1.0,0.99987,0.0444,1961.0,638.0,1323.0,40.2447,1.36382,51.2176,0.363695,1.0,-999,-999,16637.47909,16616.85391,2075848.0,465849632.0
27443,6.449,LH2,-1.165,26.6,-2.738,7.5,PI-SIDIS,-999,-999,-999,-999,31.998,21.182,31.845,21.081,28.128,18.62,180.61,119.559,42.4,28.068,0.9998,0.9988,0.9845,0.9748,-1.0,-1.0,-1.0,-1.0,-1.0,1.0,1.00049,0.0444,1829.0,593.462,1235.54,39.9587,1.40028,51.2213,0.364815,1.0,-999,-999,15663.25539,15643.01461,1952605.0,437859469.0
27444,6.449,LH2,-1.165,26.6,-2.738,7.5,PI-SIDIS,-999,-999,-999,-999,36.532,21.115,36.374,21.023,32.136,18.574,206.342,119.26,48.451,28.003,0.9999,0.9987,0.985,0.9748,-1.0,-1.0,-1.0,-1.0,-1.0,1.0,0.99985,0.0443,2195.0,670.154,1524.85,43.1701,1.34188,51.2167,0.361872,1.0,-999,-999,17884.39767,17863.36833,2229417.0,500113587.0
27445,6.449,LH2,-1.165,26.6,-2.738,7.5,PI-SIDIS,-999,-999,-999,-999,37.871,21.338,37.705,21.244,33.315,18.77,213.949,120.545,50.523,28.466,0.9999,0.9986,0.9845,0.9751,-1.0,-1.0,-1.0,-1.0,-1.0,1.0,0.99987,0.0444,2168.0,699.385,1468.62,40.0984,1.28698,51.2265,0.363789,1.0,-999,-999,18541.23168,18518.88332,2313134.0,518281976.0
27446,6.449,LH2,-1.165,26.6,-2.738,7.5,PI-SIDIS,-999,-999,-999,-999,38.019,21.347,37.837,21.244,33.467,18.791,214.895,120.659,50.815,28.531,0.9997,0.9987,0.9848,0.9747,-1.0,-1.0,-1.0,-1.0,-1.0,1.0,0.99988,0.0444,2157.0,712.154,1444.85,39.3359,1.28038,51.2322,0.368086,1.0,-999,-999,18606.93603,18584.48697,2320330.0,519975558.0
27447,6.449,LH2,-1.165,26.6,-2.738,7.5,PI-SIDIS,-999,-999,-999,-999,36.445,21.23,36.255,21.12,32.094,18.696,206.091,120.053,49.446,28.804,0.9998,0.9986,0.985,0.9745,-1.0,-1.0,-1.0,-1.0,-1.0,1.0,0.99985,0.0443,2114.0,668.077,1445.92,41.0878,1.32232,51.2281,0.363443,1.0,-999,-999,17822.83196,17802.23304,2227672.0,498278122.0
27448,6.449,LH2,-1.165,26.6,-2.738,7.5,PI-SIDIS,-999,-999,-999,-999,35.916,21.145,35.748,21.046,31.672,18.646,203.367,119.728,49.32,29.036,0.9998,0.9988,0.9848,0.975,-1.0,-1.0,-1.0,-1.0,-1.0,1.0,0.99989,0.0443,2045.0,664.692,1380.31,39.7594,1.31878,51.2158,0.360099,1.0,-999,-999,17575.75769,17555.81331,2198537.0,491309559.0
27449,6.449,LH2,-1.165,26.6,-2.738,7.5,PI-SIDIS,-999,-999,-999,-999,34.644,21.201,34.494,21.109,30.585,18.717,196.378,120.177,47.668,29.172,0.9998,0.9985,0.9848,0.9747,-1.0,-1.0,-1.0,-1.0,-1.0,1.0,0.9999,0.0441,1965.0,637.846,1327.15,39.6335,1.34023,51.2261,0.367352,1.0,-999,-999,16955.84394,16936.61706,2132305.0,474248966.0
27451,6.449,LH2,-1.165,26.6,-2.738,7.5,PI-SIDIS,-999,-999,-999,-999,37.427,21.259,37.27,21.17,33.07,18.784,212.307,120.595,51.581,29.299,0.9998,0.9988,0.9729,0.9623,-1.0,-1.0,-1.0,-1.0,1.0,-1.0,0.96409,0.0443,2128.0,668.923,1459.08,42.2063,1.35043,51.2153,0.360692,1.0,-999,-999,18328.1825,18305.0135,2312418.0,512441975.0
27452,6.449,LH2,-1.165,26.6,-2.738,7.5,HMSDIS,-999,-999,-999,-999,17188.236,21.206,17117.601,21.119,15194.692,18.746,97554.559,120.357,23709.629,29.251,0.9998,0.9987,-999,-999,-1.0,-1.0,-1.0,2.0,-1.0,-1.0,-999,95.5721,-999,-999,-999,-999,-999,-999,-999,1.0,-999,-999,-999,-999,1061209.0,235340514.0
27453,6.449,LH2,-1.165,26.6,-2.738,7.5,HMSDIS,-999,-999,-999,-999,18830.121,21.128,18745.017,21.033,16651.791,18.684,106902.414,119.948,25982.144,29.153,0.9996,0.9987,-999,-999,-1.0,-1.0,33.0,-1.0,-1.0,-1.0,-999,95.5787,-999,-999,-999,-999,-999,-999,-999,1.0,-999,-999,-999,-999,1165540.0,257721441.0
27454,6.449,Dummy,-1.165,26.6,-2.738,7.5,PI-SIDIS,-999,-999,-999,-999,72.887,46.012,72.571,45.813,64.286,40.583,228.465,144.226,100.038,63.153,0.9998,0.9985,0.9858,0.976,-1.0,-1.0,-1.0,-1.0,-1.0,1.0,0.99988,0.041,1421.0,460.462,960.538,13.6149,0.540932,51.2715,0.342304,1.0,-999,-999,35662.94148,35611.90652,1595393.0,401850067.0
27455,6.449,Dummy,-1.165,26.6,-2.738,7.5,PI-SIDIS,-999,-999,-999,-999,84.843,49.156,84.495,48.955,74.642,43.246,258.785,149.935,116.191,67.319,0.9998,0.9987,0.985,0.9771,-1.0,-1.0,-1.0,-1.0,-1.0,1.0,0.99992,0.0418,1620.0,553.231,1066.77,12.9726,0.495843,51.288,0.351383,1.0,-999,-999,41548.57094,41490.94106,1851799.0,467317095.0
27456,6.449,Dummy,-1.165,26.6,-2.738,7.5,PI-SIDIS,-999,-999,-999,-999,85.899,49.58,85.572,49.392,75.926,43.824,261.794,151.105,118.597,68.453,0.9998,0.9987,0.9843,0.9747,-1.0,-1.0,-1.0,-1.0,-1.0,1.0,0.99988,0.0418,1656.0,557.692,1098.31,13.2204,0.496141,51.2324,0.359084,1.0,-999,-999,42077.71323,42026.11477,1874632.0,473620585.0
27457,6.449,Dummy,-1.165,26.6,-2.738,7.5,HMSDIS,-999,-999,-999,-999,37664.608,46.931,37519.417,46.75,33372.828,41.584,117326.752,146.193,52144.17,64.973,0.9997,0.9985,-999,-999,-1.0,-1.0,-1.0,2.0,-1.0,-1.0,-999,95.9008,-999,-999,-999,-999,-999,-999,-999,1.0,-999,-999,-999,-999,823997.0,207749868.0
27458,6.449,LH2,-1.165,26.6,-2.738,7.5,PI-SIDIS,-999,-999,-999,-999,38.056,21.361,37.879,21.262,33.617,18.869,215.882,121.177,52.499,29.469,0.9998,0.9984,0.9853,0.9755,-1.0,-1.0,-1.0,-1.0,-1.0,1.0,0.99987,0.0443,2181.0,710.846,1470.15,39.9507,1.28489,51.2388,0.364908,1.0,-999,-999,18628.19872,18606.11928,2354902.0,520838417.0
27459,6.449,LH2,-1.165,26.6,-2.738,7.5,PI-SIDIS,-999,-999,-999,-999,7.093,20.998,7.055,20.885,6.245,18.489,40.104,118.724,9.739,28.831,0.9999,0.9986,0.9849,0.9731,-1.0,-1.0,-1.0,-1.0,-1.0,1.0,0.99987,0.0442,389.0,133.923,255.077,37.3121,2.923,51.2769,0.372863,1.0,-999,-999,3451.32472,3447.57828,439316.0,96977274.0
27460,6.449,LH2,-1.165,26.6,-2.738,7.5,PI-SIDIS,-999,-999,-999,-999,36.585,21.245,36.415,21.147,32.031,18.601,205.717,119.461,49.819,28.93,0.9998,0.9987,0.9845,0.9747,-1.0,-1.0,-1.0,-1.0,-1.0,1.0,0.99986,0.0444,2089.0,684.923,1404.08,39.7214,1.30922,51.2748,0.339205,1.0,-999,-999,17907.18334,17884.13466,2262007.0,500286591.0
27461,6.449,LH2,-1.165,26.6,-2.738,7.5,PI-SIDIS,-999,-999,-999,-999,36.708,21.181,36.547,21.089,32.246,18.607,207.072,119.485,50.317,29.034,0.9996,0.9985,0.9849,0.9751,-1.0,-1.0,-1.0,-1.0,-1.0,1.0,0.99986,0.0443,2031.0,684.308,1346.69,37.9525,1.28642,51.2528,0.358271,1.0,-999,-999,17969.28978,17946.73022,2272129.0,502047386.0
27462,6.449,LH2,-1.165,26.6,-2.738,7.5,PI-SIDIS,-999,-999,-999,-999,39.373,21.321,39.207,21.231,34.708,18.795,222.874,120.688,54.258,29.381,0.9997,0.9981,0.9854,0.9745,-1.0,-1.0,-1.0,-1.0,-1.0,1.0,0.99988,0.0443,2185.0,733.846,1451.15,38.1414,1.24437,51.2032,0.377725,1.0,-999,-999,19282.69897,19258.75403,2436346.0,538986294.0
27463,6.449,LH2,-1.165,26.6,-2.738,7.5,PI-SIDIS,-999,-999,-999,-999,28.181,21.322,28.062,21.232,24.898,18.839,159.871,120.962,38.913,29.442,0.9999,0.9984,0.9854,0.9749,-1.0,-1.0,-1.0,-1.0,-1.0,1.0,0.99985,0.0444,1541.0,522.769,1018.23,37.3714,1.45945,51.2047,0.348743,1.0,-999,-999,13788.59773,13772.91727,1746970.0,385946493.0
27464,6.449,LH2,-1.165,26.6,-2.738,7.5,PI-SIDIS,-999,-999,-999,-999,36.551,21.109,36.374,21.006,32.213,18.603,206.88,119.475,50.276,29.035,0.9998,0.9982,0.9848,0.9743,-1.0,-1.0,-1.0,-1.0,-1.0,1.0,0.99987,0.0441,2112.0,679.769,1432.23,40.5799,1.31812,51.2355,0.349806,1.0,-999,-999,17883.29464,17861.27936,2258312.0,500167719.0
27465,6.449,LH2,-1.165,26.6,-2.738,7.5,PI-SIDIS,-999,-999,-999,-999,36.935,21.106,36.754,21.002,32.369,18.497,207.883,118.791,50.387,28.793,0.9999,0.9984,0.9845,0.975,-1.0,-1.0,-1.0,-1.0,-1.0,1.0,0.99985,0.0443,2090.0,685.769,1404.23,39.3432,1.29693,51.276,0.357506,1.0,-999,-999,18070.08292,18048.08408,2286899.0,504858446.0
27466,6.449,LH2,-1.165,26.6,-2.738,7.5,PI-SIDIS,-999,-999,-999,-999,39.782,21.452,39.598,21.354,34.957,18.851,224.504,121.065,54.617,29.453,0.9998,0.9984,0.9844,0.9744,-1.0,-1.0,-1.0,-1.0,-1.0,1.0,0.99986,0.0445,2222.0,743.769,1478.23,38.4702,1.24244,51.2744,0.351096,1.0,-999,-999,19474.34857,19450.38043,2461833.0,544064356.0
27467,6.449,LH2,-1.165,26.6,4.929,7.5,PI+SIDIS,-999,-999,-999,-999,72.797,59.126,72.679,59.03,64.644,52.504,173.181,140.658,97.207,78.951,0.9997,0.9977,0.9832,0.9803,-1.0,-1.0,-1.0,-1.0,-1.0,1.0,0.99977,0.0214,3930.0,448.923,3481.08,48.9697,0.885748,51.2653,0.374626,1.0,-999,-999,35668.9101,35624.1479,4467821.0,40602657.0
27468,6.449,LH2,-1.165,26.6,4.929,7.5,PI+SIDIS,-999,-999,-999,-999,92.834,62.249,92.623,62.108,82.416,55.264,218.509,146.519,127.256,85.33,0.9996,0.9978,0.9847,0.9799,-1.0,-1.0,-1.0,-1.0,-1.0,1.0,0.99977,0.0209,5146.0,570.846,4575.15,50.5255,0.795582,51.2792,0.372086,1.0,-999,-999,45644.69128,45582.41972,5707103.0,51771485.0
27469,6.449,LH2,-1.165,26.6,4.929,7.5,HMSDIS,-999,-999,-999,-999,47329.022,64.454,47190.47,64.265,41978.432,57.167,108029.172,147.116,64713.139,88.128,0.9997,0.9977,-999,-999,-1.0,-1.0,-1.0,5.0,-1.0,-1.0,-999,97.8526,-999,-999,-999,-999,-999,-999,-999,1.0,-999,-999,-999,-999,2903991.0,26373804.0
27470,6.449,LH2,-1.165,26.6,4.929,7.5,HMSDIS,-999,-999,-999,-999,86355.451,63.571,86157.597,63.425,76611.996,56.398,197651.165,145.502,118066.049,86.915,0.9998,0.9977,-999,-999,-1.0,-1.0,65.0,-1.0,-1.0,-1.0,-999,97.8545,-999,-999,-999,-999,-999,-999,-999,1.0,-999,-999,-999,-999,5310282.0,48216385.0
27471,6.449,Dummy,-1.165,26.6,4.929,7.5,PI+SIDIS,-999,-999,-999,-999,92.185,49.428,91.815,49.23,81.635,43.771,279.927,150.092,127.604,68.419,0.9998,0.9978,0.9866,0.9863,-1.0,-1.0,-1.0,-1.0,-1.0,1.0,1.0,0.0034,1093.0,32.6923,1060.31,11.7175,0.365773,51.3063,0.340454,1.0,-999,-999,45146.19356,45089.24244,2026899.0,10839984.0
27472,6.449,Dummy,-1.165,26.6,4.929,7.5,HMSDIS,-999,-999,-999,-999,912.51,50.529,908.831,50.326,807.794,44.731,2751.093,152.339,1262.726,69.922,0.9996,0.9968,-999,-999,-1.0,-1.0,-1.0,5.0,-1.0,-1.0,-999,99.6539,-999,-999,-999,-999,-999,-999,-999,1.0,-999,-999,-999,-999,19911.0,107639.0
27473,6.449,LH2,-1.165,26.6,2.738,7.5,PI+SIDIS,-999,-999,-999,-999,42.267,24.533,42.065,24.416,37.203,21.594,238.967,138.703,58.139,33.745,0.9998,0.9982,0.9807,0.981,-1.0,-1.0,-1.0,-1.0,-1.0,1.0,0.99983,0.0433,3877.0,1145.23,2731.77,66.472,1.53222,51.2505,0.364503,1.0,-999,-999,20702.65686,20676.77314,2614539.0,60071903.0
27474,6.449,LH2,-1.165,26.6,2.738,7.5,PI+SIDIS,-999,-999,-999,-999,47.216,25.221,46.944,25.076,41.49,22.162,266.488,142.348,64.825,34.627,0.9998,0.9983,0.9823,0.9803,-1.0,-1.0,-1.0,-1.0,-1.0,1.0,0.99984,0.0442,4377.0,1318.38,3058.62,66.7418,1.46028,51.27,0.367378,1.0,-999,-999,23139.9436,23111.2304,2920761.0,66919667.0
27475,6.449,LH2,-1.165,26.6,2.738,7.5,PI+SIDIS,-999,-999,-999,-999,42.396,25.356,42.171,25.222,37.225,22.264,239.104,143.004,58.163,34.786,0.9997,0.9984,0.9804,0.9809,-1.0,-1.0,-1.0,-1.0,-1.0,1.0,0.99979,0.0443,3889.0,1164.15,2724.85,66.1548,1.53138,51.2768,0.356885,1.0,-999,-999,20733.69759,20708.84641,2622733.0,60050951.0
27476,6.449,LH2,-1.165,26.6,2.738,7.5,PI+SIDIS,-999,-999,-999,-999,43.999,25.178,43.786,25.056,38.612,22.096,248.001,141.917,60.305,34.509,0.9998,0.9985,0.9802,0.9807,-1.0,-1.0,-1.0,-1.0,-1.0,1.0,0.99986,0.0442,3972.0,1206.23,2765.77,64.6776,1.49093,51.2765,0.356663,1.0,-999,-999,21529.18591,21504.85809,2723344.0,62277181.0
27477,6.449,LH2,-1.165,26.6,2.738,7.5,PI+SIDIS,-999,-999,-999,-999,42.041,25.072,41.843,24.954,36.866,21.986,236.793,141.217,57.441,34.256,0.9998,0.9985,0.9819,0.9819,-1.0,-1.0,-1.0,-1.0,-1.0,1.0,0.99985,0.0442,3688.0,1152.23,2535.77,61.9776,1.50203,51.28,0.358426,1.0,-999,-999,20570.79046,20545.34254,2602914.0,59512097.0
27478,6.449,LH2,-1.165,26.6,2.738,7.5,PI+SIDIS,-999,-999,-999,-999,42.831,24.968,42.63,24.851,37.544,21.887,241.191,140.603,58.525,34.117,0.9998,0.9985,0.9801,0.9815,-1.0,-1.0,-1.0,-1.0,-1.0,1.0,0.9998,0.0441,3837.0,1170.77,2666.23,63.988,1.50395,51.274,0.357371,1.0,-999,-999,20956.4803,20932.6287,2649007.0,60615781.0
27479,6.449,LH2,-1.165,26.6,2.738,7.5,PI+SIDIS,-999,-999,-999,-999,39.274,24.873,39.052,24.732,34.441,21.812,221.212,140.096,53.746,34.038,0.9998,0.9987,0.9815,0.9811,-1.0,-1.0,-1.0,-1.0,-1.0,1.0,0.99982,0.0441,3531.0,1061.69,2469.31,64.7206,1.57537,51.2671,0.351361,1.0,-999,-999,19196.58544,19173.72156,2430505.0,55645970.0
27480,6.449,LH2,-1.165,26.6,2.738,7.5,PI+SIDIS,-999,-999,-999,-999,44.236,25.286,44.008,25.155,38.895,22.233,249.809,142.794,60.814,34.762,0.9997,0.9987,0.9804,0.9819,-1.0,-1.0,-1.0,-1.0,-1.0,1.0,0.99982,0.0441,3899.0,1202.46,2696.54,62.6696,1.46831,51.2677,0.363934,1.0,-999,-999,21642.20645,21615.06255,2737934.0,62716937.0
27481,6.449,LH2,-1.165,26.6,2.738,7.5,PI+SIDIS,-999,-999,-999,-999,5.049,25.549,5.024,25.42,4.444,22.489,28.547,144.455,6.95,35.166,0.9998,0.9989,0.97,0.9691,-1.0,-1.0,-1.0,-1.0,1.0,-1.0,0.9349,0.0443,414.0,130.692,283.308,62.2534,4.52496,51.2574,0.341611,1.0,-999,-999,2443.29249,2440.33251,311199.0,7168379.0
27482,6.449,LH2,-1.165,26.6,2.738,7.5,PI+SIDIS,-999,-999,-999,-999,39.145,24.94,38.957,24.821,34.512,21.989,221.672,141.235,53.956,34.377,0.9998,0.9987,0.9824,0.9816,-1.0,-1.0,-1.0,-1.0,-1.0,1.0,0.99983,0.044,3578.0,1057.15,2520.85,66.1979,1.58854,51.2527,0.366466,1.0,-999,-999,19197.78301,19174.22099,2421472.0,55642728.0
27483,6.449,LH2,-1.165,26.6,2.738,7.5,PI+SIDIS,-999,-999,-999,-999,49.203,25.11,48.98,24.996,43.422,22.159,278.854,142.308,67.867,34.635,0.9998,0.9987,0.9813,0.9814,-1.0,-1.0,-1.0,-1.0,-1.0,1.0,0.99984,0.044,4463.0,1342.15,3120.85,65.1958,1.41165,51.2462,0.362391,1.0,-999,-999,24088.17274,24057.28126,3047903.0,69980568.0
27484,6.449,LH2,-1.165,26.6,2.738,7.5,HMSDIS,-999,-999,-999,-999,20800.856,24.926,20709.256,24.816,18370.491,22.013,117980.72,141.377,28716.42,34.411,0.9998,0.999,-999,-999,-1.0,-1.0,-1.0,5.0,-1.0,-1.0,-999,95.6141,-999,-999,-999,-999,-999,-999,-999,1.0,-999,-999,-999,-999,1287537.0,29592079.0
27485,6.449,LH2,-1.165,26.6,2.738,7.5,HMSDIS,-999,-999,-999,-999,21669.431,25.015,21572.753,24.903,19147.549,22.104,122970.608,141.955,29926.509,34.547,0.9997,0.9988,-999,-999,-1.0,-1.0,129.0,-1.0,-1.0,-1.0,-999,95.6001,-999,-999,-999,-999,-999,-999,-999,1.0,-999,-999,-999,-999,1341468.0,30874872.0
27486,6.449,Dummy,-1.165,26.6,2.738,7.5,PI+SIDIS,-999,-999,-999,-999,82.939,49.13,82.539,48.892,73.629,43.614,252.084,149.323,115.125,68.195,0.9998,0.9988,0.9834,0.9844,-1.0,-1.0,-1.0,-1.0,-1.0,1.0,0.99991,0.0305,2138.0,598.462,1539.54,19.0076,0.576986,51.2394,0.366906,1.0,-999,-999,40569.90633,40518.34267,1820668.0,37043938.0
27487,6.449,Dummy,-1.165,26.6,2.738,7.5,PI+SIDIS,-999,-999,-999,-999,82.156,49.281,81.795,49.064,72.816,43.678,249.453,149.633,113.769,68.244,0.9998,0.9987,0.9832,0.9848,-1.0,-1.0,-1.0,-1.0,-1.0,1.0,0.99991,0.0305,2003.0,592.385,1410.62,17.5671,0.563661,51.2581,0.380677,1.0,-999,-999,40216.42267,40161.45433,1802809.0,36609136.0
27488,6.449,Dummy,-1.165,26.6,2.738,7.5,HMSDIS,-999,-999,-999,-999,44330.708,50.018,44143.283,49.806,39052.213,44.062,133920.765,151.102,60827.446,68.631,0.9997,0.9988,-999,-999,-1.0,-1.0,-1.0,5.0,-1.0,-1.0,-999,96.931,-999,-999,-999,-999,-999,-999,-999,1.0,-999,-999,-999,-999,972885.0,19699096.0
27490,6.449,LH2,1.165,26.6,4.929,7.5,PI+SIDIS,-999,-999,-999,-999,47.472,62.995,47.387,62.882,42.096,55.861,108.806,144.384,63.179,83.838,0.9984,0.9963,0.9831,0.981,-1.0,-1.0,-1.0,-1.0,-1.0,1.0,0.99964,0.0219,48.0,40.8462,7.15385,0.154192,0.154139,51.3,0.5,1.0,-999,-999,23210.48699,23175.68501,614256.0,26553316.0
27491,6.449,LH2,1.165,26.6,4.929,7.5,HMSDIS,-999,-999,-999,-999,60829.082,64.558,60737.601,64.461,54004.087,57.315,137210.176,145.622,80947.156,85.91,0.9986,0.9963,-999,-999,-1.0,-1.0,-1.0,5.0,-1.0,-1.0,-999,97.7985,-999,-999,-999,-999,-999,-999,-999,1.0,-999,-999,-999,-999,786709.0,33991308.0
27492,6.449,LH2,1.165,26.6,4.929,7.5,PI+SIDIS,-999,-999,-999,-999,70.482,67.746,70.38,67.647,62.636,60.204,155.043,149.022,93.828,90.185,0.9984,0.9961,0.9843,0.9802,-1.0,-1.0,-1.0,-1.0,-1.0,1.0,0.9996,0.0223,81.0,57.1538,23.8462,0.346358,0.134223,51.3,0.5,1.0,-999,-999,34543.05334,34499.12366,913484.0,39445219.0
27493,6.449,Dummy,1.165,26.6,4.929,7.5,PI+SIDIS,-999,-999,-999,-999,45.966,50.684,45.787,50.487,40.826,45.017,138.156,152.338,63.885,70.443,1.0,0.9967,0.9835,0.9836,-1.0,-1.0,-1.0,-1.0,-1.0,1.0,1.0,0.0034,2.0,1.23077,0.769231,0.0170803,0.0321364,51.3,0.5,1.0,-999,-999,22467.89603,22439.69197,147287.0,5422750.0
27494,6.449,Dummy,1.165,26.6,4.929,7.5,HMSDIS,-999,-999,-999,-999,45704.014,49.559,45510.161,49.349,40582.654,44.006,138402.912,150.077,63476.424,68.831,0.9988,0.9983,-999,-999,-1.0,-1.0,-1.0,5.0,-1.0,-1.0,-999,99.6606,-999,-999,-999,-999,-999,-999,-999,1.0,-999,-999,-999,-999,146538.0,5392212.0
27495,6.449,Dummy,1.165,26.6,2.738,7.5,PI+SIDIS,-999,-999,-999,-999,75.927,44.056,75.55,43.837,66.711,38.708,255.819,148.437,103.889,60.28,0.9981,0.9982,0.9822,0.9846,-1.0,-1.0,-1.0,-1.0,-1.0,1.0,0.99994,0.0275,107.0,49.6154,57.3846,0.772949,0.141794,51.3,0.5,1.0,-999,-999,37139.72424,37094.08876,246162.0,33438382.0
27496,6.449,LH2,1.165,26.6,2.738,7.5,PI+SIDIS,-999,-999,-999,-999,47.753,25.12,47.517,24.995,41.963,22.074,269.544,141.79,65.577,34.496,0.999,0.9979,0.98,0.982,-1.0,-1.0,-1.0,-1.0,-1.0,1.0,0.99978,0.044,288.0,174.846,113.154,2.42796,0.372545,51.3,0.5,1.0,-999,-999,23421.42282,23393.02918,602020.0,67763298.0
27497,6.449,LH2,1.165,26.6,2.738,7.5,PI+SIDIS,-999,-999,-999,-999,47.514,25.219,47.296,25.103,41.902,22.24,269.147,142.857,65.537,34.785,0.9983,0.9975,0.9822,0.9819,-1.0,-1.0,-1.0,-1.0,-1.0,1.0,0.99976,0.044,270.0,170.538,99.4615,2.14588,0.363023,51.3,0.5,1.0,-999,-999,23311.77625,23282.79175,595962.0,67521329.0
27498,6.449,LH2,1.165,26.6,2.738,7.5,HMSDIS,-999,-999,-999,-999,24663.722,25.193,24554.998,25.082,21787.092,22.255,139955.598,142.962,34080.793,34.813,0.9989,0.9977,-999,-999,-1.0,-1.0,-1.0,5.0,-1.0,-1.0,-999,95.5946,-999,-999,-999,-999,-999,-999,-999,1.0,-999,-999,-999,-999,310251.0,35105940.0
27499,6.449,LH2,1.165,26.6,2.738,7.5,HMSDIS,-999,-999,-999,-999,23057.333,25.441,22954.753,25.328,20383.397,22.49,130931.313,144.465,31886.815,35.183,0.9983,0.9978,-999,-999,-1.0,-1.0,-1.0,5.0,-1.0,-1.0,-999,95.6,-999,-999,-999,-999,-999,-999,-999,1.0,-999,-999,-999,-999,289569.0,32808017.0
27500,6.449,LH2,1.165,26.6,-2.738,7.5,PI-SIDIS,-999,-999,-999,-999,41.487,21.296,41.287,21.193,36.334,18.651,233.418,119.819,56.596,29.052,0.9987,0.9979,0.9853,0.9758,-1.0,-1.0,-1.0,-1.0,-1.0,1.0,0.99978,0.0443,198.0,103.0,95.0,2.36161,0.356728,51.3,0.5,1.0,-999,-999,20308.84475,20283.66825,525067.0,566974371.0
27501,6.449,LH2,1.165,26.6,-2.738,7.5,PI-SIDIS,-999,-999,-999,-999,38.967,21.3,38.785,21.201,34.265,18.73,220.124,120.322,53.586,29.29,0.9988,0.9979,0.9849,0.9758,-1.0,-1.0,-1.0,-1.0,-1.0,1.0,0.9998,0.0443,172.0,92.0,80.0,2.11677,0.354082,51.3,0.5,1.0,-999,-999,19074.48875,19049.24125,492176.0,532500379.0
27502,6.449,Dummy,1.165,26.6,-2.738,7.5,PI-SIDIS,-999,-999,-999,-999,62.88,48.947,62.62,48.744,55.759,43.403,191.47,149.041,87.25,67.916,0.9981,0.9978,0.9844,0.9758,-1.0,-1.0,-1.0,-1.0,-1.0,1.0,0.99988,0.0419,46.0,40.4615,5.53846,0.0908226,0.114921,51.3,0.5,1.0,-999,-999,30761.51557,30723.78743,203429.0,346922834.0
27504,6.449,Dummy,1.165,31.29,-2.766,8.28,PI-SIDIS,-999,-999,-999,-999,88.572,44.766,88.203,44.58,77.91,39.377,297.115,150.169,121.427,61.372,0.9979,0.9982,0.9865,0.9781,-1.0,-1.0,-1.0,-1.0,-1.0,1.0,0.99996,0.0281,31.0,17.3077,13.6923,0.159052,0.0660501,51.3,0.5,1.0,-999,-999,43385.18679,43330.02921,146915.0,355021668.0
27505,6.449,LH2,1.165,31.29,-2.766,8.28,PI-SIDIS,-999,-999,-999,-999,51.649,27.448,51.361,27.295,45.382,24.118,285.464,151.705,70.985,37.723,0.9988,0.998,0.9855,0.9758,-1.0,-1.0,-1.0,-1.0,-1.0,1.0,0.99986,0.043,80.0,56.6923,23.3077,0.46568,0.18351,51.3,0.5,1.0,-999,-999,25259.29376,25226.46024,303906.0,510530075.0
27506,6.449,LH2,1.165,31.29,-2.766,8.28,PI-SIDIS,-999,-999,-999,-999,51.314,26.92,51.052,26.783,45.264,23.746,283.845,148.91,70.831,37.159,0.999,0.9978,0.9855,0.9768,-1.0,-1.0,-1.0,-1.0,-1.0,1.0,0.99989,0.0428,71.0,57.3846,13.6154,0.273335,0.174338,51.3,0.5,1.0,-999,-999,25107.66444,25074.54756,302670.0,507494403.0
27507,6.449,LH2,1.165,31.29,4.978,8.28,PI+SIDIS,-999,-999,-999,-999,58.837,58.335,58.679,58.178,52.163,51.718,150.434,149.15,81.463,80.767,0.9985,0.9968,0.9883,0.9818,-1.0,-1.0,-1.0,-1.0,-1.0,1.0,0.99992,0.0129,15.0,12.3077,2.69231,0.0468064,0.0694252,51.3,0.5,1.0,-999,-999,28803.42876,28768.53524,350788.0,22400599.0
27508,6.449,LH2,1.165,31.29,4.978,8.28,HMSDIS,-999,-999,-999,-999,55343.347,58.067,55195.024,57.912,48831.599,51.235,141575.501,148.543,76017.148,79.759,0.9984,0.9971,-999,-999,-1.0,-1.0,-1.0,5.0,-1.0,-1.0,-999,98.7075,-999,-999,-999,-999,-999,-999,-999,1.0,-999,-999,-999,-999,330475.0,21013092.0
27509,6.449,LH2,1.165,31.29,4.978,8.28,HMSDIS,-999,-999,-999,-999,54534.103,60.006,54394.893,59.853,48039.696,52.86,137616.911,151.426,74876.131,82.39,0.9981,0.997,-999,-999,-1.0,-1.0,-1.0,5.0,-1.0,-1.0,-999,98.6949,-999,-999,-999,-999,-999,-999,-999,1.0,-999,-999,-999,-999,325890.0,20703814.0
27510,6.449,Dummy,1.165,31.29,4.978,8.28,PI+SIDIS,-999,-999,-999,-999,44.663,48.355,44.488,48.166,39.394,42.65,136.647,147.942,61.582,66.673,1.0,0.9954,0.9905,0.9807,-1.0,-1.0,-1.0,-1.0,-1.0,1.0,1.0,0.0024,0.0,0.307692,-0.307692,-0.00705241,0.00352621,51.3,0.5,1.0,-999,-999,21824.16035,21796.35265,74819.0,3492919.0
27511,6.449,Dummy,1.165,31.29,4.978,8.28,HMSDIS,-999,-999,-999,-999,40902.912,48.769,40710.381,48.54,36140.069,43.09,124744.244,148.734,56551.148,67.427,0.9989,0.9978,-999,-999,-1.0,-1.0,-1.0,1.0,-1.0,-1.0,-999,99.7615,-999,-999,-999,-999,-999,-999,-999,1.0,-999,-999,-999,-999,68224.0,3202033.0
27512,6.449,Dummy,1.165,31.29,4.978,8.28,HMSDIS,-999,-999,-999,-999,42761.617,49.405,42560.816,49.173,37848.421,43.728,129641.885,149.782,59233.467,68.436,0.9991,0.9979,-999,-999,-1.0,-1.0,-1.0,1.0,-1.0,-1.0,-999,99.7616,-999,-999,-999,-999,-999,-999,-999,1.0,-999,-999,-999,-999,70627.0,3356441.0
27513,6.449,Dummy,1.165,31.29,2.766,8.28,PI+SIDIS,-999,-999,-999,-999,83.633,50.031,83.287,49.825,74.264,44.427,252.566,151.091,116.16,69.49,0.9974,0.9981,0.9865,0.9825,-1.0,-1.0,-1.0,-1.0,-1.0,1.0,0.99997,0.0249,37.0,21.4615,15.5385,0.19039,0.0761755,51.3,0.5,1.0,-999,-999,40954.42561,40899.66739,139102.0,27618401.0
27514,6.449,LH2,1.165,31.29,2.766,8.28,PI+SIDIS,-999,-999,-999,-999,51.688,30.155,51.453,30.018,45.727,26.677,258.419,150.762,71.482,41.703,0.9982,0.9975,0.9802,0.9803,-1.0,-1.0,-1.0,-1.0,-1.0,1.0,0.99984,0.0447,115.0,76.8462,38.1538,0.757914,0.218431,51.3,0.5,1.0,-999,-999,25301.43223,25270.00777,306309.0,61094415.0
27515,6.449,LH2,1.165,31.29,2.766,8.28,PI+SIDIS,-999,-999,-999,-999,49.599,30.038,49.376,29.902,43.858,26.561,247.907,150.135,68.55,41.514,0.9987,0.9978,0.98,0.9802,-1.0,-1.0,-1.0,-1.0,-1.0,1.0,0.99984,0.0447,118.0,72.5385,45.4615,0.940691,0.230026,51.3,0.5,1.0,-999,-999,24273.53672,24245.16328,294976.0,58537774.0
27516,6.449,LH2,1.165,37.33,5.051,9.225,PI+SIDIS,-999,-999,-999,-999,62.153,69.789,62.004,69.622,55.155,61.931,134.602,151.139,82.566,92.71,0.9985,0.9969,0.9909,0.9805,-1.0,-1.0,-1.0,-1.0,-1.0,1.0,0.99994,0.0099,2.0,2.76923,-0.769231,-0.0126727,0.0245078,51.3,0.5,1.0,-999,-999,30418.16013,30379.29287,131184.0,14410294.0
27517,6.449,LH2,1.165,37.33,5.051,9.225,HMSDIS,-999,-999,-999,-999,58496.658,69.731,58370.33,69.58,51915.984,61.886,126704.065,151.037,77678.093,92.596,0.9987,0.9974,-999,-999,-1.0,-1.0,-1.0,1.0,-1.0,-1.0,-999,99.0072,-999,-999,-999,-999,-999,-999,-999,1.0,-999,-999,-999,-999,123839.0,13549753.0
27518,6.449,LH2,1.165,37.33,5.051,9.225,HMSDIS,-999,-999,-999,-999,56129.362,63.782,56013.624,63.651,49796.508,56.586,127700.326,145.111,74866.08,85.073,0.9991,0.9974,-999,-999,-1.0,-1.0,-1.0,2.0,-1.0,-1.0,-999,99.0348,-999,-999,-999,-999,-999,-999,-999,1.0,-999,-999,-999,-999,118881.0,12981217.0
27519,6.449,Dummy,1.165,37.33,5.051,9.225,PI+SIDIS,-999,-999,-999,-999,48.123,49.606,47.937,49.414,42.631,43.945,145.832,150.326,66.631,68.684,1.0,0.9959,1.0,0.9864,-1.0,-1.0,-1.0,-1.0,-1.0,1.0,1.0,0.0016,0.0,0.0,0.0,0.0,0.0,51.3,0.5,1.0,-999,-999,23526.32787,23494.88213,36758.0,2310465.0
27521,6.449,Dummy,1.165,37.33,5.051,9.225,HMSDIS,-999,-999,-999,-999,44227.237,50.66,44058.614,50.466,39157.905,44.853,132996.378,152.339,61211.892,70.114,0.9991,0.998,-999,-999,-1.0,-1.0,-1.0,1.0,-1.0,-1.0,-999,99.84,-999,-999,-999,-999,-999,-999,-999,1.0,-999,-999,-999,-999,33517.0,2128153.0
27522,6.449,Dummy,1.165,37.33,5.051,9.225,HMSDIS,-999,-999,-999,-999,143.893,35.632,143.422,35.516,128.22,31.751,434.657,107.635,199.505,49.404,1.0,0.9941,-999,-999,-1.0,-1.0,-1.0,1.0,-1.0,-1.0,-999,99.8299,-999,-999,-999,-999,-999,-999,-999,1.0,-999,-999,-999,-999,110.0,6879.0
27523,6.449,Dummy,1.165,37.33,5.051,9.225,HMSDIS,-999,-999,-999,-999,48829.341,49.361,48643.064,49.172,43209.139,43.679,148287.038,149.901,67543.519,68.278,0.9991,0.9981,-999,-999,-1.0,-1.0,-1.0,1.0,-1.0,-1.0,-999,99.8419,-999,-999,-999,-999,-999,-999,-999,1.0,-999,-999,-999,-999,37394.0,2357888.0
27530,6.449,LD2,1.165,37.33,5.051,9.225,PI+SIDIS,-999,-999,-999,-999,70.184,65.888,70.023,65.737,62.137,58.334,156.568,146.986,93.383,87.668,0.9975,0.9971,0.9829,0.9799,-1.0,-1.0,-1.0,-1.0,-1.0,1.0,0.99987,0.0185,9.0,10.2308,-1.23077,-0.0179844,0.0457134,51.3,0.5,1.0,-999,-999,34508.80231,34459.82669,286212.0,31509130.0
27532,6.449,LD2,1.165,37.33,5.051,9.225,HMSDIS,-999,-999,-999,-999,47971.547,66.399,47875.049,66.266,42478.339,58.796,106578.497,147.519,63842.355,88.367,0.9988,0.9972,-999,-999,-1.0,-1.0,-1.0,3.0,-1.0,-1.0,-999,98.1488,-999,-999,-999,-999,-999,-999,-999,1.0,-999,-999,-999,-999,195873.0,21501164.0
27533,6.449,LD2,1.165,37.33,5.051,9.225,HMSDIS,-999,-999,-999,-999,39199.763,59.952,39119.763,59.83,34721.044,53.102,92573.866,141.582,52434.642,80.193,0.9987,0.997,-999,-999,-1.0,-1.0,-1.0,3.0,-1.0,-1.0,-999,98.2165,-999,-999,-999,-999,-999,-999,-999,1.0,-999,-999,-999,-999,160662.0,17533638.0
27536,6.449,LD2,1.165,37.33,2.806,9.225,PI+SIDIS,-999,-999,-999,-999,28.47,18.218,28.361,18.148,25.078,16.047,161.122,103.101,39.191,25.078,0.9993,0.9984,0.9823,0.9807,-1.0,-1.0,-1.0,-1.0,-1.0,1.0,0.99992,0.044,28.0,27.7692,0.230769,0.00830348,0.197527,51.3,0.5,1.0,-999,-999,13942.30434,13923.57166,121762.0,53544782.0
27537,6.449,LD2,1.165,37.33,2.806,9.225,PI+SIDIS,-999,-999,-999,-999,36.867,18.225,36.726,18.156,32.483,16.058,208.699,103.17,50.753,25.09,0.9992,0.9984,0.9806,0.9804,-1.0,-1.0,-1.0,-1.0,-1.0,1.0,0.99992,0.044,48.0,34.0769,13.9231,0.387026,0.197775,51.3,0.5,1.0,-999,-999,18088.47397,18063.43503,157953.0,69472854.0
27538,6.449,LH2,1.165,37.33,2.806,9.225,PI+SIDIS,-999,-999,-999,-999,63.278,36.249,62.982,36.08,55.8,31.965,264.248,151.375,87.234,49.972,0.9968,0.9985,0.9836,0.9799,-1.0,-1.0,-1.0,-1.0,-1.0,1.0,0.99991,0.0429,48.0,28.8462,19.1538,0.311377,0.115203,51.3,0.5,1.0,-999,-999,30972.40804,30932.16996,140299.0,59000874.0
27539,6.449,LH2,1.165,37.33,2.806,9.225,PI+SIDIS,-999,-999,-999,-999,63.329,36.067,63.021,35.891,55.879,31.824,264.406,150.582,87.362,49.754,0.9987,0.9986,0.98,0.9813,-1.0,-1.0,-1.0,-1.0,-1.0,1.0,0.99989,0.0429,37.0,29.2308,7.76923,0.125807,0.101447,51.3,0.5,1.0,-999,-999,30991.88997,30948.67803,140436.0,58975207.0
27540,6.449,Dummy,1.165,37.33,2.806,9.225,PI+SIDIS,-999,-999,-999,-999,87.09,49.379,86.681,49.147,77.177,43.758,264.209,149.803,120.664,68.415,1.0,0.9977,0.981,0.9821,-1.0,-1.0,-1.0,-1.0,-1.0,1.0,1.0,0.0184,8.0,5.69231,2.30769,0.0271081,0.0341222,51.3,0.5,1.0,-999,-999,42621.56611,42563.72989,66032.0,20043533.0
27541,6.449,Dummy,1.165,37.33,-2.806,9.225,PI-SIDIS,-999,-999,-999,-999,93.163,50.663,92.801,50.466,82.708,44.977,280.132,152.338,129.333,70.332,1.0,0.9982,0.9863,0.9777,-1.0,-1.0,-1.0,-1.0,-1.0,1.0,0.99995,0.0212,11.0,5.07692,5.92308,0.0652843,0.0371992,51.3,0.5,1.0,-999,-999,45643.01917,45581.30383,70378.0,261695032.0
27542,6.449,LH2,1.165,37.33,-2.806,9.225,PI-SIDIS,-999,-999,-999,-999,62.114,36.235,61.828,36.068,54.922,32.04,258.742,150.941,85.829,50.07,0.9993,0.9984,0.9849,0.9769,-1.0,-1.0,-1.0,-1.0,-1.0,1.0,0.9999,0.0406,39.0,20.5385,18.4615,0.3059,0.105552,51.3,0.5,1.0,-999,-999,30403.52886,30360.11114,136905.0,428487053.0
27543,6.449,LH2,1.165,37.33,-2.806,9.225,PI-SIDIS,-999,-999,-999,-999,68.314,36.264,67.978,36.086,59.983,31.841,284.687,151.123,93.455,49.61,0.9981,0.9982,0.9851,0.9768,-1.0,-1.0,-1.0,-1.0,-1.0,1.0,0.99991,0.0407,48.0,21.4615,26.5385,0.400467,0.10633,51.3,0.5,1.0,-999,-999,33435.12277,33392.06323,151144.0,470361641.0
27544,6.449,LH2,1.165,44.83,-3.837,10.25,PI-SIDIS,0.44,4.4,0.67,2.0,110.654,67.503,110.45,67.379,97.85,59.692,244.206,148.975,146.91,89.621,1.0,0.999,0.9854,0.9588,-1.0,-1.0,-1.0,-1.0,-1.0,1.0,0.99994,0.0383,4.0,2.0,2.0,0.0188869,0.0192467,51.3,0.5,1.0,-999,-999,54301.4015,54229.3905,73711.0,745307408.0
27545,6.449,LH2,1.165,44.83,-3.837,10.25,PI-SIDIS,0.44,4.4,0.67,2.0,124.554,68.761,124.342,68.644,110.454,60.977,271.719,150.005,165.588,91.414,0.9985,0.9981,0.9849,0.9545,-1.0,-1.0,-1.0,-1.0,-1.0,1.0,0.99996,0.0385,3.0,2.23077,0.769231,0.00649129,0.0150284,51.3,0.5,1.0,-999,-999,61152.09029,61066.89171,82412.0,838627108.0
27546,6.449,LH2,1.165,44.83,-3.837,10.25,PI-SIDIS,0.44,4.4,0.67,2.0,129.814,70.4,129.638,70.305,115.354,62.559,279.91,151.801,172.42,93.507,0.9981,0.9983,0.9844,0.9585,-1.0,-1.0,-1.0,-1.0,-1.0,1.0,0.99996,0.0388,6.0,2.23077,3.76923,0.0303929,0.0200317,51.3,0.5,1.0,-999,-999,63761.55292,63674.22808,90494.0,874021301.0
27547,6.449,Dummy,1.165,44.83,-3.837,10.25,PI-SIDIS,0.44,4.4,0.67,2.0,89.767,48.831,89.452,48.66,79.731,43.373,273.486,148.772,124.626,67.795,1.0,0.9984,0.9752,0.9401,-1.0,-1.0,-1.0,-1.0,-1.0,1.0,0.99997,0.0102,1.0,0.0769231,0.923077,0.0109771,0.011927,51.3,0.5,1.0,-999,-999,44072.84386,44015.96814,35246.0,252862286.0
27548,6.449,Dummy,1.165,44.83,-3.837,10.25,PI-SIDIS,0.44,4.4,0.67,2.0,92.433,48.899,92.088,48.717,81.547,43.14,281.325,148.827,127.084,67.23,0.9908,0.9993,0.9834,0.9477,-1.0,-1.0,-1.0,-1.0,-1.0,1.0,1.0,0.0102,0.0,0.0769231,-0.0769231,-0.000889604,0.000889604,51.3,0.5,1.0,-999,-999,45284.7307,45227.4503,36328.0,260197875.0
27550,6.449,Dummy,1.165,44.83,-2.978,10.25,PI-SIDIS,0.44,4.4,0.52,2.0,94.483,50.15,94.071,49.931,83.464,44.302,284.876,151.208,130.542,69.29,1.0,0.9987,0.9743,0.962,-1.0,-1.0,-1.0,-1.0,-1.0,1.0,1.0,0.0129,0.0,0.538462,-0.538462,-0.00595009,0.00224892,51.3,0.5,1.0,-999,-999,46269.19572,46208.85628,36768.0,196462057.0
27551,6.449,Dummy,1.165,44.83,-2.978,10.25,PI-SIDIS,0.44,4.4,0.52,2.0,91.618,50.131,91.234,49.922,81.182,44.421,276.428,151.256,127.027,69.507,0.9926,0.9974,0.9771,0.9678,-1.0,-1.0,-1.0,-1.0,-1.0,1.0,0.99997,0.0128,2.0,0.461538,1.53846,0.0175544,0.0162792,51.3,0.5,1.0,-999,-999,44969.72907,44909.89293,35594.0,190624363.0
27552,6.449,LD2,1.165,44.83,-2.978,10.25,PI-SIDIS,0.44,4.4,0.52,2.0,53.314,28.298,53.083,28.176,47.027,24.961,284.953,151.249,73.471,38.997,0.9985,0.9983,0.9843,0.9761,-1.0,-1.0,-1.0,-1.0,-1.0,1.0,0.99993,0.0446,17.0,8.76923,8.23077,0.1591,0.0812653,51.3,0.5,1.0,-999,-999,26109.6859,26071.2571,74004.0,545749155.0
27553,6.449,LD2,1.165,44.83,-2.978,10.25,PI-SIDIS,0.44,4.4,0.52,2.0,51.632,28.291,51.403,28.165,45.229,24.782,275.871,151.157,70.41,38.58,0.9977,0.9979,0.9826,0.9744,-1.0,-1.0,-1.0,-1.0,-1.0,1.0,0.99999,0.0446,8.0,7.15385,0.846154,0.0169329,0.0585156,51.3,0.5,1.0,-999,-999,25280.71692,25249.30208,72117.0,527494759.0
27554,6.449,LD2,1.165,44.83,-2.978,10.25,PI-SIDIS,0.44,4.4,0.52,2.0,51.873,28.087,51.595,27.936,45.459,24.614,277.14,150.059,70.942,38.412,0.9984,0.9982,0.9826,0.9743,-1.0,-1.0,-1.0,-1.0,-1.0,1.0,0.99993,0.0445,18.0,6.38462,11.6154,0.231451,0.0856854,51.3,0.5,1.0,-999,-999,25374.66974,25345.12926,69458.0,529449702.0
27555,6.449,LH2,1.165,44.83,-2.978,10.25,PI-SIDIS,0.44,4.4,0.52,2.0,110.024,59.128,109.639,58.921,97.54,52.419,279.272,150.082,152.618,82.018,0.9984,0.9981,0.9829,0.9733,-1.0,-1.0,-1.0,-1.0,-1.0,1.0,0.99997,0.0437,8.0,6.0,2.0,0.0187726,0.0273036,51.3,0.5,1.0,-999,-999,53913.69565,53846.82635,67912.0,557293506.0
27556,6.449,LH2,1.165,44.83,-2.978,10.25,PI-SIDIS,0.44,4.4,0.52,2.0,109.905,59.469,109.56,59.283,97.68,52.854,278.498,150.695,152.834,82.698,0.9991,0.9983,0.9823,0.9745,-1.0,-1.0,-1.0,-1.0,-1.0,1.0,0.99995,0.0437,13.0,6.61538,6.38462,0.059857,0.034458,51.3,0.5,1.0,-999,-999,53880.73305,53811.92795,67516.0,557017832.0
27557,6.449,LH2,1.165,44.83,-2.978,10.25,PI-SIDIS,0.44,4.4,0.52,2.0,121.877,59.207,121.542,59.044,108.079,52.504,309.27,150.241,168.819,82.011,0.9987,0.998,0.9813,0.9721,-1.0,-1.0,-1.0,-1.0,-1.0,1.0,0.99996,0.0437,12.0,7.0,5.0,0.0423755,0.0300101,51.3,0.5,1.0,-999,-999,59784.22016,59704.78284,84607.0,617726738.0
27558,6.449,LH2,1.165,44.83,5.154,10.25,PI+SIDIS,0.44,4.4,0.9,2.0,70.693,66.192,70.566,66.073,62.407,58.434,157.616,147.581,94.022,88.036,1.0,0.9978,0.995,0.9828,-1.0,-1.0,-1.0,-1.0,-1.0,1.0,1.0,0.0059,1.0,0.384615,0.615385,0.00887332,0.0146309,51.3,0.5,1.0,-999,-999,34770.2951,34728.7999,47174.0,8991938.0
27559,6.449,LH2,1.165,44.83,5.154,10.25,PI+SIDIS,0.44,4.4,0.9,2.0,67.959,68.999,67.783,68.821,60.089,61.008,147.965,150.229,90.161,91.541,1.0,0.998,0.9897,0.9779,-1.0,-1.0,-1.0,-1.0,-1.0,1.0,1.0,0.006,1.0,0.230769,0.769231,0.0116049,0.0152197,51.3,0.5,1.0,-999,-999,33271.49928,33222.75172,41094.0,8645444.0
27560,6.449,LH2,1.165,44.83,5.154,10.25,HMSDIS,0.44,4.4,0.9,2.0,68090.504,68.835,67911.487,68.654,60301.368,60.961,148352.379,149.975,90381.572,91.37,0.999,0.9979,-999,-999,-1.0,-1.0,-1.0,1.0,-1.0,-1.0,-999,99.4048,-999,-999,-999,-999,-999,-999,-999,1.0,-999,-999,-999,-999,41108.0,8667622.0
27561,6.449,LH2,1.165,44.83,5.154,10.25,HMSDIS,0.44,4.4,0.9,2.0,64501.544,71.038,64365.256,70.888,57220.335,63.019,138318.788,152.335,85546.126,94.215,0.9982,0.9978,-999,-999,-1.0,-1.0,-1.0,1.0,-1.0,-1.0,-999,99.4009,-999,-999,-999,-999,-999,-999,-999,1.0,-999,-999,-999,-999,39256.0,8227189.0
27562,6.449,Dummy,1.165,44.83,5.154,10.25,PI+SIDIS,0.44,4.4,0.9,2.0,49.303,49.103,49.089,48.89,43.752,43.575,150.054,149.445,68.451,68.173,1.0,1.0,0.0,0.9785,-1.0,-1.0,-1.0,-1.0,-1.0,1.0,1.0,0.001,0.0,0.0769231,-0.0769231,-0.00160144,0.00160144,51.3,0.5,1.0,-999,-999,24184.65721,24150.77979,17770.0,1342568.0
27563,6.449,Dummy,1.165,44.83,5.154,10.25,PI+SIDIS,0.44,4.4,0.9,2.0,46.623,49.897,46.442,49.704,41.386,44.292,141.153,151.064,64.723,69.267,1.0,0.9917,1.0,0.9756,-1.0,-1.0,-1.0,-1.0,-1.0,1.0,1.0,0.001,0.0,0.0,0.0,0.0,0.0,51.3,0.5,1.0,-999,-999,22860.37552,22831.22148,16622.0,1271178.0
27564,6.449,Dummy,1.165,44.83,5.154,10.25,HMSDIS,0.44,4.4,0.9,2.0,47773.941,49.748,47592.175,49.559,42236.742,43.982,144685.414,150.664,65960.602,68.686,0.9984,0.9977,-999,-999,-1.0,-1.0,-1.0,1.0,-1.0,-1.0,-999,99.8983,-999,-999,-999,-999,-999,-999,-999,1.0,-999,-999,-999,-999,17209.0,1302999.0
27565,6.449,Dummy,1.165,44.83,5.154,10.25,HMSDIS,0.44,4.4,0.9,2.0,41286.502,50.107,41126.247,49.913,36361.93,44.131,124655.431,151.288,56632.722,68.732,0.9981,0.9973,-999,-999,-1.0,-1.0,-1.0,1.0,-1.0,-1.0,-999,99.8981,-999,-999,-999,-999,-999,-999,-999,1.0,-999,-999,-999,-999,14875.0,1125605.0
27566,6.449,C,1.165,44.83,5.154,10.25,HMSDIS,0.44,4.4,0.9,2.0,48514.162,49.515,48336.546,49.334,42958.557,43.845,147069.631,150.105,67108.817,68.494,0.9989,0.9973,-999,-999,-1.0,-1.0,-1.0,1.0,-1.0,-1.0,-999,99.571,-999,-999,-999,-999,-999,-999,-999,1.0,-999,-999,-999,-999,50158.0,5996859.0
27567,6.449,C,1.165,44.83,5.154,10.25,HMSDIS,0.44,4.4,0.9,2.0,45285.078,49.341,45106.792,49.147,39918.779,43.494,137514.838,149.831,62203.201,67.774,0.9985,0.9975,-999,-999,-1.0,-1.0,-1.0,1.0,-1.0,-1.0,-999,99.5716,-999,-999,-999,-999,-999,-999,-999,1.0,-999,-999,-999,-999,47139.0,5561824.0
27571,6.449,NONE,1.165,44.83,5.154,10.25,BCM,0.44,4.4,0.9,2.0,91.188,39.306,90.862,39.166,80.741,34.803,285.489,123.059,121.545,52.391,0.0,0.0,0.0,0.0,-1.0,-1.0,-1.0,1.0,-1.0,-1.0,-999,0.0,0.0,0.0,0.0,nan,nan,1.13482e-315,1.13482e-315,1.0,-999,-999,44778.85877,44707.13723,23129.0,23142.0
27572,6.449,Cu,1.165,44.83,5.154,10.25,HMSDIS,0.44,4.4,0.9,2.0,57658.861,69.718,57535.014,69.569,51182.128,61.887,125103.431,151.269,76688.371,92.728,0.9986,0.997,-999,-999,-1.0,-1.0,-1.0,1.0,-1.0,-1.0,-999,99.1029,-999,-999,-999,-999,-999,-999,-999,1.0,-999,-999,-999,-999,92870.0,6539303.0
27573,6.449,Cu,1.165,44.83,5.154,10.25,HMSDIS,0.44,4.4,0.9,2.0,56182.66,68.23,56083.997,68.11,49902.956,60.604,123223.747,149.646,74835.185,90.882,0.9988,0.997,-999,-999,-1.0,-1.0,-1.0,1.0,-1.0,-1.0,-999,99.1134,-999,-999,-999,-999,-999,-999,-999,1.0,-999,-999,-999,-999,90820.0,6321069.0
27574,6.449,Al,1.165,44.83,5.154,10.25,HMSDIS,0.44,4.4,0.9,2.0,45256.125,49.125,45074.25,48.927,40151.01,43.583,137612.55,149.376,62797.44,68.165,0.9983,0.9984,-999,-999,-1.0,-1.0,-1.0,1.0,-1.0,-1.0,-999,99.9044,-999,-999,-999,-999,-999,-999,-999,1.0,-999,-999,-999,-999,18694.0,1206841.0
27575,6.449,Al,1.165,44.83,5.154,10.25,HMSDIS,0.44,4.4,0.9,2.0,45709.473,50.573,45528.059,50.373,40556.696,44.872,137685.163,152.336,63429.578,70.179,0.9986,0.9982,-999,-999,-1.0,-1.0,-1.0,1.0,-1.0,-1.0,-999,99.9054,-999,-999,-999,-999,-999,-999,-999,1.0,-999,-999,-999,-999,18891.0,1221467.0
27576,6.449,LD2,1.165,44.83,5.154,10.25,HMSDIS,0.44,4.4,0.9,2.0,66423.722,70.817,66272.564,70.656,58998.135,62.9,142885.247,152.335,88371.557,94.216,0.9985,0.9974,-999,-999,-1.0,-1.0,-1.0,1.0,-1.0,-1.0,-999,98.8689,-999,-999,-999,-999,-999,-999,-999,1.0,-999,-999,-999,-999,69732.0,16241099.0
27579,6.449,LD2,1.165,44.83,5.154,10.25,HMSDIS,0.44,4.4,0.9,2.0,69136.372,68.68,68972.275,68.517,61262.707,60.859,151185.246,150.188,92126.018,91.518,0.9984,0.9976,-999,-999,-1.0,-1.0,-1.0,1.0,-1.0,-1.0,-999,98.8773,-999,-999,-999,-999,-999,-999,-999,1.0,-999,-999,-999,-999,69667.0,16812834.0
27580,6.449,LD2,1.165,44.83,5.154,10.25,HMSDIS,0.44,4.4,0.9,2.0,65515.263,70.773,65370.385,70.617,57797.256,62.436,141019.687,152.337,87208.702,94.208,0.9984,0.9977,-999,-999,-1.0,-1.0,-1.0,1.0,-1.0,-1.0,-999,98.866,-999,-999,-999,-999,-999,-999,-999,1.0,-999,-999,-999,-999,65373.0,15904646.0
27581,6.449,LH2,1.165,44.83,3.837,10.25,HMSDIS,0.44,4.4,0.67,2.0,118650.97,68.568,118430.458,68.441,104617.927,60.458,259787.378,150.13,157893.305,91.246,0.9988,0.998,-999,-999,-1.0,-1.0,-1.0,1.0,-1.0,-1.0,-999,97.6462,-999,-999,-999,-999,-999,-999,-999,1.0,-999,-999,-999,-999,70360.0,67407340.0
27582,6.449,LH2,1.165,44.83,3.837,10.25,HMSDIS,0.44,4.4,0.67,2.0,3008.443,42.803,3000.26,42.686,2656.478,37.795,8819.731,125.483,4073.996,57.963,0.9923,0.9981,-999,-999,-1.0,-1.0,-1.0,1.0,-1.0,-1.0,-999,98.0916,-999,-999,-999,-999,-999,-999,-999,1.0,-999,-999,-999,-999,1974.0,1682374.0
27583,6.449,LH2,1.165,44.83,3.837,10.25,PI+SIDIS,0.44,4.4,0.67,2.0,110.202,67.762,110.008,67.642,97.585,60.004,242.492,149.105,146.562,90.119,1.0,0.998,0.9824,0.9774,-1.0,-1.0,-1.0,-1.0,-1.0,1.0,0.99997,0.0235,11.0,3.84615,7.15385,0.0665362,0.0312592,51.3,0.5,1.0,-999,-999,54078.4897,54007.6563,65304.0,62628673.0
27584,6.449,LH2,1.165,44.83,3.837,10.25,PI+SIDIS,0.44,4.4,0.67,2.0,119.309,69.286,118.995,69.104,105.812,61.448,259.299,150.582,158.31,91.935,1.0,0.9988,0.9851,0.9781,-1.0,-1.0,-1.0,-1.0,-1.0,1.0,0.99995,0.0236,13.0,4.23077,8.76923,0.0753481,0.0313655,51.3,0.5,1.0,-999,-999,58509.86288,58430.25612,70092.0,67700332.0
27585,6.449,LH2,1.165,44.83,3.837,10.25,PI+SIDIS,0.44,4.4,0.67,2.0,56.417,68.312,56.276,68.141,50.088,60.648,123.387,149.401,74.936,90.735,1.0,0.9977,0.9825,0.9764,-1.0,-1.0,-1.0,-1.0,-1.0,1.0,0.99996,0.0235,4.0,1.61538,2.38462,0.0433997,0.0369608,51.3,0.5,1.0,-999,-999,27599.727,27558.579,33289.0,32039791.0
27586,6.449,Dummy,1.165,44.83,3.837,10.25,PI+SIDIS,0.44,4.4,0.67,2.0,53.379,50.247,53.136,50.019,47.081,44.319,160.667,151.24,73.41,69.103,1.0,1.0,1.0,0.9689,-1.0,-1.0,-1.0,-1.0,-1.0,1.0,1.0,0.0042,0.0,0.153846,-0.153846,-0.00298826,0.00211302,51.3,0.5,1.0,-999,-999,26090.7877,26051.9933,18714.0,6559644.0
27590,6.449,Dummy,1.165,44.83,2.978,10.25,PI+SIDIS,0.44,4.4,0.52,2.0,74.64,47.901,74.326,47.7,66.077,42.406,229.682,147.402,102.526,65.798,0.987,0.9971,0.9932,0.9712,-1.0,-1.0,-1.0,-1.0,-1.0,1.0,1.0,0.0111,1.0,0.461538,0.538462,0.00755767,0.0142827,51.3,0.5,1.0,-999,-999,36530.36687,36474.01013,27020.0,13130118.0
27591,6.449,Dummy,1.165,44.83,2.978,10.25,PI+SIDIS,0.44,4.4,0.52,2.0,79.801,48.348,79.493,48.161,70.197,42.53,244.779,148.301,108.76,65.893,1.0,0.9985,0.9864,0.9715,-1.0,-1.0,-1.0,-1.0,-1.0,1.0,1.0,0.0112,1.0,0.846154,0.153846,0.00199212,0.0133635,51.3,0.5,1.0,-999,-999,39076.77403,39024.88997,28554.0,13924223.0
27592,6.449,Dummy,1.165,44.83,2.978,10.25,PI+SIDIS,0.44,4.4,0.52,2.0,83.387,48.86,82.995,48.63,73.223,42.905,254.865,149.336,113.653,66.594,1.0,0.999,0.9779,0.9737,-1.0,-1.0,-1.0,-1.0,-1.0,1.0,1.0,0.0112,2.0,1.0,1.0,0.0123744,0.0178334,51.3,0.5,1.0,-999,-999,40809.02503,40751.12797,29735.0,14513058.0
27593,6.449,C,1.165,44.83,2.978,10.25,PI+SIDIS,0.44,4.4,0.52,2.0,79.06,47.024,78.608,46.755,69.625,41.412,250.782,149.162,108.17,64.338,0.9994,0.9981,0.9788,0.9763,-1.0,-1.0,-1.0,-1.0,-1.0,1.0,0.99996,0.0448,19.0,12.4615,6.53846,0.0852518,0.0582496,51.3,0.5,1.0,-999,-999,38645.4976,38592.4214,80496.0,64084030.0
27594,6.449,C,1.165,44.83,2.978,10.25,PI+SIDIS,0.44,4.4,0.52,2.0,87.795,48.284,87.332,48.03,77.492,42.618,275.987,151.783,120.388,66.209,0.9968,0.9976,0.979,0.9756,-1.0,-1.0,-1.0,-1.0,-1.0,1.0,0.99996,0.0451,25.0,14.6154,10.3846,0.12228,0.0601849,51.3,0.5,1.0,-999,-999,42949.28231,42895.31269,88610.0,70988861.0
27595,6.449,C,1.165,44.83,2.978,10.25,PI+SIDIS,0.44,4.4,0.52,2.0,90.053,48.563,89.638,48.34,79.65,42.953,282.487,152.338,123.722,66.72,0.9995,0.9978,0.977,0.9786,-1.0,-1.0,-1.0,-1.0,-1.0,1.0,0.99993,0.0452,19.0,14.4615,4.53846,0.0517677,0.0511543,51.3,0.5,1.0,-999,-999,44086.60691,44031.11109,91003.0,72771250.0
27596,6.449,C,1.165,44.83,2.978,10.25,PI+SIDIS,0.44,4.4,0.52,2.0,87.151,47.485,86.782,47.284,77.118,42.018,275.463,150.088,119.724,65.233,0.999,0.9983,0.9833,0.9772,-1.0,-1.0,-1.0,-1.0,-1.0,1.0,0.99994,0.0449,28.0,15.5385,12.4615,0.147102,0.0637826,51.3,0.5,1.0,-999,-999,42770.90961,42718.07939,88349.0,70564971.0
27597,6.449,Cu,1.165,44.83,2.978,10.25,PI+SIDIS,0.44,4.4,0.52,2.0,59.612,50.732,59.35,50.509,52.412,44.605,178.892,152.243,81.235,69.134,0.9979,0.998,0.9731,0.9729,-1.0,-1.0,-1.0,-1.0,-1.0,1.0,0.99991,0.046,26.0,19.0769,6.92308,0.12016,0.0909644,51.3,0.5,1.0,-999,-999,29206.14506,29169.29094,96175.0,44284795.0
27598,6.449,Cu,1.165,44.83,2.978,10.25,PI+SIDIS,0.44,4.4,0.52,2.0,99.89,50.636,99.348,50.361,87.935,44.576,300.529,152.343,136.663,69.276,0.9993,0.9977,0.9808,0.9745,-1.0,-1.0,-1.0,-1.0,-1.0,1.0,0.99995,0.0457,46.0,31.6923,14.3077,0.147895,0.0719411,51.3,0.5,1.0,-999,-999,48870.75316,48807.03084,161059.0,74151854.0
27599,6.449,Cu,1.165,44.83,2.978,10.25,PI+SIDIS,0.44,4.4,0.52,2.0,91.833,49.582,91.378,49.336,81.147,43.812,278.199,150.203,126.142,68.106,0.9984,0.9975,0.9724,0.9734,-1.0,-1.0,-1.0,-1.0,-1.0,1.0,0.99995,0.0456,43.0,31.1538,11.8462,0.133402,0.0758746,51.3,0.5,1.0,-999,-999,44941.93283,44882.54017,149536.0,68253821.0
27600,6.449,Cu,1.165,44.83,2.978,10.25,PI+SIDIS,0.44,4.4,0.52,2.0,87.611,50.253,87.237,50.038,77.42,44.407,264.328,151.616,120.173,68.93,1.0,0.9975,0.9753,0.9731,-1.0,-1.0,-1.0,-1.0,-1.0,1.0,0.99993,0.0455,48.0,31.1538,16.8462,0.198461,0.0836324,51.3,0.5,1.0,-999,-999,42898.71817,42845.30983,141296.0,65047609.0
27601,6.449,Cu,1.165,44.83,2.978,10.25,PI+SIDIS,0.44,4.4,0.52,2.0,133.881,49.639,133.355,49.444,117.58,43.595,406.316,150.65,182.367,67.616,0.9984,0.9981,0.9784,0.9739,-1.0,-1.0,-1.0,-1.0,-1.0,1.0,0.99995,0.0454,61.0,41.4615,19.5385,0.15069,0.0617909,51.3,0.5,1.0,-999,-999,65629.6459,65548.8521,217256.0,99041277.0
27602,6.449,Cu,1.165,44.83,2.978,10.25,PI+SIDIS,0.44,4.4,0.52,2.0,89.28,50.326,88.836,50.076,78.622,44.318,268.965,151.613,122.22,68.894,0.9981,0.9978,0.9815,0.9737,-1.0,-1.0,-1.0,-1.0,-1.0,1.0,0.99998,0.0457,33.0,27.4615,5.53846,0.0641522,0.0686361,51.3,0.5,1.0,-999,-999,43684.24661,43627.59539,144596.0,66160908.0
27603,6.449,Cu,1.165,44.83,2.978,10.25,PI+SIDIS,0.44,4.4,0.52,2.0,88.724,50.387,88.251,50.118,78.386,44.515,267.489,151.908,121.855,69.202,0.9986,0.9973,0.9805,0.9756,-1.0,-1.0,-1.0,-1.0,-1.0,1.0,0.99994,0.0456,48.0,26.9231,21.0769,0.245159,0.0823065,51.3,0.5,1.0,-999,-999,43398.73593,43345.16807,144169.0,65906417.0
27604,6.449,LD2,1.165,44.83,2.978,10.25,PI+SIDIS,0.44,4.4,0.52,2.0,47.425,27.356,47.179,27.214,41.627,24.012,261.452,150.813,64.534,37.225,0.998,0.9981,0.9817,0.9787,-1.0,-1.0,-1.0,-1.0,-1.0,1.0,0.99996,0.0441,13.0,7.92308,5.07692,0.110176,0.0800586,51.3,0.5,1.0,-999,-999,23200.28183,23168.21317,58674.0,72135646.0
27605,6.449,LD2,1.165,44.83,2.978,10.25,PI+SIDIS,0.44,4.4,0.52,2.0,47.153,27.439,46.93,27.31,41.173,23.96,261.063,151.919,63.831,37.145,1.0,0.998,0.9785,0.9782,-1.0,-1.0,-1.0,-1.0,-1.0,1.0,0.99997,0.0441,9.0,8.38462,0.615385,0.0134054,0.0676527,51.3,0.5,1.0,-999,-999,23076.75239,23046.74661,58822.0,71361536.0
27606,6.449,LD2,1.165,44.83,2.978,10.25,PI+SIDIS,0.44,4.4,0.52,2.0,48.784,27.427,48.555,27.298,42.702,24.007,270.342,151.987,66.384,37.321,0.9972,0.9986,0.9761,0.9771,-1.0,-1.0,-1.0,-1.0,-1.0,1.0,0.99994,0.044,11.0,8.69231,2.30769,0.0487806,0.072207,51.3,0.5,1.0,-999,-999,23878.02092,23847.61408,60057.0,74004995.0
27607,6.449,LD2,1.165,44.83,2.978,10.25,PI+SIDIS,0.44,4.4,0.52,2.0,48.897,27.379,48.618,27.222,42.964,24.057,270.785,151.618,66.796,37.4,0.999,0.9981,0.9761,0.9778,-1.0,-1.0,-1.0,-1.0,-1.0,1.0,0.99998,0.0439,11.0,8.07692,2.92308,0.061551,0.0717832,51.3,0.5,1.0,-999,-999,23911.15003,23880.44497,60501.0,74343432.0
27608,6.449,LH2,1.165,44.83,2.978,10.25,PI+SIDIS,0.44,4.4,0.52,2.0,107.577,44.688,106.996,44.446,94.365,39.199,363.421,150.965,146.404,60.816,0.9979,0.9978,0.982,0.9782,-1.0,-1.0,-1.0,-1.0,-1.0,1.0,0.99997,0.0364,13.0,7.53846,5.46154,0.0522934,0.0352842,51.3,0.5,1.0,-999,-999,52646.50492,52578.64708,74004.0,81365419.0
27609,6.449,LH2,1.165,44.83,2.978,10.25,PI+SIDIS,0.44,4.4,0.52,2.0,48.365,50.422,48.19,50.24,42.749,44.568,138.164,144.042,66.467,69.294,1.0,0.9987,0.9771,0.9765,-1.0,-1.0,-1.0,-1.0,-1.0,1.0,0.99995,0.0435,10.0,3.53846,6.46154,0.137318,0.0681118,51.3,0.5,1.0,-999,-999,23641.78807,23609.24293,32370.0,37363640.0
27610,6.449,LH2,1.165,44.83,2.978,10.25,PI+SIDIS,0.44,4.4,0.52,2.0,91.81,54.133,91.493,53.946,81.352,47.966,255.499,150.647,126.459,74.562,0.9979,0.9978,0.9795,0.9762,-1.0,-1.0,-1.0,-1.0,-1.0,1.0,0.99998,0.0442,10.0,7.07692,2.92308,0.0327972,0.0364341,51.3,0.5,1.0,-999,-999,44990.95426,44934.61874,59623.0,71153788.0
27612,6.449,LH2,1.165,44.83,2.978,10.25,PI+SIDIS,0.44,4.4,0.52,2.0,111.355,55.144,110.81,54.874,97.848,48.455,307.632,152.343,151.84,75.193,0.9984,0.9977,0.9772,0.9764,-1.0,-1.0,-1.0,-1.0,-1.0,1.0,0.99992,0.0445,18.0,9.69231,8.30769,0.076914,0.0400843,51.3,0.5,1.0,-999,-999,54510.35055,54436.59945,72452.0,85725514.0
27614,6.449,Dummy,-1.165,44.83,-2.978,10.25,PI-SIDIS,0.44,4.4,0.52,2.0,-999,-999,-999,-999,-999,-999,-999,-999,-999,-999,-999,-999,-999,-999,-999,-999,-999,-999,-999,-999,-999,-999,43.0,4.23077,38.7692,0.514567,0.0873627,51.3639,0.345295,1.0,-999,-999,-999,-999,-999,-999
27615,6.449,Dummy,-1.165,44.83,-2.978,10.25,PI-SIDIS,0.44,4.4,0.52,2.0,80.348,50.296,80.013,50.087,70.374,44.053,241.221,151.0,109.209,68.363,1.0,0.9995,0.9825,0.955,-1.0,-1.0,-1.0,-1.0,-1.0,1.0,1.0,0.0129,59.0,5.0,54.0,0.706691,0.100849,51.2923,0.354431,1.0,-999,-999,39340.88289,39284.51111,97560.0,165547152.0
27616,6.449,Dummy,-1.165,44.83,-2.978,10.25,PI-SIDIS,0.44,4.4,0.52,2.0,83.02,50.367,82.683,50.163,73.014,44.297,248.971,151.048,113.522,68.873,1.0,1.0,0.9802,0.9622,-1.0,-1.0,-1.0,-1.0,-1.0,1.0,1.0,0.0129,41.0,6.07692,34.9231,0.438966,0.0809417,51.3897,0.368488,1.0,-999,-999,40653.22419,40598.08381,101045.0,171130664.0
27617,6.449,Dummy,-1.165,44.83,-2.978,10.25,PI-SIDIS,0.44,4.4,0.52,2.0,87.068,50.424,86.706,50.214,76.802,44.478,261.041,151.177,119.418,69.159,0.999,0.9987,0.9851,0.9704,-1.0,-1.0,-1.0,-1.0,-1.0,1.0,1.0,0.0129,59.0,6.23077,52.7692,0.627791,0.0917524,51.3395,0.426215,1.0,-999,-999,42633.05735,42576.90465,106048.0,179575223.0
27618,6.449,Dummy,-1.165,44.83,-2.978,10.25,PI-SIDIS,0.44,4.4,0.52,2.0,81.552,50.232,81.132,49.973,71.922,44.3,244.796,150.781,111.708,68.806,1.0,0.999,0.982,0.9653,-1.0,-1.0,-1.0,-1.0,-1.0,1.0,1.0,0.0129,40.0,5.76923,34.2308,0.437081,0.0812029,51.1067,0.631344,1.0,-999,-999,39889.88632,39837.33368,99376.0,168051233.0
27619,6.449,Dummy,-1.165,44.83,-2.978,10.25,PI-SIDIS,0.44,4.4,0.52,2.0,72.636,48.622,72.264,48.374,63.719,42.654,220.525,147.62,98.812,66.145,1.0,0.9994,0.9835,0.9573,-1.0,-1.0,-1.0,-1.0,-1.0,1.0,1.0,0.0128,43.0,4.30769,38.6923,0.559313,0.0951549,51.3289,0.403201,1.0,-999,-999,35514.28914,35465.76086,89431.0,149589772.0
27620,6.449,Dummy,-1.165,44.83,-2.978,10.25,PI-SIDIS,0.44,4.4,0.52,2.0,87.82,51.083,87.415,50.847,76.87,44.714,261.904,152.344,119.302,69.395,1.0,0.9987,0.9734,0.9666,-1.0,-1.0,-1.0,-1.0,-1.0,1.0,1.0,0.013,47.0,5.30769,41.6923,0.493427,0.0814881,51.3039,0.345515,1.0,-999,-999,42990.8585,42932.7615,106761.0,180738257.0
27621,6.449,Dummy,-1.165,44.83,-2.978,10.25,PI-SIDIS,0.44,4.4,0.52,2.0,81.294,50.397,80.95,50.184,71.469,44.307,243.701,151.08,111.139,68.899,1.0,0.999,0.9755,0.9602,-1.0,-1.0,-1.0,-1.0,-1.0,1.0,1.0,0.013,51.0,5.84615,45.1538,0.58092,0.0922811,51.2723,0.317101,1.0,-999,-999,39796.86722,39747.98878,98744.0,167541598.0
27622,6.449,Dummy,-1.165,44.83,-2.978,10.25,PI-SIDIS,0.44,4.4,0.52,2.0,69.64,50.668,69.363,50.467,61.453,44.711,208.19,151.472,95.549,69.519,0.9988,0.9989,0.9801,0.9652,-1.0,-1.0,-1.0,-1.0,-1.0,1.0,1.0,0.013,39.0,4.38462,34.6154,0.517661,0.0937947,51.1815,0.389427,1.0,-999,-999,34090.35682,34045.97318,84686.0,143607133.0
27623,6.449,Dummy,-1.165,44.83,-2.978,10.25,PI-SIDIS,0.44,4.4,0.52,2.0,128.742,50.328,128.141,50.093,113.278,44.283,386.416,151.059,175.917,68.77,0.9993,0.9981,0.9763,0.9703,-1.0,-1.0,-1.0,-1.0,-1.0,1.0,0.99995,0.013,78.0,7.92308,70.0769,0.564036,0.0713623,51.3695,0.349032,1.0,-999,-999,63068.45478,62968.64722,157567.0,265609754.0
27624,6.449,LD2,-1.165,44.83,-2.978,10.25,PI-SIDIS,0.44,4.4,0.52,2.0,30.163,28.113,29.975,27.937,26.37,24.577,160.129,149.242,40.937,38.154,0.9999,0.9989,0.9819,0.9767,-1.0,-1.0,-1.0,-1.0,-1.0,1.0,0.99996,0.0448,164.0,51.8462,112.154,3.83137,0.442771,51.2926,0.39023,1.0,-999,-999,14719.70226,14700.07174,192018.0,304711913.0
27625,6.449,LD2,-1.165,44.83,-2.978,10.25,PI-SIDIS,0.44,4.4,0.52,2.0,54.125,28.176,53.859,28.037,47.603,24.781,287.688,149.762,73.916,38.478,0.9998,0.9995,0.9831,0.975,-1.0,-1.0,-1.0,-1.0,-1.0,1.0,0.99999,0.0446,316.0,89.8462,226.154,4.30759,0.342272,51.2354,0.36997,1.0,-999,-999,26496.72879,26453.38521,352866.0,548057322.0
27626,6.449,LD2,-1.165,44.83,-2.978,10.25,PI-SIDIS,0.44,4.4,0.52,2.0,53.895,28.247,53.655,28.121,47.437,24.862,286.343,150.075,73.676,38.614,0.9998,0.9991,0.9845,0.9775,-1.0,-1.0,-1.0,-1.0,-1.0,1.0,0.99996,0.0447,313.0,92.3846,220.615,4.20737,0.34121,51.2108,0.399381,1.0,-999,-999,26390.71681,26350.86319,351107.0,545302817.0
27627,6.449,LD2,-1.165,44.83,-2.978,10.25,PI-SIDIS,0.44,4.4,0.52,2.0,44.235,27.95,44.025,27.818,38.865,24.557,235.027,148.506,60.293,38.097,0.9999,0.999,0.9823,0.9763,-1.0,-1.0,-1.0,-1.0,-1.0,1.0,0.99993,0.0445,241.0,72.9231,168.077,3.91112,0.365425,51.2473,0.3565,1.0,-999,-999,21640.47948,21611.60452,287221.0,447328051.0
27628,6.449,LD2,-1.165,44.83,-2.978,10.25,PI-SIDIS,0.44,4.4,0.52,2.0,42.248,27.964,42.001,27.8,36.829,24.378,224.512,148.606,57.075,37.778,0.9999,0.999,0.983,0.9762,-1.0,-1.0,-1.0,-1.0,-1.0,1.0,1.0,0.0446,265.0,73.8462,191.154,4.6626,0.401304,51.287,0.383439,1.0,-999,-999,20703.04247,20670.76553,276215.0,426353613.0
27629,6.449,LD2,-1.165,44.83,-2.978,10.25,PI-SIDIS,0.44,4.4,0.52,2.0,47.036,27.97,46.761,27.807,41.056,24.414,250.006,148.669,63.787,37.931,0.9998,0.9991,0.9831,0.9787,-1.0,-1.0,-1.0,-1.0,-1.0,1.0,0.99995,0.0446,242.0,77.7692,164.231,3.58945,0.344179,51.225,0.410635,1.0,-999,-999,23047.08398,23015.12402,306992.0,474759478.0
27630,6.449,LD2,-1.165,44.83,-2.978,10.25,PI-SIDIS,0.44,4.4,0.52,2.0,49.604,28.427,49.34,28.275,43.463,24.907,263.611,151.067,67.563,38.718,0.9998,0.999,0.9841,0.9784,-1.0,-1.0,-1.0,-1.0,-1.0,1.0,0.99992,0.0447,297.0,85.0,212.0,4.39279,0.361003,51.1951,0.368135,1.0,-999,-999,24260.2228,24228.2942,322592.0,501292662.0
27631,6.449,LD2,-1.165,44.83,-2.978,10.25,PI-SIDIS,0.44,4.4,0.52,2.0,50.686,28.702,50.441,28.563,44.537,25.22,269.025,152.341,69.208,39.19,0.9996,0.999,0.9822,0.9768,-1.0,-1.0,-1.0,-1.0,-1.0,1.0,0.99997,0.0448,297.0,85.4615,211.538,4.29523,0.353777,51.2365,0.361177,1.0,-999,-999,24806.50208,24773.73192,329948.0,512714825.0
27632,6.449,LH2,-1.165,44.83,-2.978,10.25,PI-SIDIS,0.44,4.4,0.52,2.0,87.383,54.612,87.116,54.445,76.817,48.009,231.75,144.839,119.133,74.456,0.9997,0.9996,0.9817,0.9733,-1.0,-1.0,-1.0,-1.0,-1.0,1.0,0.99995,0.0423,233.0,77.1538,155.846,1.83867,0.182367,51.2893,0.389783,1.0,-999,-999,42804.22036,42747.76064,306992.0,438590179.0
27633,6.449,LH2,-1.165,44.83,-2.978,10.25,PI-SIDIS,0.44,4.4,0.52,2.0,105.195,59.775,104.778,59.538,92.316,52.457,266.099,151.206,143.396,81.482,0.9998,0.9992,0.9823,0.9745,-1.0,-1.0,-1.0,-1.0,-1.0,1.0,0.99993,0.0438,298.0,82.2308,215.769,2.11376,0.170898,51.2242,0.385015,1.0,-999,-999,51524.88221,51458.98079,367329.0,526890161.0
27634,6.449,LH2,-1.165,44.83,-2.978,10.25,PI-SIDIS,0.44,4.4,0.52,2.0,102.694,60.63,102.271,60.38,90.477,53.417,258.033,152.341,140.677,83.055,0.9999,0.9992,0.9799,0.9739,-1.0,-1.0,-1.0,-1.0,-1.0,1.0,0.99996,0.0439,270.0,85.3846,184.615,1.8538,0.166992,51.1908,0.410728,1.0,-999,-999,50296.24332,50229.67068,358304.0,514553490.0
27635,6.449,LH2,-1.165,44.83,-2.978,10.25,PI-SIDIS,0.44,4.4,0.52,2.0,79.392,60.028,79.097,59.805,70.159,53.047,200.318,151.458,109.045,82.448,0.9999,0.9989,0.9798,0.9721,-1.0,-1.0,-1.0,-1.0,-1.0,1.0,0.99996,0.0437,214.0,70.6154,143.385,1.86506,0.192681,51.2338,0.391975,1.0,-999,-999,38863.67007,38810.75393,277433.0,398340261.0
27636,6.449,LH2,-1.165,44.83,-2.978,10.25,PI-SIDIS,0.44,4.4,0.52,2.0,103.728,60.616,103.41,60.43,91.576,53.515,260.686,152.338,142.144,83.065,0.9997,0.9989,0.9807,0.9737,-1.0,-1.0,-1.0,-1.0,-1.0,1.0,0.99999,0.0439,263.0,87.4615,175.538,1.74389,0.163159,51.1644,0.445698,1.0,-999,-999,50854.01571,50785.74129,362070.0,520759159.0
27637,6.449,LH2,-1.165,44.83,-2.978,10.25,PI-SIDIS,0.44,4.4,0.52,2.0,98.117,58.731,97.846,58.569,86.136,51.559,250.213,149.773,133.544,79.937,0.9999,0.9986,0.9806,0.973,-1.0,-1.0,-1.0,-1.0,-1.0,1.0,0.99998,0.0436,242.0,80.6923,161.308,1.69454,0.165503,51.2307,0.361928,1.0,-999,-999,48102.64765,48035.88035,343165.0,492566009.0
27638,6.449,LH2,-1.165,44.83,-2.978,10.25,PI-SIDIS,0.44,4.4,0.52,2.0,109.288,59.248,108.966,59.073,95.811,51.942,277.49,150.435,148.82,80.68,0.9998,0.9988,0.9799,0.9701,-1.0,-1.0,-1.0,-1.0,-1.0,1.0,0.99998,0.0437,289.0,95.9231,193.077,1.82692,0.162896,51.277,0.322966,1.0,-999,-999,53591.13252,53521.90848,382603.0,548466855.0
27639,6.449,LH2,-1.165,44.83,-2.978,10.25,PI-SIDIS,0.44,4.4,0.52,2.0,99.626,58.732,99.209,58.486,87.708,51.706,253.886,149.672,136.39,80.405,0.9997,0.9986,0.9816,0.9703,-1.0,-1.0,-1.0,-1.0,-1.0,1.0,0.99998,0.0435,254.0,84.6923,169.308,1.75938,0.167725,51.198,0.421422,1.0,-999,-999,48773.84832,48715.59768,348190.0,499923885.0
27640,6.449,LH2,-1.165,44.83,-2.978,10.25,PI-SIDIS,0.44,4.4,0.52,2.0,93.448,58.631,93.066,58.391,82.522,51.776,238.506,149.643,128.286,80.489,0.9995,0.9985,0.98,0.9691,-1.0,-1.0,-1.0,-1.0,-1.0,1.0,0.99999,0.0434,258.0,77.2308,180.769,2.00534,0.180225,51.1496,0.376892,1.0,-999,-999,45753.62041,45697.26459,326548.0,469325639.0
27641,6.449,LH2,-1.165,44.83,-2.978,10.25,PI-SIDIS,0.44,4.4,0.52,2.0,109.921,60.543,109.544,60.336,96.867,53.353,276.388,152.232,150.305,82.787,0.9998,0.9989,0.98,0.9718,-1.0,-1.0,-1.0,-1.0,-1.0,1.0,0.99999,0.0439,316.0,95.4615,220.538,2.0721,0.16895,51.2673,0.379911,1.0,-999,-999,53874.35068,53806.15432,382521.0,552221496.0
27642,6.449,LH2,-1.165,37.33,5.051,9.245,PI+SIDIS,-999,-999,-999,-999,174.231,67.476,173.804,67.311,153.313,59.375,384.922,149.073,232.396,90.002,0.9998,0.9985,0.9894,0.9828,-1.0,-1.0,-1.0,-1.0,-1.0,1.0,0.99997,0.0097,1714.0,74.9231,1639.08,9.59787,0.242834,51.2584,0.36913,1.0,-999,-999,85521.69787,85406.82413,1929478.0,39068048.0
27643,6.449,Dummy,-1.165,37.33,5.051,9.245,PI+SIDIS,-999,-999,-999,-999,31.683,45.224,31.559,45.047,27.845,39.745,99.163,141.546,43.223,61.697,1.0,1.0,1.0,0.9891,-1.0,-1.0,-1.0,-1.0,-1.0,1.0,1.0,0.0015,47.0,0.461538,46.5385,1.4909,0.21971,51.2637,0.379335,1.0,-999,-999,15455.38222,15430.75778,124277.0,1480041.0
27644,6.449,Dummy,-1.165,37.33,5.051,9.245,PI+SIDIS,-999,-999,-999,-999,16.12,50.376,16.06,50.188,14.169,44.28,48.748,152.343,21.996,68.739,1.0,1.0,1.0,0.989,-1.0,-1.0,-1.0,-1.0,-1.0,1.0,1.0,0.0016,25.0,0.384615,24.6154,1.54976,0.314981,51.3607,0.494338,1.0,-999,-999,7826.9193,7816.2977,62631.0,752787.0
27650,6.449,LD2,-1.165,37.33,2.806,9.245,PI+SIDIS,-999,-999,-999,-999,32.874,18.31,32.694,18.21,28.724,15.998,184.424,102.718,44.577,24.828,0.9999,0.9988,0.9806,0.9819,-1.0,-1.0,-1.0,-1.0,-1.0,1.0,0.99993,0.0438,1088.0,275.077,812.923,25.3272,1.03761,51.2659,0.384938,1.0,-999,-999,16078.69021,16057.34879,709338.0,59315249.0
27651,6.449,LD2,-1.165,37.33,2.806,9.245,PI+SIDIS,-999,-999,-999,-999,31.989,18.21,31.823,18.116,27.956,15.914,179.523,102.196,43.393,24.702,0.9998,0.999,0.9849,0.9821,-1.0,-1.0,-1.0,-1.0,-1.0,1.0,0.99991,0.0436,1024.0,259.923,764.077,24.4549,1.03414,51.2425,0.386185,1.0,-999,-999,15649.80307,15629.60393,692036.0,57802787.0
27652,6.449,LD2,-1.165,37.33,2.806,9.245,PI+SIDIS,-999,-999,-999,-999,31.838,18.275,31.699,18.196,27.848,15.985,178.822,102.647,43.231,24.815,0.9998,0.9989,0.9818,0.9826,-1.0,-1.0,-1.0,-1.0,-1.0,1.0,0.99995,0.0439,984.0,267.769,716.231,23.0006,1.01785,51.2514,0.378797,1.0,-999,-999,15589.02238,15569.39762,690063.0,57734158.0
27653,6.449,LD2,-1.165,37.33,2.806,9.245,PI+SIDIS,-999,-999,-999,-999,30.848,18.272,30.73,18.201,26.998,15.991,173.368,102.687,41.91,24.824,0.9998,0.9988,0.9834,0.9819,-1.0,-1.0,-1.0,-1.0,-1.0,1.0,0.99993,0.0439,947.0,259.231,687.769,22.7997,1.03083,51.2379,0.352948,1.0,-999,-999,15109.42517,15091.39983,669038.0,56025886.0
27654,6.449,LD2,-1.165,37.33,2.806,9.245,PI+SIDIS,-999,-999,-999,-999,31.472,18.248,31.358,18.182,27.551,15.974,176.931,102.586,42.762,24.794,0.9999,0.9989,0.9814,0.983,-1.0,-1.0,-1.0,-1.0,-1.0,1.0,0.99994,0.0438,1017.0,266.923,750.077,24.3375,1.04513,51.2413,0.375893,1.0,-999,-999,15419.50897,15401.02703,680570.0,57211406.0
27655,6.449,LD2,-1.165,37.33,2.806,9.245,PI+SIDIS,-999,-999,-999,-999,32.083,18.29,31.939,18.209,28.061,15.998,180.221,102.743,43.562,24.835,0.9998,0.9989,0.9792,0.9825,-1.0,-1.0,-1.0,-1.0,-1.0,1.0,0.99991,0.0438,993.0,273.308,719.692,22.9412,1.01507,51.26,0.369299,1.0,-999,-999,15707.62605,15688.24895,694456.0,58234121.0
27656,6.449,LD2,-1.165,37.33,2.806,9.245,PI+SIDIS,-999,-999,-999,-999,31.261,18.235,31.09,18.135,27.329,15.942,175.506,102.377,42.428,24.749,0.9998,0.9989,0.9814,0.9825,-1.0,-1.0,-1.0,-1.0,-1.0,1.0,0.9999,0.0437,1022.0,267.154,754.846,24.7193,1.05737,51.2407,0.351513,1.0,-999,-999,15287.80759,15268.81141,676043.0,56737511.0
27657,6.449,LD2,-1.165,37.33,2.806,9.245,PI+SIDIS,-999,-999,-999,-999,31.853,18.09,31.689,17.997,27.866,15.826,178.938,101.625,43.255,24.566,0.9999,0.999,0.9821,0.9826,-1.0,-1.0,-1.0,-1.0,-1.0,1.0,0.99994,0.0436,1014.0,269.0,745.0,23.93,1.03322,51.2527,0.386755,1.0,-999,-999,15582.97253,15563.88447,689200.0,57832322.0
27658,6.449,LD2,-1.165,37.33,2.806,9.245,PI+SIDIS,-999,-999,-999,-999,30.071,17.963,29.943,17.886,26.34,15.734,169.121,101.024,40.881,24.42,0.9998,0.999,0.982,0.9823,-1.0,-1.0,-1.0,-1.0,-1.0,1.0,0.99989,0.0436,931.0,251.231,679.769,23.1183,1.04841,51.2297,0.386771,1.0,-999,-999,14720.47467,14702.08233,651594.0,54738829.0
27659,6.449,LD2,-1.165,37.33,2.806,9.245,PI+SIDIS,-999,-999,-999,-999,32.361,18.13,32.239,18.062,28.368,15.893,182.154,102.053,44.037,24.672,0.9998,0.9992,0.983,0.982,-1.0,-1.0,-1.0,-1.0,-1.0,1.0,0.99993,0.0435,1053.0,275.231,777.769,24.5739,1.03552,51.2234,0.357935,1.0,-999,-999,15891.73701,15872.06199,700701.0,59074023.0
27660,6.449,LD2,-1.165,37.33,2.806,9.245,HMSDIS,-999,-999,-999,-999,11637.68,18.045,11598.743,17.985,10211.367,15.833,65565.968,101.664,15850.744,24.577,0.9998,0.9989,-999,-999,-1.0,-1.0,-1.0,1.0,-1.0,-1.0,-999,95.6484,-999,-999,-999,-999,-999,-999,-999,1.0,-999,-999,-999,-999,252473.0,21234130.0
27661,6.449,LD2,-1.165,37.33,2.806,9.245,HMSDIS,-999,-999,-999,-999,4625.873,18.344,4603.312,18.255,4056.616,16.087,26042.196,103.272,6295.55,24.965,0.9998,0.999,-999,-999,-1.0,-1.0,-1.0,1.0,-1.0,-1.0,-999,95.6259,-999,-999,-999,-999,-999,-999,-999,1.0,-999,-999,-999,-999,100146.0,8497441.0
27662,6.449,LD2,-1.165,37.33,2.806,9.245,HMSDIS,-999,-999,-999,-999,15598.742,18.196,15515.599,18.099,13675.907,15.953,87820.824,102.445,21228.45,24.763,1.0,0.999,-999,-999,-1.0,-1.0,17.0,-1.0,-1.0,-1.0,-999,95.6373,-999,-999,-999,-999,-999,-999,-999,1.0,-999,-999,-999,-999,338014.0,28513832.0
27663,6.449,LD2,-1.165,37.33,2.806,9.245,HMSDIS,-999,-999,-999,-999,2597.568,18.378,2583.252,18.276,2277.01,16.11,14623.029,103.456,3534.951,25.009,0.9999,0.9986,-999,-999,-1.0,-1.0,-1.0,1.0,-1.0,-1.0,-999,95.6199,-999,-999,-999,-999,-999,-999,-999,1.0,-999,-999,-999,-999,56566.0,4748949.0
27664,6.449,LH2,-1.165,37.33,2.806,9.245,PI+SIDIS,-999,-999,-999,-999,60.256,37.578,59.895,37.353,52.919,33.002,239.396,149.297,82.165,51.241,0.9998,0.9991,0.9788,0.9804,-1.0,-1.0,-1.0,-1.0,-1.0,1.0,0.99996,0.0449,1096.0,280.692,815.308,13.8878,0.569446,51.2227,0.347457,1.0,-999,-999,29447.62488,29405.48212,678034.0,54939304.0
27665,6.449,LH2,-1.165,37.33,2.806,9.245,PI+SIDIS,-999,-999,-999,-999,59.766,36.978,59.458,36.788,52.551,32.514,238.386,147.493,81.587,50.479,0.9997,0.9986,0.9834,0.9807,-1.0,-1.0,-1.0,-1.0,-1.0,1.0,0.99995,0.0447,1085.0,269.846,815.154,13.9844,0.570472,51.234,0.383112,1.0,-999,-999,29302.43001,29266.79399,673954.0,54466663.0
27666,6.449,LH2,-1.165,37.33,2.806,9.245,PI+SIDIS,-999,-999,-999,-999,64.845,37.886,64.535,37.705,57.055,33.335,257.411,150.394,88.584,51.756,0.9998,0.9993,0.9822,0.9801,-1.0,-1.0,-1.0,-1.0,-1.0,1.0,0.99994,0.045,1196.0,305.0,891.0,14.0905,0.552245,51.2345,0.383201,1.0,-999,-999,31729.67788,31688.64412,729716.0,59168507.0
27667,6.449,LH2,-1.165,37.33,2.806,9.245,PI+SIDIS,-999,-999,-999,-999,68.501,38.558,68.19,38.383,60.308,33.947,270.638,152.338,93.652,52.715,0.9998,0.9989,0.9822,0.9805,-1.0,-1.0,-1.0,-1.0,-1.0,1.0,0.9999,0.0452,1237.0,322.077,914.923,13.6882,0.531438,51.2189,0.378079,1.0,-999,-999,33536.85065,33494.48535,771330.0,62528988.0
27668,6.449,LH2,-1.165,37.33,2.806,9.245,PI+SIDIS,-999,-999,-999,-999,64.734,38.354,64.395,38.154,56.974,33.757,255.991,151.672,88.465,52.415,0.9999,0.9989,0.9825,0.9809,-1.0,-1.0,-1.0,-1.0,-1.0,1.0,0.99993,0.0452,1187.0,311.692,875.308,13.8598,0.551015,51.2178,0.37375,1.0,-999,-999,31660.90476,31620.06124,727753.0,59055258.0
27669,6.449,LH2,-1.165,37.33,2.806,9.245,PI+SIDIS,-999,-999,-999,-999,23.982,38.336,23.833,38.099,21.023,33.607,95.011,151.881,32.599,52.111,1.0,0.9992,0.9774,0.9793,-1.0,-1.0,-1.0,-1.0,-1.0,1.0,0.99996,0.0451,419.0,107.154,311.846,13.3617,0.885644,51.2936,0.374261,1.0,-999,-999,11669.50344,11655.33156,269589.0,21818941.0
27670,6.449,LH2,-1.165,37.33,2.806,9.245,PI+SIDIS,-999,-999,-999,-999,109.972,38.201,109.467,38.025,96.791,33.622,435.709,151.351,150.342,52.224,0.9999,0.9987,0.9788,0.9801,-1.0,-1.0,-1.0,-1.0,-1.0,1.0,0.99994,0.0451,2015.0,507.154,1507.85,14.0564,0.422491,51.2293,0.3627,1.0,-999,-999,53888.68521,53805.64379,1225972.0,100806470.0
27671,6.449,LH2,-1.165,37.33,2.806,9.245,PI+SIDIS,-999,-999,-999,-999,65.388,38.369,64.997,38.139,57.159,33.54,258.675,151.787,88.639,52.012,0.9998,0.9989,0.9835,0.9803,-1.0,-1.0,-1.0,-1.0,-1.0,1.0,0.99997,0.0452,1186.0,306.615,879.385,13.8047,0.545965,51.25,0.356891,1.0,-999,-999,31963.24469,31918.66431,728666.0,59458771.0
27672,6.449,LH2,-1.165,37.33,2.806,9.245,PI+SIDIS,-999,-999,-999,-999,69.007,38.533,68.596,38.304,60.219,33.626,272.824,152.344,93.506,52.213,0.9997,0.9988,0.9775,0.9804,-1.0,-1.0,-1.0,-1.0,-1.0,1.0,0.99996,0.0453,1232.0,319.231,912.769,13.5771,0.527276,51.2584,0.355393,1.0,-999,-999,33737.26489,33691.70711,770589.0,62613859.0
27673,6.449,LH2,-1.165,37.33,2.806,9.245,PI+SIDIS,-999,-999,-999,-999,56.436,38.387,56.117,38.17,49.449,33.635,223.209,151.825,76.896,52.305,0.9997,0.9986,0.9796,0.9788,-1.0,-1.0,-1.0,-1.0,-1.0,1.0,0.99996,0.0452,1058.0,261.231,796.769,14.5108,0.59798,51.2099,0.371638,1.0,-999,-999,27585.6761,27548.8909,629405.0,51393498.0
27674,6.449,LH2,-1.165,37.33,2.806,9.245,PI+SIDIS,-999,-999,-999,-999,51.436,38.575,51.189,38.391,45.253,33.939,203.127,152.34,70.349,52.76,0.9998,0.9986,0.9691,0.9686,-1.0,-1.0,-1.0,-1.0,1.0,-1.0,0.99877,0.0452,921.0,237.154,683.846,13.8121,0.618999,51.2158,0.383684,1.0,-999,-999,25154.75655,25121.25245,573305.0,47076138.0
27675,6.449,LH2,-1.165,37.33,2.806,9.245,PI+SIDIS,-999,-999,-999,-999,16.865,38.548,16.787,38.37,14.858,33.96,66.649,152.339,23.092,52.781,0.9996,0.9985,0.9683,0.9692,-1.0,-1.0,-1.0,-1.0,1.0,-1.0,0.99869,0.0452,305.0,80.0,225.0,13.8528,1.08604,51.2229,0.382614,1.0,-999,-999,8197.41825,8186.45775,188370.0,15437526.0
27676,6.449,LH2,-1.165,37.33,2.806,9.245,HMSDIS,-999,-999,-999,-999,41915.392,38.222,41730.827,38.053,36932.454,33.678,165780.247,151.171,57374.25,52.318,0.9998,0.9984,-999,-999,-1.0,-1.0,-1.0,1.0,-1.0,-1.0,-999,95.4909,-999,-999,-999,-999,-999,-999,-999,1.0,-999,-999,-999,-999,467033.0,38391326.0
27677,6.449,LH2,-1.165,37.33,2.806,9.245,HMSDIS,-999,-999,-999,-999,41075.525,37.855,40898.43,37.691,36052.339,33.225,162924.838,150.149,55905.571,51.522,0.9997,0.9986,-999,-999,-1.0,-1.0,17.0,-1.0,-1.0,-1.0,-999,95.4993,-999,-999,-999,-999,-999,-999,-999,1.0,-999,-999,-999,-999,458957.0,37533755.0
27678,6.449,Dummy,-1.165,37.33,2.806,9.245,PI+SIDIS,-999,-999,-999,-999,86.1,50.277,85.67,50.026,75.354,44.003,259.904,151.769,116.89,68.257,1.0,0.9981,0.9794,0.9799,-1.0,-1.0,-1.0,-1.0,-1.0,1.0,0.99998,0.0185,362.0,55.3846,306.615,3.65251,0.227978,51.3011,0.360269,1.0,-999,-999,42122.47952,42067.39648,332940.0,19265384.0
27679,6.449,Dummy,-1.165,37.33,2.806,9.245,PI+SIDIS,-999,-999,-999,-999,83.107,49.247,82.672,48.989,72.96,43.234,252.676,149.729,113.439,67.221,0.9996,0.9984,0.9838,0.9795,-1.0,-1.0,-1.0,-1.0,-1.0,1.0,1.0,0.0183,344.0,49.5385,294.462,3.63781,0.2304,51.2683,0.359792,1.0,-999,-999,40644.30719,40590.84181,321033.0,18663066.0
27680,6.449,Dummy,-1.165,37.33,2.806,9.245,HMSDIS,-999,-999,-999,-999,59085.215,50.159,58800.378,49.917,52057.121,44.193,178378.539,151.43,80950.932,68.721,0.9998,0.9983,-999,-999,-1.0,-1.0,-1.0,1.0,-1.0,-1.0,-999,98.1605,-999,-999,-999,-999,-999,-999,-999,1.0,-999,-999,-999,-999,227807.0,13310614.0
27681,6.449,LD2,-1.165,37.33,2.806,9.245,PI+SIDIS,-999,-999,-999,-999,33.006,18.273,32.88,18.203,29.024,16.068,186.37,103.178,45.07,24.951,0.9997,0.9982,0.978,0.98,-1.0,-1.0,-1.0,-1.0,-1.0,1.0,0.99994,0.0437,1036.0,285.538,750.462,23.2985,1.0098,51.2688,0.375338,1.0,-999,-999,16171.27665,16149.72435,705594.0,60815129.0
27682,6.449,LD2,-1.165,37.33,2.806,9.245,PI+SIDIS,-999,-999,-999,-999,29.741,18.191,29.637,18.127,26.011,15.909,167.024,102.158,40.326,24.665,0.9998,0.9982,0.9798,0.98,-1.0,-1.0,-1.0,-1.0,-1.0,1.0,0.99995,0.0437,1021.0,247.769,773.231,26.6292,1.11065,51.278,0.378662,1.0,-999,-999,14572.86021,14553.38579,636764.0,54525786.0
27683,6.449,LD2,-1.165,37.33,2.806,9.245,PI+SIDIS,-999,-999,-999,-999,32.443,18.234,32.312,18.16,28.272,15.889,181.542,102.028,43.872,24.656,0.9998,0.9979,0.9821,0.9801,-1.0,-1.0,-1.0,-1.0,-1.0,1.0,0.99991,0.0438,1082.0,275.769,806.231,25.4654,1.04911,51.2787,0.37455,1.0,-999,-999,15891.23669,15870.36031,695579.0,59256840.0
27684,6.449,LD2,-1.165,37.33,2.806,9.245,PI+SIDIS,-999,-999,-999,-999,33.382,18.298,33.2,18.199,29.188,15.999,187.427,102.739,45.375,24.873,0.9997,0.9981,0.9794,0.9796,-1.0,-1.0,-1.0,-1.0,-1.0,1.0,0.99995,0.0437,1079.0,276.538,802.462,24.6824,1.02027,51.2659,0.383401,1.0,-999,-999,16328.43287,16306.98713,713441.0,61056331.0
27685,6.449,LD2,-1.165,37.33,2.806,9.245,PI+SIDIS,-999,-999,-999,-999,21.791,18.172,21.678,18.077,19.108,15.934,122.698,102.32,29.692,24.76,0.9999,0.9973,0.9853,0.9789,-1.0,-1.0,-1.0,-1.0,-1.0,1.0,0.99995,0.0418,578.0,147.769,430.231,20.2773,1.1442,51.2266,0.375938,1.0,-999,-999,10646.1908,10632.1172,466602.0,32845007.0
27686,6.449,LD2,-1.165,37.33,2.806,9.245,PI+SIDIS,-999,-999,-999,-999,42.021,18.124,41.859,18.054,36.978,15.948,237.434,102.405,57.428,24.768,0.9996,0.998,0.9827,0.9785,-1.0,-1.0,-1.0,-1.0,-1.0,1.0,0.99995,0.0436,1347.0,356.0,991.0,24.2057,0.90552,51.2259,0.365419,1.0,-999,-999,20596.72245,20568.76155,900038.0,77451831.0
27687,6.449,LD2,-1.165,37.33,2.806,9.245,PI+SIDIS,-999,-999,-999,-999,30.601,17.984,30.487,17.917,26.94,15.832,172.973,101.654,41.824,24.58,0.9997,0.9977,0.9815,0.9792,-1.0,-1.0,-1.0,-1.0,-1.0,1.0,0.9999,0.0434,979.0,253.769,725.231,24.3031,1.05892,51.2231,0.361791,1.0,-999,-999,14990.01316,14969.51384,653741.0,56196843.0
27688,6.449,LD2,-1.165,37.33,2.806,9.245,PI+SIDIS,-999,-999,-999,-999,32.674,18.306,32.508,18.214,28.737,16.1,184.5,103.371,44.614,24.996,0.9997,0.9977,0.9795,0.9791,-1.0,-1.0,-1.0,-1.0,-1.0,1.0,0.99994,0.0437,1008.0,269.077,738.923,23.224,1.00805,51.2384,0.370488,1.0,-999,-999,15988.83732,15967.04068,699437.0,59958821.0
27689,6.449,LD2,-1.165,37.33,2.806,9.245,PI+SIDIS,-999,-999,-999,-999,31.94,18.201,31.767,18.102,28.084,16.004,180.31,102.75,43.594,24.842,0.9998,0.9978,0.9787,0.9791,-1.0,-1.0,-1.0,-1.0,-1.0,1.0,0.99992,0.0436,1047.0,270.385,776.615,24.976,1.0509,51.2165,0.379048,1.0,-999,-999,15620.61073,15599.17827,682973.0,58589692.0
27690,6.449,LD2,-1.165,37.33,2.806,9.245,PI+SIDIS,-999,-999,-999,-999,32.118,18.098,31.96,18.009,28.257,15.923,181.402,102.218,43.855,24.712,0.9997,0.9982,0.9779,0.9785,-1.0,-1.0,-1.0,-1.0,-1.0,1.0,0.99995,0.0436,1046.0,261.692,784.308,25.0883,1.04446,51.221,0.361031,1.0,-999,-999,15717.2547,15697.1153,688563.0,58958816.0
27691,6.449,LH2,-1.165,37.33,2.806,9.245,PI+SIDIS,-999,-999,-999,-999,60.694,37.276,60.395,37.093,53.072,32.595,241.833,148.526,82.278,50.532,0.9998,0.9978,0.9793,0.9763,-1.0,-1.0,-1.0,-1.0,-1.0,1.0,0.99996,0.0449,1105.0,275.385,829.615,14.0733,0.569276,51.3611,0.430578,1.0,-999,-999,29766.66505,29727.57695,679055.0,55460214.0
27692,6.449,LH2,-1.165,37.33,2.806,9.245,PI+SIDIS,-999,-999,-999,-999,59.424,33.329,59.158,33.18,51.956,29.14,236.501,132.645,80.645,45.231,0.9999,0.9977,0.978,0.9767,-1.0,-1.0,-1.0,-1.0,-1.0,1.0,0.99996,0.0448,1073.0,267.615,805.385,13.9409,0.572418,51.273,0.364665,1.0,-999,-999,29082.08239,29043.21861,666207.0,54152639.0
27693,6.449,LH2,-1.165,37.33,2.806,9.245,PI+SIDIS,-999,-999,-999,-999,65.058,38.196,64.706,37.989,57.025,33.48,257.783,151.346,88.624,52.032,0.9999,0.9976,0.9772,0.977,-1.0,-1.0,-1.0,-1.0,-1.0,1.0,0.99996,0.0451,1269.0,302.231,966.769,15.2948,0.568714,51.2321,0.376295,1.0,-999,-999,31820.43953,31777.32847,727546.0,59514576.0
27694,6.449,LH2,-1.165,37.33,2.806,9.245,PI+SIDIS,-999,-999,-999,-999,68.428,38.355,67.987,38.108,60.084,33.679,270.575,151.665,93.358,52.329,0.9998,0.9981,0.9763,0.9779,-1.0,-1.0,-1.0,-1.0,-1.0,1.0,0.99994,0.0452,1235.0,326.154,908.846,13.6737,0.534066,51.2121,0.37032,1.0,-999,-999,33435.73093,33390.80407,763046.0,62581052.0
27695,6.449,LH2,-1.165,37.33,2.806,9.245,PI+SIDIS,-999,-999,-999,-999,68.117,38.41,67.706,38.178,59.929,33.793,269.189,151.792,93.118,52.508,0.9998,0.998,0.9773,0.9775,-1.0,-1.0,-1.0,-1.0,-1.0,1.0,0.99995,0.0452,1178.0,314.0,864.0,13.0581,0.524018,51.2076,0.389884,1.0,-999,-999,33297.85046,33252.99654,759906.0,62351158.0
27696,6.449,LH2,-1.165,37.33,2.806,9.245,PI+SIDIS,-999,-999,-999,-999,68.66,38.382,68.298,38.179,60.23,33.669,271.413,151.723,93.422,52.224,0.9998,0.9984,0.9821,0.9769,-1.0,-1.0,-1.0,-1.0,-1.0,1.0,0.99994,0.0452,1280.0,324.462,955.538,14.3253,0.54157,51.2511,0.389134,1.0,-999,-999,33586.00739,33542.56261,767907.0,62827017.0
27697,6.449,LH2,-1.165,37.33,2.806,9.245,PI+SIDIS,-999,-999,-999,-999,72.079,38.565,71.737,38.383,62.913,33.661,284.73,152.343,97.53,52.183,0.9998,0.9978,0.9798,0.9764,-1.0,-1.0,-1.0,-1.0,-1.0,1.0,0.99993,0.0454,1289.0,325.692,963.308,13.7566,0.517668,51.263,0.380084,1.0,-999,-999,35285.18153,35239.61147,804690.0,65737874.0
27698,6.449,LH2,-1.165,37.33,2.806,9.245,PI+SIDIS,-999,-999,-999,-999,68.099,38.546,67.779,38.365,59.545,33.704,269.147,152.344,92.554,52.388,0.9999,0.9981,0.9787,0.9769,-1.0,-1.0,-1.0,-1.0,-1.0,1.0,0.99993,0.0453,1194.0,319.0,875.0,13.2171,0.527288,51.2454,0.378679,1.0,-999,-999,33332.52652,33288.62648,761915.0,62165083.0
27699,6.449,Dummy,-1.165,37.33,2.806,9.245,PI+SIDIS,-999,-999,-999,-999,89.716,50.304,89.234,50.034,79.115,44.36,270.534,151.689,123.022,68.979,0.9998,0.9987,0.9821,0.9784,-1.0,-1.0,-1.0,-1.0,-1.0,1.0,0.99993,0.0184,383.0,56.1538,326.846,3.74468,0.225479,51.2767,0.409249,1.0,-999,-999,43882.11409,43825.12491,346478.0,20282273.0
27700,6.449,Dummy,-1.165,37.33,2.806,9.245,PI+SIDIS,-999,-999,-999,-999,84.103,49.013,83.666,48.758,74.129,43.2,256.161,149.282,115.091,67.072,0.9998,0.9978,0.9817,0.981,-1.0,-1.0,-1.0,-1.0,-1.0,1.0,0.99998,0.0183,323.0,51.2308,271.769,3.3119,0.220349,51.2767,0.348539,1.0,-999,-999,41132.16235,41078.50965,324811.0,19013474.0
27701,6.449,Dummy,-1.165,37.33,2.806,9.245,PI+SIDIS,-999,-999,-999,-999,86.473,49.609,86.081,49.384,75.766,43.466,262.127,150.381,117.506,67.412,0.9996,0.9973,0.9763,0.9762,-1.0,-1.0,-1.0,-1.0,-1.0,1.0,0.99998,0.0184,381.0,50.2308,330.769,3.93787,0.233555,51.2971,0.354999,1.0,-999,-999,42332.73938,42273.33862,334179.0,19500949.0
27702,6.449,Dummy,-1.165,37.33,2.806,9.245,PI+SIDIS,-999,-999,-999,-999,87.744,49.978,87.398,49.78,76.977,43.845,265.479,151.212,119.661,68.157,0.9996,0.9969,0.9783,0.9764,-1.0,-1.0,-1.0,-1.0,-1.0,1.0,1.0,0.0185,344.0,54.9231,289.077,3.38889,0.218763,51.2869,0.365825,1.0,-999,-999,42980.63616,42921.16084,339355.0,19805643.0
27703,6.449,LH2,-1.165,37.33,-2.806,9.245,PI-SIDIS,-999,-999,-999,-999,69.553,39.951,69.159,39.724,61.113,35.103,261.545,150.23,94.937,54.531,0.9998,0.998,0.9829,0.9727,-1.0,-1.0,-1.0,-1.0,-1.0,1.0,0.99995,0.0448,663.0,234.538,428.462,6.37081,0.388034,51.22,0.329656,1.0,-999,-999,34009.06862,33961.80038,774266.0,473899296.0
27704,6.449,LH2,-1.165,37.33,-2.806,9.245,PI-SIDIS,-999,-999,-999,-999,67.423,40.026,67.016,39.784,58.907,34.97,253.251,150.341,91.401,54.259,0.9998,0.998,0.9826,0.9733,-1.0,-1.0,-1.0,-1.0,-1.0,1.0,0.99996,0.045,659.0,237.615,421.385,6.46186,0.399082,51.2608,0.357348,1.0,-999,-999,32952.30753,32908.76247,753052.0,458381931.0
27705,6.449,LH2,-1.165,37.33,-2.806,9.245,PI-SIDIS,-999,-999,-999,-999,63.065,40.254,62.706,40.026,55.189,35.227,236.748,151.117,85.814,54.775,1.0,0.9978,0.9818,0.9723,-1.0,-1.0,-1.0,-1.0,-1.0,1.0,0.99996,0.045,645.0,215.615,429.385,7.04292,0.42189,51.2373,0.357282,1.0,-999,-999,30825.99763,30785.89937,703288.0,429003135.0
27706,6.449,LH2,-1.165,37.33,-2.806,9.245,PI-SIDIS,-999,-999,-999,-999,67.009,39.794,66.674,39.595,58.925,34.993,252.601,150.009,91.673,54.441,0.9999,0.9979,0.9813,0.9733,-1.0,-1.0,-1.0,-1.0,-1.0,1.0,0.99996,0.0447,647.0,228.462,418.538,6.45053,0.397312,51.194,0.354858,1.0,-999,-999,32783.88479,32740.87121,747472.0,456377541.0
27707,6.449,LH2,-1.165,37.33,-2.806,9.245,PI-SIDIS,-999,-999,-999,-999,70.221,40.013,69.92,39.841,61.835,35.234,264.323,150.613,96.059,54.735,0.9997,0.9978,0.983,0.9726,-1.0,-1.0,-1.0,-1.0,-1.0,1.0,0.99996,0.0448,677.0,247.231,429.769,6.32188,0.38808,51.2133,0.337533,1.0,-999,-999,34384.08429,34334.89471,782989.0,478601520.0
27708,6.449,LH2,-1.165,37.33,-2.806,9.245,PI-SIDIS,-999,-999,-999,-999,73.269,40.605,72.911,40.407,64.112,35.53,274.892,152.342,99.424,55.1,0.9997,0.9979,0.9821,0.9735,-1.0,-1.0,-1.0,-1.0,-1.0,1.0,0.99993,0.045,696.0,254.615,441.385,6.22086,0.37702,51.2279,0.35629,1.0,-999,-999,35858.46306,35809.57394,818000.0,498611959.0
27709,6.449,LH2,-1.165,37.33,-2.806,9.245,PI-SIDIS,-999,-999,-999,-999,74.81,40.719,74.347,40.468,65.377,35.585,279.886,152.344,101.61,55.307,0.9997,0.9978,0.9833,0.9732,-1.0,-1.0,-1.0,-1.0,-1.0,1.0,0.99994,0.0451,723.0,254.923,468.077,6.47152,0.376764,51.243,0.360541,1.0,-999,-999,36569.63526,36518.82774,833754.0,508449751.0
27710,6.449,LH2,-1.165,37.33,-2.806,9.245,PI-SIDIS,-999,-999,-999,-999,74.534,40.669,74.094,40.429,65.509,35.744,279.194,152.341,101.908,55.606,0.9997,0.9981,0.9806,0.9713,-1.0,-1.0,-1.0,-1.0,-1.0,1.0,0.99997,0.045,774.0,256.692,517.308,7.19045,0.391604,51.2178,0.357601,1.0,-999,-999,36443.0072,36394.6728,830638.0,507117891.0
27711,6.449,LH2,-1.165,37.33,-2.806,9.245,PI-SIDIS,-999,-999,-999,-999,72.318,40.464,71.96,40.263,63.667,35.623,271.258,151.774,98.915,55.345,0.9998,0.9975,0.9823,0.9724,-1.0,-1.0,-1.0,-1.0,-1.0,1.0,0.9999,0.045,687.0,243.923,443.077,6.3339,0.379771,51.2199,0.384436,1.0,-999,-999,35390.80983,35339.98017,807103.0,492609929.0
27712,6.449,LH2,-1.165,37.33,-2.806,9.245,PI-SIDIS,-999,-999,-999,-999,68.369,39.912,68.069,39.737,59.873,34.952,257.525,150.336,92.855,54.206,0.9998,0.9975,0.9822,0.974,-1.0,-1.0,-1.0,-1.0,-1.0,1.0,0.99995,0.0449,670.0,236.538,433.462,6.53959,0.395782,51.2615,0.361284,1.0,-999,-999,33467.78024,33423.97376,763327.0,465597812.0
27713,6.449,LH2,-1.165,37.33,-2.806,9.245,PI-SIDIS,-999,-999,-999,-999,71.017,40.389,70.684,40.199,62.113,35.325,266.917,151.802,96.548,54.909,0.9996,0.9979,0.9716,0.9614,-1.0,-1.0,-1.0,-1.0,1.0,-1.0,0.9987,0.045,695.0,248.692,446.308,6.57884,0.393916,51.2556,0.358766,1.0,-999,-999,34759.21723,34712.56977,792393.0,483494133.0
27714,6.449,Dummy,-1.165,37.33,-2.806,9.245,PI-SIDIS,-999,-999,-999,-999,81.974,48.44,81.534,48.181,72.353,42.755,252.044,148.939,112.567,66.519,0.9998,0.9972,0.9847,0.9754,-1.0,-1.0,-1.0,-1.0,-1.0,1.0,0.99998,0.0207,217.0,40.1538,176.846,2.22418,0.186583,51.2141,0.328587,1.0,-999,-999,40100.59982,40045.51618,316705.0,227666092.0
27715,6.449,Dummy,-1.165,37.33,-2.806,9.245,PI-SIDIS,-999,-999,-999,-999,53.044,50.087,52.779,49.837,46.824,44.214,160.152,151.226,72.708,68.655,0.9991,0.998,0.9869,0.9784,-1.0,-1.0,-1.0,-1.0,-1.0,1.0,0.99998,0.021,141.0,27.3077,113.692,2.20371,0.23187,51.25,0.35863,1.0,-999,-999,25913.10759,25878.09941,203808.0,147299783.0
27716,6.449,Dummy,-1.165,37.33,-2.806,9.245,PI-SIDIS,-999,-999,-999,-999,86.215,50.024,85.811,49.79,76.188,44.207,260.467,151.13,118.484,68.748,0.9996,0.9968,0.9832,0.9724,-1.0,-1.0,-1.0,-1.0,-1.0,1.0,0.99998,0.021,216.0,42.0769,173.923,2.08522,0.177521,51.25,0.350769,1.0,-999,-999,42200.32112,42132.96388,329765.0,239882968.0
27717,6.449,Dummy,-1.165,37.33,-2.806,9.245,PI-SIDIS,-999,-999,-999,-999,123.9,49.979,123.256,49.719,108.971,43.957,374.895,151.225,169.084,68.205,0.9996,0.997,0.9854,0.9779,-1.0,-1.0,-1.0,-1.0,-1.0,1.0,1.0,0.021,361.0,60.0769,300.923,2.49762,0.158704,51.276,0.356028,1.0,-999,-999,60663.10406,60569.94494,473740.0,343940040.0
27718,6.449,LH2,-1.165,37.33,-2.806,9.245,PI-SIDIS,-999,-999,-999,-999,71.024,41.069,70.671,40.865,62.35,36.053,261.164,151.017,96.997,56.088,0.9997,0.9977,0.9814,0.9722,-1.0,-1.0,-1.0,-1.0,-1.0,1.0,0.99995,0.0461,714.0,242.615,471.385,6.86327,0.394101,51.1968,0.390916,1.0,-999,-999,34735.11494,34682.92906,798530.0,483825042.0
27719,6.449,LH2,-1.165,37.33,-2.806,9.245,PI-SIDIS,-999,-999,-999,-999,70.345,40.118,70.02,39.932,61.943,35.326,264.716,150.966,96.326,54.935,0.9999,0.9973,0.9809,0.9719,-1.0,-1.0,-1.0,-1.0,-1.0,1.0,0.99993,0.0448,692.0,243.538,448.462,6.59109,0.391819,51.1734,0.388583,1.0,-999,-999,34435.78569,34385.06731,791651.0,479664388.0
27720,6.449,LH2,-1.165,37.33,-2.806,9.245,PI-SIDIS,-999,-999,-999,-999,64.288,39.281,64.002,39.106,56.695,34.642,243.526,148.799,88.137,53.853,0.9998,0.9971,0.9805,0.971,-1.0,-1.0,-1.0,-1.0,-1.0,1.0,0.99994,0.0445,650.0,212.308,437.692,7.04483,0.415477,51.2002,0.386867,1.0,-999,-999,31466.2288,31421.5062,722964.0,438586117.0
27721,6.449,LH2,-1.165,37.33,-2.806,9.245,PI-SIDIS,-999,-999,-999,-999,69.572,40.182,69.169,39.949,61.31,35.41,261.586,151.081,95.307,55.046,0.9997,0.9973,0.9807,0.9723,-1.0,-1.0,-1.0,-1.0,-1.0,1.0,0.99994,0.0449,691.0,239.308,451.692,6.71876,0.396182,51.2009,0.337697,1.0,-999,-999,34015.97234,33964.66666,780851.0,474066732.0
27722,6.449,LH2,-1.165,37.33,-2.806,9.245,PI-SIDIS,-999,-999,-999,-999,69.697,39.977,69.267,39.73,61.394,35.214,262.329,150.465,95.393,54.715,0.9998,0.9972,0.9798,0.9716,-1.0,-1.0,-1.0,-1.0,-1.0,1.0,0.99994,0.0448,700.0,233.538,466.462,6.93289,0.398244,51.1914,0.370045,1.0,-999,-999,34066.158,34016.129,783789.0,474635925.0
27723,6.449,LH2,-1.165,37.33,-2.806,9.245,PI-SIDIS,-999,-999,-999,-999,72.912,40.623,72.495,40.391,64.231,35.786,273.422,152.338,99.807,55.608,0.9997,0.997,0.9804,0.9705,-1.0,-1.0,-1.0,-1.0,-1.0,1.0,0.99994,0.045,747.0,254.615,492.385,7.00093,0.393669,51.1807,0.36774,1.0,-999,-999,35657.31106,35605.90594,820125.0,496762861.0
27724,6.449,LH2,-1.165,37.33,-2.806,9.245,PI-SIDIS,-999,-999,-999,-999,56.417,40.251,56.136,40.051,49.719,35.473,212.344,151.5,77.248,55.114,0.9999,0.9968,0.9826,0.97,-1.0,-1.0,-1.0,-1.0,-1.0,1.0,0.99996,0.0449,521.0,194.077,326.923,6.00476,0.42521,51.2126,0.345454,1.0,-999,-999,27590.58607,27551.68093,634438.0,384649472.0
27725,6.449,LH2,-1.165,37.33,-2.806,9.245,PI-SIDIS,-999,-999,-999,-999,68.199,39.5,67.895,39.324,60.108,34.814,258.068,149.47,93.358,54.072,0.9995,0.9973,0.9827,0.9714,-1.0,-1.0,-1.0,-1.0,-1.0,1.0,0.99994,0.0446,683.0,234.769,448.231,6.8,0.401684,51.1886,0.3956,1.0,-999,-999,33392.51252,33344.24048,767802.0,465449703.0
27726,6.449,LH2,-1.165,37.33,-2.806,9.245,PI-SIDIS,-999,-999,-999,-999,64.965,39.646,64.658,39.459,57.232,34.927,245.365,149.739,88.892,54.248,0.9998,0.9967,0.982,0.9715,-1.0,-1.0,-1.0,-1.0,-1.0,1.0,0.99995,0.0447,652.0,219.0,433.0,6.89496,0.41182,51.1815,0.402709,1.0,-999,-999,31790.23474,31746.83626,731072.0,443177596.0
27727,6.449,LH2,-1.165,37.33,-2.806,9.245,PI-SIDIS,-999,-999,-999,-999,36.191,39.71,35.974,39.473,31.839,34.935,136.556,149.836,49.461,54.271,0.9998,0.9973,0.981,0.9718,-1.0,-1.0,-1.0,-1.0,-1.0,1.0,0.99995,0.0447,391.0,126.538,264.462,7.56667,0.572757,51.2427,0.409054,1.0,-999,-999,17656.2005,17629.8225,408050.0,246571121.0
27728,6.449,LH2,-1.165,37.33,-2.806,9.245,PI-SIDIS,-999,-999,-999,-999,70.86,39.952,70.439,39.715,62.345,35.151,266.978,150.528,96.832,54.596,0.9998,0.9973,0.981,0.972,-1.0,-1.0,-1.0,-1.0,-1.0,1.0,0.99994,0.0447,723.0,246.231,476.769,6.96535,0.397942,51.36,0.342018,1.0,-999,-999,34643.93317,34587.63483,796608.0,483200944.0
27730,6.449,Dummy,-1.165,37.33,-2.806,9.245,PI-SIDIS,-999,-999,-999,-999,81.06,48.759,80.728,48.559,71.64,43.093,247.637,148.958,111.252,66.92,0.9998,0.9982,0.9806,0.9712,-1.0,-1.0,-1.0,-1.0,-1.0,1.0,0.99998,0.0209,221.0,43.0769,177.923,2.26983,0.191069,51.2472,0.346771,1.0,-999,-999,39794.72805,39734.31995,317307.0,225575642.0
27731,6.449,Dummy,-1.165,37.33,-2.806,9.245,PI-SIDIS,-999,-999,-999,-999,91.51,50.516,91.166,50.326,80.897,44.657,275.963,152.338,125.652,69.363,1.0,0.9968,0.987,0.974,-1.0,-1.0,-1.0,-1.0,-1.0,1.0,0.99998,0.0211,235.0,45.4615,189.538,2.13458,0.173923,51.2341,0.356627,1.0,-999,-999,44843.80026,44774.49074,356793.0,254599954.0
27732,6.449,Dummy,-1.165,37.33,-2.806,9.245,PI-SIDIS,-999,-999,-999,-999,80.252,48.823,79.874,48.593,70.894,43.13,245.23,149.192,110.129,67.0,0.9998,0.9988,0.9855,0.9758,-1.0,-1.0,-1.0,-1.0,-1.0,1.0,0.99996,0.0208,217.0,40.1538,176.846,2.26951,0.190386,51.1888,0.346027,1.0,-999,-999,39268.72355,39211.40645,313603.0,223096319.0
27733,6.449,LH2,-3.7,27.0,3.61,27.72,HEEP,-999,-999,-999,-999,103.727,65.329,103.455,65.158,91.788,57.81,232.979,146.735,138.423,87.182,0.9999,0.8182,0.875,0.9759,-1.0,-1.0,-1.0,-1.0,-1.0,1.0,1.0,0.0001,-999,-999,-999,-999,-999,-999,-999,1.0,-999,-999,4.9999999999999994e+75,-4.9999999999999994e+75,264433.0,42050.0
27734,6.449,LH2,-3.7,27.0,3.61,27.72,HEEP,-999,-999,-999,-999,115.624,66.377,115.362,66.226,102.372,58.769,257.284,147.7,154.159,88.499,0.9999,0.913,0.9999,0.9767,-1.0,-1.0,-1.0,-1.0,-1.0,1.0,1.0,0.0001,-999,-999,-999,-999,-999,-999,-999,1.0,-999,-999,4.9999999999999994e+75,-4.9999999999999994e+75,294455.0,46801.0
27735,6.449,LH2,-3.7,27.0,3.61,27.72,HEE,-999,-999,-999,-999,-999,-999,-999,-999,-999,-999,-999,-999,-999,-999,-999,-999,-999,-999,-999,-999,-999,-999,-999,-999,-999,-999,-999,-999,-999,-999,-999,-999,-999,1.0,-999,-999,-999,-999,-999,-999
27736,6.449,Dummy,-3.7,27.0,3.61,27.72,HEEP,-999,-999,-999,-999,88.624,50.332,88.125,50.048,77.64,44.094,264.022,149.945,120.332,68.339,1.0,1.0,0.0,0.9767,-1.0,-1.0,-1.0,-1.0,-1.0,1.0,1.0,0.0001,-999,-999,-999,-999,-999,-999,-999,1.0,-999,-999,4.9999999999999994e+75,-4.9999999999999994e+75,88316.0,33901.0
27737,6.449,Dummy,-3.7,27.0,3.61,27.72,HEE,-999,-999,-999,-999,-999,-999,-999,-999,-999,-999,-999,-999,-999,-999,-999,-999,-999,-999,-999,-999,-999,-999,-999,-999,-999,-999,-999,-999,-999,-999,-999,-999,-999,1.0,-999,-999,-999,-999,-999,-999
27738,6.449,LD2,-3.7,27.0,3.61,27.72,HEE,-999,-999,-999,-999,-999,-999,-999,-999,-999,-999,-999,-999,-999,-999,-999,-999,-999,-999,-999,-999,-999,-999,-999,-999,-999,-999,-999,-999,-999,-999,-999,-999,-999,1.0,-999,-999,-999,-999,-999,-999
27739,6.449,LH2,-3.318,30.5,4.01,24.825,HEEP,-999,-999,-999,-999,119.819,68.943,119.634,68.837,105.6,60.762,259.315,149.209,156.796,90.22,0.9998,0.9444,0.0,0.9779,-1.0,-1.0,-1.0,-1.0,-1.0,1.0,1.0,0.0002,-999,-999,-999,-999,-999,-999,-999,1.0,-999,-999,4.9999999999999994e+75,-4.9999999999999994e+75,128133.0,61577.0
27740,6.449,LH2,-3.318,30.5,4.01,24.825,HEEP,-999,-999,-999,-999,107.525,66.886,107.298,66.745,94.306,58.664,236.313,147.0,140.727,87.54,0.9998,0.9,1.0,0.9774,-1.0,-1.0,-1.0,-1.0,-1.0,1.0,1.0,0.0002,-999,-999,-999,-999,-999,-999,-999,1.0,-999,-999,4.9999999999999994e+75,-4.9999999999999994e+75,115704.0,55199.0
27741,6.449,LH2,-3.318,30.5,4.01,24.825,HEE,-999,-999,-999,-999,-999,-999,-999,-999,-999,-999,-999,-999,-999,-999,-999,-999,-999,-999,-999,-999,-999,-999,-999,-999,-999,-999,-999,-999,-999,-999,-999,-999,-999,1.0,-999,-999,-999,-999,-999,-999
27742,6.449,Dummy,-3.318,30.5,4.01,24.825,HEEP,-999,-999,-999,-999,91.963,50.451,91.486,50.189,81.303,44.603,273.235,149.898,126.381,69.333,1.0,0.9999,0.0,0.9904,-1.0,-1.0,-1.0,-1.0,-1.0,1.0,1.0,0.0001,-999,-999,-999,-999,-999,-999,-999,1.0,-999,-999,4.9999999999999994e+75,-4.9999999999999994e+75,47923.0,39595.0
27743,6.449,Dummy,-3.318,30.5,4.01,24.825,HEE,-999,-999,-999,-999,-999,-999,-999,-999,-999,-999,-999,-999,-999,-999,-999,-999,-999,-999,-999,-999,-999,-999,-999,-999,-999,-999,-999,-999,-999,-999,-999,-999,-999,1.0,-999,-999,-999,-999,-999,-999
27744,6.449,LD2,-3.318,30.5,4.01,24.825,HEE,-999,-999,-999,-999,-999,-999,-999,-999,-999,-999,-999,-999,-999,-999,-999,-999,-999,-999,-999,-999,-999,-999,-999,-999,-999,-999,-999,-999,-999,-999,-999,-999,-999,1.0,-999,-999,-999,-999,-999,-999
27745,6.449,LH2,1.165,44.83,2.978,10.25,PI+SIDIS,0.44,4.4,0.52,2.0,91.438,52.745,91.069,52.532,80.346,46.346,262.115,151.198,124.855,72.021,0.998,0.9969,0.9768,0.9743,-1.0,-1.0,-1.0,-1.0,-1.0,1.0,0.99995,0.0428,17.0,7.30769,9.69231,0.10946,0.0473279,51.3,0.5,1.0,-999,-999,44795.34069,44731.92831,63512.0,72203221.0
27746,6.449,LH2,1.165,44.83,2.978,10.25,PI+SIDIS,0.44,4.4,0.52,2.0,86.345,52.626,86.036,52.437,76.267,46.484,246.677,150.345,118.674,72.33,0.999,0.9973,0.9806,0.9728,-1.0,-1.0,-1.0,-1.0,-1.0,1.0,0.99999,0.0429,13.0,7.07692,5.92308,0.0708406,0.0440164,51.3,0.5,1.0,-999,-999,42298.56136,42235.79864,58917.0,68167407.0
27747,6.449,Cu,1.165,44.83,2.978,10.25,PI+SIDIS,0.44,4.4,0.52,2.0,84.843,48.814,84.457,48.591,74.679,42.966,261.78,150.612,115.884,66.672,0.9983,0.9967,0.9798,0.9716,-1.0,-1.0,-1.0,-1.0,-1.0,1.0,0.99998,0.0446,33.0,29.3077,3.69231,0.0450738,0.0724826,51.3,0.5,1.0,-999,-999,41532.90574,41470.52126,141799.0,64771043.0
27748,6.449,Cu,1.165,44.83,2.978,10.25,PI+SIDIS,0.44,4.4,0.52,2.0,83.122,48.823,82.677,48.562,72.777,42.746,256.217,150.493,112.901,66.314,0.9997,0.9966,0.9794,0.9702,-1.0,-1.0,-1.0,-1.0,-1.0,1.0,0.99995,0.0446,40.0,25.9231,14.0769,0.175556,0.0808167,51.3,0.5,1.0,-999,-999,40650.91499,40593.99601,138455.0,62918446.0
27749,6.449,LH2,1.165,37.33,-2.806,9.43,PI-SIDIS,-999,-999,-999,-999,78.368,43.735,78.009,43.535,69.066,38.544,272.976,152.341,107.467,59.974,0.9981,0.9963,0.9833,0.9736,-1.0,-1.0,-1.0,-1.0,-1.0,1.0,0.99991,0.0454,51.0,24.5385,26.4615,0.349103,0.0959434,51.3,0.5,1.0,-999,-999,38372.30235,38317.08365,162864.0,497110795.0
27750,6.449,LH2,1.165,37.33,-2.806,9.43,PI-SIDIS,-999,-999,-999,-999,53.518,43.195,53.296,43.016,47.058,37.981,187.725,151.515,73.056,58.964,0.998,0.9962,0.9817,0.9732,-1.0,-1.0,-1.0,-1.0,-1.0,1.0,0.99992,0.0451,32.0,17.0,15.0,0.289801,0.111502,51.3,0.5,1.0,-999,-999,26185.18106,26146.24994,111725.0,339360916.0
27751,6.449,LH2,1.165,37.33,-2.806,9.43,PI-SIDIS,-999,-999,-999,-999,76.827,42.69,76.441,42.475,67.191,37.335,274.167,152.344,104.328,57.971,0.9981,0.9963,0.9827,0.9735,-1.0,-1.0,-1.0,-1.0,-1.0,1.0,0.9999,0.0444,50.0,26.1538,23.8462,0.321088,0.0971083,51.3,0.5,1.0,-999,-999,37597.12125,37542.59175,160104.0,486346961.0
27752,6.449,LH2,1.165,37.33,-2.806,9.43,PI-SIDIS,-999,-999,-999,-999,72.762,42.247,72.324,41.993,63.758,37.019,260.081,151.009,99.208,57.603,0.9983,0.9962,0.9814,0.9726,-1.0,-1.0,-1.0,-1.0,-1.0,1.0,0.99993,0.0443,30.0,22.7692,7.23077,0.102977,0.0802484,51.3,0.5,1.0,-999,-999,35651.84525,35600.91075,151505.0,460213370.0
27753,6.449,LD2,1.165,37.33,2.806,9.43,PI+SIDIS,-999,-999,-999,-999,30.411,18.213,30.293,18.142,26.775,16.036,171.987,103.002,41.603,24.916,0.9986,0.9966,0.9792,0.9761,-1.0,-1.0,-1.0,-1.0,-1.0,1.0,0.99991,0.042,42.0,26.4615,15.5385,0.526281,0.224756,51.3,0.5,1.0,-999,-999,14894.50096,14872.62304,125022.0,52710030.0
27754,6.449,LD2,1.165,37.33,2.806,9.43,PI+SIDIS,-999,-999,-999,-999,12.907,18.09,12.861,18.024,11.365,15.928,73.002,102.314,17.657,24.746,0.9982,0.9963,0.9793,0.9766,-1.0,-1.0,-1.0,-1.0,-1.0,1.0,0.99998,0.0414,19.0,10.0,9.0,0.717868,0.354647,51.3,0.5,1.0,-999,-999,6302.89846,6293.70154,52695.0,22045750.0
27756,8.581,LH2,-3.254,13.76,-2.661,10.12,PI-SIDIS,-999,-999,-999,-999,61.342,38.062,61.068,37.892,53.771,33.364,235.557,146.161,83.621,51.886,0.9991,0.9962,0.9861,0.9839,-1.0,-1.0,-1.0,-1.0,-1.0,1.0,0.99835,0.0431,41868.0,14773.4,27094.6,452.093,3.4602,51.1963,0.366472,1.0,-999,-999,30048.90439,30005.95661,36742383.0,174549495.0
27757,8.581,LH2,-3.254,13.76,-2.661,10.12,PI-SIDIS,-999,-999,-999,-999,8.58,40.349,8.541,40.167,7.543,35.471,32.186,151.356,11.729,55.157,0.9991,0.9959,0.9859,0.9837,-1.0,-1.0,-1.0,-1.0,-1.0,1.0,0.99752,0.044,9029.0,4334.67,4694.33,560.627,11.7933,51.1878,0.372453,1.0,-999,-999,4128.80045,4122.85655,5138303.0,24404972.0
27758,8.581,LH2,-3.254,13.76,-2.738,10.12,PI-SIDIS,-999,-999,-999,-999,26.807,40.748,26.687,40.566,23.364,35.514,97.245,147.818,36.275,55.141,0.9989,0.9964,0.9853,0.9842,-1.0,-1.0,-1.0,-1.0,-1.0,1.0,0.99978,0.0434,18311.0,6338.85,11972.2,456.416,5.22698,51.2474,0.358237,1.0,-999,-999,13110.49661,13084.98939,16058049.0,78155836.0
27759,8.581,LH2,-3.254,13.76,-2.738,10.12,PI-SIDIS,-999,-999,-999,-999,30.419,40.34,30.237,40.1,26.518,35.167,110.815,146.96,41.176,54.607,0.999,0.9965,0.9847,0.9819,-1.0,-1.0,-1.0,-1.0,-1.0,1.0,0.99722,0.0432,20531.0,7071.38,13459.6,455.06,4.90817,51.2369,0.361312,1.0,-999,-999,14821.63062,14794.88338,18198514.0,88417026.0
27760,8.581,LH2,-3.254,13.76,-2.738,10.12,PI-SIDIS,-999,-999,-999,-999,70.817,41.253,70.403,41.012,61.772,35.984,256.159,149.221,95.923,55.878,0.9989,0.9974,0.9726,0.9682,-1.0,-1.0,-1.0,-1.0,1.0,-1.0,0.74299,0.0435,36519.0,12592.5,23926.5,472.95,3.82719,51.2322,0.364612,1.0,-999,-999,34704.02594,34647.74906,42397048.0,205602489.0
27761,8.581,LH2,-3.254,13.76,-2.738,10.12,HMSDIS,-999,-999,-999,-999,26151.747,40.107,26012.18,39.893,22831.034,35.014,95164.527,145.947,35449.505,54.366,0.9991,0.9962,-999,-999,-1.0,-1.0,-1.0,17.0,-1.0,-1.0,-999,95.6844,-999,-999,-999,-999,-999,-999,-999,1.0,-999,-999,-999,-999,15663019.0,75930863.0
27762,8.581,LH2,-3.254,13.76,-2.738,10.12,PI-SIDIS,-999,-999,-999,-999,17.859,42.47,17.768,42.254,15.596,37.088,64.062,152.345,24.218,57.593,0.999,0.9963,0.9845,0.9816,-1.0,-1.0,-1.0,-1.0,-1.0,1.0,0.99702,0.0438,12206.0,4199.77,8006.23,460.878,6.44342,51.2366,0.360269,1.0,-999,-999,8677.16069,8663.35131,10692658.0,51902822.0
27763,8.581,Dummy,-3.254,13.76,-2.738,10.12,PI-SIDIS,-999,-999,-999,-999,53.463,49.273,53.265,49.092,46.894,43.219,162.961,150.192,72.819,67.113,0.9993,0.9958,0.988,0.9862,-1.0,-1.0,-1.0,-1.0,-1.0,1.0,0.99977,0.0177,10730.0,1976.38,8753.62,166.795,1.9877,51.262,0.348421,1.0,-999,-999,26158.79214,26119.88686,12763793.0,59513933.0
27764,8.581,Dummy,-3.254,13.76,-2.738,10.12,HMSDIS,-999,-999,-999,-999,35590.327,47.445,35458.594,47.269,31237.376,41.642,109596.69,146.102,48492.793,64.645,0.9994,0.9965,-999,-999,-1.0,-1.0,-1.0,17.0,-1.0,-1.0,-999,98.2457,-999,-999,-999,-999,-999,-999,-999,1.0,-999,-999,-999,-999,8496807.0,39573113.0
27765,8.581,Dummy,-3.254,13.76,-2.738,8.26,PI-SIDIS,-999,-999,-999,-999,10.686,47.328,10.635,47.102,9.374,41.518,32.89,145.672,14.556,64.47,0.9993,0.9964,0.9847,0.9826,-1.0,-1.0,-1.0,-1.0,-1.0,1.0,0.99941,0.0348,2556.0,818.846,1737.15,166.451,4.9036,51.3935,0.344781,1.0,-999,-999,5136.51434,5130.99366,2548910.0,25368259.0
27766,8.581,Dummy,-3.254,13.76,-2.738,8.26,PI-SIDIS,-999,-999,-999,-999,43.894,49.681,43.682,49.441,38.563,43.648,133.353,150.934,59.873,67.767,0.9993,0.996,0.9859,0.9826,-1.0,-1.0,-1.0,-1.0,-1.0,1.0,0.99945,0.0352,10462.0,3353.85,7108.15,165.814,2.41525,51.228,0.359059,1.0,-999,-999,21435.75486,21401.91714,10469673.0,104298734.0
27767,8.581,LH2,-3.254,13.76,-2.738,8.26,PI-SIDIS,-999,-999,-999,-999,46.451,24.05,46.239,23.941,40.66,21.052,260.964,135.117,63.127,32.685,0.9993,0.9965,0.9841,0.9813,-1.0,-1.0,-1.0,-1.0,-1.0,1.0,0.99903,0.0438,32275.0,11081.9,21193.1,467.851,4.01798,51.2233,0.366082,1.0,-999,-999,22745.64073,22711.01327,27892718.0,279543301.0
27768,8.581,LH2,-3.254,13.76,-2.738,8.26,PI-SIDIS,-999,-999,-999,-999,36.757,24.099,36.603,23.998,32.2,21.111,206.652,135.485,49.984,32.771,0.9992,0.9968,0.9842,0.9807,-1.0,-1.0,-1.0,-1.0,-1.0,1.0,0.99906,0.0438,25657.0,8841.0,16816.0,469.275,4.52885,51.2254,0.365659,1.0,-999,-999,17994.38578,17969.42922,22076404.0,221214337.0
27769,8.581,LH2,-3.254,13.76,2.738,8.26,PI+SIDIS,-999,-999,-999,-999,40.205,17.985,39.994,17.891,35.218,15.754,226.077,101.135,54.66,24.452,0.9994,0.9966,0.9807,0.9807,-1.0,-1.0,-1.0,-1.0,-1.0,1.0,0.99931,0.043,26103.0,6176.31,19926.7,781.422,6.39312,51.2275,0.372105,1.0,-999,-999,19678.13763,19650.74837,24241313.0,77382415.0
27770,8.581,LH2,-3.254,13.76,2.738,8.26,PI+SIDIS,-999,-999,-999,-999,43.794,18.209,43.592,18.125,38.391,15.962,246.43,102.463,59.588,24.776,0.9994,0.9966,0.9807,0.9808,-1.0,-1.0,-1.0,-1.0,-1.0,1.0,0.99931,0.0431,43516.0,10358.5,33157.5,776.52,4.92988,51.2264,0.367501,1.0,-999,-999,21452.34026,21422.53474,26399275.0,84216869.0
27771,8.581,Dummy,-3.254,13.76,2.738,8.26,PI+SIDIS,-999,-999,-999,-999,119.263,44.522,118.733,44.324,104.925,39.169,402.657,150.315,162.942,60.827,0.9994,0.9959,0.9817,0.9812,-1.0,-1.0,-1.0,-1.0,-1.0,1.0,0.99951,0.0363,35845.0,9476.31,26368.7,226.587,1.64336,51.2307,0.364039,1.0,-999,-999,58434.30005,58356.67595,28483778.0,67831908.0
27772,8.581,LH2,-3.254,13.76,4.929,10.13,PI+SIDIS,-999,-999,-999,-999,105.925,39.43,105.385,39.229,92.517,34.439,400.818,149.201,143.625,53.463,0.999,0.9961,0.9897,0.9857,-1.0,-1.0,-1.0,-1.0,-1.0,1.0,0.99969,0.0097,79485.0,3196.62,76288.4,735.367,2.72182,51.218,0.485558,1.0,-999,-999,51875.6742,51784.1918,63642913.0,48086218.0
27773,8.581,Dummy,-3.254,13.76,4.929,10.13,PI+SIDIS,-999,-999,-999,-999,21.445,35.631,21.31,35.406,18.736,31.13,83.283,138.376,29.08,48.316,0.999,0.9954,0.9882,0.9883,-1.0,-1.0,-1.0,-1.0,-1.0,1.0,0.99994,0.0025,3698.0,62.6154,3635.38,172.798,2.89237,51.2269,0.485406,1.0,-999,-999,10428.31266,10409.44634,5125177.0,2286413.0
27774,8.581,LH2,-3.254,13.76,2.738,10.13,PI+SIDIS,-999,-999,-999,-999,7.899,20.05,7.859,19.948,6.904,17.524,44.327,112.516,10.719,27.208,0.9994,0.9968,0.9848,0.9835,-1.0,-1.0,-1.0,-1.0,-1.0,1.0,0.99944,0.0324,7375.0,1319.85,6055.15,784.309,11.1998,51.2211,0.503396,1.0,-999,-999,3834.71032,3828.71668,4753502.0,8552636.0
27775,8.581,LH2,-3.254,13.76,2.738,10.13,PI+SIDIS,-999,-999,-999,-999,4.573,20.219,4.546,20.102,4.009,17.727,25.738,113.798,6.223,27.513,0.9993,0.9964,0.9814,0.983,-1.0,-1.0,-1.0,-1.0,-1.0,1.0,0.99948,0.0327,4213.0,772.154,3440.85,770.926,14.6448,51.1714,0.375903,1.0,-999,-999,2199.70629,2196.33171,2754866.0,4973516.0
27776,8.581,LH2,-3.254,13.76,2.738,10.13,PI+SIDIS,-999,-999,-999,-999,42.226,25.125,42.039,25.014,37.172,22.118,238.568,141.952,57.682,34.322,0.9993,0.9964,0.9811,0.981,-1.0,-1.0,-1.0,-1.0,-1.0,1.0,0.99896,0.0405,40388.0,8710.46,31677.5,769.457,4.92189,51.0368,0.428286,1.0,-999,-999,20677.40052,20639.17648,25390801.0,46749367.0
27777,8.581,LH2,-3.254,13.76,2.738,10.13,PI+SIDIS,-999,-999,-999,-999,17.431,24.807,17.349,24.691,15.325,21.81,98.37,139.996,23.768,33.825,0.9991,0.9962,0.9826,0.9812,-1.0,-1.0,-1.0,-1.0,-1.0,1.0,0.99906,0.0404,16730.0,3599.0,13131.0,772.801,7.67506,51.0809,0.421286,1.0,-999,-999,8547.66765,8532.36335,10486469.0,19226591.0
27778,8.581,LH2,-3.254,13.76,2.738,10.13,PI+SIDIS,-999,-999,-999,-999,43.38,25.108,43.127,24.961,37.864,21.915,243.077,140.689,58.663,33.954,0.9992,0.9974,0.971,0.9689,-1.0,-1.0,-1.0,-1.0,1.0,-1.0,0.97171,0.0405,40685.0,8804.0,31881.0,785.801,5.01283,51.1224,0.403416,1.0,-999,-999,21210.01033,21177.01867,26083377.0,47519999.0
27779,8.581,LH2,-3.254,13.76,2.738,10.13,HMSDIS,-999,-999,-999,-999,22282.964,25.295,22149.655,25.144,19440.381,22.068,124784.701,141.652,30177.023,34.256,0.9992,0.9966,-999,-999,-1.0,-1.0,-1.0,17.0,-1.0,-1.0,-999,95.9492,-999,-999,-999,-999,-999,-999,-999,1.0,-999,-999,-999,-999,13406997.0,24364394.0
27780,8.581,LH2,-3.254,13.76,2.738,10.13,HMSDIS,-999,-999,-999,-999,21406.505,25.082,21285.386,24.94,18721.138,21.935,120202.067,140.839,29080.799,34.074,0.9992,0.9976,-999,-999,-1.0,-1.0,33.0,-1.0,-1.0,-1.0,-999,95.9617,-999,-999,-999,-999,-999,-999,-999,1.0,-999,-999,-999,-999,12876860.0,23435783.0
27783,8.581,Dummy,-3.254,13.76,2.738,10.13,PI+SIDIS,-999,-999,-999,-999,89.193,50.085,88.722,49.82,78.029,43.816,270.131,151.688,121.025,67.96,0.9993,0.996,0.9843,0.9843,-1.0,-1.0,-1.0,-1.0,-1.0,1.0,0.99963,0.0244,24197.0,4069.38,20127.6,230.727,1.79464,51.0379,0.431251,1.0,-999,-999,43637.0459,43565.8331,21320710.0,24522492.0
27786,8.581,Dummy,-3.254,13.76,2.738,10.13,HMSDIS,-999,-999,-999,-999,40633.483,49.642,40434.021,49.398,35666.436,43.574,123543.785,150.933,55429.023,67.717,0.9993,0.9963,-999,-999,-1.0,-1.0,-1.0,3.0,-1.0,-1.0,-999,97.5666,-999,-999,-999,-999,-999,-999,-999,1.0,-999,-999,-999,-999,9710063.0,11192762.0
27787,8.581,LH2,-3.254,16.125,4.978,11.41,PI+SIDIS,-999,-999,-999,-999,126.155,57.29,125.759,57.111,111.5,50.635,325.884,147.992,173.148,78.631,0.9992,0.9953,0.9891,0.9861,-1.0,-1.0,-1.0,-1.0,-1.0,1.0,0.99982,0.008,42622.0,1256.92,41365.1,333.888,1.66831,50.9603,0.459831,1.0,-999,-999,61867.94108,61776.89892,36543085.0,29186664.0
27788,8.581,Dummy,-3.254,16.125,4.978,11.41,PI+SIDIS,-999,-999,-999,-999,32.069,50.382,31.904,50.122,28.286,44.438,96.967,152.339,43.92,69.0,0.9995,0.9941,0.9939,0.9876,-1.0,-1.0,-1.0,-1.0,-1.0,1.0,0.99997,0.0019,2211.0,26.9231,2184.08,69.3543,1.49384,51.0651,0.426986,1.0,-999,-999,15627.86102,15604.22198,3600228.0,1829697.0
27789,8.581,LH2,-3.254,16.125,2.766,11.41,PI+SIDIS,-999,-999,-999,-999,42.803,30.194,42.531,30.002,37.575,26.506,215.023,151.682,58.332,41.149,0.9994,0.9958,0.9815,0.984,-1.0,-1.0,-1.0,-1.0,-1.0,1.0,0.99956,0.0355,20038.0,3574.62,16463.4,393.795,3.40908,51.007,0.450479,1.0,-999,-999,20905.26467,20874.02733,12393247.0,32062853.0
27790,8.581,LH2,-3.254,16.125,2.766,11.41,PI+SIDIS,-999,-999,-999,-999,48.319,29.718,48.04,29.546,42.438,26.101,243.401,149.701,65.853,40.502,0.9994,0.9957,0.984,0.9838,-1.0,-1.0,-1.0,-1.0,-1.0,1.0,0.99962,0.0353,22829.0,3950.92,18878.1,399.829,3.22131,51.0116,0.442894,1.0,-999,-999,23620.80045,23584.94155,13998986.0,36124753.0
27791,8.581,LH2,-3.254,16.125,2.766,11.41,PI+SIDIS,-999,-999,-999,-999,54.389,30.168,54.101,30.009,47.755,26.488,273.167,151.519,74.092,41.097,0.9993,0.9976,0.9736,0.9735,-1.0,-1.0,-1.0,-1.0,1.0,-1.0,0.99843,0.0356,25472.0,4563.85,20908.2,397.887,3.05808,51.0302,0.3987,1.0,-999,-999,26611.70726,26571.12674,15753819.0,40553669.0
27792,8.581,LH2,-3.254,16.125,2.766,11.41,HMSDIS,-999,-999,-999,-999,14014.525,29.02,13943.862,28.873,12301.099,25.472,70413.324,145.804,19085.242,39.52,0.9994,0.9961,-999,-999,-1.0,-1.0,-1.0,5.0,-1.0,-1.0,-999,96.475,-999,-999,-999,-999,-999,-999,-999,1.0,-999,-999,-999,-999,4062607.0,10441153.0
27793,8.581,LH2,-3.254,16.125,2.766,11.41,HMSDIS,-999,-999,-999,-999,5649.473,29.55,5621.113,29.401,4956.193,25.923,28353.881,148.306,7687.961,40.212,0.9993,0.9967,-999,-999,-1.0,-1.0,-1.0,5.0,-1.0,-1.0,-999,96.4637,-999,-999,-999,-999,-999,-999,-999,1.0,-999,-999,-999,-999,1637685.0,4213379.0
27794,8.581,LH2,-3.254,16.125,2.766,11.41,HMSDIS,-999,-999,-999,-999,27312.934,30.155,27176.018,30.004,23939.357,26.43,136904.304,151.149,37151.059,41.017,0.9994,0.9964,-999,-999,-1.0,-1.0,-1.0,5.0,-1.0,-1.0,-999,96.4389,-999,-999,-999,-999,-999,-999,-999,1.0,-999,-999,-999,-999,7914270.0,20360526.0
27795,8.581,LH2,-3.254,16.125,2.766,11.41,HMSDIS,-999,-999,-999,-999,26633.718,29.783,26483.692,29.615,23319.764,26.077,133685.415,149.493,36183.898,40.462,0.9994,0.9978,-999,-999,-1.0,-1.0,17.0,-1.0,-1.0,-1.0,-999,96.4497,-999,-999,-999,-999,-999,-999,-999,1.0,-999,-999,-999,-999,7720467.0,19823747.0
27796,8.581,Dummy,-3.254,16.125,2.766,11.41,PI+SIDIS,-999,-999,-999,-999,89.368,49.806,88.857,49.521,78.443,43.717,271.103,151.088,121.724,67.838,0.9995,0.9956,0.9866,0.9864,-1.0,-1.0,-1.0,-1.0,-1.0,1.0,0.99991,0.0171,11117.0,1289.15,9827.85,112.194,1.20902,51.1746,0.388466,1.0,-999,-999,43699.23461,43638.78539,10015278.0,16231142.0
27798,8.581,Dummy,-3.254,16.125,2.766,11.41,HMSDIS,-999,-999,-999,-999,53742.771,50.197,53470.881,49.944,47078.888,43.973,163033.243,152.278,73059.212,68.24,0.9995,0.9962,-999,-999,-1.0,-1.0,-1.0,3.0,-1.0,-1.0,-999,98.2912,-999,-999,-999,-999,-999,-999,-999,1.0,-999,-999,-999,-999,6026185.0,9803783.0
27799,8.581,LH2,-3.254,16.125,2.766,8.41,PI+SIDIS,-999,-999,-999,-999,35.112,19.217,34.953,19.13,30.557,16.724,196.247,107.405,47.403,25.943,0.9995,0.9962,0.9829,0.9844,-1.0,-1.0,-1.0,-1.0,-1.0,1.0,0.99972,0.0437,17232.0,4075.69,13156.3,382.665,3.85272,51.2547,0.364974,1.0,-999,-999,17192.15073,17166.84127,10218888.0,66343271.0
27800,8.581,LH2,-3.254,16.125,2.766,8.41,PI+SIDIS,-999,-999,-999,-999,33.405,19.124,33.262,19.042,29.034,16.621,186.491,106.763,45.033,25.781,0.9995,0.9956,0.9824,0.9843,-1.0,-1.0,-1.0,-1.0,-1.0,1.0,0.9997,0.0437,16518.0,3828.31,12689.7,387.903,3.96359,51.2786,0.360534,1.0,-999,-999,16357.68571,16333.59829,9720219.0,63003482.0
27801,8.581,LH2,-3.254,16.125,2.766,8.41,PI+SIDIS,-999,-999,-999,-999,35.249,19.138,35.095,19.054,30.595,16.611,196.505,106.69,47.45,25.763,0.9995,0.9962,0.9834,0.9844,-1.0,-1.0,-1.0,-1.0,-1.0,1.0,0.99971,0.0437,17683.0,4063.08,13619.9,394.548,3.88605,51.2728,0.359292,1.0,-999,-999,17261.96647,17236.68453,10262157.0,66443959.0
27802,8.581,Dummy,-3.254,16.125,2.766,8.41,PI+SIDIS,-999,-999,-999,-999,50.914,38.23,50.585,37.983,44.129,33.136,194.4,145.971,68.455,51.401,0.9996,0.9961,0.986,0.9863,-1.0,-1.0,-1.0,-1.0,-1.0,1.0,0.99982,0.0304,7085.0,1561.92,5523.08,110.765,1.70232,51.2374,0.360308,1.0,-999,-999,24882.76529,24846.65571,5704672.0,27355755.0
27803,8.581,LH2,-3.254,16.125,-2.766,8.41,PI-SIDIS,-999,-999,-999,-999,46.238,26.091,45.977,25.944,40.189,22.678,258.062,145.618,62.382,35.201,0.9994,0.9963,0.985,0.9835,-1.0,-1.0,-1.0,-1.0,-1.0,1.0,0.99958,0.0449,15351.0,5476.38,9874.62,218.599,2.7802,51.1587,0.386916,1.0,-999,-999,22614.14062,22571.64938,13403629.0,264622953.0
27804,8.581,LH2,-3.254,16.125,-2.766,8.41,PI-SIDIS,-999,-999,-999,-999,48.76,25.823,48.473,25.671,42.415,22.462,272.33,144.222,65.823,34.859,0.9994,0.9963,0.9853,0.9834,-1.0,-1.0,-1.0,-1.0,-1.0,1.0,0.9996,0.0449,16214.0,5787.62,10426.4,218.947,2.7104,51.1927,0.52083,1.0,-999,-999,23846.00761,23804.52739,14134048.0,278793820.0
27805,8.581,LH2,-3.254,16.125,-2.766,8.41,PI-SIDIS,-999,-999,-999,-999,50.087,26.243,49.817,26.101,43.609,22.849,279.996,146.703,67.685,35.463,0.9994,0.996,0.9853,0.983,-1.0,-1.0,-1.0,-1.0,-1.0,1.0,0.99957,0.045,16901.0,5911.85,10989.2,224.637,2.69301,51.1282,0.51963,1.0,-999,-999,24507.76091,24468.58909,14513406.0,286463758.0
27806,8.581,Dummy,-3.254,16.125,-2.766,8.41,PI-SIDIS,-999,-999,-999,-999,67.823,48.672,67.549,48.476,59.41,42.635,207.003,148.553,92.23,66.188,0.9995,0.9962,0.9875,0.9843,-1.0,-1.0,-1.0,-1.0,-1.0,1.0,0.9998,0.0329,7403.0,2278.92,5124.08,77.1213,1.31022,51.2327,0.500008,1.0,-999,-999,33192.50299,33142.64501,7599053.0,152983260.0
27807,8.581,LH2,-3.254,16.125,-2.766,11.395,PI-SIDIS,-999,-999,-999,-999,52.558,47.976,52.361,47.796,46.058,42.042,161.458,147.381,71.526,65.289,0.9993,0.9961,0.9868,0.9853,-1.0,-1.0,-1.0,-1.0,-1.0,1.0,0.99935,0.0339,15732.0,4660.62,11071.4,214.888,2.46204,51.1925,0.501152,1.0,-999,-999,25708.46966,25674.36934,15213459.0,97201981.0
27809,8.581,LH2,-3.254,16.125,-2.766,11.395,PI-SIDIS,-999,-999,-999,-999,34.65,52.051,34.51,51.841,30.437,45.723,93.196,139.998,47.24,70.964,0.9993,0.9961,0.9853,0.9839,-1.0,-1.0,-1.0,-1.0,-1.0,1.0,0.99891,0.0394,10970.0,3530.77,7439.23,219.489,3.12823,51.1972,0.520931,1.0,-999,-999,16976.30692,16955.20908,10029380.0,64174219.0
27810,8.581,LH2,-3.254,16.125,-2.766,11.395,PI-SIDIS,-999,-999,-999,-999,33.143,38.501,32.941,38.266,28.959,33.641,126.364,146.793,44.958,52.226,0.9993,0.9957,0.989,0.9866,-1.0,-1.0,-1.0,-1.0,-1.0,1.0,0.99962,0.027,9638.0,2386.85,7251.15,223.357,3.05269,51.1723,0.517977,1.0,-999,-999,16157.21714,16131.41386,9588498.0,60768007.0
27811,8.581,LH2,-3.254,16.125,-2.766,11.395,PI-SIDIS,-999,-999,-999,-999,42.556,29.817,42.304,29.641,37.157,26.035,214.078,149.997,57.667,40.405,0.9994,0.9961,0.9879,0.9874,-1.0,-1.0,-1.0,-1.0,-1.0,1.0,0.99981,0.0204,11579.0,2365.08,9213.92,220.756,2.5983,51.213,0.493379,1.0,-999,-999,20796.48038,20763.98562,12320684.0,77627327.0
27812,8.581,LH2,-3.254,16.125,-2.766,11.395,PI-SIDIS,-999,-999,-999,-999,32.655,19.868,32.499,19.773,28.531,17.359,183.225,111.478,44.265,26.932,0.9994,0.996,0.9889,0.9882,-1.0,-1.0,-1.0,-1.0,-1.0,1.0,0.99991,0.0136,8297.0,1233.08,7063.92,220.106,2.8544,51.2356,0.506036,1.0,-999,-999,15977.52623,15953.37977,9483889.0,59332130.0
27813,8.581,LH2,-3.254,16.125,-2.766,11.395,PI-SIDIS,-999,-999,-999,-999,18.587,10.017,18.563,10.004,16.276,8.772,104.606,56.375,25.239,13.602,0.9996,0.9962,0.9914,0.9881,-1.0,-1.0,-1.0,-1.0,-1.0,1.0,0.99997,0.0068,4484.0,369.769,4114.23,224.403,3.66391,51.2375,0.512313,1.0,-999,-999,9129.84007,9117.40093,5435321.0,33655151.0
27814,8.581,LH2,-3.254,16.125,-2.766,11.395,PI-SIDIS,-999,-999,-999,-999,46.31,56.912,46.184,56.756,40.775,50.109,120.468,148.046,63.293,77.782,0.9992,0.9958,0.9853,0.9837,-1.0,-1.0,-1.0,-1.0,-1.0,1.0,0.99897,0.0403,14559.0,4809.23,9749.77,214.999,2.69436,51.237,0.508184,1.0,-999,-999,22729.07853,22694.86547,13401720.0,86105197.0
27815,8.581,LH2,-3.254,16.125,-2.766,11.395,PI-SIDIS,-999,-999,-999,-999,48.8,47.728,48.591,47.522,42.876,41.933,150.612,147.302,66.539,65.077,0.9993,0.9961,0.9861,0.9849,-1.0,-1.0,-1.0,-1.0,-1.0,1.0,0.99939,0.0337,14579.0,4311.85,10267.2,214.819,2.55489,51.2251,0.497156,1.0,-999,-999,23846.44949,23814.58951,14119965.0,90176104.0
27816,8.581,LH2,-3.254,16.125,-2.766,11.395,PI-SIDIS,-999,-999,-999,-999,39.814,38.239,39.571,38.005,34.839,33.461,152.169,146.149,54.079,51.94,0.9993,0.9957,0.9873,0.9858,-1.0,-1.0,-1.0,-1.0,-1.0,1.0,0.9996,0.0269,11363.0,2866.15,8496.85,218.056,2.76204,51.1476,0.509553,1.0,-999,-999,19419.97738,19392.48862,11510498.0,73052585.0
27817,8.581,LH2,-3.254,16.125,-2.766,11.395,PI-SIDIS,-999,-999,-999,-999,42.875,30.133,42.613,29.949,37.486,26.345,215.333,151.337,58.173,40.884,0.9994,0.9959,0.9885,0.9862,-1.0,-1.0,-1.0,-1.0,-1.0,1.0,0.99979,0.0205,11800.0,2406.77,9393.23,223.696,2.60715,51.0631,0.464522,1.0,-999,-999,20945.2378,20915.5152,12415022.0,78246245.0
27818,8.581,LH2,-3.254,16.125,-2.766,11.395,PI-SIDIS,-999,-999,-999,-999,2.068,18.154,2.058,18.063,1.81,15.891,11.621,102.018,2.807,24.638,0.9996,0.9971,0.9888,0.9882,-1.0,-1.0,-1.0,-1.0,-1.0,1.0,0.99993,0.0134,515.0,80.8462,434.154,213.578,11.2311,51.0377,0.481542,1.0,-999,-999,972.95048,971.77252,600691.0,3752909.0
27819,8.581,LH2,-3.254,16.125,-2.766,11.395,PI-SIDIS,-999,-999,-999,-999,34.944,20.061,34.779,19.966,30.586,17.559,196.406,112.754,47.463,27.248,0.9994,0.9956,0.9909,0.9886,-1.0,-1.0,-1.0,-1.0,-1.0,1.0,0.99991,0.0136,9034.0,1329.0,7705.0,224.25,2.78191,51.0702,0.478493,1.0,-999,-999,17103.68339,17078.08261,10145189.0,63683439.0
27820,8.581,LH2,-3.254,16.125,-2.766,11.395,PI-SIDIS,-999,-999,-999,-999,22.885,10.029,22.856,10.017,20.088,8.803,129.091,56.574,31.146,13.65,0.9993,0.9956,0.9907,0.9883,-1.0,-1.0,-1.0,-1.0,-1.0,1.0,0.99999,0.0068,5738.0,457.0,5281.0,233.958,3.36611,51.0656,0.466199,1.0,-999,-999,11247.075,11230.789,6683431.0,41480453.0
27821,8.581,LH2,-3.254,16.125,-2.766,11.395,PI-SIDIS,-999,-999,-999,-999,82.157,58.144,81.923,57.979,72.514,51.32,211.245,149.502,112.559,79.66,0.9992,0.996,0.9845,0.9833,-1.0,-1.0,-1.0,-1.0,-1.0,1.0,0.99894,0.0405,25777.0,8594.31,17182.7,213.703,2.02224,50.9858,0.484349,1.0,-999,-999,40263.88539,40207.80161,23786658.0,152939479.0
27822,8.581,LH2,-3.254,16.125,-2.766,11.395,PI-SIDIS,-999,-999,-999,-999,96.88,58.898,96.503,58.669,85.492,51.975,247.239,150.309,132.703,80.677,0.9992,0.9959,0.9852,0.9829,-1.0,-1.0,-1.0,-1.0,-1.0,1.0,0.99897,0.0407,30662.0,10128.5,20533.5,216.874,1.87281,51.1162,0.521494,1.0,-999,-999,47569.32593,47502.64407,28027589.0,179832535.0
27823,8.581,LH2,-3.254,16.125,-2.766,11.395,PI-SIDIS,-999,-999,-999,-999,88.616,59.801,88.242,59.549,78.229,52.792,224.481,151.487,121.408,81.93,0.9991,0.9973,0.9737,0.9701,-1.0,-1.0,-1.0,-1.0,1.0,-1.0,0.97101,0.0408,27302.0,9194.69,18107.3,218.037,2.01524,51.1502,0.518542,1.0,-999,-999,43415.79813,43354.36387,25637654.0,164386357.0
27824,8.581,LH2,-3.254,16.125,-2.766,11.395,HMSDIS,-999,-999,-999,-999,46942.791,58.28,46759.362,58.052,41469.113,51.484,120396.587,149.473,64352.743,79.894,0.9993,0.9959,-999,-999,-1.0,-1.0,-1.0,9.0,-1.0,-1.0,-999,95.9568,-999,-999,-999,-999,-999,-999,-999,1.0,-999,-999,-999,-999,13585277.0,87114742.0
27825,8.581,Dummy,-3.254,16.125,-2.766,11.395,PI-SIDIS,-999,-999,-999,-999,73.701,48.508,73.377,48.295,65.009,42.787,226.05,148.781,100.899,66.409,0.9994,0.996,0.9898,0.9877,-1.0,-1.0,-1.0,-1.0,-1.0,1.0,0.99992,0.0109,6310.0,800.615,5509.38,76.0698,1.10213,51.1732,0.469099,1.0,-999,-999,36068.06605,36016.57095,8249644.0,52272711.0
27826,8.581,Dummy,-3.254,16.125,-2.766,11.395,HMSDIS,-999,-999,-999,-999,40526.245,48.453,40363.092,48.258,35603.82,42.568,124116.58,148.394,55165.685,65.956,0.9995,0.9959,-999,-999,-1.0,-1.0,-1.0,3.0,-1.0,-1.0,-999,98.9079,-999,-999,-999,-999,-999,-999,-999,1.0,-999,-999,-999,-999,4538916.0,28758659.0
27827,8.581,Dummy,-3.254,16.125,-2.766,11.395,PI-SIDIS,-999,-999,-999,-999,44.406,50.386,44.235,50.192,38.872,44.107,134.261,152.341,60.214,68.323,0.9995,0.9964,0.9908,0.9872,-1.0,-1.0,-1.0,-1.0,-1.0,1.0,0.99993,0.0111,3814.0,486.538,3327.46,76.241,1.42196,51.2008,0.464118,1.0,-999,-999,21705.90692,21674.14808,4967855.0,31495798.0
27828,8.581,LH2,-3.254,19.18,-2.806,12.98,PI-SIDIS,-999,-999,-999,-999,92.597,57.405,92.253,57.191,81.366,50.442,239.163,148.266,126.423,78.375,0.9994,0.9952,0.9873,0.9848,-1.0,-1.0,-1.0,-1.0,-1.0,1.0,0.99984,0.0235,9984.0,2255.31,7728.69,85.1352,1.11019,51.1211,0.464353,1.0,-999,-999,45349.72005,45283.31095,10821396.0,100780013.0
27829,8.581,LH2,-3.254,19.18,-2.806,12.98,PI-SIDIS,-999,-999,-999,-999,97.719,58.393,97.302,58.144,86.046,51.418,249.992,149.386,133.643,79.86,0.9994,0.9944,0.9873,0.985,-1.0,-1.0,-1.0,-1.0,-1.0,1.0,0.99985,0.0237,10372.0,2384.46,7987.54,83.4028,1.07277,51.1711,0.502438,1.0,-999,-999,47839.08725,47768.74475,11413367.0,106275363.0
27830,8.581,LH2,-3.254,19.18,-2.806,12.98,PI-SIDIS,-999,-999,-999,-999,105.95,58.571,105.538,58.343,93.378,51.62,270.806,149.705,144.964,80.138,0.9994,0.9944,0.9868,0.9842,-1.0,-1.0,-1.0,-1.0,-1.0,1.0,0.99982,0.0237,11325.0,2593.46,8731.54,84.1278,1.03433,51.1966,0.500299,1.0,-999,-999,51899.84135,51824.25365,12376426.0,115217591.0
27831,8.581,LH2,-3.254,19.18,-2.806,12.98,PI-SIDIS,-999,-999,-999,-999,90.616,57.545,90.314,57.353,79.864,50.717,234.624,148.995,123.972,78.727,0.9994,0.9944,0.9882,0.9845,-1.0,-1.0,-1.0,-1.0,-1.0,1.0,0.99983,0.0235,9627.0,2193.46,7433.54,83.6683,1.114,51.1491,0.473408,1.0,-999,-999,44394.46374,44335.00426,10587220.0,98591736.0
27832,8.581,LH2,-3.254,19.18,-2.806,12.98,PI-SIDIS,-999,-999,-999,-999,102.003,58.666,101.703,58.494,89.865,51.685,260.691,149.935,139.457,80.208,0.9994,0.9951,0.9869,0.9839,-1.0,-1.0,-1.0,-1.0,-1.0,1.0,0.99984,0.0237,10920.0,2502.54,8417.46,84.1836,1.05427,51.1966,0.501081,1.0,-999,-999,50006.01203,49932.81597,11924250.0,111024385.0
27833,8.581,LH2,-3.254,19.18,-2.806,12.98,PI-SIDIS,-999,-999,-999,-999,73.474,59.193,73.262,59.022,64.664,52.096,186.904,150.576,100.361,80.854,0.9994,0.9945,0.9863,0.9847,-1.0,-1.0,-1.0,-1.0,-1.0,1.0,0.99982,0.0238,7883.0,1820.85,6062.15,84.0973,1.24258,51.2157,0.502854,1.0,-999,-999,35997.16626,35946.85974,8593628.0,79935386.0
27834,8.581,LH2,-3.254,19.18,-2.806,12.98,PI-SIDIS,-999,-999,-999,-999,103.836,60.052,103.428,59.816,91.239,52.767,262.307,151.702,141.592,81.888,0.9994,0.9968,0.9792,0.9752,-1.0,-1.0,-1.0,-1.0,1.0,-1.0,0.9995,0.0239,11314.0,2579.92,8734.08,86.6888,1.06495,51.1104,0.476903,1.0,-999,-999,50863.36079,50792.45221,12139222.0,112838142.0
27835,8.581,LH2,-3.254,19.18,-2.806,12.98,HMSDIS,-999,-999,-999,-999,44214.547,57.865,44017.574,57.607,38805.309,50.786,113175.436,148.116,60199.577,78.785,0.9994,0.994,-999,-999,-1.0,-1.0,-1.0,5.0,-1.0,-1.0,-999,97.6309,-999,-999,-999,-999,-999,-999,-999,1.0,-999,-999,-999,-999,5168911.0,48046729.0
27836,8.581,Dummy,-3.254,19.18,-2.806,12.98,PI-SIDIS,-999,-999,-999,-999,85.594,49.598,85.153,49.342,74.88,43.39,259.904,150.602,116.207,67.337,0.9996,0.9957,0.9885,0.9847,-1.0,-1.0,-1.0,-1.0,-1.0,1.0,0.99999,0.0064,2545.0,204.231,2340.77,27.9277,0.603749,51.2262,0.450501,1.0,-999,-999,41972.7538,41914.4302,3653409.0,36209574.0
27837,8.581,Dummy,-3.254,19.18,-2.806,12.98,PI-SIDIS,-999,-999,-999,-999,75.256,44.433,74.914,44.232,65.793,38.846,236.256,139.493,102.07,60.265,0.9997,0.9953,0.9881,0.9869,-1.0,-1.0,-1.0,-1.0,-1.0,1.0,0.99999,0.0063,2361.0,175.846,2185.15,29.5653,0.659309,51.1487,0.456087,1.0,-999,-999,36823.84443,36769.11557,3215207.0,31851552.0
27838,8.581,Dummy,-3.254,19.18,-2.806,12.98,PI-SIDIS,-999,-999,-999,-999,26.624,44.687,26.51,44.497,23.248,39.021,86.648,145.436,36.07,60.543,0.9997,0.9951,0.9871,0.9905,-1.0,-1.0,-1.0,-1.0,-1.0,1.0,1.0,0.0061,745.0,62.0,683.0,26.0188,1.04311,51.1445,0.456745,1.0,-999,-999,13033.95406,13015.09194,1136361.0,11279903.0
27839,8.581,Dummy,-3.254,19.18,-2.806,12.98,PI-SIDIS,-999,-999,-999,-999,88.589,49.502,88.228,49.3,77.316,43.203,269.276,150.467,119.97,67.038,0.9997,0.9942,0.9872,0.9877,-1.0,-1.0,-1.0,-1.0,-1.0,1.0,0.99996,0.0065,2764.0,213.692,2550.31,29.2758,0.605302,51.1289,0.466263,1.0,-999,-999,43391.6228,43329.3372,3781285.0,37574972.0
27840,8.581,Dummy,-3.254,19.18,-2.806,12.98,HMSDIS,-999,-999,-999,-999,48453.342,48.806,48248.581,48.599,42246.124,42.553,148207.293,149.285,65553.916,66.03,0.9996,0.9954,-999,-999,-1.0,-1.0,-1.0,1.0,-1.0,-1.0,-999,99.3579,-999,-999,-999,-999,-999,-999,-999,1.0,-999,-999,-999,-999,2067077.0,20535717.0
27841,8.581,LH2,-3.254,19.18,5.051,12.98,PI+SIDIS,-999,-999,-999,-999,164.195,59.255,163.538,59.018,143.425,51.759,417.422,150.64,222.594,80.33,0.9995,0.9921,0.9889,0.9861,-1.0,-1.0,-1.0,-1.0,-1.0,1.0,0.99995,0.0038,20627.0,230.538,20396.5,126.547,0.891462,51.0463,0.485011,1.0,-999,-999,80496.41998,80381.84102,19200553.0,15174759.0
27842,8.581,Dummy,-3.254,19.18,5.051,12.98,PI+SIDIS,-999,-999,-999,-999,14.685,26.607,14.62,26.489,12.794,23.182,63.364,114.807,19.853,35.97,1.0,1.0,0.9829,0.9857,-1.0,-1.0,-1.0,-1.0,-1.0,1.0,1.0,0.0007,356.0,1.84615,354.154,24.5754,1.30954,51.0995,0.493669,1.0,-999,-999,7195.86421,7184.29079,631803.0,366913.0
27843,8.581,Dummy,-3.254,19.18,5.051,12.98,PI+SIDIS,-999,-999,-999,-999,35.161,39.904,35.018,39.741,30.738,34.885,120.19,136.402,47.732,54.17,1.0,0.9946,0.9911,0.9841,-1.0,-1.0,-1.0,-1.0,-1.0,1.0,1.0,0.0009,865.0,3.84615,861.154,24.9891,0.853595,50.9854,0.466873,1.0,-999,-999,17237.57348,17209.93952,1503627.0,884965.0
27844,8.581,LH2,-3.254,19.18,2.806,12.98,PI+SIDIS,-999,-999,-999,-999,77.386,50.047,77.078,49.847,67.822,43.861,232.308,150.237,105.334,68.121,0.9995,0.9946,0.9825,0.9814,-1.0,-1.0,-1.0,-1.0,-1.0,1.0,0.99971,0.0399,15413.0,2677.69,12735.3,168.49,1.65345,51.1647,0.521642,1.0,-999,-999,37910.6266,37854.9514,9059357.0,37016270.0
27845,8.581,LH2,-3.254,19.18,2.806,12.98,PI+SIDIS,-999,-999,-999,-999,85.055,49.813,84.628,49.564,74.569,43.673,255.26,149.497,115.782,67.81,0.9995,0.9948,0.9808,0.9816,-1.0,-1.0,-1.0,-1.0,-1.0,1.0,0.99972,0.0399,17063.0,2936.77,14126.2,170.182,1.58406,51.201,0.514383,1.0,-999,-999,41613.54211,41547.29589,9962352.0,40508852.0
27846,8.581,LH2,-3.254,19.18,2.806,12.98,PI+SIDIS,-999,-999,-999,-999,79.814,49.788,79.406,49.533,70.037,43.689,239.523,149.414,108.72,67.819,0.9995,0.9945,0.9826,0.9815,-1.0,-1.0,-1.0,-1.0,-1.0,1.0,0.99972,0.0399,15923.0,2730.38,13192.6,169.405,1.631,51.1566,0.519135,1.0,-999,-999,39041.53772,38983.81028,9339067.0,37949046.0
27847,8.581,LD2,-3.254,19.18,2.806,12.98,PI+SIDIS,-999,-999,-999,-999,41.357,28.455,41.149,28.312,36.189,24.9,216.985,149.294,56.172,38.649,0.9994,0.9958,0.9831,0.9811,-1.0,-1.0,-1.0,-1.0,-1.0,1.0,0.99961,0.0448,14642.0,2933.38,11708.6,290.31,3.02327,51.1164,0.536424,1.0,-999,-999,20225.21709,20197.81791,8985638.0,39162164.0
27848,8.581,LD2,-3.254,19.18,2.806,12.98,PI+SIDIS,-999,-999,-999,-999,41.996,28.034,41.802,27.905,36.798,24.564,220.357,147.098,57.113,38.126,0.9994,0.996,0.9832,0.9811,-1.0,-1.0,-1.0,-1.0,-1.0,1.0,0.99966,0.0447,14435.0,2946.92,11488.1,280.379,2.95523,51.1045,0.524399,1.0,-999,-999,20544.12869,20513.57131,9122603.0,39684744.0
27849,8.581,LD2,-3.254,19.18,2.806,12.98,PI+SIDIS,-999,-999,-999,-999,59.97,28.585,59.656,28.435,52.551,25.048,314.115,149.723,81.566,38.878,0.9995,0.9962,0.982,0.981,-1.0,-1.0,-1.0,-1.0,-1.0,1.0,0.99962,0.0449,21119.0,4258.0,16861.0,288.364,2.50459,51.1087,0.522373,1.0,-999,-999,29347.49782,29303.70018,13034838.0,56666387.0
27850,8.581,LD2,-3.254,19.18,2.806,12.98,HMSDIS,-999,-999,-999,-999,26654.273,28.338,26489.602,28.163,23358.155,24.833,139690.09,148.513,36255.93,38.546,0.9995,0.996,-999,-999,-1.0,-1.0,-1.0,5.0,-1.0,-1.0,-999,95.5276,-999,-999,-999,-999,-999,-999,-999,1.0,-999,-999,-999,-999,5783130.0,25135678.0
27852,8.581,Dummy,-3.254,19.18,2.806,12.98,PI+SIDIS,-999,-999,-999,-999,57.19,51.252,56.9,50.992,50.4,45.168,169.871,152.234,78.243,70.119,0.9996,0.9939,0.9868,0.9845,-1.0,-1.0,-1.0,-1.0,-1.0,1.0,0.99999,0.0116,2700.0,196.846,2503.15,44.7031,0.930565,51.2304,0.469811,1.0,-999,-999,27950.30577,27908.88323,2443099.0,6535644.0
27853,8.581,Dummy,-3.254,19.18,2.806,12.98,PI+SIDIS,-999,-999,-999,-999,83.228,49.986,82.87,49.772,73.457,44.118,249.463,149.827,114.033,68.488,0.9995,0.9957,0.9866,0.9841,-1.0,-1.0,-1.0,-1.0,-1.0,1.0,0.99995,0.0116,4064.0,280.308,3783.69,46.4213,0.784202,51.1572,0.463698,1.0,-999,-999,40748.50225,40681.24675,3558073.0,9576082.0
27854,8.581,Dummy,-3.254,19.18,2.806,12.98,HMSDIS,-999,-999,-999,-999,43816.553,51.343,43637.96,51.133,38692.726,45.339,129872.798,152.18,60069.703,70.387,0.9996,0.9955,-999,-999,-1.0,-1.0,-1.0,2.0,-1.0,-1.0,-999,98.8352,-999,-999,-999,-999,-999,-999,-999,1.0,-999,-999,-999,-999,1869466.0,5048240.0
27855,8.581,LH2,-3.254,19.18,2.806,12.98,PI+SIDIS,-999,-999,-999,-999,83.114,50.615,82.785,50.415,73.425,44.714,247.85,150.936,113.957,69.398,0.9995,0.9969,0.9695,0.9698,-1.0,-1.0,-1.0,-1.0,1.0,-1.0,0.99921,0.04,16623.0,2904.62,13718.4,171.093,1.61876,51.0109,0.500624,1.0,-999,-999,40709.68651,40646.93549,9725941.0,39948964.0
27856,8.581,LH2,-3.254,19.18,2.806,12.98,HMSDIS,-999,-999,-999,-999,41792.941,50.662,41591.526,50.418,36721.2,44.514,124535.222,150.963,56911.897,68.989,0.9995,0.9949,-999,-999,-1.0,-1.0,-1.0,3.0,-1.0,-1.0,-999,96.0002,-999,-999,-999,-999,-999,-999,-999,1.0,-999,-999,-999,-999,4890703.0,19955107.0
27857,8.581,LH2,-3.254,19.18,2.806,12.98,HMSDIS,-999,-999,-999,-999,45947.615,50.451,45703.912,50.184,40186.544,44.126,137498.355,150.976,62250.958,68.353,0.9995,0.9966,-999,-999,-1.0,-1.0,9.0,-1.0,-1.0,-1.0,-999,96.0073,-999,-999,-999,-999,-999,-999,-999,1.0,-999,-999,-999,-999,5374442.0,21830049.0
27858,8.581,LH2,-3.254,22.89,5.154,14.78,PI+SIDIS,-999,-999,-999,-999,146.663,58.73,146.121,58.513,129.146,51.715,371.227,148.655,200.543,80.306,0.9995,0.9859,0.9878,0.9886,-1.0,-1.0,-1.0,-1.0,-1.0,1.0,1.0,0.0016,6047.0,16.9231,6030.08,41.7645,0.538643,51.117,0.468685,1.0,-999,-999,71901.78188,71799.87012,5424908.0,4037770.0
27859,8.581,Dummy,-3.254,22.89,5.154,14.78,PI+SIDIS,-999,-999,-999,-999,33.215,51.443,33.079,51.232,29.277,45.344,98.36,152.339,45.456,70.403,1.0,0.9804,1.0,0.9808,-1.0,-1.0,-1.0,-1.0,-1.0,1.0,1.0,0.0005,223.0,0.307692,222.692,6.86392,0.460302,51.2096,0.546332,1.0,-999,-999,16202.00496,16178.55804,410168.0,292974.0
27860,8.581,LH2,-3.254,22.89,3.837,14.78,PI+SIDIS,-999,-999,-999,-999,96.721,58.929,96.436,58.755,85.517,52.103,244.064,148.7,132.723,80.864,0.9997,0.9856,0.989,0.9838,-1.0,-1.0,-1.0,-1.0,-1.0,1.0,0.99997,0.008,5341.0,130.154,5210.85,54.9421,0.771285,51.206,0.46833,1.0,-999,-999,47414.47244,47345.17256,3575679.0,16842054.0
27861,8.581,LH2,-3.254,22.89,3.837,14.78,PI+SIDIS,-999,-999,-999,-999,102.754,58.977,102.365,58.754,90.829,52.133,259.262,148.807,141.01,80.935,0.9994,0.9887,0.9919,0.9855,-1.0,-1.0,-1.0,-1.0,-1.0,1.0,0.99997,0.008,5654.0,140.846,5513.15,54.6846,0.746549,51.247,0.509725,1.0,-999,-999,50462.96217,50385.30183,3798185.0,17844745.0
27862,8.581,LH2,-3.254,22.89,3.837,14.78,PI+SIDIS,-999,-999,-999,-999,105.365,60.554,104.915,60.295,93.165,53.542,262.801,151.033,144.625,83.117,0.9996,0.9885,0.9839,0.9848,-1.0,-1.0,-1.0,-1.0,-1.0,1.0,0.99998,0.008,5650.0,146.923,5503.08,53.2846,0.728541,51.2732,0.499718,1.0,-999,-999,51594.26188,51519.15612,3893818.0,18307374.0
27863,8.581,LH2,-3.254,22.89,3.837,14.78,PI+SIDIS,-999,-999,-999,-999,100.516,59.026,100.126,58.798,88.931,52.224,253.824,149.055,138.009,81.044,0.9996,0.9898,0.9897,0.9843,-1.0,-1.0,-1.0,-1.0,-1.0,1.0,0.99997,0.008,5452.0,140.846,5311.15,53.9139,0.750275,51.2416,0.51724,1.0,-999,-999,49356.56012,49277.23088,3714361.0,17464423.0
27864,8.581,LH2,-3.254,22.89,3.837,14.78,PI+SIDIS,-999,-999,-999,-999,101.688,58.493,101.354,58.301,89.811,51.661,257.849,148.319,139.248,80.098,0.9996,0.9894,0.9873,0.9823,-1.0,-1.0,-1.0,-1.0,-1.0,1.0,0.99995,0.008,5637.0,134.077,5502.92,55.2971,0.755144,51.2099,0.461665,1.0,-999,-999,49833.76267,49758.08333,3760351.0,17680879.0
27865,8.581,LH2,-3.254,22.89,3.837,14.78,HMSDIS,-999,-999,-999,-999,49737.041,59.495,49590.753,59.32,43650.094,52.214,125189.879,149.752,67607.146,80.872,0.9996,0.9905,-999,-999,-1.0,-1.0,-1.0,1.0,-1.0,-1.0,-999,99.1997,-999,-999,-999,-999,-999,-999,-999,1.0,-999,-999,-999,-999,1839292.0,8619665.0
27867,8.581,Dummy,-3.254,22.89,3.837,14.78,PI+SIDIS,-999,-999,-999,-999,102.395,51.08,101.846,50.806,90.249,45.021,304.024,151.662,140.195,69.936,0.9995,0.9874,0.9882,0.983,-1.0,-1.0,-1.0,-1.0,-1.0,1.0,1.0,0.0021,1326.0,12.0,1314.0,13.1315,0.364035,51.048,0.464389,1.0,-999,-999,50105.72498,50026.04702,1266266.0,4832475.0
27868,8.581,Dummy,-3.254,22.89,3.837,14.78,PI+SIDIS,-999,-999,-999,-999,52.413,50.775,52.147,50.517,46.27,44.824,155.916,151.044,71.879,69.633,0.9997,0.9836,0.9953,0.9836,-1.0,-1.0,-1.0,-1.0,-1.0,1.0,1.0,0.0021,615.0,5.84615,609.154,11.8798,0.483814,51.0597,0.46705,1.0,-999,-999,25604.70091,25563.68209,647167.0,2469899.0
27870,8.581,Dummy,-3.254,22.89,3.837,14.78,HMSDIS,-999,-999,-999,-999,46689.182,50.392,46496.47,50.184,41002.916,44.255,141146.298,152.34,63559.523,68.6,0.9996,0.9939,-999,-999,-1.0,-1.0,-1.0,1.0,-1.0,-1.0,-999,99.7912,-999,-999,-999,-999,-999,-999,-999,1.0,-999,-999,-999,-999,578050.0,2207921.0
27871,8.581,LH2,-3.254,22.89,3.837,14.78,PI+SIDIS,-999,-999,-999,-999,104.843,59.096,104.547,58.929,92.187,51.962,267.231,150.628,143.113,80.667,0.9995,0.9855,0.9897,0.9823,-1.0,-1.0,-1.0,-1.0,-1.0,1.0,0.99997,0.0079,5768.0,144.231,5623.77,54.7899,0.740633,51.0202,0.502569,1.0,-999,-999,51538.45808,51452.23292,3875623.0,18278193.0
27872,8.581,LH2,-3.254,22.89,3.837,14.78,PI+SIDIS,-999,-999,-999,-999,93.553,58.211,93.213,58.0,82.535,51.356,239.313,148.907,128.229,79.788,0.9995,0.99,0.9922,0.9819,-1.0,-1.0,-1.0,-1.0,-1.0,1.0,1.0,0.0079,5363.0,126.538,5236.46,57.2415,0.801256,51.1142,0.49617,1.0,-999,-999,45824.61591,45754.91109,3456875.0,16299381.0
27873,8.581,LH2,-3.254,22.89,3.837,14.78,PI+SIDIS,-999,-999,-999,-999,87.646,58.236,87.257,57.977,77.439,51.454,224.758,149.339,120.302,79.934,0.9995,0.9892,0.9873,0.983,-1.0,-1.0,-1.0,-1.0,-1.0,1.0,0.99993,0.0078,4818.0,116.846,4701.15,54.8404,0.810465,51.141,0.467166,1.0,-999,-999,43011.94439,42950.23761,3238533.0,15232611.0
27874,8.581,Dummy,-3.254,22.89,3.837,14.78,PI+SIDIS,-999,-999,-999,-999,112.402,48.729,111.871,48.499,99.31,43.053,343.581,148.951,154.201,66.85,0.9997,0.986,0.9921,0.9821,-1.0,-1.0,-1.0,-1.0,-1.0,1.0,1.0,0.0021,1397.0,14.6923,1382.31,12.5852,0.340432,51.1353,0.470943,1.0,-999,-999,55048.17718,54961.46282,1390366.0,5296316.0
27875,8.581,LD2,-3.254,22.89,2.978,14.78,PI+SIDIS,-999,-999,-999,-999,22.418,52.812,22.349,52.65,19.86,46.785,60.303,142.059,30.825,72.617,0.9996,0.9934,0.9768,0.9755,-1.0,-1.0,-1.0,-1.0,-1.0,1.0,0.99983,0.0464,2148.0,391.077,1756.92,80.6337,2.14191,51.1659,0.538871,1.0,-999,-999,10914.3699,10898.6291,1464067.0,13389624.0
27876,8.581,LD2,-3.254,22.89,2.978,14.78,PI+SIDIS,-999,-999,-999,-999,84.436,53.835,84.136,53.643,74.72,47.64,234.635,149.6,115.982,73.948,0.9995,0.9929,0.9791,0.9752,-1.0,-1.0,-1.0,-1.0,-1.0,1.0,0.99982,0.0441,8541.0,1405.54,7135.46,87.0247,1.13424,51.1916,0.518498,1.0,-999,-999,41364.80508,41303.45792,5512827.0,50096946.0
27877,8.581,LD2,-3.254,22.89,2.978,14.78,PI+SIDIS,-999,-999,-999,-999,91.763,53.097,91.433,52.907,81.136,46.948,255.627,147.915,125.922,72.863,0.9996,0.9931,0.9781,0.9757,-1.0,-1.0,-1.0,-1.0,-1.0,1.0,0.99984,0.0441,9202.0,1506.0,7696.0,86.3155,1.08263,51.1896,0.516827,1.0,-999,-999,44967.04813,44895.04287,5990430.0,54140683.0
27878,8.581,LD2,-3.254,22.89,2.978,14.78,PI+SIDIS,-999,-999,-999,-999,86.07,53.854,85.665,53.601,75.972,47.536,239.312,149.738,117.913,73.778,0.9996,0.9939,0.9791,0.9755,-1.0,-1.0,-1.0,-1.0,-1.0,1.0,0.99983,0.0441,8684.0,1441.77,7242.23,86.7139,1.12288,51.1315,0.526904,1.0,-999,-999,42115.07524,42052.37376,5624330.0,50690181.0
27879,8.581,LD2,-3.254,22.89,2.978,14.78,HMSDIS,-999,-999,-999,-999,38856.7,51.82,38658.323,51.556,34269.809,45.703,109563.305,146.117,53194.46,70.942,0.9995,0.9938,-999,-999,-1.0,-1.0,-1.0,2.0,-1.0,-1.0,-999,95.6345,-999,-999,-999,-999,-999,-999,-999,1.0,-999,-999,-999,-999,2537226.0,22842502.0
27881,8.581,Dummy,-3.254,22.89,2.978,14.78,PI+SIDIS,-999,-999,-999,-999,74.883,48.448,74.503,48.202,65.932,42.657,229.241,148.316,102.317,66.197,0.9996,0.992,0.9821,0.9808,-1.0,-1.0,-1.0,-1.0,-1.0,1.0,1.0,0.0061,990.0,32.7692,957.231,13.105,0.43131,51.14,0.4533,1.0,-999,-999,36629.38683,36570.92517,927476.0,5498136.0
27883,8.581,Dummy,-3.254,22.89,2.978,14.78,PI+SIDIS,-999,-999,-999,-999,9.003,47.715,8.964,47.507,7.924,41.995,27.772,147.191,12.296,65.166,1.0,1.0,1.0,0.9743,-1.0,-1.0,-1.0,-1.0,-1.0,1.0,1.0,0.0061,114.0,4.38462,109.615,12.551,1.22433,51.181,0.481124,1.0,-999,-999,4317.97197,4309.54703,111200.0,670185.0
27884,8.581,Dummy,-3.254,22.89,2.978,14.78,PI+SIDIS,-999,-999,-999,-999,82.75,48.051,82.364,47.827,72.809,42.278,254.785,147.948,112.973,65.601,0.9997,0.9939,0.9843,0.9803,-1.0,-1.0,-1.0,-1.0,-1.0,1.0,0.99992,0.0061,1014.0,33.2308,980.769,12.1516,0.395033,51.1488,0.46808,1.0,-999,-999,40563.92902,40490.14798,1023041.0,6141132.0
27885,8.581,Dummy,-3.254,22.89,2.978,14.78,HMSDIS,-999,-999,-999,-999,47647.066,50.302,47377.741,50.017,41889.437,44.223,144127.614,152.157,65017.971,68.64,0.9996,0.9943,-999,-999,-1.0,-1.0,-1.0,1.0,-1.0,-1.0,-999,99.3801,-999,-999,-999,-999,-999,-999,-999,1.0,-999,-999,-999,-999,590531.0,3532945.0
27886,8.581,LH2,-3.254,22.89,2.978,14.78,PI+SIDIS,-999,-999,-999,-999,92.037,58.802,91.63,58.543,81.096,51.813,235.218,150.281,125.859,80.412,0.9995,0.9897,0.9844,0.979,-1.0,-1.0,-1.0,-1.0,-1.0,1.0,0.99992,0.0242,5637.0,509.846,5127.15,57.1882,0.840348,51.2113,0.516686,1.0,-999,-999,45088.83023,45011.38177,3397164.0,26771542.0
27887,8.581,LH2,-3.254,22.89,2.978,14.78,PI+SIDIS,-999,-999,-999,-999,80.748,55.622,80.448,55.415,71.178,49.03,211.476,145.672,110.442,76.076,0.9996,0.9923,0.9818,0.9788,-1.0,-1.0,-1.0,-1.0,-1.0,1.0,0.99993,0.0239,4851.0,441.385,4409.62,56.0271,0.888029,51.2596,0.507631,1.0,-999,-999,39532.98339,39464.51661,2982088.0,23422422.0
27888,8.581,LH2,-3.254,22.89,2.978,14.78,PI+SIDIS,-999,-999,-999,-999,62.851,53.976,62.642,53.796,55.419,47.593,166.458,142.953,85.973,73.833,0.9996,0.9909,0.9849,0.9789,-1.0,-1.0,-1.0,-1.0,-1.0,1.0,0.99997,0.0237,3942.0,333.462,3608.54,58.8727,1.02766,51.2531,0.513444,1.0,-999,-999,30753.70651,30704.15449,2321635.0,18216205.0
27891,8.581,LH2,-3.254,22.89,2.978,14.78,PI+SIDIS,-999,-999,-999,-999,101.734,59.085,101.322,58.846,89.686,52.087,259.078,150.466,139.175,80.83,0.9996,0.9892,0.9819,0.9799,-1.0,-1.0,-1.0,-1.0,-1.0,1.0,0.99993,0.0243,6141.0,553.462,5587.54,56.3042,0.792392,51.264,0.503575,1.0,-999,-999,49828.84269,49745.81731,3760799.0,29572215.0
27892,8.581,LH2,-3.254,22.89,2.978,14.78,PI+SIDIS,-999,-999,-999,-999,105.478,59.476,104.995,59.203,92.983,52.43,267.829,151.02,144.3,81.366,0.9997,0.987,0.9831,0.9787,-1.0,-1.0,-1.0,-1.0,-1.0,1.0,0.99991,0.0243,6517.0,577.231,5939.77,57.8254,0.788583,51.2759,0.503603,1.0,-999,-999,51636.84475,51551.04425,3898685.0,30534005.0
27893,8.581,LH2,-3.254,22.89,2.978,14.78,PI+SIDIS,-999,-999,-999,-999,82.856,54.404,82.507,54.176,73.071,47.98,220.98,145.098,113.401,74.46,0.9995,0.9948,0.9775,0.9727,-1.0,-1.0,-1.0,-1.0,1.0,-1.0,0.99988,0.0235,4878.0,443.231,4434.77,55.293,0.873841,51.2824,0.498668,1.0,-999,-999,40672.87132,40605.92368,3059776.0,23938737.0
27894,8.581,LH2,-3.254,22.89,2.978,14.78,HMSDIS,-999,-999,-999,-999,47911.037,57.673,47742.665,57.47,42294.764,50.912,123113.453,148.197,65633.325,79.006,0.9996,0.9903,-999,-999,-1.0,-1.0,-1.0,1.0,-1.0,-1.0,-999,97.585,-999,-999,-999,-999,-999,-999,-999,1.0,-999,-999,-999,-999,1773305.0,13897800.0
27895,8.581,LH2,-3.254,22.89,2.978,14.78,HMSDIS,-999,-999,-999,-999,48548.114,57.407,48388.666,57.218,42875.448,50.699,124994.284,147.803,66526.88,78.666,0.9996,0.9948,-999,-999,-1.0,-1.0,3.0,-1.0,-1.0,-1.0,-999,97.5836,-999,-999,-999,-999,-999,-999,-999,1.0,-999,-999,-999,-999,1791695.0,14082076.0
27896,8.581,Al,-3.254,22.89,2.978,14.78,HMSDIS,-999,-999,-999,-999,41794.346,49.395,41594.874,49.159,36842.565,43.543,126688.449,149.728,57193.854,67.595,0.9997,0.9944,-999,-999,-1.0,-1.0,-1.0,1.0,-1.0,-1.0,-999,99.3928,-999,-999,-999,-999,-999,-999,-999,1.0,-999,-999,-999,-999,575900.0,3023570.0
27897,8.581,Al,-3.254,22.89,2.978,14.78,HMSDIS,-999,-999,-999,-999,45334.771,50.199,45086.996,49.924,39946.837,44.233,136894.738,151.582,62011.022,68.664,0.9997,0.9942,-999,-999,-1.0,-1.0,-1.0,1.0,-1.0,-1.0,-999,99.3937,-999,-999,-999,-999,-999,-999,-999,1.0,-999,-999,-999,-999,623188.0,3273265.0
27898,8.581,Cu,-3.254,22.89,2.978,14.78,PI+SIDIS,-999,-999,-999,-999,46.053,54.44,45.842,54.192,40.678,48.087,120.669,142.647,63.119,74.614,0.9995,0.995,0.9787,0.978,-1.0,-1.0,-1.0,-1.0,-1.0,1.0,0.99991,0.0292,1342.0,223.0,1119.0,24.9738,0.822789,51.2426,0.497967,1.0,-999,-999,22599.87236,22563.08464,1466247.0,14361925.0
27899,8.581,Cu,-3.254,22.89,2.978,14.78,PI+SIDIS,-999,-999,-999,-999,95.87,59.021,95.484,58.782,84.735,52.165,243.474,149.89,131.491,80.95,0.9995,0.9959,0.9798,0.9768,-1.0,-1.0,-1.0,-1.0,-1.0,1.0,0.99992,0.0298,2894.0,477.462,2416.54,25.9244,0.580767,51.2583,0.513741,1.0,-999,-999,46951.29747,46874.68753,3049625.0,29884245.0
27900,8.581,Cu,-3.254,22.89,2.978,14.78,PI+SIDIS,-999,-999,-999,-999,103.287,59.385,102.939,59.185,91.354,52.525,261.426,150.309,141.777,81.516,0.9995,0.9961,0.9787,0.9766,-1.0,-1.0,-1.0,-1.0,-1.0,1.0,0.99992,0.0298,3125.0,516.769,2608.23,25.9597,0.559917,51.2527,0.518906,1.0,-999,-999,50624.96527,50547.88173,3285636.0,32093677.0
27901,8.581,Cu,-3.254,22.89,2.978,14.78,PI+SIDIS,-999,-999,-999,-999,102.312,59.505,101.993,59.319,90.533,52.654,258.675,150.447,140.498,81.714,0.9996,0.9955,0.9807,0.9769,-1.0,-1.0,-1.0,-1.0,-1.0,1.0,0.99994,0.0298,3126.0,506.769,2619.23,26.2998,0.564891,51.2495,0.531486,1.0,-999,-999,50279.77275,50199.21525,3255024.0,31797918.0
27902,8.581,Cu,-3.254,22.89,2.978,14.78,PI+SIDIS,-999,-999,-999,-999,99.497,58.872,99.196,58.694,88.066,52.108,252.778,149.568,136.686,80.877,0.9996,0.9963,0.984,0.9766,-1.0,-1.0,-1.0,-1.0,-1.0,1.0,0.9999,0.0297,3000.0,489.923,2510.08,25.9236,0.569219,51.263,0.516971,1.0,-999,-999,48776.92089,48699.98911,3165237.0,30903238.0
27903,8.581,Cu,-3.254,22.89,2.978,14.78,HMSDIS,-999,-999,-999,-999,35788.384,60.785,35667.899,60.58,31682.09,53.81,89691.046,152.336,49173.17,83.518,0.9995,0.9966,-999,-999,-1.0,-1.0,-1.0,1.0,-1.0,-1.0,-999,97.0051,-999,-999,-999,-999,-999,-999,-999,1.0,-999,-999,-999,-999,1137854.0,11131525.0
27904,8.581,Cu,-3.254,22.89,2.978,14.78,HMSDIS,-999,-999,-999,-999,30933.994,57.272,30809.583,57.042,27376.912,50.687,79609.287,147.391,42488.533,78.665,0.9996,0.9965,-999,-999,-1.0,-1.0,-1.0,1.0,-1.0,-1.0,-999,97.0582,-999,-999,-999,-999,-999,-999,-999,1.0,-999,-999,-999,-999,982300.0,9596375.0
27905,8.581,C,-3.254,22.89,2.978,14.78,PI+SIDIS,-999,-999,-999,-999,86.133,49.643,85.663,49.372,75.713,43.638,260.972,150.413,117.32,67.618,0.9996,0.9939,0.9845,0.9791,-1.0,-1.0,-1.0,-1.0,-1.0,1.0,0.99994,0.0244,4424.0,488.769,3935.23,46.9407,0.796754,51.2943,0.504953,1.0,-999,-999,42129.04496,42067.47404,3602813.0,27429846.0
27906,8.581,C,-3.254,22.89,2.978,14.78,PI+SIDIS,-999,-999,-999,-999,81.775,48.712,81.365,48.468,71.534,42.612,249.088,148.377,110.86,66.037,0.9996,0.9944,0.9839,0.9785,-1.0,-1.0,-1.0,-1.0,-1.0,1.0,0.99998,0.0243,4191.0,463.154,3727.85,46.8429,0.816926,51.3086,0.509344,1.0,-999,-999,40100.62279,40045.32921,3415602.0,25926266.0
27907,8.581,C,-3.254,22.89,2.978,14.78,PI+SIDIS,-999,-999,-999,-999,81.298,49.381,80.933,49.16,71.368,43.35,246.455,149.699,110.87,67.343,0.9997,0.9947,0.9801,0.9799,-1.0,-1.0,-1.0,-1.0,-1.0,1.0,0.99992,0.0244,4249.0,463.769,3785.23,47.7473,0.825687,51.2904,0.512099,1.0,-999,-999,39792.83027,39736.34473,3400396.0,25880600.0
27908,8.581,C,-3.254,22.89,2.978,14.78,PI+SIDIS,-999,-999,-999,-999,84.936,49.735,84.579,49.526,74.802,43.801,256.792,150.367,116.194,68.038,0.9995,0.9955,0.9842,0.9782,-1.0,-1.0,-1.0,-1.0,-1.0,1.0,0.99992,0.0244,4419.0,483.077,3935.92,47.6003,0.807316,51.2825,0.513276,1.0,-999,-999,41593.32953,41530.50247,3544744.0,27086847.0
27909,8.581,C,-3.254,22.89,2.978,14.78,PI+SIDIS,-999,-999,-999,-999,80.978,49.401,80.652,49.202,71.469,43.6,245.541,149.793,110.999,67.715,0.9996,0.9949,0.9849,0.9798,-1.0,-1.0,-1.0,-1.0,-1.0,1.0,0.99993,0.0244,4358.0,465.538,3892.46,49.2807,0.839215,51.2795,0.502821,1.0,-999,-999,39655.81066,39600.73034,3383914.0,25882854.0
27910,8.581,C,-3.254,22.89,2.978,14.78,HMSDIS,-999,-999,-999,-999,24094.969,47.224,23992.097,47.022,21276.415,41.7,74239.606,145.502,33047.801,64.77,0.9996,0.995,-999,-999,-1.0,-1.0,-1.0,1.0,-1.0,-1.0,-999,97.597,-999,-999,-999,-999,-999,-999,-999,1.0,-999,-999,-999,-999,1008000.0,7702478.0
27911,8.581,C,-3.254,22.89,2.978,14.78,HMSDIS,-999,-999,-999,-999,28486.582,49.71,28346.957,49.466,25148.032,43.884,86399.292,150.769,39050.806,68.145,0.9996,0.995,-999,-999,-1.0,-1.0,-1.0,1.0,-1.0,-1.0,-999,97.566,-999,-999,-999,-999,-999,-999,-999,1.0,-999,-999,-999,-999,1190993.0,9123054.0
27912,8.581,LD2,-3.254,22.89,2.978,14.78,PI+SIDIS,-999,-999,-999,-999,87.198,53.194,86.777,52.937,76.562,46.706,242.595,147.992,118.63,72.369,0.9996,0.9935,0.9811,0.977,-1.0,-1.0,-1.0,-1.0,-1.0,1.0,0.99981,0.0442,8699.0,1460.31,7238.69,85.4313,1.10784,51.2841,0.511689,1.0,-999,-999,42665.27922,42602.42978,5692392.0,51390613.0
27913,8.581,LD2,-3.254,22.89,2.978,14.78,PI+SIDIS,-999,-999,-999,-999,85.317,52.775,84.937,52.539,74.78,46.257,238.084,147.271,116.051,71.786,0.9995,0.993,0.981,0.9764,-1.0,-1.0,-1.0,-1.0,-1.0,1.0,0.99982,0.0442,8488.0,1435.23,7052.77,85.0999,1.11887,51.2478,0.520812,1.0,-999,-999,41757.98309,41693.85891,5572424.0,50056287.0
27914,8.581,Dummy,-3.254,22.89,2.978,14.78,PI+SIDIS,-999,-999,-999,-999,87.678,49.672,87.305,49.461,77.196,43.734,265.17,150.228,119.965,67.964,0.9996,0.9936,0.9821,0.979,-1.0,-1.0,-1.0,-1.0,-1.0,1.0,1.0,0.0062,1114.0,36.0769,1077.92,12.6165,0.391142,51.2766,0.504104,1.0,-999,-999,42940.2948,42876.8242,1086122.0,6458891.0
27915,8.581,LH2,-3.254,22.89,2.978,14.78,PI+SIDIS,-999,-999,-999,-999,105.144,59.505,104.839,59.332,93.015,52.64,265.862,150.461,144.467,81.759,0.9997,0.9882,0.9861,0.9798,-1.0,-1.0,-1.0,-1.0,-1.0,1.0,0.99993,0.0245,6579.0,568.769,6010.23,58.5318,0.792538,51.2572,0.491722,1.0,-999,-999,51563.00305,51486.83495,3881421.0,30623705.0
27916,8.581,LH2,-3.254,22.89,2.978,14.78,PI+SIDIS,-999,-999,-999,-999,107.204,59.576,106.843,59.375,94.367,52.442,270.969,150.584,146.271,81.286,0.9998,0.9909,0.9799,0.9797,-1.0,-1.0,-1.0,-1.0,-1.0,1.0,0.99995,0.0245,6637.0,585.0,6052.0,57.8322,0.781131,51.2665,0.490294,1.0,-999,-999,52545.36747,52469.23253,3960011.0,31054305.0
27918,8.581,C,-3.254,22.89,2.978,14.78,PI+SIDIS,-999,-999,-999,-999,35.633,50.837,35.443,50.565,31.244,44.575,106.776,152.335,48.541,69.253,0.9999,0.9932,0.9819,0.98,-1.0,-1.0,-1.0,-1.0,-1.0,1.0,0.99995,0.0246,1855.0,205.077,1649.92,47.5088,1.24544,51.2723,0.507169,1.0,-999,-999,17371.91684,17347.00916,1491487.0,11361781.0
27925,8.581,C,-3.254,22.89,2.978,14.78,PI+SIDIS,-999,-999,-999,-999,79.325,48.927,78.977,48.713,69.603,42.931,241.4,148.895,108.026,66.63,0.9995,0.9942,0.9858,0.9827,-1.0,-1.0,-1.0,-1.0,-1.0,1.0,0.99995,0.0244,4211.0,449.462,3761.54,48.4934,0.840011,51.2244,0.489012,1.0,-999,-999,38840.17229,38756.71171,3308171.0,25459094.0
27926,8.581,C,-3.254,22.89,2.978,14.78,PI+SIDIS,-999,-999,-999,-999,46.271,49.27,46.076,49.063,40.627,43.26,140.671,149.789,63.08,67.169,0.9994,0.9939,0.9852,0.9827,-1.0,-1.0,-1.0,-1.0,-1.0,1.0,0.99993,0.0244,2416.0,275.231,2140.77,47.3112,1.09103,51.2222,0.502078,1.0,-999,-999,22668.73951,22623.86449,1931003.0,14800162.0
27927,8.581,Cu,-3.254,22.89,2.978,14.78,PI+SIDIS,-999,-999,-999,-999,62.93,48.146,62.651,47.932,55.315,42.32,189.191,144.744,85.854,65.684,0.9994,0.9958,0.9829,0.9797,-1.0,-1.0,-1.0,-1.0,-1.0,1.0,0.99996,0.0253,1805.0,262.769,1542.23,25.1424,0.69649,51.1484,0.474357,1.0,-999,-999,30858.31821,30794.15179,1998580.0,19357992.0
27928,8.581,Cu,-3.254,22.89,2.978,14.78,PI+SIDIS,-999,-999,-999,-999,104.514,48.882,103.933,48.61,91.875,42.971,315.753,147.68,142.58,66.686,0.9995,0.9965,0.9837,0.9803,-1.0,-1.0,-1.0,-1.0,-1.0,1.0,0.99993,0.025,3140.0,434.769,2705.23,26.5669,0.553226,51.2021,0.500026,1.0,-999,-999,51140.77878,51033.61122,3319777.0,32031507.0
27929,8.581,Cu,-3.254,22.89,2.978,14.78,PI+SIDIS,-999,-999,-999,-999,87.948,50.054,87.494,49.796,77.338,44.016,265.356,151.024,120.049,68.324,0.9996,0.9961,0.9834,0.9801,-1.0,-1.0,-1.0,-1.0,-1.0,1.0,0.99994,0.0248,2643.0,369.077,2273.92,26.5295,0.603006,51.201,0.453633,1.0,-999,-999,43039.21737,42957.31863,2790801.0,26877395.0
27931,8.581,Cu,-3.254,22.89,2.978,14.78,PI+SIDIS,-999,-999,-999,-999,85.995,49.376,85.613,49.156,75.689,43.458,260.728,149.702,117.444,67.433,0.9996,0.9958,0.9847,0.9806,-1.0,-1.0,-1.0,-1.0,-1.0,1.0,0.99992,0.0248,2593.0,355.462,2237.54,26.6653,0.610034,51.25,0.48802,1.0,-999,-999,42109.43501,42029.73999,2732263.0,26372221.0
27932,8.581,LH2,-3.254,22.89,-3.837,14.78,PI-SIDIS,-999,-999,-999,-999,98.26,54.284,97.774,54.015,86.55,47.815,273.382,151.029,134.312,74.201,0.9995,0.9919,0.9916,0.9858,-1.0,-1.0,-1.0,-1.0,-1.0,1.0,1.00028,0.0044,2269.0,66.7692,2202.23,22.8596,0.495009,51.2375,0.433931,1.0,-999,-999,48162.18443,48072.17857,3626099.0,59494658.0
27933,8.581,LH2,-3.254,22.89,-3.837,14.78,PI-SIDIS,-999,-999,-999,-999,102.546,55.775,102.012,55.484,90.334,49.132,280.085,152.338,140.165,76.236,0.9993,0.9941,0.9933,0.9836,-1.0,-1.0,-1.0,-1.0,-1.0,1.0,0.99998,0.0044,2230.0,68.6154,2161.38,21.5563,0.471528,51.2156,0.441274,1.0,-999,-999,50181.11802,50087.66198,3786740.0,62001964.0
27934,8.581,LH2,-3.254,22.89,-3.837,14.78,PI-SIDIS,-999,-999,-999,-999,78.423,53.868,78.064,53.621,69.126,47.482,217.382,149.317,107.235,73.658,0.9994,0.9936,0.9914,0.9825,-1.0,-1.0,-1.0,-1.0,-1.0,1.0,0.99998,0.0044,1823.0,51.1538,1771.85,23.116,0.557632,51.1558,0.474432,1.0,-999,-999,38374.37399,38301.98601,2895208.0,47384240.0
27935,8.581,LH2,-3.254,22.89,-3.837,14.78,PI-SIDIS,-999,-999,-999,-999,93.391,54.581,93.026,54.368,82.377,48.144,257.266,150.355,127.805,74.694,0.9995,0.9943,0.9915,0.984,-1.0,-1.0,-1.0,-1.0,-1.0,1.0,1.0,0.0044,2054.0,68.4615,1985.54,21.7018,0.495991,51.178,0.444116,1.0,-999,-999,45752.99208,45666.09192,3445533.0,56475356.0
27936,8.581,LH2,-3.254,22.89,-3.837,14.78,PI-SIDIS,-999,-999,-999,-999,89.394,54.065,89.077,53.874,78.884,47.709,245.301,148.358,122.384,74.018,0.9995,0.991,0.9907,0.9846,-1.0,-1.0,-1.0,-1.0,-1.0,1.0,0.99998,0.0044,2058.0,62.8462,1995.15,22.7602,0.518122,51.1725,0.445428,1.0,-999,-999,43803.54013,43723.00887,3301294.0,54082095.0
27937,8.581,LH2,-3.254,22.89,-3.837,14.78,PI-SIDIS,-999,-999,-999,-999,97.948,55.557,97.59,55.355,86.455,49.038,265.463,150.575,134.106,76.067,0.9997,0.9942,0.9908,0.9864,-1.0,-1.0,-1.0,-1.0,-1.0,1.0,1.0,0.0045,2120.0,71.1538,2048.85,21.2903,0.479071,51.1553,0.4453,1.0,-999,-999,48002.77458,47913.39842,3615452.0,59244138.0
27938,8.581,LH2,-3.254,22.89,-3.837,14.78,PI-SIDIS,-999,-999,-999,-999,93.183,55.103,92.73,54.835,82.181,48.597,253.251,149.758,127.497,75.395,0.9996,0.9948,0.9905,0.9855,-1.0,-1.0,-1.0,-1.0,-1.0,1.0,0.99998,0.0045,2117.0,68.6923,2048.31,22.4233,0.504321,51.1644,0.443638,1.0,-999,-999,45597.08317,45516.23083,3440412.0,56305509.0
27939,8.581,LH2,-3.254,22.89,-3.837,14.78,HMSDIS,-999,-999,-999,-999,55160.198,55.412,54891.739,55.142,48645.965,48.868,149348.379,150.029,75490.044,75.834,0.9996,0.9907,-999,-999,-1.0,-1.0,-1.0,1.0,-1.0,-1.0,-999,99.5526,-999,-999,-999,-999,-999,-999,-999,1.0,-999,-999,-999,-999,2034944.0,33323350.0
27940,8.581,Dummy,-3.254,22.89,-3.837,14.78,PI-SIDIS,-999,-999,-999,-999,92.14,51.324,91.701,51.08,81.167,45.212,272.341,151.7,126.03,70.202,1.0,0.9937,0.9857,0.9833,-1.0,-1.0,-1.0,-1.0,-1.0,1.0,0.99996,0.0015,611.0,7.92308,603.077,6.68853,0.27428,51.133,0.464326,1.0,-999,-999,45149.3679,45066.4421,1137679.0,21849366.0
27941,8.581,Dummy,-3.254,22.89,-3.837,14.78,PI-SIDIS,-999,-999,-999,-999,50.786,50.668,50.573,50.455,44.769,44.665,150.658,150.309,69.512,69.351,0.9985,0.9948,0.9966,0.9807,-1.0,-1.0,-1.0,-1.0,-1.0,1.0,1.0,0.0015,346.0,3.84615,342.154,6.90905,0.375769,51.1466,0.46113,1.0,-999,-999,24830.78752,24783.44448,628828.0,12045201.0
27942,8.581,Dummy,-3.254,22.89,-3.837,14.78,PI-SIDIS,-999,-999,-999,-999,86.381,50.34,86.041,50.142,76.209,44.412,257.365,149.985,118.283,68.932,0.9995,0.9965,0.9858,0.9793,-1.0,-1.0,-1.0,-1.0,-1.0,1.0,1.0,0.0015,568.0,6.76923,561.231,6.66404,0.283119,51.15,0.450188,1.0,-999,-999,42418.19076,42337.21624,1066819.0,20512595.0
27943,8.581,Dummy,-3.254,22.89,-3.837,14.78,HMSDIS,-999,-999,-999,-999,47294.75,51.657,47100.674,51.445,41604.294,45.442,139472.056,152.336,64485.74,70.434,0.9996,0.9937,-999,-999,-1.0,-1.0,-1.0,1.0,-1.0,-1.0,-999,99.8478,-999,-999,-999,-999,-999,-999,-999,1.0,-999,-999,-999,-999,583034.0,11233840.0
27944,8.581,Dummy,-3.254,22.89,-3.837,14.78,PI-SIDIS,-999,-999,-999,-999,90.152,50.737,89.683,50.474,78.771,44.332,267.532,150.566,122.041,68.684,0.9991,0.9985,0.9851,0.9827,-1.0,-1.0,-1.0,-1.0,-1.0,1.0,1.0,0.0015,554.0,7.30769,546.692,6.20873,0.267445,51.2358,0.456883,1.0,-999,-999,44117.10931,44037.82069,1114316.0,21363480.0
27945,8.581,Dummy,-3.254,22.89,-3.837,14.78,PI-SIDIS,-999,-999,-999,-999,43.987,51.692,43.745,51.408,38.427,45.159,129.499,152.184,59.677,70.13,1.0,1.0,0.9892,0.987,-1.0,-1.0,-1.0,-1.0,-1.0,1.0,1.0,0.0015,296.0,4.0,292.0,6.76297,0.398681,51.2166,0.405934,1.0,-999,-999,21468.3212,21428.1228,542576.0,10425002.0
27946,8.581,Dummy,-3.254,22.89,-3.837,14.78,PI-SIDIS,-999,-999,-999,-999,91.203,50.048,90.748,49.798,80.044,43.924,275.755,151.321,124.331,68.227,0.9996,0.9952,0.9883,0.9856,-1.0,-1.0,-1.0,-1.0,-1.0,1.0,1.0,0.0015,541.0,7.07692,533.923,5.97193,0.260287,51.1542,0.401005,1.0,-999,-999,44735.22758,44653.62242,1126159.0,21649328.0
27947,8.581,LH2,-3.254,22.89,-3.837,14.78,PI-SIDIS,-999,-999,-999,-999,98.504,58.922,98.202,58.741,86.854,51.953,250.32,149.733,134.897,80.691,0.9994,0.9946,0.9913,0.9838,-1.0,-1.0,-1.0,-1.0,-1.0,1.0,1.0,0.0048,2230.0,74.7692,2155.23,22.3217,0.489717,51.1747,0.448844,1.0,-999,-999,48306.52506,48210.82094,3636727.0,59620025.0
27948,8.581,LH2,-3.254,22.89,-3.837,14.78,PI-SIDIS,-999,-999,-999,-999,156.18,58.935,155.675,58.744,137.818,52.006,397.158,149.869,214.549,80.961,0.9994,0.9939,0.9918,0.9844,-1.0,-1.0,-1.0,-1.0,-1.0,1.0,0.99998,0.0048,3464.0,118.308,3345.69,21.8457,0.384803,51.1626,0.443544,1.0,-999,-999,76656.92724,76519.22876,5757859.0,94484297.0
27949,8.581,LH2,-3.254,22.89,-3.837,14.78,PI-SIDIS,-999,-999,-999,-999,80.908,59.111,80.582,58.874,71.286,52.082,198.641,145.127,111.244,81.275,0.9998,0.9955,0.9897,0.9844,-1.0,-1.0,-1.0,-1.0,-1.0,1.0,0.99998,0.005,1803.0,64.6154,1738.38,21.9195,0.536144,51.1785,0.454753,1.0,-999,-999,39601.77386,39533.20314,2976935.0,48813139.0
27951,8.581,LH2,-3.254,22.89,-3.837,14.78,PI-SIDIS,-999,-999,-999,-999,54.8,64.719,54.628,64.516,48.244,56.976,124.879,147.483,73.647,86.978,0.9996,0.9942,0.9898,0.983,-1.0,-1.0,-1.0,-1.0,-1.0,1.0,1.0,0.0054,1209.0,47.3846,1161.62,21.6405,0.648742,51.153,0.449388,1.0,-999,-999,26917.89058,26888.50642,2014057.0,33010664.0
27952,8.581,LH2,-3.254,22.89,-3.837,14.78,PI-SIDIS,-999,-999,-999,-999,91.758,65.615,91.555,65.47,80.793,57.774,205.259,146.778,121.894,87.165,0.9994,0.9903,0.9917,0.9827,-1.0,-1.0,-1.0,-1.0,-1.0,1.0,1.0,0.0055,2040.0,81.6923,1958.31,21.779,0.503084,51.1398,0.445945,1.0,-999,-999,44979.46518,44978.51082,3371023.0,55273123.0
27953,8.581,LH2,-3.254,22.89,-3.837,14.78,PI-SIDIS,-999,-999,-999,-999,186.446,67.562,186.084,67.431,164.138,59.478,410.605,148.79,247.75,89.777,0.9996,0.9945,0.9903,0.9843,-1.0,-1.0,-1.0,-1.0,-1.0,1.0,1.0,0.0056,4214.0,158.308,4055.69,22.1515,0.355068,51.1829,0.481428,1.0,-999,-999,91610.90214,91437.93286,6844581.0,112279581.0
27954,8.581,LH2,-3.254,22.89,-3.837,14.78,PI-SIDIS,-999,-999,-999,-999,86.992,67.666,86.718,67.453,76.525,59.525,191.401,148.881,115.606,89.924,0.9995,0.9963,0.9903,0.9857,-1.0,-1.0,-1.0,-1.0,-1.0,1.0,0.99996,0.0056,2027.0,76.6923,1950.31,22.8288,0.527761,51.3212,0.451976,1.0,-999,-999,42752.85996,42673.72204,3193150.0,52313426.0
27956,8.581,LD2,-3.254,22.89,-2.978,14.76,PI-SIDIS,-999,-999,-999,-999,34.673,54.317,34.524,54.084,30.509,47.795,93.216,146.029,46.83,73.362,0.9996,0.9942,0.9852,0.984,-1.0,-1.0,-1.0,-1.0,-1.0,1.0,0.99984,0.0259,2084.0,440.692,1643.31,48.4003,1.35544,51.3,0.5,1.0,-999,-999,16942.08232,16907.90868,2254333.0,46448971.0
27957,8.581,LD2,-3.254,22.89,-2.978,14.76,PI-SIDIS,-999,-999,-999,-999,113.326,65.111,113.072,64.964,99.78,57.328,250.746,144.064,146.118,83.951,0.9995,0.994,0.9854,0.983,-1.0,-1.0,-1.0,-1.0,-1.0,1.0,0.99987,0.0306,7285.0,1714.46,5570.54,50.1488,0.775308,51.2672,0.485784,1.0,-999,-999,55596.18834,55488.12766,7357139.0,151869443.0
27958,8.581,LD2,-3.254,22.89,-2.978,14.76,PI-SIDIS,-999,-999,-999,-999,86.802,69.082,86.673,68.98,76.226,60.666,182.488,145.236,106.966,85.13,0.9995,0.9933,0.9854,0.9839,-1.0,-1.0,-1.0,-1.0,-1.0,1.0,0.99985,0.0322,5609.0,1363.77,4245.23,49.8135,0.886977,51.2319,0.489518,1.0,-999,-999,42657.29064,42567.67336,5625908.0,116182133.0
27959,8.581,LD2,-3.254,22.89,-2.978,14.76,HMSDIS,-999,-999,-999,-999,41957.799,71.516,41915.294,71.444,36772.895,62.679,84751.221,144.457,49634.881,84.602,0.9995,0.9942,-999,-999,-1.0,-1.0,-1.0,2.0,-1.0,-1.0,-999,96.6406,-999,-999,-999,-999,-999,-999,-999,1.0,-999,-999,-999,-999,2715171.0,56070493.0
27961,8.581,NONE,-3.254,22.89,-2.978,14.76,BCM,-999,-999,-999,-999,86.557,36.09,86.212,35.946,75.82,31.613,265.673,110.772,112.916,47.08,0.0,0.0,0.0,0.0,-1.0,-1.0,-1.0,-1.0,-1.0,1.0,1.0,0.0,0.0,0.0,0.0,nan,nan,0.0,0.0,1.0,-999,-999,42335.95947,42257.17053,23915.0,23923.0
27962,8.581,LH2,-3.254,22.89,-2.978,14.76,PI-SIDIS,-999,-999,-999,-999,115.311,68.528,115.04,68.367,101.246,60.169,251.693,149.578,152.815,90.816,0.9996,0.9912,0.9882,0.9862,-1.0,-1.0,-1.0,-1.0,-1.0,1.0,0.99998,0.0128,3084.0,415.385,2668.62,23.5317,0.492224,51.1693,0.455268,1.0,-999,-999,56582.19135,56473.58965,4231010.0,73263106.0
27963,8.581,LH2,-3.254,22.89,-2.978,14.76,PI-SIDIS,-999,-999,-999,-999,121.698,68.74,121.441,68.594,106.891,60.376,265.562,149.999,161.223,91.065,0.9997,0.9904,0.9882,0.9853,-1.0,-1.0,-1.0,-1.0,-1.0,1.0,0.99996,0.0128,3237.0,432.692,2804.31,23.4444,0.478086,51.1805,0.439931,1.0,-999,-999,59781.09423,59669.00477,4461419.0,77275176.0
27964,8.581,LH2,-3.254,22.89,-2.978,14.76,PI-SIDIS,-999,-999,-999,-999,113.619,68.527,113.289,68.328,99.74,60.156,247.97,149.557,150.538,90.794,0.9995,0.9903,0.9878,0.9868,-1.0,-1.0,-1.0,-1.0,-1.0,1.0,0.99992,0.0128,3037.0,405.923,2631.08,23.5489,0.49577,51.1911,0.453682,1.0,-999,-999,55708.61288,55604.88612,4170549.0,72100557.0
27965,8.581,LH2,-3.254,22.89,-2.978,14.76,PI-SIDIS,-999,-999,-999,-999,120.261,68.226,119.806,67.968,105.535,59.872,263.525,149.502,159.438,90.452,0.9997,0.9901,0.9888,0.9856,-1.0,-1.0,-1.0,-1.0,-1.0,1.0,0.99999,0.0128,3133.0,408.615,2724.38,23.0793,0.476543,51.1624,0.449177,1.0,-999,-999,59067.20071,58957.37929,4402283.0,76247397.0
27966,8.581,LH2,-3.254,22.89,-2.978,14.76,PI-SIDIS,-999,-999,-999,-999,107.561,67.765,107.199,67.536,94.427,59.49,236.494,148.994,142.724,89.917,0.9995,0.9934,0.9902,0.9853,-1.0,-1.0,-1.0,-1.0,-1.0,1.0,0.99998,0.0128,2919.0,371.923,2547.08,24.1273,0.514281,51.2445,0.464445,1.0,-999,-999,52710.06415,52608.57485,3944845.0,68253650.0
27967,8.581,LH2,-3.254,22.89,-2.978,14.76,PI-SIDIS,-999,-999,-999,-999,111.868,68.531,111.567,68.346,98.292,60.214,244.918,150.037,148.647,91.062,0.9996,0.9904,0.9878,0.9854,-1.0,-1.0,-1.0,-1.0,-1.0,1.0,0.99999,0.0128,3003.0,400.923,2602.08,23.6782,0.501217,51.2812,0.495935,1.0,-999,-999,54869.74149,54761.30651,4103123.0,71032600.0
27968,8.581,LH2,-3.254,22.89,-2.978,14.76,PI-SIDIS,-999,-999,-999,-999,112.06,69.587,111.805,69.428,98.49,61.16,243.054,150.931,148.867,92.443,0.9995,0.9945,0.9833,0.9802,-1.0,-1.0,-1.0,-1.0,1.0,-1.0,0.99995,0.0128,3086.0,396.077,2689.92,24.5585,0.509675,51.3102,0.467601,1.0,-999,-999,54987.36895,54881.17005,4104992.0,71182131.0
27969,8.581,LH2,-3.254,22.89,-2.978,14.76,HMSDIS,-999,-999,-999,-999,57942.976,68.637,57821.141,68.493,50952.091,60.356,126656.497,150.032,76918.171,91.114,0.9996,0.9908,-999,-999,-1.0,-1.0,-1.0,1.0,-1.0,-1.0,-999,98.7204,-999,-999,-999,-999,-999,-999,-999,1.0,-999,-999,-999,-999,2124696.0,36814771.0
27970,8.581,LH2,-3.254,22.89,-2.978,14.76,HMSDIS,-999,-999,-999,-999,58669.18,68.703,58541.531,68.553,51595.245,60.419,128442.679,150.409,78029.871,91.374,0.9996,0.9949,-999,-999,-1.0,-1.0,3.0,-1.0,-1.0,-1.0,-999,98.7244,-999,-999,-999,-999,-999,-999,-999,1.0,-999,-999,-999,-999,2153923.0,37274353.0
27972,8.581,Dummy,-3.254,22.89,-2.978,14.76,PI-SIDIS,-999,-999,-999,-999,86.457,49.717,85.969,49.437,75.959,43.68,261.584,150.425,117.656,67.659,0.9992,0.9923,0.9835,0.9834,-1.0,-1.0,-1.0,-1.0,-1.0,1.0,1.0,0.0032,594.0,26.3077,567.692,6.7203,0.289006,51.3499,0.456648,1.0,-999,-999,42284.14549,42207.20351,1068361.0,21736109.0
27973,8.581,Dummy,-3.254,22.89,-2.978,14.76,PI-SIDIS,-999,-999,-999,-999,80.654,49.087,80.189,48.804,70.955,43.184,245.171,149.214,110.589,67.306,0.9997,0.9947,0.99,0.9813,-1.0,-1.0,-1.0,-1.0,-1.0,1.0,1.0,0.0032,575.0,21.3077,553.692,7.03853,0.305257,51.2286,0.462207,1.0,-999,-999,39437.3118,39364.8942,995565.0,20279949.0
27974,8.581,Dummy,-3.254,22.89,-2.978,14.76,PI-SIDIS,-999,-999,-999,-999,81.592,49.047,81.167,48.791,71.869,43.202,248.238,149.222,112.188,67.439,0.9997,0.9945,0.9883,0.9856,-1.0,-1.0,-1.0,-1.0,-1.0,1.0,1.0,0.0032,613.0,21.3077,591.692,7.39854,0.309999,51.2564,0.430093,1.0,-999,-999,39918.61317,39844.94283,1007481.0,20546618.0
27975,8.581,Dummy,-3.254,22.89,-2.978,14.76,HMSDIS,-999,-999,-999,-999,41987.937,49.557,41789.57,49.323,36937.573,43.597,127395.671,150.362,57289.322,67.617,0.9996,0.9945,-999,-999,-1.0,-1.0,-1.0,1.0,-1.0,-1.0,-999,99.6831,-999,-999,-999,-999,-999,-999,-999,1.0,-999,-999,-999,-999,517945.0,10573409.0
27976,8.581,LH2,-3.254,22.89,-2.978,14.76,PI-SIDIS,-999,-999,-999,-999,97.339,66.569,97.135,66.429,85.247,58.299,215.972,147.699,129.2,88.358,0.9995,0.9898,0.9878,0.9848,-1.0,-1.0,-1.0,-1.0,-1.0,1.0,0.99999,0.0127,2710.0,342.692,2367.31,24.7601,0.547122,51.3243,0.480568,1.0,-999,-999,47785.37271,47694.77529,3570746.0,61873741.0
27977,8.581,LH2,-3.254,22.89,-2.978,14.76,PI-SIDIS,-999,-999,-999,-999,113.998,69.128,113.776,68.994,99.787,60.51,248.0,150.386,151.205,91.69,0.9994,0.9899,0.9877,0.9865,-1.0,-1.0,-1.0,-1.0,-1.0,1.0,0.99994,0.0129,3068.0,405.846,2662.15,23.734,0.496323,51.3159,0.470232,1.0,-999,-999,55960.2087,55850.3293,4178829.0,72390881.0
27978,8.581,LH2,-3.254,22.89,-2.978,14.76,PI-SIDIS,-999,-999,-999,-999,98.622,64.786,98.34,64.601,86.622,56.903,221.82,145.717,130.92,86.003,0.9995,0.9925,0.9876,0.985,-1.0,-1.0,-1.0,-1.0,-1.0,1.0,0.99996,0.0126,2688.0,345.385,2342.62,24.1974,0.538168,51.1478,0.444988,1.0,-999,-999,48339.26984,48244.15516,3620587.0,62649829.0
27979,8.581,LH2,-3.254,22.89,-2.978,14.76,PI-SIDIS,-999,-999,-999,-999,124.763,70.515,124.334,70.272,109.825,62.072,268.354,151.67,165.234,93.388,0.9997,0.9889,0.9877,0.9844,-1.0,-1.0,-1.0,-1.0,-1.0,1.0,0.99999,0.0129,3401.0,452.615,2948.38,24.0966,0.479057,51.2166,0.470564,1.0,-999,-999,61163.97107,61046.92293,4571711.0,79194276.0
27980,8.581,LH2,-3.254,22.89,-2.978,14.76,PI-SIDIS,-999,-999,-999,-999,122.067,68.912,121.695,68.701,107.424,60.645,265.37,149.811,161.919,91.409,0.9996,0.9905,0.9898,0.9848,-1.0,-1.0,-1.0,-1.0,-1.0,1.0,0.99996,0.0128,3374.0,420.846,2953.15,24.6522,0.48721,51.3112,0.49109,1.0,-999,-999,59856.78579,59750.51721,4477656.0,77499024.0
27981,8.581,LH2,-3.254,22.89,-2.978,14.76,PI-SIDIS,-999,-999,-999,-999,138.567,70.892,138.253,70.732,121.16,61.986,295.626,151.245,181.405,92.808,0.9995,0.9908,0.988,0.9854,-1.0,-1.0,-1.0,-1.0,-1.0,1.0,0.99997,0.0131,3711.0,495.692,3215.31,23.6139,0.449687,51.3683,0.476765,1.0,-999,-999,68165.92665,68036.81635,5078090.0,87843219.0
27982,8.581,LH2,-3.254,22.89,-2.978,14.76,PI-SIDIS,-999,-999,-999,-999,132.729,68.837,132.461,68.699,116.266,60.299,287.59,149.154,173.68,90.076,0.9995,0.9896,0.9868,0.9842,-1.0,-1.0,-1.0,-1.0,-1.0,1.0,0.99995,0.013,3679.0,482.462,3196.54,24.5328,0.467856,51.3501,0.471334,1.0,-999,-999,65171.65865,65051.36635,4863303.0,84194296.0
27983,8.581,Dummy,-3.254,22.89,-2.978,14.76,PI-SIDIS,-999,-999,-999,-999,91.224,51.095,90.815,50.866,80.235,44.94,270.935,151.753,124.362,69.656,1.0,0.9966,0.9863,0.9835,-1.0,-1.0,-1.0,-1.0,-1.0,1.0,1.0,0.0032,686.0,27.9231,658.077,7.36792,0.293703,51.3537,0.475924,1.0,-999,-999,44708.78244,44630.13156,1125537.0,22971005.0
27984,8.581,Dummy,-3.254,22.89,-2.978,14.76,PI-SIDIS,-999,-999,-999,-999,80.464,48.443,80.029,48.181,70.87,42.667,242.876,146.222,109.721,66.057,0.9994,0.9945,0.9939,0.9802,-1.0,-1.0,-1.0,-1.0,-1.0,1.0,1.0,0.0032,604.0,23.2308,580.769,7.40802,0.313949,51.3095,0.418211,1.0,-999,-999,39339.30919,39268.70881,992915.0,20253251.0
27985,8.581,Dummy,-3.254,22.89,-2.978,14.76,PI-SIDIS,-999,-999,-999,-999,88.385,50.72,87.904,50.443,77.564,44.51,262.186,150.455,119.917,68.814,1.0,0.9951,0.9858,0.9818,-1.0,-1.0,-1.0,-1.0,-1.0,1.0,1.0,0.0032,661.0,26.3077,634.692,7.35413,0.298355,51.3803,0.483281,1.0,-999,-999,43230.40317,43151.75983,1090389.0,22246358.0
27986,8.581,Dummy,-3.254,22.89,-2.978,14.76,PI-SIDIS,-999,-999,-999,-999,75.703,50.779,75.334,50.531,66.123,44.353,224.782,150.774,102.267,68.596,0.9994,0.9956,0.9799,0.9826,-1.0,-1.0,-1.0,-1.0,-1.0,1.0,1.0,0.0032,570.0,22.5385,547.462,7.40025,0.323214,51.39,0.46696,1.0,-999,-999,37037.85907,36971.46093,934605.0,19058250.0
27987,8.581,LD2,-3.254,22.89,-2.978,14.76,PI-SIDIS,-999,-999,-999,-999,113.455,68.705,113.227,68.567,99.469,60.235,245.654,148.761,148.457,89.902,0.9995,0.9934,0.9851,0.9821,-1.0,-1.0,-1.0,-1.0,-1.0,1.0,0.99989,0.0308,7139.0,1710.15,5428.85,48.8502,0.767259,51.3097,0.496681,1.0,-999,-999,55679.44532,55573.67668,7363243.0,152106241.0
27988,8.581,LD2,-3.254,22.89,-2.978,14.76,PI-SIDIS,-999,-999,-999,-999,107.128,67.032,106.929,66.907,94.393,59.063,235.644,147.446,140.193,87.721,0.9995,0.9937,0.9846,0.9822,-1.0,-1.0,-1.0,-1.0,-1.0,1.0,0.99989,0.0305,6907.0,1609.62,5297.38,50.4696,0.798862,51.3027,0.482299,1.0,-999,-999,52579.19573,52478.03127,6956775.0,143626781.0
27989,8.581,LD2,-3.254,22.89,-2.978,14.76,PI-SIDIS,-999,-999,-999,-999,100.762,65.804,100.473,65.616,88.462,57.771,223.201,145.765,131.763,86.05,0.9994,0.9941,0.9862,0.9821,-1.0,-1.0,-1.0,-1.0,-1.0,1.0,0.99985,0.0304,6225.0,1504.85,4720.15,47.8715,0.807591,51.3355,0.469812,1.0,-999,-999,49382.15273,49293.44127,6540788.0,134791589.0
27990,8.581,LD2,-3.254,22.89,-2.978,14.76,PI-SIDIS,-999,-999,-999,-999,29.426,72.34,29.333,72.112,25.759,63.327,61.914,152.21,38.287,94.124,0.9995,0.9936,0.9868,0.9828,-1.0,-1.0,-1.0,-1.0,-1.0,1.0,0.99989,0.0313,1936.0,453.462,1482.54,51.4575,1.5409,51.3216,0.487116,1.0,-999,-999,14321.25927,14293.84473,1911335.0,39331475.0
27992,8.581,LD2,-3.254,22.89,-2.978,14.76,PI-SIDIS,-999,-999,-999,-999,98.472,63.874,98.256,63.734,86.847,56.333,219.957,142.675,130.586,84.705,0.9994,0.9935,0.9857,0.9823,-1.0,-1.0,-1.0,-1.0,-1.0,1.0,0.99984,0.03,6279.0,1464.69,4814.31,49.9182,0.828957,51.2782,0.488354,1.0,-999,-999,48301.92953,48196.93847,6392922.0,132147035.0
27993,8.581,LD2,-3.254,22.89,-2.978,14.76,PI-SIDIS,-999,-999,-999,-999,118.097,69.504,117.879,69.376,103.955,61.181,256.213,150.79,156.415,92.056,0.9995,0.9933,0.9849,0.9823,-1.0,-1.0,-1.0,-1.0,-1.0,1.0,0.99987,0.0305,7523.0,1764.08,5758.92,49.7664,0.756263,51.3153,0.487578,1.0,-999,-999,57981.32632,57865.67568,7673248.0,158242873.0
27994,8.581,LD2,-3.254,22.89,-2.978,14.76,PI-SIDIS,-999,-999,-999,-999,105.149,66.669,104.912,66.519,92.128,58.413,233.246,147.889,139.295,88.319,0.9995,0.9941,0.9852,0.9819,-1.0,-1.0,-1.0,-1.0,-1.0,1.0,0.99986,0.0302,6810.0,1535.38,5274.62,51.2364,0.808528,51.3332,0.488867,1.0,-999,-999,51580.0173,51481.9537,6827304.0,140612329.0
27995,8.581,LD2,-3.254,19.18,-2.978,14.76,HMSDIS,-999,-999,-999,-999,45846.226,68.64,45789.927,68.556,40091.605,60.025,96963.534,145.173,56979.804,85.309,0.9993,0.9954,-999,-999,-1.0,-1.0,-1.0,9.0,-1.0,-1.0,-999,96.8021,-999,-999,-999,-999,-999,-999,-999,1.0,-999,-999,-999,-999,9854180.0,61401969.0
27996,8.581,LD2,-3.254,19.18,-2.978,14.76,HMSDIS,-999,-999,-999,-999,26197.988,55.951,26105.766,55.754,22918.066,48.946,71331.229,152.342,35472.234,75.758,0.9993,0.9956,-999,-999,-1.0,-1.0,-1.0,5.0,-1.0,-1.0,-999,97.577,-999,-999,-999,-999,-999,-999,-999,1.0,-999,-999,-999,-999,5664825.0,35037883.0
27997,8.581,LD2,-3.254,19.18,-2.978,14.76,HMSDIS,-999,-999,-999,-999,15861.609,34.716,15779.887,34.537,13820.903,30.249,68021.911,148.876,21434.787,46.913,0.9994,0.996,-999,-999,-1.0,-1.0,-1.0,5.0,-1.0,-1.0,-999,98.4784,-999,-999,-999,-999,-999,-999,-999,1.0,-999,-999,-999,-999,3422472.0,21032515.0
27998,8.581,LD2,-3.254,19.18,-2.978,14.76,HMSDIS,-999,-999,-999,-999,9978.682,15.148,9936.567,15.084,8712.972,13.227,55994.328,85.003,13525.26,20.532,0.9996,0.9959,-999,-999,-1.0,-1.0,-1.0,5.0,-1.0,-1.0,-999,99.3454,-999,-999,-999,-999,-999,-999,-999,1.0,-999,-999,-999,-999,2167489.0,13136242.0
27999,8.581,LD2,-3.254,19.18,-2.978,14.76,HMSDIS,-999,-999,-999,-999,6249.053,10.11,6232.474,10.084,5475.974,8.86,35200.556,56.951,8493.262,13.741,0.9995,0.9956,-999,-999,-1.0,-1.0,-1.0,5.0,-1.0,-1.0,-999,99.5639,-999,-999,-999,-999,-999,-999,-999,1.0,-999,-999,-999,-999,1360117.0,8213765.0
28000,8.581,LH2,-3.254,19.18,-2.978,14.76,HMSDIS,-999,-999,-999,-999,37797.49,70.013,37690.94,69.816,33315.177,61.71,79405.311,147.084,46962.53,86.99,0.9994,0.9939,-999,-999,-1.0,-1.0,-1.0,5.0,-1.0,-1.0,-999,98.6545,-999,-999,-999,-999,-999,-999,-999,1.0,-999,-999,-999,-999,4363516.0,23977326.0
28001,8.581,LH2,-3.254,19.18,-2.978,14.76,HMSDIS,-999,-999,-999,-999,28363.036,52.704,28223.864,52.446,25039.678,46.529,79024.208,146.843,38763.746,72.031,0.9995,0.9942,-999,-999,-1.0,-1.0,-1.0,5.0,-1.0,-1.0,-999,98.9991,-999,-999,-999,-999,-999,-999,-999,1.0,-999,-999,-999,-999,3298654.0,18079265.0
28002,8.581,LH2,-3.254,19.18,-2.978,14.76,HMSDIS,-999,-999,-999,-999,19774.355,34.215,19652.074,34.003,17323.965,29.975,84911.42,146.918,26788.936,46.352,0.9996,0.9948,-999,-999,-1.0,-1.0,-1.0,5.0,-1.0,-1.0,-999,99.3577,-999,-999,-999,-999,-999,-999,-999,1.0,-999,-999,-999,-999,2304155.0,12531332.0
28003,8.581,LH2,-3.254,19.18,-2.978,14.76,HMSDIS,-999,-999,-999,-999,8036.637,15.272,8001.353,15.205,7022.877,13.346,45113.03,85.729,10864.938,20.647,0.9996,0.9943,-999,-999,-1.0,-1.0,-1.0,1.0,-1.0,-1.0,-999,99.7216,-999,-999,-999,-999,-999,-999,-999,1.0,-999,-999,-999,-999,943607.0,5079260.0
28004,8.581,LH2,-3.254,19.18,-2.978,14.76,HMSDIS,-999,-999,-999,-999,5554.171,10.084,5542.913,10.063,4851.764,8.808,31179.457,56.607,7499.587,13.616,0.9997,0.9946,-999,-999,-1.0,-1.0,-1.0,1.0,-1.0,-1.0,-999,99.8135,-999,-999,-999,-999,-999,-999,-999,1.0,-999,-999,-999,-999,655745.0,3510855.0
28005,8.581,Dummy,-3.254,19.18,-2.978,14.76,HMSDIS,-999,-999,-999,-999,25678.59,35.682,25544.98,35.497,22398.244,31.124,99409.816,138.138,34669.172,48.175,0.9995,0.9951,-999,-999,-1.0,-1.0,-1.0,1.0,-1.0,-1.0,-999,99.752,-999,-999,-999,-999,-999,-999,-999,1.0,-999,-999,-999,-999,1089519.0,6431321.0
28006,8.581,C,-3.254,19.18,-2.978,14.76,HMSDIS,-999,-999,-999,-999,25015.121,50.861,24905.269,50.638,21948.909,44.627,74926.037,152.342,34050.732,69.233,0.9994,0.9961,-999,-999,-1.0,-1.0,-1.0,3.0,-1.0,-1.0,-999,98.7545,-999,-999,-999,-999,-999,-999,-999,1.0,-999,-999,-999,-999,3559276.0,20777970.0
28007,8.581,C,-3.254,19.18,-2.978,14.76,HMSDIS,-999,-999,-999,-999,20036.002,35.7,19933.323,35.517,17548.665,31.268,85498.759,152.341,27224.249,48.508,0.9995,0.996,-999,-999,-1.0,-1.0,-1.0,3.0,-1.0,-1.0,-999,99.135,-999,-999,-999,-999,-999,-999,-999,1.0,-999,-999,-999,-999,2839786.0,16494361.0
28008,8.581,C,-3.254,19.18,-2.978,14.76,HMSDIS,-999,-999,-999,-999,13335.25,15.301,13290.228,15.249,11699.557,13.424,75176.718,86.257,18149.871,20.825,0.9996,0.9959,-999,-999,-1.0,-1.0,-1.0,3.0,-1.0,-1.0,-999,99.6312,-999,-999,-999,-999,-999,-999,-999,1.0,-999,-999,-999,-999,1899741.0,10893298.0
28010,8.581,C,-3.254,19.18,-2.978,14.76,HMSDIS,-999,-999,-999,-999,9226.739,10.147,9204.465,10.123,8059.838,8.864,51815.523,56.986,12489.262,13.736,0.9996,0.996,-999,-999,-1.0,-1.0,-1.0,1.0,-1.0,-1.0,-999,99.7531,-999,-999,-999,-999,-999,-999,-999,1.0,-999,-999,-999,-999,1317884.0,7540205.0
28012,8.581,C,-3.254,19.18,-2.978,14.76,HMSDIS,-999,-999,-999,-999,6468.477,5.089,6501.074,5.114,5694.603,4.48,36644.389,28.827,8824.462,6.942,0.9996,0.9961,-999,-999,-1.0,-1.0,-1.0,1.0,-1.0,-1.0,-999,99.8767,-999,-999,-999,-999,-999,-999,-999,1.0,-999,-999,-999,-999,934174.0,5290679.0
28014,8.581,Cu,-3.254,19.18,-2.978,14.76,HMSDIS,-999,-999,-999,-999,47580.808,71.289,47513.621,71.188,41987.948,62.909,98686.386,147.859,59093.197,88.538,0.9993,0.9963,-999,-999,-1.0,-1.0,-1.0,5.0,-1.0,-1.0,-999,98.2278,-999,-999,-999,-999,-999,-999,-999,1.0,-999,-999,-999,-999,5428004.0,35570775.0
28015,8.581,Cu,-3.254,19.18,-2.978,14.76,HMSDIS,-999,-999,-999,-999,41751.309,55.894,41604.756,55.698,36875.544,49.367,113789.781,152.335,57053.575,76.38,0.9994,0.9966,-999,-999,-1.0,-1.0,-1.0,3.0,-1.0,-1.0,-999,98.6906,-999,-999,-999,-999,-999,-999,-999,1.0,-999,-999,-999,-999,4769276.0,31112882.0
28016,8.581,Cu,-3.254,19.18,-2.978,14.76,HMSDIS,-999,-999,-999,-999,30763.254,35.576,30609.077,35.397,26923.407,31.135,131731.0,152.339,41621.393,48.132,0.9995,0.9966,-999,-999,-1.0,-1.0,-1.0,2.0,-1.0,-1.0,-999,99.1791,-999,-999,-999,-999,-999,-999,-999,1.0,-999,-999,-999,-999,3499902.0,22662180.0
28018,8.581,Cu,-3.254,19.18,-2.978,14.76,HMSDIS,-999,-999,-999,-999,13277.431,15.158,13220.875,15.094,11567.961,13.207,74302.471,84.828,17884.475,20.418,0.9996,0.9965,-999,-999,-1.0,-1.0,-1.0,1.0,-1.0,-1.0,-999,99.6521,-999,-999,-999,-999,-999,-999,-999,1.0,-999,-999,-999,-999,1518417.0,9688546.0
28019,8.581,Cu,-3.254,19.18,-2.978,14.76,HMSDIS,-999,-999,-999,-999,8963.776,10.193,8939.617,10.165,7796.23,8.865,50113.489,56.984,12049.92,13.702,0.9996,0.9967,-999,-999,-1.0,-1.0,-1.0,1.0,-1.0,-1.0,-999,99.767,-999,-999,-999,-999,-999,-999,-999,1.0,-999,-999,-999,-999,1030118.0,6535551.0
28020,8.581,Cu,-3.254,19.18,-2.978,14.76,HMSDIS,-999,-999,-999,-999,9838.929,5.08,9877.672,5.1,8615.189,4.448,55448.611,28.631,13346.952,6.892,0.9996,0.9969,-999,-999,-1.0,-1.0,-1.0,1.0,-1.0,-1.0,-999,99.8832,-999,-999,-999,-999,-999,-999,-999,1.0,-999,-999,-999,-999,1147387.0,7188605.0
28021,8.581,LD2,3.254,22.885,-2.978,14.76,PI-SIDIS,-999,-999,-999,-999,138.564,65.173,138.289,65.043,121.623,57.204,310.606,146.092,183.698,86.401,0.9908,0.9975,0.9834,0.9783,-1.0,-1.0,-1.0,-1.0,-1.0,1.0,0.99995,0.03,4.0,2.23077,1.76923,0.0131996,0.015238,51.3,0.5,1.0,-999,-999,68196.62267,67748.76433,179961.0,185726574.0
28022,8.581,Dummy,3.254,22.885,-2.978,14.76,PI-SIDIS,-999,-999,-999,-999,115.992,49.979,115.343,49.699,102.103,43.994,349.418,150.558,158.396,68.25,0.9333,0.9973,0.9854,0.9678,-1.0,-1.0,-1.0,-1.0,-1.0,1.0,1.0,0.0032,0.0,0.0769231,-0.0769231,-0.000738344,0.000738344,51.3,0.5,1.0,-999,-999,56901.02013,56526.32887,51344.0,29147126.0
28023,8.581,LH2,3.254,22.885,-2.978,14.76,PI-SIDIS,-999,-999,-999,-999,110.892,68.596,110.583,68.404,97.427,60.266,241.991,149.69,146.617,90.694,0.98,0.9977,0.9849,0.9786,-1.0,-1.0,-1.0,-1.0,-1.0,1.0,0.99993,0.0128,2.0,0.461538,1.53846,0.0145077,0.0134539,51.3,0.5,1.0,-999,-999,54514.7651,54148.6159,77132.0,70457826.0
28024,8.581,LH2,3.254,22.885,-2.978,14.76,PI-SIDIS,-999,-999,-999,-999,103.205,69.436,102.982,69.287,90.507,60.893,223.936,150.664,136.451,91.804,1.0,0.9969,0.9884,0.9768,-1.0,-1.0,-1.0,-1.0,-1.0,1.0,0.99998,0.0129,1.0,0.384615,0.615385,0.00611773,0.0100873,51.3,0.5,1.0,-999,-999,50760.87702,50424.18898,70889.0,65562609.0
28025,8.581,LH2,3.254,22.885,-3.837,14.76,PI-SIDIS,-999,-999,-999,-999,121.734,69.699,121.395,69.505,107.348,61.462,263.315,150.761,160.852,92.096,0.9785,0.9981,0.9875,0.972,-1.0,-1.0,-1.0,-1.0,-1.0,1.0,1.0,0.0056,2.0,0.153846,1.84615,0.0159897,0.0122848,51.3,0.5,1.0,-999,-999,59852.19753,59451.66547,83712.0,73115192.0
28026,8.581,LH2,3.254,22.885,-3.837,14.76,PI-SIDIS,-999,-999,-999,-999,104.904,64.073,104.526,63.842,92.082,56.242,238.452,145.64,138.7,84.714,0.9848,0.9974,0.9883,0.9702,-1.0,-1.0,-1.0,-1.0,-1.0,1.0,0.99998,0.0055,0.0,0.0,0.0,0.0,0.0,51.3,0.5,1.0,-999,-999,51509.13336,51166.38564,73288.0,62944225.0
28027,8.581,LH2,3.254,22.885,3.837,14.76,PI+SIDIS,-999,-999,-999,-999,176.57,68.479,176.193,68.333,155.605,60.348,385.624,149.556,233.598,90.596,0.9773,0.9976,0.9867,0.9771,-1.0,-1.0,-1.0,-1.0,-1.0,1.0,1.0,0.0092,1.0,0.307692,0.692308,0.00411475,0.00601346,51.3,0.5,1.0,-999,-999,86947.36067,86367.91433,121335.0,30636764.0
28028,8.581,LH2,3.254,22.885,2.978,14.76,PI+SIDIS,-999,-999,-999,-999,173.179,69.037,172.749,68.865,152.169,60.661,377.071,150.318,229.148,91.349,0.9903,0.9975,0.9818,0.9735,-1.0,-1.0,-1.0,-1.0,-1.0,1.0,0.99996,0.0284,1.0,0.769231,0.230769,0.00138573,0.00617992,51.3,0.5,1.0,-999,-999,85238.03476,84673.17124,119404.0,50420790.0
28029,8.581,LH2,3.254,22.885,2.978,14.76,HMSDIS,-999,-999,-999,-999,58562.786,69.668,58359.485,69.426,51213.985,60.925,126734.507,150.766,77335.098,92.0,0.9895,0.9972,-999,-999,-1.0,-1.0,-1.0,1.0,-1.0,-1.0,-999,97.146,-999,-999,-999,-999,-999,-999,-999,1.0,-999,-999,-999,-999,40356.0,16962317.0
28030,8.581,Dummy,3.254,22.885,2.978,14.76,PI+SIDIS,-999,-999,-999,-999,85.963,50.061,85.498,49.79,75.52,43.979,258.978,150.817,117.277,68.297,1.0,0.9975,0.9852,0.9734,-1.0,-1.0,-1.0,-1.0,-1.0,1.0,1.0,0.0062,0.0,0.0769231,-0.0769231,-0.000924292,0.000924292,51.3,0.5,1.0,-999,-999,42154.02854,41881.10846,37692.0,6322888.0
28031,8.581,Dummy,3.254,22.885,2.978,14.76,HMSDIS,-999,-999,-999,-999,44450.596,49.99,44240.86,49.754,39191.288,44.075,134229.71,150.958,60776.03,68.35,0.9821,0.9973,-999,-999,-1.0,-1.0,-1.0,1.0,-1.0,-1.0,-999,99.3795,-999,-999,-999,-999,-999,-999,-999,1.0,-999,-999,-999,-999,19355.0,3286900.0
28032,8.581,C,3.254,22.885,2.978,14.76,PI+SIDIS,-999,-999,-999,-999,139.093,50.903,138.501,50.687,121.911,44.615,416.266,152.34,188.755,69.078,0.9886,0.9972,0.9772,0.9747,-1.0,-1.0,-1.0,-1.0,-1.0,1.0,0.99994,0.0247,3.0,1.84615,1.15385,0.00864627,0.0132826,51.3,0.5,1.0,-999,-999,68342.45885,67902.14015,156441.0,44334429.0
28033,8.581,C,3.254,22.885,2.978,14.76,HMSDIS,-999,-999,-999,-999,45499.044,50.79,45306.654,50.575,39743.851,44.366,136472.868,152.343,61557.16,68.715,0.9901,0.997,-999,-999,-1.0,-1.0,-1.0,1.0,-1.0,-1.0,-999,97.5376,-999,-999,-999,-999,-999,-999,-999,1.0,-999,-999,-999,-999,51647.0,14431281.0
28034,8.581,Cu,3.254,22.885,2.978,14.76,PI+SIDIS,-999,-999,-999,-999,110.196,61.074,109.698,60.798,96.865,53.685,274.869,152.34,150.439,83.377,0.9868,0.9968,0.9775,0.9717,-1.0,-1.0,-1.0,-1.0,-1.0,1.0,1.00061,0.0301,7.0,3.38462,3.61538,0.0343712,0.0256164,51.3,0.5,1.0,-999,-999,54132.90706,53782.22594,157907.0,34186086.0
28035,8.581,Cu,3.254,22.885,2.978,14.76,PI+SIDIS,-999,-999,-999,-999,42.399,60.876,42.203,60.594,37.443,53.76,105.944,152.113,58.122,83.45,0.995,0.9964,0.9783,0.9698,-1.0,-1.0,-1.0,-1.0,-1.0,1.0,0.99994,0.03,3.0,0.846154,2.15385,0.052892,0.0429929,51.3,0.5,1.0,-999,-999,20739.64828,20604.45072,60680.0,13158292.0
28036,8.581,Cu,3.254,22.885,2.978,14.76,PI+SIDIS,-999,-999,-999,-999,75.072,61.004,74.792,60.777,65.886,53.539,187.471,152.34,102.015,82.898,0.9913,0.9966,0.9795,0.9719,-1.0,-1.0,-1.0,-1.0,-1.0,1.0,0.99993,0.0302,1.0,1.69231,-0.692308,-0.00960831,0.0147544,51.3,0.5,1.0,-999,-999,36842.96319,36601.86981,107999.0,23329189.0
28037,8.581,Cu,3.254,22.885,2.978,14.76,HMSDIS,-999,-999,-999,-999,41620.123,59.265,41479.276,59.064,36453.344,51.908,105321.234,149.972,56441.914,80.37,0.9898,0.9966,-999,-999,-1.0,-1.0,-1.0,1.0,-1.0,-1.0,-999,97.0123,-999,-999,-999,-999,-999,-999,-999,1.0,-999,-999,-999,-999,60136.0,12841011.0
28038,8.581,Al,3.254,22.885,2.978,14.76,HMSDIS,-999,-999,-999,-999,40797.911,45.907,40581.917,45.664,35799.663,40.283,127839.877,143.849,55330.517,62.259,0.9862,0.9978,-999,-999,-1.0,-1.0,-1.0,1.0,-1.0,-1.0,-999,99.4071,-999,-999,-999,-999,-999,-999,-999,1.0,-999,-999,-999,-999,19469.0,2954365.0
28039,8.581,LD2,3.254,22.885,2.978,14.76,PI+SIDIS,-999,-999,-999,-999,103.65,46.867,103.019,46.582,91.403,41.33,320.109,144.743,140.952,63.734,0.9921,0.9973,0.9767,0.9718,-1.0,-1.0,-1.0,-1.0,-1.0,1.0,0.99995,0.0398,1.0,1.84615,-0.846154,-0.00851968,0.0107599,51.3,0.5,1.0,-999,-999,50815.68093,50477.84907,134877.0,60600865.0
28040,8.581,LD2,3.254,22.885,2.978,14.76,HMSDIS,-999,-999,-999,-999,44563.977,47.523,44297.74,47.239,39029.555,41.621,136986.841,146.083,60132.681,64.125,0.9872,0.9976,-999,-999,-1.0,-1.0,-1.0,1.0,-1.0,-1.0,-999,96.0033,-999,-999,-999,-999,-999,-999,-999,1.0,-999,-999,-999,-999,57974.0,25846924.0
28042,8.581,LD2,3.254,19.185,2.806,12.99,PI+SIDIS,-999,-999,-999,-999,6.792,25.262,6.752,25.115,5.95,22.132,36.419,135.464,9.177,34.133,0.9918,0.9978,0.9798,0.9752,-1.0,-1.0,-1.0,-1.0,-1.0,1.0,0.9999,0.0426,4.0,1.07692,2.92308,0.447643,0.309438,51.3,0.5,1.0,-999,-999,3278.69199,3256.75301,52160.0,6360546.0
28043,8.581,LD2,3.254,19.185,2.806,12.99,PI+SIDIS,-999,-999,-999,-999,16.046,28.179,15.956,28.021,13.988,24.564,85.527,150.194,21.569,37.877,0.9983,0.9979,0.9766,0.9768,-1.0,-1.0,-1.0,-1.0,-1.0,1.0,0.99988,0.044,6.0,3.30769,2.69231,0.173056,0.160752,51.3,0.5,1.0,-999,-999,7828.49516,7774.20084,122976.0,15002282.0
28045,8.581,LD2,3.254,19.185,2.806,12.99,HMSDIS,-999,-999,-999,-999,31684.819,26.734,31523.404,26.598,27618.292,23.303,169115.953,142.693,42599.06,35.943,0.9927,0.9979,-999,-999,-1.0,-1.0,-1.0,1.0,-1.0,-1.0,-999,95.6662,-999,-999,-999,-999,-999,-999,-999,1.0,-999,-999,-999,-999,242754.0,29430098.0
28048,8.581,Dummy,3.254,19.185,2.806,12.99,PI+SIDIS,-999,-999,-999,-999,48.623,47.759,48.415,47.556,42.816,42.056,149.454,146.801,66.272,65.096,1.0,0.9974,0.9872,0.9767,-1.0,-1.0,-1.0,-1.0,-1.0,1.0,1.0,0.0113,2.0,0.230769,1.76923,0.0374148,0.0300395,51.3,0.5,1.0,-999,-999,23930.81946,23765.80854,71011.0,5499875.0
28049,8.581,Dummy,3.254,19.185,2.806,12.99,HMSDIS,-999,-999,-999,-999,36003.672,45.634,35851.982,45.442,31774.598,40.274,112342.778,142.393,49177.79,62.332,0.9908,0.9982,-999,-999,-1.0,-1.0,-1.0,1.0,-1.0,-1.0,-999,98.8903,-999,-999,-999,-999,-999,-999,-999,1.0,-999,-999,-999,-999,52573.0,4071513.0
28050,8.581,LH2,3.254,19.185,2.806,12.99,PI+SIDIS,-999,-999,-999,-999,25.068,44.388,24.943,44.166,22.13,39.186,79.094,140.05,34.167,60.498,0.9876,0.9979,0.977,0.9771,-1.0,-1.0,-1.0,-1.0,-1.0,1.0,0.9999,0.038,4.0,1.92308,2.07692,0.0862972,0.0846237,51.3,0.5,1.0,-999,-999,12326.88328,12241.96372,96877.0,11857236.0
28051,8.581,LH2,3.254,19.185,2.806,12.99,PI+SIDIS,-999,-999,-999,-999,60.421,50.223,60.12,49.973,53.073,44.115,181.748,151.074,82.119,68.26,0.9931,0.998,0.9779,0.9766,-1.0,-1.0,-1.0,-1.0,-1.0,1.0,0.99987,0.0395,6.0,5.23077,0.769231,0.0131943,0.0434011,51.3,0.5,1.0,-999,-999,29610.00009,29414.52191,232448.0,28514098.0
28052,8.581,LH2,3.254,19.185,2.806,12.99,HMSDIS,-999,-999,-999,-999,35960.597,43.276,35795.095,43.077,31677.214,38.121,113303.569,136.354,49022.054,58.995,0.9928,0.998,-999,-999,-1.0,-1.0,-1.0,2.0,-1.0,-1.0,-999,96.2062,-999,-999,-999,-999,-999,-999,-999,1.0,-999,-999,-999,-999,138630.0,16867534.0
28053,8.581,LH2,3.254,19.185,-2.806,12.99,PI-SIDIS,-999,-999,-999,-999,99.015,48.006,98.597,47.804,86.902,42.134,275.167,133.412,134.316,65.121,0.9946,0.9981,0.9873,0.9819,-1.0,-1.0,-1.0,-1.0,-1.0,1.0,0.9999,0.0228,22.0,6.30769,15.6923,0.162987,0.0492509,51.3,0.5,1.0,-999,-999,48603.92414,48277.16486,382719.0,106700400.0
28054,8.581,Dummy,3.254,19.185,-2.806,12.99,PI-SIDIS,-999,-999,-999,-999,17.199,41.787,17.106,41.561,15.137,36.776,54.757,133.037,23.437,56.942,1.0,0.9976,0.989,0.9782,-1.0,-1.0,-1.0,-1.0,-1.0,1.0,1.0,0.0062,0.0,0.153846,-0.153846,-0.00919413,0.00650123,51.3,0.5,1.0,-999,-999,8351.04321,8297.71379,25496.0,7227207.0
28055,8.581,Dummy,3.254,19.185,-2.806,12.99,PI-SIDIS,-999,-999,-999,-999,41.289,45.968,41.119,45.779,36.245,40.352,128.475,143.034,55.966,62.309,1.0,0.9972,0.989,0.9824,-1.0,-1.0,-1.0,-1.0,-1.0,1.0,1.0,0.0063,3.0,0.0,3.0,0.0742661,0.0428775,51.3,0.5,1.0,-999,-999,20215.38948,20079.92252,60318.0,17425919.0
28056,8.581,Dummy,3.254,16.13,-2.766,8.41,PI-SIDIS,-999,-999,-999,-999,58.982,48.739,58.691,48.499,51.64,42.672,179.918,148.673,79.857,65.989,0.9946,0.9982,0.9843,0.9812,-1.0,-1.0,-1.0,-1.0,-1.0,1.0,0.99989,0.0328,19.0,7.46154,11.5385,0.201474,0.0772521,51.3,0.5,1.0,-999,-999,28905.21215,28715.73885,221396.0,132482557.0
28057,8.581,LH2,3.254,16.13,-2.766,8.41,PI-SIDIS,-999,-999,-999,-999,28.694,25.355,28.516,25.197,25.113,22.19,160.768,142.057,38.88,34.355,0.9928,0.9985,0.9831,0.978,-1.0,-1.0,-1.0,-1.0,-1.0,1.0,0.99969,0.0447,27.0,17.2308,9.76923,0.352945,0.19228,51.3,0.5,1.0,-999,-999,14037.28297,13943.13603,352002.0,163678598.0
28058,8.581,LH2,3.254,16.13,-2.766,11.41,PI-SIDIS,-999,-999,-999,-999,119.499,56.449,119.008,56.217,105.647,49.906,309.102,146.015,163.3,77.14,0.9934,0.9979,0.984,0.9801,-1.0,-1.0,-1.0,-1.0,-1.0,1.0,0.99929,0.0401,103.0,61.1538,41.8462,0.361403,0.0896298,51.3,0.5,1.0,-999,-999,58691.54834,58297.72466,1474764.0,219831611.0
28059,8.581,Dummy,3.254,16.13,-2.766,11.41,PI-SIDIS,-999,-999,-999,-999,46.24,44.608,46.044,44.419,40.6,39.167,145.636,140.495,62.661,60.448,0.9888,0.9984,0.9869,0.9846,-1.0,-1.0,-1.0,-1.0,-1.0,1.0,0.99996,0.0106,11.0,2.46154,8.53846,0.190482,0.0746236,51.3,0.5,1.0,-999,-999,22647.75383,22505.74117,175152.0,32491924.0
28060,8.581,Dummy,3.254,16.13,2.766,11.41,PI+SIDIS,-999,-999,-999,-999,32.217,50.86,32.067,50.624,28.269,44.628,96.502,152.346,43.74,69.052,0.9832,0.9983,0.9774,0.9807,-1.0,-1.0,-1.0,-1.0,-1.0,1.0,0.99994,0.0173,5.0,1.76923,3.23077,0.104495,0.0733006,51.3,0.5,1.0,-999,-999,15754.03338,15651.64162,121046.0,5871409.0
28061,8.581,Dummy,3.254,16.13,2.766,11.41,HMSDIS,-999,-999,-999,-999,26039.647,49.975,25905.234,49.717,22892.698,43.935,78294.172,150.26,35437.577,68.011,0.9927,0.9982,-999,-999,-1.0,-1.0,-1.0,2.0,-1.0,-1.0,-999,98.2727,-999,-999,-999,-999,-999,-999,-999,1.0,-999,-999,-999,-999,98429.0,4808185.0
28062,8.581,LH2,3.254,16.13,2.766,11.41,PI+SIDIS,-999,-999,-999,-999,33.657,29.548,33.443,29.36,29.552,25.944,167.727,147.251,45.676,40.1,0.9949,0.9982,0.9827,0.9791,-1.0,-1.0,-1.0,-1.0,-1.0,1.0,0.99976,0.0355,28.0,14.4615,13.5385,0.415682,0.165665,51.3,0.5,1.0,-999,-999,16468.62567,16357.12633,412392.0,25114992.0
28063,8.581,LH2,3.254,16.13,2.766,11.41,HMSDIS,-999,-999,-999,-999,20784.481,28.014,20660.193,27.846,18219.821,24.557,103956.145,140.115,28119.927,37.901,0.9925,0.9983,-999,-999,-1.0,-1.0,-1.0,5.0,-1.0,-1.0,-999,96.4921,-999,-999,-999,-999,-999,-999,-999,1.0,-999,-999,-999,-999,255889.0,15444643.0
28064,8.581,LH2,3.254,16.13,2.766,11.41,HMSDIS,-999,-999,-999,-999,24842.577,29.566,24700.512,29.397,21711.156,25.839,123715.893,147.237,33520.515,39.894,0.9934,0.9983,-999,-999,-1.0,-1.0,-1.0,5.0,-1.0,-1.0,-999,96.4395,-999,-999,-999,-999,-999,-999,-999,1.0,-999,-999,-999,-999,305991.0,18419647.0
28065,8.581,LH2,3.254,16.13,2.766,8.405,PI+SIDIS,-999,-999,-999,-999,29.682,19.243,29.556,19.161,25.872,16.773,166.061,107.655,39.964,25.908,0.995,0.9984,0.9797,0.9782,-1.0,-1.0,-1.0,-1.0,-1.0,1.0,0.99978,0.0438,18.0,17.2308,0.769231,0.0267458,0.152849,51.3,0.5,1.0,-999,-999,14568.80125,14471.49275,370777.0,55859733.0
28066,8.581,Dummy,3.254,16.13,2.766,8.405,PI+SIDIS,-999,-999,-999,-999,24.545,45.024,24.441,44.834,21.553,39.536,78.961,144.843,33.383,61.235,0.996,0.9979,0.9773,0.9789,-1.0,-1.0,-1.0,-1.0,-1.0,1.0,0.99982,0.0365,4.0,3.92308,0.0769231,0.00322862,0.087053,51.3,0.5,1.0,-999,-999,11998.05139,11919.23361,93168.0,13488631.0
28067,8.581,Dummy,3.254,13.745,2.738,10.125,PI+SIDIS,-999,-999,-999,-999,20.676,38.303,20.594,38.152,18.238,33.787,69.53,128.808,28.221,52.281,0.9936,0.9981,0.9792,0.9807,-1.0,-1.0,-1.0,-1.0,-1.0,1.0,0.99984,0.0224,14.0,5.92308,8.07692,0.402557,0.189496,51.3,0.5,1.0,-999,-999,10068.49648,10003.98852,169575.0,5627862.0
28068,8.581,Dummy,3.254,13.745,2.738,10.125,HMSDIS,-999,-999,-999,-999,40996.272,45.964,40804.185,45.748,36214.793,40.603,127820.385,143.308,55955.143,62.735,0.9939,0.9982,-999,-999,-1.0,-1.0,-1.0,1.0,-1.0,-1.0,-999,97.6141,-999,-999,-999,-999,-999,-999,-999,1.0,-999,-999,-999,-999,333668.0,11255771.0
28069,8.581,LH2,3.254,13.745,2.738,10.125,PI+SIDIS,-999,-999,-999,-999,38.644,23.547,38.423,23.412,33.967,20.697,218.0,132.832,52.295,31.865,0.9936,0.9982,0.9807,0.9792,-1.0,-1.0,-1.0,-1.0,-1.0,1.0,0.9994,0.04,122.0,56.1538,65.8462,1.76245,0.30083,51.3,0.5,1.0,-999,-999,18934.17724,18808.75176,1115596.0,42324716.0
28073,8.581,LH2,3.254,13.745,2.738,10.125,HMSDIS,-999,-999,-999,-999,20476.42,24.992,20361.993,24.852,17866.883,21.807,114677.288,139.966,27528.586,33.599,0.9938,0.9982,-999,-999,-1.0,-1.0,-1.0,5.0,-1.0,-1.0,-999,95.9292,-999,-999,-999,-999,-999,-999,-999,1.0,-999,-999,-999,-999,595162.0,22323243.0
28074,8.581,LH2,3.254,13.745,2.738,10.125,HMSDIS,-999,-999,-999,-999,21199.136,24.731,21088.524,24.602,18503.626,21.586,118742.529,138.524,28537.005,33.291,0.994,0.9982,-999,-999,-1.0,-1.0,-1.0,5.0,-1.0,-1.0,-999,95.9394,-999,-999,-999,-999,-999,-999,-999,1.0,-999,-999,-999,-999,614671.0,23095648.0
28076,8.581,LH2,3.254,13.745,2.738,8.115,PI+SIDIS,-999,-999,-999,-999,27.403,18.31,27.265,18.217,24.056,16.073,154.448,103.195,37.154,24.824,0.9943,0.9984,0.9797,0.979,-1.0,-1.0,-1.0,-1.0,-1.0,1.0,0.9995,0.0447,80.0,44.7692,35.2308,1.32811,0.344356,51.3,0.5,1.0,-999,-999,13439.30278,13351.23722,790332.0,54983246.0
28077,8.581,Dummy,3.254,13.745,2.738,8.115,PI+SIDIS,-999,-999,-999,-999,36.753,50.648,36.549,50.368,32.426,44.686,110.48,152.25,50.076,69.008,0.9944,0.9983,0.9804,0.979,-1.0,-1.0,-1.0,-1.0,-1.0,1.0,0.99974,0.0424,35.0,18.6154,16.3846,0.460607,0.169682,51.3,0.5,1.0,-999,-999,17966.0496,17847.3884,300088.0,22395736.0
28078,8.581,Dummy,3.254,13.745,-2.738,8.115,PI-SIDIS,-999,-999,-999,-999,63.837,50.461,63.57,50.25,56.381,44.567,192.454,152.13,87.044,68.806,0.9937,0.9984,0.9848,0.9805,-1.0,-1.0,-1.0,-1.0,-1.0,1.0,0.99973,0.0372,50.0,32.0769,17.9231,0.289451,0.116979,51.3,0.5,1.0,-999,-999,31318.01993,31112.40807,522948.0,161736607.0
28080,8.581,LH2,3.254,13.745,-2.738,8.115,PI-SIDIS,-999,-999,-999,-999,33.285,22.012,33.146,21.92,29.262,19.351,187.815,124.205,45.138,29.85,0.9934,0.9985,0.9843,0.9803,-1.0,-1.0,-1.0,-1.0,-1.0,1.0,0.99937,0.0419,106.0,51.7692,54.2308,1.68114,0.325102,51.3,0.5,1.0,-999,-999,16336.67776,16228.41024,962304.0,212315490.0
28081,8.581,LH2,3.254,13.745,-2.738,10.12,PI-SIDIS,-999,-999,-999,-999,50.585,41.944,50.296,41.704,44.498,36.897,181.194,150.241,68.686,56.952,0.9928,0.9981,0.9838,0.9805,-1.0,-1.0,-1.0,-1.0,-1.0,1.0,0.99844,0.0437,157.0,82.0,75.0,1.53425,0.26142,51.1566,0.535742,1.0,-999,-999,24772.36639,24608.16461,1491296.0,146857280.0
28082,8.581,Dummy,3.254,13.745,-2.738,10.12,PI-SIDIS,-999,-999,-999,-999,34.908,48.306,34.708,48.03,30.778,42.591,107.204,148.351,47.504,65.737,0.9962,0.9988,0.9878,0.9845,-1.0,-1.0,-1.0,-1.0,-1.0,1.0,0.99988,0.0176,23.0,7.92308,15.0769,0.44297,0.142759,51.3,0.5,1.0,-999,-999,17054.15051,16940.80149,285438.0,38746545.0
28083,8.581,LH2,2.28,42.005,-7.07,12.455,HEEP,-999,-999,-999,-999,109.438,65.818,109.242,65.701,95.838,57.639,247.831,149.051,145.593,87.563,1.0,0.999,0.9925,0.6374,-1.0,-1.0,-1.0,-1.0,1.0,-1.0,0.99977,0.0039,0.0,0.0,0.0,0.0,0.0,0.0,0.0,1.0,-999,-999,53864.28424,53510.39576,17939.0,61522168.0
28084,8.581,LH2,2.28,42.005,-7.07,12.455,HEEP,-999,-999,-999,-999,131.143,65.825,130.932,65.719,115.299,57.872,293.055,147.095,173.576,87.124,1.0,0.9989,0.9924,0.6571,-1.0,-1.0,-1.0,-1.0,1.0,-1.0,0.99974,0.004,0.0,0.0,0.0,0.0,0.0,0.0,0.0,1.0,-999,-999,64618.62993,64188.34507,21275.0,73643940.0
28085,8.581,LH2,2.28,42.005,-7.07,12.455,HEE,-999,-999,-999,-999,-999,-999,-999,-999,-999,-999,-999,-999,-999,-999,-999,-999,-999,-999,-999,-999,-999,-999,-999,-999,-999,-999,-999,-999,-999,-999,-999,-999,-999,1.0,-999,-999,-999,-999,-999,-999
28086,8.581,Dummy,2.28,42.005,-7.07,12.455,HEEP,-999,-999,-999,-999,85.758,49.646,85.299,49.381,75.712,43.83,259.077,149.983,116.796,67.614,0.0,0.9987,0.9918,0.5735,-1.0,-1.0,-1.0,-1.0,1.0,-1.0,0.99998,0.001,0.0,0.0,0.0,nan,nan,0.0,0.0,1.0,-999,-999,42050.36738,41778.24962,18263.0,16884591.0
28087,8.581,Dummy,2.28,42.005,-7.07,12.455,HEE,-999,-999,-999,-999,-999,-999,-999,-999,-999,-999,-999,-999,-999,-999,-999,-999,-999,-999,-999,-999,-999,-999,-999,-999,-999,-999,-999,-999,-999,-999,-999,-999,-999,1.0,-999,-999,-999,-999,-999,-999
28088,8.581,Dummy,2.28,42.005,-7.07,12.455,HEE,-999,-999,-999,-999,-999,-999,-999,-999,-999,-999,-999,-999,-999,-999,-999,-999,-999,-999,-999,-999,-999,-999,-999,-999,-999,-999,-999,-999,-999,-999,-999,-999,-999,1.0,-999,-999,-999,-999,-999,-999
28089,8.581,LD2,2.28,42.005,-7.07,12.455,HEE,-999,-999,-999,-999,-999,-999,-999,-999,-999,-999,-999,-999,-999,-999,-999,-999,-999,-999,-999,-999,-999,-999,-999,-999,-999,-999,-999,-999,-999,-999,-999,-999,-999,1.0,-999,-999,-999,-999,-999,-999
28090,8.581,LD2,2.28,42.005,-7.07,12.455,HEE,-999,-999,-999,-999,-999,-999,-999,-999,-999,-999,-999,-999,-999,-999,-999,-999,-999,-999,-999,-999,-999,-999,-999,-999,-999,-999,-999,-999,-999,-999,-999,-999,-999,1.0,-999,-999,-999,-999,-999,-999
28091,8.581,LH2,-5.44,21.03,3.99,28.53,HEEP,-999,-999,-999,-999,111.308,65.763,111.016,65.59,97.493,57.6,248.09,146.575,145.611,86.029,0.9997,0.35,1.0,0.9789,-1.0,-1.0,-1.0,-1.0,1.0,-1.0,1.0,0.0001,43.0,0.0769231,42.9231,0.395091,0.060363,53.2039,0.359557,1.0,-999,-999,54738.60787,54375.41813,413793.0,35221.0
28092,8.581,LH2,-5.44,21.03,3.99,28.53,HEEP,-999,-999,-999,-999,119.138,69.801,118.895,69.659,104.822,61.414,255.913,149.936,155.145,90.898,0.9996,0.5926,1.0,0.9754,-1.0,-1.0,-1.0,-1.0,1.0,-1.0,0.99998,0.0001,39.0,0.0,39.0,0.336435,0.0538728,53.3304,0.56988,1.0,-999,-999,58624.27938,58227.29962,439306.0,36935.0
28093,8.581,LH2,-5.44,21.03,3.99,28.53,HEEP,-999,-999,-999,-999,113.65,67.833,113.463,67.722,100.373,59.909,247.973,148.006,148.409,88.58,0.9998,0.4138,0.75,0.9792,-1.0,-1.0,-1.0,-1.0,1.0,-1.0,0.99998,0.0002,45.0,0.0,45.0,0.40512,0.0603917,53.0992,0.427103,1.0,-999,-999,55938.78998,55559.62302,421516.0,35590.0
28094,8.581,LH2,-5.44,21.03,3.99,28.53,HEE,-999,-999,-999,-999,72516.045,72.227,72412.439,72.124,63888.609,63.634,152946.661,152.337,94416.852,94.041,0.9973,0.2244,-999,-999,-1.0,-1.0,-1.0,1.0,-1.0,-1.0,-999,99.9854,-999,-999,-999,-999,-999,-999,-999,1.0,-999,-999,-999,-999,266541.0,22231.0
28095,8.581,Dummy,-5.44,21.03,3.99,28.53,HEEP,-999,-999,-999,-999,94.089,51.6,93.667,51.369,82.343,45.159,277.745,152.322,127.04,69.672,1.0,0.2,0.0,0.9803,-1.0,-1.0,-1.0,-1.0,1.0,-1.0,1.0,0.0001,0.0,0.0,0.0,0.0,0.0,0.0,0.0,1.0,-999,-999,46229.58807,45928.63093,132365.0,30734.0
28098,8.581,LH2,-5.44,21.03,3.99,28.53,HEEP,-999,-999,-999,-999,113.111,68.001,112.926,67.89,99.181,59.627,246.957,148.469,147.717,88.807,0.9999,0.3846,1.0,0.9771,-1.0,-1.0,-1.0,-1.0,1.0,-1.0,1.0,0.0002,29.0,0.153846,28.8462,0.261456,0.04882,53.2134,0.525023,1.0,-999,-999,55674.56648,55299.45852,418285.0,35507.0
28099,8.581,LH2,-5.44,21.03,3.99,28.53,HEEP,-999,-999,-999,-999,131.071,71.469,130.901,71.377,114.817,62.607,277.915,151.539,170.811,93.138,0.9995,0.375,1.0,0.9801,-1.0,-1.0,-1.0,-1.0,1.0,-1.0,0.99998,0.0001,46.0,0.0,46.0,0.358733,0.0528922,53.0832,0.401584,1.0,-999,-999,64551.15656,64118.23744,483529.0,40135.0
28100,8.581,LH2,-5.44,21.03,3.99,28.53,HEEP,-999,-999,-999,-999,59.473,72.221,59.367,72.092,52.307,63.519,125.263,152.113,77.458,94.061,1.0,0.3333,0.0,0.9763,-1.0,-1.0,-1.0,-1.0,1.0,-1.0,1.0,0.0001,15.0,0.0,15.0,0.258799,0.0668217,53.0415,0.268317,1.0,-999,-999,29196.3277,29000.9383,219658.0,18272.0
28101,8.581,LH2,-5.44,21.03,3.99,28.53,HEEP,-999,-999,-999,-999,133.214,69.858,132.819,69.651,117.292,61.508,288.115,151.089,176.03,92.311,0.9997,0.3824,1.0,0.9776,-1.0,-1.0,-1.0,-1.0,1.0,-1.0,1.0,0.0001,42.0,0.0,42.0,0.323563,0.0499268,53.1863,0.541611,1.0,-999,-999,65497.64182,65065.89718,493890.0,41225.0
28102,8.581,LH2,-5.44,21.03,3.99,28.53,HEEP,-999,-999,-999,-999,127.787,69.628,127.492,69.467,111.981,61.016,276.847,150.848,168.967,92.066,0.9996,0.3784,1.0,0.9758,-1.0,-1.0,-1.0,-1.0,1.0,-1.0,0.99998,0.0001,36.0,0.153846,35.8462,0.288258,0.0482572,53.2934,0.441091,1.0,-999,-999,62865.42278,62452.49522,471476.0,39373.0
28103,8.581,LH2,-5.44,21.03,3.99,28.53,HEEP,-999,-999,-999,-999,124.659,68.773,124.418,68.64,109.397,60.353,271.714,149.901,164.799,90.918,0.9997,0.3235,0.6666,0.9778,-1.0,-1.0,-1.0,-1.0,1.0,-1.0,0.99998,0.0001,36.0,0.0,36.0,0.296012,0.0493353,53.1651,0.515992,1.0,-999,-999,61353.81845,60938.78755,460980.0,38965.0
28104,8.581,LH2,-5.44,21.03,3.99,28.53,HEEP,-999,-999,-999,-999,124.399,70.421,124.187,70.3,109.765,62.137,267.809,151.603,164.533,93.14,0.9997,0.2727,1.0,0.976,-1.0,-1.0,-1.0,-1.0,1.0,-1.0,0.99996,0.0001,33.0,0.0769231,32.9231,0.271721,0.0474153,53.095,0.391404,1.0,-999,-999,61240.97443,60825.42257,459083.0,38564.0
28105,8.581,LH2,-5.44,21.03,3.99,28.53,HEEP,-999,-999,-999,-999,108.827,69.305,108.646,69.189,96.124,61.215,236.739,150.763,144.276,91.88,0.9995,0.3571,1.0,0.9756,-1.0,-1.0,-1.0,-1.0,1.0,-1.0,1.0,0.0001,33.0,0.0,33.0,0.311491,0.0542236,53.2407,0.57124,1.0,-999,-999,53554.59052,53189.61448,403104.0,33819.0
28106,8.581,LH2,-5.44,21.03,3.99,28.53,HEEP,-999,-999,-999,-999,8.846,71.035,8.828,70.897,7.788,62.543,18.961,152.27,11.716,94.088,0.9987,0.9999,0.0,0.9835,-1.0,-1.0,-1.0,-1.0,1.0,-1.0,1.0,0.0001,0.0,0.461538,-0.461538,-0.0532275,0.02173,61.5895,5.50254,1.0,-999,-999,4223.71774,4194.89726,32502.0,2811.0
28108,10.676,LH2,-5.343,13.495,5.051,14.74,PI+SIDIS,-999,-999,-999,-999,112.176,45.631,111.591,45.393,98.697,40.148,362.661,147.523,154.391,62.803,0.9989,0.8168,0.9912,0.9881,-1.0,-1.0,-1.0,-1.0,-1.0,1.0,0.99992,0.002,48326.0,485.0,47841.0,434.394,1.99773,51.258,0.378575,1.0,-999,-999,55050.9609,54690.3691,48532844.0,6285674.0
28109,10.676,Dummy,-5.343,13.495,5.051,14.74,PI+SIDIS,-999,-999,-999,-999,45.034,45.262,44.789,45.016,39.232,39.431,143.974,144.705,61.276,61.588,0.9998,0.7731,0.9942,0.9875,-1.0,-1.0,-1.0,-1.0,-1.0,1.0,1.0,0.0007,3692.0,25.1667,3666.83,82.922,1.37485,51.3196,0.364217,1.0,-999,-999,22038.14517,21893.96083,7129740.0,822288.0
28110,10.676,LH2,-5.343,13.495,2.806,14.74,PI+SIDIS,-999,-999,-999,-999,87.592,48.336,87.16,48.098,76.676,42.312,274.475,151.465,120.131,66.292,0.9989,0.8567,0.9843,0.9832,-1.0,-1.0,-1.0,-1.0,-1.0,1.0,0.99918,0.0322,66558.0,15763.8,50794.2,593.87,3.07528,51.2387,0.383662,1.0,-999,-999,42976.44778,42702.42422,37891849.0,30805001.0
28111,10.676,LH2,-5.343,13.495,2.806,14.74,PI+SIDIS,-999,-999,-999,-999,84.772,47.525,84.379,47.305,74.534,41.785,267.031,149.703,116.74,65.447,0.9988,0.8584,0.9835,0.9833,-1.0,-1.0,-1.0,-1.0,-1.0,1.0,0.99919,0.032,64599.0,15320.5,49278.5,595.129,3.12957,51.222,0.387445,1.0,-999,-999,41598.42735,41331.93065,36669121.0,29786334.0
28112,10.676,LH2,-5.343,13.495,2.806,14.74,PI+SIDIS,-999,-999,-999,-999,81.27,47.542,80.905,47.329,71.562,41.863,255.873,149.683,111.97,65.501,0.9988,0.9145,0.9751,0.9733,-1.0,-1.0,-1.0,-1.0,1.0,-1.0,0.99873,0.032,62529.0,14732.5,47796.5,608.484,3.24532,51.2313,0.391374,1.0,-999,-999,39885.15965,39632.37935,35174185.0,28572087.0
28113,10.676,LH2,-5.343,13.495,2.806,14.74,HMSDIS,-999,-999,-999,-999,45084.377,48.787,44847.816,48.531,39492.02,42.735,140779.034,152.34,61672.921,66.738,0.9989,0.8604,-999,-999,-1.0,-1.0,-1.0,9.0,-1.0,-1.0,-999,96.7711,-999,-999,-999,-999,-999,-999,-999,1.0,-999,-999,-999,-999,19514745.0,15779806.0
28114,10.676,LH2,-5.343,13.495,2.806,14.74,HMSDIS,-999,-999,-999,-999,43556.828,48.717,43304.634,48.435,38012.349,42.516,135922.112,152.024,59370.863,66.404,0.9988,0.9175,-999,-999,-1.0,-1.0,17.0,-1.0,-1.0,-1.0,-999,96.7655,-999,-999,-999,-999,-999,-999,-999,1.0,-999,-999,-999,-999,18865945.0,15175837.0
28117,10.676,Dummy,-5.343,13.495,2.806,14.74,PI+SIDIS,-999,-999,-999,-999,84.251,47.566,83.803,47.313,73.748,41.636,265.009,149.616,115.565,65.245,0.9992,0.8525,0.9868,0.9851,-1.0,-1.0,-1.0,-1.0,-1.0,1.0,0.99988,0.01,14594.0,1563.17,13030.8,157.99,1.47771,51.267,0.381785,1.0,-999,-999,41312.38662,41052.69438,13326415.0,7731712.0
28118,10.676,Dummy,-5.343,13.495,2.806,14.74,HMSDIS,-999,-999,-999,-999,36531.737,44.327,36352.336,44.109,32118.022,38.971,117238.776,142.255,50306.269,61.041,0.9992,0.8792,-999,-999,-1.0,-1.0,-1.0,5.0,-1.0,-1.0,-999,99.0236,-999,-999,-999,-999,-999,-999,-999,1.0,-999,-999,-999,-999,5773616.0,3364038.0
28119,10.676,LD2,-5.343,13.495,2.806,14.74,PI+SIDIS,-999,-999,-999,-999,52.81,30.159,52.543,30.007,46.284,26.432,247.326,141.244,72.349,41.317,0.9988,0.8913,0.9826,0.9827,-1.0,-1.0,-1.0,-1.0,-1.0,1.0,0.99865,0.04,73446.0,21485.7,51960.3,1008.89,5.3888,51.2225,0.395519,1.0,-999,-999,25908.31508,25738.75692,42859677.0,37210954.0
28120,10.676,LD2,-5.343,13.495,2.806,14.74,PI+SIDIS,-999,-999,-999,-999,48.659,29.618,48.378,29.447,42.379,25.795,226.474,137.851,66.219,40.306,0.9987,0.891,0.9832,0.9824,-1.0,-1.0,-1.0,-1.0,-1.0,1.0,0.99861,0.04,67116.0,19726.7,47389.3,999.802,5.59798,51.2587,0.38181,1.0,-999,-999,23842.7984,23688.3596,39512633.0,33956230.0
28122,10.676,LD2,-5.343,13.495,2.806,14.74,HMSDIS,-999,-999,-999,-999,27962.931,30.53,27787.456,30.338,24391.7,26.631,130389.775,142.358,38183.675,41.689,0.9987,0.8971,-999,-999,-1.0,-1.0,-1.0,9.0,-1.0,-1.0,-999,95.9763,-999,-999,-999,-999,-999,-999,-999,1.0,-999,-999,-999,-999,22702173.0,19520753.0
28123,10.676,Dummy,-5.343,13.495,2.806,14.74,PI+SIDIS,-999,-999,-999,-999,57.699,47.836,57.381,47.572,50.647,41.99,180.396,149.559,79.293,65.739,0.9991,0.8576,0.9835,0.9847,-1.0,-1.0,-1.0,-1.0,-1.0,1.0,0.99988,0.0101,9965.0,1063.5,8901.5,157.7,1.78417,51.2708,0.383917,1.0,-999,-999,28253.00154,28074.95546,9130821.0,5273014.0
28124,10.676,LD2,-5.343,13.495,2.806,11.74,PI+SIDIS,-999,-999,-999,-999,19.885,14.904,19.788,14.831,17.416,13.054,93.164,69.827,27.23,20.409,0.9991,0.8955,0.9821,0.9846,-1.0,-1.0,-1.0,-1.0,-1.0,1.0,0.99938,0.0421,29681.0,9957.17,19723.8,1013.89,9.10021,51.2096,0.404334,1.0,-999,-999,9748.17339,9686.92661,16222210.0,38295179.0
28125,10.676,LD2,-5.343,13.495,2.806,11.74,PI+SIDIS,-999,-999,-999,-999,25.88,15.077,25.764,15.009,22.675,13.21,121.291,70.66,35.464,20.66,0.9992,0.8932,0.9828,0.9847,-1.0,-1.0,-1.0,-1.0,-1.0,1.0,0.99939,0.0422,38662.0,13017.7,25644.3,1012.25,7.97618,51.2155,0.390766,1.0,-999,-999,12699.8349,12621.4321,21112250.0,49594888.0
28126,10.676,LD2,-5.343,13.495,2.806,11.74,PI+SIDIS,-999,-999,-999,-999,25.082,15.094,24.982,15.035,21.994,13.236,117.653,70.805,34.396,20.7,0.9991,0.8971,0.9844,0.985,-1.0,-1.0,-1.0,-1.0,-1.0,1.0,0.99942,0.0422,37986.0,12655.5,25330.5,1030.92,8.14945,51.211,0.391808,1.0,-999,-999,12313.68454,12237.37246,20459407.0,48013036.0
28127,10.676,Dummy,-5.343,13.495,2.806,11.74,PI+SIDIS,-999,-999,-999,-999,77.089,45.703,76.724,45.487,67.866,40.236,245.695,145.664,106.141,62.927,0.9992,0.8611,0.9864,0.9866,-1.0,-1.0,-1.0,-1.0,-1.0,1.0,0.99986,0.0194,15342.0,3280.33,12061.7,159.494,1.66679,51.2359,0.389787,1.0,-999,-999,37795.22725,37573.73175,12191503.0,18769000.0
28128,10.676,Dummy,-5.343,13.495,2.806,11.74,PI+SIDIS,-999,-999,-999,-999,54.443,39.797,54.188,39.61,47.933,35.038,182.249,133.221,74.954,54.79,0.9992,0.8732,0.9872,0.9872,-1.0,-1.0,-1.0,-1.0,-1.0,1.0,0.99985,0.0184,10734.0,2213.5,8520.5,159.43,1.97162,51.2251,0.37915,1.0,-999,-999,26673.94499,26517.94801,8610676.0,13214542.0
28129,10.676,LH2,-5.343,13.495,2.806,11.74,PI+SIDIS,-999,-999,-999,-999,45.498,28.304,45.216,28.128,39.916,24.831,212.092,131.941,62.412,38.826,0.9991,0.8617,0.9833,0.9846,-1.0,-1.0,-1.0,-1.0,-1.0,1.0,0.99937,0.0416,39386.0,12265.8,27120.2,610.104,4.579,51.1968,0.389056,1.0,-999,-999,22318.69133,22188.98067,19725618.0,43714631.0
28130,10.676,LH2,-5.343,13.495,2.806,11.74,PI+SIDIS,-999,-999,-999,-999,50.234,30.725,49.925,30.536,44.107,26.978,233.014,142.521,68.979,42.19,0.999,0.8537,0.9843,0.9846,-1.0,-1.0,-1.0,-1.0,-1.0,1.0,0.99928,0.0437,43297.0,14129.8,29167.2,594.378,4.3541,51.1834,0.396381,1.0,-999,-999,24596.84034,24454.08566,21770582.0,48432878.0
28131,10.676,LH2,-5.343,13.495,2.806,11.74,PI+SIDIS,-999,-999,-999,-999,50.449,31.184,50.169,31.011,44.088,27.252,233.606,144.399,68.807,42.531,0.999,0.8651,0.9839,0.984,-1.0,-1.0,-1.0,-1.0,-1.0,1.0,0.99927,0.0442,43592.0,14390.5,29201.5,592.554,4.35167,51.2281,0.384491,1.0,-999,-999,24784.61443,24640.87557,21875880.0,48543818.0
28132,10.676,LH2,-5.343,13.495,2.806,11.74,PI+SIDIS,-999,-999,-999,-999,59.919,33.252,59.61,33.08,52.128,28.928,273.383,151.713,81.437,45.193,0.999,0.8641,0.9832,0.9839,-1.0,-1.0,-1.0,-1.0,-1.0,1.0,0.99924,0.0458,52771.0,17649.2,35121.8,599.889,4.03153,51.2414,0.382895,1.0,-999,-999,29386.20646,29214.38454,25978078.0,57652550.0
28133,10.676,LD2,-5.343,13.495,2.806,11.74,PI+SIDIS,-999,-999,-999,-999,28.33,15.81,28.227,15.753,24.765,13.82,132.488,73.936,38.768,21.635,0.999,0.8925,0.9829,0.9844,-1.0,-1.0,-1.0,-1.0,-1.0,1.0,0.99938,0.0438,43157.0,14836.2,28320.8,1020.87,7.69999,51.2156,0.388565,1.0,-999,-999,13916.56411,13832.51089,23116394.0,54380535.0
28134,10.676,LD2,-5.343,13.495,2.806,11.74,PI+SIDIS,-999,-999,-999,-999,26.508,15.721,26.392,15.652,23.235,13.78,124.331,73.733,36.365,21.566,0.9991,0.8905,0.9835,0.9847,-1.0,-1.0,-1.0,-1.0,-1.0,1.0,0.99939,0.0437,39821.0,13783.7,26037.3,1003.4,7.90886,51.1952,0.388507,1.0,-999,-999,13009.48109,12931.00291,21633759.0,50936692.0
28135,10.676,LD2,-5.343,13.495,2.806,11.74,PI+SIDIS,-999,-999,-999,-999,17.238,15.284,17.157,15.212,15.135,13.419,80.966,71.788,23.664,20.981,0.999,0.8938,0.983,0.9848,-1.0,-1.0,-1.0,-1.0,-1.0,1.0,0.99933,0.0434,26302.0,8818.83,17483.2,1036.46,9.87953,51.1851,0.395041,1.0,-999,-999,8444.49182,8393.14718,14066201.0,33198990.0
28136,10.676,LH2,-5.343,13.495,-2.806,11.74,PI-SIDIS,-999,-999,-999,-999,89.402,49.544,89.008,49.326,78.162,43.315,274.905,152.344,122.349,67.803,0.9989,0.862,0.986,0.9859,-1.0,-1.0,-1.0,-1.0,-1.0,1.0,0.99914,0.0367,53273.0,25849.0,27424.0,313.128,2.73988,51.2309,0.373887,1.0,-999,-999,43870.21602,43622.44198,38680082.0,122815468.0
28137,10.676,LH2,-5.343,13.495,-2.806,11.74,PI-SIDIS,-999,-999,-999,-999,87.061,49.549,86.694,49.34,76.545,43.564,267.471,152.226,119.925,68.253,0.999,0.8572,0.9863,0.9864,-1.0,-1.0,-1.0,-1.0,-1.0,1.0,0.99915,0.0366,52027.0,25169.0,26858.0,314.655,2.77788,51.2018,0.381294,1.0,-999,-999,42730.58916,42485.58584,37649553.0,119708844.0
28138,10.676,LH2,-5.343,13.495,-2.806,11.74,PI-SIDIS,-999,-999,-999,-999,86.177,49.154,85.743,48.907,75.935,43.312,265.558,151.47,118.88,67.807,0.9989,0.866,0.9857,0.9864,-1.0,-1.0,-1.0,-1.0,-1.0,1.0,0.99917,0.0365,51779.0,24817.7,26961.3,319.395,2.80125,51.1936,0.380482,1.0,-999,-999,42255.15239,42014.18161,37288123.0,118517132.0
28139,10.676,LH2,-5.343,13.495,-2.806,11.74,PI-SIDIS,-999,-999,-999,-999,39.204,49.639,38.982,49.358,34.416,43.575,120.268,152.277,53.789,68.105,0.9989,0.8634,0.986,0.9861,-1.0,-1.0,-1.0,-1.0,-1.0,1.0,0.9992,0.0366,23610.0,11359.8,12250.2,319.288,4.16236,51.2227,0.373856,1.0,-999,-999,19161.14948,19053.58052,16965544.0,53811089.0
28140,10.676,Dummy,-5.343,13.495,-2.806,11.74,PI-SIDIS,-999,-999,-999,-999,86.382,48.372,85.947,48.128,75.455,42.253,270.43,151.433,118.034,66.096,0.9994,0.8833,0.9907,0.9882,-1.0,-1.0,-1.0,-1.0,-1.0,1.0,0.99994,0.0115,11853.0,2898.67,8954.33,105.498,1.30857,51.2837,0.368862,1.0,-999,-999,42360.30761,42119.07639,13646652.0,42899240.0
28141,10.676,Dummy,-5.343,13.495,-2.806,11.74,PI-SIDIS,-999,-999,-999,-999,53.332,47.493,53.084,47.272,46.788,41.665,167.753,149.386,73.316,65.289,0.9995,0.8793,0.9869,0.9882,-1.0,-1.0,-1.0,-1.0,-1.0,1.0,0.9999,0.0114,7394.0,1758.0,5636.0,107.503,1.67235,51.2436,0.370589,1.0,-999,-999,26124.92539,25976.80761,8423374.0,26513907.0
28142,10.676,LH2,-5.343,13.495,-2.806,14.74,PI-SIDIS,-999,-999,-999,-999,77.305,47.053,76.963,46.845,68.159,41.486,244.087,148.569,106.756,64.979,0.9989,0.8585,0.9896,0.9886,-1.0,-1.0,-1.0,-1.0,-1.0,1.0,0.99972,0.014,31300.0,8351.83,22948.2,302.028,2.37968,51.2255,0.380365,1.0,-999,-999,37916.69674,37703.99826,33450795.0,38015390.0
28143,10.676,LH2,-5.343,13.495,-2.806,14.74,PI-SIDIS,-999,-999,-999,-999,75.2,48.252,74.862,48.035,66.401,42.606,235.832,151.322,103.962,66.707,0.9989,0.8516,0.9893,0.9885,-1.0,-1.0,-1.0,-1.0,-1.0,1.0,0.99973,0.0141,30317.0,8175.5,22141.5,299.617,2.40851,51.2311,0.378686,1.0,-999,-999,36880.17492,36673.96808,32547660.0,36993221.0
28144,10.676,LH2,-5.343,13.495,-2.806,14.74,PI-SIDIS,-999,-999,-999,-999,63.288,45.537,62.932,45.281,55.49,39.926,201.465,144.958,86.654,62.349,0.9989,0.8589,0.9905,0.9886,-1.0,-1.0,-1.0,-1.0,-1.0,1.0,0.99968,0.0139,25489.0,6812.33,18676.7,300.624,2.62642,51.2735,0.368152,1.0,-999,-999,31089.17922,30908.36178,27395181.0,31030290.0
28145,10.676,LH2,-5.343,13.495,-2.806,14.74,PI-SIDIS,-999,-999,-999,-999,80.909,47.455,80.456,47.19,70.766,41.506,254.697,149.387,110.707,64.933,0.9988,0.9166,0.9837,0.9823,-1.0,-1.0,-1.0,-1.0,1.0,-1.0,0.99956,0.0141,32836.0,8869.33,23966.7,303.75,2.34772,51.282,0.369821,1.0,-999,-999,39647.68005,39421.26195,35037523.0,39606253.0
28148,10.676,LH2,-5.343,13.495,-2.806,14.74,HMSDIS,-999,-999,-999,-999,41355.041,48.252,41140.25,48.002,36277.866,42.328,129914.249,151.581,56818.383,66.294,0.999,0.8622,-999,-999,-1.0,-1.0,-1.0,9.0,-1.0,-1.0,-999,98.5929,-999,-999,-999,-999,-999,-999,-999,1.0,-999,-999,-999,-999,17903054.0,20277013.0
28149,10.676,Dummy,-5.343,13.495,-2.806,14.74,PI-SIDIS,-999,-999,-999,-999,73.209,46.905,72.855,46.678,64.367,41.24,231.578,148.372,100.75,64.551,0.9993,0.8644,0.9885,0.9879,-1.0,-1.0,-1.0,-1.0,-1.0,1.0,0.99998,0.0047,8066.0,1002.33,7063.67,98.2136,1.2616,51.2601,0.370254,1.0,-999,-999,35889.12953,35685.25647,11565361.0,13740030.0
28150,10.676,Dummy,-5.343,13.495,-2.806,14.74,HMSDIS,-999,-999,-999,-999,41789.892,47.863,41592.85,47.638,36776.59,42.121,131366.772,150.458,57552.524,65.917,0.9993,0.8805,-999,-999,-1.0,-1.0,-1.0,3.0,-1.0,-1.0,-999,99.5228,-999,-999,-999,-999,-999,-999,-999,1.0,-999,-999,-999,-999,6601172.0,7849398.0
28152,10.676,Dummy,-5.343,13.495,-2.806,14.74,PI-SIDIS,-999,-999,-999,-999,83.435,47.313,83.065,47.103,73.459,41.656,263.422,149.376,114.946,65.181,0.9993,0.8609,0.9896,0.9893,-1.0,-1.0,-1.0,-1.0,-1.0,1.0,0.99997,0.0048,9324.0,1133.17,8190.83,99.7471,1.18776,51.2693,0.367479,1.0,-999,-999,40932.53132,40705.45168,13183207.0,15682119.0
28154,10.676,LH2,-5.343,13.495,-2.806,14.74,PI-SIDIS,-999,-999,-999,-999,111.717,47.796,111.069,47.519,98.262,42.04,351.239,150.272,153.757,65.782,0.9989,0.8535,0.9891,0.9881,-1.0,-1.0,-1.0,-1.0,-1.0,1.0,0.99971,0.0141,45328.0,12193.3,33134.7,302.339,1.98572,51.2478,0.378685,1.0,-999,-999,54770.81863,54462.66137,48388324.0,54966583.0
28155,10.676,LH2,-5.343,15.97,5.154,16.87,PI+SIDIS,-999,-999,-999,-999,60.653,51.053,60.454,50.885,53.471,45.008,163.084,137.273,83.084,69.934,0.9994,0.6767,0.9868,0.9877,-1.0,-1.0,-1.0,-1.0,-1.0,1.0,0.99999,0.001,8399.0,30.1667,8368.83,140.243,1.53624,51.2746,0.373087,1.0,-999,-999,29790.46323,29599.85577,8627734.0,847315.0
28156,10.676,LH2,-5.343,15.97,5.154,16.87,PI+SIDIS,-999,-999,-999,-999,35.421,53.37,35.314,53.208,31.198,47.007,87.907,132.45,47.491,71.555,0.9993,0.6753,0.991,0.9867,-1.0,-1.0,-1.0,-1.0,-1.0,1.0,0.99995,0.0011,5017.0,19.3333,4997.67,143.536,2.03495,51.2643,0.377482,1.0,-999,-999,17453.58906,17337.83494,5034039.0,493834.0
28157,10.676,LH2,-5.343,15.97,3.837,16.87,PI+SIDIS,-999,-999,-999,-999,57.601,61.735,57.401,61.521,50.631,54.265,128.968,138.225,72.617,77.829,0.9992,0.7271,0.9904,0.9859,-1.0,-1.0,-1.0,-1.0,-1.0,1.0,0.99995,0.0062,11702.0,374.167,11327.8,200.339,1.91824,51.2965,0.387555,1.0,-999,-999,28367.72455,28173.36545,8152802.0,5768071.0
28158,10.676,LH2,-5.343,15.97,3.837,16.87,PI+SIDIS,-999,-999,-999,-999,110.837,57.135,110.465,56.943,97.556,50.288,267.823,138.058,148.265,76.428,0.9992,0.7165,0.9903,0.9866,-1.0,-1.0,-1.0,-1.0,-1.0,1.0,0.99991,0.0057,22672.0,636.5,22035.5,202.368,1.38605,51.3042,0.392684,1.0,-999,-999,54583.0246,54222.2894,15731520.0,11103056.0
28159,10.676,LH2,-5.343,15.97,3.837,16.87,PI+SIDIS,-999,-999,-999,-999,135.643,67.388,135.321,67.229,119.43,59.334,298.476,148.285,180.079,89.465,0.9992,0.7142,0.9902,0.9854,-1.0,-1.0,-1.0,-1.0,-1.0,1.0,0.9999,0.0061,27562.0,843.667,26718.3,200.55,1.24932,51.2989,0.387468,1.0,-999,-999,66743.14473,66288.42527,19211292.0,13596712.0
28160,10.676,LH2,-5.343,15.97,3.837,16.87,PI+SIDIS,-999,-999,-999,-999,145.976,70.29,145.651,70.133,128.543,61.896,314.948,151.653,193.809,93.322,0.9992,0.7062,0.9893,0.9859,-1.0,-1.0,-1.0,-1.0,-1.0,1.0,0.9999,0.0062,29534.0,921.333,28612.7,199.436,1.20097,51.3073,0.391074,1.0,-999,-999,71991.65292,71508.73908,20678903.0,14622642.0
28161,10.676,LH2,-5.343,15.97,3.837,16.87,PI+SIDIS,-999,-999,-999,-999,64.754,66.537,64.554,66.332,56.994,58.563,143.215,147.158,85.905,88.27,0.9991,0.7185,0.9897,0.9857,-1.0,-1.0,-1.0,-1.0,-1.0,1.0,0.99992,0.0061,13100.0,413.0,12687.0,199.581,1.80523,51.3078,0.396736,1.0,-999,-999,31766.25892,31557.37408,9179451.0,6477414.0
28162,10.676,LH2,-5.343,15.97,3.837,16.87,PI+SIDIS,-999,-999,-999,-999,122.884,67.069,122.437,66.825,108.133,59.018,270.866,147.836,163.05,88.991,0.9992,0.8439,0.9902,0.9845,-1.0,-1.0,-1.0,-1.0,1.0,-1.0,0.99987,0.0061,25161.0,765.667,24395.3,202.573,1.3205,51.2994,0.393961,1.0,-999,-999,60518.95831,60104.79269,17417435.0,12300203.0
28163,10.676,LH2,-5.343,15.97,3.837,16.87,HMSDIS,-999,-999,-999,-999,61359.358,66.379,61158.733,66.162,54014.003,58.433,136089.733,147.224,81457.572,88.122,0.9993,0.7626,-999,-999,-1.0,-1.0,-1.0,5.0,-1.0,-1.0,-999,99.394,-999,-999,-999,-999,-999,-999,-999,1.0,-999,-999,-999,-999,8697632.0,6136706.0
28164,10.676,LH2,-5.343,15.97,3.837,16.87,HMSDIS,-999,-999,-999,-999,55658.317,63.866,55496.992,63.681,49016.405,56.245,125890.279,144.456,74116.094,85.046,0.9992,0.8644,-999,-999,-1.0,-1.0,5.0,-1.0,-1.0,-1.0,-999,99.4043,-999,-999,-999,-999,-999,-999,-999,1.0,-999,-999,-999,-999,7888029.0,5567140.0
28165,10.676,Dummy,-5.343,15.97,3.837,16.87,PI+SIDIS,-999,-999,-999,-999,76.811,49.39,76.45,49.158,67.619,43.479,232.521,149.513,105.783,68.019,0.9995,0.6786,0.9923,0.9887,-1.0,-1.0,-1.0,-1.0,-1.0,1.0,1.0,0.0016,3713.0,37.5,3675.5,48.651,0.80724,51.3052,0.408038,1.0,-999,-999,37674.08308,37437.42692,3728320.0,2400212.0
28166,10.676,Dummy,-5.343,15.97,3.837,16.87,PI+SIDIS,-999,-999,-999,-999,83.42,48.918,83.053,48.703,73.478,43.088,253.678,148.758,114.952,67.409,0.9993,0.7143,0.992,0.9865,-1.0,-1.0,-1.0,-1.0,-1.0,1.0,1.0,0.0016,4004.0,46.3333,3957.67,48.3382,0.773601,51.3127,0.44607,1.0,-999,-999,40942.18537,40680.19263,4048207.0,2608758.0
28167,10.676,Dummy,-5.343,15.97,3.837,16.87,PI+SIDIS,-999,-999,-999,-999,87.653,49.007,87.223,48.767,77.225,43.176,265.902,148.666,120.843,67.563,0.9994,0.7258,0.9838,0.9847,-1.0,-1.0,-1.0,-1.0,-1.0,1.0,0.99998,0.0016,4119.0,44.3333,4074.67,47.4707,0.748374,51.3195,0.430769,1.0,-999,-999,42999.58548,42728.36052,4255862.0,2749874.0
28168,10.676,Dummy,-5.343,15.97,3.837,16.87,PI+SIDIS,-999,-999,-999,-999,28.302,45.829,28.139,45.564,24.933,40.373,87.919,142.363,39.015,63.175,0.9992,0.6667,0.9928,0.9857,-1.0,-1.0,-1.0,-1.0,-1.0,1.0,1.0,0.0015,1302.0,18.3333,1283.67,46.3176,1.30349,51.324,0.440539,1.0,-999,-999,13798.75932,13711.19868,1374815.0,886848.0
28169,10.676,Dummy,-5.343,15.97,3.837,16.87,PI+SIDIS,-999,-999,-999,-999,55.541,50.02,55.224,49.735,48.982,44.113,167.418,150.776,76.652,69.033,0.9993,0.7237,0.9948,0.986,-1.0,-1.0,-1.0,-1.0,-1.0,1.0,0.99997,0.0016,2601.0,30.1667,2570.83,47.2483,0.938213,51.3069,0.440922,1.0,-999,-999,27189.93701,27020.96899,2699087.0,1743714.0
28170,10.676,Dummy,-5.343,15.97,3.837,16.87,HMSDIS,-999,-999,-999,-999,48771.005,49.968,48503.898,49.695,43042.805,44.099,147147.696,150.76,67348.908,69.002,0.9994,0.8287,-999,-999,-1.0,-1.0,-1.0,1.0,-1.0,-1.0,-999,99.8399,-999,-999,-999,-999,-999,-999,-999,1.0,-999,-999,-999,-999,2366639.0,1532600.0
28171,10.676,Dummy,-5.343,15.97,5.154,16.87,PI+SIDIS,-999,-999,-999,-999,59.2,50.138,58.91,49.893,52.036,44.071,178.311,151.018,81.266,68.827,0.9998,0.7222,0.9964,0.9882,-1.0,-1.0,-1.0,-1.0,-1.0,1.0,1.0,0.0003,1368.0,4.0,1364.0,23.4351,0.635626,51.2924,0.385774,1.0,-999,-999,29008.51834,28823.27766,2876412.0,330082.0
28172,10.676,Dummy,-5.343,15.97,3.837,14.865,PI+SIDIS,-999,-999,-999,-999,79.287,50.227,78.949,50.012,69.306,43.904,238.833,151.295,108.242,68.569,0.9993,0.7886,0.9908,0.9858,-1.0,-1.0,-1.0,-1.0,-1.0,1.0,1.0,0.003,4145.0,97.5,4047.5,52.0422,0.829432,51.3401,0.389427,1.0,-999,-999,38907.61872,38664.79728,3849220.0,5455177.0
28173,10.676,Dummy,-5.343,15.97,3.837,14.865,PI+SIDIS,-999,-999,-999,-999,86.702,49.87,86.339,49.661,76.0,43.714,261.822,150.596,118.997,68.445,0.9994,0.7318,0.987,0.9884,-1.0,-1.0,-1.0,-1.0,-1.0,1.0,0.99999,0.003,4372.0,105.167,4266.83,50.0303,0.776848,51.3143,0.384463,1.0,-999,-999,42562.12363,42297.02137,4209554.0,5963806.0
28174,10.676,Dummy,-5.343,15.97,3.837,14.865,PI+SIDIS,-999,-999,-999,-999,91.767,50.327,91.326,50.085,80.74,44.28,276.279,151.518,126.472,69.36,0.9991,0.7826,0.986,0.9856,-1.0,-1.0,-1.0,-1.0,-1.0,1.0,1.0,0.003,4662.0,110.0,4552.0,50.6172,0.760737,51.2887,0.379272,1.0,-999,-999,45026.20457,44745.66443,4459603.0,6325273.0
28175,10.676,Dummy,-5.343,15.97,3.837,14.865,PI+SIDIS,-999,-999,-999,-999,38.062,47.629,37.847,47.36,33.546,41.977,116.41,145.669,52.54,65.746,0.9988,0.7674,0.9905,0.9872,-1.0,-1.0,-1.0,-1.0,-1.0,1.0,1.0,0.0029,2004.0,49.5,1954.5,52.3746,1.20206,51.2778,0.38416,1.0,-999,-999,18602.77743,18487.44757,1849267.0,2622357.0
28176,10.676,LH2,-5.343,15.97,3.837,14.865,PI+SIDIS,-999,-999,-999,-999,108.214,65.306,107.86,65.093,95.394,57.569,242.518,146.357,144.0,86.903,0.9993,0.7044,0.9876,0.9844,-1.0,-1.0,-1.0,-1.0,-1.0,1.0,0.99987,0.0123,25155.0,1781.17,23373.8,220.323,1.5038,51.2868,0.395265,1.0,-999,-999,53163.28348,52819.19652,15347512.0,26262654.0
28177,10.676,LH2,-5.343,15.97,3.837,14.865,PI+SIDIS,-999,-999,-999,-999,120.154,69.316,119.868,69.151,105.314,60.755,260.246,150.135,159.056,91.759,0.9992,0.749,0.9874,0.9853,-1.0,-1.0,-1.0,-1.0,-1.0,1.0,0.99985,0.0127,27847.0,1976.0,25871.0,219.258,1.4226,51.3122,0.388474,1.0,-999,-999,59103.88599,58710.45901,17024490.0,29022604.0
28178,10.676,LH2,-5.343,15.97,3.837,14.865,PI+SIDIS,-999,-999,-999,-999,119.475,70.236,119.244,70.1,104.839,61.632,257.53,151.394,158.304,93.062,0.9991,0.7057,0.9892,0.9848,-1.0,-1.0,-1.0,-1.0,-1.0,1.0,0.99988,0.0127,27491.0,1993.17,25497.8,217.351,1.42188,51.2991,0.391893,1.0,-999,-999,58790.49284,58403.07516,16941199.0,28878089.0
28179,10.676,LH2,-5.343,15.97,3.837,14.865,PI+SIDIS,-999,-999,-999,-999,122.955,70.198,122.734,70.072,108.359,61.865,265.116,151.361,163.036,93.081,0.9993,0.7366,0.9874,0.9846,-1.0,-1.0,-1.0,-1.0,-1.0,1.0,0.99987,0.0127,28671.0,2035.67,26635.3,220.594,1.41062,51.2762,0.398143,1.0,-999,-999,60521.31426,60125.77074,17422268.0,29767902.0
28180,10.676,LH2,-5.343,15.97,3.837,12.87,PI+SIDIS,-999,-999,-999,-999,126.406,71.215,126.045,71.011,111.476,62.803,270.397,152.336,167.193,94.194,0.9992,0.7291,0.9863,0.9828,-1.0,-1.0,-1.0,-1.0,-1.0,1.0,0.99973,0.0258,31001.0,5110.83,25890.2,209.223,1.44228,51.2557,0.402781,1.0,-999,-999,62158.19563,61742.79537,17921799.0,71164107.0
28181,10.676,LH2,-5.343,15.97,3.837,12.87,PI+SIDIS,-999,-999,-999,-999,118.369,69.51,118.007,69.298,103.669,60.878,256.286,150.5,156.624,91.975,0.9993,0.7359,0.987,0.9832,-1.0,-1.0,-1.0,-1.0,-1.0,1.0,0.99972,0.0256,29780.0,4938.17,24841.8,214.317,1.50923,51.2978,0.401293,1.0,-999,-999,58320.72419,57931.35981,16791409.0,66260344.0
28182,10.676,LH2,-5.343,15.97,3.837,12.87,PI+SIDIS,-999,-999,-999,-999,94.58,63.335,94.326,63.165,82.809,55.453,214.626,143.724,125.552,84.076,0.9993,0.7286,0.9854,0.9833,-1.0,-1.0,-1.0,-1.0,-1.0,1.0,0.99976,0.0249,23613.0,3850.5,19762.5,213.271,1.6807,51.2876,0.406549,1.0,-999,-999,46464.95016,46160.26784,13421393.0,52812473.0
28183,10.676,LH2,-5.343,15.97,3.837,12.87,PI+SIDIS,-999,-999,-999,-999,127.399,64.311,127.129,64.174,112.233,56.655,286.947,144.85,169.441,85.533,0.9992,0.7303,0.9873,0.9829,-1.0,-1.0,-1.0,-1.0,-1.0,1.0,0.99975,0.0249,32237.0,5182.17,27054.8,216.743,1.45754,51.2536,0.400055,1.0,-999,-999,62701.64329,62281.60671,18072810.0,71441956.0
28184,10.676,Dummy,-5.343,15.97,3.837,12.87,PI+SIDIS,-999,-999,-999,-999,67.87,47.008,67.595,46.818,59.899,41.487,208.669,144.528,93.783,64.956,0.9995,0.7696,0.983,0.9849,-1.0,-1.0,-1.0,-1.0,-1.0,1.0,1.0,0.0055,3640.0,182.167,3457.83,51.9654,0.910468,51.282,0.393196,1.0,-999,-999,33295.73945,33088.69555,3295120.0,9991738.0
28185,10.676,Dummy,-5.343,15.97,3.837,12.87,PI+SIDIS,-999,-999,-999,-999,78.502,50.836,78.118,50.588,68.844,44.582,235.245,152.34,107.576,69.664,0.9994,0.8115,0.9879,0.9866,-1.0,-1.0,-1.0,-1.0,-1.0,1.0,0.99996,0.0056,4128.0,221.667,3906.33,50.7172,0.837897,51.2997,0.396617,1.0,-999,-999,38503.94057,38256.46143,3813006.0,11575620.0
28186,10.676,Dummy,-5.343,15.97,3.837,12.87,PI+SIDIS,-999,-999,-999,-999,73.181,49.796,72.787,49.528,63.932,43.503,220.537,150.066,99.957,68.016,0.9993,0.7566,0.9946,0.9842,-1.0,-1.0,-1.0,-1.0,-1.0,1.0,0.99999,0.0056,3932.0,211.5,3720.5,51.9726,0.879869,51.3236,0.399215,1.0,-999,-999,35867.2758,35636.6782,3556023.0,10775147.0
28187,10.676,LH2,-5.343,15.97,2.978,12.87,PI+SIDIS,0.44,4.4,0.52,-2.0,84.733,49.836,84.316,49.591,74.519,43.829,255.296,150.153,116.753,68.668,0.9992,0.748,0.9811,0.9801,-1.0,-1.0,-1.0,-1.0,-1.0,1.0,0.99968,0.0446,24336.0,7140.0,17196.0,208.322,1.93553,51.2232,0.424884,1.0,-999,-999,41569.16212,41301.87988,12065823.0,66364480.0
28188,10.676,LH2,-5.343,15.97,2.978,12.87,PI+SIDIS,0.44,4.4,0.52,-2.0,92.298,50.766,91.897,50.546,81.515,44.835,276.965,152.338,127.698,70.237,0.9992,0.7525,0.9807,0.9796,-1.0,-1.0,-1.0,-1.0,-1.0,1.0,0.99972,0.0447,26708.0,7813.5,18894.5,210.114,1.86114,51.2107,0.413262,1.0,-999,-999,45315.85531,45024.92169,13134578.0,72419237.0
28189,10.676,LH2,-5.343,15.97,2.978,12.87,PI+SIDIS,0.44,4.4,0.52,-2.0,87.232,48.991,86.879,48.793,76.744,43.101,264.638,148.625,119.931,67.355,0.9993,0.7523,0.9817,0.9796,-1.0,-1.0,-1.0,-1.0,-1.0,1.0,0.9997,0.0444,25104.0,7271.33,17832.7,209.743,1.908,51.2526,0.411897,1.0,-999,-999,42932.43454,42651.87846,12418811.0,68335022.0
28190,10.676,LH2,-5.343,15.97,2.978,12.87,PI+SIDIS,0.44,4.4,0.52,-2.0,92.271,50.178,91.808,49.926,80.876,43.981,277.978,151.166,126.566,68.827,0.9993,0.7401,0.98,0.9797,-1.0,-1.0,-1.0,-1.0,-1.0,1.0,0.99968,0.0447,26667.0,7812.67,18854.3,209.837,1.86128,51.2628,0.402989,1.0,-999,-999,45270.60497,44978.21603,13133574.0,71880656.0
28191,10.676,Dummy,-5.343,15.97,2.978,12.87,PI+SIDIS,0.44,4.4,0.52,-2.0,89.578,49.172,89.093,48.906,78.766,43.237,271.007,148.764,123.358,67.715,0.9994,0.7858,0.9866,0.9829,-1.0,-1.0,-1.0,-1.0,-1.0,1.0,0.99998,0.0133,4996.0,725.167,4270.83,48.8011,0.81737,51.2775,0.395996,1.0,-999,-999,43925.15506,43645.24494,4352445.0,17659190.0
28192,10.676,Dummy,-5.343,15.97,2.978,12.87,PI+SIDIS,0.44,4.4,0.52,-2.0,61.991,48.593,61.688,48.355,54.622,42.816,187.749,147.17,85.51,67.029,0.9993,0.8137,0.9876,0.9836,-1.0,-1.0,-1.0,-1.0,-1.0,1.0,0.99996,0.0134,3462.0,474.333,2987.67,49.2759,0.981451,51.2854,0.403619,1.0,-999,-999,30484.70239,30287.92361,3008220.0,12267376.0
28193,10.676,C,-5.343,15.97,2.978,12.87,PI+SIDIS,0.44,4.4,0.52,-2.0,65.055,40.239,64.733,40.039,57.226,35.396,240.344,148.661,89.597,55.419,0.9994,0.8451,0.9811,0.9794,-1.0,-1.0,-1.0,-1.0,-1.0,1.0,0.99972,0.0428,16630.0,5424.33,11205.7,176.903,2.09044,51.2256,0.425089,1.0,-999,-999,31907.81507,31700.00793,10346836.0,56002209.0
28194,10.676,C,-5.343,15.97,2.978,12.87,PI+SIDIS,0.44,4.4,0.52,-2.0,67.885,39.939,67.563,39.749,59.764,35.161,250.955,147.645,93.525,55.024,0.9993,0.8473,0.9813,0.9789,-1.0,-1.0,-1.0,-1.0,-1.0,1.0,0.99971,0.0427,17428.0,5600.17,11827.8,179.014,2.05086,51.227,0.413551,1.0,-999,-999,33340.94087,33123.82513,10798047.0,58312978.0
28195,10.676,C,-5.343,15.97,2.978,12.87,PI+SIDIS,0.44,4.4,0.52,-2.0,77.045,41.173,76.619,40.945,67.79,36.227,283.398,151.447,106.12,56.711,0.9993,0.8487,0.9815,0.9789,-1.0,-1.0,-1.0,-1.0,-1.0,1.0,0.99976,0.043,20100.0,6399.0,13701.0,182.847,1.9416,51.2239,0.410028,1.0,-999,-999,37781.20104,37537.27696,12256548.0,66212584.0
28196,10.676,Cu,-5.343,15.97,2.978,12.87,PI+SIDIS,0.44,4.4,0.52,-2.0,70.422,40.841,69.982,40.586,61.969,35.939,258.92,150.16,96.974,56.24,0.9993,0.8854,0.9802,0.9772,-1.0,-1.0,-1.0,-1.0,-1.0,1.0,0.99979,0.0427,10450.0,4120.5,6329.5,92.6391,1.54456,51.2125,0.42023,1.0,-999,-999,34499.63223,34276.41777,8476028.0,57243708.0
28197,10.676,Cu,-5.343,15.97,2.978,12.87,PI+SIDIS,0.44,4.4,0.52,-2.0,70.95,39.786,70.548,39.561,62.456,35.023,262.758,147.345,97.749,54.814,0.9993,0.8976,0.9832,0.9774,-1.0,-1.0,-1.0,-1.0,-1.0,1.0,0.9998,0.0422,10595.0,4054.33,6540.67,94.9415,1.54103,51.217,0.414061,1.0,-999,-999,34782.5728,34556.0662,8529865.0,57620855.0
28198,10.676,Cu,-5.343,15.97,2.978,12.87,PI+SIDIS,0.44,4.4,0.52,-2.0,75.529,41.422,75.135,41.206,66.5,36.47,277.745,152.321,104.081,57.08,0.9993,0.8919,0.9806,0.9771,-1.0,-1.0,-1.0,-1.0,-1.0,1.0,0.99978,0.0428,11274.0,4393.17,6880.83,93.8118,1.49389,51.2204,0.417429,1.0,-999,-999,37048.99507,36808.01493,9090700.0,61477601.0
28199,10.676,LD2,-5.343,15.97,2.978,12.87,PI+SIDIS,0.44,4.4,0.52,-2.0,42.934,25.414,42.726,25.291,37.753,22.347,201.693,119.387,59.051,34.954,0.9992,0.8075,0.9828,0.9792,-1.0,-1.0,-1.0,-1.0,-1.0,1.0,0.99972,0.0456,20246.0,6443.67,13802.3,330.263,3.49382,51.2272,0.407027,1.0,-999,-999,21062.23045,20925.55655,10911460.0,66876066.0
28200,10.676,LD2,-5.343,15.97,2.978,12.87,PI+SIDIS,0.44,4.4,0.52,-2.0,46.984,25.736,46.701,25.58,41.278,22.61,220.546,120.804,64.569,35.368,0.9993,0.8035,0.9794,0.9798,-1.0,-1.0,-1.0,-1.0,-1.0,1.0,0.9997,0.0458,21862.0,7114.83,14747.2,322.612,3.32114,51.2202,0.412032,1.0,-999,-999,23025.78145,22873.55355,11939337.0,73010589.0
28201,10.676,LD2,-5.343,15.97,2.978,12.87,PI+SIDIS,0.44,4.4,0.52,-2.0,46.604,25.862,46.313,25.701,40.944,22.722,218.731,121.383,64.043,35.54,0.9994,0.8105,0.9822,0.9796,-1.0,-1.0,-1.0,-1.0,-1.0,1.0,0.9997,0.0458,22067.0,7059.33,15007.7,331.095,3.36349,51.2199,0.417249,1.0,-999,-999,22833.26589,22684.14811,11842806.0,72343843.0
28202,10.676,LD2,-5.343,15.97,2.978,12.87,PI+SIDIS,0.44,4.4,0.52,-2.0,44.742,25.8,44.491,25.655,39.331,22.679,210.144,121.175,61.517,35.473,0.9993,0.814,0.9806,0.9792,-1.0,-1.0,-1.0,-1.0,-1.0,1.0,0.99971,0.0457,20933.0,6779.0,14154.0,325.213,3.41287,51.2219,0.418179,1.0,-999,-999,21934.97119,21792.08081,11366771.0,69512324.0
28203,10.676,LD2,-5.343,15.97,2.978,12.87,PI+SIDIS,0.44,4.4,0.52,-2.0,42.635,25.482,42.42,25.353,37.496,22.41,200.342,119.739,58.657,35.058,0.9993,0.8068,0.9815,0.9792,-1.0,-1.0,-1.0,-1.0,-1.0,1.0,0.9997,0.0456,19887.0,6394.83,13492.2,325.144,3.48831,51.2232,0.402069,1.0,-999,-999,20916.29325,20778.04075,10831643.0,66338963.0
28204,10.676,LD2,-5.343,15.97,2.978,12.87,PI+SIDIS,0.44,4.4,0.52,-2.0,28.291,24.457,28.158,24.342,24.895,21.521,133.006,114.982,38.934,33.658,0.9993,0.8125,0.9803,0.9799,-1.0,-1.0,-1.0,-1.0,-1.0,1.0,0.99972,0.0451,13361.0,4232.67,9128.33,331.158,4.30265,51.2145,0.409455,1.0,-999,-999,13860.0045,13768.8375,7193743.0,44084155.0
28205,10.676,LD2,-5.343,15.97,2.978,12.87,PI+SIDIS,0.44,4.4,0.52,-2.0,59.703,25.9,59.343,25.744,52.479,22.766,280.414,121.648,82.087,35.611,0.9994,0.8195,0.9818,0.9801,-1.0,-1.0,-1.0,-1.0,-1.0,1.0,0.99972,0.0458,28434.0,8946.5,19487.5,335.349,2.97687,51.2116,0.41997,1.0,-999,-999,29276.09735,29084.29365,15181788.0,92928303.0
28206,10.676,Dummy,-5.343,15.97,2.978,12.87,PI+SIDIS,0.44,4.4,0.52,-2.0,91.159,49.782,90.682,49.522,80.199,43.797,272.302,148.704,125.28,68.415,0.9994,0.8003,0.9847,0.9824,-1.0,-1.0,-1.0,-1.0,-1.0,1.0,0.99995,0.0135,5021.0,718.167,4302.83,48.3314,0.805352,51.2904,0.389513,1.0,-999,-999,44711.77109,44417.83591,4427524.0,18095627.0
28207,10.676,C,-5.343,15.97,2.978,12.87,PI+SIDIS,0.44,4.4,0.52,-2.0,72.801,40.465,72.43,40.258,63.672,35.39,272.689,151.567,99.684,55.407,0.9993,0.8517,0.9821,0.9797,-1.0,-1.0,-1.0,-1.0,-1.0,1.0,0.99974,0.0423,18488.0,5944.5,12543.5,176.939,1.96873,51.2513,0.403887,1.0,-999,-999,35717.62202,35482.46798,11577789.0,62597008.0
28208,10.676,Cu,-5.343,15.97,2.978,12.87,PI+SIDIS,0.44,4.4,0.52,-2.0,63.89,39.695,63.559,39.489,56.021,34.806,240.012,149.121,87.71,54.495,0.9993,0.8924,0.9811,0.9787,-1.0,-1.0,-1.0,-1.0,-1.0,1.0,0.9998,0.0418,9513.0,3666.17,5846.83,94.0776,1.61898,51.2307,0.411512,1.0,-999,-999,31324.47331,31119.41769,7691398.0,52110553.0
28209,10.676,Cu,-5.343,15.97,2.978,12.87,PI+SIDIS,0.44,4.4,0.52,-2.0,94.321,40.084,93.713,39.825,82.805,35.19,353.421,150.194,129.647,55.096,0.9993,0.8899,0.9811,0.9781,-1.0,-1.0,-1.0,-1.0,-1.0,1.0,0.99982,0.0419,13974.0,5378.5,8595.5,93.8577,1.33156,51.2186,0.412866,1.0,-999,-999,46235.60021,45930.74179,11366812.0,76825813.0
28210,10.676,LH2,-5.343,15.97,2.978,12.87,PI+SIDIS,0.44,4.4,0.52,-2.0,82.02,49.42,81.6,49.166,72.437,43.645,248.148,149.517,113.389,68.321,0.9993,0.7436,0.9813,0.9796,-1.0,-1.0,-1.0,-1.0,-1.0,1.0,0.99968,0.0444,23450.0,6851.5,16598.5,207.86,1.96381,51.2032,0.415542,1.0,-999,-999,40223.44423,39962.48377,11673791.0,64623060.0
28211,10.676,LH2,-5.343,15.97,2.978,12.87,PI+SIDIS,0.44,4.4,0.52,-2.0,45.964,39.846,45.714,39.629,40.389,35.012,172.407,149.458,63.133,54.729,0.9994,0.7579,0.9833,0.9811,-1.0,-1.0,-1.0,-1.0,-1.0,1.0,0.9998,0.0356,12787.0,3090.83,9696.17,216.364,2.57363,51.2435,0.40372,1.0,-999,-999,22510.97672,22361.79728,6537587.0,35456156.0
28212,10.676,LH2,-5.343,15.97,2.978,12.87,PI+SIDIS,0.44,4.4,0.52,-2.0,46.805,30.185,46.567,30.032,40.833,26.334,218.102,140.657,63.736,41.104,0.9995,0.7461,0.9817,0.982,-1.0,-1.0,-1.0,-1.0,-1.0,1.0,0.99987,0.0269,12146.0,2449.5,9696.5,212.176,2.45176,51.2926,0.384294,1.0,-999,-999,22920.47842,22837.59458,6668354.0,35325633.0
28213,10.676,LH2,-5.343,15.97,2.978,12.87,PI+SIDIS,0.44,4.4,0.52,-2.0,29.23,20.218,29.101,20.129,25.462,17.612,136.107,94.144,39.82,27.543,0.9996,0.7081,0.9851,0.9834,-1.0,-1.0,-1.0,-1.0,-1.0,1.0,0.99995,0.018,7168.0,1030.83,6137.17,214.549,2.99502,51.3087,0.37796,1.0,-999,-999,14310.94795,14281.96305,4179585.0,21575052.0
28214,10.676,LH2,-5.343,15.97,2.978,12.87,PI+SIDIS,0.44,4.4,0.52,-2.0,20.526,10.189,20.471,10.162,17.967,8.919,96.185,47.746,28.124,13.961,0.9993,0.7557,0.9883,0.9844,-1.0,-1.0,-1.0,-1.0,-1.0,1.0,0.99999,0.0091,4733.0,379.5,4353.5,216.191,3.43913,51.2819,0.380918,1.0,-999,-999,10074.33224,10053.58976,2962104.0,14829925.0
28215,10.676,LH2,-5.343,15.97,2.978,12.87,PI+SIDIS,0.44,4.4,0.52,-2.0,54.679,49.448,54.372,49.171,48.171,43.563,165.183,149.381,75.436,68.219,0.9994,0.7572,0.9796,0.979,-1.0,-1.0,-1.0,-1.0,-1.0,1.0,0.99968,0.0445,15678.0,4545.0,11133.0,209.341,2.41065,51.2044,0.411968,1.0,-999,-999,26779.96359,26727.57141,7784291.0,43111905.0
28216,10.676,LH2,-5.343,15.97,2.978,12.87,PI+SIDIS,0.44,4.4,0.52,-2.0,50.288,40.365,49.984,40.121,44.243,35.513,188.19,151.055,69.272,55.603,0.9994,0.737,0.9836,0.9803,-1.0,-1.0,-1.0,-1.0,-1.0,1.0,0.99982,0.0358,13689.0,3452.83,10236.2,209.066,2.43935,51.2161,0.400403,1.0,-999,-999,24567.34342,24516.76558,7153397.0,38900578.0
28217,10.676,LH2,-5.343,15.97,2.978,12.87,PI+SIDIS,0.44,4.4,0.52,-2.0,42.65,29.907,42.417,29.744,37.423,26.242,199.906,140.181,58.494,41.018,0.9994,0.7412,0.9851,0.9822,-1.0,-1.0,-1.0,-1.0,-1.0,1.0,0.9999,0.0267,11121.0,2178.5,8942.5,214.794,2.57402,51.2632,0.389027,1.0,-999,-999,20858.08447,20813.12353,6077451.0,32304035.0
28218,10.676,LH2,-5.343,15.97,2.978,12.87,PI+SIDIS,0.44,4.4,0.52,-2.0,31.034,20.376,30.892,20.283,27.067,17.771,144.602,94.942,42.244,27.736,0.9994,0.7504,0.9835,0.9839,-1.0,-1.0,-1.0,-1.0,-1.0,1.0,0.99994,0.018,7527.0,1068.67,6458.33,212.623,2.88988,51.2999,0.385428,1.0,-999,-999,15193.41793,15161.23407,4436445.0,22933837.0
28219,10.676,LH2,-5.343,15.97,2.978,12.87,PI+SIDIS,0.44,4.4,0.52,-2.0,18.329,10.157,18.305,10.144,16.001,8.867,85.627,47.451,25.018,13.864,0.9995,0.749,0.9871,0.983,-1.0,-1.0,-1.0,-1.0,-1.0,1.0,0.99998,0.009,4189.0,310.0,3879.0,215.687,3.62094,51.2996,0.389247,1.0,-999,-999,9009.64741,8990.87759,2642100.0,13211177.0
28220,10.676,LH2,-5.343,15.97,2.978,14.87,PI+SIDIS,0.44,4.4,0.52,0.0,106.051,65.808,105.706,65.594,93.486,58.011,235.918,146.394,140.602,87.248,0.9993,0.7455,0.9828,0.9801,-1.0,-1.0,-1.0,-1.0,-1.0,1.0,0.99961,0.0361,29259.0,6518.83,22740.2,219.733,1.68325,51.2199,0.408891,1.0,-999,-999,51980.90149,51880.10351,15045104.0,41873629.0
28221,10.676,LH2,-5.343,15.97,2.978,14.87,PI+SIDIS,0.44,4.4,0.52,0.0,123.352,69.632,122.946,69.403,108.866,61.455,266.956,150.697,163.329,92.199,0.9993,0.7398,0.9831,0.9801,-1.0,-1.0,-1.0,-1.0,-1.0,1.0,0.99962,0.0367,33818.0,7644.67,26173.3,217.441,1.55628,51.2303,0.40467,1.0,-999,-999,60485.8453,60357.7127,17500699.0,48650186.0
28222,10.676,LH2,-5.343,15.97,2.978,14.87,PI+SIDIS,0.44,4.4,0.52,0.0,121.048,70.343,120.731,70.159,106.225,61.729,260.592,151.435,160.215,93.104,0.9992,0.7532,0.9815,0.979,-1.0,-1.0,-1.0,-1.0,-1.0,1.0,0.99963,0.037,33350.0,7497.83,25852.2,218.979,1.57558,51.2692,0.398549,1.0,-999,-999,59394.35555,59269.72445,17169325.0,47537207.0
28223,10.676,LH2,-5.343,15.97,2.978,14.87,PI+SIDIS,0.44,4.4,0.52,0.0,120.891,69.461,120.626,69.309,105.969,60.887,261.808,150.428,160.064,91.969,0.9992,0.8557,0.9709,0.969,-1.0,-1.0,-1.0,-1.0,1.0,-1.0,0.99941,0.0368,33048.0,7611.0,25437.0,217.924,1.58705,51.268,0.390084,1.0,-999,-999,59341.4729,59217.4021,17154734.0,47433723.0
28224,10.676,LH2,-5.343,15.97,2.978,14.87,HMSDIS,0.44,4.4,0.52,0.0,52140.258,67.279,52033.402,67.141,45871.275,59.19,114724.002,148.034,69211.353,89.307,0.9992,0.7568,-999,-999,-1.0,-1.0,-1.0,5.0,-1.0,-1.0,-999,96.3644,-999,-999,-999,-999,-999,-999,-999,1.0,-999,-999,-999,-999,7399534.0,20496238.0
28225,10.676,LH2,-5.343,15.97,2.978,14.87,HMSDIS,0.44,4.4,0.52,0.0,55595.929,67.429,55485.41,67.295,49035.054,59.472,122392.797,148.443,73897.858,89.626,0.9992,0.866,-999,-999,-1.0,-1.0,9.0,-1.0,-1.0,-1.0,-999,96.3747,-999,-999,-999,-999,-999,-999,-999,1.0,-999,-999,-999,-999,7879714.0,21878043.0
28226,10.676,Dummy,-5.343,15.97,2.978,14.87,PI+SIDIS,0.44,4.4,0.52,0.0,88.928,50.374,88.492,50.127,78.504,44.469,267.353,151.443,122.863,69.596,0.9994,0.7816,0.9902,0.9835,-1.0,-1.0,-1.0,-1.0,-1.0,1.0,0.99993,0.0083,4972.0,391.333,4580.67,52.6675,0.816036,51.263,0.385013,1.0,-999,-999,43531.49172,43440.64428,4323058.0,9186353.0
28227,10.676,Dummy,-5.343,15.97,2.978,14.87,PI+SIDIS,0.44,4.4,0.52,0.0,72.994,48.238,72.589,47.97,63.985,42.284,222.359,146.944,99.936,66.042,0.9993,0.7935,0.9894,0.9825,-1.0,-1.0,-1.0,-1.0,-1.0,1.0,0.99996,0.0082,4075.0,308.333,3766.67,52.8538,0.901373,51.3062,0.368365,1.0,-999,-999,35791.48935,35715.02865,3549552.0,7537450.0
28228,10.676,Dummy,-5.343,15.97,2.978,14.87,PI+SIDIS,0.44,4.4,0.52,0.0,85.649,49.915,85.201,49.654,74.905,43.654,258.285,150.526,117.147,68.272,0.9994,0.7789,0.9863,0.9835,-1.0,-1.0,-1.0,-1.0,-1.0,1.0,0.99998,0.0083,4653.0,367.333,4285.67,51.1762,0.819889,51.3067,0.381791,1.0,-999,-999,41912.58314,41824.59286,4159172.0,8827350.0
28229,10.676,Dummy,-5.343,15.97,2.978,14.87,HMSDIS,0.44,4.4,0.52,0.0,44567.74,49.893,44347.97,49.647,39132.102,43.808,134705.416,150.801,61293.305,68.617,0.9994,0.8341,-999,-999,-1.0,-1.0,-1.0,5.0,-1.0,-1.0,-999,99.1723,-999,-999,-999,-999,-999,-999,-999,1.0,-999,-999,-999,-999,2158561.0,4607662.0
28230,10.676,C,-5.343,15.97,2.978,14.87,PI+SIDIS,0.44,4.4,0.52,0.0,86.452,49.489,86.043,49.255,76.213,43.628,261.651,149.781,119.366,68.331,0.9993,0.8423,0.9849,0.9801,-1.0,-1.0,-1.0,-1.0,-1.0,1.0,0.99972,0.032,20242.0,4823.33,15418.7,183.015,1.72196,51.2336,0.403736,1.0,-999,-999,42427.21641,42338.39459,13776861.0,38343830.0
28231,10.676,C,-5.343,15.97,2.978,14.87,PI+SIDIS,0.44,4.4,0.52,0.0,73.546,50.72,73.213,50.49,64.913,44.766,220.779,152.257,101.586,70.057,0.9993,0.8405,0.9832,0.98,-1.0,-1.0,-1.0,-1.0,-1.0,1.0,0.99978,0.0322,17223.0,4158.5,13064.5,182.255,1.86727,51.2438,0.401645,1.0,-999,-999,35998.21731,35924.45069,11710218.0,32591121.0
28232,10.676,C,-5.343,15.97,2.978,14.87,HMSDIS,0.44,4.4,0.52,0.0,43390.875,49.794,43173.915,49.545,37938.313,43.536,131050.247,150.388,59270.277,68.016,0.9992,0.8482,-999,-999,-1.0,-1.0,-1.0,5.0,-1.0,-1.0,-999,96.7882,-999,-999,-999,-999,-999,-999,-999,1.0,-999,-999,-999,-999,6919358.0,19193488.0
28233,10.676,Cu,-5.343,15.97,2.978,14.87,PI+SIDIS,0.44,4.4,0.52,0.0,106.829,64.81,106.443,64.576,93.836,56.927,243.026,147.437,145.232,88.108,0.9991,0.8928,0.982,0.9747,-1.0,-1.0,-1.0,-1.0,-1.0,1.0,0.9996,0.0444,15777.0,5676.17,10100.8,97.4836,1.24805,51.2291,0.412888,1.0,-999,-999,52358.75103,52245.20197,12887974.0,46933731.0
28234,10.676,Cu,-5.343,15.97,2.978,14.87,PI+SIDIS,0.44,4.4,0.52,0.0,109.076,64.989,108.725,64.78,96.171,57.3,248.051,147.793,148.531,88.497,0.9992,0.897,0.9793,0.9748,-1.0,-1.0,-1.0,-1.0,-1.0,1.0,0.99963,0.0444,16078.0,5798.0,10280.0,97.108,1.23325,51.217,0.409195,1.0,-999,-999,53612.84338,53496.21062,13158238.0,47948521.0
28235,10.676,Cu,-5.343,15.97,2.978,14.87,PI+SIDIS,0.44,4.4,0.52,0.0,90.301,64.835,90.045,64.651,79.735,57.249,207.493,148.977,122.976,88.294,0.9992,0.8937,0.9822,0.9744,-1.0,-1.0,-1.0,-1.0,-1.0,1.0,0.99959,0.0441,13106.0,4808.17,8297.83,94.6882,1.34572,51.21,0.414504,1.0,-999,-999,44266.13021,44168.96179,10884839.0,39683815.0
28236,10.676,Cu,-5.343,15.97,2.978,14.87,HMSDIS,0.44,4.4,0.52,0.0,57580.882,64.262,57438.336,64.103,50883.587,56.788,131458.942,146.713,78429.776,87.531,0.9991,0.8957,-999,-999,-1.0,-1.0,-1.0,5.0,-1.0,-1.0,-999,96.4804,-999,-999,-999,-999,-999,-999,-999,1.0,-999,-999,-999,-999,6941516.0,15345564.0
28237,10.676,Cu,-5.343,15.97,2.978,14.87,PI+SIDIS,0.44,4.4,0.52,0.0,42.775,65.791,42.67,65.63,37.8,58.139,97.216,149.525,58.302,89.672,0.9991,0.8933,0.9804,0.9747,-1.0,-1.0,-1.0,-1.0,-1.0,1.0,0.99963,0.0444,6237.0,2306.67,3930.33,94.6212,1.959,51.2149,0.414663,1.0,-999,-999,20903.34575,20859.28525,5157666.0,18842596.0
28239,10.676,Al,-5.343,15.97,2.978,14.87,HMSDIS,0.44,4.4,0.52,0.0,60370.775,49.717,60103.929,49.497,53273.48,43.872,182656.98,150.424,83383.132,68.669,0.9994,0.8284,-999,-999,-1.0,-1.0,-1.0,5.0,-1.0,-1.0,-999,99.1918,-999,-999,-999,-999,-999,-999,-999,1.0,-999,-999,-999,-999,3146763.0,6010256.0
28240,10.676,LD2,-5.343,15.97,2.978,14.87,PI+SIDIS,0.44,4.4,0.52,0.0,72.13,41.659,71.701,41.412,63.428,36.634,257.799,148.894,99.25,57.323,0.9992,0.8136,0.9802,0.9771,-1.0,-1.0,-1.0,-1.0,-1.0,1.0,0.99948,0.0441,33073.0,9317.33,23755.7,339.529,2.65956,51.2305,0.408235,1.0,-999,-999,35266.57781,35189.59219,18311795.0,56712783.0
28241,10.676,LD2,-5.343,15.97,2.978,14.87,PI+SIDIS,0.44,4.4,0.52,0.0,64.169,40.629,63.758,40.368,56.405,35.713,231.168,146.364,88.239,55.869,0.9992,0.825,0.9797,0.9768,-1.0,-1.0,-1.0,-1.0,-1.0,1.0,0.99947,0.0437,29273.0,8201.83,21071.2,338.787,2.81438,51.2378,0.412024,1.0,-999,-999,31349.38885,31283.71115,16283497.0,50246779.0
28242,10.676,LD2,-5.343,15.97,2.978,14.87,PI+SIDIS,0.44,4.4,0.52,0.0,77.731,43.304,77.275,43.05,68.328,38.066,273.45,152.339,106.899,59.553,0.9992,0.8178,0.9809,0.977,-1.0,-1.0,-1.0,-1.0,-1.0,1.0,0.99949,0.045,36403.0,10163.2,26239.8,348.014,2.58869,51.2385,0.405156,1.0,-999,-999,38021.67091,37942.64509,19723761.0,61043393.0
28243,10.676,LD2,-5.343,15.97,2.978,14.87,PI+SIDIS,0.44,4.4,0.52,0.0,75.078,42.869,74.675,42.639,66.0,37.686,263.579,150.502,103.249,58.955,0.9992,0.8219,0.9782,0.9767,-1.0,-1.0,-1.0,-1.0,-1.0,1.0,0.99946,0.045,34475.0,9801.5,24673.5,338.748,2.60887,51.2392,0.408595,1.0,-999,-999,36823.6526,36745.9284,19039074.0,58968367.0
28244,10.676,LD2,-5.343,15.97,2.978,14.87,HMSDIS,0.44,4.4,0.52,0.0,49154.465,42.427,48900.041,42.208,43200.631,37.288,172895.385,149.233,67568.135,58.321,0.9992,0.8209,-999,-999,-1.0,-1.0,-1.0,5.0,-1.0,-1.0,-999,95.7125,-999,-999,-999,-999,-999,-999,-999,1.0,-999,-999,-999,-999,12473142.0,35560127.0
28245,10.676,LD2,-5.343,15.97,2.978,16.87,PI+SIDIS,0.44,4.4,0.52,2.0,71.009,43.538,70.649,43.317,62.383,38.249,248.461,152.339,97.585,59.832,0.9991,0.8066,0.9849,0.9792,-1.0,-1.0,-1.0,-1.0,-1.0,1.0,0.99971,0.0264,27417.0,4854.67,22562.3,326.531,2.43145,51.2708,0.401877,1.0,-999,-999,34751.4391,34679.4469,18014236.0,26186215.0
28246,10.676,LD2,-5.343,15.97,2.978,16.87,PI+SIDIS,0.44,4.4,0.52,2.0,120.859,69.003,120.505,68.801,106.461,60.783,265.295,151.468,160.249,91.493,0.999,0.817,0.9805,0.9762,-1.0,-1.0,-1.0,-1.0,-1.0,1.0,0.99906,0.0425,51486.0,12986.3,38499.7,327.91,1.9728,51.2434,0.416377,1.0,-999,-999,59336.67328,59213.42872,30623613.0,46626167.0
28247,10.676,LD2,-5.343,15.97,2.978,16.87,HMSDIS,0.44,4.4,0.52,2.0,48079.987,65.548,47907.266,65.312,42319.785,57.695,106099.293,144.646,62984.054,85.866,0.999,0.822,-999,-999,-1.0,-1.0,-1.0,5.0,-1.0,-1.0,-999,95.7523,-999,-999,-999,-999,-999,-999,-999,1.0,-999,-999,-999,-999,12184588.0,18496930.0
28248,10.676,Dummy,-5.343,15.97,2.978,16.87,PI+SIDIS,0.44,4.4,0.52,2.0,80.864,48.292,80.414,48.023,71.183,42.51,244.239,145.86,111.355,66.501,0.9992,0.7881,0.988,0.9812,-1.0,-1.0,-1.0,-1.0,-1.0,1.0,0.99994,0.0052,4142.0,188.5,3953.5,50.1495,0.819466,51.3054,0.413263,1.0,-999,-999,39648.3714,39562.8506,3929952.0,4259763.0
28249,10.676,Dummy,-5.343,15.97,2.978,16.87,PI+SIDIS,0.44,4.4,0.52,2.0,84.024,49.974,83.607,49.726,74.016,44.021,250.71,149.111,115.803,68.874,0.9995,0.7867,0.9877,0.9806,-1.0,-1.0,-1.0,-1.0,-1.0,1.0,1.0,0.0052,4162.0,192.333,3969.67,48.4436,0.790314,51.3075,0.413241,1.0,-999,-999,41122.02008,41036.07392,4076587.0,4450700.0
28250,10.676,Dummy,-5.343,15.97,2.978,16.87,PI+SIDIS,0.44,4.4,0.52,2.0,89.707,50.544,89.294,50.311,79.065,44.547,267.001,150.437,123.704,69.699,0.9995,0.7815,0.9742,0.9822,-1.0,-1.0,-1.0,-1.0,-1.0,1.0,0.99999,0.0052,4550.0,206.333,4343.67,49.5514,0.772397,51.2865,0.382677,1.0,-999,-999,43928.92915,43837.92685,4352371.0,4763493.0
28251,10.676,Dummy,-5.343,15.97,2.978,16.87,HMSDIS,0.44,4.4,0.52,2.0,48262.016,49.91,48048.593,49.689,42552.753,44.006,144591.489,149.528,66574.948,68.848,0.9994,0.8275,-999,-999,-1.0,-1.0,-1.0,1.0,-1.0,-1.0,-999,99.4812,-999,-999,-999,-999,-999,-999,-999,1.0,-999,-999,-999,-999,2343280.0,2566460.0
28252,10.676,C,-5.343,15.97,2.978,16.87,PI+SIDIS,0.44,4.4,0.52,2.0,81.043,49.199,80.66,48.967,71.46,43.382,243.542,147.847,111.8,67.871,0.9992,0.8454,0.9857,0.9811,-1.0,-1.0,-1.0,-1.0,-1.0,1.0,0.99983,0.0196,16314.0,2377.67,13936.3,176.279,1.6351,51.2743,0.439644,1.0,-999,-999,39765.06599,39685.85401,12923091.0,17818210.0
28253,10.676,C,-5.343,15.97,2.978,16.87,PI+SIDIS,0.44,4.4,0.52,2.0,87.43,49.402,86.924,49.116,77.044,43.533,264.554,149.484,120.542,68.111,0.9992,0.8313,0.9878,0.9824,-1.0,-1.0,-1.0,-1.0,-1.0,1.0,0.99985,0.0194,17736.0,2572.33,15163.7,177.741,1.57979,51.2889,0.493907,1.0,-999,-999,42762.18487,42673.64413,13941069.0,19145086.0
28254,10.676,C,-5.343,15.97,2.978,16.87,HMSDIS,0.44,4.4,0.52,2.0,16056.029,50.756,15963.307,50.463,14152.856,44.74,48190.155,152.338,22145.254,70.005,0.9992,0.859,-999,-999,-1.0,-1.0,-1.0,3.0,-1.0,-1.0,-999,98.0469,-999,-999,-999,-999,-999,-999,-999,1.0,-999,-999,-999,-999,2303388.0,3515127.0
28255,10.676,C,-5.343,15.97,2.978,16.87,HMSDIS,0.44,4.4,0.52,2.0,42260.927,48.863,42038.451,48.606,37266.748,43.089,128347.353,148.399,58309.869,67.42,0.9993,0.8511,-999,-999,-1.0,-1.0,-1.0,3.0,-1.0,-1.0,-999,98.0661,-999,-999,-999,-999,-999,-999,-999,1.0,-999,-999,-999,-999,6741747.0,9254066.0
28256,10.676,Cu,-5.343,15.97,2.978,16.87,PI+SIDIS,0.44,4.4,0.52,2.0,109.475,66.547,109.192,66.375,96.658,58.756,243.124,147.789,145.297,88.323,0.9992,0.8893,0.9825,0.9783,-1.0,-1.0,-1.0,-1.0,-1.0,1.0,0.99976,0.0287,13250.0,3306.33,9943.67,93.1827,1.10089,51.259,0.44793,1.0,-999,-999,53848.03596,53733.49304,13192821.0,24672317.0
28257,10.676,Cu,-5.343,15.97,2.978,16.87,PI+SIDIS,0.44,4.4,0.52,2.0,101.124,64.131,100.887,63.98,89.28,56.62,228.559,144.948,134.333,85.192,0.9992,0.89,0.9824,0.9786,-1.0,-1.0,-1.0,-1.0,-1.0,1.0,0.99978,0.0283,12357.0,3000.67,9356.33,94.8659,1.14968,51.2537,0.42828,1.0,-999,-999,49708.77291,49601.29509,12182804.0,22697692.0
28258,10.676,Cu,-5.343,15.97,2.978,16.87,PI+SIDIS,0.44,4.4,0.52,2.0,95.047,62.171,94.785,61.999,83.906,54.884,218.571,142.969,126.628,82.828,0.9991,0.8873,0.9841,0.9791,-1.0,-1.0,-1.0,-1.0,-1.0,1.0,0.99976,0.028,11686.0,2804.17,8881.83,95.8149,1.18926,51.2508,0.442489,1.0,-999,-999,46594.38788,46492.33012,11453707.0,21309674.0
28259,10.676,Cu,-5.343,15.97,2.978,16.87,HMSDIS,0.44,4.4,0.52,2.0,61995.479,69.591,61780.629,69.349,54730.789,61.436,134247.342,150.694,82134.317,92.197,0.9992,0.8922,-999,-999,-1.0,-1.0,-1.0,3.0,-1.0,-1.0,-999,97.0916,-999,-999,-999,-999,-999,-999,-999,1.0,-999,-999,-999,-999,7475642.0,13942211.0
28260,10.676,LH2,-5.343,15.97,2.978,16.87,PI+SIDIS,0.44,4.4,0.52,2.0,95.317,57.632,94.869,57.362,84.308,50.976,244.104,147.595,131.889,79.745,0.9992,0.7311,0.9866,0.9826,-1.0,-1.0,-1.0,-1.0,-1.0,1.0,0.99983,0.0182,22738.0,2613.0,20125.0,216.101,1.63462,51.2612,0.403079,1.0,-999,-999,46651.73595,46557.97705,13568798.0,17836572.0
28261,10.676,LH2,-5.343,15.97,2.978,16.87,PI+SIDIS,0.44,4.4,0.52,2.0,91.204,57.939,90.825,57.698,80.55,51.171,233.246,148.173,125.898,79.978,0.9991,0.7274,0.986,0.9819,-1.0,-1.0,-1.0,-1.0,-1.0,1.0,0.99981,0.0182,21507.0,2508.83,18998.2,213.262,1.66216,51.2754,0.400455,1.0,-999,-999,44658.24384,44566.69816,12988220.0,17071580.0
28262,10.676,LH2,-5.343,15.97,2.978,16.87,PI+SIDIS,0.44,4.4,0.52,2.0,104.98,59.537,104.593,59.317,92.146,52.258,265.403,150.517,143.884,81.6,0.9993,0.746,0.9851,0.9824,-1.0,-1.0,-1.0,-1.0,-1.0,1.0,0.99984,0.0184,25110.0,2946.5,22163.5,215.885,1.55852,51.3166,0.397068,1.0,-999,-999,51458.33971,51352.03029,14944427.0,19566961.0
28263,10.676,LH2,-5.343,15.97,2.978,16.87,PI+SIDIS,0.44,4.4,0.52,2.0,114.15,60.279,113.761,60.073,100.185,52.904,287.152,151.635,156.735,82.766,0.9992,0.7417,0.986,0.9824,-1.0,-1.0,-1.0,-1.0,-1.0,1.0,0.9998,0.0185,26887.0,3133.17,23753.8,212.758,1.48286,51.3037,0.413219,1.0,-999,-999,55978.66324,55859.10676,16244350.0,21279679.0
28264,10.676,LH2,-5.343,15.97,2.978,16.87,PI+SIDIS,0.44,4.4,0.52,2.0,105.969,58.98,105.555,58.75,93.418,51.995,268.889,149.659,146.29,81.422,0.9993,0.8573,0.9785,0.9768,-1.0,-1.0,-1.0,-1.0,1.0,-1.0,0.99973,0.0183,25247.0,2916.83,22330.2,216.785,1.55734,51.2773,0.464042,1.0,-999,-999,51929.51379,51821.38221,15084376.0,19845226.0
28265,10.676,LH2,-5.343,15.97,2.978,16.87,HMSDIS,0.44,4.4,0.52,2.0,44457.134,58.048,44245.075,57.771,39268.07,51.273,113534.052,148.243,61475.215,80.269,0.9993,0.7511,-999,-999,-1.0,-1.0,-1.0,1.0,-1.0,-1.0,-999,98.1807,-999,-999,-999,-999,-999,-999,-999,1.0,-999,-999,-999,-999,6328583.0,8330534.0
28266,10.676,LH2,-5.343,15.97,2.978,16.87,HMSDIS,0.44,4.4,0.52,2.0,59961.681,55.862,59681.982,55.602,53005.847,49.382,155696.869,145.052,82908.879,77.241,0.9992,0.8635,-999,-999,-1.0,-1.0,5.0,-1.0,-1.0,-1.0,-999,98.2044,-999,-999,-999,-999,-999,-999,-999,1.0,-999,-999,-999,-999,8544730.0,11258936.0
28267,10.676,LD2,-5.343,15.97,2.978,16.87,PI+SIDIS,0.44,4.4,0.52,2.0,115.195,68.481,114.882,68.295,101.039,60.066,251.548,149.54,152.882,90.885,0.999,0.8077,0.9802,0.978,-1.0,-1.0,-1.0,-1.0,-1.0,1.0,0.9991,0.0426,48688.0,12605.2,36082.8,321.763,2.00965,51.2984,0.495772,1.0,-999,-999,56506.11371,56385.31829,29201299.0,44615937.0
28268,10.676,LH2,-5.343,15.97,-5.154,16.87,PI-SIDIS,-999,-999,-999,-999,163.228,67.205,162.828,67.04,143.977,59.278,359.599,148.055,217.011,89.348,0.9989,0.8579,0.9918,0.9637,-1.0,-1.0,-1.0,-1.0,-1.0,1.0,0.99996,0.0011,2390.0,98.6667,2291.33,14.6188,0.312976,51.2874,0.453733,1.0,-999,-999,80153.82439,79973.85161,23127493.0,16522533.0
28269,10.676,Dummy,-5.343,15.97,-5.154,16.87,PI-SIDIS,-999,-999,-999,-999,58.183,50.003,57.874,49.738,50.845,43.697,175.747,151.039,79.407,68.243,0.9995,0.8824,0.9888,0.9868,-1.0,-1.0,-1.0,-1.0,-1.0,1.0,1.0,0.0003,551.0,3.5,547.5,9.59155,0.411443,51.3423,0.455004,1.0,-999,-999,28438.5286,28376.3214,2822196.0,2438908.0
28270,10.676,LD2,-5.343,15.97,-5.154,16.87,PI-SIDIS,-999,-999,-999,-999,126.697,70.132,126.381,69.957,111.329,61.625,273.782,151.549,168.334,93.18,0.9989,0.8704,0.9919,0.967,-1.0,-1.0,-1.0,-1.0,-1.0,1.0,0.99995,0.0026,9564.0,340.833,9223.17,75.5566,0.803522,51.2892,0.447773,1.0,-999,-999,62182.80955,62041.10745,32060342.0,26446515.0
28276,10.676,LH2,-5.343,15.97,-3.837,16.87,HMSDIS,-999,-999,-999,-999,53449.247,69.332,53315.344,69.158,47234.487,61.271,115999.457,150.469,70839.759,91.89,0.9992,0.7558,-999,-999,-1.0,-1.0,-1.0,5.0,-1.0,-1.0,-999,99.6417,-999,-999,-999,-999,-999,-999,-999,1.0,-999,-999,-999,-999,7567094.0,13702584.0
28277,10.676,LH2,-5.343,15.97,-3.837,16.87,HMSDIS,-999,-999,-999,-999,9054.522,70.312,9033.054,70.145,7992.617,62.066,19477.685,151.252,12041.558,93.507,0.9992,0.8673,-999,-999,-1.0,-1.0,5.0,-1.0,-1.0,-1.0,-999,99.6416,-999,-999,-999,-999,-999,-999,-999,1.0,-999,-999,-999,-999,1282941.0,2323077.0
28278,10.676,LH2,-5.343,15.97,-3.837,16.87,HMSDIS,-999,-999,-999,-999,27622.417,67.559,27562.978,67.414,24271.72,59.364,60707.04,148.477,36634.011,89.6,0.9991,0.8629,-999,-999,-1.0,-1.0,5.0,-1.0,-1.0,-1.0,-999,99.643,-999,-999,-999,-999,-999,-999,-999,1.0,-999,-999,-999,-999,3909993.0,7089871.0
28280,10.676,Dummy,-5.343,15.97,-3.837,16.87,PI-SIDIS,-999,-999,-999,-999,40.994,49.612,40.817,49.399,35.88,43.424,124.04,150.119,56.091,67.884,0.9997,0.8333,0.9933,0.9845,-1.0,-1.0,-1.0,-1.0,-1.0,1.0,1.0,0.0008,1014.0,20.8333,993.167,24.7227,0.794026,51.3829,0.485979,1.0,-999,-999,20027.63547,19982.70453,1988312.0,3365173.0
28281,10.676,Dummy,-5.343,15.97,-3.837,16.87,PI-SIDIS,-999,-999,-999,-999,78.003,48.305,77.544,48.021,68.774,42.59,238.037,147.411,107.534,66.593,0.9995,0.8333,0.9872,0.9872,-1.0,-1.0,-1.0,-1.0,-1.0,1.0,1.0,0.0008,1927.0,31.3333,1895.67,24.7757,0.574503,51.2805,0.406813,1.0,-999,-999,38163.85105,38069.54195,3791650.0,6428031.0
28282,10.676,Dummy,-5.343,15.97,-3.837,16.87,PI-SIDIS,-999,-999,-999,-999,91.98,50.313,91.474,50.036,81.042,44.33,276.601,151.3,126.695,69.302,0.9991,0.8737,0.9905,0.9885,-1.0,-1.0,-1.0,-1.0,-1.0,1.0,1.0,0.0008,2237.0,40.0,2197.0,24.3191,0.524319,51.2855,0.408504,1.0,-999,-999,45012.6536,44902.9914,4466032.0,7577318.0
28283,10.676,Dummy,-5.343,15.97,-3.837,16.87,PI-SIDIS,-999,-999,-999,-999,30.33,48.367,30.175,48.121,26.703,42.584,92.389,147.334,41.751,66.58,0.9991,0.9091,0.9835,0.9875,-1.0,-1.0,-1.0,-1.0,-1.0,1.0,1.0,0.0008,753.0,12.1667,740.833,24.8844,0.922971,51.3136,0.456293,1.0,-999,-999,14880.49501,14847.12599,1471596.0,2497983.0
28284,10.676,Dummy,-5.343,15.97,-3.837,16.87,HMSDIS,-999,-999,-999,-999,45582.08,49.758,45366.189,49.522,40113.681,43.789,137683.042,150.296,62700.276,68.444,0.9993,0.8307,-999,-999,-1.0,-1.0,-1.0,3.0,-1.0,-1.0,-999,99.9162,-999,-999,-999,-999,-999,-999,-999,1.0,-999,-999,-999,-999,2213172.0,3757199.0
28285,10.676,Dummy,-5.343,15.97,-3.837,16.87,PI-SIDIS,-999,-999,-999,-999,87.732,49.853,87.329,49.625,77.167,43.85,264.989,150.579,120.618,68.541,0.9998,0.8837,0.994,0.987,-1.0,-1.0,-1.0,-1.0,-1.0,1.0,1.0,0.0009,2092.0,32.6667,2059.33,23.8967,0.531443,51.3254,0.505444,1.0,-999,-999,42968.13796,42870.25104,4253571.0,7238259.0
28286,10.676,Dummy,-5.343,15.97,-3.837,16.87,PI-SIDIS,-999,-999,-999,-999,63.66,49.378,63.352,49.139,55.96,43.405,192.701,149.467,87.471,67.846,0.9996,0.8971,0.992,0.9865,-1.0,-1.0,-1.0,-1.0,-1.0,1.0,1.0,0.0008,1487.0,27.6667,1459.33,23.3599,0.618222,51.3344,0.493324,1.0,-999,-999,31213.146,31140.932,3090295.0,5241428.0
28287,10.676,LH2,-5.343,15.97,-3.837,16.87,PI-SIDIS,-999,-999,-999,-999,112.023,67.302,111.61,67.053,98.464,59.155,246.385,148.024,148.67,89.319,0.9991,0.772,0.9903,0.9853,-1.0,-1.0,-1.0,-1.0,-1.0,1.0,0.99998,0.003,9347.0,435.5,8911.5,81.1112,0.883376,51.3271,0.502019,1.0,-999,-999,54902.07585,54777.46815,15883693.0,23359667.0
28288,10.676,LH2,-5.343,15.97,-3.837,16.87,PI-SIDIS,-999,-999,-999,-999,96.466,66.238,96.133,66.009,84.763,58.202,214.081,146.998,127.912,87.83,0.9991,0.8205,0.9907,0.9864,-1.0,-1.0,-1.0,-1.0,-1.0,1.0,0.99997,0.003,8084.0,368.333,7715.67,81.4424,0.952649,51.3357,0.490003,1.0,-999,-999,47268.73158,47160.96142,13676965.0,20097976.0
28289,10.676,LH2,-5.343,15.97,-3.837,16.87,PI-SIDIS,-999,-999,-999,-999,133.58,70.317,133.209,70.121,117.442,61.822,287.808,151.503,177.016,93.182,0.9991,0.8017,0.993,0.9868,-1.0,-1.0,-1.0,-1.0,-1.0,1.0,0.99998,0.0031,11121.0,512.833,10608.2,80.7752,0.806068,51.3227,0.487524,1.0,-999,-999,65546.80362,65398.96938,18928698.0,27827549.0
28290,10.676,LH2,-5.343,15.97,-3.837,16.87,PI-SIDIS,-999,-999,-999,-999,63.843,63.245,63.67,63.074,56.143,55.617,145.587,144.224,84.903,84.108,0.9991,0.7729,0.9915,0.9888,-1.0,-1.0,-1.0,-1.0,-1.0,1.0,0.99996,0.0029,5295.0,233.667,5061.33,80.4695,1.16116,51.3206,0.495729,1.0,-999,-999,31262.22713,31192.08987,9049671.0,13304129.0
28291,10.676,LH2,-5.343,15.97,-3.837,16.87,PI-SIDIS,-999,-999,-999,-999,107.501,64.56,107.115,64.328,94.533,56.772,241.055,144.765,142.664,85.677,0.9991,0.8772,0.9897,0.9851,-1.0,-1.0,-1.0,-1.0,1.0,-1.0,0.99995,0.003,8847.0,429.167,8417.83,79.8511,0.895833,51.2872,0.367505,1.0,-999,-999,52664.50811,52550.76189,15237015.0,22400933.0
28292,10.676,LH2,-5.343,15.97,-3.837,16.87,PI-SIDIS,-999,-999,-999,-999,115.47,67.616,115.11,67.406,101.652,59.525,253.631,148.52,153.214,89.719,0.9991,0.8089,0.9909,0.9868,-1.0,-1.0,-1.0,-1.0,-1.0,1.0,0.99999,0.003,9698.0,456.667,9241.33,81.431,0.871152,51.3035,0.402395,1.0,-999,-999,56626.68079,56498.07321,16358241.0,24061370.0
28293,10.676,LH2,-5.343,15.97,-3.837,16.87,PI-SIDIS,-999,-999,-999,-999,116.743,68.434,116.439,68.255,102.877,60.305,255.219,149.607,155.134,90.938,0.999,0.7667,0.9916,0.9882,-1.0,-1.0,-1.0,-1.0,-1.0,1.0,0.99998,0.003,9575.0,440.333,9134.67,79.4684,0.854533,51.2823,0.369436,1.0,-999,-999,57282.21024,57151.11176,16530288.0,24309653.0
28294,10.676,LH2,-5.343,15.97,-3.837,16.87,PI-SIDIS,-999,-999,-999,-999,57.292,67.456,57.15,67.288,50.506,59.466,126.063,148.425,76.187,89.702,0.9992,0.7649,0.9911,0.9857,-1.0,-1.0,-1.0,-1.0,-1.0,1.0,0.99997,0.003,4761.0,230.167,4530.83,80.4968,1.23081,51.2872,0.365808,1.0,-999,-999,28041.37158,27977.50542,8109189.0,11932638.0
28295,10.676,LH2,-5.343,15.97,-3.837,14.875,PI-SIDIS,-999,-999,-999,-999,118.388,68.157,118.133,68.01,104.46,60.138,259.694,149.508,157.383,90.607,0.9991,0.7924,0.9904,0.9848,-1.0,-1.0,-1.0,-1.0,-1.0,1.0,0.99997,0.0063,12022.0,1185.17,10836.8,93.2346,0.951047,51.2826,0.364785,1.0,-999,-999,58187.7459,58053.3851,16767898.0,51009958.0
28296,10.676,LH2,-5.343,15.97,-3.837,14.875,PI-SIDIS,-999,-999,-999,-999,49.832,66.927,49.713,66.768,43.987,59.078,110.054,147.809,66.247,88.974,0.9991,0.7853,0.9907,0.9851,-1.0,-1.0,-1.0,-1.0,-1.0,1.0,0.99994,0.0063,5065.0,507.5,4557.5,93.1526,1.46674,51.2814,0.372583,1.0,-999,-999,24376.47343,24323.70157,7062857.0,21442184.0
28298,10.676,LH2,-5.343,15.97,-3.837,14.875,PI-SIDIS,-999,-999,-999,-999,116.8,67.697,116.414,67.473,102.69,59.519,256.425,148.623,154.854,89.753,0.9992,0.7935,0.99,0.9859,-1.0,-1.0,-1.0,-1.0,-1.0,1.0,0.99993,0.0063,11806.0,1170.5,10635.5,92.7469,0.955327,51.2972,0.363746,1.0,-999,-999,57269.07498,57126.74302,16552358.0,50249010.0
28299,10.676,LH2,-5.343,15.97,-3.837,14.875,PI-SIDIS,-999,-999,-999,-999,116.566,69.123,116.234,68.926,102.072,60.529,253.585,150.375,154.839,91.819,0.9993,0.7879,0.9913,0.9863,-1.0,-1.0,-1.0,-1.0,-1.0,1.0,0.99994,0.0064,11633.0,1154.17,10478.8,91.4747,0.949282,51.3131,0.359511,1.0,-999,-999,57188.54511,57050.66889,16506812.0,50017325.0
28300,10.676,Dummy,-5.343,15.97,-3.837,14.875,PI-SIDIS,-999,-999,-999,-999,84.504,49.856,84.109,49.623,74.297,43.834,254.875,150.372,116.298,68.614,0.9996,0.9236,0.9922,0.9881,-1.0,-1.0,-1.0,-1.0,-1.0,1.0,1.0,0.0017,2377.0,86.5,2290.5,27.5715,0.588651,51.278,0.375267,1.0,-999,-999,41376.7908,41287.7392,4098467.0,14226770.0
28301,10.676,Dummy,-5.343,15.97,-3.837,14.875,PI-SIDIS,-999,-999,-999,-999,88.248,49.77,87.845,49.543,77.813,43.885,266.839,150.491,121.772,68.677,0.9989,0.8561,0.9891,0.9883,-1.0,-1.0,-1.0,-1.0,-1.0,1.0,1.0,0.0017,2533.0,90.5,2442.5,28.1648,0.582075,51.2743,0.37323,1.0,-999,-999,43216.34593,43121.10907,4278337.0,14869512.0
28302,10.676,Dummy,-5.343,15.97,-3.837,14.875,PI-SIDIS,-999,-999,-999,-999,88.321,49.422,87.931,49.203,77.976,43.633,267.712,149.803,121.946,68.237,0.9999,0.8394,0.9892,0.9878,-1.0,-1.0,-1.0,-1.0,-1.0,1.0,1.0,0.0017,2567.0,81.8333,2485.17,28.6146,0.584919,51.2794,0.371948,1.0,-999,-999,43259.13494,43162.77806,4283239.0,14895485.0
28303,10.676,Dummy,-5.343,15.97,-3.837,14.875,PI-SIDIS,-999,-999,-999,-999,110.415,50.352,109.831,50.085,96.809,44.147,332.565,151.656,151.115,68.912,0.9992,0.8381,0.992,0.9885,-1.0,-1.0,-1.0,-1.0,-1.0,1.0,1.0,0.0017,3108.0,109.333,2998.67,27.6423,0.515414,51.3232,0.370222,1.0,-999,-999,54060.18909,53941.75891,5356347.0,18588830.0
28304,10.676,LH2,-5.343,15.97,-3.837,14.875,PI-SIDIS,-999,-999,-999,-999,107.485,68.871,107.159,68.662,94.186,60.35,233.606,149.684,142.559,91.345,0.9991,0.788,0.992,0.9864,-1.0,-1.0,-1.0,-1.0,-1.0,1.0,0.99994,0.0064,11109.0,1070.33,10038.7,95.063,1.00608,51.3004,0.380054,1.0,-999,-999,52713.4616,52590.6004,15215137.0,46148892.0
28305,10.676,LH2,-5.343,15.97,-3.837,14.875,PI-SIDIS,-999,-999,-999,-999,116.098,70.92,115.801,70.739,102.177,62.416,249.189,152.221,154.033,94.093,0.9992,0.7961,0.9912,0.986,-1.0,-1.0,-1.0,-1.0,-1.0,1.0,0.99995,0.0064,11868.0,1145.17,10722.8,93.9918,0.962573,51.2694,0.376205,1.0,-999,-999,56966.92358,56839.51442,16436515.0,49843359.0
28306,10.676,LH2,-5.343,15.97,-3.837,12.865,PI-SIDIS,-999,-999,-999,-999,101.013,66.092,100.789,65.945,89.174,58.345,224.465,146.865,134.321,87.885,0.9991,0.7691,0.9893,0.9847,-1.0,-1.0,-1.0,-1.0,-1.0,1.0,0.99982,0.0134,11705.0,2431.5,9273.5,93.5392,1.11001,51.2566,0.384507,1.0,-999,-999,49552.75111,49446.20389,14300671.0,90910440.0
28307,10.676,LH2,-5.343,15.97,-3.837,12.865,PI-SIDIS,-999,-999,-999,-999,72.566,59.25,72.401,59.115,64.065,52.308,175.836,143.569,97.0,79.2,0.9992,0.7756,0.9895,0.9837,-1.0,-1.0,-1.0,-1.0,-1.0,1.0,0.99986,0.0127,8454.0,1661.67,6792.33,95.4598,1.3132,51.2682,0.384849,1.0,-999,-999,35616.40797,35531.62903,10283272.0,65287457.0
28308,10.676,LH2,-5.343,15.97,-3.837,12.865,PI-SIDIS,-999,-999,-999,-999,102.771,67.488,102.448,67.275,90.575,59.479,226.19,148.534,136.336,89.529,0.9992,0.7657,0.9885,0.9847,-1.0,-1.0,-1.0,-1.0,-1.0,1.0,0.99987,0.0135,11874.0,2449.0,9425.0,93.5138,1.09959,51.2674,0.379383,1.0,-999,-999,50379.02353,50260.96247,14559282.0,92362912.0
28309,10.676,LH2,-5.343,15.97,-3.837,12.865,PI-SIDIS,-999,-999,-999,-999,87.567,62.929,87.247,62.7,77.1,55.408,199.705,143.516,116.392,83.644,0.9992,0.7613,0.9885,0.9847,-1.0,-1.0,-1.0,-1.0,-1.0,1.0,0.99987,0.0132,10075.0,2046.5,8028.5,93.5372,1.18906,51.2674,0.37252,1.0,-999,-999,42884.96661,42782.39939,12411570.0,78559387.0
28310,10.676,Dummy,-5.343,15.97,-3.837,12.865,PI-SIDIS,-999,-999,-999,-999,83.981,49.375,83.558,49.126,73.801,43.39,254.344,149.536,115.361,67.824,0.9994,0.8755,0.9917,0.987,-1.0,-1.0,-1.0,-1.0,-1.0,1.0,0.99998,0.0034,2572.0,171.667,2400.33,29.123,0.618731,51.3009,0.375458,1.0,-999,-999,41105.00095,41014.46005,4074552.0,29199932.0
28311,10.676,Dummy,-5.343,15.97,-3.837,12.865,PI-SIDIS,-999,-999,-999,-999,84.879,49.493,84.476,49.258,74.534,43.46,256.515,149.573,116.497,67.929,0.9995,0.8957,0.9898,0.9852,-1.0,-1.0,-1.0,-1.0,-1.0,1.0,1.0,0.0034,2472.0,173.833,2298.17,27.6275,0.601193,51.3143,0.382101,1.0,-999,-999,41556.36881,41467.94119,4116091.0,29532470.0
28312,10.676,Dummy,-5.343,15.97,-3.837,12.865,PI-SIDIS,-999,-999,-999,-999,78.185,47.97,77.836,47.756,68.591,42.084,239.027,146.653,107.205,65.775,0.9993,0.8596,0.9936,0.9854,-1.0,-1.0,-1.0,-1.0,-1.0,1.0,1.0,0.0033,2382.0,166.5,2215.5,28.9057,0.640467,51.3017,0.371805,1.0,-999,-999,38376.36365,38295.43135,3792545.0,27236744.0
28313,10.676,Dummy,-5.343,15.97,-3.837,12.865,PI-SIDIS,-999,-999,-999,-999,100.328,48.474,99.86,48.248,87.905,42.472,305.784,147.74,137.338,66.355,0.9995,0.8453,0.9893,0.9862,-1.0,-1.0,-1.0,-1.0,-1.0,1.0,0.99998,0.0034,3039.0,205.0,2834.0,28.7917,0.563197,51.3195,0.374609,1.0,-999,-999,49143.24877,49031.21423,4870319.0,34947468.0
28314,10.676,LH2,-5.343,15.97,-3.837,12.865,PI-SIDIS,-999,-999,-999,-999,25.893,51.24,25.788,51.034,22.661,44.845,65.557,129.734,34.591,68.454,0.999,0.8107,0.9845,0.9846,-1.0,-1.0,-1.0,-1.0,-1.0,1.0,0.99989,0.0122,2936.0,566.0,2370.0,93.444,2.17044,51.3061,0.384793,1.0,-999,-999,12588.50956,12562.03544,3676357.0,23254577.0
28315,10.676,LH2,-5.343,15.97,-3.837,12.865,PI-SIDIS,-999,-999,-999,-999,87.317,59.512,87.03,59.316,76.316,52.014,210.95,143.775,118.746,80.932,0.9991,0.7717,0.9895,0.9843,-1.0,-1.0,-1.0,-1.0,-1.0,1.0,0.99989,0.0125,9936.0,1952.5,7983.5,93.2901,1.18371,51.3035,0.373479,1.0,-999,-999,42904.95623,42809.45177,12399736.0,78582911.0
28317,10.676,LH2,-5.343,15.97,-3.837,12.865,PI-SIDIS,-999,-999,-999,-999,93.172,61.021,92.879,60.829,81.428,53.33,223.033,146.072,127.25,83.34,0.9992,0.7551,0.9903,0.9848,-1.0,-1.0,-1.0,-1.0,-1.0,1.0,0.99991,0.0125,10603.0,2085.67,8517.33,93.2019,1.14509,51.3078,0.370858,1.0,-999,-999,45673.65767,45565.28233,13236411.0,83783819.0
28318,10.676,LH2,-5.343,15.97,-3.837,12.865,PI-SIDIS,-999,-999,-999,-999,110.261,63.9,109.923,63.704,96.474,55.91,258.377,149.737,150.823,87.406,0.9992,0.7634,0.9894,0.9847,-1.0,-1.0,-1.0,-1.0,-1.0,1.0,0.9999,0.0127,12918.0,2470.67,10447.3,96.6058,1.0676,51.3011,0.374217,1.0,-999,-999,54074.94377,53950.05823,15659145.0,99105382.0
28319,10.676,LH2,-5.343,15.97,-2.978,12.865,PI-SIDIS,0.44,4.4,0.52,-2.0,97.189,60.519,96.78,60.264,85.026,52.945,234.193,145.83,132.858,82.73,0.9992,0.7598,0.9866,0.9854,-1.0,-1.0,-1.0,-1.0,-1.0,1.0,0.99978,0.028,15447.0,6316.83,9130.17,95.8349,1.34829,51.2768,0.371049,1.0,-999,-999,47591.31673,47486.86527,13811309.0,97071008.0
28321,10.676,LH2,-5.343,15.97,-2.978,12.865,PI-SIDIS,0.44,4.4,0.52,-2.0,76.915,55.972,76.545,55.703,67.233,48.927,191.286,139.202,105.022,76.426,0.9992,0.7649,0.9864,0.9853,-1.0,-1.0,-1.0,-1.0,-1.0,1.0,0.99979,0.0274,12202.0,4903.83,7298.17,96.8646,1.51442,51.271,0.382341,1.0,-999,-999,37607.70004,37520.44696,10932921.0,76657130.0
28322,10.676,LH2,-5.343,15.97,-2.978,12.865,PI-SIDIS,0.44,4.4,0.52,-2.0,107.505,63.086,107.048,62.818,94.017,55.171,253.129,148.54,146.902,86.205,0.9992,0.7624,0.9856,0.9851,-1.0,-1.0,-1.0,-1.0,-1.0,1.0,0.99979,0.0285,17203.0,7124.33,10078.7,95.6715,1.28729,51.2685,0.381669,1.0,-999,-999,52665.90096,52544.88804,15272489.0,107243706.0
28323,10.676,LH2,-5.343,15.97,-2.978,12.865,PI-SIDIS,0.44,4.4,0.52,-2.0,103.28,61.396,102.885,61.161,90.393,53.735,245.28,145.808,141.233,83.957,0.9993,0.7594,0.9857,0.9857,-1.0,-1.0,-1.0,-1.0,-1.0,1.0,0.99977,0.0284,16319.0,6813.33,9505.67,93.8185,1.30395,51.2733,0.380552,1.0,-999,-999,50613.84358,50493.57842,14666196.0,103031907.0
28324,10.676,Dummy,-5.343,15.97,-2.978,12.865,PI-SIDIS,0.44,4.4,0.52,-2.0,80.258,47.642,79.843,47.396,70.237,41.693,244.274,145.003,109.773,65.162,0.999,0.8602,0.9921,0.9882,-1.0,-1.0,-1.0,-1.0,-1.0,1.0,1.0,0.0072,2777.0,476.333,2300.67,29.1881,0.67805,51.3011,0.369144,1.0,-999,-999,39265.67665,39178.86835,3893499.0,29468290.0
28325,10.676,Dummy,-5.343,15.97,-2.978,12.865,PI-SIDIS,0.44,4.4,0.52,-2.0,90.488,50.911,90.008,50.641,79.25,44.588,269.174,151.444,123.886,69.702,0.9995,0.8486,0.988,0.9879,-1.0,-1.0,-1.0,-1.0,-1.0,1.0,0.99996,0.0073,3239.0,542.0,2697.0,30.3473,0.649259,51.2959,0.363171,1.0,-999,-999,44282.96593,44184.78407,4392986.0,33270086.0
28326,10.676,Dummy,-5.343,15.97,-2.978,12.865,PI-SIDIS,0.44,4.4,0.52,-2.0,81.371,49.047,80.874,48.747,71.259,42.952,244.807,147.559,111.401,67.147,0.9993,0.811,0.9901,0.9884,-1.0,-1.0,-1.0,-1.0,-1.0,1.0,0.99999,0.0072,2901.0,486.167,2414.83,30.2312,0.683634,51.2857,0.37804,1.0,-999,-999,39876.86082,39785.65218,3951264.0,29925259.0
28327,10.676,Dummy,-5.343,15.97,-2.978,12.865,PI-SIDIS,0.44,4.4,0.52,-2.0,91.789,50.998,91.231,50.689,80.47,44.71,272.723,151.526,125.762,69.874,0.9993,0.8363,0.9865,0.9873,-1.0,-1.0,-1.0,-1.0,-1.0,1.0,0.99998,0.0073,3208.0,554.5,2653.5,29.481,0.638275,51.2812,0.381288,1.0,-999,-999,44888.769,44785.873,4456032.0,33811289.0
28328,10.676,LD2,-5.343,15.97,-2.978,12.865,PI-SIDIS,0.44,4.4,0.52,-2.0,81.543,44.833,81.057,44.566,71.403,39.257,272.018,149.556,111.579,61.346,0.9992,0.8317,0.9825,0.9839,-1.0,-1.0,-1.0,-1.0,-1.0,1.0,0.99944,0.0468,31587.0,15548.8,16038.2,201.375,2.32128,51.2324,0.384948,1.0,-999,-999,39869.97975,39778.32025,20679981.0,181059416.0
28330,10.676,LD2,-5.343,15.97,-2.978,12.865,PI-SIDIS,0.44,4.4,0.52,-2.0,12.643,39.52,12.572,39.299,11.076,34.622,44.015,137.586,17.308,54.104,0.9993,0.8385,0.9845,0.9844,-1.0,-1.0,-1.0,-1.0,-1.0,1.0,0.99949,0.0444,4835.0,2296.33,2538.67,205.378,5.84372,51.2305,0.385856,1.0,-999,-999,6197.19389,6184.01611,3208000.0,28056399.0
28331,10.676,LD2,-5.343,15.97,-2.978,12.865,PI-SIDIS,0.44,4.4,0.52,-2.0,79.918,42.075,79.427,41.816,70.043,36.876,273.605,144.045,109.471,57.634,0.9992,0.8175,0.9842,0.9841,-1.0,-1.0,-1.0,-1.0,-1.0,1.0,0.9995,0.0453,30531.0,14801.2,15729.8,201.502,2.32701,51.2291,0.387057,1.0,-999,-999,39081.11358,38989.64542,20266237.0,177157254.0
28332,10.676,LD2,-5.343,15.97,-2.978,12.865,PI-SIDIS,0.44,4.4,0.52,-2.0,74.375,44.601,73.864,44.294,65.199,39.098,250.98,150.506,101.907,61.111,0.9992,0.8208,0.9835,0.9841,-1.0,-1.0,-1.0,-1.0,-1.0,1.0,0.9995,0.0461,28569.0,14013.0,14556.0,200.509,2.4216,51.2192,0.384218,1.0,-999,-999,36335.18289,36255.48711,18859702.0,164713879.0
28333,10.676,LD2,-5.343,15.97,-2.978,12.865,PI-SIDIS,0.44,4.4,0.52,-2.0,44.394,42.909,44.102,42.627,38.937,37.636,151.039,145.989,60.856,58.821,0.9991,0.8249,0.9839,0.9841,-1.0,-1.0,-1.0,-1.0,-1.0,1.0,0.99958,0.0456,17000.0,8269.83,8730.17,201.418,3.12773,51.2119,0.389785,1.0,-999,-999,21748.37665,21697.50635,11259986.0,98314021.0
28334,10.676,LH2,-5.343,15.97,-2.978,12.865,PI-SIDIS,0.44,4.4,0.52,-2.0,104.597,60.417,104.241,60.212,92.094,53.196,243.071,140.403,138.695,80.113,0.9993,0.7629,0.9863,0.9853,-1.0,-1.0,-1.0,-1.0,-1.0,1.0,0.99977,0.0294,16877.0,7082.33,9794.67,95.4528,1.30956,51.235,0.380366,1.0,-999,-999,51403.30732,51277.30968,14828600.0,104546229.0
28335,10.676,LH2,-5.343,15.97,-2.978,12.865,PI-SIDIS,0.44,4.4,0.52,-2.0,106.377,67.602,106.067,67.405,93.721,59.559,232.085,147.489,139.977,88.954,0.9992,0.7533,0.986,0.9852,-1.0,-1.0,-1.0,-1.0,-1.0,1.0,0.99974,0.0307,17107.0,7549.5,9557.5,91.5584,1.29823,51.2324,0.389675,1.0,-999,-999,52162.94035,52043.69065,15067039.0,106442221.0
28336,10.676,LH2,-5.343,15.97,-2.978,12.865,PI-SIDIS,0.44,4.4,0.52,-2.0,86.585,70.427,86.349,70.235,76.296,62.058,185.825,151.148,113.989,92.717,0.9992,0.7403,0.9857,0.9848,-1.0,-1.0,-1.0,-1.0,-1.0,1.0,0.99977,0.031,14139.0,6233.83,7905.17,93.0582,1.45027,51.2262,0.383496,1.0,-999,-999,42439.7173,42340.9657,12252233.0,86621998.0
28337,10.676,LH2,-5.343,15.97,-2.978,14.88,PI-SIDIS,-999,-999,-999,-999,106.221,66.211,105.8,65.949,93.58,58.332,235.088,146.538,140.001,87.267,0.9992,0.7733,0.9888,0.9873,-1.0,-1.0,-1.0,-1.0,-1.0,1.0,0.99986,0.0158,13569.0,3820.17,9748.83,93.417,1.1421,51.2478,0.382555,1.0,-999,-999,52029.72648,51912.08752,15055560.0,53404204.0
28338,10.676,LH2,-5.343,15.97,-2.978,14.88,PI-SIDIS,-999,-999,-999,-999,111.709,66.778,111.279,66.522,98.453,58.854,246.744,147.501,147.401,88.115,0.9991,0.7637,0.9875,0.9876,-1.0,-1.0,-1.0,-1.0,-1.0,1.0,0.99985,0.0158,14430.0,3920.5,10509.5,95.7287,1.11869,51.2441,0.378743,1.0,-999,-999,54852.3362,54720.9008,15829704.0,56259345.0
28339,10.676,LH2,-5.343,15.97,-2.978,14.88,PI-SIDIS,-999,-999,-999,-999,106.559,66.186,106.188,65.955,93.971,58.367,235.177,146.072,140.114,87.027,0.9992,0.7603,0.9888,0.9871,-1.0,-1.0,-1.0,-1.0,-1.0,1.0,0.99985,0.0158,13813.0,3752.5,10060.5,96.0714,1.14745,51.254,0.373943,1.0,-999,-999,52222.0843,52101.4327,15104834.0,53688009.0
28340,10.676,LH2,-5.343,15.97,-2.978,14.88,PI-SIDIS,-999,-999,-999,-999,119.223,69.922,118.848,69.702,105.188,61.691,256.535,150.453,156.855,91.993,0.9992,0.7718,0.9883,0.9872,-1.0,-1.0,-1.0,-1.0,-1.0,1.0,0.99985,0.016,15321.0,4308.83,11012.2,93.9483,1.08045,51.2498,0.381649,1.0,-999,-999,58470.81976,58332.58924,16876801.0,60119217.0
28341,10.676,LH2,-5.343,15.97,-2.978,14.88,PI-SIDIS,-999,-999,-999,-999,112.31,66.819,111.976,66.62,99.152,58.991,247.53,147.268,148.169,88.154,0.9991,0.8652,0.9826,0.9808,-1.0,-1.0,-1.0,-1.0,1.0,-1.0,0.9998,0.0158,14267.0,4055.83,10211.2,93.0785,1.11428,51.247,0.380511,1.0,-999,-999,55143.81936,55017.43664,15908299.0,56703394.0
28343,10.676,LH2,-5.343,15.97,-2.978,14.88,HMSDIS,-999,-999,-999,-999,58118.965,66.597,57951.089,66.405,51138.618,58.599,128087.468,146.772,76544.095,87.71,0.9992,0.759,-999,-999,-1.0,-1.0,-1.0,3.0,-1.0,-1.0,-999,98.4195,-999,-999,-999,-999,-999,-999,-999,1.0,-999,-999,-999,-999,8241367.0,29353572.0
28344,10.676,LH2,-5.343,15.97,-2.978,14.88,HMSDIS,-999,-999,-999,-999,57633.849,69.932,57452.353,69.712,50493.562,61.268,124186.051,150.685,75881.222,92.073,0.9992,0.8625,-999,-999,-1.0,-1.0,5.0,-1.0,-1.0,-1.0,-999,98.3948,-999,-999,-999,-999,-999,-999,-999,1.0,-999,-999,-999,-999,8171566.0,29051954.0
28345,10.676,Dummy,-5.343,15.97,-2.978,14.88,PI-SIDIS,-999,-999,-999,-999,78.706,49.41,78.225,49.108,68.733,43.15,236.161,148.258,107.376,67.409,0.9995,0.8698,0.9924,0.989,-1.0,-1.0,-1.0,-1.0,-1.0,1.0,1.0,0.004,2510.0,249.667,2260.33,29.2313,0.653255,51.3009,0.367469,1.0,-999,-999,38471.24193,38383.05807,3823523.0,15091357.0
28346,10.676,Dummy,-5.343,15.97,-2.978,14.88,PI-SIDIS,-999,-999,-999,-999,94.57,50.096,94.006,49.798,82.923,43.927,282.612,149.708,129.709,68.711,0.9993,0.8583,0.9895,0.9882,-1.0,-1.0,-1.0,-1.0,-1.0,1.0,0.99998,0.004,3033.0,289.0,2744.0,29.5594,0.597955,51.2934,0.365398,1.0,-999,-999,46252.60728,46152.13772,4589871.0,18172316.0
28347,10.676,Dummy,-5.343,15.97,-2.978,14.88,PI-SIDIS,-999,-999,-999,-999,91.838,49.628,91.322,49.349,80.758,43.641,275.671,148.968,126.302,68.251,0.9991,0.8201,0.9857,0.9892,-1.0,-1.0,-1.0,-1.0,-1.0,1.0,0.99998,0.004,2953.0,282.667,2670.33,29.5872,0.606887,51.2844,0.368718,1.0,-999,-999,44929.52472,44830.83428,4452498.0,17677978.0
28348,10.676,Dummy,-5.343,15.97,-2.978,14.88,PI-SIDIS,-999,-999,-999,-999,94.216,50.947,93.72,50.679,83.026,44.896,280.199,151.516,129.826,70.203,0.9993,0.8233,0.9896,0.9882,-1.0,-1.0,-1.0,-1.0,-1.0,1.0,1.0,0.004,2994.0,297.5,2696.5,29.1358,0.596101,51.2593,0.375454,1.0,-999,-999,46115.75408,46012.80492,4568269.0,18168895.0
28349,10.676,Dummy,-5.343,15.97,-2.978,14.88,HMSDIS,-999,-999,-999,-999,24342.022,51.3,24217.712,51.038,21472.803,45.253,72179.821,152.116,33580.695,70.77,0.9994,0.826,-999,-999,-1.0,-1.0,-1.0,3.0,-1.0,-1.0,-999,99.5988,-999,-999,-999,-999,-999,-999,-999,1.0,-999,-999,-999,-999,1178834.0,4693243.0
28350,10.676,Dummy,-5.343,15.97,-2.978,14.88,HMSDIS,-999,-999,-999,-999,42707.223,50.649,42472.059,50.37,37461.708,44.428,128451.899,152.339,58452.322,69.322,0.9994,0.8273,-999,-999,-1.0,-1.0,-1.0,3.0,-1.0,-1.0,-999,99.6023,-999,-999,-999,-999,-999,-999,-999,1.0,-999,-999,-999,-999,2072358.0,8250451.0
28351,10.676,LD2,-5.343,15.97,-2.978,14.88,PI-SIDIS,-999,-999,-999,-999,108.263,68.41,107.839,68.142,94.619,59.788,236.849,149.662,143.645,90.768,0.999,0.8236,0.9846,0.9838,-1.0,-1.0,-1.0,-1.0,-1.0,1.0,0.99931,0.0382,37294.0,16201.8,21092.2,199.147,1.88822,51.2681,0.375947,1.0,-999,-999,53041.45826,52916.56574,27436440.0,122118375.0
28352,10.676,LD2,-5.343,15.97,-2.978,14.88,PI-SIDIS,-999,-999,-999,-999,122.919,69.201,122.461,68.944,107.856,60.721,266.903,150.262,163.154,91.853,0.999,0.824,0.9837,0.9834,-1.0,-1.0,-1.0,-1.0,-1.0,1.0,0.99927,0.0383,42412.0,18380.7,24031.3,199.894,1.77383,51.2379,0.388098,1.0,-999,-999,60252.8727,60118.5013,31143679.0,138541474.0
28353,10.676,LD2,-5.343,15.97,-2.978,14.88,PI-SIDIS,-999,-999,-999,-999,99.501,69.215,99.169,68.983,87.541,60.895,216.874,150.861,132.25,91.995,0.999,0.8208,0.9838,0.9835,-1.0,-1.0,-1.0,-1.0,-1.0,1.0,0.99928,0.0373,30324.0,13350.8,16973.2,174.326,1.85297,51.2336,0.387802,1.0,-999,-999,48880.53514,48770.25986,25205053.0,100714574.0
28354,10.676,LD2,-5.343,15.97,-2.978,14.88,HMSDIS,-999,-999,-999,-999,51579.73,64.775,51416.853,64.571,45438.214,57.063,116174.45,145.895,68732.108,86.316,0.999,0.8253,-999,-999,-1.0,-1.0,-1.0,9.0,-1.0,-1.0,-999,97.8876,-999,-999,-999,-999,-999,-999,-999,1.0,-999,-999,-999,-999,13067667.0,25694226.0
28356,10.676,LH2,-5.343,15.97,-2.978,14.88,PI-SIDIS,-999,-999,-999,-999,114.2,66.742,113.872,66.55,100.65,58.822,252.646,147.653,151.722,88.67,0.9992,0.769,0.9873,0.9862,-1.0,-1.0,-1.0,-1.0,-1.0,1.0,0.99987,0.0157,14491.0,4042.33,10448.7,93.1283,1.09758,51.2607,0.373389,1.0,-999,-999,56014.53924,55883.90576,16184823.0,57631382.0
28357,10.676,LH2,-5.343,15.97,-2.978,16.87,PI-SIDIS,0.44,4.4,0.52,2.0,116.373,61.07,115.987,60.868,102.347,53.71,273.308,143.427,154.909,81.293,0.9992,0.7536,0.9896,0.9873,-1.0,-1.0,-1.0,-1.0,-1.0,1.0,0.99994,0.008,12162.0,1975.67,10186.3,89.0293,0.976829,51.2827,0.370101,1.0,-999,-999,57194.82646,57063.21354,16532462.0,30635727.0
28358,10.676,LH2,-5.343,15.97,-2.978,16.87,PI-SIDIS,0.44,4.4,0.52,2.0,108.038,66.702,107.703,66.495,94.965,58.63,240.375,148.405,143.604,88.66,0.9991,0.7656,0.989,0.9875,-1.0,-1.0,-1.0,-1.0,-1.0,1.0,0.99993,0.0083,11415.0,1895.67,9519.33,89.5906,1.01935,51.2863,0.373988,1.0,-999,-999,53114.2851,52989.6979,15340949.0,28397885.0
28359,10.676,LH2,-5.343,15.97,-2.978,16.87,PI-SIDIS,0.44,4.4,0.52,2.0,114.541,67.645,114.103,67.386,100.576,59.398,251.507,148.533,151.91,89.714,0.9992,0.777,0.9891,0.987,-1.0,-1.0,-1.0,-1.0,-1.0,1.0,0.9999,0.0084,11897.0,2085.83,9811.17,87.1966,0.983449,51.2843,0.36969,1.0,-999,-999,56128.10428,55998.64172,16264174.0,30118782.0
28360,10.676,LH2,-5.343,15.97,-2.978,16.87,PI-SIDIS,0.44,4.4,0.52,2.0,107.765,68.179,107.335,67.907,94.579,59.837,235.942,149.272,142.473,90.137,0.9992,0.7653,0.9903,0.9878,-1.0,-1.0,-1.0,-1.0,-1.0,1.0,0.99992,0.0084,11237.0,1953.0,9284.0,87.6412,1.01508,51.2903,0.367412,1.0,-999,-999,52796.16515,52681.39385,15307685.0,28309038.0
28361,10.676,Dummy,-5.343,15.97,-2.978,16.87,PI-SIDIS,0.44,4.4,0.52,2.0,74.223,48.415,73.797,48.137,65.052,42.432,225.907,147.355,101.602,66.273,0.9993,0.8403,0.9862,0.9858,-1.0,-1.0,-1.0,-1.0,-1.0,1.0,1.0,0.0022,2112.0,121.667,1990.33,27.378,0.635182,51.2945,0.34422,1.0,-999,-999,36293.86309,36213.91891,3609718.0,7655708.0
28362,10.676,Dummy,-5.343,15.97,-2.978,16.87,PI-SIDIS,0.44,4.4,0.52,2.0,84.531,49.037,84.071,48.77,74.069,42.968,256.2,148.623,115.701,67.118,0.9995,0.7639,0.9937,0.9887,-1.0,-1.0,-1.0,-1.0,-1.0,1.0,1.0,0.0022,2385.0,144.5,2240.5,26.9682,0.590789,51.2948,0.35121,1.0,-999,-999,41353.79767,41261.83333,4108485.0,8718663.0
28363,10.676,Dummy,-5.343,15.97,-2.978,16.87,PI-SIDIS,0.44,4.4,0.52,2.0,90.732,49.416,90.248,49.153,79.45,43.272,274.695,149.611,124.123,67.603,0.9995,0.8143,0.992,0.9844,-1.0,-1.0,-1.0,-1.0,-1.0,1.0,1.0002,0.0022,2662.0,143.333,2518.67,28.3647,0.583649,51.307,0.350622,1.0,-999,-999,44510.59076,44413.10424,4413593.0,9362482.0
28364,10.676,Dummy,-5.343,15.97,-2.978,16.87,PI-SIDIS,0.44,4.4,0.52,2.0,67.583,50.793,67.183,50.492,59.149,44.454,202.675,152.322,92.411,69.452,0.9997,0.8,0.9877,0.9858,-1.0,-1.0,-1.0,-1.0,-1.0,1.0,1.0,0.0022,1925.0,113.0,1812.0,27.3678,0.665904,51.3066,0.342824,1.0,-999,-999,33064.13975,32991.65825,3282462.0,6986235.0
28365,10.676,Dummy,-5.343,15.97,-2.978,16.87,PI-SIDIS,0.44,4.4,0.52,2.0,44.951,49.492,44.66,49.172,39.328,43.302,136.188,149.947,61.439,67.647,0.9993,0.873,0.9867,0.9893,-1.0,-1.0,-1.0,-1.0,-1.0,1.0,1.00018,0.0022,1263.0,77.0,1186.0,26.8622,0.809011,51.304,0.358113,1.0,-999,-999,21928.80007,21879.41493,2182114.0,4641587.0
28373,10.676,LD2,-5.343,15.97,-2.978,16.87,PI-SIDIS,0.44,4.4,0.52,2.0,120.498,68.592,120.076,68.351,105.614,60.119,262.813,149.602,159.73,90.924,0.999,0.8264,0.9869,0.9859,-1.0,-1.0,-1.0,-1.0,-1.0,1.0,0.99963,0.0205,31514.0,9461.67,22052.3,186.535,1.53873,51.2665,0.368648,1.0,-999,-999,59082.32873,58941.85327,30526332.0,70112581.0
28374,10.676,LD2,-5.343,15.97,-2.978,16.87,PI-SIDIS,0.44,4.4,0.52,2.0,103.505,63.801,103.165,63.591,90.759,55.944,234.136,144.322,137.564,84.795,0.999,0.8206,0.9868,0.9864,-1.0,-1.0,-1.0,-1.0,-1.0,1.0,0.99965,0.02,26961.0,7970.0,18991.0,186.875,1.65506,51.2683,0.368848,1.0,-999,-999,50725.96001,50611.53599,26222541.0,60133185.0
28375,10.676,LD2,-5.343,15.97,-2.978,16.87,PI-SIDIS,0.44,4.4,0.52,2.0,22.287,66.961,22.218,66.754,19.552,58.742,49.238,147.931,29.553,88.79,0.9989,0.817,0.9859,0.9865,-1.0,-1.0,-1.0,-1.0,-1.0,1.0,0.99968,0.0213,6035.0,1892.5,4142.5,189.268,3.64097,51.2609,0.3571,1.0,-999,-999,10822.19327,10794.09573,5644197.0,13001302.0
28376,10.676,LD2,-5.343,15.97,-2.978,16.87,PI-SIDIS,0.44,4.4,0.52,2.0,85.974,66.553,85.608,66.27,75.404,58.371,190.237,147.265,113.988,88.24,0.9991,0.8244,0.9878,0.9863,-1.0,-1.0,-1.0,-1.0,-1.0,1.0,0.99966,0.0203,22686.0,6710.83,15975.2,189.435,1.82955,51.2535,0.369724,1.0,-999,-999,42073.98637,41977.83563,21785596.0,50010080.0
28377,10.676,LH2,-5.343,15.97,-2.978,16.87,PI-SIDIS,0.44,4.4,0.52,2.0,108.412,66.241,107.99,65.983,95.169,58.15,240.15,146.735,143.842,87.889,0.9992,0.7828,0.9886,0.9874,-1.0,-1.0,-1.0,-1.0,-1.0,1.0,0.99992,0.0083,11394.0,1933.0,9461.0,88.8057,1.01601,51.2729,0.361994,1.0,-999,-999,53112.22254,52987.23346,15372263.0,28457938.0
28378,10.676,LH2,-5.343,15.97,-2.978,16.87,PI-SIDIS,0.44,4.4,0.52,2.0,131.296,70.961,130.87,70.731,115.403,62.372,281.86,152.337,174.194,94.146,0.9992,0.7612,0.9892,0.9879,-1.0,-1.0,-1.0,-1.0,-1.0,1.0,0.99994,0.0085,13896.0,2398.17,11497.8,89.01,0.925604,51.2651,0.364167,1.0,-999,-999,64397.80607,64245.06993,18603365.0,34516704.0
28379,10.676,LD2,-5.343,15.97,5.154,16.875,PI+SIDIS,-999,-999,-999,-999,191.149,69.8,190.539,69.577,168.209,61.423,414.189,151.245,254.048,92.768,0.999,0.7766,0.9949,0.9853,-1.0,-1.0,-1.0,-1.0,-1.0,1.0,0.99994,0.0025,35174.0,396.5,34777.5,185.441,1.00098,51.2541,0.365657,1.0,-999,-999,93874.85026,93651.92874,48467287.0,5302247.0
28380,10.676,LH2,-5.38,23.985,6.163,20.79,HEE,-999,-999,-999,-999,155514.769,69.683,154905.808,69.41,136968.732,61.373,336820.594,150.922,206386.66,92.478,0.9979,0.348,-999,-999,-1.0,-1.0,-1.0,1.0,-1.0,-1.0,-999,99.9384,-999,-999,-999,-999,-999,-999,-999,1.0,-999,-999,-999,-999,121149.0,222271.0
28381,10.676,LH2,-5.38,23.985,6.163,20.79,HEE,-999,-999,-999,-999,97775.288,67.17,97429.68,66.933,86152.434,59.186,215980.424,148.376,130012.483,89.317,0.9982,0.3724,-999,-999,-1.0,-1.0,-1.0,1.0,-1.0,-1.0,-999,99.9331,-999,-999,-999,-999,-999,-999,-999,1.0,-999,-999,-999,-999,77064.0,31553.0
28382,10.676,LH2,-5.38,23.985,6.163,20.79,HEE,-999,-999,-999,-999,114810.941,70.01,114430.041,69.778,101189.631,61.704,247941.714,151.192,152359.317,92.907,0.9976,0.3459,-999,-999,-1.0,-1.0,-1.0,1.0,-1.0,-1.0,-999,99.9305,-999,-999,-999,-999,-999,-999,-999,1.0,-999,-999,-999,-999,89283.0,36231.0
28383,10.676,LH2,-5.38,23.985,6.163,20.79,HEE,-999,-999,-999,-999,129110.916,70.691,128704.715,70.468,113828.797,62.324,278209.118,152.325,171436.313,93.865,0.9979,0.3484,-999,-999,-1.0,-1.0,-1.0,1.0,-1.0,-1.0,-999,99.9313,-999,-999,-999,-999,-999,-999,-999,1.0,-999,-999,-999,-999,99941.0,40720.0
28384,10.676,Dummy,-5.38,23.985,6.163,20.79,HEE,-999,-999,-999,-999,129871.625,49.351,129115.924,49.063,114390.956,43.468,393880.178,149.672,178741.771,67.921,0.998,0.7096,-999,-999,-1.0,-1.0,-1.0,1.0,-1.0,-1.0,-999,99.9797,-999,-999,-999,-999,-999,-999,-999,1.0,-999,-999,-999,-999,56880.0,35581.0
28385,10.676,LH2,5.343,15.965,6.163,20.79,HMSDIS,-999,-999,-999,-999,92166.23,66.324,91853.268,66.099,80661.44,58.045,204286.388,147.008,122321.031,88.024,0.9988,0.9964,-999,-999,-1.0,-1.0,-1.0,1.0,-1.0,-1.0,-999,99.9329,-999,-999,-999,-999,-999,-999,-999,1.0,-999,-999,-999,-999,437725.0,30209.0
28386,10.676,Dummy,5.343,15.965,6.163,20.79,HMSDIS,-999,-999,-999,-999,56136.961,49.401,55830.274,49.131,49089.152,43.199,170150.235,149.734,76737.382,67.53,0.9988,0.9972,-999,-999,-1.0,-1.0,-1.0,1.0,-1.0,-1.0,-999,99.9799,-999,-999,-999,-999,-999,-999,-999,1.0,-999,-999,-999,-999,125057.0,15446.0
28387,10.676,Dummy,5.343,15.965,6.163,20.79,HMSDIS,-999,-999,-999,-999,44702.109,49.729,44456.497,49.456,39185.935,43.593,135322.226,150.541,61272.596,68.163,0.9989,0.9971,-999,-999,-1.0,-1.0,-1.0,1.0,-1.0,-1.0,-999,99.98,-999,-999,-999,-999,-999,-999,-999,1.0,-999,-999,-999,-999,99160.0,12256.0
28388,10.676,C,5.343,15.965,6.163,20.79,HMSDIS,-999,-999,-999,-999,52159.668,49.923,51873.758,49.65,45815.523,43.851,157349.617,150.603,71638.615,68.567,0.9988,0.9966,-999,-999,-1.0,-1.0,-1.0,1.0,-1.0,-1.0,-999,99.935,-999,-999,-999,-999,-999,-999,-999,1.0,-999,-999,-999,-999,404015.0,24004.0
28390,10.676,C,5.343,15.965,2.978,16.87,HMSDIS,0.44,4.4,0.52,2.0,23100.801,50.765,22955.757,50.447,20350.121,44.721,69320.866,152.337,31796.582,69.875,0.9986,0.9956,-999,-999,-1.0,-1.0,-1.0,1.0,-1.0,-1.0,-999,98.0493,-999,-999,-999,-999,-999,-999,-999,1.0,-999,-999,-999,-999,177757.0,5008303.0
28391,10.676,C,5.343,15.965,2.978,16.87,HMSDIS,0.44,4.4,0.52,2.0,60401.107,49.782,60033.982,49.479,53231.503,43.873,182306.872,150.256,83167.954,68.546,0.9985,0.996,-999,-999,-1.0,-1.0,-1.0,1.0,-1.0,-1.0,-999,98.0612,-999,-999,-999,-999,-999,-999,-999,1.0,-999,-999,-999,-999,463568.0,13009199.0
28392,10.676,Cu,5.343,15.965,2.978,16.87,PI+SIDIS,0.44,4.4,0.52,2.0,75.646,65.587,75.394,65.368,66.757,57.88,169.302,146.788,100.849,87.438,0.9993,0.996,0.9813,0.9767,-1.0,-1.0,-1.0,-1.0,-1.0,1.0,0.99993,0.0284,17.0,12.0,5.0,0.0679525,0.0592396,51.3,0.5,1.0,-999,-999,37160.85395,37111.91405,684104.0,16765696.0
28393,10.676,Cu,5.343,15.965,2.978,16.87,PI+SIDIS,0.44,4.4,0.52,2.0,12.415,16.551,12.379,16.502,10.897,14.527,45.058,60.068,16.794,22.388,1.0,0.994,0.987,0.976,-1.0,-1.0,-1.0,-1.0,-1.0,1.0,1.0,0.0149,2.0,0.833333,1.16667,0.0965631,0.121048,51.3,0.5,1.0,-999,-999,5958.48436,5950.89264,117755.0,2575312.0
28394,10.676,Cu,5.343,15.965,2.978,16.87,PI+SIDIS,0.44,4.4,0.52,2.0,49.116,37.048,48.885,36.874,42.941,32.39,146.359,110.4,67.093,50.609,0.9994,0.996,0.9866,0.9771,-1.0,-1.0,-1.0,-1.0,-1.0,1.0,0.99994,0.0211,5.0,5.16667,-0.166667,-0.00349159,0.0507182,51.3,0.5,1.0,-999,-999,23986.93102,23957.84598,451930.0,10559898.0
28397,10.676,Cu,5.343,15.965,2.978,16.87,HMSDIS,0.44,4.4,0.52,2.0,9452.349,14.935,9404.213,14.859,8254.287,13.042,44095.5,69.673,12876.281,20.345,0.9986,0.9967,-999,-999,-1.0,-1.0,-1.0,1.0,-1.0,-1.0,-999,99.2111,-999,-999,-999,-999,-999,-999,-999,1.0,-999,-999,-999,-999,88439.0,1941117.0
28398,10.676,Cu,5.343,15.965,2.978,16.87,HMSDIS,0.44,4.4,0.52,2.0,20463.882,13.748,20381.394,13.693,17866.245,12.003,95543.753,64.189,27875.26,18.727,0.9985,0.9964,-999,-999,-1.0,-1.0,-1.0,1.0,-1.0,-1.0,-999,99.2506,-999,-999,-999,-999,-999,-999,-999,1.0,-999,-999,-999,-999,191527.0,4181786.0
28399,10.676,Cu,5.343,15.965,2.978,16.87,HMSDIS,0.44,4.4,0.52,2.0,20810.882,25.541,20716.52,25.425,18195.285,22.331,78106.464,95.858,28400.921,34.856,0.9987,0.9961,-999,-999,-1.0,-1.0,-1.0,1.0,-1.0,-1.0,-999,98.408,-999,-999,-999,-999,-999,-999,-999,1.0,-999,-999,-999,-999,188658.0,4418279.0
28400,10.676,Cu,5.343,15.965,2.978,16.87,HMSDIS,0.44,4.4,0.52,2.0,3395.593,40.232,3376.524,40.007,2963.906,35.118,12723.385,150.752,4628.463,54.84,0.9985,0.9958,-999,-999,-1.0,-1.0,-1.0,1.0,-1.0,-1.0,-999,98.3336,-999,-999,-999,-999,-999,-999,-999,1.0,-999,-999,-999,-999,30380.0,723480.0
28402,10.676,Al,5.343,15.965,2.978,16.87,HMSDIS,0.44,4.4,0.52,2.0,83622.509,47.388,83142.02,47.116,73120.52,41.437,258129.643,146.281,114234.185,64.736,0.9989,0.9969,-999,-999,-1.0,-1.0,-1.0,1.0,-1.0,-1.0,-999,99.5049,-999,-999,-999,-999,-999,-999,-999,1.0,-999,-999,-999,-999,191377.0,4227689.0
28403,10.676,LD2,5.343,15.965,2.978,16.87,HMSDIS,0.44,4.4,0.52,2.0,54022.225,49.372,53703.891,49.081,47221.666,43.157,163237.78,149.186,73759.35,67.41,0.9986,0.9961,-999,-999,-1.0,-1.0,-1.0,1.0,-1.0,-1.0,-999,96.9462,-999,-999,-999,-999,-999,-999,-999,1.0,-999,-999,-999,-999,484111.0,19939845.0
28404,10.676,LD2,5.343,15.965,2.978,16.87,PI+SIDIS,0.44,4.4,0.52,2.0,72.314,57.087,72.009,56.846,63.321,49.988,181.879,143.581,98.081,77.428,0.9987,0.9963,0.9839,0.9759,-1.0,-1.0,-1.0,-1.0,-1.0,1.0,0.9999,0.0374,28.0,17.3333,10.6667,0.152001,0.0791987,51.3,0.5,1.0,-999,-999,35390.21053,35343.44347,645245.0,27058263.0
28405,10.676,LD2,5.343,15.965,2.978,16.87,PI+SIDIS,0.44,4.4,0.52,2.0,22.002,50.311,21.931,50.15,19.251,44.02,54.807,125.326,29.371,67.162,1.0,0.9956,0.9846,0.9772,-1.0,-1.0,-1.0,-1.0,-1.0,1.0,0.99997,0.0385,8.0,5.83333,2.16667,0.101103,0.139772,51.3,0.5,1.0,-999,-999,10704.05849,10689.06651,196907.0,8228218.0
28406,10.676,LD2,5.343,15.965,2.978,16.87,PI+SIDIS,0.44,4.4,0.52,2.0,57.403,62.714,57.251,62.548,50.224,54.871,131.262,143.408,76.329,83.391,0.9986,0.9963,0.9836,0.9757,-1.0,-1.0,-1.0,-1.0,-1.0,1.0,0.99989,0.0412,16.0,14.0,2.0,0.0358582,0.0767678,51.3,0.5,1.0,-999,-999,28112.26179,28078.54621,510217.0,21675258.0
28408,10.676,LD2,5.343,13.5,2.806,14.74,PI+SIDIS,-999,-999,-999,-999,46.321,34.649,46.061,34.454,40.325,30.164,203.664,152.343,63.004,47.127,0.9987,0.9966,0.9814,0.9784,-1.0,-1.0,-1.0,-1.0,-1.0,1.0,0.99967,0.0457,158.0,113.167,44.8333,0.996459,0.29558,51.3,0.5,1.0,-999,-999,22636.71879,22609.43621,2342062.0,32701247.0
28409,10.676,LD2,5.343,13.5,2.806,14.74,PI+SIDIS,-999,-999,-999,-999,40.972,33.982,40.707,33.762,35.664,29.579,180.275,149.518,55.715,46.209,0.9984,0.9963,0.9811,0.9788,-1.0,-1.0,-1.0,-1.0,-1.0,1.0,0.9997,0.0454,124.0,101.0,23.0,0.57835,0.298412,51.3,0.5,1.0,-999,-999,19995.02953,19969.56947,2068663.0,28918514.0
28410,10.676,LD2,5.343,13.5,2.806,14.74,HMSDIS,-999,-999,-999,-999,33594.429,32.555,33366.443,32.334,29254.221,28.349,147893.702,143.318,45691.641,44.278,0.9988,0.9963,-999,-999,-1.0,-1.0,-1.0,3.0,-1.0,-1.0,-999,95.5147,-999,-999,-999,-999,-999,-999,-999,1.0,-999,-999,-999,-999,1699787.0,23711274.0
28411,10.676,LD2,5.343,13.5,2.806,14.74,HMSDIS,-999,-999,-999,-999,41639.174,34.362,41361.861,34.133,36270.941,29.932,182792.756,150.848,56659.871,46.758,0.9986,0.9965,-999,-999,-1.0,-1.0,-1.0,3.0,-1.0,-1.0,-999,95.4475,-999,-999,-999,-999,-999,-999,-999,1.0,-999,-999,-999,-999,2106708.0,29458578.0
28412,10.676,Dummy,5.343,13.5,2.806,14.74,HMSDIS,-999,-999,-999,-999,41434.537,44.782,41222.28,44.552,36285.253,39.216,129147.579,139.58,56681.515,61.26,0.9988,0.9971,-999,-999,-1.0,-1.0,-1.0,1.0,-1.0,-1.0,-999,98.9902,-999,-999,-999,-999,-999,-999,-999,1.0,-999,-999,-999,-999,374952.0,3760598.0
28413,10.676,Dummy,5.343,13.5,2.806,14.74,HMSDIS,-999,-999,-999,-999,62218.885,49.521,61922.309,49.285,54506.017,43.382,188934.841,150.376,85178.807,67.795,0.9991,0.9968,-999,-999,-1.0,-1.0,-1.0,1.0,-1.0,-1.0,-999,98.9638,-999,-999,-999,-999,-999,-999,-999,1.0,-999,-999,-999,-999,561400.0,5672283.0
28415,10.676,LH2,5.343,13.5,2.806,14.74,HMSDIS,-999,-999,-999,-999,74769.861,65.173,74584.885,65.012,65639.212,57.214,170042.195,148.216,102126.386,89.018,0.999,0.9962,-999,-999,-1.0,-1.0,-1.0,3.0,-1.0,-1.0,-999,95.5257,-999,-999,-999,-999,-999,-999,-999,1.0,-999,-999,-999,-999,1922577.0,27064775.0
28416,10.676,LH2,5.343,13.5,2.806,14.74,HMSDIS,-999,-999,-999,-999,81824.766,66.156,81606.875,65.98,71850.513,58.092,184981.848,149.559,111727.286,90.332,0.9989,0.9961,-999,-999,-1.0,-1.0,-1.0,3.0,-1.0,-1.0,-999,95.5065,-999,-999,-999,-999,-999,-999,-999,1.0,-999,-999,-999,-999,2107717.0,29594190.0
28417,10.676,LD2,-5.343,13.5,5.051,14.74,PI+SIDIS,-999,-999,-999,-999,120.814,69.88,120.448,69.669,106.153,61.401,261.905,151.49,160.701,92.952,0.998,0.8807,0.9897,0.9826,-1.0,-1.0,-1.0,-1.0,-1.0,1.0,0.99952,0.0064,79790.0,2881.0,76909.0,651.449,2.39983,51.2361,0.386491,1.0,-999,-999,59266.41738,59196.30762,97718883.0,13463846.0
28418,10.676,LD2,-5.343,13.5,5.051,14.74,PI+SIDIS,-999,-999,-999,-999,121.951,68.631,121.652,68.463,107.252,60.36,266.597,150.035,162.34,91.362,0.998,0.8793,0.9911,0.9833,-1.0,-1.0,-1.0,-1.0,-1.0,1.0,0.9995,0.0064,80736.0,2902.17,77833.8,652.304,2.38843,51.2361,0.386824,1.0,-999,-999,59823.44675,59748.29325,98671857.0,13569760.0
28419,10.676,LD2,-5.343,13.5,-5.051,14.74,PI-SIDIS,-999,-999,-999,-999,128.519,70.081,128.073,69.837,113.007,61.622,277.607,151.377,170.78,93.125,0.998,0.9067,0.9919,0.9732,-1.0,-1.0,-1.0,-1.0,-1.0,1.0,0.99963,0.006,45720.0,2737.17,42982.8,345.674,1.72815,51.2293,0.388389,1.0,-999,-999,62987.66348,62908.27352,103795673.0,75278483.0
28420,10.676,LD2,-5.343,13.5,-5.051,14.74,PI-SIDIS,-999,-999,-999,-999,27.92,67.23,27.819,66.988,24.559,59.137,61.517,148.132,37.148,89.452,0.9978,0.9124,0.9919,0.9717,-1.0,-1.0,-1.0,-1.0,-1.0,1.0,0.99959,0.0059,9926.0,592.5,9333.5,346.182,3.71361,51.232,0.386471,1.0,-999,-999,13570.63318,13556.46882,22566898.0,16356545.0
28421,10.676,Dummy,-5.343,13.5,-5.051,14.74,PI-SIDIS,-999,-999,-999,-999,87.137,49.731,86.676,49.468,76.765,43.812,263.354,150.304,119.98,68.476,0.9995,0.8877,0.9941,0.9844,-1.0,-1.0,-1.0,-1.0,-1.0,1.0,1.0,0.0007,3935.0,47.5,3887.5,45.5845,0.736301,51.227,0.383328,1.0,-999,-999,42625.33722,42564.93678,13779821.0,10268906.0
28422,10.676,Dummy,-5.343,13.5,-5.051,14.74,PI-SIDIS,-999,-999,-999,-999,84.456,47.617,83.969,47.343,74.417,41.957,258.762,145.893,116.295,65.568,0.999,0.9021,0.9922,0.9842,-1.0,-1.0,-1.0,-1.0,-1.0,1.0,1.0,0.0007,3668.0,41.8333,3626.17,43.9218,0.734276,51.2171,0.399228,1.0,-999,-999,41386.95495,41333.19305,13353318.0,9945179.0
28423,10.676,LH2,-5.343,13.5,-5.051,14.74,PI-SIDIS,-999,-999,-999,-999,126.014,68.308,125.633,68.102,111.226,60.292,274.826,148.975,166.417,90.21,0.9987,0.8737,0.9935,0.9713,-1.0,-1.0,-1.0,-1.0,-1.0,1.0,0.99991,0.0027,12492.0,581.833,11910.2,97.738,0.920748,51.226,0.388778,1.0,-999,-999,61781.04385,61701.51315,54212071.0,38574961.0
28424,10.676,LH2,-5.343,13.5,-5.051,14.74,PI-SIDIS,-999,-999,-999,-999,118.416,66.76,118.128,66.597,104.159,58.722,260.589,146.913,155.825,87.85,0.9989,0.8715,0.9933,0.9717,-1.0,-1.0,-1.0,-1.0,-1.0,1.0,0.99991,0.0027,11956.0,550.333,11405.7,99.4837,0.957378,51.2641,0.381808,1.0,-999,-999,58086.70337,58011.55263,51004088.0,36253554.0
28425,10.676,LH2,-3.642,16.75,3.632,13.505,PI+SIDIS,0.25,3.3,0.5,5.2,129.801,70.268,129.35,70.023,114.068,61.75,278.269,150.64,170.306,92.195,0.9993,0.9954,0.9855,0.9801,-1.0,-1.0,-1.0,-1.0,-1.0,1.0,0.9996,0.026,33391.0,5249.5,28141.5,222.224,1.46175,51.2233,0.403629,1.0,-999,-999,63609.73313,63533.70187,18335610.0,67706147.0
28426,10.676,LH2,-3.642,16.75,3.632,13.505,PI+SIDIS,0.25,3.3,0.5,5.2,125.162,69.15,124.783,68.941,110.221,60.895,270.551,149.475,164.032,90.625,0.9993,0.9955,0.9845,0.9796,-1.0,-1.0,-1.0,-1.0,-1.0,1.0,0.99963,0.0259,32359.0,5108.67,27250.3,223.168,1.49244,51.2268,0.395987,1.0,-999,-999,61441.05352,61364.08548,17679321.0,65062254.0
28427,10.676,LH2,-3.642,16.75,3.632,13.505,HMSDIS,0.25,3.3,0.5,5.2,57137.565,69.959,56993.666,69.783,50339.302,61.635,122814.316,150.373,75071.039,91.916,0.9993,0.996,-999,-999,-1.0,-1.0,-1.0,9.0,-1.0,-1.0,-999,97.4057,-999,-999,-999,-999,-999,-999,-999,1.0,-999,-999,-999,-999,8073568.0,29665709.0
28428,10.676,LH2,-3.642,16.75,3.632,13.505,HMSDIS,0.25,3.3,0.5,5.2,53918.015,68.045,53792.647,67.886,47497.976,59.943,117166.576,147.864,70683.908,89.203,0.9993,0.9971,-999,-999,-1.0,-1.0,17.0,-1.0,-1.0,-1.0,-999,97.4193,-999,-999,-999,-999,-999,-999,-999,1.0,-999,-999,-999,-999,7624556.0,28011245.0
28429,10.676,Dummy,-3.642,16.75,3.632,13.505,PI+SIDIS,0.25,3.3,0.5,5.2,88.998,49.928,88.603,49.707,78.293,43.923,264.991,148.661,122.333,68.63,0.9997,0.9934,0.9889,0.9829,-1.0,-1.0,-1.0,-1.0,-1.0,1.0,0.99995,0.0058,5848.0,283.833,5564.17,63.9137,0.881956,51.2725,0.391809,1.0,-999,-999,43568.62342,43512.79358,4791976.0,12241849.0
28431,10.676,Dummy,-3.642,16.75,3.632,13.505,PI+SIDIS,0.25,3.3,0.5,5.2,89.855,50.604,89.4,50.347,78.945,44.459,266.016,149.813,123.366,69.476,0.9996,0.9949,0.9854,0.9828,-1.0,-1.0,-1.0,-1.0,-1.0,1.0,0.99994,0.0059,5934.0,278.0,5656.0,64.4029,0.880559,51.2686,0.386151,1.0,-999,-999,43955.61728,43908.33572,4839153.0,12380642.0
28432,10.676,Dummy,-3.642,16.75,3.632,13.505,PI+SIDIS,0.25,3.3,0.5,5.2,48.208,50.973,47.925,50.674,42.334,44.762,142.254,150.413,66.118,69.91,0.9995,0.9959,0.9866,0.9831,-1.0,-1.0,-1.0,-1.0,-1.0,1.0,0.99995,0.0059,3244.0,154.833,3089.17,65.6022,1.21433,51.2781,0.37827,1.0,-999,-999,23518.74383,23491.06617,2592247.0,6648199.0
28435,10.676,LH2,-3.642,16.75,3.632,13.505,BCM,0.25,3.3,0.5,5.2,99.089,37.901,98.73,37.764,86.743,33.179,299.126,114.414,132.568,50.707,0.9994,0.9951,0.9855,0.9811,-1.0,-1.0,-1.0,-1.0,-1.0,1.0,0.99969,0.0194,24635.0,3061.0,21574.0,222.927,1.63855,51.2701,0.390512,1.0,-999,-999,48585.97574,48353.80826,14061411.0,50859279.0
28437,10.676,Dummy,-3.642,16.75,3.632,13.505,HMSDIS,0.25,3.3,0.5,5.2,529.506,50.964,526.459,50.67,462.636,44.528,1582.837,152.344,722.746,69.562,0.9995,0.996,-999,-999,-1.0,-1.0,-1.0,1.0,-1.0,-1.0,-999,99.4048,-999,-999,-999,-999,-999,-999,-999,1.0,-999,-999,-999,-999,28334.0,73435.0
28440,10.676,LD2,-3.642,16.75,3.632,13.505,PI+SIDIS,0.25,3.3,0.5,5.2,56.55,51.773,56.276,51.522,49.414,45.24,150.1,137.421,77.167,70.649,0.9992,0.9964,0.9822,0.977,-1.0,-1.0,-1.0,-1.0,-1.0,1.0,0.99835,0.0427,27973.0,6990.83,20982.2,382.559,3.11228,51.2657,0.403052,1.0,-999,-999,27682.08625,27520.27075,15324031.0,59466913.0
28441,10.676,LD2,-3.642,16.75,3.632,13.505,PI+SIDIS,0.25,3.3,0.5,5.2,69.78,56.821,69.44,56.544,60.979,49.654,179.341,146.035,95.25,77.561,0.9991,0.9963,0.9812,0.9769,-1.0,-1.0,-1.0,-1.0,-1.0,1.0,0.99828,0.0438,34728.0,8780.17,25947.8,383.512,2.81177,51.2583,0.397286,1.0,-999,-999,34298.00279,34100.68721,18899413.0,73427004.0
28443,10.676,LD2,-3.642,16.75,3.632,13.505,HMSDIS,0.25,3.3,0.5,5.2,48155.27,57.001,47940.616,56.746,42097.099,49.83,123621.821,146.329,65750.953,77.828,0.9992,0.9966,-999,-999,-1.0,-1.0,-1.0,9.0,-1.0,-1.0,-999,95.6164,-999,-999,-999,-999,-999,-999,-999,1.0,-999,-999,-999,-999,13046802.0,50554439.0
28444,10.676,LD2,-3.642,16.75,3.632,20.0,PI+SIDIS,-999,-999,-999,-999,95.427,60.35,95.127,60.16,83.41,52.751,228.514,144.518,128.283,81.129,0.9991,0.9962,0.9884,0.9822,-1.0,-1.0,-1.0,-1.0,-1.0,1.0,0.9999,0.0053,8508.0,684.0,7824.0,83.8226,0.994801,51.298,0.385791,1.0,-999,-999,46864.05446,46598.76454,25813524.0,6059917.0
28445,10.676,LD2,-3.642,16.75,3.632,20.0,PI+SIDIS,-999,-999,-999,-999,124.723,68.633,124.433,68.474,108.994,59.978,271.68,149.501,165.303,90.963,0.999,0.996,0.9901,0.9819,-1.0,-1.0,-1.0,-1.0,-1.0,1.0,0.99983,0.0058,11194.0,974.167,10219.8,83.7435,0.873226,51.2946,0.377261,1.0,-999,-999,61332.26798,60977.28602,33710640.0,8002424.0
28446,10.676,LD2,-3.642,16.75,3.632,20.0,PI+SIDIS,-999,-999,-999,-999,130.062,70.464,129.734,70.286,113.665,61.58,279.653,151.508,172.037,93.204,0.9989,0.9959,0.9917,0.9821,-1.0,-1.0,-1.0,-1.0,-1.0,1.0,0.99985,0.0058,11704.0,1049.83,10654.2,83.7248,0.856493,51.3063,0.376766,1.0,-999,-999,63950.47153,63585.12947,35151055.0,8369146.0
28447,10.676,LD2,-3.642,16.75,3.632,20.0,PI+SIDIS,-999,-999,-999,-999,120.822,67.985,120.379,67.736,105.56,59.397,264.706,148.947,159.686,89.853,0.999,0.9963,0.9892,0.9831,-1.0,-1.0,-1.0,-1.0,-1.0,1.0,0.99981,0.0058,10895.0,962.667,9932.33,84.0272,0.889522,51.3015,0.382554,1.0,-999,-999,59381.15156,59048.51944,32645476.0,7775312.0
28448,10.676,LD2,-3.642,16.75,3.632,20.0,PI+SIDIS,-999,-999,-999,-999,127.607,67.902,127.167,67.668,111.566,59.366,278.627,148.261,169.01,89.933,0.9989,0.9963,0.9904,0.9827,-1.0,-1.0,-1.0,-1.0,-1.0,1.0,1.00019,0.0058,11435.0,1003.0,10432.0,83.57,0.862883,51.2923,0.381325,1.0,-999,-999,62703.2715,62338.1195,34488773.0,8227125.0
28450,10.676,Dummy,-3.642,16.75,3.632,20.0,PI+SIDIS,-999,-999,-999,-999,94.056,50.287,93.587,50.037,82.255,43.978,283.237,151.434,128.536,68.723,0.9996,0.9944,0.9924,0.9852,-1.0,-1.0,-1.0,-1.0,-1.0,1.0,0.99998,0.0009,1328.0,25.1667,1302.83,14.1362,0.39603,51.2859,0.3891,1.0,-999,-999,46129.58553,45873.13247,5062406.0,1113620.0
28451,10.676,Dummy,-3.642,16.75,3.632,20.0,PI+SIDIS,-999,-999,-999,-999,149.457,49.939,148.755,49.704,130.819,43.711,451.514,150.865,204.385,68.291,0.9995,0.9944,0.9937,0.9857,-1.0,-1.0,-1.0,-1.0,-1.0,1.0,1.0,0.0009,2149.0,31.5,2117.5,14.4486,0.316701,51.2991,0.388805,1.0,-999,-999,73385.23962,72974.38838,8044992.0,1774792.0
28452,10.676,Dummy,-3.642,16.75,3.632,20.0,PI+SIDIS,-999,-999,-999,-999,126.743,48.875,126.012,48.593,110.96,42.789,385.38,148.611,173.359,66.851,0.9995,0.9927,0.9981,0.9843,-1.0,-1.0,-1.0,-1.0,-1.0,1.0,0.99996,0.0008,1887.0,30.5,1856.5,14.9757,0.350884,51.2631,0.38586,1.0,-999,-999,62134.8007,61793.8283,6824778.0,1507073.0
28453,10.676,LH2,-3.642,16.75,3.632,20.0,PI+SIDIS,-999,-999,-999,-999,104.816,64.947,104.453,64.722,91.945,56.972,235.543,145.949,139.48,86.426,0.9993,0.9956,0.9906,0.9836,-1.0,-1.0,-1.0,-1.0,-1.0,1.0,0.99998,0.0027,5269.0,219.833,5049.17,49.1805,0.709483,51.2803,0.381612,1.0,-999,-999,51549.51044,51259.21356,14825276.0,3438794.0
28454,10.676,LH2,-3.642,16.75,3.632,20.0,PI+SIDIS,-999,-999,-999,-999,118.947,70.097,118.614,69.901,104.451,61.554,257.141,151.536,158.128,93.186,0.9994,0.9951,0.9875,0.9833,-1.0,-1.0,-1.0,-1.0,-1.0,1.0,0.99996,0.0028,5929.0,242.833,5686.17,48.7836,0.66286,51.2648,0.374397,1.0,-999,-999,58452.93856,58124.01644,16814010.0,3890013.0
28455,10.676,LH2,-3.642,16.75,3.632,20.0,PI+SIDIS,-999,-999,-999,-999,128.391,68.471,128.079,68.305,112.848,60.182,280.626,149.658,170.868,91.124,0.9993,0.9947,0.9905,0.9846,-1.0,-1.0,-1.0,-1.0,-1.0,1.0,0.99994,0.0028,6351.0,272.5,6078.5,48.2379,0.634689,51.2719,0.387449,1.0,-999,-999,63128.11659,62771.53441,18153486.0,4199986.0
28456,10.676,LH2,-3.642,16.75,3.632,20.0,PI+SIDIS,-999,-999,-999,-999,109.196,68.15,108.923,67.979,96.029,59.932,239.211,149.292,145.269,90.663,0.9995,0.9959,0.9873,0.9846,-1.0,-1.0,-1.0,-1.0,-1.0,1.0,0.99996,0.0028,5422.0,230.667,5191.33,48.4321,0.689395,51.2679,0.376348,1.0,-999,-999,53654.74237,53352.69163,15444262.0,3574193.0
28457,10.676,LH2,-3.642,16.75,3.632,20.0,PI+SIDIS,-999,-999,-999,-999,123.721,68.009,123.278,67.766,108.797,59.806,271.752,149.381,164.527,90.44,0.9993,0.9954,0.9905,0.985,-1.0,-1.0,-1.0,-1.0,-1.0,1.0,0.99994,0.0028,6185.0,268.667,5916.33,48.7595,0.650493,51.2667,0.380834,1.0,-999,-999,60868.53824,60529.77176,17494624.0,4046367.0
28458,10.676,LH2,-3.642,16.75,3.632,20.0,PI+SIDIS,-999,-999,-999,-999,125.322,69.148,124.885,68.907,110.262,60.838,273.085,150.678,166.621,91.935,0.9992,0.9948,0.9923,0.9848,-1.0,-1.0,-1.0,-1.0,-1.0,1.0,0.99994,0.0028,6402.0,260.333,6141.67,49.9807,0.653342,51.2622,0.378784,1.0,-999,-999,61546.75249,61198.85351,17715719.0,4095632.0
28459,10.676,C,-5.343,15.97,2.978,12.865,PI+SIDIS,0.44,4.4,0.52,-2.0,67.178,39.081,66.811,38.868,58.947,34.293,253.655,147.566,92.101,53.581,0.9993,0.8369,0.9821,0.9792,-1.0,-1.0,-1.0,-1.0,-1.0,1.0,0.99976,0.0418,16300.0,5348.83,10951.2,167.552,2.00607,51.2092,0.398434,1.0,-999,-999,32920.92834,32737.54566,10690694.0,57684034.0
28460,10.676,C,-5.343,15.97,2.978,14.865,PI+SIDIS,0.44,4.4,0.52,0.0,92.314,50.638,91.893,50.407,81.338,44.617,277.711,152.335,127.097,69.717,0.9993,0.8426,0.9857,0.9801,-1.0,-1.0,-1.0,-1.0,-1.0,1.0,0.99971,0.0322,21333.0,5057.33,16275.7,180.89,1.65507,51.2179,0.396475,1.0,-999,-999,45292.79683,45041.58117,14725857.0,40504347.0
28461,10.676,C,-5.343,15.97,2.978,14.865,PI+SIDIS,0.44,4.4,0.52,0.0,87.508,49.822,87.021,49.545,77.083,43.886,264.532,150.609,120.448,68.576,0.9993,0.8459,0.9844,0.98,-1.0,-1.0,-1.0,-1.0,-1.0,1.0,0.99972,0.032,20089.0,4780.33,15308.7,179.685,1.69629,51.2133,0.399619,1.0,-999,-999,42984.93708,42746.64692,13953786.0,38292483.0
28462,10.676,C,-5.343,15.97,2.978,14.865,PI+SIDIS,0.44,4.4,0.52,0.0,94.652,50.614,94.121,50.33,83.392,44.593,284.877,152.334,130.286,69.669,0.9993,0.8402,0.9842,0.9801,-1.0,-1.0,-1.0,-1.0,-1.0,1.0,0.99976,0.0322,21763.0,5175.67,16587.3,179.982,1.63212,51.2152,0.394735,1.0,-999,-999,46394.42906,46137.51394,15093542.0,41403452.0
28463,10.676,C,-5.343,15.97,2.978,16.87,PI+SIDIS,0.44,4.4,0.52,2.0,84.418,49.352,83.995,49.105,73.878,43.19,255.914,149.611,115.193,67.344,0.9994,0.8327,0.9878,0.9818,-1.0,-1.0,-1.0,-1.0,-1.0,1.0,0.99984,0.0194,16926.0,2475.83,14450.2,175.359,1.59795,51.286,0.370834,1.0,-999,-999,41393.13842,41160.44158,13460060.0,18139080.0
28464,10.676,C,-5.343,15.97,2.978,16.87,PI+SIDIS,0.44,4.4,0.52,2.0,74.163,47.68,73.818,47.459,64.834,41.683,227.278,146.119,101.308,65.132,0.9992,0.8336,0.9856,0.9817,-1.0,-1.0,-1.0,-1.0,-1.0,1.0,0.99985,0.0193,14693.0,2126.0,12567.0,173.582,1.69435,51.2824,0.380739,1.0,-999,-999,36362.53893,36160.43307,11825245.0,15938190.0
28465,10.676,C,-5.343,15.97,2.978,16.87,PI+SIDIS,0.44,4.4,0.52,2.0,111.611,48.584,111.085,48.355,97.991,42.655,339.993,147.998,153.237,66.704,0.9992,0.8427,0.9879,0.982,-1.0,-1.0,-1.0,-1.0,-1.0,1.0,0.99982,0.0193,22321.0,3221.67,19099.3,175.258,1.38732,51.2449,0.381767,1.0,-999,-999,54765.92739,54462.25861,17796962.0,24073153.0
28466,10.676,C,-5.343,15.97,2.978,16.87,PI+SIDIS,0.44,4.4,0.52,2.0,56.984,49.44,56.658,49.156,50.11,43.475,172.608,149.755,78.354,67.98,0.9992,0.8267,0.9862,0.9812,-1.0,-1.0,-1.0,-1.0,-1.0,1.0,0.99983,0.0194,11167.0,1635.5,9531.5,171.619,1.92579,51.2267,0.378106,1.0,-999,-999,27985.51743,27830.65957,9089512.0,12312743.0
28467,10.676,C,-5.343,15.97,2.978,16.87,PI+SIDIS,0.44,4.4,0.52,2.0,71.434,50.211,71.029,49.926,62.898,44.211,215.234,151.288,98.335,69.12,0.9993,0.8427,0.9865,0.9821,-1.0,-1.0,-1.0,-1.0,-1.0,1.0,0.99981,0.0195,14292.0,2063.5,12228.5,175.456,1.73582,51.2242,0.391555,1.0,-999,-999,34988.77634,34794.56366,11386698.0,15426356.0
28468,10.676,C,-5.343,15.97,2.978,14.87,PI+SIDIS,0.44,4.4,0.52,0.0,86.37,49.252,85.957,49.016,75.526,43.068,261.919,149.357,117.76,67.151,0.9992,0.8414,0.9844,0.979,-1.0,-1.0,-1.0,-1.0,-1.0,1.0,0.99972,0.032,19472.0,4666.17,14805.8,176.132,1.69284,51.2741,0.377377,1.0,-999,-999,42355.8019,42121.9051,13782457.0,37702029.0
28469,10.676,C,-5.343,15.97,2.978,14.87,PI+SIDIS,0.44,4.4,0.52,0.0,83.331,48.775,82.946,48.549,72.94,42.693,254.072,148.713,114.028,66.742,0.9992,0.8481,0.984,0.9791,-1.0,-1.0,-1.0,-1.0,-1.0,1.0,0.99977,0.0318,18895.0,4495.5,14399.5,177.489,1.72759,51.2573,0.377737,1.0,-999,-999,40870.59989,40640.72011,13286375.0,36271823.0
28470,10.676,C,-5.343,15.97,2.978,12.87,PI+SIDIS,0.44,4.4,0.52,-2.0,72.912,42.0,72.465,41.743,63.761,36.729,261.004,150.35,99.65,57.403,0.9993,0.8342,0.9815,0.9772,-1.0,-1.0,-1.0,-1.0,-1.0,1.0,0.9997,0.0444,17944.0,6129.83,11814.2,167.003,1.94673,51.2288,0.394041,1.0,-999,-999,35710.82758,35510.16442,11614629.0,62597709.0
28471,10.676,C,-5.343,15.97,2.978,12.87,PI+SIDIS,0.44,4.4,0.52,-2.0,71.938,41.421,71.469,41.151,62.9,36.217,257.703,148.383,98.282,56.59,0.9992,0.8481,0.9819,0.9774,-1.0,-1.0,-1.0,-1.0,-1.0,1.0,0.99973,0.0442,17836.0,5980.33,11855.7,169.903,1.96668,51.2229,0.394697,1.0,-999,-999,35217.70031,35020.71969,11458492.0,61543300.0
