toy,success,message,nit,nfev,chi2,bad_branch_flag_abs_param_gt_5,physical_branch_flag,dthe_C,dthe_E,dthe_D,dpe_C,dpe_E,dpe_D,dthp,dpp
0,True,Optimization terminated successfully.,2707,4053,23.7183,1,0,2.8021,2.5443,2.3695,-6.5573,-6.4972,-6.5058,-2.6360,12.2559
1,True,Optimization terminated successfully.,2267,3387,5.8141,0,1,-0.0008,-0.2501,-0.3437,-0.1690,-0.0377,-0.1745,0.7789,3.1986
2,True,Optimization terminated successfully.,2600,3871,10.5716,0,1,-0.0571,-0.1894,-0.4571,-0.1339,0.0565,-0.0401,0.8804,3.1030
3,True,Optimization terminated successfully.,2853,4288,23.8108,1,0,1.3287,1.1984,1.0829,-3.3708,-3.2852,-3.4048,-0.8432,7.7883
4,True,Optimization terminated successfully.,2229,3339,22.3631,1,0,1.1116,0.9066,0.8300,-2.7265,-2.6473,-2.8795,-0.4420,6.9223
5,True,Optimization terminated successfully.,2464,3710,3.1717,1,0,2.1629,2.0085,1.7909,-5.1455,-5.1187,-5.1734,-1.8311,10.3254
6,True,Optimization terminated successfully.,2690,4027,10.4396,0,1,-1.4111,-1.4980,-1.7332,3.0400,3.1337,3.0009,2.6221,-1.2435
7,True,Optimization terminated successfully.,2528,3784,26.6180,1,0,0.9408,0.8377,0.5805,-2.4070,-2.2607,-2.4053,-0.3699,6.3943
8,True,Optimization terminated successfully.,2478,3692,10.7369,0,1,0.4400,0.3475,0.1024,-1.3296,-1.1498,-1.3391,0.3253,4.7994
9,True,Optimization terminated successfully.,2504,3727,7.9693,1,0,-2.7847,-3.0340,-3.2069,6.3297,6.3904,6.1867,4.6196,-5.9298
10,True,Optimization terminated successfully.,2441,3617,14.6243,0,1,-1.2712,-1.3740,-1.5984,2.5336,2.6872,2.5327,2.4387,-0.6669
11,True,Optimization terminated successfully.,2375,3579,7.8126,1,0,-2.7292,-2.8372,-3.0422,6.0572,6.1419,6.0474,4.2950,-5.5591
12,True,Optimization terminated successfully.,2287,3443,15.7567,1,0,4.9488,4.6834,4.5580,-11.4069,-11.2673,-11.4010,-5.2197,19.1465
13,True,Optimization terminated successfully.,2792,4198,18.0335,0,1,-1.9321,-2.0629,-2.2818,4.1509,4.2752,4.1394,3.2025,-2.9082
14,True,Optimization terminated successfully.,2910,4360,7.7961,1,0,3.7439,3.6770,3.3951,-8.8413,-8.8332,-8.8175,-3.8863,15.5823
15,True,Optimization terminated successfully.,2509,3735,7.1371,1,0,0.7346,0.5793,0.4035,-1.7426,-1.6535,-1.7141,0.1043,5.5188
16,True,Optimization terminated successfully.,2735,4069,4.9512,0,1,-0.2905,-0.5346,-0.7865,0.6450,0.7208,0.5744,1.3347,2.1330
17,True,Optimization terminated successfully.,2591,3888,2.4036,0,1,-1.6249,-1.7353,-1.9214,3.3384,3.5563,3.3533,2.8434,-1.8061
18,True,Optimization terminated successfully.,2759,4073,14.0335,1,0,2.2475,2.1162,1.9113,-5.2923,-5.2416,-5.3845,-1.9493,10.5700
19,True,Optimization terminated successfully.,2638,3931,9.5767,1,0,1.2636,1.0962,0.9238,-3.1214,-2.9836,-3.1034,-0.7642,7.4141
20,True,Optimization terminated successfully.,2426,3632,12.7391,1,0,2.5347,2.3915,2.1426,-6.0157,-5.8788,-6.0275,-2.2062,11.4426
21,True,Optimization terminated successfully.,2253,3384,17.6617,0,1,0.3677,0.1698,0.0127,-0.9360,-0.9340,-0.9555,0.5045,4.3708
22,True,Optimization terminated successfully.,2740,4094,4.6333,1,0,0.9594,0.8825,0.6030,-2.5991,-2.5049,-2.6624,-0.4866,6.7169
23,True,Optimization terminated successfully.,3083,4576,13.4913,1,0,1.3839,1.2936,1.0972,-3.4522,-3.3899,-3.4373,-0.9008,7.8921
24,True,Optimization terminated successfully.,2795,4230,18.7111,1,0,3.0151,2.9061,2.7106,-7.3396,-7.1492,-7.2996,-3.0688,13.3115
25,True,Optimization terminated successfully.,2563,3828,10.5470,0,1,0.3424,0.2206,-0.0793,-1.0937,-1.0357,-1.1062,0.3285,4.4794
26,True,Optimization terminated successfully.,2897,4346,11.4333,1,0,-4.1359,-4.2399,-4.4677,9.2592,9.2912,9.2312,6.0659,-10.0881
27,True,Optimization terminated successfully.,2417,3621,14.2043,0,1,0.1417,0.0535,-0.1961,-0.6766,-0.6068,-0.7306,0.5718,3.9078
28,True,Optimization terminated successfully.,2405,3597,24.5409,1,0,2.3561,2.1819,1.9211,-5.6061,-5.4402,-5.5606,-2.3067,10.8183
29,True,Optimization terminated successfully.,2649,3985,12.8914,1,0,8.0347,7.8645,7.6689,-18.6383,-18.5379,-18.6667,-9.3101,29.4702
30,True,Optimization terminated successfully.,2471,3718,12.0380,1,0,4.9345,4.7022,4.5021,-11.4974,-11.3985,-11.4769,-5.4212,19.1887
31,True,Optimization terminated successfully.,2624,3951,18.3810,1,0,2.0857,1.9351,1.7693,-5.1163,-4.9703,-5.1492,-1.8889,10.2149
32,True,Optimization terminated successfully.,2632,3956,12.0543,0,1,-1.3253,-1.5848,-1.7712,3.0385,3.1244,3.1137,2.6732,-1.3520
33,True,Optimization terminated successfully.,2159,3234,9.9623,1,0,-2.4827,-2.5933,-2.7165,5.4189,5.4535,5.4468,4.0292,-4.6932
34,True,Optimization terminated successfully.,2730,4055,14.7661,1,0,1.2465,1.1272,0.9196,-3.1512,-3.0662,-3.1089,-0.7500,7.4671
35,True,Optimization terminated successfully.,2844,4217,18.1691,0,1,-1.7038,-1.8877,-2.0915,3.8107,3.9052,3.8254,3.1149,-2.4124
36,True,Optimization terminated successfully.,2827,4210,4.6259,1,0,0.8876,0.7387,0.5099,-2.3084,-2.1782,-2.3007,-0.3748,6.2133
37,True,Optimization terminated successfully.,2302,3399,4.8501,0,1,0.2917,0.1388,-0.0256,-0.8438,-0.7117,-0.8337,0.5491,4.1247
38,True,Optimization terminated successfully.,2528,3794,27.6056,1,0,1.8305,1.6398,1.4772,-4.4475,-4.3078,-4.4213,-1.5525,9.2578
39,True,Optimization terminated successfully.,2356,3550,21.1545,1,0,-5.6811,-5.7970,-6.0759,12.8251,13.0236,12.8391,8.2127,-15.2692
40,True,Optimization terminated successfully.,2401,3604,10.6903,1,0,-5.8530,-5.9948,-6.1713,13.2042,13.2695,13.1229,8.2550,-15.6718
41,True,Optimization terminated successfully.,2725,4057,23.0882,1,0,4.0262,3.9050,3.7839,-9.5083,-9.4355,-9.4924,-4.2153,16.4987
42,True,Optimization terminated successfully.,2897,4300,10.9109,1,0,4.5932,4.5282,4.3377,-11.0476,-10.8808,-11.0282,-5.1306,18.5513
43,True,Optimization terminated successfully.,2926,4374,16.2496,1,0,2.4118,2.2605,2.0615,-5.6662,-5.6532,-5.7360,-2.1230,11.0848
44,True,Optimization terminated successfully.,2441,3643,7.1434,0,1,-0.8107,-1.0518,-1.1785,1.7677,1.8649,1.7441,2.1548,0.5044
45,True,Optimization terminated successfully.,2500,3760,11.2475,0,1,0.3648,0.1565,0.0147,-0.9420,-0.9445,-1.0891,0.3846,4.4671
46,True,Optimization terminated successfully.,2480,3718,13.6391,0,1,-1.4023,-1.5396,-1.7478,3.0312,3.1147,2.9633,2.6756,-1.1903
47,True,Optimization terminated successfully.,2472,3720,13.6109,1,0,-2.4537,-2.5622,-2.7225,5.2267,5.3492,5.1858,3.9115,-4.4481
48,True,Optimization terminated successfully.,2553,3853,27.2504,1,0,1.9643,1.8177,1.6677,-4.7799,-4.6475,-4.8130,-1.5956,9.7578
49,True,Optimization terminated successfully.,2755,4088,8.2500,0,1,-0.3315,-0.4350,-0.6757,0.4661,0.5587,0.5273,1.1695,2.2574
50,True,Optimization terminated successfully.,2467,3675,18.2225,1,0,1.8598,1.7553,1.5557,-4.6692,-4.5776,-4.7399,-1.6456,9.5655
51,True,Optimization terminated successfully.,3186,4753,6.6627,0,1,0.1515,0.0904,-0.1741,-0.5632,-0.5006,-0.6393,0.7785,3.8806
52,True,Optimization terminated successfully.,2747,4186,8.4906,1,0,-17.7279,-18.0060,-18.1203,40.5386,40.6610,40.5677,23.4515,-54.4612
53,True,Optimization terminated successfully.,2572,3867,13.9992,1,0,2.4399,2.2786,2.1177,-5.7536,-5.6502,-5.8371,-2.1872,11.2004
54,True,Optimization terminated successfully.,2546,3799,17.7779,1,0,1.5779,1.3442,1.1517,-3.6540,-3.6168,-3.6287,-1.1641,8.1817
55,True,Optimization terminated successfully.,2248,3387,12.4948,0,1,-0.9659,-1.1883,-1.3235,2.0147,2.1694,1.9517,2.0694,0.0921
56,True,Optimization terminated successfully.,2480,3693,15.5272,1,0,-5.3361,-5.4767,-5.6267,11.9959,12.1573,12.0072,7.6478,-14.0494
57,True,Optimization terminated successfully.,2462,3731,8.3158,1,0,-3.0496,-3.2285,-3.4459,6.9075,6.9557,6.8992,4.8711,-6.7759
58,True,Optimization terminated successfully.,2443,3693,16.0620,1,0,1.0432,0.8794,0.6511,-2.5666,-2.4519,-2.5852,-0.3894,6.6226
59,True,Optimization terminated successfully.,2529,3781,12.7353,0,1,-2.1466,-2.3531,-2.5467,4.6853,4.7938,4.6465,3.4865,-3.7245
60,True,Optimization terminated successfully.,2664,3949,20.8303,1,0,3.4905,3.3171,3.1000,-8.1674,-8.1188,-8.2306,-3.5228,14.5832
61,True,Optimization terminated successfully.,2784,4143,9.8123,0,1,-0.4155,-0.4954,-0.7668,0.6984,0.6907,0.6804,1.4317,2.0441
62,True,Optimization terminated successfully.,2377,3543,14.7009,0,1,-0.4584,-0.7029,-0.8311,0.8851,0.9866,0.8202,1.5260,1.7672
63,True,Optimization terminated successfully.,2312,3434,24.0237,1,0,-2.3830,-2.5852,-2.7437,5.3050,5.3797,5.2298,3.9133,-4.5192
64,True,Optimization terminated successfully.,2564,3834,36.3456,1,0,-5.2627,-5.4560,-5.7337,11.9449,12.1307,11.9770,7.6386,-14.0548
65,True,Optimization terminated successfully.,2414,3621,16.7449,1,0,0.5389,0.5010,0.2651,-1.6261,-1.5558,-1.6025,0.1118,5.2556
66,True,Optimization terminated successfully.,2350,3531,18.4852,1,0,7.8061,7.6525,7.4594,-18.1486,-18.0248,-18.1027,-9.0335,28.7114
67,True,Optimization terminated successfully.,2305,3464,26.6436,0,1,-0.8074,-1.0933,-1.2481,1.7646,1.8999,1.7487,1.8948,0.4681
68,True,Optimization terminated successfully.,2251,3376,14.5978,1,0,-2.3411,-2.5160,-2.7460,5.1586,5.2997,5.2510,3.8077,-4.3450
69,True,Optimization terminated successfully.,2325,3465,16.7458,1,0,0.9989,0.8445,0.6064,-2.4015,-2.3619,-2.3441,-0.2733,6.3529
70,True,Optimization terminated successfully.,2246,3347,8.3001,1,0,1.7714,1.6008,1.4051,-4.2794,-4.1593,-4.2781,-1.4345,9.0522
71,True,Optimization terminated successfully.,2872,4286,11.3842,0,1,-0.2491,-0.4357,-0.5964,0.2035,0.2279,0.1853,0.9605,2.7213
72,True,Optimization terminated successfully.,2694,3989,29.5288,1,0,2.4936,2.4361,2.1452,-5.8653,-5.7554,-5.9060,-2.1996,11.2750
73,True,Optimization terminated successfully.,2780,4157,27.2407,1,0,-3.8619,-4.0082,-4.1963,8.5600,8.7193,8.5959,5.7458,-9.2256
74,True,Optimization terminated successfully.,2323,3497,26.4726,1,0,2.3236,2.1694,1.9721,-5.4662,-5.3482,-5.4702,-1.9731,10.7702
75,True,Optimization terminated successfully.,2482,3742,4.2181,1,0,3.4765,3.2935,3.0232,-8.0964,-8.0063,-8.0833,-3.4438,14.4770
76,True,Optimization terminated successfully.,2546,3810,16.6367,1,0,0.8943,0.7607,0.5123,-2.2759,-2.1675,-2.2303,-0.3833,6.1208
77,True,Optimization terminated successfully.,2649,3954,12.9375,0,1,-0.2663,-0.3473,-0.6617,0.4367,0.4647,0.3679,1.2756,2.4706
78,True,Optimization terminated successfully.,2121,3194,28.2612,1,0,8.2540,8.1216,7.9011,-19.0947,-19.0516,-19.1651,-9.5939,30.0740
79,True,Optimization terminated successfully.,2522,3771,9.1309,0,1,-0.7036,-0.9907,-1.1349,1.6158,1.7370,1.6031,1.9568,0.6642
80,True,Optimization terminated successfully.,2520,3780,16.8234,0,1,-1.7514,-1.9296,-2.2506,3.9230,4.1300,3.9573,3.2275,-2.6510
81,True,Optimization terminated successfully.,2600,3909,26.1695,1,0,4.3477,4.1950,3.9994,-10.1123,-10.0405,-10.1076,-4.4882,17.3437
82,True,Optimization terminated successfully.,2454,3689,17.0237,1,0,0.7339,0.6240,0.3830,-2.0158,-1.9124,-2.0421,-0.1573,5.8404
83,True,Optimization terminated successfully.,2555,3812,16.2307,1,0,2.8195,2.6788,2.4770,-6.8176,-6.6901,-6.8478,-2.8181,12.6319
84,True,Optimization terminated successfully.,2329,3488,14.5347,1,0,-3.4198,-3.5635,-3.7573,7.6646,7.6385,7.5901,5.2101,-7.8177
85,True,Optimization terminated successfully.,2308,3503,17.2482,1,0,2.0455,1.9600,1.7160,-4.9692,-4.7846,-5.0143,-1.6818,10.0282
86,True,Optimization terminated successfully.,2945,4375,21.6655,1,0,1.2291,1.0512,0.8633,-2.9259,-2.7817,-2.8760,-0.4808,7.1828
87,True,Optimization terminated successfully.,2597,3898,25.5174,1,0,2.2402,2.1388,1.8734,-5.3480,-5.2620,-5.3217,-1.9582,10.5580
88,True,Optimization terminated successfully.,2276,3406,26.0109,1,0,3.8145,3.6549,3.3865,-8.9350,-8.8473,-8.9787,-3.9821,15.6151
89,True,Optimization terminated successfully.,2331,3522,6.6555,1,0,2.2126,2.0703,1.8623,-5.2635,-5.2209,-5.2954,-1.9613,10.4763
90,True,Optimization terminated successfully.,2272,3347,19.7387,0,1,0.3785,0.3055,0.0215,-1.1608,-1.1134,-1.2013,0.3964,4.6539
91,True,Optimization terminated successfully.,2352,3520,19.0984,0,1,-0.7797,-1.0035,-1.1547,1.6525,1.8276,1.7061,2.0017,0.5702
92,True,Optimization terminated successfully.,2472,3725,24.8192,1,0,0.9757,0.8075,0.5742,-2.3363,-2.3084,-2.3503,-0.3307,6.3660
93,True,Optimization terminated successfully.,2425,3654,18.3672,0,1,-0.2566,-0.4607,-0.6632,0.4915,0.5272,0.3810,1.2282,2.3546
94,True,Optimization terminated successfully.,2513,3766,14.5540,1,0,1.3783,1.2310,0.9150,-3.4763,-3.3773,-3.5324,-0.9099,7.9056
95,True,Optimization terminated successfully.,2778,4191,31.1522,1,0,-5.7187,-5.8161,-5.9961,12.7963,12.8335,12.7582,8.0251,-15.0954
96,True,Optimization terminated successfully.,2699,4072,12.6638,1,0,2.7606,2.6276,2.3501,-6.5905,-6.4736,-6.5606,-2.5875,12.3451
97,True,Optimization terminated successfully.,2354,3554,9.7831,1,0,3.9649,3.7909,3.6655,-9.3938,-9.2497,-9.3432,-4.2477,16.2396
98,True,Optimization terminated successfully.,2378,3598,15.9462,1,0,2.8754,2.6963,2.4649,-6.6956,-6.6248,-6.7743,-2.6457,12.5403
99,True,Optimization terminated successfully.,2387,3585,9.0658,0,1,0.4780,0.2710,0.1689,-1.3056,-1.2235,-1.3750,0.2493,4.8966
100,True,Optimization terminated successfully.,2798,4152,10.9510,1,0,0.9622,0.8021,0.5935,-2.5821,-2.4551,-2.5088,-0.5234,6.6007
101,True,Optimization terminated successfully.,2218,3339,19.1034,1,0,1.0336,0.8633,0.6711,-2.6615,-2.5555,-2.6947,-0.5463,6.7055
102,True,Optimization terminated successfully.,2420,3657,17.3977,1,0,2.0606,1.8776,1.6239,-5.0001,-4.8454,-4.9815,-1.8017,10.0189
103,True,Optimization terminated successfully.,2260,3410,19.6010,0,1,-2.0478,-2.2292,-2.3976,4.5877,4.6909,4.5069,3.5842,-3.4685
104,True,Optimization terminated successfully.,2455,3680,18.4097,1,0,-2.5111,-2.6265,-2.8904,5.5396,5.5610,5.5519,3.8382,-4.8331
105,True,Optimization terminated successfully.,2749,4102,9.7353,1,0,1.5807,1.4769,1.2632,-3.8358,-3.6973,-3.8989,-1.1401,8.3979
106,True,Optimization terminated successfully.,2078,3142,16.1237,1,0,-3.6586,-3.8008,-3.9680,8.0967,8.2769,8.2049,5.5248,-8.5907
107,True,Optimization terminated successfully.,2337,3536,7.8895,1,0,1.7135,1.5648,1.4145,-4.1090,-4.0613,-4.1224,-1.3520,8.8133
108,True,Optimization terminated successfully.,2588,3840,14.6051,0,1,-0.6105,-0.7460,-0.9303,1.1617,1.2887,1.2033,1.6316,1.2690
109,True,Optimization terminated successfully.,2542,3823,27.0317,1,0,10.9816,10.7424,10.5951,-25.2933,-25.1774,-25.2973,-12.9680,38.8348
110,True,Optimization terminated successfully.,2913,4303,13.5091,0,1,0.0885,-0.0146,-0.3233,-0.5597,-0.4681,-0.5804,0.6044,3.7927
111,True,Optimization terminated successfully.,2714,4037,17.3102,1,0,-6.7888,-6.8075,-7.0670,15.2553,15.3153,15.2164,9.4661,-18.6793
112,True,Optimization terminated successfully.,2430,3659,14.1377,1,0,1.4100,1.2116,1.0305,-3.4213,-3.3144,-3.4182,-0.9384,7.8006
113,True,Optimization terminated successfully.,2090,3119,16.5120,1,0,0.6906,0.5876,0.4049,-1.8885,-1.7878,-1.8626,-0.0251,5.6224
114,True,Optimization terminated successfully.,2197,3319,6.7950,1,0,1.4487,1.2315,0.9995,-3.4132,-3.3445,-3.4875,-0.8456,7.8345
115,True,Optimization terminated successfully.,2896,4346,6.1391,0,1,-1.2076,-1.2649,-1.4410,2.3951,2.4654,2.3330,2.4254,-0.3282
116,True,Optimization terminated successfully.,2544,3833,28.8989,1,0,6.1678,5.9720,5.7589,-14.2647,-14.2990,-14.3732,-6.9231,23.2908
117,True,Optimization terminated successfully.,2472,3719,25.1546,1,0,1.2056,1.0866,0.8771,-2.9791,-2.9698,-3.0094,-0.6588,7.1988
118,True,Optimization terminated successfully.,2256,3381,14.6338,1,0,0.6763,0.5422,0.2767,-1.7233,-1.6007,-1.7067,0.0813,5.3824
119,True,Optimization terminated successfully.,2841,4191,10.0926,1,0,-2.1785,-2.3826,-2.5351,4.8690,5.0458,4.8640,3.7721,-3.9199
120,True,Optimization terminated successfully.,2895,4324,36.7664,1,0,2.8692,2.7321,2.5145,-6.7519,-6.6135,-6.7878,-2.6331,12.5634
121,True,Optimization terminated successfully.,2257,3421,22.5909,1,0,2.2109,1.9907,1.8439,-5.1831,-5.0813,-5.1421,-1.8109,10.2729
122,True,Optimization terminated successfully.,2731,4074,23.1154,0,1,-1.3834,-1.5677,-1.7373,3.0041,3.1273,3.0436,2.6730,-1.2901
123,True,Optimization terminated successfully.,2445,3641,27.2141,0,1,-1.5668,-1.7560,-1.9482,3.3078,3.4720,3.3197,2.7968,-1.7391
124,True,Optimization terminated successfully.,2611,3867,6.8236,0,1,0.0935,-0.0696,-0.2928,-0.2901,-0.2044,-0.3130,0.8507,3.3888
125,True,Optimization terminated successfully.,2515,3784,17.6033,1,0,1.5149,1.3918,1.1598,-3.7815,-3.6434,-3.7432,-1.0556,8.2282
126,True,Optimization terminated successfully.,2454,3704,29.8409,0,1,-1.5914,-1.7697,-1.9297,3.4342,3.5717,3.4631,2.9485,-1.8843
127,True,Optimization terminated successfully.,2636,3917,7.9226,0,1,0.4040,0.2484,0.0238,-1.1510,-1.0345,-1.2171,0.2874,4.6316
128,True,Optimization terminated successfully.,2393,3609,2.2396,1,0,4.5126,4.3797,4.1271,-10.6201,-10.5551,-10.6575,-4.8858,18.0445
129,True,Optimization terminated successfully.,2777,4152,11.0244,1,0,2.2965,2.1614,1.9243,-5.5611,-5.4348,-5.5035,-2.0073,10.8255
130,True,Optimization terminated successfully.,2354,3529,9.5607,0,1,0.1176,-0.0602,-0.2069,-0.4752,-0.3731,-0.5760,0.7272,3.6901
131,True,Optimization terminated successfully.,2478,3743,15.0912,1,0,3.5214,3.4332,3.1469,-8.3363,-8.2624,-8.3837,-3.6142,14.8443
132,True,Optimization terminated successfully.,2314,3474,11.3780,1,0,1.7557,1.5872,1.3492,-4.1146,-4.0351,-4.1617,-1.2641,8.8428
133,True,Optimization terminated successfully.,2412,3635,17.5304,1,0,1.4871,1.2940,1.1939,-3.6874,-3.6399,-3.7050,-1.0764,8.1570
134,True,Optimization terminated successfully.,2278,3405,13.8801,1,0,1.4370,1.2782,1.1190,-3.5426,-3.4714,-3.5607,-0.9599,8.0299
135,True,Optimization terminated successfully.,2578,3869,25.8817,1,0,5.4738,5.3164,5.2128,-12.8208,-12.7378,-12.8458,-6.2160,21.1127
136,True,Optimization terminated successfully.,2542,3814,13.4304,1,0,1.3019,1.1408,1.0231,-3.2384,-3.1210,-3.1976,-0.6730,7.5548
137,True,Optimization terminated successfully.,2738,4132,4.6787,1,0,6.6001,6.4156,6.2616,-15.4029,-15.2697,-15.4479,-7.5064,24.8280
138,True,Optimization terminated successfully.,2348,3547,23.5143,1,0,3.8129,3.6496,3.4396,-9.0045,-8.9773,-8.9647,-4.0909,15.7331
139,True,Optimization terminated successfully.,2183,3289,2.1510,1,0,1.5452,1.4620,1.2776,-3.7340,-3.5461,-3.7490,-0.8710,8.2643
140,True,Optimization terminated successfully.,2527,3782,13.0837,0,1,-1.6885,-1.8413,-2.0269,3.6486,3.7744,3.7204,3.0278,-2.2058
141,True,Optimization terminated successfully.,2244,3329,26.7776,0,1,-0.5581,-0.7125,-0.8684,1.0209,1.1417,1.0396,1.6110,1.4743
142,True,Optimization terminated successfully.,2250,3369,14.7752,0,1,-0.3992,-0.6025,-0.7093,0.7182,0.8305,0.7329,1.3001,1.9625
143,True,Optimization terminated successfully.,2372,3564,20.3886,1,0,1.3702,1.1393,0.9261,-3.2545,-3.1562,-3.2803,-0.8737,7.6095
144,True,Optimization terminated successfully.,2270,3433,16.7159,1,0,0.7127,0.4278,0.3041,-1.7547,-1.6113,-1.7416,0.0421,5.4380
145,True,Optimization terminated successfully.,2935,4385,19.3860,1,0,-8.9751,-9.0562,-9.3689,20.2696,20.3891,20.2733,12.1914,-25.7978
146,True,Optimization terminated successfully.,2505,3773,12.4717,1,0,-11.4988,-11.6409,-11.7988,26.1230,26.2112,26.0514,15.3911,-33.9468
147,True,Optimization terminated successfully.,2424,3615,4.7587,0,1,0.1360,-0.0300,-0.2337,-0.4990,-0.3111,-0.4659,0.8419,3.6552
148,True,Optimization terminated successfully.,2923,4353,19.8936,1,0,0.4451,0.2996,0.1843,-1.4592,-1.2679,-1.4672,0.1635,5.0299
149,True,Optimization terminated successfully.,2369,3536,16.7509,1,0,1.6204,1.3994,1.2317,-3.9077,-3.7351,-3.9059,-1.1591,8.4858
150,True,Optimization terminated successfully.,2266,3408,17.3796,1,0,0.6846,0.6274,0.4419,-1.9641,-1.8289,-1.9435,-0.0861,5.7189
151,True,Optimization terminated successfully.,2395,3606,16.8972,1,0,5.6610,5.5654,5.3525,-13.3583,-13.2469,-13.3930,-6.3993,21.8997
152,True,Optimization terminated successfully.,2293,3483,15.1607,1,0,1.7309,1.5367,1.4282,-4.1978,-4.0512,-4.2698,-1.3205,8.8992
153,True,Optimization terminated successfully.,2493,3729,8.7211,1,0,2.1978,2.0102,1.7515,-5.2643,-5.0990,-5.1942,-1.9014,10.3819
154,True,Optimization terminated successfully.,2422,3665,9.8474,1,0,8.5889,8.4427,8.2494,-19.9816,-19.8693,-19.8991,-10.0328,31.2866
155,True,Optimization terminated successfully.,2472,3710,15.0027,1,0,5.3886,5.3442,5.1340,-12.6779,-12.5937,-12.6738,-5.9665,20.9681
156,True,Optimization terminated successfully.,2965,4430,43.4409,1,0,3.9751,3.8535,3.5682,-9.2139,-9.0982,-9.2445,-3.9197,16.0653
157,True,Optimization terminated successfully.,2315,3444,11.4756,1,0,1.5519,1.3223,1.2177,-3.6166,-3.5121,-3.6092,-0.8993,8.0914
158,True,Optimization terminated successfully.,2453,3680,7.6707,1,0,2.0174,1.9051,1.7154,-4.9136,-4.8470,-5.0493,-1.7971,10.0389
159,True,Optimization terminated successfully.,2254,3406,12.1491,1,0,0.7250,0.5662,0.3843,-2.0033,-1.9374,-2.0482,-0.1430,5.8282
160,True,Optimization terminated successfully.,2518,3750,15.7935,0,1,-0.3695,-0.4956,-0.6497,0.6081,0.6300,0.5727,1.2460,2.1739
161,True,Optimization terminated successfully.,2529,3781,21.3317,1,0,1.3584,1.1817,0.9693,-3.3172,-3.2574,-3.3243,-0.8023,7.7511
162,True,Optimization terminated successfully.,2576,3864,19.6505,1,0,6.2930,6.1895,5.9270,-14.6131,-14.4574,-14.5740,-7.0665,23.6721
163,True,Optimization terminated successfully.,2192,3285,15.1301,1,0,0.8671,0.6988,0.3606,-2.0737,-1.9728,-2.1270,-0.1337,5.9259
164,True,Optimization terminated successfully.,2945,4359,29.3173,0,1,-0.0509,-0.1384,-0.3890,-0.2371,-0.1595,-0.2842,0.8734,3.3430
165,True,Optimization terminated successfully.,2209,3340,9.6352,1,0,-3.3090,-3.4316,-3.6207,7.2801,7.4678,7.3269,4.9939,-7.4106
166,True,Optimization terminated successfully.,2290,3441,12.2304,1,0,1.1493,0.9116,0.7992,-2.7866,-2.6898,-2.8186,-0.6060,6.9272
167,True,Optimization terminated successfully.,2046,3099,13.5864,0,1,-0.3576,-0.5846,-0.6888,0.6926,0.7304,0.6203,1.2838,2.1243
168,True,Optimization terminated successfully.,2609,3909,8.1740,1,0,2.3025,2.1423,1.9541,-5.5071,-5.4024,-5.5584,-2.0259,10.8256
169,True,Optimization terminated successfully.,2363,3523,9.3615,0,1,0.4461,0.3069,0.0560,-1.0908,-1.1135,-1.2321,0.3825,4.6481
170,True,Optimization terminated successfully.,2493,3753,16.8551,0,1,-0.7593,-0.8109,-1.0908,1.3535,1.5300,1.3857,1.7470,0.9820
171,True,Optimization terminated successfully.,2479,3703,13.1258,0,1,-0.3536,-0.5268,-0.7287,0.5519,0.6765,0.5446,1.3040,2.1732
172,True,Optimization terminated successfully.,2990,4445,15.7293,1,0,1.0716,0.9739,0.7762,-2.6574,-2.6158,-2.7385,-0.4494,6.8583
173,True,Optimization terminated successfully.,2763,4166,11.9325,1,0,-4.2986,-4.4925,-4.6476,9.6927,9.7463,9.6431,6.2619,-10.6952
174,True,Optimization terminated successfully.,2509,3743,19.9622,0,1,0.4028,0.2237,0.0405,-1.1729,-1.0347,-1.2263,0.3099,4.6438
175,True,Optimization terminated successfully.,2642,3936,1.5913,0,1,-1.0673,-1.2095,-1.3894,2.1927,2.2899,2.1390,2.2781,-0.0636
176,True,Optimization terminated successfully.,2442,3649,19.6019,1,0,2.7737,2.5988,2.4484,-6.5990,-6.5674,-6.5929,-2.7139,12.3377
177,True,Optimization terminated successfully.,2742,4100,22.3877,0,1,-2.1900,-2.3239,-2.4966,4.7344,4.8663,4.6652,3.5421,-3.7305
178,True,Optimization terminated successfully.,2310,3476,24.8436,1,0,-2.3423,-2.5412,-2.6939,5.2046,5.3498,5.2765,3.9102,-4.4043
179,True,Optimization terminated successfully.,2600,3892,12.7088,1,0,0.9654,0.7353,0.5842,-2.1921,-2.1020,-2.2569,-0.1818,6.1234
180,True,Optimization terminated successfully.,2129,3196,14.2514,1,0,1.4770,1.3042,1.1215,-3.5642,-3.4047,-3.5691,-1.0047,7.9712
181,True,Optimization terminated successfully.,2525,3810,16.5879,1,0,-14.4044,-14.5551,-14.7268,32.7839,32.9503,32.8913,19.1860,-43.5101
182,True,Optimization terminated successfully.,2025,3044,6.6405,1,0,1.6043,1.5351,1.4019,-4.0194,-3.9437,-4.0631,-1.4037,8.6980
183,True,Optimization terminated successfully.,2634,3974,11.2695,1,0,1.8697,1.7227,1.6098,-4.6384,-4.5970,-4.7385,-1.6889,9.6368
184,True,Optimization terminated successfully.,2776,4113,11.5304,1,0,-7.2364,-7.3015,-7.5483,16.3414,16.4686,16.3049,10.0098,-20.1729
185,True,Optimization terminated successfully.,2269,3378,15.2825,0,1,0.3942,0.1840,-0.0314,-0.9418,-0.9023,-0.9209,0.5774,4.3465
186,True,Optimization terminated successfully.,2634,3940,23.6081,1,0,2.7010,2.5570,2.3578,-6.4834,-6.3815,-6.5125,-2.5282,12.1889
187,True,Optimization terminated successfully.,2859,4290,17.5148,0,1,-0.8843,-1.0451,-1.2072,1.7600,1.8021,1.7242,1.9386,0.5631
188,True,Optimization terminated successfully.,2571,3830,11.7764,1,0,1.1695,1.0145,0.8429,-2.8996,-2.8257,-2.9523,-0.5800,7.0832
189,True,Optimization terminated successfully.,2354,3529,14.2618,1,0,-8.1251,-8.3211,-8.5544,18.5123,18.5325,18.4271,11.1875,-23.1944
190,True,Optimization terminated successfully.,2537,3803,5.5888,1,0,2.9432,2.8213,2.5547,-7.0676,-7.0227,-7.0862,-2.9718,12.9903
191,True,Optimization terminated successfully.,2397,3593,9.9299,1,0,1.8636,1.7796,1.5634,-4.5829,-4.5126,-4.5499,-1.5722,9.4646
192,True,Optimization terminated successfully.,2175,3298,12.1728,1,0,2.8037,2.6057,2.4601,-6.5950,-6.4992,-6.6525,-2.6467,12.3406
193,True,Optimization terminated successfully.,2262,3423,5.7758,0,1,-1.6883,-1.9545,-2.1185,3.8162,3.8673,3.7789,3.1068,-2.3931
194,True,Optimization terminated successfully.,2683,4023,10.4515,1,0,3.3917,3.2833,3.1014,-8.0695,-7.9599,-8.0000,-3.4556,14.3540
195,True,Optimization terminated successfully.,2248,3375,9.9569,1,0,5.0944,4.9295,4.7865,-11.9511,-11.8334,-11.9824,-5.6469,19.9124
196,True,Optimization terminated successfully.,2421,3643,10.6676,1,0,1.3212,1.2308,1.0215,-3.3950,-3.3509,-3.4473,-1.0174,7.8276
197,True,Optimization terminated successfully.,2505,3787,15.9822,1,0,-4.9396,-5.1453,-5.3592,11.2773,11.3913,11.2310,7.2724,-12.9320
198,True,Optimization terminated successfully.,3200,4770,8.5458,1,0,-19.3422,-19.5025,-19.7055,44.0711,44.1692,44.0986,25.3528,-59.4672
199,True,Optimization terminated successfully.,2371,3560,14.5242,1,0,4.6278,4.4834,4.3892,-10.8926,-10.7800,-10.8805,-4.9750,18.4208
200,True,Optimization terminated successfully.,2533,3834,16.6757,1,0,2.4597,2.2469,2.0843,-5.8571,-5.6695,-5.7570,-2.1794,11.1796
201,True,Optimization terminated successfully.,2402,3604,12.7635,0,1,-1.4341,-1.5521,-1.7486,2.9890,3.0994,2.9545,2.6722,-1.2359
202,True,Optimization terminated successfully.,2485,3715,11.2164,0,1,-0.6187,-0.7292,-0.9363,1.1143,1.1458,0.9964,1.5911,1.4544
203,True,Optimization terminated successfully.,2547,3808,9.6225,1,0,1.5082,1.3693,1.1653,-3.7674,-3.6787,-3.7442,-1.1142,8.2902
204,True,Optimization terminated successfully.,2169,3277,19.6821,1,0,1.8044,1.6785,1.5044,-4.4817,-4.4389,-4.4720,-1.5804,9.3445
205,True,Optimization terminated successfully.,2209,3323,19.5531,0,1,0.1661,0.0614,-0.0991,-0.7019,-0.6224,-0.6889,0.6860,3.9931
206,True,Optimization terminated successfully.,2598,3893,22.5239,1,0,-3.4458,-3.5708,-3.7571,7.6823,7.7523,7.6683,5.2086,-7.8704
207,True,Optimization terminated successfully.,3071,4571,7.1222,1,0,0.7433,0.5368,0.3660,-1.8358,-1.7820,-1.8175,-0.0788,5.6214
208,True,Optimization terminated successfully.,3062,4601,8.1240,1,0,1.5523,1.3771,1.1796,-3.7005,-3.6110,-3.6803,-0.9737,8.2779
209,True,Optimization terminated successfully.,2500,3751,14.5083,1,0,1.4120,1.2911,1.1465,-3.4616,-3.3531,-3.4271,-0.9791,7.9392
210,True,Optimization terminated successfully.,2734,4064,6.7191,1,0,-3.2413,-3.4660,-3.5417,7.2743,7.3357,7.2284,4.8855,-7.3331
211,True,Optimization terminated successfully.,2864,4224,12.4669,0,1,0.4657,0.2949,0.1050,-1.3182,-1.0840,-1.2555,0.4028,4.7985
212,True,Optimization terminated successfully.,2349,3546,1.5423,0,1,-2.0727,-2.2712,-2.4736,4.5812,4.6493,4.4919,3.4637,-3.4934
213,True,Optimization terminated successfully.,2588,3835,9.2053,0,1,0.4765,0.3048,0.1034,-1.1898,-1.0345,-1.1587,0.3805,4.6200
214,True,Optimization terminated successfully.,2266,3403,6.4129,1,0,1.2520,1.1255,0.8929,-3.1394,-3.0572,-3.1729,-0.7105,7.4174
215,True,Optimization terminated successfully.,2630,3917,31.6287,1,0,1.0895,0.9248,0.7756,-2.8350,-2.6455,-2.8337,-0.5784,6.9456
216,True,Optimization terminated successfully.,2463,3699,8.3171,0,1,-0.0673,-0.1984,-0.3649,-0.1050,0.0314,-0.0704,0.9056,3.0778
217,True,Optimization terminated successfully.,2562,3821,20.8033,1,0,1.0997,0.9956,0.7779,-2.8699,-2.7777,-2.9311,-0.6884,7.0025
218,True,Optimization terminated successfully.,2501,3731,11.7050,0,1,-0.9199,-1.1333,-1.2766,1.8240,1.9152,1.7624,1.9560,0.4244
219,True,Optimization terminated successfully.,2546,3836,7.6833,1,0,1.8472,1.7199,1.5474,-4.4264,-4.3184,-4.4363,-1.4939,9.2401
220,True,Optimization terminated successfully.,2805,4191,11.3778,1,0,-2.3700,-2.6189,-2.7074,5.1839,5.3130,5.2557,3.8626,-4.4267
221,True,Optimization terminated successfully.,2543,3814,15.0476,1,0,0.7630,0.5830,0.4181,-1.9067,-1.8136,-1.9393,-0.0663,5.7356
222,True,Optimization terminated successfully.,2535,3823,26.2810,0,1,0.2985,0.1266,-0.0472,-1.0261,-0.8864,-0.9772,0.3041,4.3490
223,True,Optimization terminated successfully.,2357,3552,38.0871,1,0,0.9425,0.7668,0.5195,-2.2888,-2.1968,-2.2873,-0.1700,6.2072
224,True,Optimization terminated successfully.,2373,3546,11.8260,0,1,0.3065,0.1432,-0.0720,-0.9848,-0.7267,-0.8681,0.4824,4.2288
225,True,Optimization terminated successfully.,2415,3623,9.0803,0,1,0.4819,0.2169,0.0029,-1.1493,-0.9626,-1.1740,0.4947,4.5872
226,True,Optimization terminated successfully.,2654,4003,24.0359,1,0,4.3785,4.2587,4.0370,-10.2695,-10.1756,-10.2431,-4.7619,17.5628
227,True,Optimization terminated successfully.,2217,3341,13.0486,1,0,1.4544,1.3701,1.1980,-3.6699,-3.6300,-3.6984,-0.9868,8.2158
228,True,Optimization terminated successfully.,2241,3394,18.6418,1,0,2.4506,2.2703,2.0912,-5.8721,-5.6718,-5.8380,-2.2323,11.2625
229,True,Optimization terminated successfully.,2563,3865,18.2603,0,1,0.3860,0.2951,0.1260,-1.1634,-1.0598,-1.1875,0.3682,4.7004
230,True,Optimization terminated successfully.,2444,3680,10.4603,1,0,3.1662,2.9846,2.7769,-7.3910,-7.2810,-7.3013,-3.0317,13.4081
231,True,Optimization terminated successfully.,2655,3938,6.3444,0,1,0.3288,0.1478,-0.0639,-0.7761,-0.7186,-0.8311,0.6280,4.1583
232,True,Optimization terminated successfully.,2771,4159,13.9185,1,0,2.6379,2.3715,2.1469,-6.1416,-6.0029,-6.1364,-2.3138,11.6736
233,True,Optimization terminated successfully.,2468,3733,9.4066,1,0,-3.1394,-3.3886,-3.5645,7.1303,7.2616,7.1262,4.9884,-7.1573
234,True,Optimization terminated successfully.,2222,3362,2.2722,0,1,-1.5681,-1.6892,-1.8948,3.3465,3.4865,3.3522,2.9633,-1.7470
235,True,Optimization terminated successfully.,2551,3819,21.9096,1,0,0.8352,0.7299,0.5405,-2.1408,-1.9995,-2.1192,-0.2203,5.9923
236,True,Optimization terminated successfully.,2706,4076,14.5540,1,0,-3.8095,-3.9321,-4.2364,8.4719,8.5758,8.4723,5.6166,-9.0100
237,True,Optimization terminated successfully.,2417,3626,16.5288,1,0,1.2968,1.0773,0.9416,-3.0460,-2.9679,-3.0713,-0.6853,7.3485
238,True,Optimization terminated successfully.,2314,3492,25.8255,1,0,6.8709,6.7895,6.5931,-16.0965,-15.9528,-16.0551,-7.9103,25.7357
239,True,Optimization terminated successfully.,2955,4375,11.0675,0,1,0.2617,0.1451,-0.0935,-0.8754,-0.7337,-0.8285,0.5845,4.1993
240,True,Optimization terminated successfully.,3023,4489,4.8493,1,0,-7.2604,-7.3460,-7.5739,16.3539,16.4388,16.2990,9.9914,-20.1464
241,True,Optimization terminated successfully.,2247,3405,28.9728,1,0,9.4524,9.3321,9.0352,-21.8733,-21.7964,-21.9502,-11.0874,33.9714
242,True,Optimization terminated successfully.,2439,3683,11.7463,0,1,-0.6512,-0.7780,-0.9951,1.1970,1.2831,1.1852,1.6531,1.2828
243,True,Optimization terminated successfully.,2374,3573,19.3693,1,0,2.5483,2.3531,2.1726,-6.0173,-5.8502,-5.9606,-2.3801,11.4511
244,True,Optimization terminated successfully.,2613,3917,8.5226,1,0,-8.9265,-8.9682,-9.2739,20.2857,20.3479,20.2915,12.2726,-25.7128
245,True,Optimization terminated successfully.,3047,4523,3.8742,1,0,2.4902,2.2560,2.0638,-5.9042,-5.7891,-5.9001,-2.2986,11.3617
246,True,Optimization terminated successfully.,2287,3440,13.8653,1,0,1.4943,1.3901,1.1658,-3.6759,-3.6573,-3.7521,-1.1554,8.2380
247,True,Optimization terminated successfully.,2390,3536,17.5838,0,1,-1.0224,-1.1613,-1.4178,2.1619,2.2424,2.1431,2.2818,-0.0756
248,True,Optimization terminated successfully.,2277,3414,9.1024,0,1,-0.0381,-0.2288,-0.3461,-0.0914,0.0653,-0.0997,0.8710,3.1489
249,True,Optimization terminated successfully.,2300,3459,22.4797,1,0,3.7520,3.6301,3.4697,-8.7252,-8.5869,-8.7502,-3.7175,15.4055
250,True,Optimization terminated successfully.,2438,3666,26.9315,1,0,0.9760,0.7834,0.6330,-2.3790,-2.3120,-2.3754,-0.3824,6.3904
251,True,Optimization terminated successfully.,2295,3468,25.0590,1,0,1.3448,1.1721,1.0543,-3.3716,-3.2755,-3.3215,-0.8170,7.7900
252,True,Optimization terminated successfully.,2341,3509,10.3950,0,1,-0.1713,-0.2921,-0.4821,0.2073,0.3361,0.2009,1.1179,2.6822
253,True,Optimization terminated successfully.,2393,3581,8.5265,0,1,0.2847,0.1000,-0.0449,-0.8666,-0.7828,-0.9682,0.4206,4.2402
254,True,Optimization terminated successfully.,2405,3609,21.4011,0,1,0.4387,0.2487,0.1426,-1.2100,-1.1316,-1.2282,0.2331,4.7057
255,True,Optimization terminated successfully.,2417,3623,17.9102,0,1,0.2885,0.1325,-0.0554,-1.0096,-0.8777,-0.9706,0.3953,4.3343
256,True,Optimization terminated successfully.,3036,4520,10.1822,1,0,0.8734,0.7759,0.5705,-2.3655,-2.1899,-2.3336,-0.3200,6.3066
257,True,Optimization terminated successfully.,2943,4388,26.8638,1,0,3.1600,3.0072,2.7870,-7.4860,-7.3531,-7.4432,-3.2197,13.5785
258,True,Optimization terminated successfully.,2769,4177,14.0425,1,0,38.6236,38.4788,38.3096,-88.9038,-88.8773,-88.9842,-48.2863,128.9757
259,True,Optimization terminated successfully.,2533,3724,22.6679,0,1,0.4373,0.3129,0.0125,-1.1395,-1.1173,-1.2228,0.4197,4.6242
260,True,Optimization terminated successfully.,2372,3605,15.9425,1,0,16.2778,16.1586,15.9599,-37.5265,-37.4249,-37.6039,-19.7025,56.1828
261,True,Optimization terminated successfully.,2868,4288,27.1682,1,0,1.5291,1.4624,1.2032,-3.8120,-3.7699,-3.8482,-1.1539,8.4032
262,True,Optimization terminated successfully.,2465,3699,17.3076,1,0,1.5949,1.4115,1.2738,-3.7676,-3.6799,-3.7955,-1.0245,8.4058
263,True,Optimization terminated successfully.,2776,4141,21.6940,0,1,-0.2925,-0.4585,-0.6583,0.4848,0.5508,0.4161,1.2686,2.2872
264,True,Optimization terminated successfully.,2994,4488,5.6269,1,0,1.7692,1.5415,1.3236,-4.1229,-3.9956,-4.1354,-1.2725,8.7858
265,True,Optimization terminated successfully.,2391,3563,15.2366,1,0,1.0813,0.9512,0.7217,-2.6890,-2.5941,-2.7606,-0.5051,6.7799
266,True,Optimization terminated successfully.,2387,3580,21.8768,1,0,0.4936,0.3809,0.1545,-1.5183,-1.4522,-1.5022,0.0498,5.1859
267,True,Optimization terminated successfully.,2505,3783,13.5663,1,0,2.6019,2.4313,2.2464,-6.1944,-6.0523,-6.1873,-2.3796,11.7528
268,True,Optimization terminated successfully.,1960,2926,21.8551,1,0,1.3051,1.1007,0.8747,-3.1151,-3.0111,-3.0934,-0.7320,7.3815
269,True,Optimization terminated successfully.,2673,3971,9.0970,1,0,1.1522,1.0228,0.7164,-2.7384,-2.6323,-2.7568,-0.5240,6.8578
270,True,Optimization terminated successfully.,2814,4203,11.0146,0,1,-1.4516,-1.6530,-1.7977,3.0715,3.1587,3.0818,2.5600,-1.3338
271,True,Optimization terminated successfully.,2501,3759,21.2688,0,1,-0.6197,-0.7896,-0.9285,1.1580,1.3011,1.1633,1.5358,1.3782
272,True,Optimization terminated successfully.,2736,4083,26.6723,0,1,-0.3517,-0.5605,-0.6831,0.5673,0.7155,0.5786,1.2101,2.1885
273,True,Optimization terminated successfully.,2556,3822,20.9739,0,1,-0.0437,-0.2427,-0.4293,-0.0234,0.1123,-0.0785,0.9193,3.0109
274,True,Optimization terminated successfully.,2839,4262,7.1163,1,0,1.0696,0.8772,0.6707,-2.6396,-2.4100,-2.5515,-0.4176,6.7143
275,True,Optimization terminated successfully.,2470,3666,22.3332,1,0,0.9663,0.7676,0.6186,-2.4278,-2.2818,-2.4288,-0.4093,6.4039
276,True,Optimization terminated successfully.,2409,3589,11.7900,0,1,-0.8806,-1.0309,-1.1392,1.5979,1.7018,1.5981,1.7797,0.6922
277,True,Optimization terminated successfully.,2784,4170,5.2153,1,0,3.0674,2.8484,2.7015,-7.2102,-7.0789,-7.2418,-2.9884,13.2090
278,True,Optimization terminated successfully.,2486,3742,10.2225,1,0,2.0623,1.8381,1.7752,-4.9842,-4.9091,-5.0383,-1.8597,9.9935
279,True,Optimization terminated successfully.,2344,3505,9.0527,0,1,-1.6400,-1.8040,-1.8654,3.4556,3.5287,3.4687,2.9362,-1.8880
280,True,Optimization terminated successfully.,2527,3775,12.4281,0,1,0.2108,0.0727,-0.2243,-0.6659,-0.5369,-0.6494,0.6703,3.9389
281,True,Optimization terminated successfully.,2446,3691,20.6304,1,0,2.6059,2.5312,2.3370,-6.2899,-6.1573,-6.3632,-2.5379,11.8818
282,True,Optimization terminated successfully.,2667,4030,26.1736,1,0,15.8154,15.7622,15.5643,-36.5439,-36.4824,-36.6380,-19.2295,54.8661
283,True,Optimization terminated successfully.,2581,3880,20.2786,1,0,-4.6993,-4.8400,-5.0692,10.5605,10.6754,10.5115,6.8202,-11.9750
284,True,Optimization terminated successfully.,2167,3229,6.3846,0,1,-1.1445,-1.2580,-1.4162,2.3951,2.4300,2.4215,2.2542,-0.4125
285,True,Optimization terminated successfully.,2224,3369,33.4093,0,1,-0.2736,-0.4958,-0.6672,0.5361,0.6982,0.4918,1.3267,2.2815
286,True,Optimization terminated successfully.,2142,3185,14.0738,1,0,-2.6150,-2.7389,-2.9949,5.6832,5.8927,5.7584,4.1993,-5.1859
287,True,Optimization terminated successfully.,2708,4056,3.6336,1,0,4.0573,3.7796,3.6569,-9.4420,-9.3436,-9.4089,-4.2964,16.3623
288,True,Optimization terminated successfully.,2391,3574,12.1396,1,0,1.6348,1.4230,1.2625,-3.8643,-3.8002,-3.8742,-1.0357,8.4613
289,True,Optimization terminated successfully.,2396,3571,9.8379,1,0,1.8913,1.7304,1.4774,-4.5552,-4.3856,-4.5684,-1.5412,9.4290
290,True,Optimization terminated successfully.,2947,4407,4.0073,0,1,-1.3259,-1.5044,-1.8065,2.8381,2.9154,2.9168,2.5572,-1.0885
291,True,Optimization terminated successfully.,2544,3826,21.6925,1,0,1.7528,1.5454,1.4012,-4.2302,-4.0365,-4.1641,-1.3098,8.9339
292,True,Optimization terminated successfully.,2326,3518,14.9627,1,0,0.5880,0.4016,0.2112,-1.5972,-1.5157,-1.5745,0.0350,5.2458
293,True,Optimization terminated successfully.,2564,3833,20.9387,1,0,2.7482,2.5688,2.3845,-6.5346,-6.4535,-6.6035,-2.6481,12.2258
294,True,Optimization terminated successfully.,2654,3951,26.4662,0,1,-0.4456,-0.6252,-0.7615,0.7760,0.9134,0.8366,1.3623,1.8398
295,True,Optimization terminated successfully.,2738,4092,15.0464,1,0,1.9313,1.7875,1.5804,-4.5661,-4.5526,-4.5601,-1.4710,9.5278
296,True,Optimization terminated successfully.,2697,3999,10.8835,1,0,0.7432,0.4677,0.2563,-1.7031,-1.5518,-1.7087,0.0273,5.3772
297,True,Optimization terminated successfully.,2278,3448,19.1639,1,0,1.5411,1.3779,1.2276,-3.6985,-3.6182,-3.7509,-1.0869,8.2827
298,True,Optimization terminated successfully.,2634,3907,3.1326,0,1,-0.4205,-0.5654,-0.8907,0.7071,0.8892,0.6848,1.4047,1.9035
299,True,Optimization terminated successfully.,2393,3620,6.9369,1,0,3.7985,3.6389,3.4952,-8.8642,-8.7627,-8.8938,-3.8738,15.5130
300,True,Optimization terminated successfully.,2525,3799,31.0832,0,1,-0.4287,-0.5651,-0.7179,0.7175,0.7694,0.6761,1.3934,2.0064
301,True,Optimization terminated successfully.,2438,3658,26.7230,1,0,4.4229,4.1814,4.0162,-10.2744,-10.1389,-10.2400,-4.6938,17.5144
302,True,Optimization terminated successfully.,2475,3702,24.1916,1,0,0.8795,0.6709,0.5463,-2.2947,-2.1419,-2.2691,-0.2319,6.2042
303,True,Optimization terminated successfully.,2828,4223,17.6244,0,1,0.3675,0.1997,0.0196,-1.0395,-0.9750,-1.0767,0.4273,4.5025
304,True,Optimization terminated successfully.,2683,3975,23.6839,0,1,-0.1694,-0.2869,-0.5644,0.1711,0.2922,0.1449,1.1895,2.7089
305,True,Optimization terminated successfully.,2348,3549,9.7452,1,0,2.3139,2.1950,1.9165,-5.5524,-5.3586,-5.5703,-1.9388,10.7951
306,True,Optimization terminated successfully.,2390,3588,8.2072,0,1,0.0437,-0.1718,-0.3488,-0.2061,-0.1396,-0.2948,0.9379,3.3704
307,True,Optimization terminated successfully.,2584,3883,12.7543,1,0,-11.3168,-11.5114,-11.6320,25.6857,25.8578,25.7667,15.1860,-33.5012
308,True,Optimization terminated successfully.,2547,3839,19.8950,1,0,4.2076,4.0529,3.8398,-9.7704,-9.6936,-9.7434,-4.3413,16.8496
309,True,Optimization terminated successfully.,2790,4178,12.6699,1,0,1.2635,1.0510,0.8505,-3.0540,-2.8403,-3.0023,-0.5824,7.2546
310,True,Optimization terminated successfully.,2518,3774,10.8284,1,0,-2.6047,-2.8759,-3.0350,5.9103,6.0744,5.9069,4.3439,-5.4045
311,True,Optimization terminated successfully.,3020,4507,17.2289,1,0,5.2550,5.0971,4.9089,-12.3286,-12.2205,-12.3784,-5.9176,20.5189
312,True,Optimization terminated successfully.,2453,3672,11.2432,1,0,1.7949,1.5757,1.3935,-4.3869,-4.2361,-4.2841,-1.4231,9.1109
313,True,Optimization terminated successfully.,2463,3686,5.3168,0,1,0.3851,0.3314,0.0689,-1.1485,-1.0562,-1.1291,0.3421,4.6436
314,True,Optimization terminated successfully.,2209,3324,17.3566,1,0,0.7321,0.5880,0.4550,-2.0360,-1.9241,-2.0662,-0.0847,5.8773
315,True,Optimization terminated successfully.,2402,3605,23.4193,1,0,15.5325,15.4090,15.2151,-35.7932,-35.7618,-35.8661,-18.8726,53.7753
316,True,Optimization terminated successfully.,2963,4401,18.3333,1,0,2.3405,2.2243,2.0139,-5.6012,-5.4743,-5.6481,-2.2192,10.9248
317,True,Optimization terminated successfully.,2479,3733,19.4949,0,1,-1.0228,-1.1420,-1.3741,2.0558,2.1758,1.9936,2.0670,0.1379
318,True,Optimization terminated successfully.,2449,3616,7.9013,0,1,-1.3968,-1.5610,-1.8019,3.1060,3.2145,3.0979,2.7077,-1.4090
319,True,Optimization terminated successfully.,1938,2928,20.1014,1,0,2.0049,1.8867,1.6491,-4.7923,-4.5715,-4.7561,-1.5917,9.7322
320,True,Optimization terminated successfully.,2051,3090,9.3638,0,1,-0.9113,-0.9779,-1.2770,1.7963,1.9051,1.7294,2.0580,0.3989
321,True,Optimization terminated successfully.,2806,4173,8.0540,1,0,-8.6005,-8.7516,-8.9318,19.3120,19.4689,19.3946,11.5848,-24.4521
322,True,Optimization terminated successfully.,2486,3752,10.8623,0,1,-1.1422,-1.3293,-1.4682,2.4099,2.4738,2.3918,2.2806,-0.3860
323,True,Optimization terminated successfully.,2299,3428,26.4002,0,1,0.5235,0.3800,0.1795,-1.3453,-1.2902,-1.3885,0.2351,4.9629
324,True,Optimization terminated successfully.,2147,3201,12.5403,0,1,-2.1331,-2.2469,-2.4629,4.7051,4.7310,4.6817,3.6220,-3.6544
325,True,Optimization terminated successfully.,2853,4226,18.0835,1,0,0.7988,0.6434,0.4824,-2.0740,-2.0304,-2.0986,-0.1152,5.9894
326,True,Optimization terminated successfully.,2393,3576,14.7589,1,0,0.7354,0.5139,0.3287,-1.8764,-1.7434,-1.8399,-0.0869,5.5639
327,True,Optimization terminated successfully.,2609,3906,26.0740,0,1,-0.3040,-0.4757,-0.7657,0.5803,0.7217,0.5726,1.2783,2.1402
328,True,Optimization terminated successfully.,2527,3767,19.9452,1,0,2.9506,2.7106,2.5172,-6.8587,-6.7745,-6.8674,-2.7762,12.6839
329,True,Optimization terminated successfully.,2465,3659,7.6997,0,1,-0.3566,-0.5179,-0.7726,0.7042,0.8359,0.7109,1.3989,1.9923
330,True,Optimization terminated successfully.,3113,4640,34.2219,1,0,7.1471,6.9946,6.8004,-16.6010,-16.5392,-16.5956,-8.2321,26.5562
331,True,Optimization terminated successfully.,2275,3410,17.1617,1,0,1.7799,1.5579,1.3665,-4.2272,-4.1174,-4.2435,-1.3134,9.0064
332,True,Optimization terminated successfully.,2675,3972,12.5801,0,1,-0.7091,-0.8750,-1.0706,1.3710,1.4615,1.3671,1.7287,1.0588
333,True,Optimization terminated successfully.,2810,4140,36.8142,1,0,0.8713,0.7423,0.5915,-2.3006,-2.2735,-2.3367,-0.2962,6.2818
334,True,Optimization terminated successfully.,2330,3467,16.7528,0,1,-0.5412,-0.7542,-0.8965,1.0722,1.2243,1.0237,1.5534,1.4515
335,True,Optimization terminated successfully.,2339,3516,4.2486,1,0,2.4775,2.4518,2.2119,-6.0595,-5.9579,-6.0946,-2.4160,11.5667
336,True,Optimization terminated successfully.,2504,3728,9.5245,0,1,-0.1428,-0.3231,-0.4934,0.2116,0.3277,0.2428,1.1512,2.6577
337,True,Optimization terminated successfully.,2451,3686,9.6854,1,0,1.9889,1.8706,1.5647,-4.7844,-4.6640,-4.7967,-1.6667,9.7555
338,True,Optimization terminated successfully.,2558,3802,20.1680,1,0,1.4215,1.3145,1.0553,-3.5155,-3.4684,-3.5836,-0.9814,8.0299
339,True,Optimization terminated successfully.,2931,4387,9.0107,1,0,4.9128,4.7974,4.5366,-11.6260,-11.5500,-11.6104,-5.4040,19.4390
340,True,Optimization terminated successfully.,2502,3752,19.7981,0,1,0.4678,0.2641,0.1561,-1.3024,-1.2756,-1.4585,0.1788,4.9381
341,True,Optimization terminated successfully.,2063,3084,11.9289,1,0,-3.3169,-3.4791,-3.6336,7.3646,7.5084,7.2919,5.0210,-7.4739
342,True,Optimization terminated successfully.,2614,3856,11.8515,1,0,1.0514,0.8506,0.6861,-2.5905,-2.4079,-2.6297,-0.5144,6.6248
343,True,Optimization terminated successfully.,2222,3331,8.4088,0,1,-0.7643,-0.9389,-1.1137,1.5437,1.6637,1.6690,1.8891,0.7479
344,True,Optimization terminated successfully.,2391,3579,12.6571,0,1,-0.8731,-1.0582,-1.2155,1.6700,1.7823,1.7232,1.8591,0.5626
345,True,Optimization terminated successfully.,2735,4095,26.9354,1,0,4.0388,3.8766,3.6052,-9.3298,-9.1839,-9.3243,-4.2048,16.2122
346,True,Optimization terminated successfully.,2464,3702,20.0781,0,1,-0.9475,-1.0921,-1.2248,1.8023,1.8939,1.7886,1.9451,0.3777
347,True,Optimization terminated successfully.,2206,3288,7.7299,1,0,0.7343,0.4967,0.3245,-1.8079,-1.6611,-1.8276,0.0954,5.5191
348,True,Optimization terminated successfully.,2886,4349,21.5158,0,1,0.3987,0.3337,0.1065,-1.2209,-1.1628,-1.2356,0.4193,4.7674
349,True,Optimization terminated successfully.,2499,3743,14.8385,0,1,-0.6043,-0.7653,-1.0115,1.2922,1.3740,1.2876,1.6842,1.2078
350,True,Optimization terminated successfully.,2976,4437,10.6330,1,0,-3.6230,-3.6902,-3.8866,7.9829,8.0506,7.9330,5.4116,-8.2368
351,True,Optimization terminated successfully.,2341,3563,8.9737,1,0,-6.6612,-6.8164,-7.0037,15.0484,15.1445,15.0887,9.2339,-18.3492
352,True,Optimization terminated successfully.,2606,3899,28.0098,1,0,4.4972,4.2722,4.1412,-10.4714,-10.3262,-10.4958,-4.6988,17.8390
353,True,Optimization terminated successfully.,2257,3401,36.7662,1,0,5.6691,5.4744,5.2865,-13.0907,-13.0125,-13.1498,-6.3257,21.5732
354,True,Optimization terminated successfully.,2163,3283,23.2609,1,0,-7.2440,-7.4174,-7.5856,16.3279,16.5249,16.3705,10.0118,-20.2406
355,True,Optimization terminated successfully.,2359,3521,19.8625,1,0,2.7491,2.6107,2.3986,-6.5220,-6.4239,-6.5135,-2.5424,12.2311
356,True,Optimization terminated successfully.,2575,3847,7.8738,0,1,-1.1280,-1.4189,-1.5919,2.6079,2.7226,2.6205,2.5097,-0.7376
357,True,Optimization terminated successfully.,2063,3118,22.4896,1,0,1.3958,1.2388,1.0727,-3.4161,-3.3597,-3.4095,-0.9688,7.8522
358,True,Optimization terminated successfully.,2716,4036,11.1339,1,0,0.6638,0.3817,0.2227,-1.6591,-1.5733,-1.6950,-0.0213,5.3321
359,True,Optimization terminated successfully.,2429,3635,23.4399,1,0,2.3420,2.1628,1.9821,-5.4931,-5.4437,-5.5475,-1.9141,10.8103
360,True,Optimization terminated successfully.,2318,3470,5.0102,1,0,-4.7988,-4.8890,-5.1214,10.7227,10.8041,10.7700,6.9350,-12.2348
361,True,Optimization terminated successfully.,2423,3646,30.5044,1,0,6.8794,6.6884,6.4623,-16.0137,-15.8657,-16.0978,-7.8808,25.6147
362,True,Optimization terminated successfully.,2509,3762,16.3467,0,1,0.4770,0.3023,0.1517,-1.3146,-1.1535,-1.2968,0.3232,4.8303
363,True,Optimization terminated successfully.,2199,3266,12.4665,0,1,0.0089,-0.1711,-0.3530,-0.3080,-0.1779,-0.2678,0.7664,3.3601
364,True,Optimization terminated successfully.,2405,3623,13.3968,1,0,-2.6459,-2.8447,-3.0051,5.9482,6.1186,5.9199,4.3791,-5.4395
365,True,Optimization terminated successfully.,2442,3675,21.3793,1,0,2.2416,2.1869,1.9680,-5.4905,-5.3222,-5.4528,-1.9636,10.6935
366,True,Optimization terminated successfully.,2779,4146,21.6266,0,1,-0.4321,-0.5505,-0.8208,0.8525,0.9702,0.8062,1.4766,1.8392
367,True,Optimization terminated successfully.,2756,4109,14.8148,1,0,0.9319,0.7372,0.5730,-2.4908,-2.2755,-2.4243,-0.4836,6.4159
368,True,Optimization terminated successfully.,2323,3548,30.5011,1,0,14.4200,14.2991,14.0928,-33.3344,-33.1430,-33.2996,-17.3598,50.1599
369,True,Optimization terminated successfully.,2267,3424,17.8945,1,0,1.2705,1.0911,0.8307,-2.9813,-2.9090,-3.0336,-0.6894,7.2336
370,True,Optimization terminated successfully.,2606,3928,9.1964,1,0,1.1057,0.9382,0.7029,-2.7583,-2.7360,-2.7607,-0.6475,6.9268
371,True,Optimization terminated successfully.,3215,4766,28.6253,0,1,0.2384,0.1360,-0.1172,-0.7803,-0.7038,-0.7691,0.5351,4.1153
372,True,Optimization terminated successfully.,2684,3988,15.2184,1,0,0.7099,0.5602,0.4352,-1.8971,-1.7935,-1.8621,-0.0095,5.6347
373,True,Optimization terminated successfully.,2707,4095,10.6368,1,0,-2.8698,-3.0392,-3.1899,6.2775,6.4370,6.3083,4.5021,-5.9519
374,True,Optimization terminated successfully.,2146,3229,9.8089,1,0,-4.7578,-4.9303,-5.1266,10.7768,10.8856,10.7895,6.9723,-12.3020
375,True,Optimization terminated successfully.,2495,3719,6.5310,0,1,-1.9141,-2.0393,-2.1564,4.1046,4.1636,4.0615,3.1921,-2.7956
376,True,Optimization terminated successfully.,2551,3855,13.4296,1,0,4.0626,3.8980,3.6610,-9.4502,-9.4037,-9.5159,-4.1213,16.4535
377,True,Optimization terminated successfully.,2670,3972,20.8881,0,1,-0.1239,-0.2783,-0.4536,0.1409,0.1559,0.1114,1.0767,2.8414
378,True,Optimization terminated successfully.,2386,3604,9.0084,1,0,-13.8970,-14.2434,-14.2532,31.7873,31.8667,31.7351,18.5346,-42.0475
379,True,Optimization terminated successfully.,2250,3391,26.4641,1,0,-5.8307,-6.0819,-6.2508,13.2345,13.3561,13.1985,8.3974,-15.8044
380,True,Optimization terminated successfully.,2290,3438,10.7979,1,0,2.3066,2.1344,1.9402,-5.4769,-5.4232,-5.4733,-1.9577,10.7435
381,True,Optimization terminated successfully.,2337,3548,14.7395,0,1,-0.6282,-0.8031,-0.9779,1.2180,1.2222,1.0842,1.5463,1.3384
382,True,Optimization terminated successfully.,2164,3256,6.3754,1,0,2.4381,2.3089,2.1645,-5.8489,-5.8359,-5.9697,-2.2602,11.3597
383,True,Optimization terminated successfully.,2426,3656,20.8980,1,0,3.8761,3.7416,3.4583,-9.0484,-8.9458,-9.0821,-3.9492,15.8319
384,True,Optimization terminated successfully.,2377,3560,26.4560,1,0,2.2399,2.0171,1.8016,-5.2187,-5.1031,-5.1910,-1.9354,10.3565
385,True,Optimization terminated successfully.,2665,4001,8.5274,0,1,-1.3573,-1.5455,-1.7144,2.8222,2.9178,2.8130,2.4215,-1.0132
386,True,Optimization terminated successfully.,2387,3616,12.4872,1,0,-2.9540,-3.1395,-3.3016,6.5922,6.7394,6.6581,4.6238,-6.4464
387,True,Optimization terminated successfully.,2841,4256,18.2270,1,0,1.4419,1.2911,1.0895,-3.6607,-3.4971,-3.5973,-1.0620,8.1130
388,True,Optimization terminated successfully.,2248,3413,9.0908,1,0,2.2605,2.1349,1.8408,-5.3505,-5.2561,-5.3461,-2.0564,10.5667
389,True,Optimization terminated successfully.,2732,4055,16.7976,0,1,-0.4215,-0.4959,-0.7402,0.6385,0.7578,0.6531,1.3062,2.0714
390,True,Optimization terminated successfully.,2338,3510,10.3523,1,0,1.3298,1.1117,0.9886,-3.2190,-3.0902,-3.1330,-0.7855,7.5136
391,True,Optimization terminated successfully.,2254,3386,2.8619,1,0,2.0683,1.9219,1.8624,-5.1001,-5.0382,-5.1405,-1.8905,10.1961
392,True,Optimization terminated successfully.,2431,3675,15.1844,1,0,1.7673,1.6104,1.4718,-4.3437,-4.2167,-4.4024,-1.3986,9.1257
393,True,Optimization terminated successfully.,2431,3676,5.0492,1,0,-3.7093,-3.8335,-4.0604,8.2461,8.3371,8.3144,5.5896,-8.7493
394,True,Optimization terminated successfully.,2427,3629,9.2786,1,0,-2.8240,-2.9812,-3.0769,6.1313,6.2667,6.1456,4.3164,-5.7376
395,True,Optimization terminated successfully.,2358,3538,9.7932,0,1,-0.4567,-0.5932,-0.7685,0.7644,0.8026,0.7379,1.3767,1.9917
396,True,Optimization terminated successfully.,2144,3247,17.1062,0,1,-1.8903,-1.9615,-2.3112,4.1643,4.2923,4.1246,3.3272,-2.9231
397,True,Optimization terminated successfully.,2801,4222,15.9268,1,0,10.2482,10.0448,9.8166,-23.6679,-23.6167,-23.6491,-12.0732,36.5347
398,True,Optimization terminated successfully.,2566,3804,19.3176,0,1,-0.1870,-0.4127,-0.5419,0.1455,0.3216,0.1205,1.1079,2.7621
399,True,Optimization terminated successfully.,2546,3825,15.7912,1,0,-2.5055,-2.6165,-2.8177,5.4639,5.4728,5.4017,3.9340,-4.7156
400,True,Optimization terminated successfully.,3506,5272,19.0094,0,1,-0.5436,-0.7443,-0.9124,0.9384,1.0301,0.9775,1.3779,1.7005
401,True,Optimization terminated successfully.,3543,5269,35.2924,0,1,-0.5973,-0.7554,-0.9937,1.1191,1.2855,1.1484,1.4980,1.4416
402,True,Optimization terminated successfully.,3034,4551,13.8496,0,1,-1.7901,-1.9463,-2.1959,3.8525,3.8622,3.7391,3.0473,-2.3530
403,True,Optimization terminated successfully.,2781,4158,16.4362,0,1,-0.5493,-0.6491,-0.9165,1.0196,1.0946,0.9646,1.5072,1.5999
404,True,Optimization terminated successfully.,2466,3705,11.8949,1,0,3.3758,3.2269,3.0012,-7.8713,-7.7928,-8.0107,-3.3262,14.2336
405,True,Optimization terminated successfully.,2800,4186,22.7221,1,0,1.8217,1.7246,1.5235,-4.5800,-4.4874,-4.6222,-1.6800,9.4961
406,True,Optimization terminated successfully.,2682,4047,15.9798,1,0,-40.5537,-40.7174,-40.8596,92.7896,92.8553,92.7785,52.2851,-128.5319
407,True,Optimization terminated successfully.,2282,3429,4.7148,1,0,3.1394,2.9332,2.7130,-7.2687,-7.1595,-7.2744,-2.9385,13.2771
408,True,Optimization terminated successfully.,2164,3219,3.0895,0,1,0.0569,-0.1598,-0.3166,-0.3104,-0.1762,-0.2867,0.9173,3.3767
409,True,Optimization terminated successfully.,3061,4546,16.0421,1,0,1.6872,1.5505,1.3058,-3.9979,-3.8044,-3.9350,-1.1417,8.5392
410,True,Optimization terminated successfully.,2494,3711,13.7394,0,1,-0.8259,-0.9352,-1.1985,1.7225,1.8084,1.7244,1.9678,0.6456
411,True,Optimization terminated successfully.,2491,3739,38.0993,1,0,2.4994,2.2757,2.1657,-5.8657,-5.8238,-5.8835,-2.1923,11.3291
412,True,Optimization terminated successfully.,2618,3885,7.2796,0,1,-0.0950,-0.1811,-0.4335,-0.1150,-0.0173,-0.1346,0.8923,3.1449
413,True,Optimization terminated successfully.,2277,3410,17.4602,1,0,0.7180,0.6205,0.4526,-1.9773,-1.9533,-2.0609,-0.2187,5.7869
414,True,Optimization terminated successfully.,2727,4083,8.5496,0,1,-1.3100,-1.3819,-1.6222,2.6325,2.6774,2.6547,2.4157,-0.7316
415,True,Optimization terminated successfully.,2779,4147,10.6145,1,0,2.2851,2.1209,1.9950,-5.5048,-5.3845,-5.3884,-1.9626,10.7308
416,True,Optimization terminated successfully.,2686,4012,3.3988,0,1,-1.2680,-1.3913,-1.6861,2.8969,2.9533,2.7894,2.6312,-1.0160
417,True,Optimization terminated successfully.,2522,3803,8.4509,1,0,0.5253,0.3383,0.2278,-1.4268,-1.3338,-1.4247,0.2222,5.0472
418,True,Optimization terminated successfully.,2112,3215,26.5429,0,1,-2.1677,-2.4078,-2.5304,4.7683,4.8512,4.7206,3.5790,-3.7456
419,True,Optimization terminated successfully.,2935,4444,34.2403,1,0,4.4366,4.3641,4.0992,-10.4064,-10.2836,-10.4045,-4.6459,17.7695
420,True,Optimization terminated successfully.,2597,3883,18.2807,0,1,-1.2438,-1.4775,-1.6227,2.7292,2.8507,2.6794,2.5738,-0.9118
421,True,Optimization terminated successfully.,2430,3641,20.7269,0,1,0.1436,-0.0769,-0.1444,-0.5464,-0.3978,-0.5414,0.7127,3.7705
422,True,Optimization terminated successfully.,2623,3909,11.6169,0,1,0.1877,0.1155,-0.1250,-0.8174,-0.6808,-0.7600,0.4779,4.1017
423,True,Optimization terminated successfully.,2561,3844,12.6467,1,0,3.7632,3.6551,3.3773,-8.7826,-8.6649,-8.7987,-3.7396,15.4423
424,True,Optimization terminated successfully.,2630,3942,7.3259,1,0,-2.5248,-2.7300,-2.9182,5.5966,5.6695,5.6117,4.0564,-4.9547
425,True,Optimization terminated successfully.,2512,3805,9.1870,1,0,3.7107,3.5945,3.2891,-8.7068,-8.6279,-8.7506,-3.7577,15.3657
426,True,Optimization terminated successfully.,2715,4027,8.1532,0,1,-1.0046,-1.2544,-1.4811,2.2448,2.3678,2.2918,2.2395,-0.2886
427,True,Optimization terminated successfully.,2648,3954,10.0198,1,0,-17.3182,-17.5026,-17.6236,39.3984,39.5800,39.4246,22.7990,-52.9066
428,True,Optimization terminated successfully.,2373,3555,17.6701,1,0,2.9489,2.7415,2.6307,-6.9710,-6.9214,-7.0193,-2.9697,12.8523
429,True,Optimization terminated successfully.,2228,3364,15.9907,0,1,-0.9211,-0.9684,-1.2038,1.6826,1.8436,1.6309,1.9187,0.5770
430,True,Optimization terminated successfully.,2614,3956,5.1343,1,0,-12.7161,-12.8942,-13.0782,28.9366,29.1121,28.9262,17.0369,-38.0713
431,True,Optimization terminated successfully.,2709,4061,13.6514,1,0,-3.0294,-3.2064,-3.4810,6.6954,6.7836,6.6941,4.7164,-6.5088
432,True,Optimization terminated successfully.,12246,18202,134.1309,1,0,99.5011,99.3474,99.1199,-228.2264,-228.1297,-228.2670,-125.0678,326.5440
433,True,Optimization terminated successfully.,2751,4111,9.5921,0,1,-1.8456,-1.9760,-2.1900,3.9219,4.0983,3.9206,3.1940,-2.6323
434,True,Optimization terminated successfully.,2294,3447,8.9399,1,0,-7.1290,-7.3182,-7.4270,16.1877,16.3266,16.1661,9.9375,-19.9331
435,True,Optimization terminated successfully.,2329,3502,18.7571,1,0,1.4413,1.2467,1.1410,-3.5395,-3.5237,-3.5449,-1.0355,8.0198
436,True,Optimization terminated successfully.,2507,3746,11.9147,1,0,1.7690,1.6497,1.3939,-4.1881,-4.1515,-4.2627,-1.3264,8.9624
437,True,Optimization terminated successfully.,2382,3555,5.3825,0,1,0.4530,0.2806,0.0593,-1.2811,-1.0959,-1.2291,0.3148,4.7012
438,True,Optimization terminated successfully.,2387,3609,19.2460,1,0,1.5427,1.3448,1.2331,-3.6696,-3.6016,-3.6959,-0.9649,8.2489
439,True,Optimization terminated successfully.,2370,3572,16.9065,1,0,3.0268,2.9296,2.6538,-7.1507,-7.0558,-7.1480,-2.8854,13.1250
440,True,Optimization terminated successfully.,2732,4087,14.0546,1,0,1.5655,1.4950,1.2668,-3.9695,-3.9262,-4.0255,-1.3421,8.6862
441,True,Optimization terminated successfully.,2379,3543,10.3770,0,1,-0.9567,-1.0804,-1.2716,1.9558,2.1041,1.9809,2.0764,0.2091
442,True,Optimization terminated successfully.,2572,3874,8.9762,1,0,1.7739,1.4660,1.4261,-4.1303,-3.9389,-4.0712,-1.2354,8.8322
443,True,Optimization terminated successfully.,2800,4165,14.2982,1,0,1.9854,1.7845,1.5958,-4.8236,-4.6935,-4.9007,-1.6781,9.7911
444,True,Optimization terminated successfully.,2210,3319,16.9705,1,0,1.4735,1.3400,1.0889,-3.4924,-3.3529,-3.5486,-0.8897,7.9545
445,True,Optimization terminated successfully.,2619,3946,4.9499,1,0,3.5944,3.4577,3.3120,-8.4914,-8.3703,-8.5710,-3.7423,15.0920
446,True,Optimization terminated successfully.,2428,3638,13.3195,0,1,0.1927,0.0865,-0.0868,-0.6854,-0.4936,-0.6774,0.6974,3.9237
447,True,Optimization terminated successfully.,2454,3676,20.8151,1,0,3.8237,3.6359,3.4236,-8.8162,-8.8137,-8.8560,-3.9064,15.5624
448,True,Optimization terminated successfully.,2487,3739,13.7823,1,0,4.5496,4.3700,4.1997,-10.5277,-10.4277,-10.4921,-4.8078,17.8619
449,True,Optimization terminated successfully.,2587,3903,16.2070,0,1,-1.7865,-1.9461,-2.1493,3.9328,4.0128,3.9541,3.1341,-2.5587
450,True,Optimization terminated successfully.,2506,3752,15.7538,0,1,0.3737,0.2142,0.0385,-1.0187,-0.9988,-1.0302,0.3582,4.4938
451,True,Optimization terminated successfully.,2306,3454,9.8862,0,1,0.0663,-0.1499,-0.2531,-0.2653,-0.1788,-0.3338,0.7930,3.3965
452,True,Optimization terminated successfully.,2534,3774,24.1429,0,1,-0.2641,-0.4087,-0.5894,0.5158,0.5766,0.4274,1.2859,2.3999
453,True,Optimization terminated successfully.,2630,3945,9.2102,1,0,3.4349,3.3185,3.0532,-8.0659,-7.9591,-8.1494,-3.6380,14.4637
454,True,Optimization terminated successfully.,2648,3985,20.3389,0,1,-1.7785,-1.9891,-2.1922,3.8780,4.0275,3.9178,3.1523,-2.6064
455,True,Optimization terminated successfully.,2483,3706,11.1192,1,0,1.1946,1.0256,0.7985,-3.0108,-2.8406,-2.9299,-0.7907,7.1308
456,True,Optimization terminated successfully.,2232,3334,26.4631,1,0,2.2598,2.0903,1.9598,-5.4651,-5.3778,-5.5071,-2.0741,10.7626
457,True,Optimization terminated successfully.,2539,3801,13.4884,1,0,0.7886,0.5077,0.4171,-1.9785,-1.7827,-1.9690,-0.0835,5.6888
458,True,Optimization terminated successfully.,2440,3684,5.1272,1,0,-3.8635,-4.0129,-4.1255,8.5833,8.7207,8.6736,5.7407,-9.1836
459,True,Optimization terminated successfully.,2477,3717,29.7318,1,0,3.4979,3.2931,3.1456,-8.1879,-8.0700,-8.1953,-3.5975,14.6214
460,True,Optimization terminated successfully.,2283,3450,27.4019,0,1,0.3332,0.1978,-0.0390,-0.8660,-0.6625,-0.8868,0.6434,4.2015
461,True,Optimization terminated successfully.,2639,3939,16.3598,1,0,0.8763,0.6526,0.5092,-2.0403,-2.0222,-2.0286,-0.0605,5.9366
462,True,Optimization terminated successfully.,2644,3973,15.5176,1,0,-8.6064,-8.7931,-9.0710,19.5644,19.7091,19.6460,11.9013,-24.7552
463,True,Optimization terminated successfully.,2774,4189,25.3406,1,0,6.6823,6.5769,6.3676,-15.5127,-15.4684,-15.5719,-7.5554,25.0486
464,True,Optimization terminated successfully.,2827,4215,21.5662,0,1,-0.7937,-0.9077,-1.0916,1.3767,1.4769,1.4240,1.7922,0.9260
465,True,Optimization terminated successfully.,2051,3107,12.3247,0,1,0.4446,0.2727,0.1177,-1.2223,-1.0948,-1.1972,0.3678,4.6754
466,True,Optimization terminated successfully.,2842,4251,13.5936,0,1,-0.4900,-0.6359,-0.8294,0.9229,0.9503,0.8339,1.5364,1.7430
467,True,Optimization terminated successfully.,2362,3525,24.3915,1,0,1.8333,1.8373,1.5478,-4.5501,-4.4769,-4.6364,-1.5084,9.4919
468,True,Optimization terminated successfully.,2436,3673,14.7879,1,0,-13.5031,-13.6323,-13.8946,30.8121,30.8784,30.7833,18.0135,-40.6711
469,True,Optimization terminated successfully.,2708,4043,25.6311,1,0,6.0444,5.9759,5.7288,-14.2514,-14.1503,-14.3672,-7.0285,23.1585
470,True,Optimization terminated successfully.,2866,4311,10.8411,1,0,8.1705,8.0566,7.8816,-19.0402,-18.9610,-19.0444,-9.5791,30.0141
471,True,Optimization terminated successfully.,2916,4340,11.1461,0,1,0.0776,-0.0373,-0.2492,-0.5236,-0.3396,-0.5075,0.6843,3.6963
472,True,Optimization terminated successfully.,2004,3005,16.4097,1,0,0.7153,0.6479,0.4331,-1.9796,-1.8214,-1.9398,-0.1460,5.7302
473,True,Optimization terminated successfully.,2851,4243,13.1670,1,0,2.5185,2.3449,2.1628,-5.9187,-5.8421,-5.9633,-2.2274,11.4537
474,True,Optimization terminated successfully.,2461,3672,18.5993,0,1,0.2134,0.0261,-0.2039,-0.5668,-0.5332,-0.6664,0.7162,3.8379
475,True,Optimization terminated successfully.,2289,3410,13.5327,1,0,0.5492,0.4138,0.1600,-1.4216,-1.2730,-1.4316,0.2756,5.0193
476,True,Optimization terminated successfully.,2516,3767,7.7310,0,1,-1.2333,-1.3292,-1.5889,2.6577,2.7531,2.6766,2.5588,-0.7755
477,True,Optimization terminated successfully.,2163,3203,13.9322,0,1,0.2897,0.0578,-0.1499,-0.8325,-0.7579,-0.7458,0.4765,4.0961
478,True,Optimization terminated successfully.,2344,3525,17.7507,1,0,1.5776,1.4621,1.1439,-3.7388,-3.7775,-3.7728,-1.0327,8.4019
479,True,Optimization terminated successfully.,2709,4035,4.7960,1,0,0.5768,0.4880,0.1923,-1.5336,-1.4849,-1.5209,0.0549,5.1903
480,True,Optimization terminated successfully.,2371,3502,8.5139,0,1,0.3460,0.2236,0.0114,-1.1043,-0.9512,-1.0878,0.4234,4.4321
481,True,Optimization terminated successfully.,2126,3204,9.8149,1,0,0.9914,0.8546,0.6489,-2.4758,-2.4852,-2.6367,-0.4601,6.6047
482,True,Optimization terminated successfully.,2309,3460,10.9648,0,1,-0.2435,-0.4359,-0.6196,0.3912,0.4920,0.3353,1.1666,2.4591
483,True,Optimization terminated successfully.,2483,3718,15.9785,0,1,-0.8178,-0.9942,-1.1191,1.5797,1.7631,1.6260,1.9678,0.6845
484,True,Optimization terminated successfully.,2870,4285,9.6980,0,1,-0.3629,-0.4713,-0.7443,0.6744,0.8117,0.6825,1.5682,2.0214
485,True,Optimization terminated successfully.,2324,3501,21.7882,1,0,1.6180,1.4310,1.2652,-3.9147,-3.8379,-3.9760,-1.3301,8.5379
486,True,Optimization terminated successfully.,2972,4426,16.2031,1,0,6.6339,6.4661,6.2742,-15.4236,-15.2278,-15.3818,-7.3136,24.7781
487,True,Optimization terminated successfully.,2646,3966,16.8697,1,0,1.4108,1.2994,1.0672,-3.4749,-3.3648,-3.5536,-0.9830,7.9487
488,True,Optimization terminated successfully.,2566,3904,3.7329,1,0,-23.2526,-23.3859,-23.6334,53.0616,53.1947,53.1892,30.3408,-72.2350
489,True,Optimization terminated successfully.,2883,4275,5.7569,1,0,0.7363,0.5961,0.3033,-1.8705,-1.7311,-1.9427,-0.0422,5.6375
490,True,Optimization terminated successfully.,2612,3914,20.5854,1,0,-4.3643,-4.4486,-4.6928,9.6440,9.8491,9.6895,6.3359,-10.7634
491,True,Optimization terminated successfully.,2370,3582,19.4232,0,1,-1.3127,-1.4513,-1.7063,2.8293,2.8798,2.7640,2.4886,-1.0018
492,True,Optimization terminated successfully.,2766,4146,21.2897,1,0,1.8752,1.6730,1.4809,-4.3921,-4.3454,-4.4395,-1.4941,9.2587
493,True,Optimization terminated successfully.,2612,3918,5.7092,1,0,-3.7378,-3.8930,-4.1130,8.4346,8.5636,8.3468,5.7274,-8.9328
494,True,Optimization terminated successfully.,2138,3226,23.4576,0,1,0.2814,0.0904,-0.1199,-0.7791,-0.7009,-0.8472,0.5361,4.0837
495,True,Optimization terminated successfully.,2072,3153,30.7353,1,0,1.3315,1.1450,0.9802,-3.2307,-3.1436,-3.2452,-0.7620,7.5614
496,True,Optimization terminated successfully.,2643,3956,7.5349,0,1,0.3072,0.1196,-0.0646,-0.7369,-0.6876,-0.7577,0.6633,4.0812
497,True,Optimization terminated successfully.,2452,3666,5.7970,0,1,-1.4627,-1.6245,-1.7386,3.0625,3.0919,3.0654,2.6421,-1.2967
498,True,Optimization terminated successfully.,2800,4218,14.4094,1,0,1.6354,1.4477,1.2395,-3.8576,-3.8726,-3.8740,-1.1807,8.5469
499,True,Optimization terminated successfully.,2335,3516,24.5452,1,0,1.1803,1.0107,0.8008,-2.7598,-2.6209,-2.8119,-0.5541,6.9027
500,True,Optimization terminated successfully.,2238,3373,8.2963,1,0,0.9439,0.8146,0.6741,-2.5582,-2.4936,-2.5016,-0.5680,6.5221
501,True,Optimization terminated successfully.,2367,3573,12.8423,1,0,2.0281,1.9041,1.7908,-4.9552,-4.8500,-5.0305,-1.7445,10.0046
502,True,Optimization terminated successfully.,2313,3472,19.9897,1,0,0.5894,0.4283,0.2829,-1.4904,-1.4542,-1.4703,0.1494,5.1221
503,True,Optimization terminated successfully.,2034,3076,26.3633,1,0,3.7550,3.5596,3.4369,-8.7976,-8.7889,-8.8297,-3.8411,15.4891
504,True,Optimization terminated successfully.,2652,3976,4.5720,1,0,-7.5388,-7.5639,-7.7541,16.8842,16.9230,16.8308,10.2054,-20.9263
505,True,Optimization terminated successfully.,3164,4714,13.6741,0,1,-0.7254,-0.9231,-1.0884,1.4693,1.5186,1.4020,1.7518,0.9822
506,True,Optimization terminated successfully.,2782,4182,5.6943,1,0,-8.4034,-8.6012,-8.6962,19.0819,19.1269,19.0612,11.5480,-24.0318
507,True,Optimization terminated successfully.,2479,3692,17.4625,1,0,0.9558,0.7967,0.5774,-2.5284,-2.3442,-2.4336,-0.4170,6.4667
508,True,Optimization terminated successfully.,2425,3596,19.3600,0,1,0.3756,0.2254,0.0282,-1.0787,-1.0563,-1.0932,0.3324,4.5521
509,True,Optimization terminated successfully.,3016,4467,6.3683,0,1,-1.7122,-1.8639,-2.0365,3.6398,3.6660,3.5756,2.8405,-2.1124
510,True,Optimization terminated successfully.,2792,4172,12.6238,1,0,3.1938,3.1384,2.8391,-7.5979,-7.4575,-7.5759,-3.1659,13.7851
511,True,Optimization terminated successfully.,2438,3667,16.0269,1,0,2.7494,2.6551,2.4013,-6.5070,-6.4983,-6.5203,-2.6050,12.2928
512,True,Optimization terminated successfully.,2257,3411,21.3921,1,0,3.1338,2.9214,2.7643,-7.4163,-7.1969,-7.3761,-3.1729,13.4089
513,True,Optimization terminated successfully.,2171,3281,18.4452,0,1,-1.9372,-2.0152,-2.2487,4.2482,4.3093,4.1896,3.3074,-2.9467
514,True,Optimization terminated successfully.,2242,3375,5.1545,0,1,-0.2659,-0.3983,-0.6063,0.3087,0.4563,0.2826,1.1442,2.5346
515,True,Optimization terminated successfully.,2505,3748,8.7349,1,0,2.0350,1.8459,1.6983,-4.7361,-4.6584,-4.7719,-1.4495,9.8145
516,True,Optimization terminated successfully.,2303,3454,2.6758,1,0,-2.3111,-2.5444,-2.6528,5.1642,5.2554,5.1118,3.8865,-4.2847
517,True,Optimization terminated successfully.,2922,4341,4.6849,1,0,-7.0306,-7.2927,-7.4454,16.0556,16.1488,16.0397,9.8294,-19.7473
518,True,Optimization terminated successfully.,2298,3440,8.6837,0,1,-0.8852,-0.9776,-1.1529,1.8021,1.9455,1.7844,2.0797,0.4074
519,True,Optimization terminated successfully.,2266,3364,11.3587,0,1,-0.0686,-0.2107,-0.3992,0.0514,0.1325,-0.0052,0.9871,2.9543
520,True,Optimization terminated successfully.,2748,4161,7.6550,1,0,-7.6193,-7.7029,-7.9349,17.1825,17.3214,17.1899,10.4977,-21.3848
521,True,Optimization terminated successfully.,2526,3751,9.3063,0,1,0.4769,0.3072,0.1170,-1.2965,-1.1648,-1.2806,0.3132,4.8033
522,True,Optimization terminated successfully.,2572,3811,20.7530,1,0,1.8237,1.6618,1.4856,-4.4474,-4.3549,-4.4223,-1.5353,9.3223
523,True,Optimization terminated successfully.,2604,3870,13.5245,0,1,0.1247,-0.0475,-0.2579,-0.4183,-0.2834,-0.3361,0.8526,3.5455
524,True,Optimization terminated successfully.,2481,3730,17.4230,1,0,0.9457,0.8118,0.5659,-2.1481,-2.0977,-2.2170,-0.1089,6.1465
525,True,Optimization terminated successfully.,2319,3530,24.6391,1,0,12.2354,12.0964,11.9150,-28.2835,-28.1469,-28.3845,-14.7657,43.0597
526,True,Optimization terminated successfully.,2595,3895,6.9418,1,0,-4.9876,-5.1159,-5.3337,11.2808,11.3630,11.3943,7.1267,-12.9617
527,True,Optimization terminated successfully.,2845,4213,10.4630,0,1,-1.8330,-1.9992,-2.2379,4.0413,4.1366,4.1011,3.2435,-2.7203
528,True,Optimization terminated successfully.,2238,3393,7.5613,1,0,6.8112,6.6351,6.4776,-15.8173,-15.6742,-15.8365,-7.7558,25.4146
529,True,Optimization terminated successfully.,2867,4248,19.6227,1,0,2.0078,1.8931,1.7189,-4.9490,-4.8742,-4.9774,-1.8854,10.0332
530,True,Optimization terminated successfully.,2539,3869,13.2514,1,0,0.6792,0.4563,0.3015,-1.6838,-1.5480,-1.6152,0.0466,5.3141
531,True,Optimization terminated successfully.,2492,3749,28.7020,1,0,3.2555,3.1216,2.8469,-7.5810,-7.4559,-7.5561,-3.2665,13.7734
532,True,Optimization terminated successfully.,2158,3255,25.8009,0,1,0.4474,0.2370,0.0819,-1.2175,-1.0791,-1.2226,0.3593,4.6767
533,True,Optimization terminated successfully.,2857,4243,9.7377,0,1,-1.8770,-2.0389,-2.2050,4.0896,4.1925,4.0434,3.2429,-2.7877
534,True,Optimization terminated successfully.,2637,3981,25.9811,1,0,0.8048,0.5659,0.3702,-2.0030,-1.7817,-1.9503,-0.1571,5.8110
535,True,Optimization terminated successfully.,2029,3059,15.0879,1,0,0.6286,0.5010,0.2762,-1.6414,-1.5776,-1.6530,-0.0105,5.3303
536,True,Optimization terminated successfully.,2246,3411,20.4290,0,1,0.0040,-0.1728,-0.3044,-0.3475,-0.2745,-0.4039,0.7479,3.4512
537,True,Optimization terminated successfully.,2546,3825,10.0984,1,0,1.7024,1.5994,1.3615,-4.2438,-4.0656,-4.2417,-1.3062,8.9505
538,True,Optimization terminated successfully.,2544,3817,14.9361,0,1,0.0079,-0.1623,-0.3643,-0.1841,-0.0825,-0.1551,0.7861,3.2124
539,True,Optimization terminated successfully.,2811,4185,9.0693,1,0,0.6482,0.5262,0.2730,-1.6726,-1.6371,-1.7703,0.0113,5.4636
540,True,Optimization terminated successfully.,2612,3906,12.3182,1,0,1.4202,1.2490,1.0937,-3.4902,-3.3394,-3.4985,-0.8696,7.9503
541,True,Optimization terminated successfully.,2919,4357,12.6989,1,0,2.0352,1.9250,1.6842,-4.9001,-4.8216,-4.8954,-1.7083,9.9480
542,True,Optimization terminated successfully.,2579,3845,16.0667,0,1,0.3055,0.1446,-0.0966,-0.9285,-0.8446,-0.9381,0.3834,4.3061
543,True,Optimization terminated successfully.,2505,3733,18.4609,1,0,1.4132,1.3222,1.0535,-3.4375,-3.3154,-3.5067,-0.9190,7.8200
544,True,Optimization terminated successfully.,2530,3825,7.0917,1,0,1.2721,1.0929,0.9013,-3.0686,-2.8607,-3.0829,-0.5927,7.3060
545,True,Optimization terminated successfully.,2549,3791,7.7368,1,0,0.5894,0.4557,0.1979,-1.5065,-1.3299,-1.5276,0.2221,5.1061
546,True,Optimization terminated successfully.,2378,3543,8.0763,0,1,-2.1071,-2.3201,-2.5499,4.7659,4.8775,4.8547,3.6822,-3.7919
547,True,Optimization terminated successfully.,2942,4464,26.8110,1,0,2.4061,2.2765,2.0831,-5.8296,-5.7347,-5.8813,-2.2890,11.3152
548,True,Optimization terminated successfully.,2229,3345,7.5123,1,0,0.6698,0.5229,0.2568,-1.6942,-1.5631,-1.7177,0.1355,5.3495
549,True,Optimization terminated successfully.,2746,4134,11.1021,0,1,-0.9351,-1.0893,-1.3191,1.9234,1.9822,1.8898,2.1292,0.3112
550,True,Optimization terminated successfully.,2908,4314,16.0181,0,1,0.4501,0.3568,0.1593,-1.3188,-1.2042,-1.3541,0.2544,4.8648
551,True,Optimization terminated successfully.,2439,3664,25.0955,1,0,3.2591,3.1140,2.8835,-7.6347,-7.6055,-7.6923,-3.1687,13.8454
552,True,Optimization terminated successfully.,2340,3468,24.4869,1,0,1.0767,0.8763,0.7248,-2.6485,-2.5969,-2.6838,-0.5235,6.7460
553,True,Optimization terminated successfully.,2134,3225,9.6134,1,0,3.0664,2.9705,2.7624,-7.3371,-7.2239,-7.3639,-3.0848,13.3620
554,True,Optimization terminated successfully.,2549,3798,11.1651,1,0,-3.5432,-3.7038,-3.9155,7.8363,7.9753,7.8574,5.2658,-8.1574
555,True,Optimization terminated successfully.,2202,3292,8.2810,0,1,-1.0427,-1.1903,-1.3122,2.1138,2.2177,2.1014,2.0837,-0.0163
556,True,Optimization terminated successfully.,2641,3955,17.2860,1,0,3.0371,2.7747,2.6528,-7.0198,-6.8583,-7.0004,-2.8605,12.8819
557,True,Optimization terminated successfully.,2582,3876,17.3019,1,0,5.1834,5.1305,4.9340,-12.3314,-12.2356,-12.3439,-5.9621,20.4157
558,True,Optimization terminated successfully.,2483,3707,20.7275,1,0,1.1458,1.0241,0.8212,-2.7384,-2.6745,-2.7923,-0.5429,6.8896
559,True,Optimization terminated successfully.,2353,3585,22.4000,1,0,-16.5499,-16.7075,-16.8396,37.7802,37.8831,37.8432,21.8916,-50.6261
560,True,Optimization terminated successfully.,2611,3952,32.7730,1,0,-9.0756,-9.2001,-9.4381,20.5661,20.7370,20.5250,12.4520,-26.1639
561,True,Optimization terminated successfully.,2498,3729,22.5638,0,1,-0.2779,-0.3575,-0.6246,0.3195,0.4870,0.3161,1.0805,2.4605
562,True,Optimization terminated successfully.,2505,3796,4.8457,1,0,-4.1364,-4.3814,-4.6460,9.4215,9.6569,9.4905,6.3011,-10.4355
563,True,Optimization terminated successfully.,2847,4263,22.0851,0,1,0.4371,0.2522,0.0868,-1.2117,-1.0754,-1.1808,0.2951,4.6913
564,True,Optimization terminated successfully.,2449,3699,22.2020,1,0,-2.4090,-2.6582,-2.8953,5.5526,5.6722,5.5098,4.0425,-4.8484
565,True,Optimization terminated successfully.,2380,3562,3.8671,0,1,-1.3040,-1.4587,-1.6225,2.8225,2.8836,2.8168,2.5659,-0.9731
566,True,Optimization terminated successfully.,2613,3892,23.2424,1,0,5.3995,5.2840,4.9858,-12.5135,-12.3922,-12.4697,-5.9033,20.7887
567,True,Optimization terminated successfully.,2642,4008,23.7906,1,0,5.4282,5.1775,5.1071,-12.6867,-12.6058,-12.7503,-6.1155,21.0029
568,True,Optimization terminated successfully.,2381,3577,17.8990,1,0,-7.9074,-8.0912,-8.3001,18.0159,18.1031,18.0058,10.8597,-22.5295
569,True,Optimization terminated successfully.,2423,3651,11.8768,1,0,-2.4027,-2.5499,-2.7519,5.2275,5.2636,5.1387,3.7757,-4.3688
570,True,Optimization terminated successfully.,2584,3834,8.4042,0,1,0.0322,-0.0764,-0.1959,-0.5307,-0.3901,-0.5070,0.7113,3.6934
571,True,Optimization terminated successfully.,2696,4017,26.3733,0,1,-0.2702,-0.5174,-0.6771,0.4350,0.5581,0.5303,1.2298,2.3328
572,True,Optimization terminated successfully.,2276,3399,15.9253,1,0,1.6812,1.4936,1.3659,-4.0945,-3.8773,-4.0110,-1.2563,8.6941
573,True,Optimization terminated successfully.,2533,3792,15.2608,1,0,2.6836,2.5779,2.3127,-6.2786,-6.1970,-6.3842,-2.4332,11.9266
574,True,Optimization terminated successfully.,2206,3310,6.9034,1,0,0.8952,0.8201,0.5353,-2.2733,-2.1713,-2.2206,-0.2535,6.1402
575,True,Optimization terminated successfully.,2584,3860,21.2782,1,0,1.4291,1.3037,1.0727,-3.5567,-3.4518,-3.5117,-0.9352,8.0077
576,True,Optimization terminated successfully.,2705,4046,4.9023,1,0,2.0901,1.8681,1.6964,-4.9759,-4.7842,-4.9565,-1.7116,9.9680
577,True,Optimization terminated successfully.,2515,3790,12.7976,0,1,0.5356,0.4102,0.1322,-1.3333,-1.2747,-1.3898,0.2668,4.9253
578,True,Optimization terminated successfully.,2103,3164,19.2990,0,1,-0.3222,-0.5148,-0.7346,0.4748,0.6919,0.5634,1.2272,2.2155
579,True,Optimization terminated successfully.,2437,3633,17.2420,0,1,0.4244,0.3273,0.0596,-1.2420,-1.1632,-1.2061,0.2983,4.6759
580,True,Optimization terminated successfully.,2359,3557,10.4891,1,0,2.5152,2.2785,2.2381,-6.0298,-5.9750,-6.0867,-2.4617,11.5597
581,True,Optimization terminated successfully.,2300,3443,15.0773,1,0,1.6263,1.4722,1.3007,-3.8289,-3.8922,-3.8830,-1.1458,8.4572
582,True,Optimization terminated successfully.,2886,4284,21.5000,1,0,-2.5755,-2.7911,-2.9545,5.6680,5.8665,5.7298,4.1934,-5.1137
583,True,Optimization terminated successfully.,2240,3348,8.1137,0,1,-0.3284,-0.3902,-0.6101,0.3372,0.4313,0.3097,1.0248,2.5047
584,True,Optimization terminated successfully.,2664,3988,5.5554,1,0,1.0472,0.9001,0.6480,-2.6452,-2.5664,-2.6741,-0.4201,6.7275
585,True,Optimization terminated successfully.,2766,4143,42.2404,1,0,9.0454,8.9297,8.6561,-21.0164,-20.9311,-21.0084,-10.6080,32.7793
586,True,Optimization terminated successfully.,2994,4505,9.6118,1,0,10.1143,9.8561,9.7002,-23.3488,-23.1992,-23.3044,-11.8436,36.0230
587,True,Optimization terminated successfully.,2692,4021,14.4369,0,1,-1.9803,-2.0947,-2.3283,4.3129,4.3640,4.3799,3.3713,-3.1197
588,True,Optimization terminated successfully.,2583,3893,1.6007,1,0,0.7098,0.5082,0.4381,-1.8708,-1.7219,-1.7801,0.0022,5.5545
589,True,Optimization terminated successfully.,2646,3942,15.4956,0,1,0.0745,-0.0393,-0.2272,-0.5126,-0.3719,-0.5584,0.6868,3.7112
590,True,Optimization terminated successfully.,2354,3539,32.6978,1,0,0.9351,0.7013,0.5301,-2.2569,-2.1215,-2.2788,-0.3353,6.2122
591,True,Optimization terminated successfully.,2427,3646,11.4820,0,1,0.2798,0.0746,-0.0533,-0.7824,-0.6676,-0.8187,0.6857,4.1436
592,True,Optimization terminated successfully.,2284,3433,34.2639,1,0,0.6681,0.5001,0.3055,-1.7178,-1.5728,-1.7092,0.0261,5.4253
593,True,Optimization terminated successfully.,2356,3535,16.2989,1,0,6.2128,5.9670,5.7942,-14.3511,-14.2623,-14.2472,-6.9881,23.3010
594,True,Optimization terminated successfully.,2560,3778,7.0700,1,0,-2.2533,-2.4064,-2.6137,4.9394,5.0462,4.8759,3.5622,-4.0000
595,True,Optimization terminated successfully.,2429,3677,21.4886,1,0,5.3808,5.2068,5.0457,-12.4643,-12.4153,-12.4355,-5.9504,20.6841
596,True,Optimization terminated successfully.,2740,4145,12.4223,1,0,7.0058,6.7429,6.5787,-16.0909,-16.0141,-16.1214,-7.9154,25.8711
597,True,Optimization terminated successfully.,2279,3439,11.1293,1,0,1.0511,0.8534,0.6366,-2.6505,-2.4282,-2.5861,-0.4163,6.6239
598,True,Optimization terminated successfully.,2588,3878,15.8008,1,0,0.7594,0.6625,0.4126,-1.9887,-1.8802,-2.0445,-0.1452,5.7553
599,True,Optimization terminated successfully.,2146,3231,13.2420,1,0,2.2961,2.1768,2.0193,-5.5370,-5.4215,-5.6244,-2.0626,10.8541
600,True,Optimization terminated successfully.,2622,3895,11.2510,1,0,0.9677,0.7993,0.5855,-2.3846,-2.3378,-2.4618,-0.3380,6.4027
601,True,Optimization terminated successfully.,2565,3847,7.0296,1,0,-2.9060,-2.9781,-3.1277,6.3721,6.4492,6.3703,4.4784,-5.9880
602,True,Optimization terminated successfully.,2462,3693,27.1124,1,0,-2.7544,-2.9144,-3.0663,6.0599,6.1345,6.0371,4.2994,-5.5940
603,True,Optimization terminated successfully.,2678,4062,25.5489,1,0,7.1317,6.9805,6.7693,-16.5644,-16.4306,-16.6172,-8.1425,26.4645
604,True,Optimization terminated successfully.,2169,3230,12.5427,0,1,0.3313,0.0809,-0.0059,-0.8850,-0.7657,-0.8716,0.5632,4.2155
605,True,Optimization terminated successfully.,2676,3986,23.8532,1,0,3.1188,2.9239,2.6612,-7.3594,-7.2791,-7.3787,-3.0911,13.3777
606,True,Optimization terminated successfully.,2511,3733,30.5594,1,0,0.6663,0.4411,0.3600,-1.7576,-1.6088,-1.8200,0.0162,5.4950
607,True,Optimization terminated successfully.,2449,3645,16.6572,1,0,3.9393,3.7531,3.6408,-9.2844,-9.1949,-9.4372,-4.1168,16.1530
608,True,Optimization terminated successfully.,2673,4001,18.3990,1,0,2.1625,1.9912,1.7521,-4.9666,-4.8851,-5.0033,-1.6637,10.0935
609,True,Optimization terminated successfully.,2271,3434,16.5929,1,0,0.8708,0.6183,0.4229,-2.0604,-1.9875,-2.1297,-0.1386,5.9544
610,True,Optimization terminated successfully.,2632,3921,13.3055,1,0,1.2323,1.0409,0.7955,-2.9361,-2.8203,-2.9769,-0.6408,7.2066
611,True,Optimization terminated successfully.,2285,3420,9.9135,0,1,0.4520,0.3340,0.1017,-1.2851,-1.1542,-1.2738,0.2573,4.7858
612,True,Optimization terminated successfully.,2908,4330,19.5591,0,1,-1.2488,-1.4057,-1.6349,2.7174,2.6808,2.5875,2.5037,-0.7207
613,True,Optimization terminated successfully.,2315,3485,17.8910,1,0,1.4018,1.2420,1.0342,-3.3858,-3.3493,-3.3754,-0.9223,7.8225
614,True,Optimization terminated successfully.,2332,3500,20.7380,0,1,0.3642,0.1614,-0.0730,-0.8713,-0.7797,-0.8280,0.4734,4.2326
615,True,Optimization terminated successfully.,2554,3830,5.1307,1,0,-13.7863,-13.9210,-14.1687,31.4935,31.6191,31.5022,18.4102,-41.6242
616,True,Optimization terminated successfully.,2533,3839,10.4810,1,0,-9.1259,-9.2466,-9.4750,20.7343,20.8793,20.6763,12.3656,-26.3807
617,True,Optimization terminated successfully.,2220,3337,17.1947,0,1,-0.2635,-0.4412,-0.5945,0.4090,0.5157,0.3028,1.2085,2.4174
618,True,Optimization terminated successfully.,2716,4054,10.2462,1,0,-2.5220,-2.7107,-2.9242,5.6006,5.8159,5.5992,4.1290,-4.9537
619,True,Optimization terminated successfully.,2531,3825,9.3002,1,0,3.6221,3.5161,3.2755,-8.4376,-8.4159,-8.4856,-3.6291,15.0449
620,True,Optimization terminated successfully.,2474,3694,18.5636,1,0,1.1145,0.9789,0.7820,-2.7923,-2.7533,-2.8760,-0.6268,6.9928
621,True,Optimization terminated successfully.,2119,3195,0.8641,1,0,1.9815,1.8484,1.6096,-4.7384,-4.6445,-4.8431,-1.6693,9.7160
622,True,Optimization terminated successfully.,2311,3466,14.0937,0,1,-0.3315,-0.5257,-0.7001,0.6445,0.7215,0.6419,1.4055,2.0767
623,True,Optimization terminated successfully.,2522,3765,7.9203,0,1,-2.0278,-2.1411,-2.3678,4.4863,4.5908,4.4238,3.5863,-3.3696
624,True,Optimization terminated successfully.,2476,3715,23.0514,1,0,3.3912,3.1980,3.0324,-7.8826,-7.7340,-7.8671,-3.3819,14.1608
625,True,Optimization terminated successfully.,2376,3548,8.0908,1,0,0.8558,0.7028,0.5538,-2.1753,-2.1300,-2.1173,-0.2216,6.0743
626,True,Optimization terminated successfully.,2716,4041,10.0397,1,0,2.6121,2.5033,2.3234,-6.3092,-6.1812,-6.3004,-2.4135,11.8954
627,True,Optimization terminated successfully.,2514,3756,18.2187,0,1,0.1822,0.0662,-0.1848,-0.6903,-0.5897,-0.6801,0.6673,3.9037
628,True,Optimization terminated successfully.,2606,3867,10.2342,1,0,1.1004,0.9378,0.6629,-2.6465,-2.5045,-2.7181,-0.5030,6.7655
629,True,Optimization terminated successfully.,2253,3372,18.8392,1,0,0.6235,0.3643,0.2237,-1.4685,-1.3223,-1.4157,0.3205,5.0644
630,True,Optimization terminated successfully.,2505,3756,13.0475,1,0,-2.2151,-2.4391,-2.6461,4.9489,5.1699,4.8942,3.6969,-4.0236
631,True,Optimization terminated successfully.,2729,4101,3.6875,1,0,2.0335,1.8512,1.6897,-4.9094,-4.8444,-4.9443,-1.7846,10.0146
632,True,Optimization terminated successfully.,2340,3556,23.7645,1,0,-6.0155,-6.2124,-6.4020,13.6026,13.6282,13.5703,8.3799,-16.2728
633,True,Optimization terminated successfully.,2626,3890,8.3228,0,1,-0.5244,-0.6361,-0.9434,0.9180,1.0745,0.8871,1.4697,1.6261
634,True,Optimization terminated successfully.,2462,3670,1.3626,1,0,2.3555,2.2704,2.0079,-5.5894,-5.5569,-5.5938,-2.1047,10.9011
635,True,Optimization terminated successfully.,2788,4173,9.6006,1,0,1.5893,1.5432,1.3046,-3.8481,-3.7800,-3.8735,-1.0938,8.5125
636,True,Optimization terminated successfully.,2707,4070,12.6138,1,0,4.3652,4.1833,4.0169,-10.2672,-10.1026,-10.2787,-4.7282,17.4776
637,True,Optimization terminated successfully.,2660,4013,24.3523,1,0,1.7729,1.6427,1.3612,-4.2180,-4.1647,-4.2990,-1.3364,9.0148
638,True,Optimization terminated successfully.,2541,3794,14.2734,0,1,-0.8373,-0.9729,-1.1320,1.6115,1.6830,1.6062,1.9250,0.7166
639,True,Optimization terminated successfully.,2782,4125,8.5483,0,1,-1.9306,-2.0464,-2.2492,4.2301,4.3660,4.2143,3.4350,-2.9904
640,True,Optimization terminated successfully.,2344,3530,10.6350,1,0,-3.3944,-3.6030,-3.8000,7.7206,7.7829,7.7483,5.2959,-7.9325
641,True,Optimization terminated successfully.,2256,3405,21.7667,1,0,0.6590,0.5846,0.3035,-1.8534,-1.8350,-1.8424,-0.0179,5.6366
642,True,Optimization terminated successfully.,2165,3260,11.8488,1,0,-5.4921,-5.6422,-5.7418,12.2051,12.3591,12.1485,7.7556,-14.3234
643,True,Optimization terminated successfully.,2539,3798,20.1759,1,0,0.8477,0.6825,0.4959,-2.1108,-2.0613,-2.1796,-0.2561,6.0017
644,True,Optimization terminated successfully.,2521,3765,8.5025,0,1,0.3525,0.2043,0.0600,-1.1501,-1.0410,-1.1182,0.3103,4.6083
645,True,Optimization terminated successfully.,2270,3406,13.9514,1,0,0.8483,0.6948,0.4252,-2.1040,-2.0125,-2.1007,-0.1315,5.9629
646,True,Optimization terminated successfully.,2556,3838,11.7451,1,0,1.3930,1.1465,1.0295,-3.3913,-3.2500,-3.4184,-0.9222,7.8128
647,True,Optimization terminated successfully.,2677,4022,17.8448,0,1,0.0451,-0.1239,-0.4123,-0.2582,-0.1302,-0.2498,0.9689,3.3657
648,True,Optimization terminated successfully.,2730,4069,21.5621,1,0,5.0652,4.8648,4.6219,-11.7237,-11.6377,-11.8281,-5.4339,19.6347
649,True,Optimization terminated successfully.,2529,3814,26.5185,0,1,-0.0589,-0.2447,-0.4651,0.0783,0.1314,0.0313,1.0527,2.8956
650,True,Optimization terminated successfully.,2567,3881,13.2818,1,0,-4.0493,-4.1730,-4.3589,9.0019,9.0875,9.0085,5.8937,-9.7555
651,True,Optimization terminated successfully.,2629,3923,28.1756,0,1,-0.7878,-0.8789,-1.0412,1.4101,1.4999,1.3984,1.7944,0.9615
652,True,Optimization terminated successfully.,2635,3954,14.4834,1,0,-10.6411,-10.8477,-11.0453,24.2136,24.2885,24.1525,14.3430,-31.2981
653,True,Optimization terminated successfully.,2680,4037,10.9392,0,1,-0.9093,-1.0372,-1.1621,1.7957,1.7886,1.7097,1.8545,0.5321
654,True,Optimization terminated successfully.,2175,3272,15.4489,1,0,1.5520,1.3551,1.2594,-3.6974,-3.6151,-3.7024,-0.9484,8.2190
655,True,Optimization terminated successfully.,2273,3387,5.8363,0,1,-0.4478,-0.6451,-0.7656,0.8517,0.9773,0.8552,1.5758,1.7358
656,True,Optimization terminated successfully.,2281,3428,17.2586,0,1,0.4287,0.2393,0.0747,-1.2212,-1.0769,-1.1897,0.3174,4.6553
657,True,Optimization terminated successfully.,2340,3500,20.9727,0,1,-0.0325,-0.2881,-0.4187,0.0362,0.1307,0.0804,1.0402,2.9075
658,True,Optimization terminated successfully.,2146,3213,25.7025,0,1,0.0270,-0.1106,-0.2881,-0.3911,-0.2580,-0.4239,0.7246,3.5592
659,True,Optimization terminated successfully.,2109,3181,18.5563,1,0,1.9482,1.8328,1.6086,-4.6494,-4.6269,-4.6694,-1.5490,9.5862
660,True,Optimization terminated successfully.,2535,3803,12.9840,1,0,2.8228,2.6997,2.5064,-6.7670,-6.7121,-6.8270,-2.7206,12.6262
661,True,Optimization terminated successfully.,2779,4128,27.2815,1,0,2.5608,2.4411,2.2559,-6.1574,-6.1173,-6.1896,-2.3744,11.7731
662,True,Optimization terminated successfully.,2911,4388,18.4836,1,0,5.3428,5.2688,5.0979,-12.4968,-12.4722,-12.5364,-5.8949,20.7941
663,True,Optimization terminated successfully.,2658,3996,24.7081,1,0,1.6326,1.4235,1.2698,-4.0204,-3.8995,-3.9555,-1.2431,8.6403
664,True,Optimization terminated successfully.,2290,3457,11.2152,0,1,-2.2384,-2.2852,-2.5660,4.9157,4.9784,4.8878,3.7182,-3.9561
665,True,Optimization terminated successfully.,2677,3988,8.6062,0,1,-0.1584,-0.2084,-0.4864,0.0755,0.2726,0.0281,1.0344,2.8684
666,True,Optimization terminated successfully.,2668,4003,16.2876,1,0,5.2665,5.1125,4.9606,-12.3607,-12.2624,-12.2496,-5.8714,20.5147
667,True,Optimization terminated successfully.,2554,3799,25.2587,1,0,-2.2644,-2.5812,-2.7799,5.3498,5.4322,5.2820,3.9828,-4.5651
668,True,Optimization terminated successfully.,2470,3705,13.1482,1,0,2.4510,2.2443,2.0667,-5.7580,-5.6279,-5.7604,-2.2142,11.1543
669,True,Optimization terminated successfully.,2373,3547,20.4804,0,1,-0.2929,-0.3805,-0.6077,0.3634,0.4083,0.2416,1.1250,2.4667
670,True,Optimization terminated successfully.,2551,3796,42.4048,0,1,-1.1253,-1.3677,-1.5867,2.4397,2.5618,2.4170,2.2706,-0.4334
671,True,Optimization terminated successfully.,2856,4274,10.2281,1,0,1.6560,1.4839,1.2724,-4.0186,-3.9744,-4.0055,-1.1928,8.6744
672,True,Optimization terminated successfully.,2348,3494,21.6802,0,1,-0.0097,-0.1384,-0.2594,-0.2956,-0.2488,-0.3459,0.8156,3.4477
673,True,Optimization terminated successfully.,2662,3970,10.3211,0,1,-1.6995,-1.7795,-1.9811,3.6209,3.6516,3.5212,2.8761,-2.0724
674,True,Optimization terminated successfully.,2999,4437,8.7770,1,0,2.4711,2.3028,2.0024,-5.6528,-5.4912,-5.6833,-2.0799,11.0571
675,True,Optimization terminated successfully.,2658,3926,14.5109,0,1,-0.4034,-0.5076,-0.7764,0.6419,0.7104,0.5479,1.2180,2.0455
676,True,Optimization terminated successfully.,2465,3730,9.4371,1,0,2.3632,2.1916,2.0219,-5.6096,-5.4643,-5.6102,-2.0702,10.9303
677,True,Optimization terminated successfully.,2499,3768,5.3773,1,0,0.9243,0.7822,0.6526,-2.5104,-2.3696,-2.4726,-0.4125,6.5004
678,True,Optimization terminated successfully.,2002,3016,14.9486,1,0,0.7501,0.5583,0.2881,-1.8334,-1.6994,-1.7957,0.0701,5.5237
679,True,Optimization terminated successfully.,3355,4988,13.2289,1,0,0.8853,0.8431,0.5519,-2.3602,-2.2403,-2.3631,-0.1710,6.3400
680,True,Optimization terminated successfully.,2458,3651,6.1759,0,1,-1.5868,-1.6682,-1.8802,3.4356,3.4877,3.4474,2.8281,-1.8430
681,True,Optimization terminated successfully.,2316,3498,13.3668,1,0,1.6960,1.5117,1.3904,-4.2087,-4.1010,-4.2026,-1.3399,8.8759
682,True,Optimization terminated successfully.,2358,3519,11.2194,0,1,-0.2532,-0.3669,-0.5772,0.1539,0.3199,0.2091,1.1187,2.6539
683,True,Optimization terminated successfully.,2239,3372,36.0176,1,0,2.0671,1.9132,1.6627,-4.9411,-4.8145,-4.9954,-1.6743,9.9523
684,True,Optimization terminated successfully.,2410,3616,11.9413,0,1,-0.8845,-1.1132,-1.2310,1.7992,1.9025,1.7730,1.9166,0.4561
685,True,Optimization terminated successfully.,2778,4116,6.8869,0,1,0.1290,-0.0136,-0.2994,-0.3951,-0.2161,-0.4070,0.8007,3.4651
686,True,Optimization terminated successfully.,2220,3372,16.3539,1,0,-9.1758,-9.3085,-9.4657,20.7848,20.7926,20.8043,12.4768,-26.4710
687,True,Optimization terminated successfully.,2505,3779,9.1192,1,0,1.4309,1.2589,1.0428,-3.5171,-3.4436,-3.5685,-1.0953,7.9764
688,True,Optimization terminated successfully.,2357,3553,26.5790,1,0,13.7069,13.5900,13.4371,-31.8071,-31.6027,-31.8295,-16.6457,47.9754
689,True,Optimization terminated successfully.,2554,3890,11.1281,1,0,-17.0731,-17.2013,-17.4334,38.9717,39.0375,38.9760,22.4758,-52.2215
690,True,Optimization terminated successfully.,2924,4338,16.3764,0,1,-0.3610,-0.4761,-0.7275,0.6237,0.6516,0.5783,1.3872,2.1854
691,True,Optimization terminated successfully.,2452,3689,9.3635,1,0,1.3407,1.2676,1.0324,-3.4333,-3.3197,-3.4245,-0.8232,7.7991
692,True,Optimization terminated successfully.,2491,3740,25.3724,1,0,-3.2430,-3.4710,-3.6722,7.2483,7.4527,7.3704,4.9157,-7.3940
693,True,Optimization terminated successfully.,3020,4488,26.9910,1,0,3.9063,3.8822,3.5727,-9.2886,-9.1798,-9.3300,-4.2525,16.1637
694,True,Optimization terminated successfully.,2569,3828,20.3690,0,1,-1.0078,-1.1511,-1.4263,2.1963,2.2896,2.1838,2.2260,-0.1052
695,True,Optimization terminated successfully.,2662,3971,18.6330,1,0,2.2537,2.1226,1.8971,-5.2905,-5.2019,-5.3074,-1.9312,10.4879
696,True,Optimization terminated successfully.,2840,4256,27.2954,1,0,1.4541,1.3285,1.0615,-3.6909,-3.6035,-3.7483,-0.9850,8.2212
697,True,Optimization terminated successfully.,3002,4497,21.2941,1,0,12.2973,12.1804,11.9040,-28.3687,-28.2689,-28.4137,-14.6533,43.2944
698,True,Optimization terminated successfully.,2341,3528,20.1832,0,1,-0.3111,-0.4860,-0.6862,0.4559,0.6270,0.4947,1.2069,2.2443
699,True,Optimization terminated successfully.,2296,3474,23.1237,1,0,3.0186,2.8804,2.6164,-7.1125,-7.0202,-7.1055,-2.9653,13.0630
700,True,Optimization terminated successfully.,2309,3437,11.7984,1,0,1.8819,1.7478,1.6299,-4.5446,-4.4829,-4.6370,-1.5002,9.5232
701,True,Optimization terminated successfully.,2476,3681,4.4887,0,1,-1.4367,-1.5097,-1.7314,3.0158,3.1136,2.9625,2.7227,-1.2576
702,True,Optimization terminated successfully.,2491,3740,17.5676,1,0,9.9888,9.7928,9.5880,-23.0754,-22.9065,-23.0896,-11.7269,35.6460
703,True,Optimization terminated successfully.,2433,3652,35.1539,1,0,2.0123,1.8053,1.6563,-4.7045,-4.5693,-4.7756,-1.7080,9.6917
704,True,Optimization terminated successfully.,2635,3963,6.2096,1,0,7.7187,7.5210,7.3630,-17.8768,-17.8091,-17.8884,-8.8194,28.3567
705,True,Optimization terminated successfully.,2501,3749,6.9972,1,0,0.7341,0.5397,0.4373,-1.8808,-1.7046,-1.8393,-0.0940,5.6151
706,True,Optimization terminated successfully.,2440,3636,21.3800,1,0,2.4566,2.1925,2.0207,-5.8001,-5.6774,-5.8072,-2.2954,11.1770
707,True,Optimization terminated successfully.,2423,3624,4.6221,0,1,-1.3524,-1.5032,-1.7411,2.8231,2.9271,2.8200,2.5128,-1.0649
708,True,Optimization terminated successfully.,2232,3333,19.8922,1,0,1.0007,0.9363,0.6110,-2.5113,-2.4112,-2.4387,-0.3486,6.5480
709,True,Optimization terminated successfully.,2273,3404,5.8043,1,0,0.9533,0.7217,0.5293,-2.4379,-2.2912,-2.3924,-0.4090,6.3660
710,True,Optimization terminated successfully.,2305,3420,9.4279,0,1,-1.3692,-1.5214,-1.7051,2.8711,3.0439,2.9570,2.5656,-1.1627
711,True,Optimization terminated successfully.,2443,3634,16.5990,0,1,-1.3419,-1.4708,-1.6970,2.7815,2.9143,2.7692,2.4962,-0.9941
712,True,Optimization terminated successfully.,2923,4376,15.2169,1,0,1.6088,1.3571,1.1259,-3.7688,-3.6712,-3.7551,-1.0838,8.3365
713,True,Optimization terminated successfully.,2964,4399,30.6440,1,0,1.6522,1.5049,1.2428,-4.0238,-3.9645,-4.0974,-1.3423,8.7173
714,True,Optimization terminated successfully.,2441,3684,37.4465,0,1,-2.1838,-2.2913,-2.4787,4.8441,4.8944,4.7808,3.6884,-3.7987
715,True,Optimization terminated successfully.,2723,4097,16.3898,1,0,-6.2688,-6.4502,-6.6643,14.2488,14.3167,14.2909,8.9649,-17.1921
716,True,Optimization terminated successfully.,2798,4176,13.2093,1,0,0.6484,0.5197,0.2668,-1.7116,-1.5745,-1.6890,0.0007,5.3032
717,True,Optimization terminated successfully.,3824,5656,4.7392,1,0,-32.8954,-33.1007,-33.3007,75.2373,75.3380,75.2108,42.5884,-103.6876
718,True,Optimization terminated successfully.,2335,3522,19.2343,0,1,0.3524,0.2015,-0.0061,-0.9685,-0.8299,-0.9193,0.5148,4.3202
719,True,Optimization terminated successfully.,2224,3322,14.4635,1,0,0.7607,0.5585,0.4058,-1.9384,-1.7299,-1.8734,-0.0022,5.6321
720,True,Optimization terminated successfully.,2887,4269,21.4956,1,0,1.2128,0.9589,0.8531,-3.0047,-2.8078,-2.9481,-0.6792,7.1958
721,True,Optimization terminated successfully.,3248,4813,17.8737,1,0,0.9335,0.8703,0.5924,-2.3708,-2.2929,-2.3491,-0.2734,6.4453
722,True,Optimization terminated successfully.,2628,3916,17.4805,0,1,-0.7220,-0.8623,-1.1896,1.4889,1.6009,1.3921,1.8043,0.8800
723,True,Optimization terminated successfully.,2538,3807,13.9895,0,1,-0.8586,-0.9227,-1.2148,1.7552,1.8523,1.7234,1.9400,0.5129
724,True,Optimization terminated successfully.,2419,3612,3.3550,0,1,-1.6338,-1.8194,-1.9915,3.5869,3.7455,3.5928,3.0469,-2.1220
725,True,Optimization terminated successfully.,2360,3526,12.5655,0,1,-0.8810,-0.9852,-1.2081,1.7516,1.8761,1.7428,1.9554,0.5391
726,True,Optimization terminated successfully.,2330,3505,14.8331,1,0,2.6556,2.4419,2.2893,-6.3323,-6.2120,-6.3161,-2.5765,11.9150
727,True,Optimization terminated successfully.,2453,3668,25.1331,1,0,10.0331,9.8874,9.6487,-23.1571,-23.0763,-23.1540,-11.7287,35.8082
728,True,Optimization terminated successfully.,2438,3672,5.8398,1,0,-6.9643,-7.1663,-7.3988,15.9954,16.0722,15.9394,9.9319,-19.6084
729,True,Optimization terminated successfully.,2374,3556,21.3012,0,1,-0.1892,-0.4822,-0.6730,0.3614,0.5583,0.4815,1.2632,2.3606
730,True,Optimization terminated successfully.,2516,3769,17.8723,0,1,-1.2967,-1.3987,-1.5918,2.6554,2.7943,2.6654,2.4070,-0.8044
731,True,Optimization terminated successfully.,2135,3204,24.3660,1,0,1.0358,0.7972,0.5971,-2.4259,-2.3958,-2.4730,-0.3722,6.4652
732,True,Optimization terminated successfully.,2563,3862,14.1622,1,0,3.3818,3.2028,3.0362,-7.9695,-7.8312,-8.0473,-3.4095,14.3091
733,True,Optimization terminated successfully.,2607,3896,11.6896,0,1,0.2994,0.2495,0.0705,-1.0634,-0.9543,-0.9844,0.5320,4.4683
734,True,Optimization terminated successfully.,2524,3787,12.7886,1,0,1.0871,0.9342,0.6500,-2.6348,-2.6151,-2.5658,-0.4174,6.7191
735,True,Optimization terminated successfully.,2571,3838,10.5983,0,1,-1.3505,-1.3846,-1.6417,2.6813,2.7740,2.7005,2.2624,-0.8334
736,True,Optimization terminated successfully.,2740,4036,8.8163,0,1,0.3507,0.1552,-0.0141,-1.0822,-0.8878,-1.0196,0.4419,4.4504
737,True,Optimization terminated successfully.,2831,4272,26.0442,1,0,2.1502,1.9731,1.7580,-5.1324,-5.0307,-5.1266,-1.8380,10.3182
738,True,Optimization terminated successfully.,2470,3736,19.5726,1,0,1.8876,1.7962,1.4870,-4.4750,-4.2947,-4.5056,-1.4355,9.3416
739,True,Optimization terminated successfully.,2235,3374,10.3541,0,1,-0.9735,-1.1990,-1.4049,2.1054,2.2703,2.0582,2.1488,0.0032
740,True,Optimization terminated successfully.,2561,3861,35.2578,1,0,30.0024,29.8201,29.5575,-68.8141,-68.7200,-68.8087,-36.9920,100.5669
741,True,Optimization terminated successfully.,2422,3635,21.9131,0,1,-0.2384,-0.3913,-0.5818,0.4370,0.5190,0.3506,1.2654,2.3689
742,True,Optimization terminated successfully.,2459,3719,15.0712,1,0,3.5586,3.3815,3.1300,-8.2829,-8.1450,-8.3614,-3.5985,14.7385
743,True,Optimization terminated successfully.,2309,3461,4.5109,0,1,-0.9925,-1.1963,-1.3880,2.1045,2.2446,2.0564,2.1713,-0.0311
744,True,Optimization terminated successfully.,2917,4371,6.7798,1,0,-3.8829,-4.1164,-4.2695,8.6238,8.6857,8.6163,5.6938,-9.2234
745,True,Optimization terminated successfully.,2171,3247,14.3645,0,1,-0.6478,-0.8220,-0.9660,1.2629,1.3323,1.2632,1.6478,1.2085
746,True,Optimization terminated successfully.,2611,3907,12.7668,0,1,-2.1828,-2.3558,-2.5825,4.8389,4.9923,4.8196,3.6911,-3.9217
747,True,Optimization terminated successfully.,3091,4662,19.2271,1,0,1.0113,0.9423,0.6817,-2.7207,-2.5780,-2.7355,-0.5210,6.8272
748,True,Optimization terminated successfully.,2320,3453,13.2785,0,1,-0.2078,-0.3702,-0.5928,0.2623,0.4271,0.2674,1.0971,2.5740
749,True,Optimization terminated successfully.,2412,3582,6.6355,0,1,-0.5843,-0.8139,-0.9032,1.1365,1.2205,1.1664,1.5577,1.3631
750,True,Optimization terminated successfully.,2626,3943,9.0569,0,1,0.2026,0.0487,-0.1313,-0.6269,-0.4902,-0.5430,0.6383,3.8340
751,True,Optimization terminated successfully.,2662,3974,30.6299,1,0,2.1484,2.0066,1.8050,-5.0448,-4.9970,-5.0758,-1.7406,10.2090
752,True,Optimization terminated successfully.,2807,4222,20.4631,1,0,0.7813,0.5914,0.3287,-1.8326,-1.7682,-1.8659,-0.0126,5.6248
753,True,Optimization terminated successfully.,2852,4247,23.5309,0,1,-0.3142,-0.5620,-0.6834,0.5085,0.6193,0.4680,1.3157,2.2417
754,True,Optimization terminated successfully.,2620,3881,20.2001,1,0,0.5393,0.4202,0.2307,-1.4735,-1.3856,-1.4574,0.1834,5.0801
755,True,Optimization terminated successfully.,2273,3435,10.2058,1,0,0.7661,0.5772,0.3576,-1.8425,-1.7553,-1.8795,0.0307,5.6286
756,True,Optimization terminated successfully.,2721,4111,5.9810,1,0,4.2209,4.1054,3.9350,-9.9061,-9.8437,-9.9605,-4.5017,17.0551
757,True,Optimization terminated successfully.,2587,3819,11.2320,0,1,-0.4783,-0.6595,-0.8268,0.7494,0.9649,0.8373,1.3946,1.8081
758,True,Optimization terminated successfully.,2534,3776,22.1047,1,0,3.9596,3.7966,3.6436,-9.2582,-9.1980,-9.3199,-4.0674,16.1183
759,True,Optimization terminated successfully.,2559,3805,7.2861,0,1,-1.6198,-1.7793,-2.0166,3.6154,3.6457,3.5781,2.9842,-2.0660
760,True,Optimization terminated successfully.,2301,3443,19.9522,0,1,-0.3628,-0.5187,-0.7928,0.5550,0.7122,0.5973,1.3800,2.1054
761,True,Optimization terminated successfully.,2098,3151,9.1359,1,0,1.8523,1.7033,1.4940,-4.4220,-4.3203,-4.3519,-1.4702,9.2147
762,True,Optimization terminated successfully.,2260,3415,13.0048,0,1,-1.0698,-1.2667,-1.4214,2.1712,2.3169,2.2434,2.1156,-0.1584
763,True,Optimization terminated successfully.,2618,3913,12.1839,1,0,-3.7743,-3.8804,-4.1435,8.3188,8.4331,8.3581,5.5793,-8.8448
764,True,Optimization terminated successfully.,2497,3760,36.7359,0,1,-1.4233,-1.4819,-1.7036,3.0309,3.1190,2.9814,2.7699,-1.2547
765,True,Optimization terminated successfully.,2715,4056,16.3008,1,0,4.6583,4.5576,4.3253,-11.0144,-10.8991,-11.0343,-5.1750,18.5762
766,True,Optimization terminated successfully.,2732,4131,7.4961,1,0,-19.5503,-19.7674,-19.8472,44.5744,44.6836,44.5846,25.6929,-60.1940
767,True,Optimization terminated successfully.,2881,4315,18.9160,1,0,-5.5694,-5.7327,-5.9382,12.5122,12.7364,12.6226,7.9720,-14.8560
768,True,Optimization terminated successfully.,2875,4327,12.2103,1,0,3.0978,2.9444,2.8074,-7.3831,-7.2559,-7.3587,-3.0501,13.4259
769,True,Optimization terminated successfully.,2586,3872,14.3190,0,1,-0.1143,-0.2669,-0.4840,0.1290,0.1534,0.0737,1.0970,2.8547
770,True,Optimization terminated successfully.,2567,3885,4.1346,1,0,2.5681,2.3147,2.1423,-6.0661,-5.9278,-6.1090,-2.3670,11.5751
771,True,Optimization terminated successfully.,2369,3563,4.8137,1,0,3.3747,3.2072,2.9436,-7.9113,-7.7316,-7.8750,-3.3955,14.0811
772,True,Optimization terminated successfully.,2378,3622,12.6513,1,0,-5.5178,-5.8440,-5.9075,12.6453,12.7435,12.6424,7.9612,-14.9496
773,True,Optimization terminated successfully.,2635,3976,24.9171,0,1,-1.7703,-1.8816,-2.1004,3.8723,3.9193,3.7870,3.1901,-2.4217
774,True,Optimization terminated successfully.,2405,3637,15.2495,1,0,5.8629,5.8022,5.5199,-13.6227,-13.4800,-13.7303,-6.4930,22.3221
775,True,Optimization terminated successfully.,2298,3427,25.3171,0,1,0.2646,0.0761,-0.1034,-0.7051,-0.6782,-0.8125,0.5511,4.0577
776,True,Optimization terminated successfully.,2574,3867,5.9848,1,0,2.3537,2.2758,2.0593,-5.6221,-5.5371,-5.6814,-2.1487,10.9984
777,True,Optimization terminated successfully.,2671,4000,28.1490,1,0,1.4825,1.4572,1.2850,-3.9170,-3.8094,-3.9916,-1.2567,8.5506
778,True,Optimization terminated successfully.,2776,4144,17.7145,0,1,-0.6246,-0.8069,-0.9837,1.2597,1.2559,1.1968,1.6640,1.2872
779,True,Optimization terminated successfully.,2759,4117,11.5128,0,1,0.1303,-0.0146,-0.2402,-0.5188,-0.4143,-0.5380,0.6812,3.7113
780,True,Optimization terminated successfully.,2579,3849,7.0592,1,0,1.2840,0.9930,0.9676,-3.1348,-2.9891,-3.1295,-0.6910,7.4216
781,True,Optimization terminated successfully.,2895,4276,16.6117,0,1,0.4458,0.2617,0.1351,-1.2767,-1.1926,-1.2173,0.2595,4.8232
782,True,Optimization terminated successfully.,2516,3781,12.4670,1,0,1.6541,1.4523,1.2950,-3.9970,-3.9144,-4.0143,-1.1687,8.6496
783,True,Optimization terminated successfully.,2444,3643,7.2508,1,0,1.1831,1.0103,0.8013,-3.0126,-2.8347,-2.9020,-0.7483,7.1423
784,True,Optimization terminated successfully.,2414,3597,5.5855,1,0,1.7478,1.5989,1.4059,-4.2356,-4.1790,-4.2681,-1.4455,8.9595
785,True,Optimization terminated successfully.,2579,3870,27.0525,0,1,-1.0052,-1.0841,-1.4127,2.1366,2.1879,2.1385,2.1482,-0.0518
786,True,Optimization terminated successfully.,2246,3361,9.0248,1,0,6.8407,6.7767,6.5039,-15.8833,-15.7552,-15.8972,-7.7832,25.4975
787,True,Optimization terminated successfully.,2397,3612,14.4455,1,0,13.3077,13.1096,12.8923,-30.5517,-30.4773,-30.5860,-15.9015,46.3444
788,True,Optimization terminated successfully.,2143,3223,10.5305,1,0,2.9471,2.6879,2.5884,-6.8674,-6.7318,-6.9964,-2.8353,12.7492
789,True,Optimization terminated successfully.,1960,2985,11.5467,1,0,1.3516,1.1879,1.0027,-3.2590,-3.1177,-3.3521,-0.6852,7.5815
790,True,Optimization terminated successfully.,2405,3607,31.9392,1,0,2.4463,2.2135,2.0412,-5.7089,-5.5792,-5.6931,-2.0318,11.0728
791,True,Optimization terminated successfully.,2462,3687,18.1111,0,1,-0.5630,-0.6195,-0.8448,1.0586,1.1832,1.0958,1.5902,1.4517
792,True,Optimization terminated successfully.,2234,3332,24.7882,0,1,-0.2057,-0.3568,-0.5979,0.2952,0.4188,0.3296,1.1818,2.5333
793,True,Optimization terminated successfully.,2471,3694,27.5458,1,0,1.0550,0.8288,0.5766,-2.5036,-2.3298,-2.4879,-0.3282,6.5135
794,True,Optimization terminated successfully.,2548,3808,5.2234,1,0,-2.3715,-2.5499,-2.8436,5.2643,5.4224,5.2849,4.0102,-4.5009
795,True,Optimization terminated successfully.,2907,4305,17.3905,1,0,4.5102,4.3855,4.1852,-10.6297,-10.5465,-10.6427,-4.8728,18.0403
796,True,Optimization terminated successfully.,2481,3733,23.4134,0,1,-0.3967,-0.6477,-0.7323,0.6770,0.8430,0.6789,1.3484,1.9660
797,True,Optimization terminated successfully.,2556,3862,12.3478,1,0,1.2685,1.1211,0.8657,-3.0155,-2.9464,-2.9079,-0.5821,7.1952
798,True,Optimization terminated successfully.,2258,3401,10.7994,0,1,0.4158,0.1291,0.0629,-1.0577,-1.0269,-1.1812,0.3054,4.5967
799,True,Optimization terminated successfully.,2579,3833,22.5467,0,1,-1.0920,-1.2304,-1.3669,2.2068,2.3137,2.2581,2.2208,-0.1515
800,True,Optimization terminated successfully.,2390,3549,19.6895,0,1,0.0514,-0.1725,-0.3485,-0.1601,-0.0459,-0.1619,0.8717,3.2516
801,True,Optimization terminated successfully.,2552,3852,22.6609,1,0,1.4052,1.2514,1.1737,-3.5058,-3.3971,-3.4696,-0.9462,7.8950
802,True,Optimization terminated successfully.,2146,3250,11.3048,1,0,1.3721,1.2087,0.9864,-3.3688,-3.2085,-3.2832,-0.8192,7.6620
803,True,Optimization terminated successfully.,2224,3340,23.1955,1,0,-5.1183,-5.2449,-5.4496,11.3922,11.5543,11.4084,7.2606,-13.2304
804,True,Optimization terminated successfully.,2640,3961,21.2288,0,1,0.4014,0.3652,0.0533,-1.1502,-1.0786,-1.2225,0.2440,4.6519
805,True,Optimization terminated successfully.,2310,3481,9.8698,1,0,-2.6466,-2.7626,-2.9640,5.7569,5.8946,5.7928,4.1783,-5.2257
806,True,Optimization terminated successfully.,2475,3717,10.3387,1,0,2.1233,1.9044,1.8310,-5.0606,-4.9442,-5.1297,-1.8047,10.1912
807,True,Optimization terminated successfully.,2316,3479,9.2935,1,0,0.6271,0.4862,0.2730,-1.5966,-1.4633,-1.5795,0.1513,5.2270
808,True,Optimization terminated successfully.,2582,3858,25.4792,0,1,-0.3739,-0.3858,-0.6131,0.4100,0.5514,0.4024,1.2690,2.3516
809,True,Optimization terminated successfully.,2361,3531,24.0413,0,1,-0.2121,-0.3761,-0.6008,0.2031,0.3654,0.2666,1.0723,2.6099
810,True,Optimization terminated successfully.,2832,4233,22.3388,1,0,1.4100,1.2798,1.0499,-3.4491,-3.3854,-3.4774,-1.0149,7.9579
811,True,Optimization terminated successfully.,2859,4261,5.9193,1,0,-5.1993,-5.3091,-5.4699,11.5628,11.6535,11.5727,7.3692,-13.3837
812,True,Optimization terminated successfully.,2603,3861,4.9353,1,0,1.3134,1.0621,0.9073,-3.1905,-3.0117,-3.1865,-0.8720,7.4422
813,True,Optimization terminated successfully.,2700,4036,23.6838,0,1,-1.6241,-1.8359,-2.0408,3.5509,3.7362,3.5406,3.0709,-2.1080
814,True,Optimization terminated successfully.,2592,3853,16.0804,1,0,0.9464,0.7735,0.6557,-2.4851,-2.3749,-2.4998,-0.4226,6.5303
815,True,Optimization terminated successfully.,2608,3940,40.8907,1,0,27.5168,27.3571,27.0861,-63.1892,-63.2182,-63.3460,-33.9101,92.6473
816,True,Optimization terminated successfully.,2550,3823,19.6288,1,0,1.0149,0.9314,0.7450,-2.5927,-2.5571,-2.7013,-0.4865,6.7039
817,True,Optimization terminated successfully.,2576,3809,18.4370,0,1,-0.7076,-0.9317,-1.0342,1.4570,1.5837,1.4556,1.8306,0.9517
818,True,Optimization terminated successfully.,2675,4004,13.2788,1,0,1.3147,1.0485,1.0250,-3.1280,-3.0417,-3.2036,-0.6990,7.4452
819,True,Optimization terminated successfully.,2323,3501,6.7781,1,0,1.1597,0.9906,0.8119,-2.8423,-2.7336,-2.9163,-0.5176,7.0489
820,True,Optimization terminated successfully.,2757,4129,18.8010,0,1,0.1329,0.0217,-0.1887,-0.7419,-0.5978,-0.7657,0.5782,4.0149
821,True,Optimization terminated successfully.,2344,3506,37.0385,0,1,0.4273,0.2539,0.0853,-1.1373,-0.9700,-1.0870,0.4723,4.5271
822,True,Optimization terminated successfully.,2127,3204,19.6600,1,0,1.0793,0.9751,0.7216,-2.7173,-2.6430,-2.7890,-0.6597,6.8357
823,True,Optimization terminated successfully.,2753,4144,40.8543,1,0,4.5479,4.4114,4.2119,-10.6393,-10.5500,-10.7382,-4.8751,18.0847
824,True,Optimization terminated successfully.,2443,3680,13.8533,1,0,1.0868,1.0164,0.7503,-2.6673,-2.5980,-2.7393,-0.4095,6.8115
825,True,Optimization terminated successfully.,2314,3450,13.8775,1,0,2.2706,2.1720,1.9870,-5.5327,-5.4275,-5.6123,-2.1681,10.8020
826,True,Optimization terminated successfully.,2548,3861,17.3344,1,0,-2.8188,-3.0375,-3.2898,6.4685,6.5328,6.3852,4.4871,-6.1115
827,True,Optimization terminated successfully.,2321,3490,12.3858,0,1,0.4742,0.2687,0.1267,-1.2197,-1.2172,-1.3024,0.3132,4.8033
828,True,Optimization terminated successfully.,2124,3212,8.5249,1,0,2.7346,2.5251,2.2803,-6.4180,-6.2319,-6.2352,-2.4402,11.9749
829,True,Optimization terminated successfully.,2198,3290,6.6584,1,0,3.3691,3.2516,3.0734,-7.9124,-7.8447,-7.9533,-3.3494,14.3001
830,True,Optimization terminated successfully.,2527,3776,20.9412,0,1,-0.7141,-0.9280,-1.0880,1.5294,1.6290,1.4010,1.7552,0.8682
831,True,Optimization terminated successfully.,2544,3818,9.0797,1,0,2.9848,2.8831,2.6686,-7.0351,-6.9650,-7.0357,-2.8040,13.0065
832,True,Optimization terminated successfully.,2527,3823,19.2271,0,1,-1.2842,-1.4188,-1.7041,2.6535,2.7491,2.7241,2.5078,-0.7689
833,True,Optimization terminated successfully.,2598,3876,27.2228,1,0,2.5134,2.3864,2.1543,-5.9644,-5.8364,-5.8940,-2.2902,11.4414
834,True,Optimization terminated successfully.,2530,3785,11.7433,0,1,0.3592,0.1887,-0.0170,-0.9926,-0.8967,-1.0091,0.4225,4.4452
835,True,Optimization terminated successfully.,2430,3643,12.8398,1,0,-2.3087,-2.4789,-2.6600,5.0151,5.1527,4.9897,3.8585,-4.1662
836,True,Optimization terminated successfully.,2303,3452,11.7378,1,0,0.9331,0.8225,0.6166,-2.3809,-2.2959,-2.4007,-0.3361,6.3963
837,True,Optimization terminated successfully.,2292,3439,8.7520,0,1,-0.1405,-0.4090,-0.5512,0.3234,0.3899,0.2073,1.1952,2.5739
838,True,Optimization terminated successfully.,2642,3978,19.1796,1,0,-3.5355,-3.6981,-3.8403,7.8126,7.9907,7.8158,5.2795,-8.1322
839,True,Optimization terminated successfully.,2537,3831,7.1632,1,0,9.5092,9.3356,9.1138,-21.9795,-21.8775,-21.9914,-11.2223,34.1430
840,True,Optimization terminated successfully.,2402,3622,22.1753,1,0,1.3398,1.1425,0.9879,-3.3259,-3.0667,-3.2392,-0.7715,7.6168
841,True,Optimization terminated successfully.,2315,3492,12.8245,1,0,-9.6346,-9.6216,-9.9545,21.6764,21.7906,21.6973,12.9766,-27.7720
842,True,Optimization terminated successfully.,2520,3790,7.6691,1,0,-4.9906,-5.1368,-5.2877,11.2168,11.2980,11.1939,7.1460,-12.8843
843,True,Optimization terminated successfully.,2631,3920,11.7614,0,1,-1.1377,-1.3167,-1.5626,2.3675,2.4497,2.3455,2.2940,-0.3263
844,True,Optimization terminated successfully.,2566,3851,10.2653,1,0,2.0650,1.8514,1.6392,-4.8230,-4.7533,-4.8741,-1.6034,9.8826
845,True,Optimization terminated successfully.,2642,3912,12.0247,1,0,1.8523,1.7465,1.5390,-4.4959,-4.4007,-4.5250,-1.4613,9.4011
846,True,Optimization terminated successfully.,2626,3930,18.1593,1,0,2.1068,1.9470,1.7233,-5.0555,-5.0523,-5.0326,-1.8100,10.1874
847,True,Optimization terminated successfully.,2679,3961,12.3111,1,0,1.7201,1.5767,1.3662,-4.1837,-4.0799,-4.2180,-1.2488,8.8503
848,True,Optimization terminated successfully.,3011,4499,14.6787,1,0,2.7603,2.6146,2.5069,-6.6541,-6.6189,-6.6749,-2.7748,12.4905
849,True,Optimization terminated successfully.,2306,3476,10.7874,1,0,0.8793,0.8000,0.5386,-2.2390,-2.1630,-2.2584,-0.2188,6.1588
850,True,Optimization terminated successfully.,2527,3734,11.0069,0,1,-0.8470,-1.0233,-1.2293,1.7105,1.8190,1.7350,1.9027,0.5362
851,True,Optimization terminated successfully.,2169,3305,23.2515,1,0,12.8786,12.7655,12.4902,-29.8365,-29.6818,-29.7965,-15.4223,45.2088
852,True,Optimization terminated successfully.,2524,3801,24.3859,1,0,-12.0872,-12.1902,-12.5440,27.5041,27.5311,27.4561,16.2376,-35.9655
853,True,Optimization terminated successfully.,2398,3607,12.3606,0,1,0.4431,0.1953,0.0735,-1.2543,-1.1141,-1.2254,0.1687,4.6848
854,True,Optimization terminated successfully.,2585,3890,15.2384,0,1,0.1566,0.0417,-0.1223,-0.7458,-0.6188,-0.7335,0.4917,3.9672
855,True,Optimization terminated successfully.,2609,3937,19.5779,1,0,-2.9377,-3.0363,-3.2560,6.5586,6.6699,6.5597,4.7375,-6.2728
856,True,Optimization terminated successfully.,2788,4147,3.1324,1,0,0.9664,0.8662,0.6982,-2.5479,-2.3806,-2.4742,-0.3981,6.6112
857,True,Optimization terminated successfully.,2650,3961,4.8763,0,1,-1.3183,-1.5263,-1.7240,2.9664,3.0424,2.9399,2.7380,-1.1611
858,True,Optimization terminated successfully.,2118,3169,10.4634,1,0,0.9179,0.7452,0.5605,-2.3038,-2.2111,-2.3666,-0.2807,6.2353
859,True,Optimization terminated successfully.,2555,3823,15.3454,1,0,1.8563,1.8956,1.5225,-4.5744,-4.3825,-4.5950,-1.4974,9.4189
860,True,Optimization terminated successfully.,2381,3541,5.2051,0,1,-0.2391,-0.4170,-0.5888,0.3058,0.4698,0.3238,1.1331,2.4668
861,True,Optimization terminated successfully.,2849,4232,24.2269,1,0,1.2546,1.1328,0.9485,-3.2204,-3.1063,-3.1376,-0.8195,7.5612
862,True,Optimization terminated successfully.,2946,4408,7.2798,1,0,1.3661,1.1176,0.9919,-3.2488,-3.1960,-3.3375,-0.7817,7.6969
863,True,Optimization terminated successfully.,2713,4055,19.1386,1,0,3.1508,2.9253,2.8063,-7.3383,-7.2440,-7.2563,-3.0305,13.3676
864,True,Optimization terminated successfully.,2329,3512,14.3013,1,0,-11.2740,-11.4645,-11.6555,25.6946,25.7409,25.6964,15.1530,-33.4237
865,True,Optimization terminated successfully.,2361,3519,14.1108,1,0,0.9319,0.7395,0.5946,-2.2743,-2.1465,-2.3111,-0.2075,6.2047
866,True,Optimization terminated successfully.,2729,4081,23.9701,1,0,-6.2174,-6.3053,-6.6038,13.9612,14.0110,13.9564,8.6609,-16.8061
867,True,Optimization terminated successfully.,2753,4109,15.5169,1,0,-4.5937,-4.6564,-4.8998,10.1901,10.3379,10.2110,6.7247,-11.4799
868,True,Optimization terminated successfully.,2601,3904,7.8316,1,0,2.5026,2.3165,2.2047,-6.0332,-5.9255,-6.0698,-2.1944,11.5522
869,True,Optimization terminated successfully.,2466,3709,17.2991,0,1,-1.2392,-1.4449,-1.5752,2.6906,2.7707,2.6444,2.4809,-0.7500
870,True,Optimization terminated successfully.,2506,3774,20.2130,1,0,-3.5866,-3.7685,-3.9705,8.0717,8.2411,8.1203,5.5207,-8.4946
871,True,Optimization terminated successfully.,2467,3682,2.9581,0,1,-0.8975,-1.0791,-1.2338,1.8117,1.9232,1.8476,1.9600,0.3874
872,True,Optimization terminated successfully.,2595,3875,5.8551,1,0,1.6257,1.4796,1.2145,-3.9328,-3.8577,-4.0280,-1.3298,8.5673
873,True,Optimization terminated successfully.,2293,3447,7.5362,1,0,1.3144,1.1453,0.9217,-3.3288,-3.2340,-3.3520,-0.9100,7.6625
874,True,Optimization terminated successfully.,2663,3951,29.1850,1,0,0.8228,0.6774,0.5173,-2.2196,-2.1352,-2.1710,-0.3677,6.1467
875,True,Optimization terminated successfully.,2925,4331,11.9538,1,0,0.8478,0.6870,0.4906,-2.1960,-2.1287,-2.2639,-0.2455,6.1646
876,True,Optimization terminated successfully.,2346,3519,4.9446,1,0,2.6883,2.5690,2.3632,-6.4296,-6.3248,-6.4432,-2.7136,12.1229
877,True,Optimization terminated successfully.,2575,3862,6.2245,0,1,0.1694,-0.0181,-0.1646,-0.6539,-0.5275,-0.6482,0.5857,3.8526
878,True,Optimization terminated successfully.,2537,3783,6.1385,0,1,-0.8568,-1.0586,-1.2769,1.8597,1.9936,1.6727,1.9955,0.4151
879,True,Optimization terminated successfully.,2596,3883,33.9543,1,0,-3.3631,-3.5621,-3.7165,7.4256,7.6362,7.4787,5.1004,-7.6175
880,True,Optimization terminated successfully.,2781,4153,9.0395,1,0,8.9236,8.7703,8.5192,-20.5601,-20.4583,-20.6393,-10.4197,32.1717
881,True,Optimization terminated successfully.,2520,3774,19.4007,0,1,-0.0733,-0.2164,-0.5249,-0.0157,0.1327,-0.0003,1.0733,2.9377
882,True,Optimization terminated successfully.,2244,3335,13.5188,1,0,0.7449,0.5214,0.3401,-1.8101,-1.7127,-1.7974,0.0286,5.5183
883,True,Optimization terminated successfully.,2490,3700,12.9947,0,1,0.3866,0.2096,0.0827,-1.0530,-0.9752,-1.0957,0.4126,4.5328
884,True,Optimization terminated successfully.,2561,3827,7.2762,0,1,0.5131,0.3212,0.1308,-1.4068,-1.2845,-1.4775,0.2934,4.9497
885,True,Optimization terminated successfully.,2220,3359,24.7258,1,0,2.3338,2.1316,1.9610,-5.5514,-5.5012,-5.5589,-2.1725,10.8606
886,True,Optimization terminated successfully.,2269,3406,28.2420,1,0,2.0786,1.8806,1.7111,-4.9825,-4.8931,-4.9918,-1.7686,10.0313
887,True,Optimization terminated successfully.,2422,3622,9.9470,0,1,-0.6140,-0.8963,-0.9615,1.2466,1.4604,1.2962,1.7005,1.1692
888,True,Optimization terminated successfully.,2534,3797,20.3654,1,0,-4.7996,-5.0521,-5.1852,10.9476,10.9334,10.9043,7.0538,-12.4563
889,True,Optimization terminated successfully.,2667,3963,5.5159,0,1,-1.7302,-1.7765,-2.0266,3.6612,3.7554,3.5815,3.0853,-2.1842
890,True,Optimization terminated successfully.,2618,3912,15.9348,1,0,1.1581,0.9683,0.7826,-2.9079,-2.8501,-2.9023,-0.6462,7.1098
891,True,Optimization terminated successfully.,2228,3336,12.4503,1,0,2.4827,2.3590,2.1748,-5.8880,-5.8045,-5.8688,-2.3050,11.3303
892,True,Optimization terminated successfully.,2940,4408,35.3686,1,0,3.1194,3.0102,2.6468,-7.2750,-7.2378,-7.3258,-2.9702,13.3689
893,True,Optimization terminated successfully.,2222,3352,25.3524,0,1,0.1292,-0.0690,-0.2012,-0.5347,-0.3820,-0.5014,0.6238,3.6601
894,True,Optimization terminated successfully.,2538,3806,28.5340,0,1,-0.7233,-0.8321,-1.0740,1.4196,1.4869,1.3677,1.7884,0.9379
895,True,Optimization terminated successfully.,2573,3860,15.2227,1,0,7.0464,6.7547,6.6864,-16.1971,-16.1895,-16.2759,-7.9427,26.0007
896,True,Optimization terminated successfully.,2350,3512,9.5625,0,1,0.4567,0.3289,0.1758,-1.3656,-1.3337,-1.4080,0.3014,4.9503
897,True,Optimization terminated successfully.,2436,3686,17.0010,1,0,-7.9093,-8.0533,-8.2267,17.9803,18.0990,17.9834,11.1065,-22.4984
898,True,Optimization terminated successfully.,2480,3759,21.8137,1,0,5.1475,4.9919,4.8297,-11.9243,-11.9214,-12.0392,-5.6051,19.9969
899,True,Optimization terminated successfully.,2454,3642,16.1225,0,1,-1.0690,-1.2042,-1.4578,2.3030,2.4336,2.3005,2.3409,-0.2587
900,True,Optimization terminated successfully.,2610,3928,8.4206,1,0,6.0175,5.8969,5.6488,-14.0536,-13.9623,-14.1051,-6.8525,22.9197
901,True,Optimization terminated successfully.,2217,3343,17.2799,1,0,0.9282,0.6843,0.4297,-2.1625,-2.0377,-2.1340,-0.1134,6.0121
902,True,Optimization terminated successfully.,2295,3404,37.1295,1,0,1.9749,1.7809,1.5920,-4.7081,-4.6463,-4.6772,-1.6674,9.6355
903,True,Optimization terminated successfully.,2787,4173,8.5593,1,0,-19.1623,-19.3320,-19.5078,43.7071,43.8313,43.7498,25.2102,-58.9796
904,True,Optimization terminated successfully.,2525,3775,13.8341,1,0,0.5422,0.3583,0.1629,-1.5077,-1.4575,-1.6008,0.0125,5.1521
905,True,Optimization terminated successfully.,2493,3766,19.1669,1,0,2.6430,2.4096,2.2061,-6.0977,-5.9672,-6.0614,-2.2656,11.6483
906,True,Optimization terminated successfully.,2470,3705,13.0038,1,0,2.2253,2.1110,1.9292,-5.4206,-5.4338,-5.5626,-2.1344,10.7308
907,True,Optimization terminated successfully.,2408,3618,21.6830,0,1,-0.2112,-0.2657,-0.4999,0.1268,0.1508,0.1118,0.9509,2.8364
908,True,Optimization terminated successfully.,2387,3585,14.5822,0,1,-1.0786,-1.1031,-1.3962,2.1811,2.3284,2.1980,2.2385,-0.1417
909,True,Optimization terminated successfully.,2512,3758,33.1076,0,1,0.3711,0.2272,0.0907,-1.1479,-1.0351,-1.1680,0.2736,4.6601
910,True,Optimization terminated successfully.,2694,4039,21.2522,1,0,-3.1553,-3.3356,-3.5502,7.0516,7.2175,7.0016,4.9366,-7.0105
911,True,Optimization terminated successfully.,2707,4057,37.9457,1,0,3.1608,3.0403,2.8619,-7.5663,-7.4155,-7.5890,-3.1524,13.7004
912,True,Optimization terminated successfully.,2543,3821,9.6556,1,0,2.6587,2.5062,2.2791,-6.3920,-6.2719,-6.4094,-2.6339,12.0580
913,True,Optimization terminated successfully.,2699,4067,22.7332,1,0,9.6180,9.5313,9.2560,-22.2889,-22.1734,-22.3336,-11.3381,34.5918
914,True,Optimization terminated successfully.,2505,3757,11.0981,1,0,5.7898,5.5044,5.3552,-13.2125,-13.0478,-13.2664,-6.1891,21.7608
915,True,Optimization terminated successfully.,2731,4048,16.0439,0,1,0.2642,0.1750,-0.0457,-0.9432,-0.7449,-0.8468,0.5253,4.2825
916,True,Optimization terminated successfully.,2679,4011,11.0387,0,1,-1.3233,-1.3694,-1.6569,2.6934,2.7204,2.6976,2.4878,-0.8103
917,True,Optimization terminated successfully.,2277,3449,15.2737,0,1,-1.9928,-2.1406,-2.3020,4.3135,4.4687,4.2186,3.4549,-3.1087
918,True,Optimization terminated successfully.,2557,3816,23.5119,1,0,0.8946,0.7207,0.5015,-2.2670,-2.1084,-2.3137,-0.3230,6.1910
919,True,Optimization terminated successfully.,2390,3600,14.0705,1,0,5.0609,4.8588,4.6345,-11.8059,-11.6886,-11.8060,-5.7154,19.7015
920,True,Optimization terminated successfully.,2851,4257,16.2832,0,1,-1.8550,-1.9938,-2.2337,4.0590,4.1115,4.0088,3.2350,-2.7410
921,True,Optimization terminated successfully.,2406,3624,25.0156,1,0,1.4137,1.2794,1.0980,-3.5569,-3.4599,-3.5361,-0.9016,8.0550
922,True,Optimization terminated successfully.,2565,3860,21.3354,1,0,7.3388,7.1454,6.9520,-17.0675,-16.9528,-17.0156,-8.4510,27.0937
923,True,Optimization terminated successfully.,2458,3722,26.9914,1,0,2.0907,1.9255,1.7964,-4.9992,-4.8327,-5.0214,-1.7883,10.0576
924,True,Optimization terminated successfully.,2528,3803,24.5330,1,0,0.7775,0.5587,0.3623,-1.9073,-1.7859,-1.9274,0.0357,5.6996
925,True,Optimization terminated successfully.,2299,3456,20.3359,0,1,0.3436,0.1800,0.0309,-1.0178,-0.9125,-0.9934,0.5071,4.3896
926,True,Optimization terminated successfully.,2496,3730,11.0461,1,0,4.4762,4.3234,4.2429,-10.4809,-10.3202,-10.5195,-4.8133,17.8260
927,True,Optimization terminated successfully.,2468,3691,9.5214,0,1,-0.3807,-0.4682,-0.6940,0.6575,0.7423,0.6435,1.2961,2.0706
928,True,Optimization terminated successfully.,2738,4130,44.6306,1,0,1.4635,1.3540,1.0850,-3.5025,-3.4011,-3.5351,-0.9446,8.0286
929,True,Optimization terminated successfully.,2511,3793,27.1740,1,0,1.7555,1.5185,1.3947,-4.1900,-4.0836,-4.1954,-1.3035,8.9009
930,True,Optimization terminated successfully.,2602,3887,19.9338,1,0,1.0344,0.8497,0.6618,-2.5518,-2.4757,-2.6646,-0.5669,6.5998
931,True,Optimization terminated successfully.,2477,3758,12.1885,1,0,10.6740,10.4833,10.2395,-24.5780,-24.4975,-24.6092,-12.5636,37.8391
932,True,Optimization terminated successfully.,2549,3817,23.6679,0,1,0.1839,0.1096,-0.1134,-0.6718,-0.5565,-0.7644,0.6177,3.9572
933,True,Optimization terminated successfully.,2475,3731,24.2524,1,0,0.8102,0.5512,0.3660,-1.9073,-1.7499,-1.8785,0.0098,5.5972
934,True,Optimization terminated successfully.,2631,3949,14.9235,0,1,0.0510,-0.0879,-0.3061,-0.2603,-0.0997,-0.2771,1.0079,3.3866
935,True,Optimization terminated successfully.,2906,4329,8.6035,1,0,2.5587,2.4487,2.1890,-6.0381,-5.9438,-6.1377,-2.3167,11.6573
936,True,Optimization terminated successfully.,2672,3977,8.4304,1,0,1.2146,1.0974,0.8739,-2.9279,-2.8741,-2.9401,-0.5676,7.2089
937,True,Optimization terminated successfully.,2647,4016,12.4373,1,0,6.9321,6.7974,6.5651,-16.1267,-16.0982,-16.1963,-7.9449,25.9185
938,True,Optimization terminated successfully.,2791,4215,9.7085,1,0,-43.3753,-43.4979,-43.7198,99.0884,99.2227,99.2166,55.7013,-137.5503
939,True,Optimization terminated successfully.,2556,3825,7.2454,1,0,4.3842,4.1684,3.9719,-10.2697,-10.2004,-10.2579,-4.6881,17.5346
940,True,Optimization terminated successfully.,2313,3465,8.8270,0,1,-1.3578,-1.4603,-1.7100,2.8603,2.8849,2.8260,2.4982,-1.0437
941,True,Optimization terminated successfully.,2472,3705,18.8175,1,0,3.2722,3.0953,2.9401,-7.5991,-7.5292,-7.6321,-3.2249,13.8185
942,True,Optimization terminated successfully.,2768,4136,14.5540,0,1,-1.6536,-1.7754,-1.9737,3.3140,3.4348,3.3560,2.7704,-1.7233
943,True,Optimization terminated successfully.,2275,3413,11.5239,1,0,-3.2271,-3.5346,-3.7140,7.3830,7.5112,7.3265,5.0948,-7.4913
944,True,Optimization terminated successfully.,2451,3723,9.7431,1,0,-4.3536,-4.4283,-4.6124,9.6164,9.6812,9.6043,6.3089,-10.6206
945,True,Optimization terminated successfully.,2529,3803,12.0686,1,0,0.8687,0.6184,0.5361,-2.1653,-2.0307,-2.0939,-0.0588,6.0753
946,True,Optimization terminated successfully.,2833,4215,17.0757,1,0,1.5443,1.3946,1.1660,-3.6005,-3.5639,-3.7236,-0.9409,8.1473
947,True,Optimization terminated successfully.,2332,3489,4.2414,1,0,0.7670,0.6337,0.4446,-1.9226,-1.8311,-1.9062,0.0226,5.6898
948,True,Optimization terminated successfully.,2641,3961,23.5565,1,0,3.7943,3.6490,3.4726,-9.0039,-8.8460,-9.0283,-3.9191,15.6971
949,True,Optimization terminated successfully.,2504,3769,12.7093,1,0,1.3418,1.2192,0.8937,-3.2699,-3.2078,-3.1718,-0.7661,7.5716
950,True,Optimization terminated successfully.,3322,4945,15.1028,0,1,0.3440,0.2500,0.0691,-1.2253,-1.1000,-1.2137,0.1896,4.7529
951,True,Optimization terminated successfully.,2642,3990,21.5845,1,0,6.9882,6.7889,6.5496,-16.0383,-16.0187,-16.0591,-7.9156,25.8042
952,True,Optimization terminated successfully.,2563,3874,20.2057,1,0,1.6499,1.5581,1.3615,-4.0144,-3.9693,-4.0790,-1.1641,8.7420
953,True,Optimization terminated successfully.,2077,3140,17.2049,1,0,3.4858,3.3638,3.1075,-8.2609,-8.1132,-8.2799,-3.5578,14.6256
954,True,Optimization terminated successfully.,2463,3690,25.5246,1,0,1.5063,1.3569,1.1622,-3.5897,-3.5216,-3.6280,-1.0398,8.0966
955,True,Optimization terminated successfully.,2216,3325,25.2103,0,1,0.2713,0.1654,-0.0442,-0.7735,-0.7043,-0.8212,0.5941,4.1649
956,True,Optimization terminated successfully.,2559,3869,9.1388,1,0,-2.7960,-3.0226,-3.2461,6.3658,6.4847,6.4166,4.5220,-6.0393
957,True,Optimization terminated successfully.,2433,3712,12.7533,1,0,2.7124,2.6304,2.3158,-6.4948,-6.4170,-6.5079,-2.5557,12.1732
958,True,Optimization terminated successfully.,2718,4093,8.2763,1,0,-2.6912,-2.9100,-3.0175,5.9814,6.1404,6.0136,4.4088,-5.4959
959,True,Optimization terminated successfully.,2293,3459,20.0839,1,0,-3.9375,-4.1700,-4.2382,8.8806,8.9898,8.8584,5.8325,-9.5888
960,True,Optimization terminated successfully.,2597,3881,10.1523,0,1,-0.2702,-0.4251,-0.6406,0.4088,0.5307,0.4149,1.2487,2.4003
961,True,Optimization terminated successfully.,2833,4206,19.8373,1,0,-2.9851,-3.1563,-3.3918,6.7076,6.7705,6.6483,4.6101,-6.4655
962,True,Optimization terminated successfully.,2462,3668,12.2732,1,0,4.0654,3.8287,3.6556,-9.6395,-9.4643,-9.6738,-4.4829,16.6119
963,True,Optimization terminated successfully.,2424,3632,15.6827,1,0,1.3251,1.1799,1.0277,-3.2469,-3.1217,-3.2383,-0.8235,7.5957
964,True,Optimization terminated successfully.,2917,4325,11.7183,0,1,0.1038,-0.0676,-0.1909,-0.5919,-0.4385,-0.6206,0.6628,3.7851
965,True,Optimization terminated successfully.,2326,3514,13.2346,0,1,-2.1866,-2.3378,-2.4434,4.7008,4.8772,4.6856,3.6151,-3.7125
966,True,Optimization terminated successfully.,2179,3288,21.2906,1,0,1.2408,1.0782,0.9926,-3.1638,-3.0037,-3.1462,-0.7715,7.4137
967,True,Optimization terminated successfully.,2571,3873,14.3488,1,0,1.2548,1.1095,0.9682,-3.1243,-3.0069,-3.1076,-0.6647,7.4185
968,True,Optimization terminated successfully.,2296,3435,22.1890,1,0,1.7969,1.6344,1.5273,-4.4441,-4.3835,-4.4911,-1.6036,9.2987
969,True,Optimization terminated successfully.,2544,3816,9.1015,0,1,-1.0298,-1.0979,-1.4526,2.0979,2.2095,2.1024,2.1228,0.0182
970,True,Optimization terminated successfully.,2650,3971,8.7395,1,0,-3.3912,-3.6075,-3.8576,7.7375,7.8911,7.7120,5.3765,-7.9725
971,True,Optimization terminated successfully.,2074,3108,11.9292,0,1,0.4086,0.2510,-0.0125,-1.0854,-0.9289,-1.0255,0.3260,4.4888
972,True,Optimization terminated successfully.,2485,3670,5.6604,0,1,-0.4503,-0.6398,-0.8035,0.8802,0.9142,0.8015,1.4457,1.7747
973,True,Optimization terminated successfully.,2273,3389,7.4052,0,1,-1.9975,-2.1784,-2.3551,4.4147,4.4361,4.3156,3.4149,-3.1854
974,True,Optimization terminated successfully.,2491,3736,13.2784,1,0,1.4130,1.2737,1.0351,-3.3571,-3.3115,-3.4369,-0.8409,7.7568
975,True,Optimization terminated successfully.,2890,4363,9.2315,1,0,4.3711,4.2315,4.1330,-10.3739,-10.1849,-10.3587,-4.6311,17.6907
976,True,Optimization terminated successfully.,2405,3619,12.9340,0,1,-0.0821,-0.2101,-0.3238,-0.1695,-0.0939,-0.2080,0.9062,3.2391
977,True,Optimization terminated successfully.,2636,3942,18.3939,1,0,0.9781,0.7282,0.5981,-2.4450,-2.2724,-2.3885,-0.2873,6.4446
978,True,Optimization terminated successfully.,2600,3913,19.8433,1,0,0.9389,0.7676,0.6258,-2.5239,-2.3909,-2.5237,-0.4045,6.5496
979,True,Optimization terminated successfully.,2750,4068,14.5305,0,1,0.3476,0.2177,0.0517,-1.1420,-1.0201,-1.0869,0.2835,4.5698
980,True,Optimization terminated successfully.,2627,3894,8.9441,1,0,1.2398,1.0979,0.9225,-3.1934,-3.0627,-3.2167,-0.7869,7.4266
981,True,Optimization terminated successfully.,2451,3677,12.2461,1,0,-8.0474,-8.2392,-8.4623,18.3332,18.4706,18.3956,11.1496,-23.0238
982,True,Optimization terminated successfully.,2458,3701,17.8713,1,0,-4.6307,-4.7642,-4.9851,10.2284,10.3678,10.1950,6.5946,-11.5623
983,True,Optimization terminated successfully.,2884,4298,8.5321,0,1,-1.3222,-1.5338,-1.7526,2.9153,3.0869,2.9601,2.5916,-1.2520
984,True,Optimization terminated successfully.,2630,3944,7.6219,1,0,6.9118,6.6787,6.5644,-15.8604,-15.7590,-15.8654,-7.6987,25.4068
985,True,Optimization terminated successfully.,2631,3947,11.5458,1,0,3.4863,3.2761,3.1601,-8.1866,-8.0897,-8.2552,-3.5169,14.6149
986,True,Optimization terminated successfully.,2906,4346,9.1089,1,0,-6.8762,-7.0743,-7.3099,15.5584,15.6863,15.5621,9.6081,-19.0667
987,True,Optimization terminated successfully.,2734,4106,13.4666,0,1,0.4047,0.3466,0.1691,-1.3057,-1.1455,-1.2848,0.2908,4.8272
988,True,Optimization terminated successfully.,2552,3809,13.4671,0,1,-0.1099,-0.2788,-0.4390,0.0222,0.1524,0.0163,1.0386,2.9320
989,True,Optimization terminated successfully.,2245,3379,9.9825,0,1,-0.0474,-0.2999,-0.5381,0.0854,0.1679,0.0772,1.0645,2.8840
990,True,Optimization terminated successfully.,2349,3585,11.6384,1,0,7.5451,7.2835,7.1189,-17.4715,-17.4083,-17.5722,-8.6323,27.7405
991,True,Optimization terminated successfully.,2626,3965,8.7244,1,0,6.2098,6.0832,5.8248,-14.4563,-14.3696,-14.5041,-6.9061,23.4731
992,True,Optimization terminated successfully.,2190,3285,13.5976,1,0,1.0139,0.8581,0.6331,-2.5912,-2.4663,-2.6127,-0.4401,6.6136
993,True,Optimization terminated successfully.,2660,3992,18.4003,1,0,1.0791,0.9126,0.7445,-2.6477,-2.5755,-2.7995,-0.4743,6.8284
994,True,Optimization terminated successfully.,2605,3892,16.9036,0,1,-0.0322,-0.2404,-0.4110,-0.0674,0.1064,-0.0459,1.0559,3.0460
995,True,Optimization terminated successfully.,2835,4251,31.4972,1,0,10.8115,10.6824,10.3648,-24.9093,-24.7951,-24.8960,-12.6550,38.2415
996,True,Optimization terminated successfully.,2787,4152,32.4771,1,0,0.7180,0.5742,0.4020,-1.8554,-1.7162,-1.8663,0.0943,5.6242
997,True,Optimization terminated successfully.,2242,3361,4.8598,0,1,-0.9721,-1.1766,-1.4466,2.1432,2.1960,2.1269,2.1472,-0.0433
998,True,Optimization terminated successfully.,2513,3750,6.1284,0,1,-0.0523,-0.2200,-0.2947,-0.2476,-0.1745,-0.2979,0.7043,3.3051
999,True,Optimization terminated successfully.,2659,4021,25.1339,1,0,3.5078,3.3634,3.1305,-8.1903,-8.0941,-8.2407,-3.5909,14.6591
1000,True,Optimization terminated successfully.,2314,3472,18.4022,1,0,-3.0060,-3.1183,-3.3062,6.5818,6.7052,6.5707,4.6251,-6.3712
1001,True,Optimization terminated successfully.,2417,3631,6.0770,1,0,0.9245,0.7567,0.5087,-2.3007,-2.2023,-2.3509,-0.2546,6.2826
1002,True,Optimization terminated successfully.,1972,2990,13.9962,1,0,1.9644,1.8007,1.6399,-4.6713,-4.5890,-4.7517,-1.6090,9.6486
1003,True,Optimization terminated successfully.,2527,3774,9.5949,0,1,-1.4123,-1.5739,-1.7509,3.0699,3.1410,3.0877,2.6532,-1.3511
1004,True,Optimization terminated successfully.,2317,3481,6.0562,1,0,2.1026,1.9683,1.7754,-5.1181,-5.0334,-5.0807,-1.8991,10.2179
1005,True,Optimization terminated successfully.,2187,3281,9.0610,1,0,0.8467,0.7720,0.5742,-2.2231,-2.1319,-2.3395,-0.2078,6.1291
1006,True,Optimization terminated successfully.,2449,3639,25.1461,1,0,19.5632,19.4177,19.2486,-45.0830,-44.9536,-45.0874,-23.8946,66.8614
1007,True,Optimization terminated successfully.,2749,4090,8.5820,0,1,-1.0311,-1.1569,-1.3787,2.1089,2.1053,2.0998,2.0592,0.0529
1008,True,Optimization terminated successfully.,2385,3580,9.1630,0,1,0.4067,0.1524,0.1032,-1.2157,-1.0599,-1.2060,0.2848,4.6495
1009,True,Optimization terminated successfully.,2441,3662,11.6815,1,0,2.2437,2.1165,1.9293,-5.5056,-5.2548,-5.4791,-2.0719,10.7146
1010,True,Optimization terminated successfully.,2587,3897,11.3107,0,1,0.1422,-0.0442,-0.2544,-0.4628,-0.2987,-0.5324,0.7271,3.6227
1011,True,Optimization terminated successfully.,2500,3739,20.6051,0,1,-1.8163,-2.0250,-2.1954,3.9905,4.2131,4.0616,3.2083,-2.7118
1012,True,Optimization terminated successfully.,1988,2993,24.4731,1,0,0.5923,0.4959,0.3663,-1.6142,-1.4609,-1.6034,0.0096,5.2916
1013,True,Optimization terminated successfully.,2911,4371,5.3343,0,1,-0.6313,-0.7860,-0.9943,1.2724,1.3682,1.2572,1.6179,1.2056
1014,True,Optimization terminated successfully.,2767,4143,9.5026,0,1,0.4735,0.3151,0.1044,-1.2555,-1.1825,-1.2279,0.3626,4.7070
1015,True,Optimization terminated successfully.,2751,4103,24.2717,1,0,2.7920,2.6450,2.3599,-6.6744,-6.5698,-6.7074,-2.7159,12.4365
1016,True,Optimization terminated successfully.,2200,3318,14.5212,1,0,0.9598,0.6794,0.5354,-2.2939,-2.1827,-2.3215,-0.2323,6.2132
1017,True,Optimization terminated successfully.,2696,3992,9.6569,0,1,0.4613,0.3025,0.0894,-1.1134,-0.9848,-1.1732,0.4206,4.6026
1018,True,Optimization terminated successfully.,2518,3747,26.5159,1,0,1.0999,0.8262,0.6816,-2.5978,-2.5291,-2.6577,-0.4119,6.7138
1019,True,Optimization terminated successfully.,2529,3835,20.6659,1,0,4.9918,4.8804,4.6842,-11.7120,-11.6742,-11.6952,-5.5734,19.6144
1020,True,Optimization terminated successfully.,2512,3756,7.9739,0,1,-0.9699,-1.1265,-1.3428,2.0949,2.1537,1.9436,2.1439,0.1007
1021,True,Optimization terminated successfully.,2602,3873,20.1513,0,1,-1.5968,-1.7942,-1.9959,3.5643,3.6474,3.5545,2.9755,-2.0109
1022,True,Optimization terminated successfully.,2281,3415,5.9233,0,1,-0.9284,-1.0497,-1.3302,1.9670,1.9780,1.9493,2.1061,0.2472
1023,True,Optimization terminated successfully.,2917,4350,22.7321,0,1,0.5326,0.3555,0.1241,-1.3950,-1.3202,-1.4305,0.2216,4.9846
1024,True,Optimization terminated successfully.,2403,3614,23.3032,1,0,7.4955,7.3734,7.3079,-17.6381,-17.4537,-17.5916,-8.7116,27.8976
1025,True,Optimization terminated successfully.,2480,3710,21.8127,1,0,6.4407,6.2942,6.1626,-15.0796,-14.9455,-15.0427,-7.2895,24.3033
1026,True,Optimization terminated successfully.,2297,3421,29.6915,0,1,0.1717,0.1101,-0.1018,-0.8717,-0.7006,-0.7387,0.4248,4.1396
1027,True,Optimization terminated successfully.,2530,3805,20.1047,1,0,-6.5333,-6.6486,-6.8662,14.7744,14.9057,14.7436,9.2063,-17.9350
1028,True,Optimization terminated successfully.,2537,3796,13.6673,0,1,0.2790,0.1747,-0.0766,-0.8416,-0.7582,-0.8285,0.5301,4.2737
1029,True,Optimization terminated successfully.,2367,3558,16.8926,1,0,-2.4402,-2.6126,-2.8229,5.2805,5.4256,5.3161,3.8492,-4.5666
1030,True,Optimization terminated successfully.,2349,3516,22.8362,1,0,2.3017,2.1860,2.0804,-5.6260,-5.5589,-5.7112,-2.1813,11.0099
1031,True,Optimization terminated successfully.,2407,3598,22.9883,0,1,-1.5619,-1.6401,-1.8536,3.1498,3.2756,3.1737,2.7262,-1.5563
1032,True,Optimization terminated successfully.,2462,3707,15.6691,1,0,6.1934,6.0570,5.9348,-14.5186,-14.4682,-14.6107,-7.1582,23.6114
1033,True,Optimization terminated successfully.,2664,3973,12.5864,1,0,1.6588,1.6043,1.3264,-4.1157,-4.0738,-4.1899,-1.2951,8.9046
1034,True,Optimization terminated successfully.,2748,4122,8.9512,1,0,-27.0289,-27.2064,-27.3388,61.7352,61.7712,61.6944,35.0776,-84.5189
1035,True,Optimization terminated successfully.,2598,3872,13.9255,1,0,1.7719,1.5746,1.4410,-4.2652,-4.1063,-4.2443,-1.4256,8.9915
1036,True,Optimization terminated successfully.,2552,3817,37.2125,0,1,-0.7874,-0.9355,-1.1823,1.4774,1.6421,1.4518,1.7616,0.8431
1037,True,Optimization terminated successfully.,2505,3773,28.4692,1,0,-3.0095,-3.1230,-3.3134,6.5383,6.6370,6.5337,4.5775,-6.3041
1038,True,Optimization terminated successfully.,2546,3791,20.5743,1,0,1.6082,1.4126,1.2205,-3.7467,-3.5592,-3.6760,-0.9531,8.2618
1039,True,Optimization terminated successfully.,2297,3429,21.9504,0,1,-0.1131,-0.3125,-0.4084,-0.0942,-0.0091,-0.0912,0.8895,3.0976
1040,True,Optimization terminated successfully.,2373,3605,14.0789,1,0,5.1714,4.9233,4.7691,-12.1180,-11.8890,-12.0595,-5.5661,20.0600
1041,True,Optimization terminated successfully.,2954,4380,7.0688,0,1,-0.3356,-0.3986,-0.6480,0.4376,0.5537,0.4418,1.3688,2.3389
1042,True,Optimization terminated successfully.,2374,3550,8.3166,1,0,0.8391,0.6728,0.4772,-2.1267,-2.0106,-2.0661,-0.2000,5.9821
1043,True,Optimization terminated successfully.,2726,4072,19.9041,1,0,4.8446,4.8170,4.5925,-11.4323,-11.3268,-11.4568,-5.3714,19.2134
1044,True,Optimization terminated successfully.,2560,3844,11.9479,1,0,-3.7094,-3.8993,-4.1140,8.3168,8.4352,8.2946,5.5961,-8.8123
1045,True,Optimization terminated successfully.,2475,3719,17.1739,0,1,-0.1377,-0.2824,-0.4339,0.1215,0.2161,0.0993,1.1049,2.8425
1046,True,Optimization terminated successfully.,2634,3989,26.7091,1,0,1.9290,1.6862,1.4978,-4.4218,-4.3057,-4.3911,-1.4710,9.2845
1047,True,Optimization terminated successfully.,2719,4104,10.8051,1,0,-11.6952,-11.7672,-11.9740,26.4318,26.5299,26.5033,15.7560,-34.5206
1048,True,Optimization terminated successfully.,2448,3633,8.5249,0,1,-0.3429,-0.4465,-0.6613,0.5564,0.6930,0.5239,1.3349,2.1950
1049,True,Optimization terminated successfully.,2988,4458,19.1901,1,0,8.4681,8.2869,8.1652,-19.6965,-19.5731,-19.7217,-9.8425,30.8972
1050,True,Optimization terminated successfully.,2334,3515,17.7226,1,0,2.4341,2.2724,2.0811,-5.6963,-5.6579,-5.7246,-2.1673,11.1254
1051,True,Optimization terminated successfully.,2226,3347,15.6054,0,1,-0.7013,-0.8290,-1.0356,1.3345,1.4857,1.3747,1.7304,1.0627
1052,True,Optimization terminated successfully.,2705,4049,20.6963,1,0,3.1888,3.0762,2.8222,-7.5573,-7.4102,-7.4707,-3.1391,13.6519
1053,True,Optimization terminated successfully.,2479,3750,2.4117,1,0,5.1188,4.8786,4.7082,-11.8934,-11.8678,-12.0080,-5.6480,19.9344
1054,True,Optimization terminated successfully.,2505,3774,20.3016,1,0,-3.2606,-3.3841,-3.6298,7.2299,7.3614,7.1543,4.8753,-7.2612
1055,True,Optimization terminated successfully.,3153,4715,11.3643,1,0,5.0853,4.9957,4.7512,-11.9249,-11.8981,-12.0348,-5.5450,20.0076
1056,True,Optimization terminated successfully.,2918,4376,30.3776,1,0,2.2079,1.9374,1.8386,-5.1951,-5.1042,-5.2133,-1.9127,10.4108
1057,True,Optimization terminated successfully.,2468,3711,7.2728,1,0,1.8684,1.7435,1.5913,-4.6963,-4.5334,-4.7148,-1.6155,9.6056
1058,True,Optimization terminated successfully.,3130,4629,25.4647,1,0,0.9350,0.7528,0.5364,-2.3334,-2.0897,-2.2389,-0.1981,6.1582
1059,True,Optimization terminated successfully.,2414,3621,31.4411,0,1,0.2528,0.1019,-0.1232,-0.8296,-0.6289,-0.7987,0.5883,4.0957
1060,True,Optimization terminated successfully.,2816,4214,14.2350,1,0,5.2761,5.1821,5.0106,-12.4441,-12.3663,-12.4324,-5.8125,20.6705
1061,True,Optimization terminated successfully.,2505,3718,16.7841,1,0,1.3797,1.2425,0.9741,-3.3571,-3.3256,-3.3980,-0.9155,7.7298
1062,True,Optimization terminated successfully.,2726,4104,11.3675,1,0,-29.7499,-29.9718,-30.1476,68.1539,68.2877,68.2316,38.7192,-93.6705
1063,True,Optimization terminated successfully.,2390,3586,7.3732,1,0,1.7809,1.5483,1.4040,-4.2192,-4.1660,-4.2769,-1.3864,8.9705
1064,True,Optimization terminated successfully.,3098,4614,12.8837,1,0,-3.4410,-3.5549,-3.7770,7.4771,7.6014,7.5361,5.0063,-7.6301
1065,True,Optimization terminated successfully.,2597,3903,16.9604,0,1,-0.0229,-0.2570,-0.4468,0.0392,0.0764,-0.0420,0.9840,3.0156
1066,True,Optimization terminated successfully.,2682,3987,19.4994,0,1,-1.4857,-1.6321,-1.8550,3.1839,3.3172,3.1673,2.6342,-1.5732
1067,True,Optimization terminated successfully.,2230,3341,11.0583,0,1,-0.0956,-0.3077,-0.4778,0.1347,0.2360,0.1133,1.0774,2.8233
1068,True,Optimization terminated successfully.,2412,3596,19.0798,1,0,1.5277,1.2152,1.1823,-3.6483,-3.5523,-3.5675,-1.0223,8.1452
1069,True,Optimization terminated successfully.,2593,3876,17.3622,1,0,-5.6347,-5.8013,-5.9894,12.7642,12.9405,12.8184,8.1541,-15.1515
1070,True,Optimization terminated successfully.,3040,4556,7.9250,0,1,-1.0925,-1.2377,-1.4514,2.3420,2.3509,2.3477,2.2903,-0.2348
1071,True,Optimization terminated successfully.,2387,3593,21.8943,0,1,-1.6950,-1.8028,-2.0443,3.6051,3.7983,3.6246,2.9844,-2.1848
1072,True,Optimization terminated successfully.,2487,3712,22.3324,1,0,1.4136,1.1551,0.8919,-3.2541,-3.2226,-3.2990,-0.8184,7.5964
1073,True,Optimization terminated successfully.,2363,3514,13.9655,0,1,0.3147,0.2107,-0.0641,-0.8875,-0.8161,-0.8044,0.4776,4.2291
1074,True,Optimization terminated successfully.,2512,3748,22.2246,0,1,-1.3228,-1.5116,-1.7354,2.8553,2.9118,2.8180,2.5410,-1.0298
1075,True,Optimization terminated successfully.,2984,4427,23.3315,1,0,2.6606,2.4948,2.3808,-6.3441,-6.2809,-6.4575,-2.5428,12.0107
1076,True,Optimization terminated successfully.,2263,3414,9.6640,0,1,-0.1900,-0.4787,-0.6564,0.2576,0.4368,0.2693,1.0687,2.5383
1077,True,Optimization terminated successfully.,2646,3989,14.7535,1,0,1.6185,1.4470,1.2275,-3.8218,-3.7139,-3.7564,-1.0711,8.3236
1078,True,Optimization terminated successfully.,2569,3840,4.9390,1,0,-2.3203,-2.5199,-2.6628,5.0197,5.1081,4.9841,3.7073,-4.1619
1079,True,Optimization terminated successfully.,2366,3531,3.9969,1,0,1.1714,0.9510,0.7776,-2.9320,-2.8038,-2.8200,-0.6714,7.0053
1080,True,Optimization terminated successfully.,2663,3955,28.7079,1,0,3.6289,3.5658,3.3344,-8.6009,-8.5243,-8.6333,-3.7297,15.2121
1081,True,Optimization terminated successfully.,2544,3797,20.6534,0,1,0.3756,0.2443,0.1177,-1.0788,-1.0480,-1.2138,0.3982,4.6191
1082,True,Optimization terminated successfully.,2446,3672,5.3340,0,1,-0.7871,-0.9851,-1.2236,1.5686,1.7443,1.6053,1.7832,0.7227
1083,True,Optimization terminated successfully.,4011,5932,10.1319,1,0,-32.3204,-32.4244,-32.6755,73.9361,73.9642,73.8921,41.8344,-101.7661
1084,True,Optimization terminated successfully.,2255,3393,5.1315,1,0,3.7056,3.4593,3.3909,-8.6452,-8.5038,-8.6519,-3.9265,15.1997
1085,True,Optimization terminated successfully.,2712,4013,13.6113,1,0,1.2472,1.1252,0.9038,-3.1673,-3.0469,-3.2177,-0.7043,7.4819
1086,True,Optimization terminated successfully.,2286,3459,33.2783,1,0,9.6474,9.4629,9.1971,-22.1896,-22.1280,-22.3085,-11.2834,34.5004
1087,True,Optimization terminated successfully.,2193,3327,8.8846,1,0,2.1452,1.9884,1.8117,-5.1454,-4.9835,-5.1162,-1.9257,10.2351
1088,True,Optimization terminated successfully.,2925,4392,11.8408,0,1,-0.0241,-0.1799,-0.3132,-0.2526,-0.0712,-0.2646,0.9360,3.3547
1089,True,Optimization terminated successfully.,2804,4182,28.6472,1,0,1.2049,1.0679,0.9173,-2.9615,-2.8973,-3.0248,-0.6241,7.2618
1090,True,Optimization terminated successfully.,2221,3340,9.0262,1,0,1.8858,1.6704,1.4720,-4.3923,-4.2216,-4.4478,-1.4709,9.2150
1091,True,Optimization terminated successfully.,2283,3390,20.1158,0,1,-0.0247,-0.1455,-0.3314,-0.1309,-0.1529,-0.2205,0.8729,3.2383
1092,True,Optimization terminated successfully.,2565,3848,15.5133,1,0,0.7858,0.7114,0.4279,-2.0198,-1.9559,-2.0585,-0.0686,5.8448
1093,True,Optimization terminated successfully.,2491,3736,17.1420,1,0,-3.5167,-3.7527,-3.8628,7.8710,7.8839,7.8239,5.3602,-8.1055
1094,True,Optimization terminated successfully.,2381,3563,4.9619,0,1,-1.7257,-1.8720,-2.0184,3.6318,3.7312,3.6202,2.9667,-2.2068
1095,True,Optimization terminated successfully.,2209,3318,19.9260,1,0,1.9970,1.8952,1.6771,-4.8667,-4.8001,-4.8022,-1.7800,9.8293
1096,True,Optimization terminated successfully.,2462,3693,23.0236,1,0,2.6829,2.4031,2.2233,-6.1086,-5.9959,-6.1083,-2.2983,11.6387
1097,True,Optimization terminated successfully.,2459,3625,24.9981,1,0,0.5443,0.4029,0.1407,-1.4348,-1.3542,-1.4911,0.1915,5.0123
1098,True,Optimization terminated successfully.,2538,3816,16.5736,1,0,1.8410,1.6873,1.4666,-4.3797,-4.3132,-4.4227,-1.4987,9.2627
1099,True,Optimization terminated successfully.,2443,3674,9.9765,0,1,-0.1366,-0.2860,-0.4903,0.2189,0.2508,0.1244,1.0846,2.7701
1100,True,Optimization terminated successfully.,2227,3351,6.6520,0,1,-0.0967,-0.2385,-0.4167,-0.0360,0.1025,-0.0081,0.9990,2.9755
1101,True,Optimization terminated successfully.,2307,3456,7.6817,1,0,-2.3994,-2.5686,-2.7518,5.3405,5.4662,5.3484,3.9540,-4.6152
1102,True,Optimization terminated successfully.,2375,3570,11.6911,1,0,2.6164,2.4456,2.2698,-6.1063,-6.0152,-6.0606,-2.2997,11.6203
1103,True,Optimization terminated successfully.,2856,4248,16.4297,0,1,-0.8728,-1.0679,-1.2698,1.8070,1.7953,1.8030,1.9493,0.4001
1104,True,Optimization terminated successfully.,2659,3977,38.2571,0,1,0.2143,0.0302,-0.1567,-0.6295,-0.5621,-0.6284,0.7323,3.9045
1105,True,Optimization terminated successfully.,2836,4231,5.6589,1,0,-6.0989,-6.2474,-6.5069,13.8652,14.0020,13.8220,8.6168,-16.6484
1106,True,Optimization terminated successfully.,2671,4017,10.6605,1,0,6.5766,6.3938,6.2202,-15.2456,-15.0919,-15.2247,-7.4288,24.5258
1107,True,Optimization terminated successfully.,2455,3680,23.8490,1,0,1.1355,1.0381,0.8805,-2.9250,-2.8299,-2.9312,-0.6925,7.0923
1108,True,Optimization terminated successfully.,2325,3533,12.1367,1,0,2.5577,2.4223,2.1884,-6.0459,-5.9924,-6.0823,-2.3609,11.5896
1109,True,Optimization terminated successfully.,2450,3661,11.6951,1,0,2.4860,2.3243,2.0512,-5.6777,-5.5987,-5.6661,-2.1349,11.0471
1110,True,Optimization terminated successfully.,2505,3758,20.4526,1,0,1.2453,1.1648,0.9812,-3.2364,-3.1822,-3.2866,-0.7646,7.6114
1111,True,Optimization terminated successfully.,2547,3872,14.7076,1,0,-10.3599,-10.5834,-10.7473,23.5875,23.6948,23.5981,13.9874,-30.4243
1112,True,Optimization terminated successfully.,2536,3871,15.9563,1,0,13.4829,13.4426,13.1709,-31.1501,-31.1013,-31.2580,-16.2105,47.2277
1113,True,Optimization terminated successfully.,2581,3877,12.5324,1,0,1.1490,1.0458,0.7461,-2.8100,-2.6302,-2.7502,-0.5486,6.9967
1114,True,Optimization terminated successfully.,3010,4522,15.1284,1,0,2.6149,2.3858,2.2198,-6.1230,-6.0202,-6.0953,-2.4423,11.6787
1115,True,Optimization terminated successfully.,2987,4471,18.1591,1,0,0.7081,0.4952,0.2611,-1.7580,-1.5841,-1.6993,0.0746,5.4221
1116,True,Optimization terminated successfully.,2412,3624,20.4016,0,1,-1.3153,-1.4256,-1.5647,2.6212,2.7163,2.6162,2.4350,-0.8043
1117,True,Optimization terminated successfully.,2094,3147,6.4022,1,0,0.9133,0.7569,0.5602,-2.2316,-2.2107,-2.2784,-0.2664,6.1770
1118,True,Optimization terminated successfully.,2501,3711,12.6543,0,1,0.1120,-0.0147,-0.2482,-0.4280,-0.3159,-0.4033,0.9144,3.5568
1119,True,Optimization terminated successfully.,2353,3506,20.9194,1,0,2.0634,1.8813,1.7326,-4.9072,-4.8209,-4.9572,-1.6267,9.9292
1120,True,Optimization terminated successfully.,2575,3867,20.4345,1,0,3.2623,3.1203,2.9704,-7.8042,-7.7139,-7.8053,-3.4192,14.0494
1121,True,Optimization terminated successfully.,2430,3633,6.6284,1,0,0.8813,0.7655,0.5617,-2.2949,-2.3131,-2.3306,-0.3243,6.2680
1122,True,Optimization terminated successfully.,2574,3864,11.4840,0,1,0.2483,0.1311,-0.1256,-0.7503,-0.6366,-0.8250,0.5226,4.0624
1123,True,Optimization terminated successfully.,2682,4048,19.8096,1,0,-16.6870,-16.9385,-17.1023,38.0934,38.2283,38.1323,22.0809,-51.1259
1124,True,Optimization terminated successfully.,2406,3604,9.7940,0,1,-1.1136,-1.2736,-1.5847,2.3446,2.5548,2.3542,2.3103,-0.4228
1125,True,Optimization terminated successfully.,2758,4136,26.7558,0,1,-1.5137,-1.6788,-1.8732,3.3582,3.4634,3.3509,2.8269,-1.7785
1126,True,Optimization terminated successfully.,2077,3142,19.9447,0,1,-1.1279,-1.2799,-1.4976,2.4844,2.6507,2.4050,2.4835,-0.4974
1127,True,Optimization terminated successfully.,2837,4276,42.5177,1,0,26.2873,26.1439,25.9189,-60.5003,-60.3602,-60.5711,-32.5230,88.7504
1128,True,Optimization terminated successfully.,2269,3452,61.2521,1,0,23.7182,23.5038,23.3301,-54.5871,-54.4604,-54.6034,-29.2537,80.3080
1129,True,Optimization terminated successfully.,2696,4038,25.9316,1,0,2.7151,2.5238,2.3551,-6.4352,-6.2832,-6.4207,-2.7215,12.0917
1130,True,Optimization terminated successfully.,2701,4035,14.1991,1,0,2.1353,1.9821,1.7407,-4.8860,-4.7114,-4.8741,-1.6302,9.8913
1131,True,Optimization terminated successfully.,2341,3531,14.7435,1,0,-3.5459,-3.6939,-3.9479,7.9133,7.9665,7.8794,5.2930,-8.2035
1132,True,Optimization terminated successfully.,2671,4018,27.9254,1,0,-4.9193,-5.0132,-5.2415,11.0137,11.0756,11.0504,7.0541,-12.6248
1133,True,Optimization terminated successfully.,2493,3778,10.2975,1,0,-10.1264,-10.2344,-10.3800,22.7210,22.8566,22.7113,13.5009,-29.2498
1134,True,Optimization terminated successfully.,2199,3309,17.2470,1,0,1.4114,1.3344,1.0016,-3.3690,-3.3805,-3.3750,-0.8130,7.8092
1135,True,Optimization terminated successfully.,3028,4522,8.5029,1,0,0.8535,0.6788,0.4339,-2.1030,-2.0160,-2.0613,-0.2901,5.9713
1136,True,Optimization terminated successfully.,2523,3775,32.9112,1,0,1.5459,1.2953,1.1788,-3.6054,-3.4831,-3.6856,-0.9728,8.1444
1137,True,Optimization terminated successfully.,2284,3411,23.6477,1,0,1.7205,1.5833,1.3458,-4.2219,-4.0946,-4.2530,-1.3248,8.9512
1138,True,Optimization terminated successfully.,2525,3775,12.8783,1,0,1.1770,0.9167,0.7367,-2.7141,-2.5917,-2.6741,-0.4186,6.7549
1139,True,Optimization terminated successfully.,2038,3032,14.7228,0,1,0.3074,0.2306,-0.0708,-0.8501,-0.7953,-0.8275,0.5229,4.2117
1140,True,Optimization terminated successfully.,2633,3969,19.3797,1,0,5.4170,5.2025,5.1010,-12.6771,-12.4982,-12.6329,-6.1385,20.8700
1141,True,Optimization terminated successfully.,2524,3797,18.5471,0,1,0.1213,-0.0566,-0.3188,-0.3517,-0.2661,-0.3818,0.7867,3.5232
1142,True,Optimization terminated successfully.,2794,4123,22.8478,0,1,-0.5192,-0.6012,-0.7761,0.8627,0.9580,0.7443,1.4949,1.8457
1143,True,Optimization terminated successfully.,2373,3564,32.4259,0,1,-1.0905,-1.3037,-1.4303,2.2831,2.2970,2.2773,2.2365,-0.2183
1144,True,Optimization terminated successfully.,2615,3927,13.1859,1,0,5.1254,4.9566,4.7391,-11.9672,-11.7785,-11.9561,-5.6204,19.8436
1145,True,Optimization terminated successfully.,2249,3399,19.6196,1,0,2.3084,2.1964,1.9416,-5.5590,-5.5079,-5.5623,-2.0828,10.8796
1146,True,Optimization terminated successfully.,2717,4076,11.2397,0,1,-0.0617,-0.2679,-0.3872,-0.0720,-0.0337,-0.1163,0.9810,3.1115
1147,True,Optimization terminated successfully.,2637,3921,13.8770,0,1,-0.4308,-0.5600,-0.7489,0.7347,0.8626,0.7719,1.5180,1.9284
1148,True,Optimization terminated successfully.,2421,3658,19.5027,1,0,1.2450,1.1033,0.8811,-3.1147,-2.9166,-3.0129,-0.6615,7.3299
1149,True,Optimization terminated successfully.,2476,3728,12.8807,1,0,0.8514,0.7250,0.4914,-2.2073,-2.0297,-2.1107,-0.2148,6.0440
1150,True,Optimization terminated successfully.,2130,3244,11.5008,1,0,-12.1687,-12.3384,-12.5672,27.7942,27.9166,27.8372,16.3972,-36.4261
1151,True,Optimization terminated successfully.,2246,3345,22.9767,0,1,-0.3277,-0.5263,-0.6404,0.5144,0.6347,0.5343,1.3142,2.2331
1152,True,Optimization terminated successfully.,2462,3723,14.2325,1,0,-7.1721,-7.5179,-7.5904,16.2999,16.4495,16.2663,9.9877,-20.1755
1153,True,Optimization terminated successfully.,2367,3545,7.9393,1,0,2.1787,2.0004,1.8359,-5.1334,-5.1411,-5.2143,-1.8268,10.3693
1154,True,Optimization terminated successfully.,2474,3725,20.2490,0,1,-1.0091,-1.2188,-1.3664,2.1388,2.2470,2.0569,2.2074,-0.0717
1155,True,Optimization terminated successfully.,2459,3690,16.6983,1,0,2.8471,2.5660,2.4130,-6.6565,-6.5213,-6.6357,-2.6330,12.3739
1156,True,Optimization terminated successfully.,2530,3827,10.0396,1,0,2.8129,2.6039,2.4063,-6.4712,-6.4288,-6.5197,-2.5286,12.2338
1157,True,Optimization terminated successfully.,2666,4001,20.6977,0,1,0.2200,0.0366,-0.0943,-0.7881,-0.6269,-0.7529,0.6152,4.0329
1158,True,Optimization terminated successfully.,2585,3867,18.5937,1,0,1.9718,1.7736,1.5445,-4.6468,-4.5044,-4.6526,-1.4961,9.5356
1159,True,Optimization terminated successfully.,2284,3427,6.0316,1,0,0.8724,0.7055,0.5364,-2.1455,-1.9379,-2.2138,-0.1111,6.0148
1160,True,Optimization terminated successfully.,2803,4178,24.9097,1,0,-4.2360,-4.5088,-4.6678,9.5548,9.6681,9.5535,6.2166,-10.5703
1161,True,Optimization terminated successfully.,2491,3750,16.2400,0,1,-0.1163,-0.1891,-0.5518,0.0256,0.1546,0.0492,1.0506,2.9032
1162,True,Optimization terminated successfully.,2606,3923,4.7397,1,0,-6.2809,-6.4578,-6.6475,14.1371,14.2027,14.1754,8.7166,-17.0964
1163,True,Optimization terminated successfully.,2634,3941,9.2058,1,0,-2.9738,-3.1231,-3.2785,6.6614,6.8040,6.6448,4.7396,-6.4215
1164,True,Optimization terminated successfully.,2815,4234,22.0222,1,0,1.3940,1.2249,1.0811,-3.4064,-3.3728,-3.4698,-0.7658,7.9043
1165,True,Optimization terminated successfully.,2336,3522,14.5155,1,0,2.9556,2.7720,2.6320,-7.0746,-6.8892,-7.0256,-2.9115,12.9351
1166,True,Optimization terminated successfully.,2556,3814,15.2266,1,0,-2.7481,-2.9731,-3.1767,6.2314,6.2852,6.1904,4.5108,-5.7543
1167,True,Optimization terminated successfully.,2302,3471,1.2133,1,0,-2.3309,-2.4303,-2.6733,5.0814,5.1890,4.9761,3.8194,-4.1731
1168,True,Optimization terminated successfully.,2160,3251,11.6448,1,0,1.5003,1.1840,1.1001,-3.4183,-3.3385,-3.4182,-0.8514,7.8571
1169,True,Optimization terminated successfully.,2373,3569,15.8957,1,0,2.9854,2.7649,2.5862,-7.0485,-6.9431,-7.0594,-2.9606,12.9316
1170,True,Optimization terminated successfully.,3138,4665,10.7873,0,1,0.3940,0.1718,0.0103,-1.2254,-1.1074,-1.1562,0.2870,4.6794
1171,True,Optimization terminated successfully.,2767,4137,10.7833,0,1,-1.4641,-1.7413,-1.8560,3.3341,3.4457,3.2748,2.8576,-1.6432
1172,True,Optimization terminated successfully.,2914,4343,0.9632,1,0,-8.3016,-8.4061,-8.6145,18.8187,18.9330,18.7859,11.4500,-23.6228
1173,True,Optimization terminated successfully.,2635,3945,6.3915,0,1,0.3011,0.0793,-0.0085,-0.8292,-0.7035,-0.9077,0.5621,4.1416
1174,True,Optimization terminated successfully.,2795,4209,9.0618,1,0,4.1692,4.0167,3.8491,-9.7482,-9.6022,-9.8027,-4.2820,16.8561
1175,True,Optimization terminated successfully.,2895,4327,13.9973,1,0,-4.6936,-4.9308,-5.1667,10.7087,10.7938,10.7715,6.8844,-12.3330
1176,True,Optimization terminated successfully.,2427,3667,20.6057,1,0,1.2397,1.0829,0.8579,-3.0671,-2.9723,-2.9987,-0.8109,7.3179
1177,True,Optimization terminated successfully.,2320,3443,11.7175,1,0,2.4581,2.2404,2.0631,-5.7853,-5.6486,-5.8113,-2.2502,11.1572
1178,True,Optimization terminated successfully.,2846,4271,14.2976,1,0,-3.0775,-3.1397,-3.3179,6.6304,6.6462,6.5788,4.4746,-6.4121
1179,True,Optimization terminated successfully.,2450,3700,15.6510,0,1,-1.1879,-1.2917,-1.4394,2.3749,2.5206,2.3902,2.1593,-0.3826
1180,True,Optimization terminated successfully.,2660,3974,14.2594,0,1,0.4594,0.3517,0.1330,-1.2344,-1.1526,-1.3381,0.3116,4.7762
1181,True,Optimization terminated successfully.,2468,3681,1.6268,0,1,0.3707,0.1274,-0.0102,-0.9677,-0.8723,-0.9464,0.4185,4.2578
1182,True,Optimization terminated successfully.,2723,4090,22.5220,0,1,-1.4400,-1.6175,-1.7645,3.0402,3.1383,3.0218,2.6069,-1.3322
1183,True,Optimization terminated successfully.,2695,4031,27.0363,0,1,0.0951,-0.0816,-0.2470,-0.3652,-0.3123,-0.4155,0.8448,3.5647
1184,True,Optimization terminated successfully.,2638,3959,15.9437,1,0,-6.8021,-6.8605,-7.0987,15.2903,15.3799,15.3155,9.3851,-18.6591
1185,True,Optimization terminated successfully.,4943,7496,65.0543,1,0,53.5546,53.4276,53.3047,-123.1826,-123.1187,-123.3448,-67.2434,177.6787
1186,True,Optimization terminated successfully.,2388,3542,15.0315,1,0,2.2708,2.0921,1.8866,-5.3846,-5.2672,-5.3310,-1.9380,10.5550
1187,True,Optimization terminated successfully.,5353,8043,35.3311,1,0,72.4759,72.3365,72.1985,-166.5098,-166.3983,-166.5796,-91.0545,239.0132
1188,True,Optimization terminated successfully.,2906,4335,16.6930,1,0,5.1638,4.9620,4.8127,-12.1667,-12.0452,-12.1975,-5.6433,20.1684
1189,True,Optimization terminated successfully.,2388,3579,29.9937,0,1,-1.3513,-1.4341,-1.6436,2.8029,2.9238,2.8039,2.5392,-1.0335
1190,True,Optimization terminated successfully.,2846,4232,13.6379,0,1,-0.5642,-0.7884,-1.0031,1.2033,1.2825,1.1736,1.7226,1.3358
1191,True,Optimization terminated successfully.,2339,3495,16.2263,1,0,2.1299,2.0017,1.7355,-5.1011,-4.9761,-5.1142,-1.7558,10.1960
1192,True,Optimization terminated successfully.,2448,3692,11.4508,1,0,0.7545,0.5099,0.3810,-1.8273,-1.7061,-1.9018,-0.0569,5.5987
1193,True,Optimization terminated successfully.,2601,3875,4.3559,0,1,-0.6695,-0.8483,-0.9848,1.3517,1.4699,1.2922,1.7936,1.0717
1194,True,Optimization terminated successfully.,2506,3792,34.2174,1,0,-2.6435,-2.7222,-2.9599,5.7275,5.8495,5.7814,4.2690,-5.1316
1195,True,Optimization terminated successfully.,2091,3161,9.9025,1,0,2.4355,2.2838,2.1259,-5.8469,-5.7571,-5.7968,-2.3215,11.2372
1196,True,Optimization terminated successfully.,2331,3570,17.6894,1,0,-19.4225,-19.5526,-19.7111,44.2334,44.3652,44.2786,25.4589,-59.7606
1197,True,Optimization terminated successfully.,2284,3434,17.6732,0,1,-0.5775,-0.7044,-0.9003,1.0450,1.1412,0.9535,1.5945,1.5245
1198,True,Optimization terminated successfully.,2261,3395,21.1419,0,1,-0.5802,-0.6011,-0.9053,0.9984,1.0331,0.9502,1.5386,1.6151
1199,True,Optimization terminated successfully.,2735,4092,14.7285,1,0,2.6496,2.4050,2.3075,-6.2269,-6.1781,-6.3000,-2.4110,11.8772
1200,True,Optimization terminated successfully.,2389,3579,27.9307,1,0,0.6539,0.5089,0.2984,-1.6899,-1.5899,-1.7055,0.1880,5.3674
1201,True,Optimization terminated successfully.,2072,3141,6.4376,1,0,1.2486,1.0962,0.8586,-3.1248,-2.9122,-3.1104,-0.7768,7.3191
1202,True,Optimization terminated successfully.,2398,3555,12.8841,0,1,0.2627,0.1001,-0.1729,-0.6543,-0.6714,-0.6094,0.6816,3.9520
1203,True,Optimization terminated successfully.,2399,3573,20.2329,1,0,0.6209,0.4186,0.2983,-1.7241,-1.6426,-1.6832,0.0411,5.3916
1204,True,Optimization terminated successfully.,2516,3754,26.0541,0,1,-1.2637,-1.3601,-1.4785,2.5718,2.7443,2.6000,2.3783,-0.6986
1205,True,Optimization terminated successfully.,2289,3453,18.3573,1,0,0.8796,0.6228,0.4694,-2.0823,-1.9091,-2.0295,-0.1611,5.8981
1206,True,Optimization terminated successfully.,2730,4116,10.5602,1,0,2.3325,2.1418,1.9251,-5.4756,-5.4093,-5.5486,-1.9932,10.8444
1207,True,Optimization terminated successfully.,3085,4556,15.4413,0,1,-0.1347,-0.2867,-0.5518,0.0429,0.1957,0.0857,1.0512,2.8565
1208,True,Optimization terminated successfully.,2638,3949,8.0558,1,0,2.1407,2.0135,1.7861,-5.1343,-5.0206,-5.1451,-1.8685,10.2428
1209,True,Optimization terminated successfully.,2746,4075,15.5213,1,0,3.2262,3.0557,2.8878,-7.5316,-7.3984,-7.5641,-3.1602,13.6902
1210,True,Optimization terminated successfully.,2712,4044,30.0734,0,1,-1.6382,-1.8327,-1.9687,3.5592,3.6938,3.5867,3.0206,-2.0844
1211,True,Optimization terminated successfully.,2871,4260,14.2544,1,0,0.9896,0.8824,0.6451,-2.5649,-2.4558,-2.5277,-0.4869,6.5957
1212,True,Optimization terminated successfully.,2366,3537,29.1082,1,0,1.1347,0.9139,0.7628,-2.7675,-2.6234,-2.7595,-0.5280,6.9428
1213,True,Optimization terminated successfully.,2258,3441,13.3383,1,0,1.3881,1.1800,1.0426,-3.4003,-3.3009,-3.3744,-0.8656,7.7696
1214,True,Optimization terminated successfully.,2277,3417,9.9060,1,0,-5.0757,-5.2471,-5.4416,11.4372,11.5515,11.5057,7.4258,-13.2246
1215,True,Optimization terminated successfully.,2650,3965,21.9905,0,1,-0.6817,-0.8305,-0.9657,1.3341,1.3868,1.2685,1.7145,1.1940
1216,True,Optimization terminated successfully.,2451,3720,34.6799,1,0,13.8723,13.8456,13.5985,-32.0995,-32.0325,-32.1247,-16.8287,48.5454
1217,True,Optimization terminated successfully.,1921,2898,13.6870,1,0,1.3264,1.1071,0.9585,-3.3129,-3.2003,-3.3284,-0.9365,7.6123
1218,True,Optimization terminated successfully.,2407,3625,24.6702,1,0,3.4355,3.2121,3.0786,-7.9171,-7.8977,-7.9759,-3.4029,14.2793
1219,True,Optimization terminated successfully.,2628,3913,11.8443,0,1,-0.0275,-0.1584,-0.4059,-0.0220,-0.0217,-0.0498,1.0355,3.1091
1220,True,Optimization terminated successfully.,2738,4056,25.7397,1,0,-3.1514,-3.3404,-3.5163,7.1144,7.1509,7.0416,5.0086,-7.0309
1221,True,Optimization terminated successfully.,2128,3203,11.6808,1,0,0.5775,0.5361,0.2607,-1.6142,-1.5602,-1.6787,0.0403,5.3397
1222,True,Optimization terminated successfully.,2225,3346,9.9487,1,0,1.8734,1.6717,1.5382,-4.4562,-4.3731,-4.4991,-1.5139,9.3242
1223,True,Optimization terminated successfully.,2503,3730,8.7365,1,0,3.4716,3.2003,3.1143,-8.1555,-7.9739,-8.1422,-3.5832,14.4583
1224,True,Optimization terminated successfully.,2678,4008,15.3265,1,0,4.1375,4.0052,3.8711,-9.7484,-9.6065,-9.7144,-4.2532,16.7788
1225,True,Optimization terminated successfully.,2875,4296,23.9387,0,1,0.3896,0.2925,0.0310,-1.3305,-1.2891,-1.3637,0.1187,4.8791
1226,True,Optimization terminated successfully.,2262,3388,20.6497,1,0,1.4696,1.3109,1.1764,-3.5808,-3.4414,-3.5704,-1.0072,8.0330
1227,True,Optimization terminated successfully.,2570,3810,25.7058,0,1,0.4618,0.3384,0.0505,-1.2574,-1.2143,-1.3121,0.1977,4.7371
1228,True,Optimization terminated successfully.,2693,4046,38.1812,1,0,1.1203,0.9137,0.7645,-2.7386,-2.6572,-2.7496,-0.5067,6.8915
1229,True,Optimization terminated successfully.,2434,3640,13.6642,0,1,0.1069,0.0335,-0.1714,-0.5649,-0.4134,-0.5295,0.7095,3.7649
1230,True,Optimization terminated successfully.,2651,3950,17.0304,1,0,1.5437,1.3824,1.1908,-3.7483,-3.6666,-3.7092,-1.0421,8.3355
1231,True,Optimization terminated successfully.,2109,3164,12.9973,1,0,0.6816,0.4388,0.2750,-1.7024,-1.5917,-1.7367,0.0043,5.3745
1232,True,Optimization terminated successfully.,2788,4175,35.2320,1,0,1.2154,1.0752,0.8365,-2.9189,-2.8803,-2.9619,-0.5429,7.1782
1233,True,Optimization terminated successfully.,2415,3620,17.7137,1,0,0.9047,0.6229,0.5259,-2.2990,-2.1787,-2.2775,-0.3898,6.1567
1234,True,Optimization terminated successfully.,2704,4020,16.0412,1,0,0.6354,0.5076,0.2301,-1.5501,-1.4875,-1.5619,0.1440,5.2316
1235,True,Optimization terminated successfully.,2600,3869,29.4867,1,0,1.3536,1.1328,1.0352,-3.3207,-3.1980,-3.2842,-0.8121,7.6990
1236,True,Optimization terminated successfully.,2859,4264,16.9010,1,0,-4.3386,-4.4386,-4.6889,9.7564,9.7702,9.8275,6.3684,-10.8117
1237,True,Optimization terminated successfully.,2728,4070,11.3388,1,0,1.2135,1.1527,0.9078,-3.1305,-3.0216,-3.1808,-0.8672,7.4277
1238,True,Optimization terminated successfully.,2708,4059,11.1179,1,0,1.9126,1.6369,1.4510,-4.2623,-4.2105,-4.2932,-1.3791,9.0952
1239,True,Optimization terminated successfully.,2206,3341,13.3180,1,0,7.3058,7.0550,6.9474,-16.9339,-16.8383,-16.9428,-8.4340,26.9483
1240,True,Optimization terminated successfully.,2596,3876,33.2477,1,0,1.0621,0.9148,0.6360,-2.5551,-2.4968,-2.5979,-0.4604,6.5944
1241,True,Optimization terminated successfully.,2241,3403,15.5053,1,0,4.8426,4.6162,4.4747,-11.1751,-11.1338,-11.2238,-5.2416,18.9208
1242,True,Optimization terminated successfully.,3189,4775,2.4818,1,0,-32.3866,-32.6573,-32.7995,74.2502,74.3171,74.1552,42.0271,-102.1956
1243,True,Optimization terminated successfully.,2085,3146,6.4347,0,1,-0.3724,-0.4494,-0.6368,0.4514,0.6144,0.3992,1.1436,2.3131
1244,True,Optimization terminated successfully.,2423,3648,10.9360,1,0,3.6435,3.4267,3.2775,-8.5142,-8.3805,-8.4812,-3.7162,14.9744
1245,True,Optimization terminated successfully.,2304,3467,17.8114,0,1,0.1669,-0.0424,-0.3278,-0.3975,-0.2730,-0.4589,0.7842,3.5601
1246,True,Optimization terminated successfully.,2386,3574,9.0392,0,1,0.5236,0.3629,0.0482,-1.3394,-1.2085,-1.2745,0.2469,4.8453
1247,True,Optimization terminated successfully.,2581,3888,25.1054,1,0,1.6605,1.4460,1.4052,-4.0442,-3.9096,-4.0995,-1.2551,8.7338
1248,True,Optimization terminated successfully.,2580,3849,13.0026,0,1,-1.3472,-1.5502,-1.7510,2.9146,2.9318,2.9280,2.5526,-1.1591
1249,True,Optimization terminated successfully.,2489,3739,14.3779,1,0,0.7828,0.5512,0.3575,-1.9850,-1.8069,-1.9423,-0.0229,5.7641
1250,True,Optimization terminated successfully.,2665,3978,17.5364,0,1,-0.2865,-0.3542,-0.6165,0.4746,0.4649,0.4660,1.1979,2.4206
1251,True,Optimization terminated successfully.,2676,3975,4.7533,0,1,-0.7138,-0.9902,-1.1412,1.5489,1.6544,1.5608,1.8985,0.7625
1252,True,Optimization terminated successfully.,2554,3821,9.5677,0,1,0.0169,-0.1972,-0.2701,-0.0983,-0.0140,-0.1169,1.0815,3.1535
1253,True,Optimization terminated successfully.,2909,4349,11.9445,1,0,7.1553,6.8660,6.7760,-16.5581,-16.3759,-16.4726,-8.0159,26.3263
1254,True,Optimization terminated successfully.,2442,3656,15.7820,1,0,1.0303,0.9393,0.6726,-2.6974,-2.4925,-2.6696,-0.5843,6.8284
1255,True,Optimization terminated successfully.,2207,3314,11.9199,1,0,0.8720,0.6997,0.4712,-2.2213,-2.0760,-2.2278,-0.2550,6.0922
1256,True,Optimization terminated successfully.,2395,3617,10.0466,1,0,1.6183,1.5149,1.2582,-3.8482,-3.7945,-3.8686,-1.1360,8.4724
1257,True,Optimization terminated successfully.,2527,3777,14.0527,1,0,-3.6431,-3.7783,-4.0177,8.1365,8.2122,8.1082,5.5455,-8.5049
1258,True,Optimization terminated successfully.,2494,3736,32.2101,1,0,3.0152,2.8674,2.7038,-7.1818,-7.0895,-7.2812,-3.0104,13.2046
1259,True,Optimization terminated successfully.,2557,3843,16.1554,1,0,8.9439,8.7422,8.4861,-20.6099,-20.5125,-20.6427,-10.4379,32.1469
1260,True,Optimization terminated successfully.,2538,3811,16.5348,1,0,3.3545,3.2409,3.0523,-7.8617,-7.7461,-7.8875,-3.3209,14.1764
1261,True,Optimization terminated successfully.,2793,4159,22.3573,0,1,-0.6419,-0.8189,-0.9670,1.1672,1.2407,1.1483,1.7206,1.3058
1262,True,Optimization terminated successfully.,2329,3496,24.5609,1,0,3.3651,3.1736,3.0297,-7.8295,-7.6964,-7.8933,-3.2209,14.1090
1263,True,Optimization terminated successfully.,2038,3072,18.2847,1,0,0.6183,0.4611,0.2727,-1.5888,-1.4832,-1.5569,0.0878,5.2156
1264,True,Optimization terminated successfully.,2498,3786,20.5310,1,0,1.0421,0.8741,0.6479,-2.6389,-2.5890,-2.6738,-0.4247,6.7309
1265,True,Optimization terminated successfully.,2316,3469,12.8047,1,0,2.0482,1.8234,1.6614,-4.7708,-4.5885,-4.7294,-1.5674,9.7154
1266,True,Optimization terminated successfully.,2584,3858,14.8121,1,0,1.3360,1.0506,0.8952,-3.1734,-3.0385,-3.1759,-0.6759,7.3760
1267,True,Optimization terminated successfully.,2399,3561,7.2990,0,1,-1.3538,-1.5171,-1.6455,2.8167,2.9428,2.8314,2.6309,-1.0565
1268,True,Optimization terminated successfully.,2805,4163,15.9994,1,0,0.8751,0.5238,0.4586,-2.0271,-1.8896,-1.9292,-0.0659,5.8702
1269,True,Optimization terminated successfully.,2686,4002,5.1499,0,1,-0.8064,-1.1081,-1.2251,1.8825,1.8999,1.8879,2.1213,0.3567
1270,True,Optimization terminated successfully.,2514,3729,9.1540,1,0,1.5865,1.3433,1.1893,-3.8389,-3.6627,-3.8541,-1.1886,8.3901
1271,True,Optimization terminated successfully.,2724,4095,19.4547,1,0,2.1997,2.0364,1.8161,-5.2303,-5.0908,-5.2129,-1.9175,10.3511
1272,True,Optimization terminated successfully.,2338,3468,16.2251,0,1,-0.2249,-0.3154,-0.5840,0.2927,0.3732,0.2475,1.1504,2.5903
1273,True,Optimization terminated successfully.,2453,3707,8.6007,0,1,-0.5452,-0.7128,-0.9177,0.9875,1.1534,1.0382,1.5099,1.5710
1274,True,Optimization terminated successfully.,2273,3446,27.9886,1,0,2.3196,2.1945,2.0081,-5.5309,-5.4611,-5.5990,-2.1200,10.8559
1275,True,Optimization terminated successfully.,2132,3192,22.1793,1,0,1.1630,1.0699,0.8537,-2.9393,-2.7510,-2.9136,-0.5883,7.0981
1276,True,Optimization terminated successfully.,2791,4172,9.0488,1,0,3.1191,3.0028,2.7409,-7.4174,-7.3874,-7.5135,-3.2073,13.5743
1277,True,Optimization terminated successfully.,2659,3980,14.6187,1,0,5.0004,4.7847,4.5812,-11.6115,-11.4218,-11.6976,-5.3994,19.4429
1278,True,Optimization terminated successfully.,2444,3685,6.5803,0,1,0.1275,-0.1475,-0.3362,-0.2428,-0.0799,-0.2708,0.9815,3.3199
1279,True,Optimization terminated successfully.,2864,4298,15.0788,1,0,0.9898,0.8136,0.7126,-2.5584,-2.4835,-2.5967,-0.4016,6.6838
1280,True,Optimization terminated successfully.,2404,3592,1.8702,1,0,0.6079,0.4755,0.3277,-1.6123,-1.5558,-1.6947,0.1402,5.3444
1281,True,Optimization terminated successfully.,2614,3905,15.8644,0,1,-0.6119,-0.7587,-0.9256,1.2407,1.4520,1.3088,1.7745,1.1911
1282,True,Optimization terminated successfully.,2351,3508,15.6872,0,1,-0.1961,-0.3778,-0.5551,0.2388,0.3724,0.2484,1.0360,2.6076
1283,True,Optimization terminated successfully.,2735,4071,10.7257,1,0,2.1636,1.9151,1.7420,-4.8662,-4.7836,-4.8962,-1.6999,9.9206
1284,True,Optimization terminated successfully.,2657,3965,13.7413,1,0,1.7399,1.6310,1.4024,-4.2948,-4.2163,-4.3110,-1.4133,9.0828
1285,True,Optimization terminated successfully.,2478,3684,15.8984,1,0,1.2606,1.1776,0.9175,-3.1361,-3.0570,-3.1453,-0.8079,7.4851
1286,True,Optimization terminated successfully.,2897,4362,30.0296,1,0,2.9427,2.8191,2.5702,-7.0837,-6.9395,-7.1361,-2.8950,13.0302
1287,True,Optimization terminated successfully.,2304,3428,7.3765,0,1,-1.2336,-1.4193,-1.5880,2.5664,2.6545,2.5277,2.3324,-0.6753
1288,True,Optimization terminated successfully.,2468,3685,10.8696,0,1,0.1099,-0.0168,-0.3716,-0.3168,-0.2141,-0.3297,0.8333,3.4105
1289,True,Optimization terminated successfully.,2554,3822,26.2145,1,0,0.9458,0.8506,0.7615,-2.6155,-2.5547,-2.6861,-0.5597,6.7622
1290,True,Optimization terminated successfully.,2623,3949,13.8834,1,0,2.9160,2.6982,2.4688,-6.7300,-6.7562,-6.7763,-2.8094,12.6193
1291,True,Optimization terminated successfully.,2500,3760,13.5523,1,0,2.4725,2.3408,2.1189,-5.8308,-5.6937,-5.8622,-2.2078,11.2511
1292,True,Optimization terminated successfully.,2641,3950,15.4344,1,0,4.3892,4.2921,4.1026,-10.3819,-10.2133,-10.3336,-4.6603,17.7021
1293,True,Optimization terminated successfully.,2289,3457,16.0448,1,0,0.6409,0.4991,0.2784,-1.6327,-1.5257,-1.6878,0.1123,5.3010
1294,True,Optimization terminated successfully.,2854,4317,11.7434,1,0,-8.4478,-8.6078,-8.8601,19.1987,19.2666,19.2209,11.6575,-24.2190
1295,True,Optimization terminated successfully.,2148,3239,29.5267,1,0,1.0176,0.8369,0.6757,-2.4629,-2.3245,-2.5188,-0.3149,6.4932
1296,True,Optimization terminated successfully.,2526,3806,24.6132,1,0,3.5607,3.3230,3.1534,-8.3372,-8.1664,-8.2723,-3.6159,14.7610
1297,True,Optimization terminated successfully.,2264,3401,23.7187,0,1,-1.2503,-1.4217,-1.6244,2.6966,2.7975,2.7568,2.5804,-0.8446
1298,True,Optimization terminated successfully.,2029,3083,9.9474,1,0,1.0182,0.8359,0.6283,-2.6472,-2.4596,-2.6615,-0.4674,6.6725
1299,True,Optimization terminated successfully.,2529,3750,14.4696,0,1,-0.6942,-0.8725,-1.0759,1.4093,1.5180,1.4245,1.7164,1.0311
1300,True,Optimization terminated successfully.,2395,3575,27.5184,0,1,0.4685,0.2544,0.0653,-1.2857,-1.2280,-1.3583,0.1841,4.8212
1301,True,Optimization terminated successfully.,2159,3266,17.2074,1,0,1.4982,1.2859,1.1346,-3.6368,-3.4683,-3.6864,-0.9953,8.1386
1302,True,Optimization terminated successfully.,2532,3826,10.7084,1,0,0.8033,0.5442,0.3395,-1.8793,-1.7386,-1.7685,0.0005,5.6023
1303,True,Optimization terminated successfully.,2707,4067,34.8410,1,0,4.7427,4.5252,4.3408,-10.9801,-10.8287,-10.9173,-5.0445,18.5132
1304,True,Optimization terminated successfully.,2655,3980,13.4643,1,0,0.8032,0.6128,0.4132,-2.0323,-1.8506,-1.9582,0.0030,5.8110
1305,True,Optimization terminated successfully.,2251,3368,6.6796,0,1,0.0169,-0.1060,-0.2996,-0.3683,-0.1457,-0.3750,0.7912,3.4691
1306,True,Optimization terminated successfully.,2968,4423,7.4276,0,1,0.2371,0.0888,-0.1022,-0.8897,-0.7870,-0.8380,0.6270,4.2115
1307,True,Optimization terminated successfully.,2345,3496,28.3158,0,1,0.2427,0.0592,-0.1822,-0.6613,-0.6271,-0.7640,0.6106,4.0285
1308,True,Optimization terminated successfully.,2201,3311,20.0603,0,1,-2.0748,-2.2370,-2.4602,4.6342,4.7558,4.5847,3.6374,-3.5772
1309,True,Optimization terminated successfully.,2433,3637,8.8110,0,1,0.4518,0.3237,0.0843,-1.2535,-1.2054,-1.2355,0.3615,4.7478
1310,True,Optimization terminated successfully.,2410,3583,16.9442,1,0,1.2287,1.1536,0.8886,-3.0172,-2.9786,-3.0230,-0.6387,7.3226
1311,True,Optimization terminated successfully.,2006,3036,14.0947,1,0,2.9235,2.7702,2.4823,-6.8865,-6.7765,-6.8841,-2.8010,12.6870
1312,True,Optimization terminated successfully.,2189,3294,24.3307,1,0,0.7478,0.5443,0.3913,-1.9095,-1.7511,-1.9043,-0.0159,5.6360
1313,True,Optimization terminated successfully.,3075,4552,17.4275,1,0,0.9195,0.7462,0.5697,-2.3567,-2.2852,-2.4138,-0.3394,6.3623
1314,True,Optimization terminated successfully.,2842,4220,10.7481,1,0,2.0668,1.9041,1.7164,-5.0080,-4.9346,-5.0088,-1.8170,10.1034
1315,True,Optimization terminated successfully.,2805,4175,9.3169,0,1,0.0476,-0.1014,-0.2271,-0.3361,-0.2106,-0.3663,0.8103,3.4280
1316,True,Optimization terminated successfully.,2382,3540,4.8104,1,0,1.0848,0.9826,0.8516,-2.8314,-2.7180,-2.9025,-0.7017,7.0279
1317,True,Optimization terminated successfully.,2582,3891,7.1862,1,0,1.3150,1.1990,0.9991,-3.1927,-3.1356,-3.2481,-0.7493,7.5377
1318,True,Optimization terminated successfully.,2371,3568,28.7820,1,0,2.9867,2.8129,2.6289,-6.9496,-6.8261,-7.0183,-2.9114,12.8750
1319,True,Optimization terminated successfully.,2663,4020,24.8457,1,0,9.9128,9.8513,9.5740,-23.0517,-23.0048,-23.0709,-11.8474,35.7021
1320,True,Optimization terminated successfully.,2651,3953,8.4774,1,0,0.5392,0.3453,0.1846,-1.4836,-1.3344,-1.3932,0.1762,5.0220
1321,True,Optimization terminated successfully.,2642,3977,20.7054,1,0,14.3483,14.1477,13.9089,-33.0350,-32.8078,-33.0151,-17.1548,49.7716
1322,True,Optimization terminated successfully.,2288,3414,9.9395,0,1,-0.1300,-0.3060,-0.4642,0.1801,0.2234,0.1412,1.1360,2.7621
1323,True,Optimization terminated successfully.,2363,3558,24.3570,0,1,-0.3207,-0.5268,-0.6753,0.5456,0.6634,0.5160,1.2690,2.2014
1324,True,Optimization terminated successfully.,2961,4369,21.0955,0,1,-0.7947,-1.0727,-1.2440,1.7430,1.8586,1.7716,2.0304,0.4816
1325,True,Optimization terminated successfully.,2050,3090,8.2317,1,0,3.4016,3.1217,2.9766,-7.8891,-7.7528,-7.8765,-3.3059,14.1322
1326,True,Optimization terminated successfully.,2783,4186,9.9786,1,0,2.1453,1.9888,1.7988,-5.1103,-5.0609,-5.1080,-1.7591,10.2945
1327,True,Optimization terminated successfully.,2428,3655,11.7687,1,0,1.4957,1.2948,1.1289,-3.4815,-3.3801,-3.4525,-0.8365,7.9255
1328,True,Optimization terminated successfully.,2510,3758,9.4449,0,1,-0.5279,-0.6811,-0.8442,0.9951,1.0985,1.0678,1.5869,1.5602
1329,True,Optimization terminated successfully.,2380,3566,15.4756,0,1,-1.2870,-1.4419,-1.6075,2.7951,2.8755,2.7755,2.4563,-0.9861
1330,True,Optimization terminated successfully.,2712,4047,13.8995,1,0,5.1297,5.0081,4.7917,-11.9167,-11.8657,-11.9953,-5.5425,19.9704
1331,True,Optimization terminated successfully.,2778,4114,13.7500,1,0,0.4891,0.3482,0.2249,-1.4679,-1.3585,-1.4741,0.1266,5.0848
1332,True,Optimization terminated successfully.,2475,3726,6.0788,1,0,1.9549,1.7939,1.5824,-4.6644,-4.4895,-4.6705,-1.5179,9.5984
1333,True,Optimization terminated successfully.,2421,3630,15.8673,1,0,0.8791,0.7957,0.5464,-2.4480,-2.2818,-2.4602,-0.3165,6.3751
1334,True,Optimization terminated successfully.,2632,3943,8.1342,1,0,-2.9183,-3.0661,-3.3022,6.4591,6.5029,6.4912,4.3891,-6.1863
1335,True,Optimization terminated successfully.,2546,3809,5.3573,1,0,-7.8158,-8.0658,-8.2737,17.8011,17.9332,17.8329,10.8909,-22.3042
1336,True,Optimization terminated successfully.,2574,3892,17.9376,1,0,3.1673,2.9740,2.7228,-7.4196,-7.4059,-7.4508,-3.1971,13.5584
1337,True,Optimization terminated successfully.,2310,3430,9.3693,1,0,0.6954,0.4784,0.2400,-1.7549,-1.5919,-1.7177,0.0738,5.4254
1338,True,Optimization terminated successfully.,2249,3395,9.8839,1,0,5.2240,5.0844,4.8637,-11.9763,-11.9492,-12.0830,-5.7086,20.0604
1339,True,Optimization terminated successfully.,2470,3714,10.3073,1,0,0.8698,0.8128,0.5040,-2.0915,-2.1123,-2.2045,-0.1165,6.0925
1340,True,Optimization terminated successfully.,2280,3422,22.0967,1,0,2.0755,1.8283,1.7819,-5.0205,-4.8418,-4.9795,-1.8674,10.0320
1341,True,Optimization terminated successfully.,2067,3100,23.5536,0,1,0.2273,0.0103,-0.1889,-0.6709,-0.5825,-0.7914,0.6182,3.9277
1342,True,Optimization terminated successfully.,2523,3763,17.3431,1,0,5.3650,5.1752,4.9413,-12.3789,-12.2354,-12.3580,-5.7421,20.4734
1343,True,Optimization terminated successfully.,2720,4074,25.9482,1,0,2.4865,2.3190,2.1875,-5.8392,-5.7404,-5.8953,-2.2129,11.3779
1344,True,Optimization terminated successfully.,2394,3575,11.1150,1,0,0.5000,0.3970,0.1951,-1.4438,-1.4035,-1.5074,0.1838,5.0472
1345,True,Optimization terminated successfully.,2218,3358,8.1351,1,0,1.5282,1.3924,1.1820,-3.6936,-3.5770,-3.6869,-1.1622,8.2322
1346,True,Optimization terminated successfully.,2622,3955,8.3469,1,0,5.5956,5.4836,5.2472,-13.0847,-13.0480,-13.1150,-6.2663,21.6066
1347,True,Optimization terminated successfully.,2536,3806,19.1406,0,1,-1.1893,-1.2971,-1.5156,2.4259,2.3839,2.3482,2.2689,-0.4060
1348,True,Optimization terminated successfully.,2251,3378,21.5334,1,0,2.3686,2.2320,2.0253,-5.6871,-5.5787,-5.7099,-2.2061,11.0046
1349,True,Optimization terminated successfully.,2632,3949,11.8607,1,0,-7.5913,-7.7891,-7.9924,17.1796,17.2783,17.2345,10.4485,-21.4418
1350,True,Optimization terminated successfully.,2677,3998,26.7067,1,0,2.3455,2.2166,2.0312,-5.5745,-5.5422,-5.6019,-2.0926,10.9365
1351,True,Optimization terminated successfully.,2388,3568,13.6772,1,0,1.3007,1.1464,1.0121,-3.1833,-2.9599,-3.2281,-0.6651,7.4623
1352,True,Optimization terminated successfully.,2677,3988,10.8518,0,1,-1.1510,-1.2836,-1.5392,2.5061,2.5479,2.4753,2.5402,-0.5008
1353,True,Optimization terminated successfully.,2811,4179,13.2698,1,0,1.0539,0.8956,0.6588,-2.6052,-2.4647,-2.5962,-0.4233,6.6590
1354,True,Optimization terminated successfully.,2586,3866,15.2641,1,0,-4.4090,-4.5396,-4.7312,9.8634,9.9611,9.7615,6.5038,-10.9455
1355,True,Optimization terminated successfully.,2476,3698,12.8647,0,1,-0.3599,-0.6631,-0.7949,0.7705,0.8496,0.7789,1.3853,1.8677
1356,True,Optimization terminated successfully.,2345,3525,15.0800,1,0,-15.4807,-15.4771,-15.6806,35.0792,35.1197,35.0451,20.4435,-46.7005
1357,True,Optimization terminated successfully.,2301,3440,8.1902,0,1,0.3687,0.2022,0.0280,-1.1136,-0.9910,-1.0034,0.4073,4.5001
1358,True,Optimization terminated successfully.,2205,3349,19.2916,0,1,-0.3917,-0.5169,-0.7284,0.8015,0.8394,0.7165,1.5205,1.9191
1359,True,Optimization terminated successfully.,2627,3934,16.7449,1,0,-5.5391,-5.6566,-5.9747,12.5739,12.6779,12.5955,8.0129,-14.8718
1360,True,Optimization terminated successfully.,2479,3690,16.2757,1,0,3.0335,2.9557,2.7256,-7.1906,-7.1174,-7.2307,-2.9516,13.1940
1361,True,Optimization terminated successfully.,2533,3763,12.5787,1,0,0.9766,0.6684,0.4917,-2.1432,-2.0667,-2.1655,-0.1156,6.0648
1362,True,Optimization terminated successfully.,3019,4511,8.4662,0,1,-2.0975,-2.2136,-2.4299,4.5983,4.6460,4.6419,3.5363,-3.4679
1363,True,Optimization terminated successfully.,2322,3465,15.3793,0,1,-1.8388,-2.0314,-2.1654,4.0077,4.0623,4.0606,3.1394,-2.6985
1364,True,Optimization terminated successfully.,2171,3312,28.9531,1,0,3.0194,2.9288,2.7068,-7.2580,-7.1657,-7.2229,-2.9993,13.2455
1365,True,Optimization terminated successfully.,2677,4000,23.6814,0,1,-0.5275,-0.6953,-0.8738,0.9924,1.0452,1.0427,1.5075,1.5609
1366,True,Optimization terminated successfully.,2329,3473,24.7216,0,1,0.0264,-0.1100,-0.2789,-0.2940,-0.1908,-0.3890,0.8088,3.3852
1367,True,Optimization terminated successfully.,2409,3623,14.8455,1,0,1.6301,1.5109,1.2987,-4.1738,-4.0004,-4.2028,-1.3646,8.8686
1368,True,Optimization terminated successfully.,2355,3539,12.6028,0,1,-0.8410,-1.0142,-1.2245,1.8659,1.9083,1.7845,2.1339,0.4260
1369,True,Optimization terminated successfully.,2293,3426,9.9994,0,1,0.3973,0.2401,0.0314,-0.9688,-1.0152,-1.0417,0.4937,4.4642
1370,True,Optimization terminated successfully.,2375,3607,31.3851,1,0,-6.6919,-6.7860,-7.0544,15.1045,15.2198,15.0853,9.3907,-18.4467
1371,True,Optimization terminated successfully.,2236,3365,5.1586,1,0,-2.7974,-2.9791,-3.1287,6.1405,6.2990,6.1394,4.4316,-5.7667
1372,True,Optimization terminated successfully.,2203,3292,6.4750,1,0,2.2894,2.2206,1.8953,-5.3697,-5.3593,-5.4073,-1.9223,10.6549
1373,True,Optimization terminated successfully.,2569,3873,5.3769,1,0,-10.6147,-10.7834,-11.0800,24.0804,24.2196,24.1668,14.2921,-31.2370
1374,True,Optimization terminated successfully.,2391,3588,25.7362,0,1,0.3508,0.2719,0.0007,-1.1664,-1.0502,-1.1164,0.3869,4.5888
1375,True,Optimization terminated successfully.,3017,4504,34.0560,1,0,4.6356,4.4987,4.2913,-10.8261,-10.8004,-10.9017,-4.9107,18.4315
1376,True,Optimization terminated successfully.,2523,3819,27.4461,1,0,4.8698,4.6947,4.5163,-11.4470,-11.3263,-11.3220,-5.3014,19.1177
1377,True,Optimization terminated successfully.,2591,3894,15.6174,1,0,-11.2732,-11.3432,-11.5887,25.5622,25.6500,25.5237,15.1060,-33.2515
1378,True,Optimization terminated successfully.,2322,3517,20.8846,1,0,2.8023,2.5141,2.3969,-6.5237,-6.4026,-6.5487,-2.6021,12.2344
1379,True,Optimization terminated successfully.,2309,3478,12.8138,1,0,0.6170,0.4382,0.2257,-1.5319,-1.4175,-1.5410,0.1332,5.1781
1380,True,Optimization terminated successfully.,2684,4017,33.2592,0,1,0.3127,0.2695,0.1443,-1.1235,-1.0048,-1.1261,0.3244,4.5803
1381,True,Optimization terminated successfully.,2249,3422,18.2035,0,1,0.1085,-0.0644,-0.2455,-0.4510,-0.3453,-0.5146,0.8642,3.6159
1382,True,Optimization terminated successfully.,2504,3685,6.6124,0,1,-0.4252,-0.6213,-0.9318,0.8495,1.0238,0.8792,1.5397,1.6870
1383,True,Optimization terminated successfully.,2636,3988,23.0208,1,0,14.5895,14.4211,14.1759,-33.5394,-33.5179,-33.6364,-17.6251,50.6161
1384,True,Optimization terminated successfully.,2597,3881,7.2546,1,0,1.3581,1.2579,0.9881,-3.3500,-3.3073,-3.3298,-0.8634,7.7589
1385,True,Optimization terminated successfully.,2392,3608,19.9484,1,0,1.4348,1.2709,1.1396,-3.5302,-3.4063,-3.5870,-0.9765,7.9622
1386,True,Optimization terminated successfully.,2331,3510,17.9201,0,1,-0.4038,-0.5666,-0.7358,0.7652,0.8403,0.7282,1.3657,1.9387
1387,True,Optimization terminated successfully.,2968,4466,39.0041,1,0,4.5549,4.4801,4.2477,-10.6813,-10.5315,-10.7017,-4.8705,18.1451
1388,True,Optimization terminated successfully.,2610,3909,18.8317,1,0,3.2052,3.0553,2.8986,-7.5459,-7.4443,-7.6534,-3.1567,13.7757
1389,True,Optimization terminated successfully.,2418,3649,4.8749,1,0,-2.9284,-3.1877,-3.3636,6.7320,6.7449,6.7046,4.7054,-6.5085
1390,True,Optimization terminated successfully.,2260,3419,8.5727,1,0,-2.9299,-3.1481,-3.3544,6.5243,6.6562,6.5559,4.5486,-6.2845
1391,True,Optimization terminated successfully.,2699,4008,16.1557,1,0,2.2300,2.0710,1.9154,-5.4305,-5.2640,-5.4024,-2.0301,10.6617
1392,True,Optimization terminated successfully.,2826,4219,8.5052,0,1,-1.7631,-1.8140,-2.0570,3.6210,3.7718,3.6184,2.9871,-2.1473
1393,True,Optimization terminated successfully.,2567,3872,22.3477,1,0,-3.6601,-3.9180,-4.0436,8.2882,8.4497,8.3449,5.7027,-8.7867
1394,True,Optimization terminated successfully.,2317,3508,29.4245,1,0,0.9165,0.7397,0.5192,-2.4179,-2.1994,-2.3962,-0.3755,6.3866
1395,True,Optimization terminated successfully.,2505,3757,19.5726,1,0,1.7264,1.5301,1.3822,-4.0556,-4.0068,-4.1498,-1.2474,8.7928
1396,True,Optimization terminated successfully.,2150,3228,10.1797,1,0,1.0643,0.9738,0.8238,-2.8959,-2.7700,-2.8993,-0.6680,6.9982
1397,True,Optimization terminated successfully.,2530,3805,5.8530,1,0,-3.5100,-3.7583,-3.9783,8.0015,8.1128,8.0277,5.4166,-8.3653
1398,True,Optimization terminated successfully.,2408,3595,6.2043,0,1,-0.3197,-0.4553,-0.7024,0.5724,0.7211,0.5463,1.3597,2.1574
1399,True,Optimization terminated successfully.,2774,4130,18.2719,0,1,-1.8540,-2.0088,-2.2951,3.9907,4.0878,4.0327,3.2417,-2.6677
1400,True,Optimization terminated successfully.,2166,3235,5.2654,0,1,-0.2805,-0.4227,-0.6485,0.4681,0.4525,0.3516,1.2073,2.4012
1401,True,Optimization terminated successfully.,2790,4132,11.1571,0,1,0.2572,0.1367,-0.0938,-0.8146,-0.6582,-0.8407,0.5336,4.1397
1402,True,Optimization terminated successfully.,2351,3524,14.7340,1,0,-3.0748,-3.2537,-3.4128,6.9420,7.0494,6.9780,4.8621,-6.8569
1403,True,Optimization terminated successfully.,2367,3532,11.3275,1,0,-4.9734,-5.1337,-5.2289,11.0407,11.1409,11.0473,7.0731,-12.7277
1404,True,Optimization terminated successfully.,2441,3648,12.3006,1,0,1.0994,0.9803,0.7028,-2.7409,-2.5638,-2.6675,-0.4583,6.8186
1405,True,Optimization terminated successfully.,2677,3992,5.8313,0,1,0.1510,0.0494,-0.2044,-0.5263,-0.4823,-0.5267,0.7676,3.8012
1406,True,Optimization terminated successfully.,2732,4087,25.0311,1,0,1.3445,1.1665,1.0930,-3.3018,-3.2598,-3.3644,-0.8407,7.7779
1407,True,Optimization terminated successfully.,2851,4285,20.7047,1,0,1.0945,0.9530,0.7236,-2.6467,-2.6271,-2.7445,-0.4633,6.8768
1408,True,Optimization terminated successfully.,2562,3827,26.0583,0,1,-0.6603,-0.8530,-1.0267,1.3376,1.3871,1.2405,1.6885,1.1329
1409,True,Optimization terminated successfully.,2943,4399,24.8870,1,0,4.3027,4.0919,3.9139,-10.0569,-9.9549,-10.0577,-4.5945,17.2766
1410,True,Optimization terminated successfully.,2414,3569,1.5507,0,1,0.1938,0.0389,-0.1128,-0.7875,-0.6447,-0.7956,0.4791,4.0758
1411,True,Optimization terminated successfully.,2426,3635,26.4479,0,1,-0.7418,-0.8078,-1.0522,1.3620,1.5156,1.3830,1.7386,0.9975
1412,True,Optimization terminated successfully.,2654,3956,23.4580,0,1,0.1637,0.0463,-0.3073,-0.4437,-0.3490,-0.5628,0.6942,3.7148
1413,True,Optimization terminated successfully.,2367,3562,35.7918,1,0,3.3017,3.0862,3.0038,-7.8190,-7.7779,-7.8882,-3.2882,14.1227
1414,True,Optimization terminated successfully.,2405,3622,18.0592,1,0,1.5408,1.3335,1.1673,-3.6546,-3.6859,-3.7237,-1.0096,8.2605
1415,True,Optimization terminated successfully.,2536,3824,21.7802,0,1,-1.5459,-1.7052,-1.9038,3.3394,3.4144,3.2991,2.7440,-1.6931
1416,True,Optimization terminated successfully.,2447,3664,13.1349,1,0,2.6511,2.4936,2.3571,-6.2066,-6.1155,-6.2558,-2.4022,11.8068
1417,True,Optimization terminated successfully.,2626,3936,20.9276,1,0,1.6379,1.4491,1.3177,-4.0173,-3.8242,-3.9701,-1.1429,8.6390
1418,True,Optimization terminated successfully.,2984,4424,10.8336,1,0,1.5125,1.2559,1.1363,-3.6653,-3.5817,-3.6905,-1.0088,8.2623
1419,True,Optimization terminated successfully.,2594,3884,5.5052,0,1,0.1139,-0.0345,-0.1086,-0.5323,-0.4617,-0.5036,0.7553,3.7533
1420,True,Optimization terminated successfully.,2021,3087,14.9196,1,0,5.6557,5.4843,5.3391,-13.1985,-13.0839,-13.2022,-6.3434,21.7281
1421,True,Optimization terminated successfully.,2711,4040,18.6601,1,0,-2.8086,-2.9507,-3.1024,6.1994,6.2928,6.0872,4.4687,-5.7613
1422,True,Optimization terminated successfully.,2705,4035,11.0631,0,1,0.1854,-0.0419,-0.2077,-0.6089,-0.4782,-0.6283,0.6847,3.8420
1423,True,Optimization terminated successfully.,2444,3654,10.5882,1,0,1.1823,1.0127,0.8115,-2.9095,-2.8100,-2.8729,-0.7930,7.1037
1424,True,Optimization terminated successfully.,2657,4010,10.6333,0,1,0.4945,0.3896,0.1527,-1.3081,-1.2133,-1.3554,0.2473,4.9502
1425,True,Optimization terminated successfully.,2388,3594,8.4273,0,1,-0.3570,-0.4992,-0.7467,0.6536,0.7511,0.5924,1.3896,2.1111
1426,True,Optimization terminated successfully.,2358,3525,13.6355,0,1,-0.4631,-0.6866,-0.8277,0.8051,0.9854,0.7650,1.3693,1.7903
1427,True,Optimization terminated successfully.,2237,3346,17.9984,1,0,0.9669,0.7804,0.6325,-2.4662,-2.3012,-2.4471,-0.3426,6.4431
1428,True,Optimization terminated successfully.,2774,4140,8.3348,1,0,6.8322,6.6770,6.5314,-16.0036,-15.8123,-15.8533,-7.7400,25.5723
1429,True,Optimization terminated successfully.,3070,4577,17.2612,1,0,1.4213,1.1364,0.9885,-3.3194,-3.1864,-3.2414,-0.7043,7.6172
1430,True,Optimization terminated successfully.,2548,3833,18.3522,0,1,-1.3377,-1.4633,-1.6378,2.7124,2.7620,2.6181,2.4784,-0.8047
1431,True,Optimization terminated successfully.,2558,3828,21.6742,1,0,4.3911,4.3024,4.0881,-10.4548,-10.2894,-10.4218,-4.7732,17.7452
1432,True,Optimization terminated successfully.,2538,3815,19.0666,0,1,-1.3449,-1.5492,-1.7418,2.9403,2.9919,2.8786,2.5901,-1.1494
1433,True,Optimization terminated successfully.,2237,3344,9.4364,0,1,-1.6058,-1.8367,-2.0748,3.6113,3.7637,3.6374,3.0217,-2.1649
1434,True,Optimization terminated successfully.,2187,3227,16.8926,0,1,0.3210,0.0708,-0.0433,-0.8070,-0.7040,-0.7742,0.5106,4.1143
1435,True,Optimization terminated successfully.,4043,6011,6.5644,1,0,-38.6495,-38.8322,-39.0941,88.5996,88.6567,88.5834,50.0162,-122.5897
1436,True,Optimization terminated successfully.,2478,3683,19.7362,0,1,-0.2870,-0.4689,-0.6772,0.3720,0.5468,0.4136,1.2188,2.3511
1437,True,Optimization terminated successfully.,2925,4338,5.9812,1,0,1.4615,1.2615,1.1423,-3.6575,-3.5770,-3.6488,-1.1664,8.2090
1438,True,Optimization terminated successfully.,2714,4077,18.1888,1,0,3.8245,3.6203,3.4305,-8.9575,-8.8812,-9.0417,-4.0241,15.7025
1439,True,Optimization terminated successfully.,2847,4251,10.0745,0,1,-0.9074,-1.2015,-1.3305,1.9750,2.0754,1.8954,2.1257,0.2080
1440,True,Optimization terminated successfully.,2837,4198,12.9361,1,0,1.4565,1.3887,1.1999,-3.7108,-3.5539,-3.6758,-1.0781,8.2099
1441,True,Optimization terminated successfully.,2581,3895,23.4449,1,0,-6.0688,-6.2395,-6.3945,13.6322,13.7878,13.6501,8.5231,-16.3501
1442,True,Optimization terminated successfully.,2134,3219,22.2350,1,0,1.0070,0.8088,0.5644,-2.3724,-2.3405,-2.4654,-0.3589,6.3797
1443,True,Optimization terminated successfully.,2522,3768,2.0004,1,0,-3.5728,-3.7031,-3.8988,8.0279,8.0927,7.9699,5.3469,-8.3411
1444,True,Optimization terminated successfully.,4025,6016,2.9168,1,0,-20.7489,-21.0246,-21.0534,47.3385,47.5104,47.3771,27.1398,-64.1717
1445,True,Optimization terminated successfully.,2346,3516,23.4712,1,0,-4.9594,-5.2056,-5.2712,11.1486,11.2782,11.1745,7.2153,-12.8546
1446,True,Optimization terminated successfully.,1502,2305,18.7378,0,1,0.1146,0.0173,-0.2504,-0.4707,-0.3499,-0.4467,0.8157,3.6645
1447,True,Optimization terminated successfully.,2411,3631,6.4676,0,1,0.5147,0.2679,0.1323,-1.2430,-1.0688,-1.3378,0.2375,4.8015
1448,True,Optimization terminated successfully.,2182,3302,11.7293,1,0,2.0154,1.8387,1.6981,-4.9482,-4.7580,-4.9502,-1.8202,9.9648
1449,True,Optimization terminated successfully.,2643,3961,14.7783,0,1,-1.8598,-1.9911,-2.2031,3.9458,4.0485,3.9084,3.0587,-2.6222
1450,True,Optimization terminated successfully.,2278,3433,16.0532,1,0,1.3002,0.9662,0.8945,-3.0701,-2.9327,-3.0570,-0.7075,7.2862
1451,True,Optimization terminated successfully.,2403,3627,28.4226,0,1,0.4483,0.3227,0.0486,-1.1835,-1.0451,-1.2316,0.2880,4.6516
1452,True,Optimization terminated successfully.,2566,3828,33.1503,0,1,-0.4233,-0.5159,-0.7661,0.6268,0.7730,0.6497,1.3989,2.0018
1453,True,Optimization terminated successfully.,2160,3219,20.3080,1,0,0.6624,0.5329,0.2425,-1.8004,-1.7065,-1.7348,-0.0516,5.5179
1454,True,Optimization terminated successfully.,2957,4376,6.1160,1,0,1.3201,1.1701,1.0473,-3.3129,-3.2666,-3.3184,-1.0322,7.7191
1455,True,Optimization terminated successfully.,2862,4273,29.3658,1,0,0.7089,0.5890,0.3638,-1.8510,-1.7603,-1.7981,-0.0277,5.6557
1456,True,Optimization terminated successfully.,2542,3783,14.9123,1,0,0.8894,0.8009,0.6595,-2.4911,-2.3614,-2.4516,-0.4103,6.4766
1457,True,Optimization terminated successfully.,2739,4073,10.4391,1,0,2.1573,1.9369,1.8540,-5.1440,-5.0599,-5.2048,-1.8846,10.3245
1458,True,Optimization terminated successfully.,2609,3880,9.7244,0,1,-0.7631,-0.8809,-1.1570,1.5353,1.7346,1.5596,1.8139,0.7564
1459,True,Optimization terminated successfully.,2247,3366,14.9442,0,1,-0.0874,-0.2225,-0.3614,-0.1264,-0.0096,-0.1164,0.9798,3.0959
1460,True,Optimization terminated successfully.,2245,3373,18.1535,1,0,1.4411,1.2311,1.0453,-3.4125,-3.3042,-3.3929,-0.8209,7.8003
1461,True,Optimization terminated successfully.,2337,3534,29.6388,1,0,16.2858,16.0755,15.8987,-37.4843,-37.3693,-37.5129,-19.7374,56.1143
1462,True,Optimization terminated successfully.,2543,3811,5.4523,1,0,3.4961,3.3042,3.1974,-8.1833,-8.1229,-8.2091,-3.4074,14.6088
1463,True,Optimization terminated successfully.,2440,3647,23.3448,1,0,0.6060,0.3922,0.1689,-1.4308,-1.3554,-1.5425,0.1935,5.0712
1464,True,Optimization terminated successfully.,2737,4114,16.8294,1,0,0.5536,0.4786,0.1389,-1.5175,-1.4252,-1.6043,0.1608,5.1186
1465,True,Optimization terminated successfully.,2617,3922,18.5478,1,0,4.2080,4.1640,3.9834,-10.0195,-9.8536,-10.0175,-4.4426,17.1973
1466,True,Optimization terminated successfully.,2143,3224,18.7211,1,0,1.0426,0.8751,0.7023,-2.6292,-2.4971,-2.5681,-0.4353,6.6574
1467,True,Optimization terminated successfully.,2212,3348,18.0810,0,1,-1.5964,-1.7670,-1.9470,3.4642,3.4647,3.4341,2.8492,-1.9219
1468,True,Optimization terminated successfully.,2577,3845,15.6028,1,0,1.0733,1.0190,0.8330,-2.8280,-2.7608,-2.8082,-0.5385,6.9951
1469,True,Optimization terminated successfully.,2491,3756,43.0764,1,0,2.6821,2.5155,2.3329,-6.2715,-6.1183,-6.2972,-2.4188,11.9107
1470,True,Optimization terminated successfully.,2169,3244,18.1888,1,0,0.6107,0.4488,0.3080,-1.6035,-1.5284,-1.6309,0.1297,5.2364
1471,True,Optimization terminated successfully.,2441,3671,10.9655,1,0,4.4533,4.3762,4.1482,-10.5320,-10.4039,-10.5301,-4.9375,17.9159
1472,True,Optimization terminated successfully.,2795,4161,23.0058,0,1,-2.0108,-2.1519,-2.3232,4.3600,4.4057,4.2788,3.3274,-3.0944
1473,True,Optimization terminated successfully.,2834,4214,22.6902,1,0,-4.4626,-4.6358,-4.8338,9.9214,9.9798,9.9429,6.4672,-11.0521
1474,True,Optimization terminated successfully.,2556,3779,19.6474,1,0,3.0987,2.8380,2.6407,-7.1232,-6.9508,-7.1707,-2.8916,13.0889
1475,True,Optimization terminated successfully.,2499,3760,23.5505,0,1,-1.0268,-1.2601,-1.4099,2.2253,2.3758,2.2307,2.3584,-0.1895
1476,True,Optimization terminated successfully.,2791,4157,5.4080,0,1,-0.4195,-0.5602,-0.7075,0.6439,0.7312,0.6693,1.3379,2.1182
1477,True,Optimization terminated successfully.,2409,3591,16.8275,0,1,-0.4246,-0.4828,-0.6927,0.7456,0.8963,0.7661,1.4458,1.9512
1478,True,Optimization terminated successfully.,2507,3743,17.0168,0,1,-0.9474,-1.1029,-1.2854,1.9906,2.0573,1.9435,2.1235,0.1931
1479,True,Optimization terminated successfully.,2648,3956,6.5818,0,1,-0.4244,-0.6471,-0.7783,0.7970,0.8847,0.7648,1.4630,1.8931
1480,True,Optimization terminated successfully.,2264,3371,6.6582,1,0,1.1019,0.8607,0.7268,-2.6448,-2.5528,-2.6033,-0.3590,6.7110
1481,True,Optimization terminated successfully.,2581,3866,14.3568,1,0,3.0587,2.9160,2.6616,-7.3286,-7.2002,-7.2438,-2.9524,13.2915
1482,True,Optimization terminated successfully.,1981,2973,22.7732,0,1,-0.4891,-0.6461,-0.8055,0.9800,1.0332,0.9115,1.3951,1.6805
1483,True,Optimization terminated successfully.,2750,4068,7.7343,1,0,1.2752,1.1526,0.9745,-3.1701,-3.0704,-3.1389,-0.7931,7.4805
1484,True,Optimization terminated successfully.,2631,3924,11.2138,0,1,-1.7889,-2.0024,-2.1442,3.8697,4.0174,3.8955,3.1058,-2.5268
1485,True,Optimization terminated successfully.,2388,3550,21.9144,1,0,0.8654,0.7477,0.5456,-2.1605,-2.0898,-2.2832,-0.1976,6.0866
1486,True,Optimization terminated successfully.,2518,3800,24.1034,0,1,-0.4145,-0.5882,-0.8319,0.7900,0.9206,0.8097,1.4180,1.8332
1487,True,Optimization terminated successfully.,2262,3381,4.0890,0,1,-0.8700,-0.9852,-1.2774,1.8240,1.9626,1.8865,2.1480,0.3648
1488,True,Optimization terminated successfully.,2467,3717,18.7954,1,0,-3.2400,-3.3287,-3.6585,7.3541,7.4174,7.3566,5.0024,-7.4260
1489,True,Optimization terminated successfully.,2428,3629,28.4581,1,0,1.7993,1.6686,1.4073,-4.2428,-4.1760,-4.3395,-1.2567,9.0541
1490,True,Optimization terminated successfully.,2362,3513,9.0611,0,1,-0.1847,-0.3967,-0.5159,0.1412,0.3589,0.1502,0.9504,2.7114
1491,True,Optimization terminated successfully.,2692,4044,14.9927,1,0,0.9180,0.7189,0.5739,-2.2168,-2.1016,-2.2629,-0.0814,6.2017
1492,True,Optimization terminated successfully.,2814,4202,12.6527,1,0,-6.2747,-6.4972,-6.6717,14.2867,14.3525,14.3181,8.9073,-17.2378
1493,True,Optimization terminated successfully.,2553,3848,14.8108,0,1,-0.7473,-0.9170,-1.1480,1.4586,1.5338,1.3534,1.7408,0.9585
1494,True,Optimization terminated successfully.,2617,3924,4.9560,1,0,1.2940,1.1062,0.9811,-3.1782,-3.0346,-3.1872,-0.7894,7.5016
1495,True,Optimization terminated successfully.,2718,4063,18.3035,0,1,0.0043,-0.0638,-0.3554,-0.2940,-0.1954,-0.2290,0.9442,3.3826
1496,True,Optimization terminated successfully.,2937,4365,21.5100,1,0,2.4546,2.3907,2.1021,-5.9054,-5.7980,-5.9327,-2.2716,11.3724
1497,True,Optimization terminated successfully.,2412,3621,22.2590,1,0,2.2178,1.9780,1.8350,-5.2911,-5.0715,-5.2428,-1.9256,10.4175
1498,True,Optimization terminated successfully.,2332,3486,5.0791,0,1,-0.8468,-1.0328,-1.1592,1.5933,1.7074,1.5458,1.8584,0.6995
1499,True,Optimization terminated successfully.,2713,4003,7.3067,1,0,0.8127,0.7122,0.4924,-2.2785,-2.1109,-2.3641,-0.3477,6.1948
1500,True,Optimization terminated successfully.,2247,3398,15.9592,0,1,0.1849,0.0839,-0.1921,-0.6655,-0.6119,-0.7508,0.6166,3.9380
1501,True,Optimization terminated successfully.,2725,4074,16.4670,1,0,0.9228,0.7840,0.5456,-2.3868,-2.2725,-2.3812,-0.4327,6.3722
1502,True,Optimization terminated successfully.,2043,3076,18.1907,1,0,1.1169,0.9843,0.8407,-2.7976,-2.6068,-2.7869,-0.4989,6.9138
1503,True,Optimization terminated successfully.,2627,3936,21.1518,1,0,-3.8911,-4.0067,-4.1816,8.7230,8.8513,8.7582,5.8560,-9.3791
1504,True,Optimization terminated successfully.,2164,3237,9.6747,1,0,0.9567,0.8125,0.5990,-2.3256,-2.1991,-2.2712,-0.2561,6.3036
1505,True,Optimization terminated successfully.,2778,4112,10.0817,0,1,-0.0713,-0.2650,-0.3933,0.0331,0.1707,0.0876,1.0769,2.8692
1506,True,Optimization terminated successfully.,2512,3727,13.1949,0,1,-0.9011,-1.1012,-1.2381,1.8829,1.9906,1.8747,1.9821,0.3238
1507,True,Optimization terminated successfully.,2333,3521,17.2885,1,0,1.5927,1.3932,1.1976,-3.7304,-3.6638,-3.7381,-1.0994,8.3354
1508,True,Optimization terminated successfully.,2203,3312,12.3787,0,1,-0.9088,-1.1533,-1.2937,1.9881,2.1630,2.0716,2.1665,0.0996
1509,True,Optimization terminated successfully.,2373,3538,9.4507,0,1,-0.6554,-0.8192,-1.0024,1.2004,1.3588,1.2057,1.7028,1.2349
1510,True,Optimization terminated successfully.,2552,3811,6.4004,1,0,0.6687,0.5131,0.2566,-1.7376,-1.5837,-1.6939,0.0190,5.4083
1511,True,Optimization terminated successfully.,2572,3829,22.1306,1,0,3.2605,3.0869,2.8397,-7.5831,-7.5018,-7.5876,-3.0752,13.7388
1512,True,Optimization terminated successfully.,2403,3594,23.2464,1,0,-5.1279,-5.3154,-5.4870,11.5807,11.6256,11.5721,7.3926,-13.4300
1513,True,Optimization terminated successfully.,2669,4003,22.9644,1,0,8.9841,8.8759,8.5671,-20.7911,-20.6988,-20.8375,-10.4786,32.4762
1514,True,Optimization terminated successfully.,2516,3772,15.2182,1,0,2.0649,1.9080,1.6791,-4.9911,-4.8292,-4.9752,-1.7791,9.9082
1515,True,Optimization terminated successfully.,2378,3561,14.2828,1,0,2.0101,1.8282,1.5231,-4.6850,-4.5291,-4.6355,-1.5525,9.6081
1516,True,Optimization terminated successfully.,2141,3258,5.1515,1,0,10.6985,10.5426,10.3103,-24.7567,-24.6249,-24.7737,-12.6812,38.0442
1517,True,Optimization terminated successfully.,2495,3763,26.0569,0,1,-2.0539,-2.1069,-2.2321,4.3536,4.4576,4.2722,3.3519,-3.1478
1518,True,Optimization terminated successfully.,2368,3557,21.4237,1,0,3.8952,3.7164,3.5774,-9.2345,-9.0629,-9.1058,-4.0969,15.9564
1519,True,Optimization terminated successfully.,3022,4490,12.2819,1,0,3.6411,3.5756,3.2767,-8.6299,-8.5453,-8.6399,-3.7415,15.2351
1520,True,Optimization terminated successfully.,2741,4163,27.0397,1,0,11.9420,11.7771,11.5982,-27.5401,-27.4329,-27.6079,-14.2609,42.0760
1521,True,Optimization terminated successfully.,2341,3517,12.8714,1,0,2.7364,2.5390,2.3495,-6.5353,-6.3630,-6.6016,-2.6179,12.2334
1522,True,Optimization terminated successfully.,2664,3950,9.7182,0,1,-1.0326,-1.1933,-1.3557,2.1599,2.2633,2.1604,2.1184,-0.0572
1523,True,Optimization terminated successfully.,2354,3553,23.4442,1,0,3.2471,3.1211,2.9323,-7.6664,-7.6173,-7.7112,-3.1957,13.9447
1524,True,Optimization terminated successfully.,2622,3920,8.5308,1,0,0.8316,0.6145,0.4323,-2.0932,-1.8698,-1.9994,-0.1501,5.9174
1525,True,Optimization terminated successfully.,2433,3622,11.0826,1,0,0.5404,0.3655,0.1949,-1.5287,-1.4690,-1.5250,0.0778,5.1227
1526,True,Optimization terminated successfully.,2470,3695,8.2987,1,0,1.0306,0.8712,0.6059,-2.5547,-2.4642,-2.5944,-0.4318,6.5861
1527,True,Optimization terminated successfully.,2342,3515,29.8298,1,0,3.6501,3.4277,3.2155,-8.4757,-8.4029,-8.5450,-3.6472,15.0456
1528,True,Optimization terminated successfully.,2172,3284,13.5110,1,0,0.7474,0.5712,0.4137,-2.0554,-1.9190,-2.0124,-0.3057,5.8421
1529,True,Optimization terminated successfully.,2043,3077,5.0070,1,0,0.8294,0.6518,0.5007,-2.0732,-1.9459,-2.0545,-0.1024,5.9302
1530,True,Optimization terminated successfully.,2661,3968,24.4030,0,1,-0.4644,-0.5633,-0.8002,0.7105,0.7432,0.6827,1.2647,1.9881
1531,True,Optimization terminated successfully.,2554,3810,9.9129,0,1,0.2056,0.0983,-0.1398,-0.6840,-0.6074,-0.6828,0.6423,4.0062
1532,True,Optimization terminated successfully.,2447,3669,14.1985,1,0,0.5635,0.4599,0.2593,-1.6922,-1.5698,-1.6783,0.1395,5.3219
1533,True,Optimization terminated successfully.,2995,4466,10.7240,1,0,0.8723,0.6881,0.5230,-2.3178,-2.1287,-2.2157,-0.2983,6.2127
1534,True,Optimization terminated successfully.,2328,3515,3.7062,1,0,0.6864,0.4906,0.3417,-1.7758,-1.5969,-1.7919,-0.0024,5.4524
1535,True,Optimization terminated successfully.,2686,4050,9.5986,0,1,-1.1144,-1.2299,-1.4008,2.2427,2.3417,2.1999,2.1977,-0.1164
1536,True,Optimization terminated successfully.,2347,3551,7.6047,1,0,8.6215,8.4682,8.2952,-20.0852,-19.9874,-20.1335,-10.1907,31.4299
1537,True,Optimization terminated successfully.,2515,3765,10.6850,1,0,0.9112,0.6680,0.5732,-2.2603,-2.1820,-2.3296,-0.2744,6.1829
1538,True,Optimization terminated successfully.,2438,3669,17.3812,1,0,3.1857,2.9578,2.7942,-7.5372,-7.4335,-7.5993,-3.1583,13.6432
1539,True,Optimization terminated successfully.,2637,3956,15.5215,1,0,1.3904,1.1532,0.9932,-3.3017,-3.1958,-3.2953,-0.8860,7.6521
1540,True,Optimization terminated successfully.,2512,3727,8.2393,1,0,0.7647,0.5920,0.3909,-1.8743,-1.7668,-1.8771,-0.1008,5.6376
1541,True,Optimization terminated successfully.,2688,4038,14.4058,1,0,-9.2770,-9.4946,-9.6953,21.1402,21.2164,21.1150,12.7482,-26.9564
1542,True,Optimization terminated successfully.,2518,3756,16.1585,0,1,-1.1783,-1.3392,-1.5820,2.5595,2.6733,2.4900,2.3876,-0.5274
1543,True,Optimization terminated successfully.,2375,3527,11.7124,0,1,-0.2054,-0.3145,-0.4490,0.2386,0.2539,0.0656,1.0882,2.7410
1544,True,Optimization terminated successfully.,2663,4002,15.9795,1,0,-2.5770,-2.7186,-2.9029,5.6020,5.7118,5.5731,4.1457,-4.9351
1545,True,Optimization terminated successfully.,2853,4276,14.5464,1,0,1.5334,1.3754,1.1095,-3.6464,-3.5623,-3.6435,-0.9953,8.1702
1546,True,Optimization terminated successfully.,2201,3282,10.3543,0,1,-0.8862,-1.0216,-1.2365,1.6862,1.8441,1.7344,1.8667,0.5065
1547,True,Optimization terminated successfully.,2237,3366,16.8331,1,0,1.1209,0.9008,0.7956,-2.6705,-2.6162,-2.7412,-0.5216,6.8115
1548,True,Optimization terminated successfully.,2345,3536,19.0930,1,0,1.6925,1.4129,1.2159,-3.9748,-3.8886,-4.0444,-1.2665,8.6412
1549,True,Optimization terminated successfully.,2455,3666,13.0926,0,1,-2.0770,-2.1766,-2.3945,4.5046,4.6097,4.5375,3.5301,-3.3722
1550,True,Optimization terminated successfully.,2624,3942,17.9142,1,0,7.2063,7.1374,6.8566,-16.8054,-16.6768,-16.8134,-8.2303,26.7971
1551,True,Optimization terminated successfully.,2675,4017,12.4672,0,1,-0.2205,-0.4511,-0.5704,0.3159,0.4348,0.4013,1.2918,2.5050
1552,True,Optimization terminated successfully.,2945,4400,9.3351,1,0,-11.1778,-11.3212,-11.4980,25.4211,25.5427,25.4012,14.9652,-33.0299
1553,True,Optimization terminated successfully.,2215,3391,10.9136,1,0,1.5142,1.3757,1.2094,-3.7086,-3.6508,-3.6889,-1.1316,8.2273
1554,True,Optimization terminated successfully.,2532,3826,16.6785,1,0,14.9714,14.8529,14.6052,-34.4661,-34.4383,-34.5741,-18.0681,51.9062
1555,True,Optimization terminated successfully.,2479,3743,39.6076,1,0,5.2178,5.0454,4.8697,-12.2494,-12.1511,-12.1661,-5.6856,20.2930
1556,True,Optimization terminated successfully.,2914,4349,18.6102,1,0,1.4069,1.2398,1.0623,-3.3842,-3.2716,-3.5679,-0.9105,7.7837
1557,True,Optimization terminated successfully.,2512,3758,12.5551,0,1,-0.1909,-0.3450,-0.5659,0.2509,0.3369,0.2489,1.0897,2.6430
1558,True,Optimization terminated successfully.,2459,3695,22.6047,0,1,0.0073,-0.1188,-0.3341,-0.1930,-0.0720,-0.1882,0.9556,3.2473
1559,True,Optimization terminated successfully.,2475,3721,15.8092,1,0,-3.1175,-3.3442,-3.5854,7.0819,7.1851,7.1390,4.9771,-7.0351
1560,True,Optimization terminated successfully.,2843,4211,15.0804,1,0,0.7439,0.5471,0.3649,-1.9041,-1.7756,-1.9440,-0.0009,5.6638
1561,True,Optimization terminated successfully.,2474,3721,10.9785,1,0,1.0655,0.9463,0.6992,-2.6459,-2.5175,-2.6529,-0.4434,6.7344
1562,True,Optimization terminated successfully.,2733,4108,21.6583,1,0,1.7770,1.6080,1.3185,-4.2192,-4.0929,-4.2781,-1.2329,8.9917
1563,True,Optimization terminated successfully.,2387,3570,8.1218,1,0,1.5314,1.3617,1.2508,-3.7675,-3.6432,-3.7506,-1.0848,8.3147
1564,True,Optimization terminated successfully.,2408,3619,47.4160,1,0,-2.7904,-3.0032,-3.2863,6.2635,6.4022,6.2270,4.3681,-5.8921
1565,True,Optimization terminated successfully.,2056,3091,24.8521,0,1,-0.2579,-0.3855,-0.6318,0.3588,0.4738,0.3682,1.2227,2.4839
1566,True,Optimization terminated successfully.,3130,4652,4.0701,0,1,-0.1501,-0.1738,-0.4518,0.0245,0.1603,0.0638,1.1146,2.9451
1567,True,Optimization terminated successfully.,2311,3446,11.1309,1,0,0.7559,0.6479,0.4201,-2.0379,-1.8928,-2.0644,-0.1177,5.8696
1568,True,Optimization terminated successfully.,2221,3352,30.4387,1,0,3.6982,3.5531,3.3365,-8.7483,-8.6331,-8.7171,-3.8879,15.3214
1569,True,Optimization terminated successfully.,2266,3372,20.1503,0,1,0.1350,-0.0517,-0.2043,-0.5414,-0.4007,-0.5703,0.6288,3.7695
1570,True,Optimization terminated successfully.,2858,4281,33.3143,0,1,-1.1261,-1.3435,-1.5378,2.3794,2.5739,2.4428,2.4107,-0.4562
1571,True,Optimization terminated successfully.,1989,2984,14.6974,0,1,-0.5524,-0.7306,-0.9653,1.1498,1.3261,1.2009,1.7041,1.3138
1572,True,Optimization terminated successfully.,3093,4579,10.9278,0,1,0.2023,0.0864,-0.1002,-0.8067,-0.7306,-0.7998,0.5437,4.1435
1573,True,Optimization terminated successfully.,2777,4176,7.4116,1,0,-5.3881,-5.6230,-5.8053,12.3137,12.3731,12.2862,7.7768,-14.4682
1574,True,Optimization terminated successfully.,2486,3721,9.3682,0,1,-2.0899,-2.2648,-2.4151,4.5932,4.6857,4.6132,3.5955,-3.5503
1575,True,Optimization terminated successfully.,2475,3727,28.3514,1,0,0.9929,0.8250,0.6128,-2.4428,-2.3452,-2.5419,-0.3190,6.4785
1576,True,Optimization terminated successfully.,2751,4121,9.7490,0,1,-0.7288,-0.8152,-1.0798,1.3883,1.4472,1.4103,1.7310,1.0014
1577,True,Optimization terminated successfully.,2868,4283,10.7564,1,0,0.5662,0.4016,0.1797,-1.3580,-1.3499,-1.3951,0.2358,5.0424
1578,True,Optimization terminated successfully.,2049,3094,14.4081,1,0,0.9487,0.8038,0.5197,-2.3578,-2.2813,-2.3811,-0.2729,6.3424
1579,True,Optimization terminated successfully.,3099,4625,12.0176,1,0,1.6276,1.5322,1.3589,-4.0887,-3.9717,-4.1393,-1.2538,8.7420
1580,True,Optimization terminated successfully.,2504,3731,17.8447,0,1,-1.4821,-1.6160,-1.8241,3.2053,3.2827,3.1421,2.7828,-1.4993
1581,True,Optimization terminated successfully.,2383,3587,10.9483,1,0,1.9516,1.7184,1.5814,-4.6326,-4.5344,-4.6755,-1.5615,9.5668
1582,True,Optimization terminated successfully.,2256,3399,28.2780,1,0,1.4454,1.3579,1.1356,-3.5616,-3.4845,-3.5761,-0.9815,8.0771
1583,True,Optimization terminated successfully.,2775,4214,38.2126,1,0,13.5238,13.4327,13.2220,-31.3662,-31.3133,-31.4297,-16.4425,47.4873
1584,True,Optimization terminated successfully.,2274,3457,10.0493,1,0,-18.1331,-18.3198,-18.5123,41.3774,41.5288,41.4771,23.8638,-55.7215
1585,True,Optimization terminated successfully.,2272,3407,14.8010,0,1,-2.1356,-2.3803,-2.4508,4.6047,4.7995,4.6994,3.5987,-3.6513
1586,True,Optimization terminated successfully.,2666,3995,13.7521,1,0,2.2292,2.0307,1.9214,-5.3599,-5.2293,-5.3478,-2.0479,10.5150
1587,True,Optimization terminated successfully.,2520,3760,16.6691,1,0,0.6313,0.5242,0.3248,-1.6852,-1.6280,-1.7151,0.0963,5.4445
1588,True,Optimization terminated successfully.,2964,4417,5.3015,1,0,0.5199,0.3670,0.1040,-1.4483,-1.3688,-1.5139,0.1088,5.0768
1589,True,Optimization terminated successfully.,2385,3590,14.0856,1,0,1.3114,1.2171,0.9783,-3.3034,-3.1835,-3.2489,-0.7889,7.6824
1590,True,Optimization terminated successfully.,2187,3282,12.1831,1,0,5.0028,4.7205,4.5643,-11.5717,-11.4115,-11.5619,-5.3791,19.3512
1591,True,Optimization terminated successfully.,2361,3544,9.6800,1,0,4.3206,4.2024,4.0015,-10.2162,-10.1320,-10.2931,-4.7612,17.5009
1592,True,Optimization terminated successfully.,2473,3735,33.6677,1,0,0.7336,0.5874,0.4300,-1.9186,-1.7945,-1.9264,-0.0263,5.6972
1593,True,Optimization terminated successfully.,2635,3946,12.7011,1,0,0.9301,0.7797,0.5444,-2.2731,-2.1837,-2.2008,-0.1503,6.2318
1594,True,Optimization terminated successfully.,2879,4287,18.1034,1,0,3.7176,3.5419,3.3522,-8.6285,-8.5179,-8.6156,-3.7770,15.2617
1595,True,Optimization terminated successfully.,2795,4185,27.6190,1,0,1.7373,1.6545,1.4306,-4.2966,-4.1526,-4.3389,-1.3051,9.0730
1596,True,Optimization terminated successfully.,2578,3812,14.9449,0,1,0.3228,0.2015,0.0172,-0.9972,-0.9631,-1.0390,0.4295,4.4507
1597,True,Optimization terminated successfully.,2298,3456,14.0021,1,0,0.8998,0.7280,0.5000,-2.2621,-2.1325,-2.3314,-0.3467,6.1866
1598,True,Optimization terminated successfully.,4334,6466,10.9468,1,0,-35.5332,-35.6366,-35.9197,81.2324,81.4237,81.3164,45.9737,-112.2250
1599,True,Optimization terminated successfully.,2663,4004,7.0761,1,0,3.4116,3.3141,3.0559,-8.1141,-8.0202,-8.1715,-3.4474,14.5333
1600,True,Optimization terminated successfully.,2452,3687,5.0836,1,0,-3.5087,-3.6608,-3.9586,7.8597,7.9800,7.8968,5.2439,-8.1894
1601,True,Optimization terminated successfully.,2896,4328,31.0736,1,0,0.7252,0.6560,0.4874,-2.0618,-2.0090,-2.1289,-0.1679,5.9758
1602,True,Optimization terminated successfully.,3160,4688,8.0524,1,0,0.7425,0.5683,0.3603,-1.9455,-1.8812,-1.9830,-0.2185,5.8190
1603,True,Optimization terminated successfully.,2233,3348,13.0943,0,1,-0.9236,-1.1745,-1.2991,2.1615,2.2386,2.1043,2.1802,-0.0084
1604,True,Optimization terminated successfully.,2835,4261,32.9424,1,0,-18.8896,-19.0515,-19.3173,43.2129,43.3101,43.2279,24.8875,-58.2561
1605,True,Optimization terminated successfully.,2257,3414,20.5689,1,0,0.5871,0.5545,0.1770,-1.6280,-1.5243,-1.6057,0.1414,5.2376
1606,True,Optimization terminated successfully.,2962,4413,14.4610,0,1,-1.3301,-1.4513,-1.7080,2.8325,2.8631,2.7350,2.4722,-0.9740
1607,True,Optimization terminated successfully.,2335,3493,10.4062,0,1,-0.7629,-0.9310,-1.1195,1.6034,1.7018,1.5672,1.9451,0.6946
1608,True,Optimization terminated successfully.,2445,3656,8.1892,1,0,2.6429,2.4526,2.2799,-6.2043,-6.1661,-6.1964,-2.4992,11.8156
1609,True,Optimization terminated successfully.,2534,3782,3.9881,0,1,-1.6825,-1.8566,-2.1036,3.5906,3.7103,3.5848,2.9564,-2.1630
1610,True,Optimization terminated successfully.,2510,3782,14.3552,1,0,3.6092,3.3676,3.2229,-8.4233,-8.2944,-8.3642,-3.6665,14.9081
1611,True,Optimization terminated successfully.,2336,3527,24.8771,1,0,-5.8333,-5.9534,-6.1551,13.1025,13.1946,13.1487,8.2329,-15.5939
1612,True,Optimization terminated successfully.,2917,4374,9.8557,0,1,-1.4804,-1.7405,-1.8667,3.3261,3.4399,3.3037,2.8436,-1.7817
1613,True,Optimization terminated successfully.,2685,3998,11.9080,0,1,0.2719,0.0791,-0.0643,-0.7848,-0.7261,-0.7441,0.5101,4.1299
1614,True,Optimization terminated successfully.,2625,3940,31.5718,1,0,14.1035,13.8416,13.7035,-32.4760,-32.2860,-32.5281,-16.9281,49.0187
1615,True,Optimization terminated successfully.,2728,4085,10.9279,1,0,1.2839,1.2342,1.0450,-3.2587,-3.2260,-3.3480,-0.7258,7.7126
1616,True,Optimization terminated successfully.,2126,3193,7.7673,0,1,-1.1958,-1.3135,-1.4910,2.3857,2.4412,2.3924,2.2573,-0.4291
1617,True,Optimization terminated successfully.,2916,4343,17.1707,1,0,0.9993,0.8974,0.7214,-2.6232,-2.5791,-2.6790,-0.4625,6.7158
1618,True,Optimization terminated successfully.,2867,4280,25.0913,1,0,1.6673,1.5536,1.3193,-4.0208,-3.8979,-3.9740,-1.0797,8.7033
1619,True,Optimization terminated successfully.,2536,3794,10.8310,1,0,0.4857,0.3830,0.1697,-1.3996,-1.3596,-1.4111,0.3310,5.0291
1620,True,Optimization terminated successfully.,2384,3582,8.9378,1,0,-18.9591,-19.0640,-19.3276,43.3179,43.4139,43.3020,24.9243,-58.3950
1621,True,Optimization terminated successfully.,2429,3652,25.7875,1,0,1.4043,1.2537,1.1465,-3.4608,-3.3447,-3.3928,-0.8730,7.8327
1622,True,Optimization terminated successfully.,2660,3985,19.7676,1,0,2.0138,1.9298,1.7300,-4.9264,-4.8368,-4.8830,-1.7819,9.9443
1623,True,Optimization terminated successfully.,2439,3668,22.4193,0,1,-0.0613,-0.2612,-0.5039,0.0745,0.1822,0.0077,1.0723,2.9177
1624,True,Optimization terminated successfully.,2592,3912,43.2793,1,0,17.3573,17.2650,17.0472,-40.0323,-39.9986,-40.0971,-21.0582,59.7920
1625,True,Optimization terminated successfully.,2290,3410,9.7292,1,0,2.5322,2.3481,2.1289,-5.8275,-5.6656,-5.7991,-2.0817,11.2221
1626,True,Optimization terminated successfully.,2336,3529,8.2001,1,0,1.0441,0.8714,0.7005,-2.5757,-2.4548,-2.5160,-0.3675,6.6518
1627,True,Optimization terminated successfully.,2534,3767,26.5038,1,0,1.6408,1.4858,1.3223,-4.0270,-3.9015,-4.0392,-1.1802,8.7060
1628,True,Optimization terminated successfully.,2416,3624,10.1982,1,0,1.5465,1.3027,1.1809,-3.6394,-3.5391,-3.6834,-1.0349,8.0869
1629,True,Optimization terminated successfully.,2293,3440,6.2914,1,0,0.9457,0.7984,0.6105,-2.3019,-2.2799,-2.3537,-0.3021,6.2770
1630,True,Optimization terminated successfully.,2366,3518,11.6897,0,1,-1.0778,-1.2408,-1.4262,2.2657,2.3622,2.2886,2.3148,-0.2555
1631,True,Optimization terminated successfully.,2431,3611,20.4123,1,0,1.2601,1.1119,0.9222,-3.0749,-2.9664,-3.1125,-0.7300,7.3378
1632,True,Optimization terminated successfully.,2626,3926,15.9877,1,0,1.9668,1.9049,1.6104,-4.7471,-4.6530,-4.6935,-1.6353,9.7884
1633,True,Optimization terminated successfully.,2583,3903,9.1346,1,0,2.4196,2.2116,1.9691,-5.5992,-5.4823,-5.5786,-2.1141,10.9583
1634,True,Optimization terminated successfully.,2722,4073,15.0346,0,1,-1.5629,-1.6761,-1.8912,3.1960,3.2847,3.2759,2.7581,-1.5424
1635,True,Optimization terminated successfully.,2527,3815,19.6807,0,1,-0.5123,-0.6997,-0.8612,0.9329,1.0336,1.0207,1.4200,1.6438
1636,True,Optimization terminated successfully.,2117,3175,17.8652,1,0,1.5885,1.4783,1.2532,-3.9798,-3.7829,-3.9145,-1.1946,8.5445
1637,True,Optimization terminated successfully.,2316,3467,14.8159,1,0,0.7527,0.6000,0.3272,-1.8476,-1.7168,-1.8861,0.0862,5.6242
1638,True,Optimization terminated successfully.,2449,3699,15.9589,1,0,0.5590,0.3498,0.2462,-1.4848,-1.4221,-1.5490,0.1215,5.1356
1639,True,Optimization terminated successfully.,2495,3725,15.7066,1,0,1.7425,1.5041,1.2850,-3.9746,-3.8402,-3.8847,-1.0715,8.5400
1640,True,Optimization terminated successfully.,2530,3774,11.9982,1,0,0.7825,0.5995,0.2957,-1.8541,-1.7744,-1.9678,-0.0952,5.6461
1641,True,Optimization terminated successfully.,2318,3479,14.7048,1,0,1.2601,1.0824,0.9425,-3.1305,-3.0012,-3.0770,-0.7677,7.3698
1642,True,Optimization terminated successfully.,2511,3720,21.3172,0,1,-1.5608,-1.7550,-1.9323,3.3908,3.4814,3.4151,2.8464,-1.8825
1643,True,Optimization terminated successfully.,2462,3703,16.9090,0,1,-1.4792,-1.6560,-1.8921,3.1828,3.2604,3.1509,2.7204,-1.4876
1644,True,Optimization terminated successfully.,2747,4100,12.1014,1,0,1.6873,1.5612,1.3066,-4.0263,-3.8964,-4.0255,-1.2392,8.7068
1645,True,Optimization terminated successfully.,2299,3459,16.1333,1,0,2.5454,2.4261,2.2016,-5.9936,-5.9154,-6.0355,-2.3033,11.5181
1646,True,Optimization terminated successfully.,2478,3758,6.7474,1,0,5.4865,5.3111,5.0570,-12.7771,-12.6580,-12.7110,-6.0268,21.0461
1647,True,Optimization terminated successfully.,2497,3720,28.0794,1,0,2.5070,2.3723,2.1650,-6.0373,-5.9242,-6.0283,-2.3173,11.5041
1648,True,Optimization terminated successfully.,2587,3857,8.7632,1,0,-2.3009,-2.4882,-2.7447,5.1833,5.1676,5.1378,3.8621,-4.3142
1649,True,Optimization terminated successfully.,2340,3494,17.5029,1,0,0.7590,0.5985,0.4818,-2.0966,-1.9731,-2.0669,-0.2211,5.8851
1650,True,Optimization terminated successfully.,10906,15989,14.0288,1,0,-35.1556,-35.2943,-35.5271,80.2549,80.2646,80.1875,45.2464,-110.7937
1651,True,Optimization terminated successfully.,2322,3490,13.8745,1,0,2.3269,2.1589,1.9892,-5.5435,-5.4599,-5.5539,-2.0599,10.8056
1652,True,Optimization terminated successfully.,2799,4197,9.8775,1,0,11.5782,11.4620,11.2477,-26.8667,-26.7112,-26.8887,-13.8500,41.0527
1653,True,Optimization terminated successfully.,2630,3932,29.4718,0,1,0.2576,0.0519,-0.0937,-0.8031,-0.7173,-0.7908,0.5104,4.1110
1654,True,Optimization terminated successfully.,2414,3643,17.2388,1,0,-17.9287,-18.1503,-18.2841,40.9350,41.0426,40.9608,23.5399,-55.0719
1655,True,Optimization terminated successfully.,3033,4490,30.3302,1,0,0.6728,0.4794,0.4427,-1.7717,-1.6070,-1.7666,0.1446,5.5014
1656,True,Optimization terminated successfully.,2475,3707,7.3228,0,1,-0.5831,-0.8026,-1.0070,1.2627,1.4310,1.2947,1.6890,1.1800
1657,True,Optimization terminated successfully.,2501,3740,15.0499,0,1,-2.0602,-2.2503,-2.4003,4.4220,4.5461,4.4985,3.4285,-3.3823
1658,True,Optimization terminated successfully.,2294,3439,9.7558,1,0,3.4887,3.3688,3.0883,-8.0712,-7.9128,-8.0171,-3.3369,14.4240
1659,True,Optimization terminated successfully.,2384,3585,9.9157,1,0,0.7486,0.6786,0.4114,-1.9931,-1.8752,-2.0400,-0.1560,5.8021
1660,True,Optimization terminated successfully.,2417,3655,14.3209,1,0,3.2093,3.0746,2.8971,-7.6292,-7.4382,-7.5683,-3.1602,13.7512
1661,True,Optimization terminated successfully.,2166,3233,8.5520,0,1,0.2600,0.0967,-0.0962,-0.8012,-0.6549,-0.7897,0.5209,4.0696
1662,True,Optimization terminated successfully.,2525,3802,7.4240,0,1,-0.2153,-0.2669,-0.4628,0.0317,0.1811,0.0259,1.1310,2.9239
1663,True,Optimization terminated successfully.,2236,3336,8.8871,0,1,-1.4738,-1.6850,-1.8447,3.2203,3.3157,3.1398,2.6691,-1.5903
1664,True,Optimization terminated successfully.,2269,3441,4.4615,1,0,3.4355,3.3054,3.1218,-8.0909,-8.0119,-8.0656,-3.4023,14.4911
1665,True,Optimization terminated successfully.,2663,3984,26.1446,1,0,2.9123,2.7651,2.5560,-6.9709,-6.8705,-7.0618,-2.9133,12.8912
1666,True,Optimization terminated successfully.,2434,3604,11.5993,0,1,0.0956,-0.0859,-0.2652,-0.4311,-0.2443,-0.4226,0.7833,3.5501
1667,True,Optimization terminated successfully.,2570,3879,10.8632,0,1,-0.7292,-0.8931,-1.1031,1.4674,1.5729,1.4220,1.7784,0.8919
1668,True,Optimization terminated successfully.,2587,3888,14.3686,1,0,1.0416,0.9488,0.7192,-2.6294,-2.5451,-2.6323,-0.4348,6.7232
1669,True,Optimization terminated successfully.,2495,3749,4.8614,1,0,1.1839,1.0274,0.8581,-3.0232,-2.9621,-3.0543,-0.6606,7.2626
1670,True,Optimization terminated successfully.,2471,3690,15.1304,0,1,-1.4355,-1.6968,-1.7960,3.1443,3.3008,3.1859,2.8100,-1.5350
1671,True,Optimization terminated successfully.,2292,3437,18.5207,0,1,-0.4694,-0.6000,-0.8044,0.7690,0.8965,0.8306,1.5120,1.8514
1672,True,Optimization terminated successfully.,2814,4250,8.3410,0,1,-1.6857,-1.7599,-1.9657,3.5976,3.7008,3.5586,2.9055,-2.0525
1673,True,Optimization terminated successfully.,2362,3549,28.0172,0,1,-0.7733,-0.8463,-1.1422,1.4767,1.5773,1.3986,1.7506,0.9038
1674,True,Optimization terminated successfully.,2509,3754,6.0310,1,0,0.8906,0.6472,0.5427,-2.2220,-2.1498,-2.1971,-0.2942,6.1289
1675,True,Optimization terminated successfully.,2234,3329,11.6523,0,1,-0.2732,-0.4482,-0.5631,0.3299,0.4306,0.3696,1.0843,2.4763
1676,True,Optimization terminated successfully.,2479,3708,18.1522,0,1,-0.9382,-1.0836,-1.3470,2.1124,2.2073,2.0844,2.2980,0.0192
1677,True,Optimization terminated successfully.,2531,3784,8.0435,1,0,1.2403,1.1257,0.8226,-3.1013,-2.9299,-3.0998,-0.7316,7.3692
1678,True,Optimization terminated successfully.,2509,3768,11.7862,1,0,2.6290,2.5445,2.3064,-6.4318,-6.3004,-6.4500,-2.5038,12.0777
1679,True,Optimization terminated successfully.,2398,3564,6.3589,0,1,-2.0843,-2.3130,-2.4711,4.6780,4.7517,4.6704,3.5812,-3.6225
1680,True,Optimization terminated successfully.,2576,3879,4.6851,1,0,-4.2466,-4.4027,-4.6123,9.5433,9.5730,9.4878,6.2863,-10.4926
1681,True,Optimization terminated successfully.,2446,3674,24.6649,1,0,2.0296,1.7639,1.6272,-4.8098,-4.7244,-4.8148,-1.6233,9.8112
1682,True,Optimization terminated successfully.,2472,3712,9.9212,0,1,0.5130,0.3672,0.1275,-1.3189,-1.1935,-1.3253,0.2788,4.8738
1683,True,Optimization terminated successfully.,2446,3689,8.9957,1,0,2.0968,2.0737,1.8255,-5.2080,-5.1300,-5.2340,-1.9539,10.3554
1684,True,Optimization terminated successfully.,2955,4359,17.8260,1,0,0.7198,0.7061,0.3715,-1.9511,-1.8409,-1.9100,0.0248,5.7114
1685,True,Optimization terminated successfully.,3136,4700,15.0381,1,0,-11.4828,-11.6599,-11.7536,26.1226,26.2120,26.1976,15.4822,-34.0537
1686,True,Optimization terminated successfully.,2801,4202,11.3007,1,0,-4.8189,-4.9718,-5.1882,10.9481,11.1074,10.8845,7.1691,-12.5462
1687,True,Optimization terminated successfully.,2678,4030,7.2246,1,0,-5.8969,-5.9844,-6.2537,13.3275,13.3506,13.2953,8.2937,-15.8604
1688,True,Optimization terminated successfully.,2240,3376,22.3112,1,0,2.3300,2.1049,1.9210,-5.4986,-5.3633,-5.4122,-2.0081,10.7668
1689,True,Optimization terminated successfully.,2477,3707,5.9908,1,0,-2.5944,-2.7346,-3.0115,5.8357,5.9433,5.8795,4.2224,-5.3138
1690,True,Optimization terminated successfully.,2351,3497,18.9782,1,0,0.7490,0.5563,0.3658,-1.8955,-1.7896,-1.8940,0.0032,5.6299
1691,True,Optimization terminated successfully.,2695,4048,18.9508,0,1,0.0493,-0.1016,-0.3310,-0.4490,-0.3327,-0.3085,0.6179,3.5271
1692,True,Optimization terminated successfully.,2684,3987,6.9967,1,0,0.7862,0.6487,0.4579,-1.9904,-1.9144,-2.0567,-0.1286,5.8892
1693,True,Optimization terminated successfully.,2692,3997,13.8053,1,0,0.7350,0.5437,0.3252,-1.7018,-1.6639,-1.7820,0.0442,5.4964
1694,True,Optimization terminated successfully.,2270,3406,14.2857,1,0,2.7234,2.5432,2.3178,-6.5216,-6.4319,-6.5083,-2.7352,12.1959
1695,True,Optimization terminated successfully.,2884,4309,23.0831,1,0,1.5771,1.4661,1.2981,-3.8969,-3.8209,-3.9494,-1.2237,8.5804
1696,True,Optimization terminated successfully.,2440,3636,18.6125,0,1,-0.1935,-0.3906,-0.5612,0.2551,0.4069,0.3240,1.1150,2.6399
1697,True,Optimization terminated successfully.,2456,3704,11.2383,0,1,-0.4716,-0.6388,-0.8258,0.9042,0.9907,0.8893,1.3241,1.6741
1698,True,Optimization terminated successfully.,2825,4202,23.4882,0,1,-1.2492,-1.4939,-1.6537,2.6810,2.9070,2.6641,2.5442,-0.8202
1699,True,Optimization terminated successfully.,2366,3564,22.0183,1,0,0.6838,0.5019,0.3232,-1.7830,-1.7450,-1.8032,0.0667,5.5559
1700,True,Optimization terminated successfully.,2321,3533,21.2705,1,0,1.0487,0.8749,0.7461,-2.6186,-2.5789,-2.5873,-0.4671,6.7101
1701,True,Optimization terminated successfully.,2563,3793,19.3333,0,1,-1.3885,-1.5801,-1.8695,3.0913,3.2289,3.1185,2.8243,-1.4876
1702,True,Optimization terminated successfully.,2147,3226,14.5758,0,1,0.5405,0.4165,0.1954,-1.4202,-1.3253,-1.3706,0.3400,4.9921
1703,True,Optimization terminated successfully.,3061,4573,21.9120,1,0,-7.9372,-7.9934,-8.2059,17.8196,17.8821,17.8718,10.9512,-22.2502
1704,True,Optimization terminated successfully.,2195,3313,21.2411,0,1,0.4054,0.2202,0.0933,-1.1364,-1.0007,-1.1399,0.4197,4.5493
1705,True,Optimization terminated successfully.,2550,3821,4.9147,1,0,1.4885,1.3279,1.1120,-3.5294,-3.4381,-3.5690,-0.9141,8.0432
1706,True,Optimization terminated successfully.,2452,3668,12.0831,0,1,-1.0963,-1.2881,-1.5132,2.3294,2.5537,2.3898,2.3117,-0.4578
1707,True,Optimization terminated successfully.,2438,3669,9.1109,1,0,2.9040,2.7866,2.6580,-6.9797,-6.8624,-7.0067,-2.8304,12.9029
1708,True,Optimization terminated successfully.,2457,3675,23.9314,0,1,-0.1606,-0.3220,-0.5776,0.2139,0.2983,0.2363,1.0963,2.6559
1709,True,Optimization terminated successfully.,2433,3597,8.5490,1,0,1.0240,0.9727,0.7982,-2.6610,-2.6298,-2.7313,-0.4036,6.7590
1710,True,Optimization terminated successfully.,2525,3749,24.3937,1,0,0.6156,0.4842,0.2857,-1.6626,-1.4752,-1.6116,0.1941,5.2405
1711,True,Optimization terminated successfully.,2426,3625,33.1113,0,1,0.2209,0.0352,-0.1643,-0.7972,-0.7040,-0.8050,0.5401,4.0720
1712,True,Optimization terminated successfully.,2635,3923,9.9067,1,0,2.2482,2.0832,1.8500,-5.3479,-5.1384,-5.2868,-1.9136,10.5230
1713,True,Optimization terminated successfully.,2380,3616,23.2006,1,0,-2.9212,-3.1041,-3.2315,6.4415,6.6335,6.4700,4.5337,-6.2334
1714,True,Optimization terminated successfully.,2489,3764,15.6832,0,1,-0.8428,-1.0040,-1.2628,1.8372,1.9462,1.8851,2.1715,0.3577
1715,True,Optimization terminated successfully.,2640,3929,10.4727,1,0,-3.4731,-3.4971,-3.7214,7.5544,7.5440,7.4588,5.1268,-7.6835
1716,True,Optimization terminated successfully.,2585,3877,19.2910,1,0,1.2853,1.1212,0.8735,-3.0478,-2.9427,-3.1146,-0.6634,7.2970
1717,True,Optimization terminated successfully.,2738,4083,8.9342,1,0,7.9268,7.7262,7.5215,-18.3533,-18.2032,-18.3015,-9.1314,28.9897
1718,True,Optimization terminated successfully.,2363,3567,23.1776,1,0,7.9035,7.7255,7.5209,-18.1851,-18.0965,-18.2100,-9.0178,28.8003
1719,True,Optimization terminated successfully.,2489,3700,23.8979,1,0,0.8899,0.7309,0.5236,-2.3206,-2.2744,-2.3739,-0.3011,6.3053
1720,True,Optimization terminated successfully.,2449,3659,12.3273,1,0,0.9253,0.7239,0.4963,-2.2486,-2.1184,-2.2660,-0.1143,6.1486
1721,True,Optimization terminated successfully.,2509,3761,17.0103,0,1,-1.7542,-1.8769,-2.0992,3.7666,3.8668,3.7921,3.0379,-2.3475
1722,True,Optimization terminated successfully.,2348,3485,16.2896,1,0,2.3198,2.0884,1.8497,-5.4284,-5.3367,-5.4383,-1.9185,10.6569
1723,True,Optimization terminated successfully.,2590,3879,12.3973,1,0,2.0449,1.8317,1.6404,-4.7287,-4.5949,-4.7748,-1.5589,9.7604
1724,True,Optimization terminated successfully.,2673,3975,8.4459,1,0,1.2398,1.0188,0.8709,-3.0271,-2.8854,-3.0783,-0.7077,7.2911
1725,True,Optimization terminated successfully.,2622,3875,6.0241,0,1,0.2127,0.0589,-0.1238,-0.8860,-0.6833,-0.8238,0.4770,4.1930
1726,True,Optimization terminated successfully.,2779,4159,3.1098,1,0,2.8852,2.7409,2.5210,-6.8881,-6.7777,-6.8536,-2.7968,12.7063
1727,True,Optimization terminated successfully.,2754,4121,14.1693,1,0,0.7613,0.4534,0.3505,-1.8723,-1.8087,-1.9293,-0.1578,5.6769
1728,True,Optimization terminated successfully.,2669,4015,28.7977,1,0,2.4881,2.2870,1.9812,-5.9730,-5.8704,-6.0162,-2.4265,11.4352
1729,True,Optimization terminated successfully.,2327,3497,38.2194,1,0,-3.4259,-3.6869,-3.7788,7.6641,7.8249,7.5771,5.1114,-7.8646
1730,True,Optimization terminated successfully.,2514,3814,9.4028,1,0,3.1615,2.9780,2.8372,-7.4540,-7.3638,-7.4594,-3.1686,13.5839
1731,True,Optimization terminated successfully.,2408,3609,14.2581,1,0,1.1069,0.8611,0.7677,-2.7885,-2.6624,-2.7356,-0.5994,6.8895
1732,True,Optimization terminated successfully.,2475,3732,18.2261,1,0,-2.2764,-2.3981,-2.6228,4.9658,5.1799,4.9685,3.8112,-4.1244
1733,True,Optimization terminated successfully.,2163,3267,7.9305,1,0,3.9294,3.7147,3.5602,-9.0654,-8.9869,-9.1548,-4.1666,15.9088
1734,True,Optimization terminated successfully.,2058,3112,15.9124,1,0,13.2922,13.0386,12.8336,-30.5524,-30.3819,-30.5710,-15.9024,46.2698
1735,True,Optimization terminated successfully.,2256,3394,17.2029,0,1,-0.0623,-0.2378,-0.4304,0.0681,0.1772,0.0980,1.1518,2.8699
1736,True,Optimization terminated successfully.,2162,3264,20.5087,1,0,1.5554,1.3694,1.0962,-3.7965,-3.7473,-3.8852,-1.2573,8.3521
1737,True,Optimization terminated successfully.,2249,3400,6.5345,1,0,0.8295,0.6683,0.4719,-2.0799,-1.9656,-2.1178,-0.1838,5.9529
1738,True,Optimization terminated successfully.,2447,3649,11.0987,1,0,1.3188,1.0278,0.9888,-3.1533,-3.0573,-3.0951,-0.8444,7.4362
1739,True,Optimization terminated successfully.,2482,3730,3.3843,1,0,0.8339,0.6454,0.4515,-2.0387,-1.9308,-2.0719,-0.0352,5.8882
1740,True,Optimization terminated successfully.,3185,4726,7.3179,1,0,0.7294,0.6162,0.3398,-1.8360,-1.7380,-1.8144,0.0970,5.6456
1741,True,Optimization terminated successfully.,2569,3874,34.4243,1,0,22.9772,22.7990,22.5980,-52.9647,-52.8997,-52.9733,-28.3130,78.0235
1742,True,Optimization terminated successfully.,2651,3960,7.9235,1,0,1.4660,1.3483,1.1065,-3.6431,-3.5581,-3.7324,-0.8833,8.1943
1743,True,Optimization terminated successfully.,2540,3791,6.6917,0,1,0.2961,-0.0102,-0.1031,-0.8584,-0.7967,-0.9309,0.4036,4.2187
1744,True,Optimization terminated successfully.,2789,4160,10.3442,0,1,-0.1021,-0.1639,-0.2887,-0.2570,-0.1983,-0.3177,0.8040,3.3566
1745,True,Optimization terminated successfully.,3004,4484,8.9463,1,0,-2.9229,-2.9954,-3.2350,6.3675,6.3807,6.3100,4.4945,-6.0274
1746,True,Optimization terminated successfully.,2294,3481,21.8023,1,0,-3.0935,-3.2066,-3.3472,6.7303,6.7519,6.7135,4.7553,-6.5910
1747,True,Optimization terminated successfully.,2270,3400,18.1048,0,1,0.3949,0.1852,-0.0355,-0.9774,-0.9153,-0.8792,0.5148,4.3459
1748,True,Optimization terminated successfully.,2477,3698,14.1773,0,1,0.3655,0.1892,0.0539,-1.1293,-0.9684,-1.1044,0.4419,4.5173
1749,True,Optimization terminated successfully.,2658,3944,6.8536,0,1,0.1197,-0.0521,-0.2334,-0.4369,-0.3356,-0.4428,0.8419,3.6254
1750,True,Optimization terminated successfully.,2767,4127,18.3699,0,1,0.0049,-0.1707,-0.4209,-0.1883,-0.0170,-0.1993,0.8965,3.2405
1751,True,Optimization terminated successfully.,2857,4264,11.1109,1,0,-3.6447,-3.8149,-3.9432,8.1116,8.1432,8.0770,5.4198,-8.4264
1752,True,Optimization terminated successfully.,2254,3397,19.8981,0,1,-0.1512,-0.3481,-0.5382,0.1975,0.3195,0.1770,1.0677,2.7038
1753,True,Optimization terminated successfully.,2514,3787,29.2163,1,0,1.4402,1.2779,1.0362,-3.4487,-3.3517,-3.4696,-1.0345,7.8258
1754,True,Optimization terminated successfully.,2430,3642,5.3034,1,0,0.5224,0.3881,0.2436,-1.4539,-1.3438,-1.3515,0.1968,5.0184
1755,True,Optimization terminated successfully.,2524,3794,5.0871,1,0,-3.2386,-3.4630,-3.5853,7.3000,7.4074,7.2178,4.9405,-7.2774
1756,True,Optimization terminated successfully.,2788,4182,30.0311,0,1,0.0068,-0.1079,-0.4098,-0.1262,-0.0468,-0.1178,0.8955,3.2069
1757,True,Optimization terminated successfully.,2081,3133,25.6932,0,1,0.4397,0.2448,0.0738,-1.3062,-1.1713,-1.2274,0.2444,4.7355
1758,True,Optimization terminated successfully.,2544,3797,28.9111,1,0,1.6756,1.5074,1.2801,-3.9507,-3.9589,-4.0232,-1.2192,8.7221
1759,True,Optimization terminated successfully.,2660,3976,10.2890,0,1,-0.6132,-0.7193,-1.0514,1.1288,1.2631,1.0612,1.5663,1.3708
1760,True,Optimization terminated successfully.,2346,3554,5.0362,0,1,-0.1014,-0.3011,-0.5238,0.0649,0.1715,0.0015,1.0029,2.8994
1761,True,Optimization terminated successfully.,2240,3354,14.0778,1,0,0.7975,0.5890,0.4418,-2.0046,-1.9089,-2.0016,-0.1449,5.8075
1762,True,Optimization terminated successfully.,2987,4464,25.7021,1,0,14.4943,14.3281,14.1437,-33.5178,-33.4331,-33.5293,-17.5953,50.4384
1763,True,Optimization terminated successfully.,2581,3891,27.2784,1,0,10.4678,10.3013,10.1120,-24.1911,-24.1225,-24.2526,-12.3647,37.2792
1764,True,Optimization terminated successfully.,2577,3846,14.3769,1,0,2.4706,2.2084,2.1122,-5.8436,-5.7613,-5.8155,-2.1798,11.2729
1765,True,Optimization terminated successfully.,2814,4200,7.2434,0,1,0.1347,-0.0479,-0.1427,-0.5193,-0.4492,-0.5350,0.5857,3.7529
1766,True,Optimization terminated successfully.,2754,4129,14.0688,1,0,2.1272,2.0086,1.7617,-5.0781,-4.9881,-5.1086,-1.8161,10.1714
1767,True,Optimization terminated successfully.,2340,3516,22.2974,1,0,2.5000,2.2064,2.0823,-5.8714,-5.7300,-5.7888,-2.3373,11.2556
1768,True,Optimization terminated successfully.,2541,3857,11.9600,1,0,7.0523,6.9840,6.6598,-16.3349,-16.2928,-16.3571,-7.9680,26.1572
1769,True,Optimization terminated successfully.,2466,3661,15.1726,1,0,2.3033,2.1953,1.9589,-5.5953,-5.4228,-5.5693,-2.0397,10.7928
1770,True,Optimization terminated successfully.,2388,3597,17.9536,1,0,1.3127,1.1441,0.9114,-3.2268,-3.0654,-3.1220,-0.8252,7.4948
1771,True,Optimization terminated successfully.,2719,4064,22.6951,1,0,2.8780,2.7637,2.5632,-6.9304,-6.7854,-6.9499,-2.8115,12.8246
1772,True,Optimization terminated successfully.,2466,3659,13.0826,1,0,0.6674,0.5151,0.3881,-1.9842,-1.8937,-1.9687,-0.2332,5.7585
1773,True,Optimization terminated successfully.,2335,3513,20.0831,1,0,2.0278,1.8929,1.7700,-4.8547,-4.8412,-4.9276,-1.8026,9.9435
1774,True,Optimization terminated successfully.,2757,4107,10.1158,0,1,-1.5658,-1.6756,-1.9049,3.5204,3.5938,3.4762,3.0023,-1.9340
1775,True,Optimization terminated successfully.,2390,3594,9.9579,1,0,-2.6568,-2.7746,-3.0084,5.8336,5.8848,5.8059,4.1417,-5.2899
1776,True,Optimization terminated successfully.,2760,4105,6.0033,1,0,3.4047,3.2550,3.0151,-8.0783,-8.0118,-8.0986,-3.4396,14.4247
1777,True,Optimization terminated successfully.,2524,3778,19.6625,0,1,-0.2579,-0.3343,-0.5528,0.2755,0.4416,0.3065,1.2463,2.5031
1778,True,Optimization terminated successfully.,2496,3728,19.9308,1,0,0.9158,0.8033,0.5787,-2.3802,-2.2477,-2.3774,-0.2464,6.3280
1779,True,Optimization terminated successfully.,2636,3953,17.0415,1,0,2.1357,2.0180,1.8214,-5.1925,-5.0480,-5.1131,-1.8115,10.3576
1780,True,Optimization terminated successfully.,2518,3796,13.2093,1,0,1.3914,1.1205,0.9563,-3.3175,-3.2189,-3.3480,-0.8409,7.7113
1781,True,Optimization terminated successfully.,2910,4353,5.9010,1,0,-5.2640,-5.3952,-5.5965,11.8680,11.8781,11.7382,7.5111,-13.7608
1782,True,Optimization terminated successfully.,2939,4354,14.5010,1,0,2.5741,2.4468,2.2475,-6.2922,-6.1906,-6.3267,-2.5555,11.9107
1783,True,Optimization terminated successfully.,2172,3274,15.2890,1,0,1.7482,1.5529,1.4428,-4.1931,-4.1214,-4.2010,-1.3257,8.9805
1784,True,Optimization terminated successfully.,2555,3831,6.7016,0,1,-0.1510,-0.3457,-0.5201,0.1220,0.2163,0.1270,0.8726,2.7625
1785,True,Optimization terminated successfully.,2648,3998,24.5656,1,0,7.2322,6.9696,6.8284,-16.7122,-16.5820,-16.6374,-8.2152,26.6714
1786,True,Optimization terminated successfully.,2699,4030,17.2464,0,1,-0.1741,-0.3697,-0.4970,0.1870,0.2630,0.1678,1.1795,2.7250
1787,True,Optimization terminated successfully.,2835,4206,7.2760,1,0,-2.8053,-2.9795,-3.1644,6.1378,6.3975,6.1955,4.4885,-5.8161
1788,True,Optimization terminated successfully.,2208,3306,15.4063,0,1,0.3147,0.1895,0.0112,-0.7918,-0.7346,-0.9089,0.6588,4.1792
1789,True,Optimization terminated successfully.,2697,4014,7.1907,0,1,-0.6555,-0.7879,-1.0058,1.2483,1.3242,1.1827,1.5592,1.2873
1790,True,Optimization terminated successfully.,2384,3547,12.6241,0,1,-0.5797,-0.7938,-1.0280,1.1822,1.3161,1.1971,1.6864,1.2445
1791,True,Optimization terminated successfully.,2204,3319,13.1707,1,0,1.8210,1.6818,1.4526,-4.3270,-4.2419,-4.3815,-1.3188,9.1022
1792,True,Optimization terminated successfully.,2103,3188,5.1196,0,1,-0.5883,-0.6620,-0.8098,0.9244,1.1274,0.9426,1.5006,1.5966
1793,True,Optimization terminated successfully.,2768,4135,21.1589,1,0,15.9919,15.8906,15.7123,-36.9835,-36.9283,-36.9826,-19.4222,55.4262
1794,True,Optimization terminated successfully.,2682,3978,19.7007,0,1,-1.2827,-1.4883,-1.6493,2.7504,2.9628,2.8016,2.5333,-0.9229
1795,True,Optimization terminated successfully.,2889,4293,7.5469,1,0,-3.7667,-3.9304,-4.0488,8.3995,8.5550,8.3765,5.6821,-8.9150
1796,True,Optimization terminated successfully.,2521,3765,21.7829,0,1,-1.1888,-1.3103,-1.5291,2.4451,2.5207,2.4133,2.2835,-0.4507
1797,True,Optimization terminated successfully.,2675,3963,9.0558,1,0,-4.5305,-4.7595,-5.0323,10.3213,10.4370,10.3120,6.6580,-11.6862
1798,True,Optimization terminated successfully.,2067,3107,16.3886,1,0,0.6383,0.5602,0.3980,-1.7517,-1.6897,-1.8029,0.1716,5.4860
1799,True,Optimization terminated successfully.,2484,3716,10.9665,0,1,-1.5581,-1.7774,-1.9565,3.3967,3.5114,3.3712,2.8548,-1.8376
1800,True,Optimization terminated successfully.,2334,3497,15.0913,1,0,2.6047,2.4628,2.2608,-6.1175,-6.0108,-6.1618,-2.2437,11.7140
1801,True,Optimization terminated successfully.,2401,3593,19.8100,1,0,0.6983,0.4745,0.2685,-1.5702,-1.4445,-1.5860,0.1141,5.2654
1802,True,Optimization terminated successfully.,2552,3792,12.8109,1,0,1.3251,1.1999,1.0097,-3.3146,-3.2246,-3.2877,-0.9195,7.6879
1803,True,Optimization terminated successfully.,2626,3907,11.0462,0,1,-1.5398,-1.7831,-1.9403,3.4532,3.5464,3.4455,2.8671,-1.8647
1804,True,Optimization terminated successfully.,2419,3638,24.2581,1,0,2.3973,2.1062,2.0470,-5.7628,-5.5474,-5.6439,-2.1952,10.9989
1805,True,Optimization terminated successfully.,2465,3678,13.6561,1,0,1.3572,1.1935,1.0176,-3.3599,-3.2558,-3.2967,-0.9716,7.7476
1806,True,Optimization terminated successfully.,2581,3870,21.3973,1,0,1.6582,1.5222,1.3460,-4.0425,-3.9210,-4.0799,-1.3097,8.6686
1807,True,Optimization terminated successfully.,2211,3306,16.9860,1,0,1.4828,1.3534,1.1449,-3.5254,-3.4323,-3.5385,-0.8812,7.9740
1808,True,Optimization terminated successfully.,2530,3758,9.6199,1,0,0.6012,0.3752,0.1923,-1.4745,-1.3599,-1.4774,0.2070,5.0907
1809,True,Optimization terminated successfully.,2290,3444,23.6884,0,1,0.0855,-0.0593,-0.2205,-0.5195,-0.4537,-0.5475,0.6228,3.7171
1810,True,Optimization terminated successfully.,2861,4299,9.1892,1,0,1.9393,1.7592,1.4694,-4.4302,-4.3915,-4.5595,-1.3133,9.3600
1811,True,Optimization terminated successfully.,2871,4284,9.5143,1,0,6.1455,6.0881,5.7868,-14.3826,-14.2148,-14.3253,-6.9124,23.2636
1812,True,Optimization terminated successfully.,2767,4135,5.2284,1,0,1.2113,1.0501,0.8357,-3.0062,-2.8992,-3.0362,-0.6044,7.3041
1813,True,Optimization terminated successfully.,2118,3178,19.1072,0,1,0.0522,-0.1204,-0.2616,-0.2585,-0.1322,-0.2676,0.9866,3.3527
1814,True,Optimization terminated successfully.,2566,3893,5.4443,1,0,-5.6852,-5.8026,-6.0377,12.6752,12.7982,12.7525,8.0018,-15.0660
1815,True,Optimization terminated successfully.,2440,3606,8.7922,0,1,-0.0624,-0.2778,-0.4377,-0.0419,-0.0011,-0.0429,0.9661,3.0608
1816,True,Optimization terminated successfully.,2523,3824,6.7658,1,0,-8.9804,-9.1086,-9.3701,20.3954,20.5237,20.4717,12.2231,-25.9520
1817,True,Optimization terminated successfully.,2511,3775,11.2796,1,0,1.2940,1.1575,0.9141,-3.2965,-3.1707,-3.3135,-0.9049,7.6450
1818,True,Optimization terminated successfully.,2425,3630,8.7782,1,0,0.7076,0.4872,0.4266,-1.8937,-1.6947,-1.8943,0.0125,5.6027
1819,True,Optimization terminated successfully.,2743,4067,14.4784,1,0,3.1439,3.0003,2.7688,-7.4228,-7.2957,-7.4459,-3.1352,13.5065
1820,True,Optimization terminated successfully.,2208,3324,12.8838,0,1,0.4882,0.2754,0.1461,-1.4479,-1.3049,-1.3635,0.2887,4.9295
1821,True,Optimization terminated successfully.,2363,3569,8.6875,1,0,4.6011,4.4974,4.3210,-10.9411,-10.8893,-10.9871,-5.1611,18.5177
1822,True,Optimization terminated successfully.,2314,3453,3.0857,1,0,0.8636,0.6367,0.4291,-2.1887,-2.0953,-2.1088,-0.3393,6.0289
1823,True,Optimization terminated successfully.,2443,3662,18.6597,0,1,-0.1834,-0.3576,-0.5541,0.2295,0.3010,0.1710,1.1643,2.6633
1824,True,Optimization terminated successfully.,2586,3881,16.1961,0,1,-0.3944,-0.5366,-0.7520,0.6249,0.7507,0.6822,1.4043,2.0370
1825,True,Optimization terminated successfully.,2420,3662,22.2672,1,0,4.3410,4.1245,4.0121,-10.0101,-9.9533,-10.0368,-4.4693,17.2604
1826,True,Optimization terminated successfully.,2223,3339,7.2892,0,1,-1.6830,-1.7373,-1.9589,3.5546,3.7125,3.6246,2.9715,-2.1005
1827,True,Optimization terminated successfully.,2267,3414,10.0962,1,0,2.4496,2.2165,2.0419,-5.7273,-5.5360,-5.6898,-2.1283,11.0089
1828,True,Optimization terminated successfully.,2758,4149,19.2977,0,1,-1.7347,-1.9509,-2.0970,3.7983,3.8532,3.8009,3.0344,-2.4363
1829,True,Optimization terminated successfully.,2872,4285,7.0380,1,0,0.8983,0.7695,0.5797,-2.2961,-2.2024,-2.3666,-0.3309,6.2950
1830,True,Optimization terminated successfully.,3069,4551,23.4065,0,1,-1.7150,-1.8806,-2.0782,3.6285,3.7886,3.6906,3.0388,-2.2316
1831,True,Optimization terminated successfully.,2511,3751,11.6871,0,1,-0.3108,-0.4473,-0.7396,0.4848,0.6365,0.4429,1.3422,2.2859
1832,True,Optimization terminated successfully.,2367,3550,12.0477,0,1,0.0040,-0.1300,-0.3352,-0.3060,-0.1752,-0.2774,0.8920,3.3613
1833,True,Optimization terminated successfully.,2596,3860,11.2853,1,0,-3.4608,-3.6641,-3.9311,7.7748,7.9340,7.7799,5.3552,-8.0749
1834,True,Optimization terminated successfully.,2541,3834,29.8689,1,0,3.2045,3.0216,2.8186,-7.4642,-7.3896,-7.4489,-3.1182,13.6030
1835,True,Optimization terminated successfully.,2774,4148,16.6451,1,0,3.4405,3.2351,3.0701,-8.0622,-8.0024,-8.0944,-3.4244,14.4748
1836,True,Optimization terminated successfully.,2486,3725,8.0786,0,1,-1.1265,-1.2327,-1.5371,2.4209,2.4902,2.4122,2.2899,-0.4288
1837,True,Optimization terminated successfully.,2700,4025,9.8333,1,0,0.6775,0.3994,0.2118,-1.6167,-1.4932,-1.6208,0.1627,5.2594
1838,True,Optimization terminated successfully.,2477,3732,14.5793,0,1,-0.4253,-0.6221,-0.8485,0.7857,0.9985,0.8488,1.6008,1.7901
1839,True,Optimization terminated successfully.,2439,3605,15.2227,1,0,0.7749,0.6648,0.3982,-2.0991,-1.9902,-2.0577,-0.2448,5.9212
1840,True,Optimization terminated successfully.,2794,4133,7.8349,1,0,0.7664,0.5712,0.4143,-2.0276,-1.8757,-1.9686,-0.0906,5.8674
1841,True,Optimization terminated successfully.,2781,4148,14.4658,0,1,-0.2183,-0.3813,-0.5772,0.2296,0.4133,0.2656,1.1875,2.6042
1842,True,Optimization terminated successfully.,2617,3901,26.5423,1,0,1.9499,1.7971,1.6222,-4.6716,-4.5646,-4.6227,-1.5244,9.5662
1843,True,Optimization terminated successfully.,2624,3970,18.7752,0,1,0.4959,0.2670,0.0995,-1.3148,-1.1720,-1.2906,0.2635,4.8428
1844,True,Optimization terminated successfully.,2445,3688,34.9357,1,0,1.3159,1.1776,0.9731,-3.2887,-3.0628,-3.2935,-0.7057,7.6484
1845,True,Optimization terminated successfully.,2236,3337,7.4146,0,1,-1.7154,-1.8127,-2.0713,3.6548,3.7601,3.5898,2.9778,-2.2042
1846,True,Optimization terminated successfully.,2263,3400,6.4145,1,0,1.1662,1.0538,0.8569,-2.9595,-2.7852,-2.9980,-0.6266,7.1358
1847,True,Optimization terminated successfully.,2367,3547,12.5945,0,1,-0.3357,-0.5419,-0.7326,0.6856,0.7804,0.6723,1.4985,2.0406
1848,True,Optimization terminated successfully.,2394,3635,9.8487,0,1,0.0449,-0.0735,-0.2900,-0.2143,-0.0908,-0.2824,0.9726,3.2752
1849,True,Optimization terminated successfully.,2499,3734,11.6999,0,1,-2.1030,-2.1691,-2.4217,4.5426,4.6326,4.5559,3.4806,-3.4906
1850,True,Optimization terminated successfully.,2382,3573,17.6926,0,1,-0.1353,-0.3171,-0.5236,0.1439,0.2432,0.0921,1.0952,2.8055
1851,True,Optimization terminated successfully.,2260,3397,11.4110,0,1,0.2369,0.0733,-0.1056,-0.8089,-0.7194,-0.8866,0.4630,4.1560
1852,True,Optimization terminated successfully.,2352,3517,19.4828,1,0,0.9197,0.7959,0.5249,-2.2851,-2.1140,-2.3165,-0.1810,6.1621
1853,True,Optimization terminated successfully.,2670,4040,27.2080,1,0,29.4565,29.3140,29.1604,-67.8498,-67.7329,-67.8588,-36.5389,99.1529
1854,True,Optimization terminated successfully.,2873,4275,10.4407,1,0,1.4191,1.2162,1.0654,-3.4088,-3.3795,-3.4684,-0.9864,7.8843
1855,True,Optimization terminated successfully.,2593,3930,11.9968,0,1,0.2648,0.1868,-0.0580,-0.9307,-0.9085,-1.0001,0.4061,4.3590
1856,True,Optimization terminated successfully.,2664,3983,17.2696,1,0,1.5265,1.3597,1.1925,-3.7145,-3.6007,-3.6635,-1.0692,8.2462
1857,True,Optimization terminated successfully.,2198,3307,8.3630,0,1,-0.0205,-0.2049,-0.4273,-0.1186,0.0133,-0.0596,0.9095,3.1045
1858,True,Optimization terminated successfully.,2409,3577,8.5168,1,0,1.4519,1.2576,1.0486,-3.5561,-3.3458,-3.5584,-1.0151,7.9323
1859,True,Optimization terminated successfully.,2951,4437,11.5533,1,0,-10.5445,-10.6520,-10.8318,23.9142,23.9498,23.9081,14.1552,-30.8338
1860,True,Optimization terminated successfully.,2448,3629,18.5838,1,0,1.1798,0.8854,0.7658,-2.7806,-2.6719,-2.7732,-0.6347,6.9264
1861,True,Optimization terminated successfully.,2732,4080,6.7631,1,0,-7.1743,-7.4088,-7.6877,16.3866,16.4668,16.4168,10.0637,-20.2475
1862,True,Optimization terminated successfully.,2532,3784,10.3027,0,1,-1.0277,-1.2074,-1.4914,2.1586,2.2060,2.1126,2.0826,-0.1180
1863,True,Optimization terminated successfully.,2516,3751,7.1224,0,1,0.2406,0.0229,-0.1648,-0.6292,-0.5013,-0.6841,0.7078,3.9453
1864,True,Optimization terminated successfully.,2791,4203,12.8041,1,0,-3.9279,-3.9919,-4.2253,8.6861,8.7675,8.6868,5.8344,-9.3547
1865,True,Optimization terminated successfully.,2441,3690,18.1143,1,0,-4.3635,-4.5757,-4.7920,9.7680,9.9618,9.8167,6.4395,-10.9122
1866,True,Optimization terminated successfully.,2437,3658,20.6756,1,0,0.9776,0.8119,0.5720,-2.3691,-2.2806,-2.3723,-0.2584,6.3576
1867,True,Optimization terminated successfully.,2433,3649,18.0982,0,1,0.0889,-0.1409,-0.3760,-0.2841,-0.0820,-0.2213,0.7782,3.3351
1868,True,Optimization terminated successfully.,3244,4856,9.4834,0,1,-0.5791,-0.7914,-0.9818,1.0345,1.1556,1.0382,1.6374,1.5319
1869,True,Optimization terminated successfully.,2771,4136,11.8927,1,0,0.6525,0.4664,0.3422,-1.8020,-1.6653,-1.8745,-0.1418,5.5652
1870,True,Optimization terminated successfully.,2178,3294,15.4853,1,0,1.3517,1.2218,0.9954,-3.2279,-3.1398,-3.1606,-0.7217,7.5576
1871,True,Optimization terminated successfully.,2581,3850,13.9653,0,1,-1.8555,-2.0274,-2.1753,3.9080,3.9947,3.8453,3.1869,-2.5416
1872,True,Optimization terminated successfully.,2667,4013,13.4512,0,1,-1.1249,-1.2252,-1.4291,2.3076,2.2903,2.2057,2.2643,-0.1668
1873,True,Optimization terminated successfully.,3093,4622,32.7698,1,0,0.7311,0.5319,0.3611,-1.8609,-1.7769,-1.8925,-0.0791,5.6624
1874,True,Optimization terminated successfully.,2198,3306,14.0654,0,1,0.4171,0.2862,0.0683,-1.2868,-1.2189,-1.2403,0.2107,4.7621
1875,True,Optimization terminated successfully.,2847,4258,16.5496,0,1,-0.7050,-0.9713,-1.1057,1.5090,1.6256,1.5103,1.9714,0.8073
1876,True,Optimization terminated successfully.,2104,3164,41.8779,1,0,6.0499,5.9707,5.7617,-14.2482,-14.1497,-14.2843,-6.9584,23.1802
1877,True,Optimization terminated successfully.,2113,3200,26.1906,1,0,1.8514,1.7410,1.5187,-4.4710,-4.3881,-4.4701,-1.5112,9.3722
1878,True,Optimization terminated successfully.,2581,3903,9.8343,1,0,1.0781,0.8250,0.6613,-2.6706,-2.5517,-2.5765,-0.4679,6.7644
1879,True,Optimization terminated successfully.,2162,3233,30.1647,1,0,0.5388,0.4242,0.2483,-1.5408,-1.4467,-1.4906,0.1498,5.0917
1880,True,Optimization terminated successfully.,2668,3997,12.4583,1,0,-11.1434,-11.2619,-11.4495,25.2304,25.3471,25.2600,15.0163,-32.7805
1881,True,Optimization terminated successfully.,2485,3728,9.2098,1,0,1.3352,1.0926,0.8902,-3.1355,-2.9545,-3.1021,-0.6535,7.3597
1882,True,Optimization terminated successfully.,2221,3364,14.2614,1,0,7.4164,7.1724,7.0378,-17.0911,-16.9582,-17.1401,-8.4105,27.2115
1883,True,Optimization terminated successfully.,2526,3784,15.8591,1,0,1.1652,1.0086,0.8858,-2.8902,-2.8157,-2.9476,-0.7021,7.1456
1884,True,Optimization terminated successfully.,2329,3467,16.7044,1,0,0.8770,0.6906,0.4118,-2.1330,-1.9582,-2.1315,-0.1354,5.9710
1885,True,Optimization terminated successfully.,2392,3617,6.8286,1,0,2.2755,2.1405,1.8788,-5.3812,-5.2195,-5.3461,-1.8661,10.6440
1886,True,Optimization terminated successfully.,2009,3053,14.5574,0,1,-2.1108,-2.2590,-2.5624,4.6672,4.7314,4.6720,3.4912,-3.6557
1887,True,Optimization terminated successfully.,2521,3757,20.4924,1,0,-3.1110,-3.2583,-3.5287,6.9536,7.0305,6.8955,4.7567,-6.8435
1888,True,Optimization terminated successfully.,2605,3904,8.0318,0,1,0.3952,0.1683,-0.0244,-1.0869,-1.0295,-1.0812,0.3034,4.5324
1889,True,Optimization terminated successfully.,2730,4073,20.6901,0,1,0.2279,0.1350,-0.0933,-0.8262,-0.7798,-0.8153,0.4441,4.1681
1890,True,Optimization terminated successfully.,2688,4031,19.8831,1,0,3.2901,3.0674,2.9578,-7.8787,-7.6336,-7.8271,-3.4003,14.0221
1891,True,Optimization terminated successfully.,2666,4006,18.6399,1,0,3.7464,3.6167,3.4365,-8.9419,-8.8089,-8.9290,-3.9547,15.5789
1892,True,Optimization terminated successfully.,2506,3780,22.0855,1,0,2.7551,2.6586,2.5486,-6.7102,-6.6794,-6.6809,-2.7564,12.4900
1893,True,Optimization terminated successfully.,2064,3097,12.8068,0,1,-1.0455,-1.1554,-1.3599,2.1141,2.1438,2.0803,2.0416,-0.0025
1894,True,Optimization terminated successfully.,2303,3458,10.3160,0,1,0.1177,0.0026,-0.3145,-0.5215,-0.3640,-0.5158,0.7396,3.6356
1895,True,Optimization terminated successfully.,2084,3162,9.0539,1,0,-2.6006,-2.8257,-3.0512,5.9115,5.9793,5.8790,4.2466,-5.3601
1896,True,Optimization terminated successfully.,2687,3995,17.4444,1,0,1.6779,1.5668,1.3359,-4.1151,-3.9582,-4.1624,-1.2639,8.7738
1897,True,Optimization terminated successfully.,2542,3831,9.4288,1,0,1.8838,1.7557,1.5279,-4.5471,-4.4226,-4.4184,-1.5011,9.3307
1898,True,Optimization terminated successfully.,2809,4205,24.1813,1,0,4.5931,4.4987,4.3440,-10.8950,-10.7854,-10.9674,-5.0848,18.4335
1899,True,Optimization terminated successfully.,2693,4042,6.0185,1,0,0.6349,0.5449,0.2646,-1.7922,-1.6727,-1.8384,-0.0206,5.5844
1900,True,Optimization terminated successfully.,2582,3837,10.9687,0,1,0.0616,-0.1207,-0.2390,-0.3766,-0.2252,-0.3485,0.7896,3.4962
1901,True,Optimization terminated successfully.,2506,3745,19.8420,1,0,6.3475,6.2493,6.0865,-14.9616,-14.8542,-14.8793,-7.3912,24.1596
1902,True,Optimization terminated successfully.,2277,3406,3.2035,0,1,0.2734,0.1402,-0.0845,-0.8231,-0.7301,-0.7981,0.4824,4.1324
1903,True,Optimization terminated successfully.,2288,3456,15.9286,1,0,3.7972,3.6068,3.4371,-8.8245,-8.7812,-8.9300,-3.9112,15.5810
1904,True,Optimization terminated successfully.,2559,3801,14.3052,1,0,0.8858,0.8033,0.7064,-2.4569,-2.3651,-2.4973,-0.4572,6.4987
1905,True,Optimization terminated successfully.,2669,4018,11.4950,1,0,-4.5355,-4.6755,-4.9131,10.2536,10.3573,10.2080,6.6496,-11.5068
1906,True,Optimization terminated successfully.,3095,4631,23.6321,1,0,2.8348,2.6429,2.5050,-6.7642,-6.6608,-6.7715,-2.7620,12.5733
1907,True,Optimization terminated successfully.,2740,4099,9.2714,1,0,0.6841,0.4756,0.2962,-1.7591,-1.7789,-1.8436,-0.0405,5.5662
1908,True,Optimization terminated successfully.,2524,3781,4.9629,1,0,-2.2932,-2.4459,-2.6816,5.1773,5.2555,5.1897,3.8806,-4.3852
1909,True,Optimization terminated successfully.,2562,3868,24.1434,1,0,12.3412,12.2035,11.8507,-28.3370,-28.2406,-28.3895,-14.6918,43.1595
1910,True,Optimization terminated successfully.,3007,4505,10.3599,1,0,-5.8136,-5.8937,-6.1433,13.0010,13.0757,12.9548,8.2332,-15.4342
1911,True,Optimization terminated successfully.,2353,3529,13.6408,0,1,-1.3424,-1.6312,-1.6654,2.9883,3.1167,2.9656,2.6137,-1.2375
1912,True,Optimization terminated successfully.,2355,3516,12.9647,0,1,-1.7172,-1.8203,-2.1057,3.7355,3.8260,3.7707,3.1680,-2.3534
1913,True,Optimization terminated successfully.,2485,3750,32.5800,1,0,1.0857,0.9403,0.6592,-2.6785,-2.4672,-2.6507,-0.3762,6.7211
1914,True,Optimization terminated successfully.,2396,3609,6.6003,0,1,0.1884,0.0420,-0.2073,-0.4735,-0.4421,-0.5785,0.6243,3.7641
1915,True,Optimization terminated successfully.,2591,3870,21.7536,1,0,1.9321,1.7067,1.5433,-4.5360,-4.4013,-4.4866,-1.4176,9.3442
1916,True,Optimization terminated successfully.,2393,3559,13.0377,1,0,3.9612,3.7603,3.5561,-9.1954,-9.0641,-9.1639,-4.0943,16.0454
1917,True,Optimization terminated successfully.,2246,3341,12.0136,1,0,1.0122,0.8499,0.6974,-2.5686,-2.5077,-2.6706,-0.3748,6.6883
1918,True,Optimization terminated successfully.,2156,3239,6.7032,1,0,1.7031,1.5788,1.3678,-4.1578,-4.0392,-4.2034,-1.4085,8.8595
1919,True,Optimization terminated successfully.,2359,3544,15.2036,0,1,-0.3382,-0.4877,-0.6745,0.6062,0.5919,0.4938,1.2366,2.1970
1920,True,Optimization terminated successfully.,2258,3437,17.2432,1,0,1.5940,1.4568,1.3014,-4.0815,-3.8979,-4.0312,-1.2539,8.6609
1921,True,Optimization terminated successfully.,2269,3394,7.1557,1,0,1.7443,1.5904,1.3861,-4.1650,-4.1215,-4.1675,-1.3139,8.9046
1922,True,Optimization terminated successfully.,2527,3757,19.1155,1,0,1.4368,1.4370,1.1970,-3.7844,-3.6819,-3.7929,-1.2424,8.3600
1923,True,Optimization terminated successfully.,2474,3647,20.4042,0,1,-0.1731,-0.3564,-0.5395,0.1958,0.3107,0.1900,1.0245,2.6660
1924,True,Optimization terminated successfully.,2722,4061,8.6502,1,0,4.6351,4.6240,4.3724,-11.1168,-10.9898,-11.0825,-5.2789,18.7025
1925,True,Optimization terminated successfully.,2323,3511,11.8579,1,0,3.2224,3.0361,2.8745,-7.6471,-7.5454,-7.6030,-3.1953,13.7736
1926,True,Optimization terminated successfully.,2437,3630,6.3041,0,1,-0.1771,-0.3148,-0.5085,-0.0248,0.2242,0.0823,0.9093,2.8777
1927,True,Optimization terminated successfully.,2375,3558,3.1888,1,0,0.7080,0.6234,0.4490,-1.9699,-1.8919,-1.9775,-0.0973,5.8023
1928,True,Optimization terminated successfully.,2471,3659,8.4413,0,1,0.1810,0.0617,-0.1234,-0.6515,-0.5535,-0.6878,0.6535,3.9441
1929,True,Optimization terminated successfully.,2348,3505,33.6054,1,0,1.7031,1.5798,1.3654,-4.0875,-4.0384,-4.1414,-1.2863,8.8144
1930,True,Optimization terminated successfully.,2034,3082,9.8209,1,0,1.3850,1.2241,1.0503,-3.2599,-3.2087,-3.3486,-0.7720,7.6714
1931,True,Optimization terminated successfully.,2689,4025,40.5174,1,0,4.9007,4.7530,4.5181,-11.4467,-11.3487,-11.4738,-5.2813,19.2124
1932,True,Optimization terminated successfully.,2521,3740,11.6847,1,0,1.1311,0.9404,0.7656,-2.8511,-2.7817,-2.8660,-0.5596,7.0586
1933,True,Optimization terminated successfully.,2287,3439,13.0492,0,1,-0.4931,-0.7410,-0.9254,1.0778,1.1579,1.0199,1.6392,1.5188
1934,True,Optimization terminated successfully.,2878,4353,10.8933,1,0,-11.6429,-11.8596,-11.9855,26.4682,26.6041,26.4899,15.6199,-34.5315
1935,True,Optimization terminated successfully.,2490,3772,21.9848,1,0,22.8640,22.6930,22.5268,-52.5881,-52.5191,-52.7104,-28.0788,77.5679
1936,True,Optimization terminated successfully.,2292,3432,5.5625,1,0,1.4886,1.3331,1.2376,-3.7644,-3.6536,-3.7470,-1.1202,8.3346
1937,True,Optimization terminated successfully.,2440,3665,17.8857,1,0,5.7274,5.5594,5.3660,-13.2867,-13.1898,-13.3777,-6.3302,21.8444
1938,True,Optimization terminated successfully.,2160,3240,16.9243,1,0,1.1024,0.8856,0.6509,-2.7285,-2.6480,-2.7113,-0.5775,6.7945
1939,True,Optimization terminated successfully.,2263,3378,9.3919,1,0,0.8045,0.5963,0.4419,-2.0814,-1.9846,-2.0473,-0.1880,5.9125
1940,True,Optimization terminated successfully.,2720,4094,7.6033,1,0,0.8556,0.6773,0.4466,-2.0414,-1.9524,-2.0768,-0.1635,5.9624
1941,True,Optimization terminated successfully.,2618,3930,20.5091,1,0,3.2705,3.1338,2.8885,-7.7384,-7.6189,-7.6966,-3.1992,13.9161
1942,True,Optimization terminated successfully.,2888,4314,12.6441,1,0,16.2618,16.0516,15.8101,-37.3438,-37.1980,-37.3201,-19.4920,55.8508
1943,True,Optimization terminated successfully.,2314,3488,3.8064,1,0,1.6158,1.4073,1.2174,-3.8687,-3.7246,-3.8943,-0.9845,8.4791
1944,True,Optimization terminated successfully.,2456,3660,7.8802,1,0,1.9191,1.7810,1.5585,-4.5992,-4.5328,-4.6150,-1.6049,9.5618
1945,True,Optimization terminated successfully.,2243,3392,11.1518,0,1,-0.4746,-0.5447,-0.8170,0.7235,0.9373,0.7063,1.3673,1.9171
1946,True,Optimization terminated successfully.,2662,3982,18.0282,1,0,1.3876,1.1947,0.9859,-3.3689,-3.2277,-3.3723,-0.9289,7.7498
1947,True,Optimization terminated successfully.,2655,3972,10.6094,0,1,-0.4154,-0.6342,-0.6932,0.6946,0.7917,0.6990,1.3720,2.0169
1948,True,Optimization terminated successfully.,2602,3863,5.3407,1,0,2.2102,2.0151,1.8436,-5.2447,-5.2369,-5.3106,-1.9517,10.4684
1949,True,Optimization terminated successfully.,2461,3715,3.7021,1,0,-5.0682,-5.2520,-5.4615,11.5476,11.6310,11.5134,7.4288,-13.3326
1950,True,Optimization terminated successfully.,2445,3699,4.5411,1,0,-16.4127,-16.5961,-16.8267,37.4549,37.6142,37.5123,21.6494,-50.1179
1951,True,Optimization terminated successfully.,2578,3814,29.5534,1,0,1.2951,1.0942,0.8941,-3.1117,-3.0166,-3.1682,-0.6848,7.3860
1952,True,Optimization terminated successfully.,3083,4581,18.9157,1,0,-3.1566,-3.3782,-3.5091,7.0631,7.2092,7.0815,4.9516,-7.0627
1953,True,Optimization terminated successfully.,2623,3923,13.4239,1,0,2.4460,2.2219,2.0376,-5.7604,-5.6790,-5.7902,-2.2272,11.1673
1954,True,Optimization terminated successfully.,2285,3477,17.9599,1,0,1.5280,1.3869,1.2200,-3.5567,-3.5599,-3.6188,-0.8853,8.1068
1955,True,Optimization terminated successfully.,2455,3695,8.8988,1,0,-3.5790,-3.7191,-3.8542,7.8979,8.1328,8.0064,5.4802,-8.3192
1956,True,Optimization terminated successfully.,2689,4028,12.5763,1,0,1.8743,1.7297,1.5250,-4.4828,-4.4276,-4.5698,-1.4598,9.4215
1957,True,Optimization terminated successfully.,2448,3648,15.1593,0,1,-0.3920,-0.5314,-0.6959,0.6243,0.7343,0.6016,1.2807,2.0568
1958,True,Optimization terminated successfully.,2597,3865,37.4857,1,0,7.5222,7.4553,7.2625,-17.5975,-17.4682,-17.6505,-8.7446,27.9592
1959,True,Optimization terminated successfully.,2646,3963,6.8209,1,0,2.4089,2.1903,1.9977,-5.7127,-5.6525,-5.7176,-2.1458,11.0765
1960,True,Optimization terminated successfully.,2663,3939,6.4753,0,1,0.1555,0.0312,-0.1911,-0.6529,-0.5927,-0.7129,0.6287,3.9779
1961,True,Optimization terminated successfully.,2532,3775,17.7577,0,1,0.0367,-0.0574,-0.3279,-0.3671,-0.1813,-0.3242,0.8516,3.4942
1962,True,Optimization terminated successfully.,2577,3897,8.8207,1,0,2.1031,1.8483,1.7787,-5.0395,-4.9474,-5.0277,-1.8619,10.1322
1963,True,Optimization terminated successfully.,2105,3143,23.4497,1,0,-2.7746,-3.0306,-3.1900,6.2500,6.3526,6.3014,4.3900,-5.8960
1964,True,Optimization terminated successfully.,2356,3531,32.7179,1,0,4.8532,4.6036,4.4068,-11.2625,-11.0696,-11.2771,-5.1716,18.9021
1965,True,Optimization terminated successfully.,1731,2656,16.8872,1,0,0.6216,0.5315,0.3750,-1.8090,-1.7483,-1.8591,0.1300,5.5851
1966,True,Optimization terminated successfully.,2760,4111,18.5206,1,0,1.5728,1.4375,1.2764,-4.0281,-3.8865,-4.1167,-1.3670,8.6113
1967,True,Optimization terminated successfully.,2310,3505,24.0467,1,0,9.3540,9.1699,8.9549,-21.6263,-21.4651,-21.5902,-11.0631,33.6197
1968,True,Optimization terminated successfully.,2585,3852,5.7123,1,0,2.1169,1.9847,1.7552,-5.0048,-4.9717,-5.1060,-1.8663,10.1369
1969,True,Optimization terminated successfully.,2328,3485,16.8722,1,0,1.4791,1.4231,1.1726,-3.7213,-3.5570,-3.6664,-1.0262,8.2089
1970,True,Optimization terminated successfully.,2563,3853,28.1649,1,0,-5.3716,-5.5183,-5.8061,12.0563,12.1295,12.0470,7.5768,-14.1507
1971,True,Optimization terminated successfully.,2179,3279,4.1733,1,0,2.0199,1.7825,1.6759,-4.7218,-4.6753,-4.7472,-1.7248,9.6874
1972,True,Optimization terminated successfully.,2293,3461,16.9966,1,0,3.5426,3.2546,3.1103,-8.0290,-7.9880,-8.0708,-3.4215,14.4159
1973,True,Optimization terminated successfully.,2430,3622,10.0745,1,0,2.1789,1.9995,1.8667,-5.2231,-5.1585,-5.3099,-1.9954,10.4273
1974,True,Optimization terminated successfully.,2353,3513,8.1389,1,0,-5.3986,-5.5136,-5.7537,12.1192,12.1558,12.0636,7.6672,-14.2001
1975,True,Optimization terminated successfully.,2246,3386,9.6857,1,0,1.5380,1.2965,1.0698,-3.6216,-3.5482,-3.6306,-1.0068,8.1009
1976,True,Optimization terminated successfully.,2366,3550,9.2194,0,1,-0.0175,-0.1203,-0.3974,-0.1309,-0.0895,-0.1421,0.8873,3.2301
1977,True,Optimization terminated successfully.,2365,3555,13.1784,0,1,0.3534,0.1841,-0.0111,-0.9286,-0.7703,-0.9207,0.4969,4.2508
1978,True,Optimization terminated successfully.,1890,2851,34.8925,0,1,-0.2040,-0.3270,-0.4850,0.1433,0.1992,0.0947,1.0179,2.7769
1979,True,Optimization terminated successfully.,2729,4072,9.2434,0,1,-1.4527,-1.7520,-1.8357,3.2406,3.3769,3.2328,2.8378,-1.6332
1980,True,Optimization terminated successfully.,2492,3704,13.4174,0,1,-1.1254,-1.2072,-1.4143,2.1523,2.1432,2.0719,2.1231,-0.0011
1981,True,Optimization terminated successfully.,2329,3463,16.4372,0,1,0.0305,-0.0699,-0.3354,-0.3977,-0.2094,-0.3322,0.7662,3.5112
1982,True,Optimization terminated successfully.,2578,3847,27.1468,1,0,1.0806,0.9297,0.6735,-2.6273,-2.5901,-2.7410,-0.4897,6.7830
1983,True,Optimization terminated successfully.,2619,3897,15.9821,1,0,1.2584,1.1498,0.9135,-3.1285,-2.9712,-3.1073,-0.7305,7.4342
1984,True,Optimization terminated successfully.,2885,4287,13.9578,0,1,-0.2225,-0.2804,-0.5595,0.1147,0.2166,0.0610,0.9784,2.8189
1985,True,Optimization terminated successfully.,2353,3510,32.4409,1,0,0.9067,0.7563,0.5197,-2.3221,-2.2496,-2.3158,-0.3969,6.2281
1986,True,Optimization terminated successfully.,2455,3678,24.3580,1,0,-2.9025,-3.0740,-3.3636,6.5213,6.6641,6.5546,4.6632,-6.2212
1987,True,Optimization terminated successfully.,2843,4243,13.3207,0,1,0.3292,0.2133,0.0266,-1.0402,-1.0220,-1.0827,0.3098,4.5396
1988,True,Optimization terminated successfully.,2660,3922,9.7730,0,1,0.2571,0.1179,-0.0345,-0.9696,-0.7942,-0.9837,0.4402,4.3212
1989,True,Optimization terminated successfully.,2595,3842,21.9826,1,0,2.9302,2.7375,2.5690,-6.8428,-6.6745,-6.8537,-2.6936,12.7394
1990,True,Optimization terminated successfully.,2688,4013,12.2777,1,0,2.0865,1.8988,1.6968,-4.9836,-4.9471,-4.9582,-1.7837,10.0912
1991,True,Optimization terminated successfully.,3048,4526,11.6633,1,0,-3.1093,-3.1904,-3.4129,6.7039,6.7312,6.7015,4.6412,-6.4654
1992,True,Optimization terminated successfully.,2537,3789,7.8082,1,0,1.7192,1.5306,1.2491,-4.0499,-3.9418,-4.1041,-1.1512,8.7624
1993,True,Optimization terminated successfully.,4682,6889,2.4211,1,0,5.8545,5.5730,5.4782,-13.5484,-13.4370,-13.5546,-6.4545,22.1756
1994,True,Optimization terminated successfully.,2430,3612,3.0517,1,0,0.6161,0.4614,0.2281,-1.5165,-1.3824,-1.5701,0.2364,5.1678
1995,True,Optimization terminated successfully.,2291,3434,12.4197,0,1,0.4940,0.3519,0.1213,-1.2162,-1.1316,-1.2395,0.3314,4.7512
1996,True,Optimization terminated successfully.,2554,3837,13.9900,1,0,-14.4247,-14.6147,-14.7928,33.0083,33.1677,33.0505,19.3331,-43.8515
1997,True,Optimization terminated successfully.,2418,3658,13.3186,1,0,-3.2842,-3.3441,-3.5521,7.1451,7.2034,7.1469,4.7964,-7.1089
1998,True,Optimization terminated successfully.,2163,3267,9.3988,1,0,3.3910,3.1799,2.9959,-7.9468,-7.9036,-7.9784,-3.5053,14.2379
1999,True,Optimization terminated successfully.,2495,3708,23.5684,1,0,3.3314,3.2738,3.0258,-7.8656,-7.8243,-7.8813,-3.4277,14.2003
