run,dp_idx,dp_label,dp_lo,dp_hi,var,norm_win_lo,norm_win_hi,intD_win,intS_win,sim_scale,entriesD,entriesS,muD,muD_err,sigD,sigD_err,statusD,chi2D,ndfD,muS,muS_err,sigS,sigS_err,statusS,chi2S,ndfS,dmu_GeV,dmu_err_GeV,dmu_MeV,dmu_err_MeV
23839,0,full,-10.000000,20.000000,W,0.904549,1.004675,61272.000000,200.397672,305.752055,90825.000000,95136.000000,0.951909,0.000094,0.021192,0.000096,0,1083.063603,11,0.945482,0.000059,0.013799,0.000051,0,4286.492015,11,0.006427,0.000111,6.426825,0.111064
23839,0,full,-10.000000,20.000000,Em,-0.001442,0.027924,50896.000000,177.083188,287.412943,90825.000000,95136.000000,0.012744,0.000036,0.006801,0.000032,0,1665.743260,12,0.005632,0.000016,0.003464,0.000016,0,6221.549064,12,0.007113,0.000040,7.112623,0.039800
23839,0,full,-10.000000,20.000000,Pmz,-0.050532,0.020578,60971.000000,203.219960,300.024663,90825.000000,95136.000000,-0.010819,0.000046,0.009520,0.000046,0,4959.727178,8,-0.005253,0.000027,0.006067,0.000020,0,7609.056549,8,-0.005566,0.000053,-5.566076,0.053367
23839,0,full,-10.000000,20.000000,Pmx,-0.051939,0.025392,61933.000000,202.308975,306.130758,90825.000000,95136.000000,-0.009841,0.000057,0.012020,0.000058,0,5065.931325,10,-0.004339,0.000029,0.006507,0.000023,0,7963.453154,10,-0.005502,0.000064,-5.501553,0.064388
23839,0,full,-10.000000,20.000000,Pmy,-0.023882,0.037385,76027.000000,259.091408,293.436979,90825.000000,95136.000000,0.006542,0.000039,0.010365,0.000036,0,1193.033953,7,-0.000725,0.000022,0.006433,0.000017,0,65.198938,7,0.007267,0.000045,7.267278,0.044589
23839,1,b1,-2.000000,-1.000000,W,0.898490,1.000465,8926.000000,40.697518,219.325413,12965.000000,21789.000000,0.947014,0.000276,0.022308,0.000276,0,242.873650,11,0.946742,0.000131,0.015121,0.000101,0,901.313936,11,0.000272,0.000306,0.271878,0.305843
23839,1,b1,-2.000000,-1.000000,Em,-0.002634,0.024757,6442.000000,34.374339,187.407238,12965.000000,21789.000000,0.009960,0.000079,0.005286,0.000076,0,289.950581,10,0.006029,0.000031,0.003446,0.000031,0,1440.424424,10,0.003930,0.000085,3.930293,0.084758
23839,1,b1,-2.000000,-1.000000,Pmz,-0.058040,0.022067,8510.000000,42.355573,200.918073,12965.000000,21789.000000,-0.011090,0.000145,0.009944,0.000157,0,1518.590147,11,-0.005869,0.000057,0.006607,0.000044,0,2887.214341,10,-0.005221,0.000156,-5.221245,0.155807
23839,1,b1,-2.000000,-1.000000,Pmx,-0.054451,0.027663,9080.000000,42.001459,216.182967,12965.000000,21789.000000,-0.006923,0.000188,0.011304,0.000193,0,1593.354229,11,-0.004306,0.000053,0.006009,0.000038,0,2736.506945,9,-0.002617,0.000196,-2.617211,0.195640
23839,1,b1,-2.000000,-1.000000,Pmy,-0.025670,0.033907,10806.000000,49.076705,220.185930,12965.000000,21789.000000,0.004258,0.000095,0.009535,0.000092,0,273.720115,7,-0.000225,0.000042,0.006054,0.000031,0,5.364760,5,0.004483,0.000104,4.483443,0.103725
23839,2,b2,-1.000000,0.000000,W,0.899685,1.000778,16234.000000,61.521432,263.875523,19974.000000,24193.000000,0.947373,0.000191,0.021402,0.000184,0,336.873285,11,0.945541,0.000103,0.013588,0.000081,0,1064.410073,11,0.001832,0.000217,1.831879,0.217341
23839,2,b2,-1.000000,0.000000,Em,-0.002547,0.024324,13527.000000,53.841408,251.237857,19974.000000,24193.000000,0.009980,0.000057,0.005502,0.000052,0,508.237278,10,0.005532,0.000026,0.003217,0.000026,0,1823.182644,10,0.004448,0.000062,4.447792,0.062188
23839,2,b2,-1.000000,0.000000,Pmz,-0.051246,0.021209,16419.000000,62.438500,262.962756,19974.000000,24193.000000,-0.010378,0.000091,0.009475,0.000093,0,1971.937146,10,-0.005177,0.000046,0.005832,0.000032,0,2677.903048,9,-0.005202,0.000102,-5.201615,0.102042
23839,2,b2,-1.000000,0.000000,Pmx,-0.048509,0.026492,16744.000000,62.102181,269.620159,19974.000000,24193.000000,-0.007080,0.000110,0.011147,0.000115,0,1596.876435,9,-0.004297,0.000048,0.006191,0.000036,0,2261.018590,8,-0.002783,0.000120,-2.782540,0.120320
23839,2,b2,-1.000000,0.000000,Pmy,-0.021788,0.033042,17799.000000,66.879036,266.137208,19974.000000,24193.000000,0.005799,0.000072,0.009402,0.000067,0,342.109441,7,-0.000854,0.000040,0.006181,0.000030,0,8.641705,6,0.006653,0.000082,6.652882,0.082200
23839,3,b3,0.000000,1.000000,W,0.905983,1.003134,18868.000000,58.153449,324.451951,21851.000000,17090.000000,0.952486,0.000163,0.020472,0.000163,0,372.340124,11,0.944998,0.000109,0.012762,0.000092,0,761.057683,11,0.007488,0.000196,7.488090,0.196200
23839,3,b3,0.000000,1.000000,Em,-0.001679,0.027625,16570.000000,52.631682,314.829381,21851.000000,17090.000000,0.012196,0.000062,0.006507,0.000058,0,779.666628,12,0.005478,0.000032,0.003506,0.000033,0,1420.819731,12,0.006718,0.000070,6.718092,0.069908
23839,3,b3,0.000000,1.000000,Pmz,-0.047988,0.020737,19122.000000,58.097588,329.135869,21851.000000,17090.000000,-0.010390,0.000085,0.010031,0.000083,0,1354.314010,8,-0.004940,0.000052,0.005784,0.000036,0,1386.844763,8,-0.005451,0.000100,-5.450612,0.099584
23839,3,b3,0.000000,1.000000,Pmx,-0.049160,0.024038,19500.000000,58.395340,333.930755,21851.000000,17090.000000,-0.010462,0.000093,0.011714,0.000097,0,1039.161591,9,-0.004471,0.000059,0.006676,0.000046,0,1214.938038,9,-0.005991,0.000110,-5.990738,0.110474
23839,3,b3,0.000000,1.000000,Pmy,-0.020243,0.034173,19591.000000,59.305980,330.337682,21851.000000,17090.000000,0.006992,0.000072,0.009707,0.000066,0,231.777485,6,-0.000995,0.000051,0.006445,0.000039,0,13.626260,4,0.007986,0.000088,7.986320,0.088204
23839,4,b4,1.000000,2.000000,W,0.917843,0.997219,13570.000000,23.532239,576.655721,15047.000000,5564.000000,0.956746,0.000147,0.016272,0.000139,0,191.723399,9,0.943457,0.000168,0.011986,0.000144,0,66.794841,9,0.013288,0.000223,13.288454,0.223334
23839,4,b4,1.000000,2.000000,Em,0.003060,0.030789,12763.000000,19.659656,649.197511,15047.000000,5564.000000,0.016352,0.000063,0.006211,0.000062,0,116.659249,10,-0.079899,0.003741,0.020051,0.000602,4,176.544905,10,0.096250,0.003741,96.250258,3.741203
23839,4,b4,1.000000,2.000000,Pmz,-0.041199,0.015142,13742.000000,23.695286,579.946585,15047.000000,5564.000000,-0.011305,0.000078,0.008482,0.000074,0,646.989504,7,-0.004708,0.000082,0.005670,0.000059,0,150.438545,7,-0.006598,0.000113,-6.597693,0.113432
23839,4,b4,1.000000,2.000000,Pmx,-0.043734,0.019323,13734.000000,23.723072,578.930092,15047.000000,5564.000000,-0.011981,0.000095,0.010543,0.000089,0,290.622281,7,-0.003784,0.000102,0.007123,0.000078,0,121.440983,7,-0.008197,0.000139,-8.196585,0.139281
23839,4,b4,1.000000,2.000000,Pmy,-0.017446,0.036607,13530.000000,23.544503,574.656435,15047.000000,5564.000000,0.009659,0.000089,0.009999,0.000079,0,96.516310,6,-0.000349,0.000099,0.007175,0.000081,0,9.028935,6,0.010008,0.000134,10.007553,0.133596
23839,5,b5,2.000000,3.000000,W,0.918630,0.994574,963.000000,0.000000,1.000000,1118.000000,0.000000,0.957460,0.000466,0.013506,0.000424,0,19.826535,7,0.000000,0.000000,0.000000,0.000000,-999,0.000000,0,0.957460,0.000466,957.459564,0.465597
23839,5,b5,2.000000,3.000000,Em,0.006491,0.031040,943.000000,0.000000,1.000000,1118.000000,0.000000,0.019111,0.000187,0.005407,0.000175,0,10.213433,10,0.000000,0.000000,0.000000,0.000000,-999,0.000000,0,0.019111,0.000187,19.110962,0.187334
23839,5,b5,2.000000,3.000000,Pmz,-0.040544,0.016854,952.000000,0.000000,1.000000,1118.000000,0.000000,-0.012758,0.000261,0.007921,0.000253,0,28.761953,7,0.000000,0.000000,0.000000,0.000000,-999,0.000000,0,-0.012758,0.000261,-12.758269,0.261049
23839,5,b5,2.000000,3.000000,Pmx,-0.041672,0.019781,930.000000,0.000000,1.000000,1118.000000,0.000000,-0.011679,0.000345,0.010214,0.000309,0,14.329464,7,0.000000,0.000000,0.000000,0.000000,-999,0.000000,0,-0.011679,0.000345,-11.678950,0.345185
23839,5,b5,2.000000,3.000000,Pmy,-0.017270,0.044856,921.000000,0.000000,1.000000,1118.000000,0.000000,0.014374,0.000391,0.011335,0.000340,0,7.089078,7,0.000000,0.000000,0.000000,0.000000,-999,0.000000,0,0.014374,0.000391,14.374034,0.391313
23839,0,full,-10.000000,20.000000,W,0.904549,1.004675,61272.000000,200.397672,305.752055,90825.000000,95136.000000,0.951909,0.000094,0.021192,0.000096,0,1083.063603,11,0.945482,0.000059,0.013799,0.000051,0,4286.492015,11,0.006427,0.000111,6.426825,0.111064
23839,0,full,-10.000000,20.000000,Em,-0.001442,0.027924,50896.000000,177.083188,287.412943,90825.000000,95136.000000,0.012744,0.000036,0.006801,0.000032,0,1665.743260,12,0.005632,0.000016,0.003464,0.000016,0,6221.549064,12,0.007113,0.000040,7.112623,0.039800
23839,0,full,-10.000000,20.000000,Pmz,-0.050532,0.020578,60971.000000,203.219960,300.024663,90825.000000,95136.000000,-0.010819,0.000046,0.009520,0.000046,0,4959.727178,8,-0.005253,0.000027,0.006067,0.000020,0,7609.056549,8,-0.005566,0.000053,-5.566076,0.053367
23839,0,full,-10.000000,20.000000,Pmx,-0.051939,0.025392,61933.000000,202.308975,306.130758,90825.000000,95136.000000,-0.009841,0.000057,0.012020,0.000058,0,5065.931325,10,-0.004339,0.000029,0.006507,0.000023,0,7963.453154,10,-0.005502,0.000064,-5.501553,0.064388
23839,0,full,-10.000000,20.000000,Pmy,-0.023882,0.037385,76027.000000,259.091408,293.436979,90825.000000,95136.000000,0.006542,0.000039,0.010365,0.000036,0,1193.033953,7,-0.000725,0.000022,0.006433,0.000017,0,65.198938,7,0.007267,0.000045,7.267278,0.044589
23839,1,b1,-2.000000,-1.000000,W,0.898490,1.000465,8926.000000,40.697518,219.325413,12965.000000,21789.000000,0.947014,0.000276,0.022308,0.000276,0,242.873650,11,0.946742,0.000131,0.015121,0.000101,0,901.313936,11,0.000272,0.000306,0.271878,0.305843
23839,1,b1,-2.000000,-1.000000,Em,-0.002634,0.024757,6442.000000,34.374339,187.407238,12965.000000,21789.000000,0.009960,0.000079,0.005286,0.000076,0,289.950581,10,0.006029,0.000031,0.003446,0.000031,0,1440.424424,10,0.003930,0.000085,3.930293,0.084758
23839,1,b1,-2.000000,-1.000000,Pmz,-0.058040,0.022067,8510.000000,42.355573,200.918073,12965.000000,21789.000000,-0.011090,0.000145,0.009944,0.000157,0,1518.590147,11,-0.005869,0.000057,0.006607,0.000044,0,2887.214341,10,-0.005221,0.000156,-5.221245,0.155807
23839,1,b1,-2.000000,-1.000000,Pmx,-0.054451,0.027663,9080.000000,42.001459,216.182967,12965.000000,21789.000000,-0.006923,0.000188,0.011304,0.000193,0,1593.354229,11,-0.004306,0.000053,0.006009,0.000038,0,2736.506945,9,-0.002617,0.000196,-2.617211,0.195640
23839,1,b1,-2.000000,-1.000000,Pmy,-0.025670,0.033907,10806.000000,49.076705,220.185930,12965.000000,21789.000000,0.004258,0.000095,0.009535,0.000092,0,273.720115,7,-0.000225,0.000042,0.006054,0.000031,0,5.364760,5,0.004483,0.000104,4.483443,0.103725
23839,2,b2,-1.000000,0.000000,W,0.899685,1.000778,16234.000000,61.521432,263.875523,19974.000000,24193.000000,0.947373,0.000191,0.021402,0.000184,0,336.873285,11,0.945541,0.000103,0.013588,0.000081,0,1064.410073,11,0.001832,0.000217,1.831879,0.217341
23839,2,b2,-1.000000,0.000000,Em,-0.002547,0.024324,13527.000000,53.841408,251.237857,19974.000000,24193.000000,0.009980,0.000057,0.005502,0.000052,0,508.237278,10,0.005532,0.000026,0.003217,0.000026,0,1823.182644,10,0.004448,0.000062,4.447792,0.062188
23839,2,b2,-1.000000,0.000000,Pmz,-0.051246,0.021209,16419.000000,62.438500,262.962756,19974.000000,24193.000000,-0.010378,0.000091,0.009475,0.000093,0,1971.937146,10,-0.005177,0.000046,0.005832,0.000032,0,2677.903048,9,-0.005202,0.000102,-5.201615,0.102042
23839,2,b2,-1.000000,0.000000,Pmx,-0.048509,0.026492,16744.000000,62.102181,269.620159,19974.000000,24193.000000,-0.007080,0.000110,0.011147,0.000115,0,1596.876435,9,-0.004297,0.000048,0.006191,0.000036,0,2261.018590,8,-0.002783,0.000120,-2.782540,0.120320
23839,2,b2,-1.000000,0.000000,Pmy,-0.021788,0.033042,17799.000000,66.879036,266.137208,19974.000000,24193.000000,0.005799,0.000072,0.009402,0.000067,0,342.109441,7,-0.000854,0.000040,0.006181,0.000030,0,8.641705,6,0.006653,0.000082,6.652882,0.082200
23839,3,b3,0.000000,1.000000,W,0.905983,1.003134,18868.000000,58.153449,324.451951,21851.000000,17090.000000,0.952486,0.000163,0.020472,0.000163,0,372.340124,11,0.944998,0.000109,0.012762,0.000092,0,761.057683,11,0.007488,0.000196,7.488090,0.196200
23839,3,b3,0.000000,1.000000,Em,-0.001679,0.027625,16570.000000,52.631682,314.829381,21851.000000,17090.000000,0.012196,0.000062,0.006507,0.000058,0,779.666628,12,0.005478,0.000032,0.003506,0.000033,0,1420.819731,12,0.006718,0.000070,6.718092,0.069908
23839,3,b3,0.000000,1.000000,Pmz,-0.047988,0.020737,19122.000000,58.097588,329.135869,21851.000000,17090.000000,-0.010390,0.000085,0.010031,0.000083,0,1354.314010,8,-0.004940,0.000052,0.005784,0.000036,0,1386.844763,8,-0.005451,0.000100,-5.450612,0.099584
23839,3,b3,0.000000,1.000000,Pmx,-0.049160,0.024038,19500.000000,58.395340,333.930755,21851.000000,17090.000000,-0.010462,0.000093,0.011714,0.000097,0,1039.161591,9,-0.004471,0.000059,0.006676,0.000046,0,1214.938038,9,-0.005991,0.000110,-5.990738,0.110474
23839,3,b3,0.000000,1.000000,Pmy,-0.020243,0.034173,19591.000000,59.305980,330.337682,21851.000000,17090.000000,0.006992,0.000072,0.009707,0.000066,0,231.777485,6,-0.000995,0.000051,0.006445,0.000039,0,13.626260,4,0.007986,0.000088,7.986320,0.088204
23839,4,b4,1.000000,2.000000,W,0.917843,0.997219,13570.000000,23.532239,576.655721,15047.000000,5564.000000,0.956746,0.000147,0.016272,0.000139,0,191.723399,9,0.943457,0.000168,0.011986,0.000144,0,66.794841,9,0.013288,0.000223,13.288454,0.223334
23839,4,b4,1.000000,2.000000,Em,0.003060,0.030789,12763.000000,19.659656,649.197511,15047.000000,5564.000000,0.016352,0.000063,0.006211,0.000062,0,116.659249,10,-0.079899,0.003741,0.020051,0.000602,4,176.544905,10,0.096250,0.003741,96.250258,3.741203
23839,4,b4,1.000000,2.000000,Pmz,-0.041199,0.015142,13742.000000,23.695286,579.946585,15047.000000,5564.000000,-0.011305,0.000078,0.008482,0.000074,0,646.989504,7,-0.004708,0.000082,0.005670,0.000059,0,150.438545,7,-0.006598,0.000113,-6.597693,0.113432
23839,4,b4,1.000000,2.000000,Pmx,-0.043734,0.019323,13734.000000,23.723072,578.930092,15047.000000,5564.000000,-0.011981,0.000095,0.010543,0.000089,0,290.622281,7,-0.003784,0.000102,0.007123,0.000078,0,121.440983,7,-0.008197,0.000139,-8.196585,0.139281
23839,4,b4,1.000000,2.000000,Pmy,-0.017446,0.036607,13530.000000,23.544503,574.656435,15047.000000,5564.000000,0.009659,0.000089,0.009999,0.000079,0,96.516310,6,-0.000349,0.000099,0.007175,0.000081,0,9.028935,6,0.010008,0.000134,10.007553,0.133596
23839,5,b5,2.000000,3.000000,W,0.918630,0.994574,963.000000,0.000000,1.000000,1118.000000,0.000000,0.957460,0.000466,0.013506,0.000424,0,19.826535,7,0.000000,0.000000,0.000000,0.000000,-999,0.000000,0,0.957460,0.000466,957.459564,0.465597
23839,5,b5,2.000000,3.000000,Em,0.006491,0.031040,943.000000,0.000000,1.000000,1118.000000,0.000000,0.019111,0.000187,0.005407,0.000175,0,10.213433,10,0.000000,0.000000,0.000000,0.000000,-999,0.000000,0,0.019111,0.000187,19.110962,0.187334
23839,5,b5,2.000000,3.000000,Pmz,-0.040544,0.016854,952.000000,0.000000,1.000000,1118.000000,0.000000,-0.012758,0.000261,0.007921,0.000253,0,28.761953,7,0.000000,0.000000,0.000000,0.000000,-999,0.000000,0,-0.012758,0.000261,-12.758269,0.261049
23839,5,b5,2.000000,3.000000,Pmx,-0.041672,0.019781,930.000000,0.000000,1.000000,1118.000000,0.000000,-0.011679,0.000345,0.010214,0.000309,0,14.329464,7,0.000000,0.000000,0.000000,0.000000,-999,0.000000,0,-0.011679,0.000345,-11.678950,0.345185
23839,5,b5,2.000000,3.000000,Pmy,-0.017270,0.044856,921.000000,0.000000,1.000000,1118.000000,0.000000,0.014374,0.000391,0.011335,0.000340,0,7.089078,7,0.000000,0.000000,0.000000,0.000000,-999,0.000000,0,0.014374,0.000391,14.374034,0.391313
23839,0,full,-10.000000,20.000000,W,0.904549,1.004675,61272.000000,200.397672,305.752055,90825.000000,95136.000000,0.951909,0.000094,0.021192,0.000096,0,1083.063603,11,0.945482,0.000059,0.013799,0.000051,0,4286.492015,11,0.006427,0.000111,6.426825,0.111064
23839,0,full,-10.000000,20.000000,Em,-0.001442,0.027924,50896.000000,177.083188,287.412943,90825.000000,95136.000000,0.012744,0.000036,0.006801,0.000032,0,1665.743260,12,0.005632,0.000016,0.003464,0.000016,0,6221.549064,12,0.007113,0.000040,7.112623,0.039800
23839,0,full,-10.000000,20.000000,Pmz,-0.050532,0.020578,60971.000000,203.219960,300.024663,90825.000000,95136.000000,-0.010819,0.000046,0.009520,0.000046,0,4959.727178,8,-0.005253,0.000027,0.006067,0.000020,0,7609.056549,8,-0.005566,0.000053,-5.566076,0.053367
23839,0,full,-10.000000,20.000000,Pmx,-0.051939,0.025392,61933.000000,202.308975,306.130758,90825.000000,95136.000000,-0.009841,0.000057,0.012020,0.000058,0,5065.931325,10,-0.004339,0.000029,0.006507,0.000023,0,7963.453154,10,-0.005502,0.000064,-5.501553,0.064388
23839,0,full,-10.000000,20.000000,Pmy,-0.023882,0.037385,76027.000000,259.091408,293.436979,90825.000000,95136.000000,0.006542,0.000039,0.010365,0.000036,0,1193.033953,7,-0.000725,0.000022,0.006433,0.000017,0,65.198938,7,0.007267,0.000045,7.267278,0.044589
23839,1,b1,-2.000000,-1.000000,W,0.898490,1.000465,8926.000000,40.697518,219.325413,12965.000000,21789.000000,0.947014,0.000276,0.022308,0.000276,0,242.873650,11,0.946742,0.000131,0.015121,0.000101,0,901.313936,11,0.000272,0.000306,0.271878,0.305843
23839,1,b1,-2.000000,-1.000000,Em,-0.002634,0.024757,6442.000000,34.374339,187.407238,12965.000000,21789.000000,0.009960,0.000079,0.005286,0.000076,0,289.950581,10,0.006029,0.000031,0.003446,0.000031,0,1440.424424,10,0.003930,0.000085,3.930293,0.084758
23839,1,b1,-2.000000,-1.000000,Pmz,-0.058040,0.022067,8510.000000,42.355573,200.918073,12965.000000,21789.000000,-0.011090,0.000145,0.009944,0.000157,0,1518.590147,11,-0.005869,0.000057,0.006607,0.000044,0,2887.214341,10,-0.005221,0.000156,-5.221245,0.155807
23839,1,b1,-2.000000,-1.000000,Pmx,-0.054451,0.027663,9080.000000,42.001459,216.182967,12965.000000,21789.000000,-0.006923,0.000188,0.011304,0.000193,0,1593.354229,11,-0.004306,0.000053,0.006009,0.000038,0,2736.506945,9,-0.002617,0.000196,-2.617211,0.195640
23839,1,b1,-2.000000,-1.000000,Pmy,-0.025670,0.033907,10806.000000,49.076705,220.185930,12965.000000,21789.000000,0.004258,0.000095,0.009535,0.000092,0,273.720115,7,-0.000225,0.000042,0.006054,0.000031,0,5.364760,5,0.004483,0.000104,4.483443,0.103725
23839,2,b2,-1.000000,0.000000,W,0.899685,1.000778,16234.000000,61.521432,263.875523,19974.000000,24193.000000,0.947373,0.000191,0.021402,0.000184,0,336.873285,11,0.945541,0.000103,0.013588,0.000081,0,1064.410073,11,0.001832,0.000217,1.831879,0.217341
23839,2,b2,-1.000000,0.000000,Em,-0.002547,0.024324,13527.000000,53.841408,251.237857,19974.000000,24193.000000,0.009980,0.000057,0.005502,0.000052,0,508.237278,10,0.005532,0.000026,0.003217,0.000026,0,1823.182644,10,0.004448,0.000062,4.447792,0.062188
23839,2,b2,-1.000000,0.000000,Pmz,-0.051246,0.021209,16419.000000,62.438500,262.962756,19974.000000,24193.000000,-0.010378,0.000091,0.009475,0.000093,0,1971.937146,10,-0.005177,0.000046,0.005832,0.000032,0,2677.903048,9,-0.005202,0.000102,-5.201615,0.102042
23839,2,b2,-1.000000,0.000000,Pmx,-0.048509,0.026492,16744.000000,62.102181,269.620159,19974.000000,24193.000000,-0.007080,0.000110,0.011147,0.000115,0,1596.876435,9,-0.004297,0.000048,0.006191,0.000036,0,2261.018590,8,-0.002783,0.000120,-2.782540,0.120320
23839,2,b2,-1.000000,0.000000,Pmy,-0.021788,0.033042,17799.000000,66.879036,266.137208,19974.000000,24193.000000,0.005799,0.000072,0.009402,0.000067,0,342.109441,7,-0.000854,0.000040,0.006181,0.000030,0,8.641705,6,0.006653,0.000082,6.652882,0.082200
23839,3,b3,0.000000,1.000000,W,0.905983,1.003134,18868.000000,58.153449,324.451951,21851.000000,17090.000000,0.952486,0.000163,0.020472,0.000163,0,372.340124,11,0.944998,0.000109,0.012762,0.000092,0,761.057683,11,0.007488,0.000196,7.488090,0.196200
23839,3,b3,0.000000,1.000000,Em,-0.001679,0.027625,16570.000000,52.631682,314.829381,21851.000000,17090.000000,0.012196,0.000062,0.006507,0.000058,0,779.666628,12,0.005478,0.000032,0.003506,0.000033,0,1420.819731,12,0.006718,0.000070,6.718092,0.069908
23839,3,b3,0.000000,1.000000,Pmz,-0.047988,0.020737,19122.000000,58.097588,329.135869,21851.000000,17090.000000,-0.010390,0.000085,0.010031,0.000083,0,1354.314010,8,-0.004940,0.000052,0.005784,0.000036,0,1386.844763,8,-0.005451,0.000100,-5.450612,0.099584
23839,3,b3,0.000000,1.000000,Pmx,-0.049160,0.024038,19500.000000,58.395340,333.930755,21851.000000,17090.000000,-0.010462,0.000093,0.011714,0.000097,0,1039.161591,9,-0.004471,0.000059,0.006676,0.000046,0,1214.938038,9,-0.005991,0.000110,-5.990738,0.110474
23839,3,b3,0.000000,1.000000,Pmy,-0.020243,0.034173,19591.000000,59.305980,330.337682,21851.000000,17090.000000,0.006992,0.000072,0.009707,0.000066,0,231.777485,6,-0.000995,0.000051,0.006445,0.000039,0,13.626260,4,0.007986,0.000088,7.986320,0.088204
23839,4,b4,1.000000,2.000000,W,0.917843,0.997219,13570.000000,23.532239,576.655721,15047.000000,5564.000000,0.956746,0.000147,0.016272,0.000139,0,191.723399,9,0.943457,0.000168,0.011986,0.000144,0,66.794841,9,0.013288,0.000223,13.288454,0.223334
23839,4,b4,1.000000,2.000000,Em,0.003060,0.030789,12763.000000,19.659656,649.197511,15047.000000,5564.000000,0.016352,0.000063,0.006211,0.000062,0,116.659249,10,-0.079899,0.003741,0.020051,0.000602,4,176.544905,10,0.096250,0.003741,96.250258,3.741203
23839,4,b4,1.000000,2.000000,Pmz,-0.041199,0.015142,13742.000000,23.695286,579.946585,15047.000000,5564.000000,-0.011305,0.000078,0.008482,0.000074,0,646.989504,7,-0.004708,0.000082,0.005670,0.000059,0,150.438545,7,-0.006598,0.000113,-6.597693,0.113432
23839,4,b4,1.000000,2.000000,Pmx,-0.043734,0.019323,13734.000000,23.723072,578.930092,15047.000000,5564.000000,-0.011981,0.000095,0.010543,0.000089,0,290.622281,7,-0.003784,0.000102,0.007123,0.000078,0,121.440983,7,-0.008197,0.000139,-8.196585,0.139281
23839,4,b4,1.000000,2.000000,Pmy,-0.017446,0.036607,13530.000000,23.544503,574.656435,15047.000000,5564.000000,0.009659,0.000089,0.009999,0.000079,0,96.516310,6,-0.000349,0.000099,0.007175,0.000081,0,9.028935,6,0.010008,0.000134,10.007553,0.133596
23839,5,b5,2.000000,3.000000,W,0.918630,0.994574,963.000000,0.000000,1.000000,1118.000000,0.000000,0.957460,0.000466,0.013506,0.000424,0,19.826535,7,0.000000,0.000000,0.000000,0.000000,-999,0.000000,0,0.957460,0.000466,957.459564,0.465597
23839,5,b5,2.000000,3.000000,Em,0.006491,0.031040,943.000000,0.000000,1.000000,1118.000000,0.000000,0.019111,0.000187,0.005407,0.000175,0,10.213433,10,0.000000,0.000000,0.000000,0.000000,-999,0.000000,0,0.019111,0.000187,19.110962,0.187334
23839,5,b5,2.000000,3.000000,Pmz,-0.040544,0.016854,952.000000,0.000000,1.000000,1118.000000,0.000000,-0.012758,0.000261,0.007921,0.000253,0,28.761953,7,0.000000,0.000000,0.000000,0.000000,-999,0.000000,0,-0.012758,0.000261,-12.758269,0.261049
23839,5,b5,2.000000,3.000000,Pmx,-0.041672,0.019781,930.000000,0.000000,1.000000,1118.000000,0.000000,-0.011679,0.000345,0.010214,0.000309,0,14.329464,7,0.000000,0.000000,0.000000,0.000000,-999,0.000000,0,-0.011679,0.000345,-11.678950,0.345185
23839,5,b5,2.000000,3.000000,Pmy,-0.017270,0.044856,921.000000,0.000000,1.000000,1118.000000,0.000000,0.014374,0.000391,0.011335,0.000340,0,7.089078,7,0.000000,0.000000,0.000000,0.000000,-999,0.000000,0,0.014374,0.000391,14.374034,0.391313
23839,0,full,-10.000000,20.000000,W,0.904549,1.004675,61272.000000,200.397672,305.752055,90825.000000,95136.000000,0.951909,0.000094,0.021192,0.000096,0,1083.063603,11,0.945482,0.000059,0.013799,0.000051,0,4286.492015,11,0.006427,0.000111,6.426825,0.111064
23839,0,full,-10.000000,20.000000,Em,-0.001442,0.027924,50896.000000,177.083188,287.412943,90825.000000,95136.000000,0.012744,0.000036,0.006801,0.000032,0,1665.743260,12,0.005632,0.000016,0.003464,0.000016,0,6221.549064,12,0.007113,0.000040,7.112623,0.039800
23839,0,full,-10.000000,20.000000,Pmz,-0.050532,0.020578,60971.000000,203.219960,300.024663,90825.000000,95136.000000,-0.010819,0.000046,0.009520,0.000046,0,4959.727178,8,-0.005253,0.000027,0.006067,0.000020,0,7609.056549,8,-0.005566,0.000053,-5.566076,0.053367
23839,0,full,-10.000000,20.000000,Pmx,-0.051939,0.025392,61933.000000,202.308975,306.130758,90825.000000,95136.000000,-0.009841,0.000057,0.012020,0.000058,0,5065.931325,10,-0.004339,0.000029,0.006507,0.000023,0,7963.453154,10,-0.005502,0.000064,-5.501553,0.064388
23839,0,full,-10.000000,20.000000,Pmy,-0.023882,0.037385,76027.000000,259.091408,293.436979,90825.000000,95136.000000,0.006542,0.000039,0.010365,0.000036,0,1193.033953,7,-0.000725,0.000022,0.006433,0.000017,0,65.198938,7,0.007267,0.000045,7.267278,0.044589
23839,1,b1,-2.000000,-1.000000,W,0.898490,1.000465,8926.000000,40.697518,219.325413,12965.000000,21789.000000,0.947014,0.000276,0.022308,0.000276,0,242.873650,11,0.946742,0.000131,0.015121,0.000101,0,901.313936,11,0.000272,0.000306,0.271878,0.305843
23839,1,b1,-2.000000,-1.000000,Em,-0.002634,0.024757,6442.000000,34.374339,187.407238,12965.000000,21789.000000,0.009960,0.000079,0.005286,0.000076,0,289.950581,10,0.006029,0.000031,0.003446,0.000031,0,1440.424424,10,0.003930,0.000085,3.930293,0.084758
23839,1,b1,-2.000000,-1.000000,Pmz,-0.058040,0.022067,8510.000000,42.355573,200.918073,12965.000000,21789.000000,-0.011090,0.000145,0.009944,0.000157,0,1518.590147,11,-0.005869,0.000057,0.006607,0.000044,0,2887.214341,10,-0.005221,0.000156,-5.221245,0.155807
23839,1,b1,-2.000000,-1.000000,Pmx,-0.054451,0.027663,9080.000000,42.001459,216.182967,12965.000000,21789.000000,-0.006923,0.000188,0.011304,0.000193,0,1593.354229,11,-0.004306,0.000053,0.006009,0.000038,0,2736.506945,9,-0.002617,0.000196,-2.617211,0.195640
23839,1,b1,-2.000000,-1.000000,Pmy,-0.025670,0.033907,10806.000000,49.076705,220.185930,12965.000000,21789.000000,0.004258,0.000095,0.009535,0.000092,0,273.720115,7,-0.000225,0.000042,0.006054,0.000031,0,5.364760,5,0.004483,0.000104,4.483443,0.103725
23839,2,b2,-1.000000,0.000000,W,0.899685,1.000778,16234.000000,61.521432,263.875523,19974.000000,24193.000000,0.947373,0.000191,0.021402,0.000184,0,336.873285,11,0.945541,0.000103,0.013588,0.000081,0,1064.410073,11,0.001832,0.000217,1.831879,0.217341
23839,2,b2,-1.000000,0.000000,Em,-0.002547,0.024324,13527.000000,53.841408,251.237857,19974.000000,24193.000000,0.009980,0.000057,0.005502,0.000052,0,508.237278,10,0.005532,0.000026,0.003217,0.000026,0,1823.182644,10,0.004448,0.000062,4.447792,0.062188
23839,2,b2,-1.000000,0.000000,Pmz,-0.051246,0.021209,16419.000000,62.438500,262.962756,19974.000000,24193.000000,-0.010378,0.000091,0.009475,0.000093,0,1971.937146,10,-0.005177,0.000046,0.005832,0.000032,0,2677.903048,9,-0.005202,0.000102,-5.201615,0.102042
23839,2,b2,-1.000000,0.000000,Pmx,-0.048509,0.026492,16744.000000,62.102181,269.620159,19974.000000,24193.000000,-0.007080,0.000110,0.011147,0.000115,0,1596.876435,9,-0.004297,0.000048,0.006191,0.000036,0,2261.018590,8,-0.002783,0.000120,-2.782540,0.120320
23839,2,b2,-1.000000,0.000000,Pmy,-0.021788,0.033042,17799.000000,66.879036,266.137208,19974.000000,24193.000000,0.005799,0.000072,0.009402,0.000067,0,342.109441,7,-0.000854,0.000040,0.006181,0.000030,0,8.641705,6,0.006653,0.000082,6.652882,0.082200
23839,3,b3,0.000000,1.000000,W,0.905983,1.003134,18868.000000,58.153449,324.451951,21851.000000,17090.000000,0.952486,0.000163,0.020472,0.000163,0,372.340124,11,0.944998,0.000109,0.012762,0.000092,0,761.057683,11,0.007488,0.000196,7.488090,0.196200
23839,3,b3,0.000000,1.000000,Em,-0.001679,0.027625,16570.000000,52.631682,314.829381,21851.000000,17090.000000,0.012196,0.000062,0.006507,0.000058,0,779.666628,12,0.005478,0.000032,0.003506,0.000033,0,1420.819731,12,0.006718,0.000070,6.718092,0.069908
23839,3,b3,0.000000,1.000000,Pmz,-0.047988,0.020737,19122.000000,58.097588,329.135869,21851.000000,17090.000000,-0.010390,0.000085,0.010031,0.000083,0,1354.314010,8,-0.004940,0.000052,0.005784,0.000036,0,1386.844763,8,-0.005451,0.000100,-5.450612,0.099584
23839,3,b3,0.000000,1.000000,Pmx,-0.049160,0.024038,19500.000000,58.395340,333.930755,21851.000000,17090.000000,-0.010462,0.000093,0.011714,0.000097,0,1039.161591,9,-0.004471,0.000059,0.006676,0.000046,0,1214.938038,9,-0.005991,0.000110,-5.990738,0.110474
23839,3,b3,0.000000,1.000000,Pmy,-0.020243,0.034173,19591.000000,59.305980,330.337682,21851.000000,17090.000000,0.006992,0.000072,0.009707,0.000066,0,231.777485,6,-0.000995,0.000051,0.006445,0.000039,0,13.626260,4,0.007986,0.000088,7.986320,0.088204
23839,4,b4,1.000000,2.000000,W,0.917843,0.997219,13570.000000,23.532239,576.655721,15047.000000,5564.000000,0.956746,0.000147,0.016272,0.000139,0,191.723399,9,0.943457,0.000168,0.011986,0.000144,0,66.794841,9,0.013288,0.000223,13.288454,0.223334
23839,4,b4,1.000000,2.000000,Em,0.003060,0.030789,12763.000000,19.659656,649.197511,15047.000000,5564.000000,0.016352,0.000063,0.006211,0.000062,0,116.659249,10,-0.079899,0.003741,0.020051,0.000602,4,176.544905,10,0.096250,0.003741,96.250258,3.741203
23839,4,b4,1.000000,2.000000,Pmz,-0.041199,0.015142,13742.000000,23.695286,579.946585,15047.000000,5564.000000,-0.011305,0.000078,0.008482,0.000074,0,646.989504,7,-0.004708,0.000082,0.005670,0.000059,0,150.438545,7,-0.006598,0.000113,-6.597693,0.113432
23839,4,b4,1.000000,2.000000,Pmx,-0.043734,0.019323,13734.000000,23.723072,578.930092,15047.000000,5564.000000,-0.011981,0.000095,0.010543,0.000089,0,290.622281,7,-0.003784,0.000102,0.007123,0.000078,0,121.440983,7,-0.008197,0.000139,-8.196585,0.139281
23839,4,b4,1.000000,2.000000,Pmy,-0.017446,0.036607,13530.000000,23.544503,574.656435,15047.000000,5564.000000,0.009659,0.000089,0.009999,0.000079,0,96.516310,6,-0.000349,0.000099,0.007175,0.000081,0,9.028935,6,0.010008,0.000134,10.007553,0.133596
23839,5,b5,2.000000,3.000000,W,0.918630,0.994574,963.000000,0.000000,1.000000,1118.000000,0.000000,0.957460,0.000466,0.013506,0.000424,0,19.826535,7,0.000000,0.000000,0.000000,0.000000,-999,0.000000,0,0.957460,0.000466,957.459564,0.465597
23839,5,b5,2.000000,3.000000,Em,0.006491,0.031040,943.000000,0.000000,1.000000,1118.000000,0.000000,0.019111,0.000187,0.005407,0.000175,0,10.213433,10,0.000000,0.000000,0.000000,0.000000,-999,0.000000,0,0.019111,0.000187,19.110962,0.187334
23839,5,b5,2.000000,3.000000,Pmz,-0.040544,0.016854,952.000000,0.000000,1.000000,1118.000000,0.000000,-0.012758,0.000261,0.007921,0.000253,0,28.761953,7,0.000000,0.000000,0.000000,0.000000,-999,0.000000,0,-0.012758,0.000261,-12.758269,0.261049
23839,5,b5,2.000000,3.000000,Pmx,-0.041672,0.019781,930.000000,0.000000,1.000000,1118.000000,0.000000,-0.011679,0.000345,0.010214,0.000309,0,14.329464,7,0.000000,0.000000,0.000000,0.000000,-999,0.000000,0,-0.011679,0.000345,-11.678950,0.345185
23839,5,b5,2.000000,3.000000,Pmy,-0.017270,0.044856,921.000000,0.000000,1.000000,1118.000000,0.000000,0.014374,0.000391,0.011335,0.000340,0,7.089078,7,0.000000,0.000000,0.000000,0.000000,-999,0.000000,0,0.014374,0.000391,14.374034,0.391313
23839,0,full,-10.000000,20.000000,W,0.904549,1.004675,61272.000000,200.397672,305.752055,90825.000000,95136.000000,0.951909,0.000094,0.021192,0.000096,0,1083.063603,11,0.945482,0.000059,0.013799,0.000051,0,4286.492015,11,0.006427,0.000111,6.426825,0.111064
23839,0,full,-10.000000,20.000000,Em,-0.001442,0.027924,50896.000000,177.083188,287.412943,90825.000000,95136.000000,0.012744,0.000036,0.006801,0.000032,0,1665.743260,12,0.005632,0.000016,0.003464,0.000016,0,6221.549064,12,0.007113,0.000040,7.112623,0.039800
23839,0,full,-10.000000,20.000000,Pmz,-0.050532,0.020578,60971.000000,203.219960,300.024663,90825.000000,95136.000000,-0.010819,0.000046,0.009520,0.000046,0,4959.727178,8,-0.005253,0.000027,0.006067,0.000020,0,7609.056549,8,-0.005566,0.000053,-5.566076,0.053367
23839,0,full,-10.000000,20.000000,Pmx,-0.051939,0.025392,61933.000000,202.308975,306.130758,90825.000000,95136.000000,-0.009841,0.000057,0.012020,0.000058,0,5065.931325,10,-0.004339,0.000029,0.006507,0.000023,0,7963.453154,10,-0.005502,0.000064,-5.501553,0.064388
23839,0,full,-10.000000,20.000000,Pmy,-0.023882,0.037385,76027.000000,259.091408,293.436979,90825.000000,95136.000000,0.006542,0.000039,0.010365,0.000036,0,1193.033953,7,-0.000725,0.000022,0.006433,0.000017,0,65.198938,7,0.007267,0.000045,7.267278,0.044589
23839,1,b1,-2.000000,-1.000000,W,0.898490,1.000465,8926.000000,40.697518,219.325413,12965.000000,21789.000000,0.947014,0.000276,0.022308,0.000276,0,242.873650,11,0.946742,0.000131,0.015121,0.000101,0,901.313936,11,0.000272,0.000306,0.271878,0.305843
23839,1,b1,-2.000000,-1.000000,Em,-0.002634,0.024757,6442.000000,34.374339,187.407238,12965.000000,21789.000000,0.009960,0.000079,0.005286,0.000076,0,289.950581,10,0.006029,0.000031,0.003446,0.000031,0,1440.424424,10,0.003930,0.000085,3.930293,0.084758
23839,1,b1,-2.000000,-1.000000,Pmz,-0.058040,0.022067,8510.000000,42.355573,200.918073,12965.000000,21789.000000,-0.011090,0.000145,0.009944,0.000157,0,1518.590147,11,-0.005869,0.000057,0.006607,0.000044,0,2887.214341,10,-0.005221,0.000156,-5.221245,0.155807
23839,1,b1,-2.000000,-1.000000,Pmx,-0.054451,0.027663,9080.000000,42.001459,216.182967,12965.000000,21789.000000,-0.006923,0.000188,0.011304,0.000193,0,1593.354229,11,-0.004306,0.000053,0.006009,0.000038,0,2736.506945,9,-0.002617,0.000196,-2.617211,0.195640
23839,1,b1,-2.000000,-1.000000,Pmy,-0.025670,0.033907,10806.000000,49.076705,220.185930,12965.000000,21789.000000,0.004258,0.000095,0.009535,0.000092,0,273.720115,7,-0.000225,0.000042,0.006054,0.000031,0,5.364760,5,0.004483,0.000104,4.483443,0.103725
23839,2,b2,-1.000000,0.000000,W,0.899685,1.000778,16234.000000,61.521432,263.875523,19974.000000,24193.000000,0.947373,0.000191,0.021402,0.000184,0,336.873285,11,0.945541,0.000103,0.013588,0.000081,0,1064.410073,11,0.001832,0.000217,1.831879,0.217341
23839,2,b2,-1.000000,0.000000,Em,-0.002547,0.024324,13527.000000,53.841408,251.237857,19974.000000,24193.000000,0.009980,0.000057,0.005502,0.000052,0,508.237278,10,0.005532,0.000026,0.003217,0.000026,0,1823.182644,10,0.004448,0.000062,4.447792,0.062188
23839,2,b2,-1.000000,0.000000,Pmz,-0.051246,0.021209,16419.000000,62.438500,262.962756,19974.000000,24193.000000,-0.010378,0.000091,0.009475,0.000093,0,1971.937146,10,-0.005177,0.000046,0.005832,0.000032,0,2677.903048,9,-0.005202,0.000102,-5.201615,0.102042
23839,2,b2,-1.000000,0.000000,Pmx,-0.048509,0.026492,16744.000000,62.102181,269.620159,19974.000000,24193.000000,-0.007080,0.000110,0.011147,0.000115,0,1596.876435,9,-0.004297,0.000048,0.006191,0.000036,0,2261.018590,8,-0.002783,0.000120,-2.782540,0.120320
23839,2,b2,-1.000000,0.000000,Pmy,-0.021788,0.033042,17799.000000,66.879036,266.137208,19974.000000,24193.000000,0.005799,0.000072,0.009402,0.000067,0,342.109441,7,-0.000854,0.000040,0.006181,0.000030,0,8.641705,6,0.006653,0.000082,6.652882,0.082200
23839,3,b3,0.000000,1.000000,W,0.905983,1.003134,18868.000000,58.153449,324.451951,21851.000000,17090.000000,0.952486,0.000163,0.020472,0.000163,0,372.340124,11,0.944998,0.000109,0.012762,0.000092,0,761.057683,11,0.007488,0.000196,7.488090,0.196200
23839,3,b3,0.000000,1.000000,Em,-0.001679,0.027625,16570.000000,52.631682,314.829381,21851.000000,17090.000000,0.012196,0.000062,0.006507,0.000058,0,779.666628,12,0.005478,0.000032,0.003506,0.000033,0,1420.819731,12,0.006718,0.000070,6.718092,0.069908
23839,3,b3,0.000000,1.000000,Pmz,-0.047988,0.020737,19122.000000,58.097588,329.135869,21851.000000,17090.000000,-0.010390,0.000085,0.010031,0.000083,0,1354.314010,8,-0.004940,0.000052,0.005784,0.000036,0,1386.844763,8,-0.005451,0.000100,-5.450612,0.099584
23839,3,b3,0.000000,1.000000,Pmx,-0.049160,0.024038,19500.000000,58.395340,333.930755,21851.000000,17090.000000,-0.010462,0.000093,0.011714,0.000097,0,1039.161591,9,-0.004471,0.000059,0.006676,0.000046,0,1214.938038,9,-0.005991,0.000110,-5.990738,0.110474
23839,3,b3,0.000000,1.000000,Pmy,-0.020243,0.034173,19591.000000,59.305980,330.337682,21851.000000,17090.000000,0.006992,0.000072,0.009707,0.000066,0,231.777485,6,-0.000995,0.000051,0.006445,0.000039,0,13.626260,4,0.007986,0.000088,7.986320,0.088204
23839,4,b4,1.000000,2.000000,W,0.917843,0.997219,13570.000000,23.532239,576.655721,15047.000000,5564.000000,0.956746,0.000147,0.016272,0.000139,0,191.723399,9,0.943457,0.000168,0.011986,0.000144,0,66.794841,9,0.013288,0.000223,13.288454,0.223334
23839,4,b4,1.000000,2.000000,Em,0.003060,0.030789,12763.000000,19.659656,649.197511,15047.000000,5564.000000,0.016352,0.000063,0.006211,0.000062,0,116.659249,10,-0.079899,0.003741,0.020051,0.000602,4,176.544905,10,0.096250,0.003741,96.250258,3.741203
23839,4,b4,1.000000,2.000000,Pmz,-0.041199,0.015142,13742.000000,23.695286,579.946585,15047.000000,5564.000000,-0.011305,0.000078,0.008482,0.000074,0,646.989504,7,-0.004708,0.000082,0.005670,0.000059,0,150.438545,7,-0.006598,0.000113,-6.597693,0.113432
23839,4,b4,1.000000,2.000000,Pmx,-0.043734,0.019323,13734.000000,23.723072,578.930092,15047.000000,5564.000000,-0.011981,0.000095,0.010543,0.000089,0,290.622281,7,-0.003784,0.000102,0.007123,0.000078,0,121.440983,7,-0.008197,0.000139,-8.196585,0.139281
23839,4,b4,1.000000,2.000000,Pmy,-0.017446,0.036607,13530.000000,23.544503,574.656435,15047.000000,5564.000000,0.009659,0.000089,0.009999,0.000079,0,96.516310,6,-0.000349,0.000099,0.007175,0.000081,0,9.028935,6,0.010008,0.000134,10.007553,0.133596
23839,5,b5,2.000000,3.000000,W,0.918630,0.994574,963.000000,0.000000,1.000000,1118.000000,0.000000,0.957460,0.000466,0.013506,0.000424,0,19.826535,7,0.000000,0.000000,0.000000,0.000000,-999,0.000000,0,0.957460,0.000466,957.459564,0.465597
23839,5,b5,2.000000,3.000000,Em,0.006491,0.031040,943.000000,0.000000,1.000000,1118.000000,0.000000,0.019111,0.000187,0.005407,0.000175,0,10.213433,10,0.000000,0.000000,0.000000,0.000000,-999,0.000000,0,0.019111,0.000187,19.110962,0.187334
23839,5,b5,2.000000,3.000000,Pmz,-0.040544,0.016854,952.000000,0.000000,1.000000,1118.000000,0.000000,-0.012758,0.000261,0.007921,0.000253,0,28.761953,7,0.000000,0.000000,0.000000,0.000000,-999,0.000000,0,-0.012758,0.000261,-12.758269,0.261049
23839,5,b5,2.000000,3.000000,Pmx,-0.041672,0.019781,930.000000,0.000000,1.000000,1118.000000,0.000000,-0.011679,0.000345,0.010214,0.000309,0,14.329464,7,0.000000,0.000000,0.000000,0.000000,-999,0.000000,0,-0.011679,0.000345,-11.678950,0.345185
23839,5,b5,2.000000,3.000000,Pmy,-0.017270,0.044856,921.000000,0.000000,1.000000,1118.000000,0.000000,0.014374,0.000391,0.011335,0.000340,0,7.089078,7,0.000000,0.000000,0.000000,0.000000,-999,0.000000,0,0.014374,0.000391,14.374034,0.391313
23839,0,full,-10.000000,20.000000,W,0.904549,1.004675,61272.000000,200.397672,305.752055,90825.000000,95136.000000,0.951909,0.000094,0.021192,0.000096,0,1083.063603,11,0.945482,0.000059,0.013799,0.000051,0,4286.492015,11,0.006427,0.000111,6.426825,0.111064
23839,0,full,-10.000000,20.000000,Em,-0.001442,0.027924,50896.000000,177.083188,287.412943,90825.000000,95136.000000,0.012744,0.000036,0.006801,0.000032,0,1665.743260,12,0.005632,0.000016,0.003464,0.000016,0,6221.549064,12,0.007113,0.000040,7.112623,0.039800
23839,0,full,-10.000000,20.000000,Pmz,-0.050532,0.020578,60971.000000,203.219960,300.024663,90825.000000,95136.000000,-0.010819,0.000046,0.009520,0.000046,0,4959.727178,8,-0.005253,0.000027,0.006067,0.000020,0,7609.056549,8,-0.005566,0.000053,-5.566076,0.053367
23839,0,full,-10.000000,20.000000,Pmx,-0.051939,0.025392,61933.000000,202.308975,306.130758,90825.000000,95136.000000,-0.009841,0.000057,0.012020,0.000058,0,5065.931325,10,-0.004339,0.000029,0.006507,0.000023,0,7963.453154,10,-0.005502,0.000064,-5.501553,0.064388
23839,0,full,-10.000000,20.000000,Pmy,-0.023882,0.037385,76027.000000,259.091408,293.436979,90825.000000,95136.000000,0.006542,0.000039,0.010365,0.000036,0,1193.033953,7,-0.000725,0.000022,0.006433,0.000017,0,65.198938,7,0.007267,0.000045,7.267278,0.044589
23839,1,b1,-2.000000,-1.000000,W,0.898490,1.000465,8926.000000,40.697518,219.325413,12965.000000,21789.000000,0.947014,0.000276,0.022308,0.000276,0,242.873650,11,0.946742,0.000131,0.015121,0.000101,0,901.313936,11,0.000272,0.000306,0.271878,0.305843
23839,1,b1,-2.000000,-1.000000,Em,-0.002634,0.024757,6442.000000,34.374339,187.407238,12965.000000,21789.000000,0.009960,0.000079,0.005286,0.000076,0,289.950581,10,0.006029,0.000031,0.003446,0.000031,0,1440.424424,10,0.003930,0.000085,3.930293,0.084758
23839,1,b1,-2.000000,-1.000000,Pmz,-0.058040,0.022067,8510.000000,42.355573,200.918073,12965.000000,21789.000000,-0.011090,0.000145,0.009944,0.000157,0,1518.590147,11,-0.005869,0.000057,0.006607,0.000044,0,2887.214341,10,-0.005221,0.000156,-5.221245,0.155807
23839,1,b1,-2.000000,-1.000000,Pmx,-0.054451,0.027663,9080.000000,42.001459,216.182967,12965.000000,21789.000000,-0.006923,0.000188,0.011304,0.000193,0,1593.354229,11,-0.004306,0.000053,0.006009,0.000038,0,2736.506945,9,-0.002617,0.000196,-2.617211,0.195640
23839,1,b1,-2.000000,-1.000000,Pmy,-0.025670,0.033907,10806.000000,49.076705,220.185930,12965.000000,21789.000000,0.004258,0.000095,0.009535,0.000092,0,273.720115,7,-0.000225,0.000042,0.006054,0.000031,0,5.364760,5,0.004483,0.000104,4.483443,0.103725
23839,2,b2,-1.000000,0.000000,W,0.899685,1.000778,16234.000000,61.521432,263.875523,19974.000000,24193.000000,0.947373,0.000191,0.021402,0.000184,0,336.873285,11,0.945541,0.000103,0.013588,0.000081,0,1064.410073,11,0.001832,0.000217,1.831879,0.217341
23839,2,b2,-1.000000,0.000000,Em,-0.002547,0.024324,13527.000000,53.841408,251.237857,19974.000000,24193.000000,0.009980,0.000057,0.005502,0.000052,0,508.237278,10,0.005532,0.000026,0.003217,0.000026,0,1823.182644,10,0.004448,0.000062,4.447792,0.062188
23839,2,b2,-1.000000,0.000000,Pmz,-0.051246,0.021209,16419.000000,62.438500,262.962756,19974.000000,24193.000000,-0.010378,0.000091,0.009475,0.000093,0,1971.937146,10,-0.005177,0.000046,0.005832,0.000032,0,2677.903048,9,-0.005202,0.000102,-5.201615,0.102042
23839,2,b2,-1.000000,0.000000,Pmx,-0.048509,0.026492,16744.000000,62.102181,269.620159,19974.000000,24193.000000,-0.007080,0.000110,0.011147,0.000115,0,1596.876435,9,-0.004297,0.000048,0.006191,0.000036,0,2261.018590,8,-0.002783,0.000120,-2.782540,0.120320
23839,2,b2,-1.000000,0.000000,Pmy,-0.021788,0.033042,17799.000000,66.879036,266.137208,19974.000000,24193.000000,0.005799,0.000072,0.009402,0.000067,0,342.109441,7,-0.000854,0.000040,0.006181,0.000030,0,8.641705,6,0.006653,0.000082,6.652882,0.082200
23839,3,b3,0.000000,1.000000,W,0.905983,1.003134,18868.000000,58.153449,324.451951,21851.000000,17090.000000,0.952486,0.000163,0.020472,0.000163,0,372.340124,11,0.944998,0.000109,0.012762,0.000092,0,761.057683,11,0.007488,0.000196,7.488090,0.196200
23839,3,b3,0.000000,1.000000,Em,-0.001679,0.027625,16570.000000,52.631682,314.829381,21851.000000,17090.000000,0.012196,0.000062,0.006507,0.000058,0,779.666628,12,0.005478,0.000032,0.003506,0.000033,0,1420.819731,12,0.006718,0.000070,6.718092,0.069908
23839,3,b3,0.000000,1.000000,Pmz,-0.047988,0.020737,19122.000000,58.097588,329.135869,21851.000000,17090.000000,-0.010390,0.000085,0.010031,0.000083,0,1354.314010,8,-0.004940,0.000052,0.005784,0.000036,0,1386.844763,8,-0.005451,0.000100,-5.450612,0.099584
23839,3,b3,0.000000,1.000000,Pmx,-0.049160,0.024038,19500.000000,58.395340,333.930755,21851.000000,17090.000000,-0.010462,0.000093,0.011714,0.000097,0,1039.161591,9,-0.004471,0.000059,0.006676,0.000046,0,1214.938038,9,-0.005991,0.000110,-5.990738,0.110474
23839,3,b3,0.000000,1.000000,Pmy,-0.020243,0.034173,19591.000000,59.305980,330.337682,21851.000000,17090.000000,0.006992,0.000072,0.009707,0.000066,0,231.777485,6,-0.000995,0.000051,0.006445,0.000039,0,13.626260,4,0.007986,0.000088,7.986320,0.088204
23839,4,b4,1.000000,2.000000,W,0.917843,0.997219,13570.000000,23.532239,576.655721,15047.000000,5564.000000,0.956746,0.000147,0.016272,0.000139,0,191.723399,9,0.943457,0.000168,0.011986,0.000144,0,66.794841,9,0.013288,0.000223,13.288454,0.223334
23839,4,b4,1.000000,2.000000,Em,0.003060,0.030789,12763.000000,19.659656,649.197511,15047.000000,5564.000000,0.016352,0.000063,0.006211,0.000062,0,116.659249,10,-0.079899,0.003741,0.020051,0.000602,4,176.544905,10,0.096250,0.003741,96.250258,3.741203
23839,4,b4,1.000000,2.000000,Pmz,-0.041199,0.015142,13742.000000,23.695286,579.946585,15047.000000,5564.000000,-0.011305,0.000078,0.008482,0.000074,0,646.989504,7,-0.004708,0.000082,0.005670,0.000059,0,150.438545,7,-0.006598,0.000113,-6.597693,0.113432
23839,4,b4,1.000000,2.000000,Pmx,-0.043734,0.019323,13734.000000,23.723072,578.930092,15047.000000,5564.000000,-0.011981,0.000095,0.010543,0.000089,0,290.622281,7,-0.003784,0.000102,0.007123,0.000078,0,121.440983,7,-0.008197,0.000139,-8.196585,0.139281
23839,4,b4,1.000000,2.000000,Pmy,-0.017446,0.036607,13530.000000,23.544503,574.656435,15047.000000,5564.000000,0.009659,0.000089,0.009999,0.000079,0,96.516310,6,-0.000349,0.000099,0.007175,0.000081,0,9.028935,6,0.010008,0.000134,10.007553,0.133596
23839,5,b5,2.000000,3.000000,W,0.918630,0.994574,963.000000,0.000000,1.000000,1118.000000,0.000000,0.957460,0.000466,0.013506,0.000424,0,19.826535,7,0.000000,0.000000,0.000000,0.000000,-999,0.000000,0,0.957460,0.000466,957.459564,0.465597
23839,5,b5,2.000000,3.000000,Em,0.006491,0.031040,943.000000,0.000000,1.000000,1118.000000,0.000000,0.019111,0.000187,0.005407,0.000175,0,10.213433,10,0.000000,0.000000,0.000000,0.000000,-999,0.000000,0,0.019111,0.000187,19.110962,0.187334
23839,5,b5,2.000000,3.000000,Pmz,-0.040544,0.016854,952.000000,0.000000,1.000000,1118.000000,0.000000,-0.012758,0.000261,0.007921,0.000253,0,28.761953,7,0.000000,0.000000,0.000000,0.000000,-999,0.000000,0,-0.012758,0.000261,-12.758269,0.261049
23839,5,b5,2.000000,3.000000,Pmx,-0.041672,0.019781,930.000000,0.000000,1.000000,1118.000000,0.000000,-0.011679,0.000345,0.010214,0.000309,0,14.329464,7,0.000000,0.000000,0.000000,0.000000,-999,0.000000,0,-0.011679,0.000345,-11.678950,0.345185
23839,5,b5,2.000000,3.000000,Pmy,-0.017270,0.044856,921.000000,0.000000,1.000000,1118.000000,0.000000,0.014374,0.000391,0.011335,0.000340,0,7.089078,7,0.000000,0.000000,0.000000,0.000000,-999,0.000000,0,0.014374,0.000391,14.374034,0.391313
23839,0,full,-10.000000,20.000000,W,0.904549,1.004675,61272.000000,200.397672,305.752055,90825.000000,95136.000000,0.951909,0.000094,0.021192,0.000096,0,1083.063603,11,0.945482,0.000059,0.013799,0.000051,0,4286.492015,11,0.006427,0.000111,6.426825,0.111064
23839,0,full,-10.000000,20.000000,Em,-0.001442,0.027924,50896.000000,177.083188,287.412943,90825.000000,95136.000000,0.012744,0.000036,0.006801,0.000032,0,1665.743260,12,0.005632,0.000016,0.003464,0.000016,0,6221.549064,12,0.007113,0.000040,7.112623,0.039800
23839,0,full,-10.000000,20.000000,Pmz,-0.050532,0.020578,60971.000000,203.219960,300.024663,90825.000000,95136.000000,-0.010819,0.000046,0.009520,0.000046,0,4959.727178,8,-0.005253,0.000027,0.006067,0.000020,0,7609.056549,8,-0.005566,0.000053,-5.566076,0.053367
23839,0,full,-10.000000,20.000000,Pmx,-0.051939,0.025392,61933.000000,202.308975,306.130758,90825.000000,95136.000000,-0.009841,0.000057,0.012020,0.000058,0,5065.931325,10,-0.004339,0.000029,0.006507,0.000023,0,7963.453154,10,-0.005502,0.000064,-5.501553,0.064388
23839,0,full,-10.000000,20.000000,Pmy,-0.023882,0.037385,76027.000000,259.091408,293.436979,90825.000000,95136.000000,0.006542,0.000039,0.010365,0.000036,0,1193.033953,7,-0.000725,0.000022,0.006433,0.000017,0,65.198938,7,0.007267,0.000045,7.267278,0.044589
23839,1,b1,-2.000000,-1.000000,W,0.898490,1.000465,8926.000000,40.697518,219.325413,12965.000000,21789.000000,0.947014,0.000276,0.022308,0.000276,0,242.873650,11,0.946742,0.000131,0.015121,0.000101,0,901.313936,11,0.000272,0.000306,0.271878,0.305843
23839,1,b1,-2.000000,-1.000000,Em,-0.002634,0.024757,6442.000000,34.374339,187.407238,12965.000000,21789.000000,0.009960,0.000079,0.005286,0.000076,0,289.950581,10,0.006029,0.000031,0.003446,0.000031,0,1440.424424,10,0.003930,0.000085,3.930293,0.084758
23839,1,b1,-2.000000,-1.000000,Pmz,-0.058040,0.022067,8510.000000,42.355573,200.918073,12965.000000,21789.000000,-0.011090,0.000145,0.009944,0.000157,0,1518.590147,11,-0.005869,0.000057,0.006607,0.000044,0,2887.214341,10,-0.005221,0.000156,-5.221245,0.155807
23839,1,b1,-2.000000,-1.000000,Pmx,-0.054451,0.027663,9080.000000,42.001459,216.182967,12965.000000,21789.000000,-0.006923,0.000188,0.011304,0.000193,0,1593.354229,11,-0.004306,0.000053,0.006009,0.000038,0,2736.506945,9,-0.002617,0.000196,-2.617211,0.195640
23839,1,b1,-2.000000,-1.000000,Pmy,-0.025670,0.033907,10806.000000,49.076705,220.185930,12965.000000,21789.000000,0.004258,0.000095,0.009535,0.000092,0,273.720115,7,-0.000225,0.000042,0.006054,0.000031,0,5.364760,5,0.004483,0.000104,4.483443,0.103725
23839,2,b2,-1.000000,0.000000,W,0.899685,1.000778,16234.000000,61.521432,263.875523,19974.000000,24193.000000,0.947373,0.000191,0.021402,0.000184,0,336.873285,11,0.945541,0.000103,0.013588,0.000081,0,1064.410073,11,0.001832,0.000217,1.831879,0.217341
23839,2,b2,-1.000000,0.000000,Em,-0.002547,0.024324,13527.000000,53.841408,251.237857,19974.000000,24193.000000,0.009980,0.000057,0.005502,0.000052,0,508.237278,10,0.005532,0.000026,0.003217,0.000026,0,1823.182644,10,0.004448,0.000062,4.447792,0.062188
23839,2,b2,-1.000000,0.000000,Pmz,-0.051246,0.021209,16419.000000,62.438500,262.962756,19974.000000,24193.000000,-0.010378,0.000091,0.009475,0.000093,0,1971.937146,10,-0.005177,0.000046,0.005832,0.000032,0,2677.903048,9,-0.005202,0.000102,-5.201615,0.102042
23839,2,b2,-1.000000,0.000000,Pmx,-0.048509,0.026492,16744.000000,62.102181,269.620159,19974.000000,24193.000000,-0.007080,0.000110,0.011147,0.000115,0,1596.876435,9,-0.004297,0.000048,0.006191,0.000036,0,2261.018590,8,-0.002783,0.000120,-2.782540,0.120320
23839,2,b2,-1.000000,0.000000,Pmy,-0.021788,0.033042,17799.000000,66.879036,266.137208,19974.000000,24193.000000,0.005799,0.000072,0.009402,0.000067,0,342.109441,7,-0.000854,0.000040,0.006181,0.000030,0,8.641705,6,0.006653,0.000082,6.652882,0.082200
23839,3,b3,0.000000,1.000000,W,0.905983,1.003134,18868.000000,58.153449,324.451951,21851.000000,17090.000000,0.952486,0.000163,0.020472,0.000163,0,372.340124,11,0.944998,0.000109,0.012762,0.000092,0,761.057683,11,0.007488,0.000196,7.488090,0.196200
23839,3,b3,0.000000,1.000000,Em,-0.001679,0.027625,16570.000000,52.631682,314.829381,21851.000000,17090.000000,0.012196,0.000062,0.006507,0.000058,0,779.666628,12,0.005478,0.000032,0.003506,0.000033,0,1420.819731,12,0.006718,0.000070,6.718092,0.069908
23839,3,b3,0.000000,1.000000,Pmz,-0.047988,0.020737,19122.000000,58.097588,329.135869,21851.000000,17090.000000,-0.010390,0.000085,0.010031,0.000083,0,1354.314010,8,-0.004940,0.000052,0.005784,0.000036,0,1386.844763,8,-0.005451,0.000100,-5.450612,0.099584
23839,3,b3,0.000000,1.000000,Pmx,-0.049160,0.024038,19500.000000,58.395340,333.930755,21851.000000,17090.000000,-0.010462,0.000093,0.011714,0.000097,0,1039.161591,9,-0.004471,0.000059,0.006676,0.000046,0,1214.938038,9,-0.005991,0.000110,-5.990738,0.110474
23839,3,b3,0.000000,1.000000,Pmy,-0.020243,0.034173,19591.000000,59.305980,330.337682,21851.000000,17090.000000,0.006992,0.000072,0.009707,0.000066,0,231.777485,6,-0.000995,0.000051,0.006445,0.000039,0,13.626260,4,0.007986,0.000088,7.986320,0.088204
23839,4,b4,1.000000,2.000000,W,0.917843,0.997219,13570.000000,23.532239,576.655721,15047.000000,5564.000000,0.956746,0.000147,0.016272,0.000139,0,191.723399,9,0.943457,0.000168,0.011986,0.000144,0,66.794841,9,0.013288,0.000223,13.288454,0.223334
23839,4,b4,1.000000,2.000000,Em,0.003060,0.030789,12763.000000,19.659656,649.197511,15047.000000,5564.000000,0.016352,0.000063,0.006211,0.000062,0,116.659249,10,-0.079899,0.003741,0.020051,0.000602,4,176.544905,10,0.096250,0.003741,96.250258,3.741203
23839,4,b4,1.000000,2.000000,Pmz,-0.041199,0.015142,13742.000000,23.695286,579.946585,15047.000000,5564.000000,-0.011305,0.000078,0.008482,0.000074,0,646.989504,7,-0.004708,0.000082,0.005670,0.000059,0,150.438545,7,-0.006598,0.000113,-6.597693,0.113432
23839,4,b4,1.000000,2.000000,Pmx,-0.043734,0.019323,13734.000000,23.723072,578.930092,15047.000000,5564.000000,-0.011981,0.000095,0.010543,0.000089,0,290.622281,7,-0.003784,0.000102,0.007123,0.000078,0,121.440983,7,-0.008197,0.000139,-8.196585,0.139281
23839,4,b4,1.000000,2.000000,Pmy,-0.017446,0.036607,13530.000000,23.544503,574.656435,15047.000000,5564.000000,0.009659,0.000089,0.009999,0.000079,0,96.516310,6,-0.000349,0.000099,0.007175,0.000081,0,9.028935,6,0.010008,0.000134,10.007553,0.133596
23839,5,b5,2.000000,3.000000,W,0.918630,0.994574,963.000000,0.000000,1.000000,1118.000000,0.000000,0.957460,0.000466,0.013506,0.000424,0,19.826535,7,0.000000,0.000000,0.000000,0.000000,-999,0.000000,0,0.957460,0.000466,957.459564,0.465597
23839,5,b5,2.000000,3.000000,Em,0.006491,0.031040,943.000000,0.000000,1.000000,1118.000000,0.000000,0.019111,0.000187,0.005407,0.000175,0,10.213433,10,0.000000,0.000000,0.000000,0.000000,-999,0.000000,0,0.019111,0.000187,19.110962,0.187334
23839,5,b5,2.000000,3.000000,Pmz,-0.040544,0.016854,952.000000,0.000000,1.000000,1118.000000,0.000000,-0.012758,0.000261,0.007921,0.000253,0,28.761953,7,0.000000,0.000000,0.000000,0.000000,-999,0.000000,0,-0.012758,0.000261,-12.758269,0.261049
23839,5,b5,2.000000,3.000000,Pmx,-0.041672,0.019781,930.000000,0.000000,1.000000,1118.000000,0.000000,-0.011679,0.000345,0.010214,0.000309,0,14.329464,7,0.000000,0.000000,0.000000,0.000000,-999,0.000000,0,-0.011679,0.000345,-11.678950,0.345185
23839,5,b5,2.000000,3.000000,Pmy,-0.017270,0.044856,921.000000,0.000000,1.000000,1118.000000,0.000000,0.014374,0.000391,0.011335,0.000340,0,7.089078,7,0.000000,0.000000,0.000000,0.000000,-999,0.000000,0,0.014374,0.000391,14.374034,0.391313
23840,0,full,-10.000000,20.000000,W,0.905503,1.005601,189647.000000,200.397672,946.353310,282978.000000,95136.000000,0.953006,0.000053,0.021087,0.000053,0,2938.382499,11,0.945482,0.000059,0.013799,0.000051,0,4286.492015,11,0.007525,0.000079,7.524532,0.079352
23840,0,full,-10.000000,20.000000,Em,0.000218,0.028859,159050.000000,174.203652,913.011857,282978.000000,95136.000000,0.014125,0.000021,0.006748,0.000019,0,3676.685025,11,0.005495,0.000019,0.003706,0.000025,0,5977.521416,11,0.008630,0.000028,8.630388,0.028351
23840,0,full,-10.000000,20.000000,Pmz,-0.051228,0.019319,188873.000000,203.219960,929.401818,282978.000000,95136.000000,-0.012033,0.000026,0.009676,0.000026,0,18441.468605,9,-0.005253,0.000027,0.006067,0.000020,0,8556.856903,9,-0.006780,0.000038,-6.779913,0.038073
23840,0,full,-10.000000,20.000000,Pmx,-0.052871,0.024585,192206.000000,202.308975,950.061656,282978.000000,95136.000000,-0.010901,0.000033,0.012123,0.000033,0,15077.197791,10,-0.004339,0.000029,0.006507,0.000023,0,7963.453154,10,-0.006562,0.000044,-6.561621,0.043860
23840,0,full,-10.000000,20.000000,Pmy,-0.024691,0.037335,238524.000000,259.170864,920.334934,282978.000000,95136.000000,0.006606,0.000022,0.010502,0.000021,0,3604.618546,7,-0.000725,0.000022,0.006433,0.000017,0,65.198938,7,0.007330,0.000031,7.330495,0.031344
23840,1,b1,-2.000000,-1.000000,W,0.898726,1.004212,27999.000000,40.697518,687.978068,40807.000000,21789.000000,0.948195,0.000155,0.022730,0.000159,0,925.654210,12,0.946771,0.000132,0.015152,0.000102,0,1197.230593,12,0.001424,0.000203,1.423811,0.203490
23840,1,b1,-2.000000,-1.000000,Em,-0.001061,0.026515,20488.000000,34.690322,590.596996,40807.000000,21789.000000,0.011682,0.000044,0.005437,0.000040,0,741.004101,11,0.006029,0.000031,0.003446,0.000031,0,1650.188447,11,0.005653,0.000054,5.652639,0.054313
23840,1,b1,-2.000000,-1.000000,Pmz,-0.058281,0.020893,26875.000000,42.355573,634.509189,40807.000000,21789.000000,-0.012337,0.000082,0.009904,0.000084,0,4483.795377,10,-0.005869,0.000057,0.006607,0.000044,0,2887.214341,10,-0.006468,0.000100,-6.468428,0.099833
23840,1,b1,-2.000000,-1.000000,Pmx,-0.054702,0.026537,28649.000000,42.001459,682.095354,40807.000000,21789.000000,-0.007787,0.000104,0.011128,0.000111,0,4734.453114,10,-0.004306,0.000053,0.006009,0.000038,0,2736.506945,9,-0.003482,0.000117,-3.481578,0.117142
23840,1,b1,-2.000000,-1.000000,Pmy,-0.026210,0.035110,33897.000000,49.076705,690.694288,40807.000000,21789.000000,0.004454,0.000053,0.009563,0.000051,0,775.335339,7,-0.000225,0.000042,0.006054,0.000031,0,5.364760,5,0.004680,0.000068,4.679726,0.068020
23840,2,b2,-1.000000,0.000000,W,0.900456,1.001658,50336.000000,61.521432,818.186418,62640.000000,24193.000000,0.948245,0.000107,0.021256,0.000104,0,924.874886,11,0.945541,0.000103,0.013588,0.000081,0,1064.410073,11,0.002704,0.000149,2.704499,0.149093
23840,2,b2,-1.000000,0.000000,Em,-0.001111,0.026255,42723.000000,54.170655,788.674241,62640.000000,24193.000000,0.011645,0.000033,0.005610,0.000029,0,1640.932988,11,0.005532,0.000026,0.003217,0.000026,0,2026.890821,11,0.006113,0.000042,6.113385,0.041587
23840,2,b2,-1.000000,0.000000,Pmz,-0.052074,0.019808,51194.000000,62.438500,819.910796,62640.000000,24193.000000,-0.011540,0.000052,0.009515,0.000051,0,5769.421840,9,-0.005177,0.000046,0.005832,0.000032,0,2677.903048,9,-0.006364,0.000069,-6.363661,0.069419
23840,2,b2,-1.000000,0.000000,Pmx,-0.048943,0.025409,52200.000000,62.102181,840.550185,62640.000000,24193.000000,-0.008072,0.000060,0.011122,0.000063,0,4717.856598,9,-0.004297,0.000048,0.006191,0.000036,0,2261.018590,8,-0.003774,0.000077,-3.774189,0.077427
23840,2,b2,-1.000000,0.000000,Pmy,-0.021366,0.032723,55717.000000,66.879036,833.101118,62640.000000,24193.000000,0.005774,0.000040,0.009238,0.000038,0,799.849649,6,-0.000854,0.000040,0.006181,0.000030,0,8.641705,6,0.006628,0.000057,6.627781,0.057068
23840,3,b3,0.000000,1.000000,W,0.907146,1.004087,58749.000000,58.153449,1010.241024,68274.000000,17090.000000,0.953540,0.000092,0.020468,0.000090,0,917.323331,11,0.944998,0.000109,0.012762,0.000092,0,761.057683,11,0.008542,0.000142,8.541739,0.142473
23840,3,b3,0.000000,1.000000,Em,0.000113,0.028428,51974.000000,51.572372,1007.787660,68274.000000,17090.000000,0.013678,0.000035,0.006475,0.000033,0,1556.583380,11,0.005314,0.000040,0.003763,0.000051,0,1354.528141,11,0.008363,0.000053,8.363353,0.053162
23840,3,b3,0.000000,1.000000,Pmz,-0.048576,0.019355,60622.000000,58.441747,1037.306433,68274.000000,17090.000000,-0.011649,0.000048,0.010123,0.000046,0,3846.375527,8,-0.004940,0.000052,0.005784,0.000036,0,1386.844763,8,-0.006709,0.000071,-6.709460,0.070766
23840,3,b3,0.000000,1.000000,Pmx,-0.050126,0.023345,60393.000000,58.395340,1034.209236,68274.000000,17090.000000,-0.011478,0.000053,0.011793,0.000055,0,3071.295265,9,-0.004471,0.000059,0.006676,0.000046,0,1214.938038,9,-0.007007,0.000079,-7.007125,0.079429
23840,3,b3,0.000000,1.000000,Pmy,-0.020194,0.034433,61058.000000,59.305980,1029.542043,68274.000000,17090.000000,0.007142,0.000042,0.009943,0.000038,0,508.156286,6,-0.000995,0.000051,0.006445,0.000039,0,13.626260,4,0.008137,0.000066,8.136645,0.065830
23840,4,b4,1.000000,2.000000,W,0.919655,0.999001,41730.000000,23.546505,1772.237557,45717.000000,5564.000000,0.958217,0.000085,0.015991,0.000079,0,313.016479,8,0.943153,0.000195,0.012357,0.000189,0,55.404862,8,0.015064,0.000212,15.063909,0.212485
23840,4,b4,1.000000,2.000000,Em,0.004495,0.032863,38891.000000,15.632988,2487.752248,45717.000000,5564.000000,0.018141,0.000037,0.006355,0.000034,0,434.827750,11,-0.082434,0.004800,0.020401,0.000639,4,191.298536,11,0.100574,0.004800,100.574335,4.800491
23840,4,b4,1.000000,2.000000,Pmz,-0.042384,0.014382,42256.000000,23.719513,1781.486832,45717.000000,5564.000000,-0.012448,0.000046,0.008574,0.000043,0,1644.558386,6,-0.004695,0.000082,0.005746,0.000067,0,142.716232,6,-0.007753,0.000094,-7.752788,0.094013
23840,4,b4,1.000000,2.000000,Pmx,-0.044548,0.017328,41301.000000,23.700640,1742.611150,45717.000000,5564.000000,-0.013271,0.000054,0.010494,0.000051,0,826.497693,7,-0.003784,0.000102,0.007123,0.000078,0,121.440983,7,-0.009487,0.000115,-9.487499,0.115362
23840,4,b4,1.000000,2.000000,Pmy,-0.018383,0.037635,41324.000000,23.688555,1744.471116,45717.000000,5564.000000,0.009832,0.000053,0.010280,0.000047,0,266.904075,6,-0.000349,0.000099,0.007175,0.000081,0,9.028935,6,0.010181,0.000113,10.181020,0.112725
23840,5,b5,2.000000,3.000000,W,0.922953,0.993335,2648.000000,0.000000,1.000000,3113.000000,0.000000,0.958532,0.000293,0.014222,0.000258,0,10.655434,7,0.000000,0.000000,0.000000,0.000000,-999,0.000000,0,0.958532,0.000293,958.532035,0.293192
23840,5,b5,2.000000,3.000000,Em,0.007536,0.032585,2622.000000,0.000000,1.000000,3113.000000,0.000000,0.020457,0.000111,0.005191,0.000104,0,19.220651,9,0.000000,0.000000,0.000000,0.000000,-999,0.000000,0,0.020457,0.000111,20.456910,0.110671
23840,5,b5,2.000000,3.000000,Pmz,-0.041506,0.014561,2670.000000,0.000000,1.000000,3113.000000,0.000000,-0.013599,0.000158,0.007962,0.000145,0,65.648319,6,0.000000,0.000000,0.000000,0.000000,-999,0.000000,0,-0.013599,0.000158,-13.598598,0.157994
23840,5,b5,2.000000,3.000000,Pmx,-0.043287,0.020337,2593.000000,0.000000,1.000000,3113.000000,0.000000,-0.012049,0.000217,0.010525,0.000197,0,43.610112,7,0.000000,0.000000,0.000000,0.000000,-999,0.000000,0,-0.012049,0.000217,-12.049145,0.217243
23840,5,b5,2.000000,3.000000,Pmy,-0.017332,0.046611,2533.000000,0.000000,1.000000,3113.000000,0.000000,0.015375,0.000237,0.011559,0.000227,0,53.279559,8,0.000000,0.000000,0.000000,0.000000,-999,0.000000,0,0.015375,0.000237,15.375285,0.236536
23841,0,full,-10.000000,20.000000,W,0.905487,1.005510,48265.000000,200.397672,240.846112,72084.000000,95136.000000,0.952996,0.000105,0.021046,0.000104,0,774.354887,11,0.945482,0.000059,0.013799,0.000051,0,4286.492015,11,0.007515,0.000120,7.514506,0.120372
23841,0,full,-10.000000,20.000000,Em,0.000389,0.029896,40574.000000,174.203652,232.911305,72084.000000,95136.000000,0.014586,0.000041,0.006946,0.000038,0,1276.096411,12,0.005495,0.000019,0.003706,0.000025,0,6588.537130,12,0.009091,0.000046,9.091110,0.045738
23841,0,full,-10.000000,20.000000,Pmz,-0.051124,0.018779,48168.000000,203.219960,237.023962,72084.000000,95136.000000,-0.012345,0.000053,0.009706,0.000053,0,4756.894435,9,-0.005253,0.000027,0.006067,0.000020,0,8556.856903,9,-0.007093,0.000060,-7.092640,0.059783
23841,0,full,-10.000000,20.000000,Pmx,-0.052491,0.024105,49046.000000,202.308975,242.431162,72084.000000,95136.000000,-0.010992,0.000065,0.012135,0.000067,0,3815.838326,10,-0.004339,0.000029,0.006507,0.000023,0,7963.453154,10,-0.006653,0.000071,-6.653149,0.071259
23841,0,full,-10.000000,20.000000,Pmy,-0.024253,0.037668,60875.000000,259.170864,234.883656,72084.000000,95136.000000,0.006455,0.000044,0.010512,0.000042,0,989.107439,7,-0.000725,0.000022,0.006433,0.000017,0,65.198938,7,0.007180,0.000049,7.180058,0.049441
23841,1,b1,-2.000000,-1.000000,W,0.898780,1.004235,7284.000000,40.697518,178.978972,10525.000000,21789.000000,0.948590,0.000305,0.022683,0.000312,0,254.161490,12,0.946771,0.000132,0.015152,0.000102,0,1197.230593,12,0.001820,0.000333,1.819646,0.332753
23841,1,b1,-2.000000,-1.000000,Em,-0.000920,0.027019,5309.000000,34.690322,153.039801,10525.000000,21789.000000,0.011946,0.000092,0.005658,0.000096,0,284.660818,11,0.005911,0.000035,0.003718,0.000047,0,1749.709189,11,0.006035,0.000099,6.035402,0.098850
23841,1,b1,-2.000000,-1.000000,Pmz,-0.057754,0.019913,6972.000000,42.355573,164.606440,10525.000000,21789.000000,-0.012870,0.000178,0.010076,0.000175,0,1165.545819,10,-0.005869,0.000057,0.006607,0.000044,0,2887.214341,10,-0.007001,0.000187,-7.000720,0.186781
23841,1,b1,-2.000000,-1.000000,Pmx,-0.053942,0.026202,7267.000000,41.252308,176.159840,10525.000000,21789.000000,-0.008069,0.000207,0.011279,0.000227,0,1188.154568,10,-0.004306,0.000053,0.006009,0.000038,0,2736.506945,9,-0.003763,0.000214,-3.763380,0.213863
23841,1,b1,-2.000000,-1.000000,Pmy,-0.025964,0.034376,8783.000000,49.076705,178.964744,10525.000000,21789.000000,0.004212,0.000105,0.009535,0.000103,0,228.486393,7,-0.000225,0.000042,0.006054,0.000031,0,5.364760,5,0.004437,0.000113,4.436960,0.113342
23841,2,b2,-1.000000,0.000000,W,0.899904,1.002411,12844.000000,61.521432,208.772774,15978.000000,24193.000000,0.948344,0.000214,0.021422,0.000206,0,223.151463,11,0.945541,0.000103,0.013588,0.000081,0,1064.410073,11,0.002804,0.000238,2.803696,0.237568
23841,2,b2,-1.000000,0.000000,Em,-0.000747,0.026378,10886.000000,54.170655,200.957512,15978.000000,24193.000000,0.011814,0.000064,0.005691,0.000063,0,350.728952,10,0.005456,0.000029,0.003377,0.000038,0,1980.180477,10,0.006358,0.000070,6.357621,0.070245
23841,2,b2,-1.000000,0.000000,Pmz,-0.052236,0.019432,13043.000000,62.438500,208.893552,15978.000000,24193.000000,-0.011808,0.000104,0.009545,0.000104,0,1499.783772,9,-0.005177,0.000046,0.005832,0.000032,0,2677.903048,9,-0.006631,0.000114,-6.631437,0.114203
23841,2,b2,-1.000000,0.000000,Pmx,-0.049105,0.025075,13335.000000,62.102181,214.726757,15978.000000,24193.000000,-0.008082,0.000116,0.010930,0.000119,0,1159.426252,9,-0.004297,0.000048,0.006191,0.000036,0,2261.018590,8,-0.003785,0.000126,-3.784961,0.126006
23841,2,b2,-1.000000,0.000000,Pmy,-0.021317,0.032757,14160.000000,66.879036,211.725538,15978.000000,24193.000000,0.005677,0.000079,0.009179,0.000071,0,136.476519,6,-0.000854,0.000040,0.006181,0.000030,0,8.641705,6,0.006530,0.000089,6.530240,0.089023
23841,3,b3,0.000000,1.000000,W,0.907227,1.004187,14964.000000,58.153449,257.319217,17434.000000,17090.000000,0.953682,0.000180,0.020314,0.000175,0,246.264483,11,0.944998,0.000109,0.012762,0.000092,0,761.057683,11,0.008684,0.000211,8.684118,0.210618
23841,3,b3,0.000000,1.000000,Em,0.000416,0.029579,13328.000000,51.572372,258.432946,17434.000000,17090.000000,0.014264,0.000070,0.006594,0.000065,0,583.831554,12,0.005314,0.000040,0.003763,0.000051,0,1499.560514,12,0.008950,0.000080,8.949930,0.080449
23841,3,b3,0.000000,1.000000,Pmz,-0.048693,0.018879,15512.000000,58.441747,265.426700,17434.000000,17090.000000,-0.011917,0.000093,0.010102,0.000090,0,971.498042,8,-0.004940,0.000052,0.005784,0.000036,0,1386.844763,8,-0.006978,0.000107,-6.977716,0.106989
23841,3,b3,0.000000,1.000000,Pmx,-0.050178,0.022889,15437.000000,58.395340,264.353286,17434.000000,17090.000000,-0.011668,0.000105,0.011922,0.000112,0,806.334332,9,-0.004471,0.000059,0.006676,0.000046,0,1214.938038,9,-0.007197,0.000121,-7.197247,0.120666
23841,3,b3,0.000000,1.000000,Pmy,-0.020571,0.034756,15607.000000,59.305980,263.160645,17434.000000,17090.000000,0.007068,0.000083,0.009925,0.000076,0,159.739675,6,-0.000995,0.000051,0.006445,0.000039,0,13.626260,4,0.008062,0.000097,8.062454,0.097123
23841,4,b4,1.000000,2.000000,W,0.919052,0.998820,10218.000000,23.532239,434.212834,11392.000000,5564.000000,0.958133,0.000172,0.016135,0.000162,0,84.418059,8,0.943153,0.000195,0.012357,0.000189,0,55.404862,8,0.014980,0.000260,14.979878,0.259789
23841,4,b4,1.000000,2.000000,Em,0.004806,0.032931,9695.000000,15.632988,620.162969,11392.000000,5564.000000,0.018353,0.000073,0.006296,0.000066,0,99.374391,11,-0.081697,0.004615,0.020296,0.000663,4,191.334915,11,0.100050,0.004616,100.049984,4.616029
23841,4,b4,1.000000,2.000000,Pmz,-0.041854,0.013533,10402.000000,23.695286,438.990276,11392.000000,5564.000000,-0.012757,0.000092,0.008507,0.000085,0,429.030654,6,-0.004695,0.000082,0.005746,0.000067,0,142.716232,6,-0.008062,0.000123,-8.061691,0.123128
23841,4,b4,1.000000,2.000000,Pmx,-0.044645,0.016999,10321.000000,23.700640,435.473467,11392.000000,5564.000000,-0.013371,0.000110,0.010638,0.000106,0,222.900237,7,-0.003784,0.000102,0.007123,0.000078,0,121.440983,7,-0.009587,0.000150,-9.587456,0.150028
23841,4,b4,1.000000,2.000000,Pmy,-0.017898,0.037109,10282.000000,23.544503,436.704912,11392.000000,5564.000000,0.009776,0.000106,0.010275,0.000095,0,78.783139,6,-0.000349,0.000099,0.007175,0.000081,0,9.028935,6,0.010125,0.000145,10.125106,0.145158
23841,5,b5,2.000000,3.000000,W,0.922523,0.993804,619.000000,0.000000,1.000000,726.000000,0.000000,0.958903,0.000587,0.013663,0.000516,0,10.419216,7,0.000000,0.000000,0.000000,0.000000,-999,0.000000,0,0.958903,0.000587,958.902855,0.586924
23841,5,b5,2.000000,3.000000,Em,0.007859,0.032684,605.000000,0.000000,1.000000,726.000000,0.000000,0.020613,0.000233,0.005207,0.000227,0,11.934772,9,0.000000,0.000000,0.000000,0.000000,-999,0.000000,0,0.020613,0.000233,20.613436,0.233264
23841,5,b5,2.000000,3.000000,Pmz,-0.041829,0.016371,630.000000,0.000000,1.000000,726.000000,0.000000,-0.013816,0.000344,0.008392,0.000364,0,27.902271,7,0.000000,0.000000,0.000000,0.000000,-999,0.000000,0,-0.013816,0.000344,-13.815710,0.343641
23841,5,b5,2.000000,3.000000,Pmx,-0.046050,0.022286,615.000000,0.000000,1.000000,726.000000,0.000000,-0.012939,0.000444,0.010725,0.000440,0,27.000172,9,0.000000,0.000000,0.000000,0.000000,-999,0.000000,0,-0.012939,0.000444,-12.939427,0.444315
23841,5,b5,2.000000,3.000000,Pmy,-0.019327,0.046829,601.000000,0.000000,1.000000,726.000000,0.000000,0.015280,0.000502,0.011770,0.000425,0,7.878593,8,0.000000,0.000000,0.000000,0.000000,-999,0.000000,0,0.015280,0.000502,15.280251,0.502366
23842,0,full,-10.000000,20.000000,W,0.906096,1.003025,83566.000000,200.397672,417.000853,124431.000000,95136.000000,0.953189,0.000080,0.021194,0.000080,0,1330.918566,11,0.945482,0.000059,0.013799,0.000051,0,4286.492015,11,0.007707,0.000100,7.707451,0.099776
23842,0,full,-10.000000,20.000000,Em,0.000563,0.029057,70397.000000,174.203652,404.107486,124431.000000,95136.000000,0.014649,0.000031,0.006918,0.000028,0,2160.727480,12,0.005495,0.000019,0.003706,0.000025,0,6588.537130,12,0.009154,0.000037,9.154489,0.036743
23842,0,full,-10.000000,20.000000,Pmz,-0.051378,0.019341,83170.000000,203.219960,409.260981,124431.000000,95136.000000,-0.012300,0.000040,0.009720,0.000040,0,7935.885242,9,-0.005253,0.000027,0.006067,0.000020,0,8556.856903,9,-0.007047,0.000048,-7.047230,0.048465
23842,0,full,-10.000000,20.000000,Pmx,-0.053075,0.024535,84789.000000,202.308975,419.106468,124431.000000,95136.000000,-0.010996,0.000049,0.012080,0.000050,0,6723.016293,10,-0.004339,0.000029,0.006507,0.000023,0,7963.453154,10,-0.006657,0.000057,-6.656511,0.057154
23842,0,full,-10.000000,20.000000,Pmy,-0.024187,0.037750,105009.000000,259.170864,405.172859,124431.000000,95136.000000,0.006557,0.000034,0.010475,0.000031,0,1596.563898,7,-0.000725,0.000022,0.006433,0.000017,0,65.198938,7,0.007282,0.000040,7.281986,0.040131
23842,1,b1,-2.000000,-1.000000,W,0.898543,1.004518,12280.000000,40.697518,301.738301,17809.000000,21789.000000,0.947843,0.000239,0.022673,0.000255,0,569.343557,12,0.946771,0.000132,0.015152,0.000102,0,1197.230593,12,0.001072,0.000273,1.072310,0.273377
23842,1,b1,-2.000000,-1.000000,Em,-0.000836,0.026922,9033.000000,34.690322,260.389626,17809.000000,21789.000000,0.012001,0.000068,0.005500,0.000067,0,329.684670,10,0.005911,0.000035,0.003718,0.000047,0,1560.934525,10,0.006090,0.000076,6.089582,0.076430
23842,1,b1,-2.000000,-1.000000,Pmz,-0.058251,0.020270,11754.000000,42.355573,277.507759,17809.000000,21789.000000,-0.012798,0.000125,0.009904,0.000127,0,1944.842937,10,-0.005869,0.000057,0.006607,0.000044,0,2887.214341,10,-0.006929,0.000137,-6.929422,0.137414
23842,1,b1,-2.000000,-1.000000,Pmx,-0.055175,0.026959,12497.000000,42.001459,297.537284,17809.000000,21789.000000,-0.007383,0.000147,0.010576,0.000150,0,2136.510545,10,-0.004306,0.000053,0.006009,0.000038,0,2736.506945,9,-0.003077,0.000157,-3.076807,0.156676
23842,1,b1,-2.000000,-1.000000,Pmy,-0.026192,0.035069,14800.000000,49.076705,301.568737,17809.000000,21789.000000,0.004412,0.000080,0.009403,0.000077,0,365.859119,7,-0.000225,0.000042,0.006054,0.000031,0,5.364760,5,0.004637,0.000090,4.637469,0.090024
23842,2,b2,-1.000000,0.000000,W,0.900476,1.002362,22244.000000,61.521432,361.565057,27754.000000,24193.000000,0.948635,0.000165,0.021649,0.000161,0,402.289393,11,0.945541,0.000103,0.013588,0.000081,0,1064.410073,11,0.003095,0.000195,3.094532,0.194976
23842,2,b2,-1.000000,0.000000,Em,-0.000747,0.026354,18888.000000,54.170655,348.675867,27754.000000,24193.000000,0.011879,0.000048,0.005599,0.000045,0,588.264607,10,0.005456,0.000029,0.003377,0.000038,0,1980.180477,10,0.006423,0.000056,6.423054,0.055752
23842,2,b2,-1.000000,0.000000,Pmz,-0.052092,0.020134,22581.000000,62.438500,361.651867,27754.000000,24193.000000,-0.011744,0.000079,0.009727,0.000082,0,2445.057939,9,-0.005177,0.000046,0.005832,0.000032,0,2677.903048,9,-0.006567,0.000092,-6.567364,0.091674
23842,2,b2,-1.000000,0.000000,Pmx,-0.049532,0.025557,23101.000000,62.102181,371.983713,27754.000000,24193.000000,-0.008393,0.000093,0.011162,0.000093,0,2048.764220,9,-0.004297,0.000048,0.006191,0.000036,0,2261.018590,8,-0.004095,0.000104,-4.095086,0.104476
23842,2,b2,-1.000000,0.000000,Pmy,-0.021396,0.033138,24661.000000,66.879036,368.740360,27754.000000,24193.000000,0.005777,0.000062,0.009555,0.000058,0,458.424510,7,-0.000854,0.000040,0.006181,0.000030,0,8.641705,6,0.006631,0.000074,6.630859,0.073861
23842,3,b3,0.000000,1.000000,W,0.907043,1.004568,25782.000000,58.153449,443.344297,30125.000000,17090.000000,0.953925,0.000139,0.020515,0.000135,0,402.824488,11,0.944998,0.000109,0.012762,0.000092,0,761.057683,11,0.008926,0.000177,8.926425,0.176796
23842,3,b3,0.000000,1.000000,Em,0.000505,0.028676,22996.000000,51.572372,445.897661,30125.000000,17090.000000,0.014039,0.000052,0.006423,0.000048,0,703.392957,11,0.005314,0.000040,0.003763,0.000051,0,1354.528141,11,0.008724,0.000066,8.724205,0.066044
23842,3,b3,0.000000,1.000000,Pmz,-0.048952,0.019414,26656.000000,58.441747,456.112307,30125.000000,17090.000000,-0.011937,0.000073,0.010224,0.000069,0,1614.779024,8,-0.004940,0.000052,0.005784,0.000036,0,1386.844763,8,-0.006997,0.000090,-6.997462,0.089659
23842,3,b3,0.000000,1.000000,Pmx,-0.050462,0.023332,26600.000000,58.395340,455.515799,30125.000000,17090.000000,-0.011627,0.000080,0.011836,0.000083,0,1392.531124,9,-0.004471,0.000059,0.006676,0.000046,0,1214.938038,9,-0.007156,0.000099,-7.155924,0.099368
23842,3,b3,0.000000,1.000000,Pmy,-0.020669,0.034890,26827.000000,59.305980,452.348986,30125.000000,17090.000000,0.007159,0.000063,0.009861,0.000057,0,244.399820,6,-0.000995,0.000051,0.006445,0.000039,0,13.626260,4,0.008153,0.000081,8.153327,0.080597
23842,4,b4,1.000000,2.000000,W,0.919767,0.998579,18256.000000,23.532239,775.786797,20335.000000,5564.000000,0.958133,0.000126,0.015867,0.000118,0,156.016354,8,0.943153,0.000195,0.012357,0.000189,0,55.404862,8,0.014979,0.000232,14.979046,0.231899
23842,4,b4,1.000000,2.000000,Em,0.004823,0.032883,17347.000000,15.632988,1109.640746,20335.000000,5564.000000,0.018385,0.000055,0.006339,0.000051,0,160.003201,11,-0.081139,0.004287,0.020221,0.000608,4,191.386265,11,0.099524,0.004288,99.524116,4.287534
23842,4,b4,1.000000,2.000000,Pmz,-0.042615,0.014442,18770.000000,23.719513,791.331594,20335.000000,5564.000000,-0.012690,0.000068,0.008389,0.000063,0,776.926615,6,-0.004695,0.000082,0.005746,0.000067,0,142.716232,6,-0.007996,0.000106,-7.995516,0.106384
23842,4,b4,1.000000,2.000000,Pmx,-0.044580,0.017429,18387.000000,23.700640,775.801826,20335.000000,5564.000000,-0.013238,0.000080,0.010386,0.000077,0,407.825406,7,-0.003784,0.000102,0.007123,0.000078,0,121.440983,7,-0.009454,0.000130,-9.453793,0.129753
23842,4,b4,1.000000,2.000000,Pmy,-0.018319,0.037575,18416.000000,23.688555,777.421839,20335.000000,5564.000000,0.009777,0.000079,0.010248,0.000071,0,125.964094,6,-0.000349,0.000099,0.007175,0.000081,0,9.028935,6,0.010126,0.000127,10.126126,0.127194
23842,5,b5,2.000000,3.000000,W,0.922574,0.995741,1131.000000,0.000000,1.000000,1331.000000,0.000000,0.959276,0.000446,0.014296,0.000398,0,16.082208,8,0.000000,0.000000,0.000000,0.000000,-999,0.000000,0,0.959276,0.000446,959.275991,0.445888
23842,5,b5,2.000000,3.000000,Em,0.007374,0.033575,1112.000000,0.000000,1.000000,1331.000000,0.000000,0.021100,0.000185,0.005655,0.000183,0,16.445735,10,0.000000,0.000000,0.000000,0.000000,-999,0.000000,0,0.021100,0.000185,21.099523,0.185191
23842,5,b5,2.000000,3.000000,Pmz,-0.042219,0.016041,1137.000000,0.000000,1.000000,1331.000000,0.000000,-0.014002,0.000234,0.007684,0.000222,0,47.094203,7,0.000000,0.000000,0.000000,0.000000,-999,0.000000,0,-0.014002,0.000234,-14.001677,0.234022
23842,5,b5,2.000000,3.000000,Pmx,-0.043513,0.019154,1091.000000,0.000000,1.000000,1331.000000,0.000000,-0.012910,0.000327,0.010300,0.000315,0,30.421564,7,0.000000,0.000000,0.000000,0.000000,-999,0.000000,0,-0.012910,0.000327,-12.909905,0.326778
23842,5,b5,2.000000,3.000000,Pmy,-0.017435,0.046267,1054.000000,0.000000,1.000000,1331.000000,0.000000,0.015479,0.000356,0.011296,0.000324,0,15.617171,8,0.000000,0.000000,0.000000,0.000000,-999,0.000000,0,0.015479,0.000356,15.479215,0.356149
23844,0,full,-10.000000,20.000000,W,0.905459,1.005961,157331.000000,200.397672,785.093952,235178.000000,95136.000000,0.953233,0.000059,0.021187,0.000058,0,2312.756887,11,0.945482,0.000059,0.013799,0.000051,0,4286.492015,11,0.007751,0.000083,7.751453,0.083201
23844,0,full,-10.000000,20.000000,Em,0.000279,0.029856,132018.000000,174.203652,757.837154,235178.000000,95136.000000,0.014540,0.000023,0.006930,0.000021,0,4062.614907,12,0.005495,0.000019,0.003706,0.000025,0,6588.537130,12,0.009046,0.000030,9.045577,0.029899
23844,0,full,-10.000000,20.000000,Pmz,-0.051353,0.019277,156766.000000,203.219960,771.410447,235178.000000,95136.000000,-0.012274,0.000029,0.009696,0.000029,0,15215.668379,9,-0.005253,0.000027,0.006067,0.000020,0,8556.856903,9,-0.007021,0.000040,-7.020800,0.040148
23844,0,full,-10.000000,20.000000,Pmx,-0.052963,0.024359,159810.000000,202.308975,789.930352,235178.000000,95136.000000,-0.011082,0.000036,0.012098,0.000037,0,12788.641430,10,-0.004339,0.000029,0.006507,0.000023,0,7963.453154,10,-0.006743,0.000047,-6.743331,0.046641
23844,0,full,-10.000000,20.000000,Pmy,-0.024175,0.037593,198407.000000,259.170864,765.545158,235178.000000,95136.000000,0.006532,0.000025,0.010534,0.000023,0,3181.654844,7,-0.000725,0.000022,0.006433,0.000017,0,65.198938,7,0.007257,0.000033,7.256658,0.032972
23844,1,b1,-2.000000,-1.000000,W,0.899089,1.000919,23662.000000,40.697518,581.411374,34347.000000,21789.000000,0.947654,0.000168,0.022157,0.000170,0,604.629584,11,0.946742,0.000131,0.015121,0.000101,0,901.313936,11,0.000911,0.000213,0.911449,0.213035
23844,1,b1,-2.000000,-1.000000,Em,-0.000855,0.026557,17436.000000,34.690322,502.618568,34347.000000,21789.000000,0.011842,0.000048,0.005410,0.000046,0,600.016903,10,0.005911,0.000035,0.003718,0.000047,0,1560.934525,10,0.005931,0.000059,5.931448,0.059345
23844,1,b1,-2.000000,-1.000000,Pmz,-0.058438,0.020780,22750.000000,42.355573,537.119407,34347.000000,21789.000000,-0.012726,0.000092,0.009936,0.000093,0,3751.264235,10,-0.005869,0.000057,0.006607,0.000044,0,2887.214341,10,-0.006857,0.000108,-6.857168,0.108133
23844,1,b1,-2.000000,-1.000000,Pmx,-0.054655,0.026366,24343.000000,42.001459,579.575106,34347.000000,21789.000000,-0.007626,0.000109,0.010844,0.000114,0,4087.345958,10,-0.004306,0.000053,0.006009,0.000038,0,2736.506945,9,-0.003320,0.000121,-3.320116,0.121377
23844,1,b1,-2.000000,-1.000000,Pmy,-0.025828,0.034249,28679.000000,49.076705,584.370932,34347.000000,21789.000000,0.004317,0.000058,0.009513,0.000056,0,711.411995,7,-0.000225,0.000042,0.006054,0.000031,0,5.364760,5,0.004542,0.000072,4.542374,0.071502
23844,2,b2,-1.000000,0.000000,W,0.900526,1.002045,41234.000000,61.521432,670.237976,51451.000000,24193.000000,0.948472,0.000119,0.021241,0.000115,0,818.575816,11,0.945541,0.000103,0.013588,0.000081,0,1064.410073,11,0.002932,0.000157,2.931535,0.157458
23844,2,b2,-1.000000,0.000000,Em,-0.000882,0.026380,34920.000000,54.170655,644.629462,51451.000000,24193.000000,0.011814,0.000036,0.005684,0.000035,0,1097.149249,10,0.005456,0.000029,0.003377,0.000038,0,1980.180477,10,0.006358,0.000046,6.357622,0.045857
23844,2,b2,-1.000000,0.000000,Pmz,-0.052086,0.019958,41861.000000,62.438500,670.435712,51451.000000,24193.000000,-0.011779,0.000058,0.009587,0.000058,0,4641.632852,9,-0.005177,0.000046,0.005832,0.000032,0,2677.903048,9,-0.006602,0.000075,-6.602350,0.074557
23844,2,b2,-1.000000,0.000000,Pmx,-0.049250,0.025272,42845.000000,62.102181,689.911354,51451.000000,24193.000000,-0.008313,0.000068,0.011049,0.000070,0,3983.654749,9,-0.004297,0.000048,0.006191,0.000036,0,2261.018590,8,-0.004016,0.000083,-4.016074,0.083294
23844,2,b2,-1.000000,0.000000,Pmy,-0.021709,0.032962,45731.000000,66.879036,683.786765,51451.000000,24193.000000,0.005678,0.000045,0.009329,0.000042,0,605.774567,6,-0.000854,0.000040,0.006181,0.000030,0,8.641705,6,0.006531,0.000060,6.531235,0.060484
23844,3,b3,0.000000,1.000000,W,0.907239,1.004246,48743.000000,58.153449,838.179003,56619.000000,17090.000000,0.953865,0.000101,0.020569,0.000100,0,747.694724,11,0.944998,0.000109,0.012762,0.000092,0,761.057683,11,0.008866,0.000149,8.866467,0.148820
23844,3,b3,0.000000,1.000000,Em,0.000134,0.029538,43164.000000,51.572372,836.959760,56619.000000,17090.000000,0.014150,0.000039,0.006695,0.000036,0,1802.552765,12,0.005314,0.000040,0.003763,0.000051,0,1499.560514,12,0.008835,0.000056,8.835294,0.056236
23844,3,b3,0.000000,1.000000,Pmz,-0.048761,0.019060,50354.000000,58.441747,861.610111,56619.000000,17090.000000,-0.011862,0.000053,0.010069,0.000050,0,3215.240575,8,-0.004940,0.000052,0.005784,0.000036,0,1386.844763,8,-0.006922,0.000074,-6.922344,0.074213
23844,3,b3,0.000000,1.000000,Pmx,-0.050315,0.023317,50120.000000,58.395340,858.287664,56619.000000,17090.000000,-0.011652,0.000058,0.011746,0.000059,0,2522.569750,9,-0.004471,0.000059,0.006676,0.000046,0,1214.938038,9,-0.007181,0.000083,-7.180922,0.082901
23844,3,b3,0.000000,1.000000,Pmy,-0.020637,0.034541,50567.000000,59.305980,852.645886,56619.000000,17090.000000,0.007102,0.000046,0.009914,0.000042,0,458.025168,6,-0.000995,0.000051,0.006445,0.000039,0,13.626260,4,0.008097,0.000068,8.097175,0.068470
23844,4,b4,1.000000,2.000000,W,0.919626,0.999532,34588.000000,23.546505,1468.922900,38004.000000,5564.000000,0.958373,0.000094,0.016191,0.000088,0,232.486108,8,0.943153,0.000195,0.012357,0.000189,0,55.404862,8,0.015220,0.000217,15.219646,0.216506
23844,4,b4,1.000000,2.000000,Em,0.004668,0.032978,32311.000000,15.632988,2066.847416,38004.000000,5564.000000,0.018330,0.000041,0.006326,0.000037,0,367.581573,11,-0.079851,0.004163,0.020081,0.000583,4,191.528219,11,0.098181,0.004163,98.180729,4.163138
23844,4,b4,1.000000,2.000000,Pmz,-0.042589,0.014452,35094.000000,23.719513,1479.541340,38004.000000,5564.000000,-0.012674,0.000050,0.008563,0.000048,0,1364.111678,6,-0.004695,0.000082,0.005746,0.000067,0,142.716232,6,-0.007979,0.000096,-7.978641,0.096282
23844,4,b4,1.000000,2.000000,Pmx,-0.045050,0.017305,34358.000000,23.700640,1449.665477,38004.000000,5564.000000,-0.013491,0.000061,0.010734,0.000060,0,1139.523347,8,-0.003784,0.000102,0.007123,0.000078,0,123.440658,8,-0.009707,0.000119,-9.707182,0.118580
23844,4,b4,1.000000,2.000000,Pmy,-0.018224,0.037634,34430.000000,23.688555,1453.444500,38004.000000,5564.000000,0.009871,0.000057,0.010175,0.000052,0,252.814294,6,-0.000349,0.000099,0.007175,0.000081,0,9.028935,6,0.010220,0.000115,10.219759,0.114870
23844,5,b5,2.000000,3.000000,W,0.921245,0.996592,2242.000000,0.000000,1.000000,2640.000000,0.000000,0.959313,0.000328,0.014760,0.000287,0,23.797466,8,0.000000,0.000000,0.000000,0.000000,-999,0.000000,0,0.959313,0.000328,959.312734,0.327971
23844,5,b5,2.000000,3.000000,Em,0.007857,0.032389,2228.000000,0.000000,1.000000,2640.000000,0.000000,0.020393,0.000125,0.005372,0.000118,0,11.516737,9,0.000000,0.000000,0.000000,0.000000,-999,0.000000,0,0.020393,0.000125,20.393049,0.125103
23844,5,b5,2.000000,3.000000,Pmz,-0.042194,0.017743,2262.000000,0.000000,1.000000,2640.000000,0.000000,-0.013129,0.000179,0.008260,0.000177,0,82.459534,7,0.000000,0.000000,0.000000,0.000000,-999,0.000000,0,-0.013129,0.000179,-13.129406,0.179220
23844,5,b5,2.000000,3.000000,Pmx,-0.044335,0.019945,2177.000000,0.000000,1.000000,2640.000000,0.000000,-0.012683,0.000236,0.010595,0.000220,0,32.535674,7,0.000000,0.000000,0.000000,0.000000,-999,0.000000,0,-0.012683,0.000236,-12.683377,0.236048
23844,5,b5,2.000000,3.000000,Pmy,-0.018301,0.046398,2146.000000,0.000000,1.000000,2640.000000,0.000000,0.014799,0.000267,0.011923,0.000244,0,29.223707,8,0.000000,0.000000,0.000000,0.000000,-999,0.000000,0,0.014799,0.000267,14.799266,0.266765
23845,0,full,-10.000000,20.000000,W,0.905418,1.005638,141618.000000,200.397672,706.684857,211446.000000,95136.000000,0.953096,0.000062,0.021193,0.000061,0,2049.126794,11,0.945482,0.000059,0.013799,0.000051,0,4286.492015,11,0.007614,0.000085,7.614111,0.085403
23845,0,full,-10.000000,20.000000,Em,0.000482,0.028976,118814.000000,174.203652,682.040810,211446.000000,95136.000000,0.014323,0.000024,0.006677,0.000022,0,2988.711417,11,0.005495,0.000019,0.003706,0.000025,0,5977.521416,11,0.008828,0.000031,8.828095,0.030849
23845,0,full,-10.000000,20.000000,Pmz,-0.051245,0.019197,141274.000000,203.219960,695.177778,211446.000000,95136.000000,-0.012295,0.000031,0.009730,0.000031,0,13646.000517,9,-0.005253,0.000027,0.006067,0.000020,0,8556.856903,9,-0.007042,0.000041,-7.041823,0.041307
23845,0,full,-10.000000,20.000000,Pmx,-0.052992,0.024451,143778.000000,202.308975,710.685227,211446.000000,95136.000000,-0.011011,0.000038,0.012107,0.000038,0,11107.159511,10,-0.004339,0.000029,0.006507,0.000023,0,7963.453154,10,-0.006672,0.000048,-6.672105,0.047696
23845,0,full,-10.000000,20.000000,Pmy,-0.024152,0.037660,178193.000000,259.170864,687.550279,211446.000000,95136.000000,0.006532,0.000026,0.010520,0.000024,0,2828.381625,7,-0.000725,0.000022,0.006433,0.000017,0,65.198938,7,0.007256,0.000034,7.256438,0.033981
23845,1,b1,-2.000000,-1.000000,W,0.897694,1.004859,21155.000000,40.697518,519.810566,30614.000000,21789.000000,0.947905,0.000185,0.023358,0.000197,0,752.475213,12,0.946771,0.000132,0.015152,0.000102,0,1197.230593,12,0.001134,0.000227,1.134435,0.227352
23845,1,b1,-2.000000,-1.000000,Em,-0.000967,0.026596,15449.000000,34.690322,445.340345,30614.000000,21789.000000,0.011838,0.000051,0.005391,0.000048,0,549.009562,10,0.005911,0.000035,0.003718,0.000047,0,1560.934525,10,0.005927,0.000062,5.927198,0.061575
23845,1,b1,-2.000000,-1.000000,Pmz,-0.057932,0.020163,20352.000000,42.355573,480.503480,30614.000000,21789.000000,-0.012935,0.000100,0.009935,0.000098,0,3385.602938,10,-0.005869,0.000057,0.006607,0.000044,0,2887.214341,10,-0.007066,0.000115,-7.065886,0.114783
23845,1,b1,-2.000000,-1.000000,Pmx,-0.054427,0.026238,21741.000000,42.001459,517.624877,30614.000000,21789.000000,-0.007867,0.000124,0.011304,0.000131,0,3629.783777,10,-0.004306,0.000053,0.006009,0.000038,0,2736.506945,9,-0.003561,0.000135,-3.561096,0.135054
23845,1,b1,-2.000000,-1.000000,Pmy,-0.025467,0.034297,25547.000000,49.076705,520.552467,30614.000000,21789.000000,0.004319,0.000061,0.009455,0.000059,0,649.999676,7,-0.000225,0.000042,0.006054,0.000031,0,5.364760,5,0.004545,0.000074,4.544556,0.073971
23845,2,b2,-1.000000,0.000000,W,0.900564,1.001717,37540.000000,61.521432,610.193860,46726.000000,24193.000000,0.948302,0.000126,0.021495,0.000124,0,722.377128,11,0.945541,0.000103,0.013588,0.000081,0,1064.410073,11,0.002761,0.000163,2.760902,0.163089
23845,2,b2,-1.000000,0.000000,Em,-0.000890,0.026434,31772.000000,54.170655,586.516817,46726.000000,24193.000000,0.011750,0.000037,0.005637,0.000037,0,1093.431308,10,0.005456,0.000029,0.003377,0.000038,0,1980.180477,10,0.006293,0.000047,6.293481,0.047086
23845,2,b2,-1.000000,0.000000,Pmz,-0.052019,0.019962,38051.000000,62.438500,609.415668,46726.000000,24193.000000,-0.011788,0.000061,0.009699,0.000062,0,4162.003756,9,-0.005177,0.000046,0.005832,0.000032,0,2677.903048,9,-0.006611,0.000077,-6.611232,0.076887
23845,2,b2,-1.000000,0.000000,Pmx,-0.049293,0.025508,38968.000000,62.102181,627.481985,46726.000000,24193.000000,-0.008230,0.000070,0.011119,0.000073,0,3507.384464,9,-0.004297,0.000048,0.006191,0.000036,0,2261.018590,8,-0.003933,0.000085,-3.932830,0.085360
23845,2,b2,-1.000000,0.000000,Pmy,-0.021821,0.033330,41338.000000,66.879036,618.101010,46726.000000,24193.000000,0.005711,0.000048,0.009501,0.000045,0,822.073104,7,-0.000854,0.000040,0.006181,0.000030,0,8.641705,6,0.006564,0.000062,6.564144,0.062353
23845,3,b3,0.000000,1.000000,W,0.907084,1.004324,43732.000000,58.153449,752.010425,51059.000000,17090.000000,0.953818,0.000106,0.020398,0.000103,0,667.873270,11,0.944998,0.000109,0.012762,0.000092,0,761.057683,11,0.008820,0.000152,8.820190,0.152001
23845,3,b3,0.000000,1.000000,Em,0.000424,0.028604,38941.000000,51.572372,755.074831,51059.000000,17090.000000,0.013959,0.000041,0.006447,0.000037,0,1279.850266,11,0.005314,0.000040,0.003763,0.000051,0,1354.528141,11,0.008645,0.000057,8.644620,0.057295
23845,3,b3,0.000000,1.000000,Pmz,-0.049026,0.019443,45411.000000,58.441747,777.030161,51059.000000,17090.000000,-0.011773,0.000055,0.010130,0.000053,0,2799.954317,8,-0.004940,0.000052,0.005784,0.000036,0,1386.844763,8,-0.006833,0.000076,-6.832976,0.075741
23845,3,b3,0.000000,1.000000,Pmx,-0.050518,0.023200,45145.000000,58.395340,773.092510,51059.000000,17090.000000,-0.011685,0.000061,0.011842,0.000063,0,2137.308024,9,-0.004471,0.000059,0.006676,0.000046,0,1214.938038,9,-0.007214,0.000085,-7.214228,0.085037
23845,3,b3,0.000000,1.000000,Pmy,-0.020570,0.034693,45678.000000,59.305980,770.209005,51059.000000,17090.000000,0.007143,0.000049,0.009958,0.000044,0,449.285500,6,-0.000995,0.000051,0.006445,0.000039,0,13.626260,4,0.008138,0.000070,8.137618,0.070257
23845,4,b4,1.000000,2.000000,W,0.919694,0.999187,30910.000000,23.546505,1312.721373,33963.000000,5564.000000,0.958353,0.000098,0.016065,0.000092,0,202.554149,8,0.943153,0.000195,0.012357,0.000189,0,55.404862,8,0.015200,0.000218,15.199824,0.218412
23845,4,b4,1.000000,2.000000,Em,0.004823,0.032818,28891.000000,15.632988,1848.079252,33963.000000,5564.000000,0.018299,0.000043,0.006331,0.000039,0,297.474951,11,-0.084091,0.003656,0.020555,0.000548,4,191.099548,11,0.102390,0.003656,102.390114,3.656145
23845,4,b4,1.000000,2.000000,Pmz,-0.042149,0.014014,31443.000000,23.719513,1325.617438,33963.000000,5564.000000,-0.012682,0.000053,0.008510,0.000050,0,1271.946250,6,-0.004695,0.000082,0.005746,0.000067,0,142.716232,6,-0.007987,0.000098,-7.987402,0.097840
23845,4,b4,1.000000,2.000000,Pmx,-0.044846,0.017272,30677.000000,23.700640,1294.353218,33963.000000,5564.000000,-0.013334,0.000062,0.010436,0.000059,0,592.932432,7,-0.003784,0.000102,0.007123,0.000078,0,121.440983,7,-0.009550,0.000119,-9.550086,0.119481
23845,4,b4,1.000000,2.000000,Pmy,-0.018208,0.037375,30792.000000,23.688555,1299.868226,33963.000000,5564.000000,0.009782,0.000061,0.010243,0.000055,0,221.657170,6,-0.000349,0.000099,0.007175,0.000081,0,9.028935,6,0.010131,0.000117,10.130692,0.116814
23845,5,b5,2.000000,3.000000,W,0.923206,0.993069,2048.000000,0.000000,1.000000,2373.000000,0.000000,0.958587,0.000312,0.013407,0.000283,0,28.012192,7,0.000000,0.000000,0.000000,0.000000,-999,0.000000,0,0.958587,0.000312,958.586980,0.312449
23845,5,b5,2.000000,3.000000,Em,0.007349,0.032917,2007.000000,0.000000,1.000000,2373.000000,0.000000,0.020622,0.000130,0.005267,0.000124,0,14.146288,9,0.000000,0.000000,0.000000,0.000000,-999,0.000000,0,0.020622,0.000130,20.622235,0.129534
23845,5,b5,2.000000,3.000000,Pmz,-0.040752,0.014607,2055.000000,0.000000,1.000000,2373.000000,0.000000,-0.013822,0.000185,0.008152,0.000179,0,59.704149,6,0.000000,0.000000,0.000000,0.000000,-999,0.000000,0,-0.013822,0.000185,-13.822439,0.184642
23845,5,b5,2.000000,3.000000,Pmx,-0.042460,0.018855,2006.000000,0.000000,1.000000,2373.000000,0.000000,-0.012140,0.000249,0.010674,0.000233,0,31.506181,7,0.000000,0.000000,0.000000,0.000000,-999,0.000000,0,-0.012140,0.000249,-12.139984,0.249332
23845,5,b5,2.000000,3.000000,Pmy,-0.018100,0.045639,1957.000000,0.000000,1.000000,2373.000000,0.000000,0.014340,0.000281,0.011962,0.000265,0,31.042602,8,0.000000,0.000000,0.000000,0.000000,-999,0.000000,0,0.014340,0.000281,14.339892,0.281166
23846,0,full,-10.000000,20.000000,W,0.905702,1.005925,185870.000000,200.397672,927.505786,277854.000000,95136.000000,0.953383,0.000054,0.021239,0.000054,0,2760.004886,11,0.945482,0.000059,0.013799,0.000051,0,4286.492015,11,0.007902,0.000080,7.901702,0.080072
23846,0,full,-10.000000,20.000000,Em,0.000457,0.029921,155931.000000,174.203652,895.107525,277854.000000,95136.000000,0.014678,0.000021,0.006894,0.000019,0,4513.211532,12,0.005495,0.000019,0.003706,0.000025,0,6588.537130,12,0.009183,0.000028,9.182863,0.028412
23846,0,full,-10.000000,20.000000,Pmz,-0.051644,0.019365,185359.000000,203.219960,912.110209,277854.000000,95136.000000,-0.012374,0.000027,0.009784,0.000027,0,17933.038360,9,-0.005253,0.000027,0.006067,0.000020,0,8556.856903,9,-0.007121,0.000039,-7.121156,0.038512
23846,0,full,-10.000000,20.000000,Pmx,-0.052997,0.024213,188891.000000,202.308975,933.675828,277854.000000,95136.000000,-0.011179,0.000033,0.012088,0.000034,0,14983.691144,10,-0.004339,0.000029,0.006507,0.000023,0,7963.453154,10,-0.006840,0.000044,-6.839751,0.044114
23846,0,full,-10.000000,20.000000,Pmy,-0.024258,0.037678,234354.000000,259.170864,904.245162,277854.000000,95136.000000,0.006559,0.000023,0.010551,0.000021,0,3653.443124,7,-0.000725,0.000022,0.006433,0.000017,0,65.198938,7,0.007284,0.000032,7.283650,0.031573
23846,1,b1,-2.000000,-1.000000,W,0.898536,1.004999,27548.000000,40.697518,676.896311,40059.000000,21789.000000,0.948666,0.000161,0.023011,0.000167,0,1021.128589,12,0.946771,0.000132,0.015152,0.000102,0,1197.230593,12,0.001895,0.000208,1.894853,0.208160
23846,1,b1,-2.000000,-1.000000,Em,-0.000758,0.026813,20230.000000,34.690322,583.159763,40059.000000,21789.000000,0.012000,0.000044,0.005460,0.000043,0,617.820231,10,0.005911,0.000035,0.003718,0.000047,0,1560.934525,10,0.006089,0.000057,6.089472,0.056588
23846,1,b1,-2.000000,-1.000000,Pmz,-0.058372,0.020560,26603.000000,42.355573,628.087366,40059.000000,21789.000000,-0.012918,0.000088,0.010159,0.000090,0,4380.849806,10,-0.005869,0.000057,0.006607,0.000044,0,2887.214341,10,-0.007049,0.000105,-7.049377,0.104548
23846,1,b1,-2.000000,-1.000000,Pmx,-0.054532,0.026073,28373.000000,42.001459,675.524154,40059.000000,21789.000000,-0.007758,0.000098,0.010831,0.000104,0,4733.012946,10,-0.004306,0.000053,0.006009,0.000038,0,2736.506945,9,-0.003453,0.000112,-3.452741,0.111787
23846,1,b1,-2.000000,-1.000000,Pmy,-0.026061,0.034556,33424.000000,49.076705,681.056314,40059.000000,21789.000000,0.004321,0.000054,0.009539,0.000052,0,835.258754,7,-0.000225,0.000042,0.006054,0.000031,0,5.364760,5,0.004547,0.000068,4.546550,0.068258
23846,2,b2,-1.000000,0.000000,W,0.900963,1.002135,49334.000000,61.521432,801.899411,61459.000000,24193.000000,0.948952,0.000109,0.021429,0.000104,0,797.603244,11,0.945541,0.000103,0.013588,0.000081,0,1064.410073,11,0.003412,0.000151,3.411501,0.150567
23846,2,b2,-1.000000,0.000000,Em,-0.000704,0.026591,41684.000000,54.170655,769.494115,61459.000000,24193.000000,0.011953,0.000032,0.005597,0.000031,0,1343.596699,10,0.005456,0.000029,0.003377,0.000038,0,1980.180477,10,0.006497,0.000043,6.496713,0.043237
23846,2,b2,-1.000000,0.000000,Pmz,-0.052604,0.020120,50031.000000,62.438500,801.284467,61459.000000,24193.000000,-0.011849,0.000054,0.009717,0.000055,0,5641.528989,9,-0.005177,0.000046,0.005832,0.000032,0,2677.903048,9,-0.006673,0.000071,-6.672793,0.071428
23846,2,b2,-1.000000,0.000000,Pmx,-0.052354,0.026010,51285.000000,62.102181,825.816403,61459.000000,24193.000000,-0.008505,0.000063,0.011203,0.000066,0,5838.436241,10,-0.004297,0.000048,0.006191,0.000036,0,2529.285521,9,-0.004208,0.000079,-4.208010,0.079359
23846,2,b2,-1.000000,0.000000,Pmy,-0.021848,0.033204,54532.000000,66.879036,815.382561,61459.000000,24193.000000,0.005843,0.000042,0.009532,0.000039,0,1072.253726,7,-0.000854,0.000040,0.006181,0.000030,0,8.641705,6,0.006696,0.000058,6.696472,0.057868
23846,3,b3,0.000000,1.000000,W,0.907287,1.004220,57843.000000,58.153449,994.661553,67297.000000,17090.000000,0.953841,0.000093,0.020540,0.000092,0,983.813793,11,0.944998,0.000109,0.012762,0.000092,0,761.057683,11,0.008843,0.000143,8.843029,0.143420
23846,3,b3,0.000000,1.000000,Em,0.000426,0.029429,51455.000000,51.572372,997.724132,67297.000000,17090.000000,0.014303,0.000035,0.006655,0.000032,0,1838.286019,12,0.005314,0.000040,0.003763,0.000051,0,1499.560514,12,0.008989,0.000054,8.988942,0.053525
23846,3,b3,0.000000,1.000000,Pmz,-0.048887,0.019164,59778.000000,58.441747,1022.864702,67297.000000,17090.000000,-0.011941,0.000048,0.010113,0.000046,0,3677.300219,8,-0.004940,0.000052,0.005784,0.000036,0,1386.844763,8,-0.007001,0.000071,-7.001090,0.070789
23846,3,b3,0.000000,1.000000,Pmx,-0.050308,0.023055,59616.000000,58.395340,1020.903380,67297.000000,17090.000000,-0.011779,0.000053,0.011737,0.000055,0,2984.359697,9,-0.004471,0.000059,0.006676,0.000046,0,1214.938038,9,-0.007308,0.000079,-7.308436,0.079371
23846,3,b3,0.000000,1.000000,Pmy,-0.020596,0.034616,60174.000000,59.305980,1014.636295,67297.000000,17090.000000,0.007110,0.000042,0.009942,0.000038,0,529.193637,6,-0.000995,0.000051,0.006445,0.000039,0,13.626260,4,0.008105,0.000066,8.104790,0.066049
23846,4,b4,1.000000,2.000000,W,0.919469,0.999945,40528.000000,23.546505,1721.189641,44642.000000,5564.000000,0.958555,0.000087,0.016234,0.000082,0,274.923007,8,0.943153,0.000195,0.012357,0.000189,0,55.404862,8,0.015401,0.000214,15.401189,0.213642
23846,4,b4,1.000000,2.000000,Em,0.004863,0.033018,37638.000000,15.632988,2407.601221,44642.000000,5564.000000,0.018610,0.000037,0.006424,0.000033,0,599.681225,12,-0.082298,0.003606,0.020373,0.000554,4,204.843309,12,0.100908,0.003606,100.908217,3.606220
23846,4,b4,1.000000,2.000000,Pmz,-0.043010,0.014584,41111.000000,23.719513,1733.214340,44642.000000,5564.000000,-0.012788,0.000047,0.008614,0.000044,0,1589.759871,6,-0.004695,0.000082,0.005746,0.000067,0,142.716232,6,-0.008093,0.000094,-8.092783,0.094394
23846,4,b4,1.000000,2.000000,Pmx,-0.045311,0.017239,40153.000000,23.700640,1694.173640,44642.000000,5564.000000,-0.013575,0.000055,0.010581,0.000055,0,1357.902202,8,-0.003784,0.000102,0.007123,0.000078,0,123.440658,8,-0.009791,0.000116,-9.790655,0.115953
23846,4,b4,1.000000,2.000000,Pmy,-0.018180,0.037655,40274.000000,23.688555,1700.145913,44642.000000,5564.000000,0.009852,0.000054,0.010316,0.000049,0,273.911529,6,-0.000349,0.000099,0.007175,0.000081,0,9.028935,6,0.010201,0.000113,10.200535,0.113176
23846,5,b5,2.000000,3.000000,W,0.922706,0.995619,2538.000000,0.000000,1.000000,2955.000000,0.000000,0.958845,0.000304,0.014616,0.000262,0,18.044466,8,0.000000,0.000000,0.000000,0.000000,-999,0.000000,0,0.958845,0.000304,958.844862,0.303780
23846,5,b5,2.000000,3.000000,Em,0.007603,0.033103,2508.000000,0.000000,1.000000,2955.000000,0.000000,0.020839,0.000116,0.005455,0.000103,0,7.950651,10,0.000000,0.000000,0.000000,0.000000,-999,0.000000,0,0.020839,0.000116,20.838633,0.116465
23846,5,b5,2.000000,3.000000,Pmz,-0.041930,0.016926,2543.000000,0.000000,1.000000,2955.000000,0.000000,-0.013778,0.000161,0.007903,0.000150,0,95.954604,7,0.000000,0.000000,0.000000,0.000000,-999,0.000000,0,-0.013778,0.000161,-13.778411,0.160520
23846,5,b5,2.000000,3.000000,Pmx,-0.043455,0.020002,2476.000000,0.000000,1.000000,2955.000000,0.000000,-0.012733,0.000222,0.010506,0.000213,0,65.726923,7,0.000000,0.000000,0.000000,0.000000,-999,0.000000,0,-0.012733,0.000222,-12.733362,0.221980
23846,5,b5,2.000000,3.000000,Pmy,-0.018243,0.045245,2449.000000,0.000000,1.000000,2955.000000,0.000000,0.014490,0.000259,0.012264,0.000247,0,37.392164,8,0.000000,0.000000,0.000000,0.000000,-999,0.000000,0,0.014490,0.000259,14.490456,0.258660
23847,0,full,-10.000000,20.000000,W,0.905779,1.005787,144824.000000,200.397672,722.683047,216933.000000,95136.000000,0.953448,0.000061,0.021193,0.000060,0,1926.322356,11,0.945482,0.000059,0.013799,0.000051,0,4286.492015,11,0.007967,0.000085,7.966551,0.084875
23847,0,full,-10.000000,20.000000,Em,0.000604,0.029984,121594.000000,174.203652,697.999144,216933.000000,95136.000000,0.014781,0.000024,0.006872,0.000021,0,3591.469687,12,0.005495,0.000019,0.003706,0.000025,0,6588.537130,12,0.009286,0.000031,9.286377,0.030508
23847,0,full,-10.000000,20.000000,Pmz,-0.051486,0.019099,144246.000000,203.219960,709.802325,216933.000000,95136.000000,-0.012386,0.000031,0.009724,0.000030,0,13906.713450,9,-0.005253,0.000027,0.006067,0.000020,0,8556.856903,9,-0.007133,0.000041,-7.133423,0.041098
23847,0,full,-10.000000,20.000000,Pmx,-0.053024,0.024199,147152.000000,202.308975,727.362688,216933.000000,95136.000000,-0.011263,0.000038,0.012240,0.000039,0,11276.881806,10,-0.004339,0.000029,0.006507,0.000023,0,7963.453154,10,-0.006924,0.000048,-6.924324,0.047835
23847,0,full,-10.000000,20.000000,Pmy,-0.024292,0.037826,182759.000000,259.170864,705.168000,216933.000000,95136.000000,0.006601,0.000026,0.010536,0.000024,0,2860.246174,7,-0.000725,0.000022,0.006433,0.000017,0,65.198938,7,0.007326,0.000034,7.325835,0.033774
23847,1,b1,-2.000000,-1.000000,W,0.898924,1.003690,21626.000000,40.697518,531.383753,31351.000000,21789.000000,0.948314,0.000179,0.022783,0.000184,0,781.599691,12,0.946771,0.000132,0.015152,0.000102,0,1197.230593,12,0.001543,0.000222,1.543294,0.222277
23847,1,b1,-2.000000,-1.000000,Em,-0.000584,0.026920,15775.000000,34.690322,454.737779,31351.000000,21789.000000,0.012170,0.000050,0.005469,0.000047,0,482.744474,10,0.005911,0.000035,0.003718,0.000047,0,1560.934525,10,0.006260,0.000061,6.259539,0.061425
23847,1,b1,-2.000000,-1.000000,Pmz,-0.058062,0.019984,20653.000000,42.355573,487.609983,31351.000000,21789.000000,-0.013088,0.000096,0.010155,0.000094,0,3190.241437,10,-0.005869,0.000057,0.006607,0.000044,0,2887.214341,10,-0.007219,0.000112,-7.218737,0.111933
23847,1,b1,-2.000000,-1.000000,Pmx,-0.053983,0.026138,21487.000000,41.252308,520.867824,31351.000000,21789.000000,-0.007955,0.000117,0.011210,0.000126,0,3597.349436,10,-0.004306,0.000053,0.006009,0.000038,0,2736.506945,9,-0.003649,0.000129,-3.649469,0.128764
23847,1,b1,-2.000000,-1.000000,Pmy,-0.026150,0.034741,26068.000000,49.076705,531.168502,31351.000000,21789.000000,0.004388,0.000061,0.009523,0.000060,0,724.244337,7,-0.000225,0.000042,0.006054,0.000031,0,5.364760,5,0.004613,0.000074,4.613425,0.074019
23847,2,b2,-1.000000,0.000000,W,0.900942,1.001998,38473.000000,61.521432,625.359307,48010.000000,24193.000000,0.948909,0.000123,0.021487,0.000120,0,586.511921,11,0.945541,0.000103,0.013588,0.000081,0,1064.410073,11,0.003368,0.000161,3.368390,0.161091
23847,2,b2,-1.000000,0.000000,Em,-0.000530,0.026553,32579.000000,54.170655,601.414182,48010.000000,24193.000000,0.012049,0.000037,0.005622,0.000035,0,1034.342825,10,0.005456,0.000029,0.003377,0.000038,0,1980.180477,10,0.006593,0.000047,6.592720,0.046657
23847,2,b2,-1.000000,0.000000,Pmz,-0.052166,0.019828,39089.000000,62.438500,626.040026,48010.000000,24193.000000,-0.011847,0.000060,0.009599,0.000060,0,4336.153061,9,-0.005177,0.000046,0.005832,0.000032,0,2677.903048,9,-0.006670,0.000076,-6.670217,0.076037
23847,2,b2,-1.000000,0.000000,Pmx,-0.052215,0.026094,39998.000000,62.102181,644.067553,48010.000000,24193.000000,-0.008582,0.000071,0.011286,0.000074,0,4339.297546,10,-0.004297,0.000048,0.006191,0.000036,0,2529.285521,9,-0.004285,0.000086,-4.284814,0.086281
23847,2,b2,-1.000000,0.000000,Pmy,-0.021673,0.033078,42618.000000,66.879036,637.240042,48010.000000,24193.000000,0.005857,0.000047,0.009482,0.000044,0,856.432867,7,-0.000854,0.000040,0.006181,0.000030,0,8.641705,6,0.006711,0.000062,6.710679,0.061723
23847,3,b3,0.000000,1.000000,W,0.907233,1.004413,44640.000000,58.153449,767.624288,52150.000000,17090.000000,0.953918,0.000105,0.020491,0.000102,0,623.962774,11,0.944998,0.000109,0.012762,0.000092,0,761.057683,11,0.008920,0.000152,8.919742,0.151652
23847,3,b3,0.000000,1.000000,Em,0.000456,0.029535,39744.000000,51.572372,770.645183,52150.000000,17090.000000,0.014352,0.000040,0.006625,0.000037,0,1517.393920,12,0.005314,0.000040,0.003763,0.000051,0,1499.560514,12,0.009038,0.000057,9.037757,0.056838
23847,3,b3,0.000000,1.000000,Pmz,-0.049091,0.019208,46187.000000,58.441747,790.308341,52150.000000,17090.000000,-0.011931,0.000055,0.010094,0.000053,0,2890.278453,8,-0.004940,0.000052,0.005784,0.000036,0,1386.844763,8,-0.006991,0.000075,-6.991380,0.075499
23847,3,b3,0.000000,1.000000,Pmx,-0.050652,0.023118,46066.000000,58.395340,788.864316,52150.000000,17090.000000,-0.011871,0.000061,0.011974,0.000064,0,2262.115016,9,-0.004471,0.000059,0.006676,0.000046,0,1214.938038,9,-0.007400,0.000085,-7.400022,0.085273
23847,3,b3,0.000000,1.000000,Pmy,-0.020868,0.035138,46569.000000,59.305980,785.232785,52150.000000,17090.000000,0.007253,0.000048,0.010015,0.000044,0,402.668181,6,-0.000995,0.000051,0.006445,0.000039,0,13.626260,4,0.008247,0.000070,8.247393,0.070140
23847,4,b4,1.000000,2.000000,W,0.920155,0.999364,31780.000000,23.546505,1349.669532,34848.000000,5564.000000,0.958651,0.000098,0.016162,0.000091,0,198.885724,8,0.943153,0.000195,0.012357,0.000189,0,55.404862,8,0.015498,0.000218,15.497594,0.218213
23847,4,b4,1.000000,2.000000,Em,0.005095,0.033080,29683.000000,15.632988,1898.741353,34848.000000,5564.000000,0.018655,0.000043,0.006526,0.000043,0,436.943478,11,-0.084790,0.003909,0.019284,0.000667,4,165.021991,11,0.103444,0.003909,103.444233,3.909349
23847,4,b4,1.000000,2.000000,Pmz,-0.042682,0.014315,32197.000000,23.719513,1357.405612,34848.000000,5564.000000,-0.012753,0.000053,0.008568,0.000050,0,1324.048962,6,-0.004695,0.000082,0.005746,0.000067,0,142.716232,6,-0.008058,0.000098,-8.058303,0.097748
23847,4,b4,1.000000,2.000000,Pmx,-0.044875,0.016823,31606.000000,23.700640,1333.550471,34848.000000,5564.000000,-0.013567,0.000062,0.010487,0.000060,0,716.420284,7,-0.003784,0.000102,0.007123,0.000078,0,121.440983,7,-0.009783,0.000119,-9.782661,0.119342
23847,4,b4,1.000000,2.000000,Pmy,-0.018521,0.037745,31519.000000,23.688555,1330.558152,34848.000000,5564.000000,0.009702,0.000060,0.010180,0.000055,0,251.130191,6,-0.000349,0.000099,0.007175,0.000081,0,9.028935,6,0.010051,0.000116,10.051123,0.116221
23847,5,b5,2.000000,3.000000,W,0.924018,0.994487,1934.000000,0.000000,1.000000,2255.000000,0.000000,0.959585,0.000324,0.013496,0.000302,0,26.663669,7,0.000000,0.000000,0.000000,0.000000,-999,0.000000,0,0.959585,0.000324,959.584566,0.323917
23847,5,b5,2.000000,3.000000,Em,0.008199,0.033098,1904.000000,0.000000,1.000000,2255.000000,0.000000,0.021070,0.000139,0.005634,0.000127,0,8.592347,10,0.000000,0.000000,0.000000,0.000000,-999,0.000000,0,0.021070,0.000139,21.070269,0.138726
23847,5,b5,2.000000,3.000000,Pmz,-0.042823,0.015166,1955.000000,0.000000,1.000000,2255.000000,0.000000,-0.013820,0.000183,0.007876,0.000185,0,78.637414,7,0.000000,0.000000,0.000000,0.000000,-999,0.000000,0,-0.013820,0.000183,-13.819757,0.183131
23847,5,b5,2.000000,3.000000,Pmx,-0.043213,0.019109,1864.000000,0.000000,1.000000,2255.000000,0.000000,-0.012767,0.000250,0.010352,0.000233,0,37.195315,7,0.000000,0.000000,0.000000,0.000000,-999,0.000000,0,-0.012767,0.000250,-12.767460,0.249569
23847,5,b5,2.000000,3.000000,Pmy,-0.018180,0.046664,1855.000000,0.000000,1.000000,2255.000000,0.000000,0.014902,0.000284,0.011735,0.000260,0,30.833801,8,0.000000,0.000000,0.000000,0.000000,-999,0.000000,0,0.014902,0.000284,14.901756,0.283548
23848,0,full,-10.000000,20.000000,W,0.905857,1.005883,114865.000000,200.397672,573.185302,171733.000000,95136.000000,0.953502,0.000069,0.021197,0.000068,0,1734.039618,11,0.945482,0.000059,0.013799,0.000051,0,4286.492015,11,0.008021,0.000091,8.020690,0.090520
23848,0,full,-10.000000,20.000000,Em,0.000662,0.029925,96260.000000,174.203652,552.571653,171733.000000,95136.000000,0.014799,0.000026,0.006841,0.000023,0,2670.186471,12,0.005495,0.000019,0.003706,0.000025,0,6588.537130,12,0.009304,0.000033,9.304342,0.032558
23848,0,full,-10.000000,20.000000,Pmz,-0.051508,0.019103,114517.000000,203.219960,563.512561,171733.000000,95136.000000,-0.012461,0.000035,0.009851,0.000036,0,11249.467886,9,-0.005253,0.000027,0.006067,0.000020,0,8556.856903,9,-0.007209,0.000045,-7.208579,0.044583
23848,0,full,-10.000000,20.000000,Pmx,-0.052829,0.024061,116577.000000,202.308975,576.232467,171733.000000,95136.000000,-0.011291,0.000042,0.012105,0.000043,0,9008.557148,10,-0.004339,0.000029,0.006507,0.000023,0,7963.453154,10,-0.006952,0.000051,-6.952102,0.051038
23848,0,full,-10.000000,20.000000,Pmy,-0.024147,0.037839,144600.000000,259.170864,557.933086,171733.000000,95136.000000,0.006564,0.000029,0.010514,0.000027,0,2232.579808,7,-0.000725,0.000022,0.006433,0.000017,0,65.198938,7,0.007289,0.000036,7.289008,0.036198
23848,1,b1,-2.000000,-1.000000,W,0.899551,1.000647,17452.000000,40.697518,428.822217,25277.000000,21789.000000,0.947726,0.000190,0.021532,0.000193,0,521.438779,11,0.946742,0.000131,0.015121,0.000101,0,901.313936,11,0.000984,0.000231,0.984037,0.230972
23848,1,b1,-2.000000,-1.000000,Em,-0.000539,0.026841,12836.000000,34.690322,370.016743,25277.000000,21789.000000,0.012122,0.000056,0.005462,0.000053,0,393.507178,10,0.005911,0.000035,0.003718,0.000047,0,1560.934525,10,0.006211,0.000066,6.211316,0.065772
23848,1,b1,-2.000000,-1.000000,Pmz,-0.058188,0.020098,16856.000000,42.355573,397.964163,25277.000000,21789.000000,-0.013279,0.000116,0.010359,0.000117,0,2708.719605,10,-0.005869,0.000057,0.006607,0.000044,0,2887.214341,10,-0.007410,0.000129,-7.410191,0.128991
23848,1,b1,-2.000000,-1.000000,Pmx,-0.054292,0.026080,17944.000000,42.001459,427.223255,25277.000000,21789.000000,-0.008160,0.000131,0.011220,0.000139,0,2848.165163,10,-0.004306,0.000053,0.006009,0.000038,0,2736.506945,9,-0.003854,0.000142,-3.854440,0.141629
23848,1,b1,-2.000000,-1.000000,Pmy,-0.026175,0.034619,21129.000000,49.076705,430.530124,25277.000000,21789.000000,0.004303,0.000068,0.009586,0.000066,0,543.344421,7,-0.000225,0.000042,0.006054,0.000031,0,5.364760,5,0.004529,0.000080,4.528695,0.079902
23848,2,b2,-1.000000,0.000000,W,0.901102,1.002298,30149.000000,61.521432,490.056864,37950.000000,24193.000000,0.949002,0.000138,0.021268,0.000132,0,517.007772,11,0.945541,0.000103,0.013588,0.000081,0,1064.410073,11,0.003462,0.000173,3.461563,0.172519
23848,2,b2,-1.000000,0.000000,Em,-0.000376,0.026465,25775.000000,54.170655,475.811122,37950.000000,24193.000000,0.012120,0.000041,0.005591,0.000039,0,818.796398,10,0.005456,0.000029,0.003377,0.000038,0,1980.180477,10,0.006663,0.000050,6.663388,0.050105
23848,2,b2,-1.000000,0.000000,Pmz,-0.052560,0.019925,30938.000000,62.438500,495.495570,37950.000000,24193.000000,-0.011884,0.000069,0.009757,0.000069,0,3482.612849,9,-0.005177,0.000046,0.005832,0.000032,0,2677.903048,9,-0.006708,0.000083,-6.707751,0.083106
23848,2,b2,-1.000000,0.000000,Pmx,-0.052128,0.026010,31679.000000,62.102181,510.110906,37950.000000,24193.000000,-0.008709,0.000080,0.011318,0.000085,0,3496.356686,10,-0.004297,0.000048,0.006191,0.000036,0,2529.285521,9,-0.004411,0.000093,-4.411447,0.093366
23848,2,b2,-1.000000,0.000000,Pmy,-0.021492,0.033210,33644.000000,66.879036,503.057487,37950.000000,24193.000000,0.005861,0.000053,0.009476,0.000049,0,658.869839,7,-0.000854,0.000040,0.006181,0.000030,0,8.641705,6,0.006714,0.000066,6.714358,0.066274
23848,3,b3,0.000000,1.000000,W,0.907438,1.004491,35409.000000,58.153449,608.889078,41136.000000,17090.000000,0.954103,0.000120,0.020733,0.000117,0,493.162038,11,0.944998,0.000109,0.012762,0.000092,0,761.057683,11,0.009105,0.000162,9.104866,0.162034
23848,3,b3,0.000000,1.000000,Em,0.000816,0.028743,31331.000000,51.572372,607.515203,41136.000000,17090.000000,0.014320,0.000044,0.006389,0.000039,0,814.064613,11,0.005314,0.000040,0.003763,0.000051,0,1354.528141,11,0.009006,0.000060,9.005591,0.059849
23848,3,b3,0.000000,1.000000,Pmz,-0.048711,0.018859,36582.000000,58.441747,625.956648,41136.000000,17090.000000,-0.012034,0.000063,0.010269,0.000061,0,2255.685789,8,-0.004940,0.000052,0.005784,0.000036,0,1386.844763,8,-0.007094,0.000082,-7.094179,0.081505
23848,3,b3,0.000000,1.000000,Pmx,-0.050298,0.022849,36389.000000,58.395340,623.149039,41136.000000,17090.000000,-0.011949,0.000068,0.011822,0.000071,0,1872.418373,9,-0.004471,0.000059,0.006676,0.000046,0,1214.938038,9,-0.007479,0.000090,-7.478592,0.090321
23848,3,b3,0.000000,1.000000,Pmy,-0.020644,0.034742,36641.000000,59.305980,617.829769,41136.000000,17090.000000,0.007079,0.000054,0.009900,0.000049,0,337.059003,6,-0.000995,0.000051,0.006445,0.000039,0,13.626260,4,0.008074,0.000074,8.073515,0.073996
23848,4,b4,1.000000,2.000000,W,0.919865,0.999449,25130.000000,23.546505,1067.249696,27581.000000,5564.000000,0.958659,0.000111,0.016209,0.000105,0,206.738702,8,0.943153,0.000195,0.012357,0.000189,0,55.404862,8,0.015506,0.000224,15.505985,0.224248
23848,4,b4,1.000000,2.000000,Em,0.004958,0.033041,23354.000000,15.632988,1493.892314,27581.000000,5564.000000,0.018642,0.000047,0.006417,0.000043,0,363.752642,12,-0.084338,0.004193,0.020620,0.000602,4,204.614606,12,0.102980,0.004193,102.979997,4.193141
23848,4,b4,1.000000,2.000000,Pmz,-0.042548,0.014342,25491.000000,23.719513,1074.684798,27581.000000,5564.000000,-0.012797,0.000060,0.008585,0.000057,0,1058.205791,6,-0.004695,0.000082,0.005746,0.000067,0,142.716232,6,-0.008102,0.000102,-8.101911,0.101740
23848,4,b4,1.000000,2.000000,Pmx,-0.045061,0.016959,24939.000000,23.700640,1052.250054,27581.000000,5564.000000,-0.013669,0.000070,0.010546,0.000068,0,794.042002,8,-0.003784,0.000102,0.007123,0.000078,0,123.440658,8,-0.009885,0.000124,-9.884978,0.123528
23848,4,b4,1.000000,2.000000,Pmy,-0.017784,0.037328,24722.000000,23.544503,1050.011558,27581.000000,5564.000000,0.009889,0.000068,0.010229,0.000061,0,161.144246,6,-0.000349,0.000099,0.007175,0.000081,0,9.028935,6,0.010238,0.000120,10.237777,0.120404
23848,5,b5,2.000000,3.000000,W,0.924549,0.993904,1557.000000,0.000000,1.000000,1802.000000,0.000000,0.959255,0.000376,0.014000,0.000334,0,11.080566,7,0.000000,0.000000,0.000000,0.000000,-999,0.000000,0,0.959255,0.000376,959.255275,0.375541
23848,5,b5,2.000000,3.000000,Em,0.007428,0.033377,1522.000000,0.000000,1.000000,1802.000000,0.000000,0.020902,0.000154,0.005576,0.000137,0,6.255583,10,0.000000,0.000000,0.000000,0.000000,-999,0.000000,0,0.020902,0.000154,20.901933,0.154187
23848,5,b5,2.000000,3.000000,Pmz,-0.041602,0.014480,1552.000000,0.000000,1.000000,1802.000000,0.000000,-0.013809,0.000213,0.008075,0.000189,0,32.188944,6,0.000000,0.000000,0.000000,0.000000,-999,0.000000,0,-0.013809,0.000213,-13.809168,0.212801
23848,5,b5,2.000000,3.000000,Pmx,-0.043050,0.019656,1503.000000,0.000000,1.000000,1802.000000,0.000000,-0.012810,0.000283,0.010432,0.000288,0,44.225042,7,0.000000,0.000000,0.000000,0.000000,-999,0.000000,0,-0.012810,0.000283,-12.809867,0.282912
23848,5,b5,2.000000,3.000000,Pmy,-0.018272,0.046173,1478.000000,0.000000,1.000000,1802.000000,0.000000,0.014179,0.000328,0.012100,0.000300,0,25.002567,8,0.000000,0.000000,0.000000,0.000000,-999,0.000000,0,0.014179,0.000328,14.178744,0.327653
23849,0,full,-10.000000,20.000000,W,0.904439,1.019717,12143.000000,4.114105,2951.553057,18188.000000,95796.000000,0.961023,0.000284,0.028091,0.000282,0,67.124909,14,0.947815,0.000083,0.020373,0.000082,0,3175.167620,14,0.013208,0.000296,13.208259,0.296205
23849,0,full,-10.000000,20.000000,Em,-0.012242,0.022112,10459.000000,3.500429,2987.919616,18188.000000,95796.000000,0.004843,0.000112,0.009172,0.000116,0,160.347929,14,0.005931,0.000019,0.003793,0.000015,0,4300.415761,14,-0.001088,0.000114,-1.087763,0.113668
23849,0,full,-10.000000,20.000000,Pmz,-0.043856,0.030857,12585.000000,3.991430,3153.005170,18188.000000,95796.000000,-0.002546,0.000130,0.011960,0.000126,0,836.800795,9,-0.005541,0.000026,0.005840,0.000019,0,7256.856129,8,0.002995,0.000133,2.994877,0.132834
23849,0,full,-10.000000,20.000000,Pmx,-0.053089,0.024408,12789.000000,4.180634,3059.105495,18188.000000,95796.000000,-0.011858,0.000135,0.013384,0.000136,0,680.425811,10,-0.004528,0.000034,0.007706,0.000028,0,7423.328576,10,-0.007330,0.000139,-7.329839,0.138993
23849,0,full,-10.000000,20.000000,Pmy,-0.023969,0.040707,15420.000000,5.166522,2984.599795,18188.000000,95796.000000,0.008193,0.000101,0.012097,0.000093,0,190.121725,8,-0.000782,0.000025,0.007328,0.000019,0,103.910971,7,0.008974,0.000104,8.974272,0.104062
23849,1,b1,-2.000000,-1.000000,W,0.896818,1.009790,1414.000000,0.550894,2566.735182,2016.000000,13720.000000,0.953560,0.000890,0.029371,0.000897,0,10.631291,14,0.948405,0.000218,0.020921,0.000186,0,374.886937,14,0.005154,0.000917,5.154288,0.916600
23849,1,b1,-2.000000,-1.000000,Em,-0.015478,0.015558,1196.000000,0.431630,2770.892881,2016.000000,13720.000000,-0.000284,0.000234,0.007229,0.000241,0,28.339391,13,0.006377,0.000039,0.003251,0.000030,0,347.134928,8,-0.006661,0.000237,-6.660648,0.237410
23849,1,b1,-2.000000,-1.000000,Pmz,-0.040109,0.035055,1446.000000,0.525365,2752.370280,2016.000000,13720.000000,0.002343,0.000310,0.010225,0.000310,0,149.983424,10,-0.006214,0.000065,0.005861,0.000050,0,1184.824727,7,0.008557,0.000316,8.557154,0.316356
23849,1,b1,-2.000000,-1.000000,Pmx,-0.051788,0.027588,1536.000000,0.567250,2707.800955,2016.000000,13720.000000,-0.008223,0.000427,0.012802,0.000452,0,164.495724,11,-0.004478,0.000076,0.006984,0.000059,0,1413.235945,11,-0.003744,0.000434,-3.744231,0.433615
23849,1,b1,-2.000000,-1.000000,Pmy,-0.022605,0.036444,1796.000000,0.665476,2698.821400,2016.000000,13720.000000,0.006802,0.000269,0.010989,0.000233,0,10.622121,7,-0.000174,0.000060,0.006832,0.000047,0,31.011917,7,0.006977,0.000275,6.976510,0.275413
23849,2,b2,-1.000000,0.000000,W,0.899491,1.013645,1709.000000,0.643940,2653.972153,2286.000000,13365.000000,0.955596,0.000809,0.028535,0.000868,0,20.457473,13,0.948503,0.000208,0.020284,0.000195,0,402.762916,13,0.007094,0.000835,7.093595,0.835447
23849,2,b2,-1.000000,0.000000,Em,-0.012780,0.017074,1487.000000,0.510879,2910.667244,2286.000000,13365.000000,0.001741,0.000232,0.007306,0.000243,0,67.543510,12,0.005940,0.000041,0.003292,0.000031,0,614.062089,9,-0.004200,0.000236,-4.199602,0.235814
23849,2,b2,-1.000000,0.000000,Pmz,-0.041482,0.032458,1755.000000,0.605467,2898.587721,2286.000000,13365.000000,-0.000206,0.000296,0.010087,0.000296,0,180.163562,9,-0.005637,0.000064,0.005636,0.000043,0,1243.955856,7,0.005431,0.000303,5.430761,0.302630
23849,2,b2,-1.000000,0.000000,Pmx,-0.051893,0.025435,1840.000000,0.649936,2831.047350,2286.000000,13365.000000,-0.009493,0.000333,0.012525,0.000334,0,136.197767,10,-0.004739,0.000079,0.007249,0.000061,0,1334.810772,10,-0.004754,0.000342,-4.754165,0.342287
23849,2,b2,-1.000000,0.000000,Pmy,-0.022299,0.039386,2056.000000,0.730242,2815.504340,2286.000000,13365.000000,0.007954,0.000256,0.011215,0.000256,0,64.033799,8,-0.000906,0.000062,0.007095,0.000047,0,6.992300,7,0.008860,0.000264,8.859986,0.263758
23849,3,b3,0.000000,1.000000,W,0.902155,1.010854,1817.000000,0.668626,2717.511756,2384.000000,11973.000000,0.957094,0.000733,0.027495,0.000714,0,10.795426,13,0.947812,0.000196,0.018914,0.000177,0,354.862913,13,0.009282,0.000759,9.281567,0.758660
23849,3,b3,0.000000,1.000000,Em,-0.010957,0.018398,1602.000000,0.560471,2858.309666,2384.000000,11973.000000,0.003051,0.000204,0.006690,0.000200,0,58.683889,11,0.005608,0.000046,0.003562,0.000034,0,525.812188,11,-0.002557,0.000209,-2.556889,0.209253
23849,3,b3,0.000000,1.000000,Pmz,-0.039282,0.028785,1910.000000,0.645164,2960.485554,2384.000000,11973.000000,-0.001602,0.000300,0.010214,0.000267,0,172.546521,9,-0.005086,0.000062,0.005419,0.000042,0,1131.372942,7,0.003484,0.000307,3.484146,0.306747
23849,3,b3,0.000000,1.000000,Pmx,-0.051432,0.023594,1979.000000,0.683344,2896.051689,2384.000000,11973.000000,-0.011537,0.000333,0.012805,0.000326,0,116.587163,10,-0.004606,0.000085,0.007526,0.000063,0,1063.602581,10,-0.006931,0.000344,-6.931058,0.343667
23849,3,b3,0.000000,1.000000,Pmy,-0.020958,0.037623,2185.000000,0.737569,2962.432723,2384.000000,11973.000000,0.008200,0.000254,0.010990,0.000229,0,21.181486,6,-0.001610,0.000069,0.007189,0.000057,0,15.154625,6,0.009809,0.000263,9.809146,0.263333
23849,4,b4,1.000000,2.000000,W,0.908663,1.017972,1965.000000,0.638694,3076.589532,2398.000000,9683.000000,0.962283,0.000677,0.026552,0.000687,0,33.319945,13,0.946898,0.000207,0.018204,0.000218,0,391.779168,13,0.015385,0.000709,15.384707,0.708508
23849,4,b4,1.000000,2.000000,Em,-0.008966,0.021043,1702.000000,0.552058,3083.010215,2398.000000,9683.000000,0.005737,0.000219,0.007213,0.000221,0,85.073231,12,0.005529,0.000054,0.003901,0.000039,0,592.363148,12,0.000209,0.000226,0.208909,0.225520
23849,4,b4,1.000000,2.000000,Pmz,-0.038883,0.027491,2029.000000,0.618127,3282.498373,2398.000000,9683.000000,-0.002300,0.000264,0.009339,0.000237,0,171.653371,8,-0.004902,0.000067,0.005473,0.000046,0,730.172635,6,0.002602,0.000273,2.601745,0.272600
23849,4,b4,1.000000,2.000000,Pmx,-0.052696,0.022512,2065.000000,0.648991,3181.859870,2398.000000,9683.000000,-0.013390,0.000330,0.013051,0.000335,0,126.901129,10,-0.004466,0.000095,0.007887,0.000078,0,759.187963,10,-0.008924,0.000343,-8.923679,0.343091
23849,4,b4,1.000000,2.000000,Pmy,-0.019815,0.038301,2175.000000,0.673812,3227.901565,2398.000000,9683.000000,0.009512,0.000262,0.011343,0.000245,0,14.876471,6,-0.001527,0.000079,0.007347,0.000064,0,9.965094,5,0.011039,0.000274,11.039137,0.273692
23849,5,b5,2.000000,3.000000,W,0.911144,1.019768,1822.000000,0.487526,3737.235745,2094.000000,6306.000000,0.964504,0.000623,0.024517,0.000633,0,28.657978,13,0.945926,0.000238,0.017160,0.000228,0,208.810686,13,0.018579,0.000667,18.578902,0.667142
23849,5,b5,2.000000,3.000000,Em,-0.006069,0.025062,1566.000000,0.443148,3533.810798,2094.000000,6306.000000,0.009241,0.000234,0.007747,0.000243,0,60.391424,13,0.005627,0.000065,0.004131,0.000053,0,404.721277,13,0.003615,0.000242,3.614903,0.242460
23849,5,b5,2.000000,3.000000,Pmz,-0.040298,0.022663,1820.000000,0.479811,3793.162291,2094.000000,6306.000000,-0.005395,0.000297,0.009369,0.000237,0,161.687248,8,-0.004993,0.000078,0.005381,0.000055,0,495.321143,7,-0.000402,0.000307,-0.401637,0.306559
23849,5,b5,2.000000,3.000000,Pmx,-0.052399,0.022929,1836.000000,0.494485,3712.957042,2094.000000,6306.000000,-0.014054,0.000337,0.013699,0.000340,0,62.903151,10,-0.004362,0.000119,0.008455,0.000096,0,326.321239,10,-0.009692,0.000357,-9.692317,0.357378
23849,5,b5,2.000000,3.000000,Pmy,-0.019436,0.040039,1871.000000,0.496995,3764.628480,2094.000000,6306.000000,0.010521,0.000274,0.011338,0.000258,0,25.781130,7,-0.001065,0.000102,0.007671,0.000084,0,7.170044,5,0.011586,0.000293,11.585730,0.292661
23850,0,full,-10.000000,20.000000,W,0.904130,1.020246,14316.000000,4.157831,3443.141286,20970.000000,95796.000000,0.960892,0.000266,0.028193,0.000273,0,115.128426,14,0.947815,0.000083,0.020373,0.000082,0,3175.167620,14,0.013076,0.000278,13.076458,0.278466
23850,0,full,-10.000000,20.000000,Em,-0.012002,0.021198,11862.000000,3.454685,3433.598522,20970.000000,95796.000000,0.004986,0.000107,0.009318,0.000114,0,209.883028,14,0.005931,0.000019,0.003793,0.000015,0,4300.415761,14,-0.000945,0.000109,-0.944632,0.108943
23850,0,full,-10.000000,20.000000,Pmz,-0.040590,0.029604,14288.000000,3.920559,3644.377869,20970.000000,95796.000000,-0.002663,0.000117,0.011849,0.000115,0,953.816150,9,-0.005541,0.000026,0.005840,0.000019,0,7256.856129,8,0.002878,0.000120,2.878260,0.120259
23850,0,full,-10.000000,20.000000,Pmx,-0.053367,0.024516,14880.000000,4.180634,3559.268884,20970.000000,95796.000000,-0.011790,0.000126,0.013528,0.000127,0,807.719880,10,-0.004528,0.000034,0.007706,0.000028,0,7423.328576,10,-0.007262,0.000130,-7.262136,0.130359
23850,0,full,-10.000000,20.000000,Pmy,-0.023894,0.041019,17800.000000,5.166522,3445.257869,20970.000000,95796.000000,0.008315,0.000093,0.012051,0.000086,0,204.225597,8,-0.000782,0.000025,0.007328,0.000019,0,103.910971,7,0.009096,0.000097,9.096392,0.096570
23850,1,b1,-2.000000,-1.000000,W,0.896925,1.013224,1862.000000,0.558790,3332.199112,2549.000000,13720.000000,0.953916,0.000725,0.027672,0.000691,0,30.374657,14,0.948405,0.000218,0.020921,0.000186,0,374.886937,14,0.005511,0.000758,5.510856,0.757584
23850,1,b1,-2.000000,-1.000000,Em,-0.015174,0.016375,1587.000000,0.441557,3594.097973,2549.000000,13720.000000,-0.000072,0.000200,0.007070,0.000194,0,35.310901,13,0.006377,0.000039,0.003251,0.000030,0,347.134928,8,-0.006449,0.000204,-6.448646,0.203712
23850,1,b1,-2.000000,-1.000000,Pmz,-0.037074,0.032354,1890.000000,0.525365,3597.496424,2549.000000,13720.000000,0.001998,0.000276,0.009912,0.000263,0,152.426424,8,-0.006214,0.000065,0.005861,0.000050,0,978.372213,6,0.008212,0.000283,8.212038,0.283251
23850,1,b1,-2.000000,-1.000000,Pmx,-0.051194,0.027222,1972.000000,0.567250,3476.421539,2549.000000,13720.000000,-0.007417,0.000312,0.011936,0.000330,0,195.509772,11,-0.004478,0.000076,0.006984,0.000059,0,1413.235945,11,-0.002938,0.000321,-2.938291,0.321061
23850,1,b1,-2.000000,-1.000000,Pmy,-0.023628,0.038621,2264.000000,0.665476,3402.077756,2549.000000,13720.000000,0.007099,0.000244,0.011133,0.000220,0,25.944013,7,-0.000174,0.000060,0.006832,0.000047,0,31.011917,7,0.007273,0.000251,7.273154,0.251096
23850,2,b2,-1.000000,0.000000,W,0.895411,1.011671,1959.000000,0.636256,3078.950106,2650.000000,13365.000000,0.953627,0.000772,0.029462,0.000827,0,36.263043,14,0.948555,0.000208,0.020057,0.000177,0,411.972788,14,0.005072,0.000800,5.072360,0.799553
23850,2,b2,-1.000000,0.000000,Em,-0.012739,0.017889,1693.000000,0.510879,3313.893506,2650.000000,13365.000000,0.001969,0.000210,0.007254,0.000213,0,59.291089,12,0.005940,0.000041,0.003292,0.000031,0,614.062089,9,-0.003972,0.000214,-3.971641,0.213914
23850,2,b2,-1.000000,0.000000,Pmz,-0.038522,0.029784,2056.000000,0.605467,3395.724418,2650.000000,13365.000000,-0.001140,0.000278,0.009934,0.000238,0,166.421589,8,-0.005637,0.000064,0.005636,0.000043,0,1009.770949,6,0.004497,0.000285,4.497229,0.285376
23850,2,b2,-1.000000,0.000000,Pmx,-0.051537,0.025384,2138.000000,0.649936,3289.553931,2650.000000,13365.000000,-0.008986,0.000329,0.012391,0.000329,0,173.838725,10,-0.004739,0.000079,0.007249,0.000061,0,1334.810772,10,-0.004247,0.000338,-4.246752,0.337956
23850,2,b2,-1.000000,0.000000,Pmy,-0.020971,0.037241,2399.000000,0.730242,3285.211533,2650.000000,13365.000000,0.008457,0.000240,0.010997,0.000219,0,11.428467,6,-0.000901,0.000064,0.007088,0.000051,0,6.862724,6,0.009358,0.000248,9.357825,0.248244
23850,3,b3,0.000000,1.000000,W,0.904612,1.016065,2172.000000,0.676590,3210.214845,2726.000000,11973.000000,0.958516,0.000695,0.027306,0.000745,0,24.351556,12,0.947704,0.000200,0.019162,0.000202,0,346.944082,12,0.010812,0.000723,10.811867,0.722950
23850,3,b3,0.000000,1.000000,Em,-0.010505,0.018053,1869.000000,0.560471,3334.694611,2726.000000,11973.000000,0.003424,0.000197,0.006897,0.000205,0,68.057877,11,0.005608,0.000046,0.003562,0.000034,0,525.812188,11,-0.002184,0.000202,-2.183509,0.202312
23850,3,b3,0.000000,1.000000,Pmz,-0.039512,0.029222,2234.000000,0.645164,3462.683104,2726.000000,11973.000000,-0.001958,0.000283,0.010562,0.000253,0,191.225473,9,-0.005086,0.000062,0.005419,0.000042,0,1131.372942,7,0.003128,0.000290,3.128005,0.289958
23850,3,b3,0.000000,1.000000,Pmx,-0.052833,0.023176,2303.000000,0.683344,3370.190520,2726.000000,11973.000000,-0.011939,0.000296,0.012924,0.000297,0,121.820452,10,-0.004606,0.000085,0.007526,0.000063,0,1063.602581,10,-0.007332,0.000307,-7.332367,0.307484
23850,3,b3,0.000000,1.000000,Pmy,-0.020173,0.037988,2483.000000,0.737569,3366.462450,2726.000000,11973.000000,0.008730,0.000236,0.010978,0.000213,0,16.891446,6,-0.001610,0.000069,0.007189,0.000057,0,15.154625,6,0.010339,0.000246,10.339498,0.246061
23850,4,b4,1.000000,2.000000,W,0.908772,1.015735,2246.000000,0.638694,3516.549663,2717.000000,9683.000000,0.960605,0.000532,0.023012,0.000506,0,23.336367,12,0.946887,0.000207,0.018176,0.000215,0,318.876949,12,0.013717,0.000571,13.717438,0.570594
23850,4,b4,1.000000,2.000000,Em,-0.008858,0.021708,1992.000000,0.552058,3608.317479,2717.000000,9683.000000,0.005628,0.000199,0.007307,0.000199,0,90.742027,12,0.005529,0.000054,0.003901,0.000039,0,592.363148,12,0.000099,0.000206,0.099293,0.206264
23850,4,b4,1.000000,2.000000,Pmz,-0.036468,0.025901,2323.000000,0.618127,3758.128990,2717.000000,9683.000000,-0.002302,0.000233,0.008755,0.000210,0,206.372798,7,-0.004902,0.000067,0.005473,0.000046,0,730.172635,6,0.002600,0.000242,2.599550,0.242168
23850,4,b4,1.000000,2.000000,Pmx,-0.051372,0.021108,2392.000000,0.648991,3685.718552,2717.000000,9683.000000,-0.012974,0.000285,0.012752,0.000275,0,114.364368,10,-0.004466,0.000095,0.007887,0.000078,0,759.187963,10,-0.008508,0.000300,-8.508102,0.300004
23850,4,b4,1.000000,2.000000,Pmy,-0.020498,0.039462,2449.000000,0.673812,3634.542958,2717.000000,9683.000000,0.009532,0.000232,0.010972,0.000211,0,30.569951,7,-0.001527,0.000079,0.007347,0.000064,0,9.965094,5,0.011059,0.000245,11.058780,0.244816
23850,5,b5,2.000000,3.000000,W,0.912443,1.020254,2091.000000,0.488976,4276.284932,2397.000000,6306.000000,0.965827,0.000594,0.024234,0.000591,0,20.329826,12,0.945358,0.000266,0.018097,0.000302,0,176.679752,12,0.020469,0.000651,20.469165,0.650864
23850,5,b5,2.000000,3.000000,Em,-0.006110,0.025272,1765.000000,0.443148,3982.871046,2397.000000,6306.000000,0.009503,0.000226,0.007875,0.000225,0,55.986084,13,0.005627,0.000065,0.004131,0.000053,0,404.721277,13,0.003876,0.000235,3.876225,0.234805
23850,5,b5,2.000000,3.000000,Pmz,-0.042240,0.025242,2113.000000,0.484698,4359.412930,2397.000000,6306.000000,-0.005330,0.000272,0.009564,0.000244,0,183.447922,8,-0.004993,0.000078,0.005381,0.000055,0,495.321143,7,-0.000336,0.000283,-0.336268,0.282729
23850,5,b5,2.000000,3.000000,Pmx,-0.051857,0.022580,2097.000000,0.494485,4240.779366,2397.000000,6306.000000,-0.013996,0.000309,0.013362,0.000318,0,88.722297,10,-0.004362,0.000119,0.008455,0.000096,0,326.321239,10,-0.009634,0.000331,-9.634058,0.331485
23850,5,b5,2.000000,3.000000,Pmy,-0.018782,0.040348,2127.000000,0.496995,4279.724627,2397.000000,6306.000000,0.011176,0.000255,0.011279,0.000226,0,17.647901,7,-0.001065,0.000102,0.007671,0.000084,0,7.170044,5,0.012241,0.000275,12.241183,0.274794
23851,0,full,-10.000000,20.000000,W,0.904121,1.019736,15535.000000,4.114105,3776.033660,23109.000000,95796.000000,0.960757,0.000249,0.027856,0.000245,0,94.365453,14,0.947815,0.000083,0.020373,0.000082,0,3175.167620,14,0.012942,0.000263,12.942095,0.262720
23851,0,full,-10.000000,20.000000,Em,-0.011994,0.021062,13026.000000,3.454685,3770.532318,23109.000000,95796.000000,0.004923,0.000101,0.009147,0.000102,0,307.757946,14,0.005931,0.000019,0.003793,0.000015,0,4300.415761,14,-0.001008,0.000103,-1.007713,0.102581
23851,0,full,-10.000000,20.000000,Pmz,-0.040485,0.029292,15798.000000,3.920559,4029.526985,23109.000000,95796.000000,-0.002797,0.000112,0.011930,0.000105,0,972.589421,9,-0.005541,0.000026,0.005840,0.000019,0,7256.856129,8,0.002745,0.000115,2.744504,0.115058
23851,0,full,-10.000000,20.000000,Pmx,-0.052961,0.024414,16385.000000,4.180634,3919.262142,23109.000000,95796.000000,-0.011521,0.000117,0.013158,0.000119,0,947.403110,10,-0.004528,0.000034,0.007706,0.000028,0,7423.328576,10,-0.006992,0.000122,-6.992413,0.121868
23851,0,full,-10.000000,20.000000,Pmy,-0.023994,0.040643,19727.000000,5.166522,3818.236067,23109.000000,95796.000000,0.008286,0.000088,0.011996,0.000083,0,300.694410,8,-0.000782,0.000025,0.007328,0.000019,0,103.910971,7,0.009067,0.000092,9.067309,0.091804
23851,1,b1,-2.000000,-1.000000,W,0.896095,1.010053,1957.000000,0.550894,3552.405057,2784.000000,13720.000000,0.953085,0.000731,0.028239,0.000706,0,34.054422,14,0.948405,0.000218,0.020921,0.000186,0,374.886937,14,0.004680,0.000763,4.679511,0.762620
23851,1,b1,-2.000000,-1.000000,Em,-0.015167,0.015634,1649.000000,0.431630,3820.403312,2784.000000,13720.000000,-0.000280,0.000179,0.006559,0.000171,0,47.350161,13,0.006377,0.000039,0.003251,0.000030,0,347.134928,8,-0.006657,0.000183,-6.656663,0.182932
23851,1,b1,-2.000000,-1.000000,Pmz,-0.038871,0.033494,2046.000000,0.525365,3894.432637,2784.000000,13720.000000,0.001428,0.000308,0.010604,0.000271,0,175.891553,9,-0.006214,0.000065,0.005861,0.000050,0,978.372213,6,0.007643,0.000315,7.642641,0.314593
23851,1,b1,-2.000000,-1.000000,Pmx,-0.051470,0.026955,2156.000000,0.567250,3800.793529,2784.000000,13720.000000,-0.007695,0.000317,0.012157,0.000329,0,189.368975,10,-0.004478,0.000076,0.006983,0.000059,0,1412.503095,10,-0.003216,0.000326,-3.216350,0.325684
23851,1,b1,-2.000000,-1.000000,Pmy,-0.023492,0.037285,2488.000000,0.665476,3738.679088,2784.000000,13720.000000,0.006989,0.000226,0.010842,0.000206,0,35.755412,7,-0.000174,0.000060,0.006832,0.000047,0,31.011917,7,0.007163,0.000234,7.163249,0.233882
23851,2,b2,-1.000000,0.000000,W,0.897401,1.009423,2223.000000,0.636256,3493.877532,3003.000000,13365.000000,0.952799,0.000677,0.027186,0.000660,0,24.178871,13,0.948411,0.000205,0.019882,0.000171,0,300.220846,13,0.004388,0.000707,4.388107,0.706804
23851,2,b2,-1.000000,0.000000,Em,-0.012694,0.016841,1940.000000,0.510879,3797.373539,3003.000000,13365.000000,0.001496,0.000185,0.006598,0.000180,0,68.912788,11,0.005914,0.000040,0.003267,0.000030,0,435.800317,8,-0.004418,0.000189,-4.417962,0.189247
23851,2,b2,-1.000000,0.000000,Pmz,-0.040352,0.030471,2342.000000,0.605467,3868.086861,3003.000000,13365.000000,-0.001315,0.000285,0.010793,0.000271,0,225.162948,9,-0.005637,0.000064,0.005636,0.000043,0,1243.955856,7,0.004322,0.000292,4.321829,0.292291
23851,2,b2,-1.000000,0.000000,Pmx,-0.051297,0.026432,2412.000000,0.649936,3711.133808,3003.000000,13365.000000,-0.008988,0.000319,0.012205,0.000340,0,229.044011,10,-0.004739,0.000079,0.007249,0.000061,0,1334.810772,10,-0.004249,0.000329,-4.249466,0.329125
23851,2,b2,-1.000000,0.000000,Pmy,-0.021332,0.038064,2713.000000,0.730242,3715.205873,3003.000000,13365.000000,0.008186,0.000222,0.011108,0.000198,0,22.320849,7,-0.000906,0.000062,0.007095,0.000047,0,6.992300,7,0.009092,0.000231,9.092035,0.230898
23851,3,b3,0.000000,1.000000,W,0.903023,1.016554,2385.000000,0.676590,3525.028732,3052.000000,11973.000000,0.958558,0.000600,0.026448,0.000589,0,43.943872,14,0.947838,0.000197,0.018956,0.000179,0,465.014970,14,0.010721,0.000631,10.720806,0.631098
23851,3,b3,0.000000,1.000000,Em,-0.010634,0.018859,2106.000000,0.560471,3757.553157,3052.000000,11973.000000,0.003327,0.000182,0.006895,0.000186,0,58.288427,11,0.005608,0.000046,0.003562,0.000034,0,525.812188,11,-0.002281,0.000188,-2.281298,0.188102
23851,3,b3,0.000000,1.000000,Pmz,-0.039353,0.028732,2493.000000,0.645164,3864.131145,3052.000000,11973.000000,-0.001987,0.000263,0.010312,0.000240,0,229.296912,9,-0.005086,0.000062,0.005419,0.000042,0,1131.372942,7,0.003098,0.000271,3.098463,0.270533
23851,3,b3,0.000000,1.000000,Pmx,-0.052009,0.024099,2583.000000,0.683406,3779.595968,3052.000000,11973.000000,-0.011094,0.000272,0.012282,0.000295,0,187.699339,10,-0.004606,0.000085,0.007526,0.000063,0,1063.602581,10,-0.006488,0.000285,-6.488011,0.284692
23851,3,b3,0.000000,1.000000,Pmy,-0.020931,0.038733,2775.000000,0.737569,3762.357349,3052.000000,11973.000000,0.008765,0.000221,0.010835,0.000204,0,28.054178,6,-0.001610,0.000069,0.007189,0.000057,0,15.154625,6,0.010374,0.000231,10.374219,0.231374
23851,4,b4,1.000000,2.000000,W,0.907926,1.016334,2501.000000,0.643825,3884.597136,2999.000000,9683.000000,0.961077,0.000552,0.024381,0.000539,0,21.933179,12,0.946887,0.000207,0.018176,0.000215,0,318.876949,12,0.014190,0.000589,14.190367,0.589210
23851,4,b4,1.000000,2.000000,Em,-0.008607,0.020744,2129.000000,0.552058,3856.479876,2999.000000,9683.000000,0.005565,0.000190,0.007166,0.000190,0,48.238181,11,0.005525,0.000053,0.003898,0.000039,0,474.801971,11,0.000040,0.000197,0.040408,0.197353
23851,4,b4,1.000000,2.000000,Pmz,-0.038537,0.026526,2530.000000,0.618127,4093.011772,2999.000000,9683.000000,-0.002788,0.000257,0.009254,0.000220,0,229.421857,7,-0.004902,0.000067,0.005473,0.000046,0,730.172635,6,0.002113,0.000266,2.113310,0.265807
23851,4,b4,1.000000,2.000000,Pmx,-0.054297,0.022713,2622.000000,0.655463,4000.225879,2999.000000,9683.000000,-0.013050,0.000289,0.012841,0.000304,0,162.579091,10,-0.004466,0.000095,0.007887,0.000078,0,759.187963,10,-0.008584,0.000304,-8.583733,0.303868
23851,4,b4,1.000000,2.000000,Pmy,-0.019975,0.038790,2729.000000,0.673812,4050.088906,2999.000000,9683.000000,0.009273,0.000221,0.010868,0.000198,0,12.202260,6,-0.001527,0.000079,0.007347,0.000064,0,9.965094,5,0.010800,0.000235,10.799832,0.234897
23851,5,b5,2.000000,3.000000,W,0.911869,1.018410,2203.000000,0.487526,4518.732352,2545.000000,6306.000000,0.965264,0.000583,0.024501,0.000589,0,21.758967,12,0.945358,0.000266,0.018097,0.000302,0,176.679752,12,0.019907,0.000641,19.906710,0.640867
23851,5,b5,2.000000,3.000000,Em,-0.006059,0.026363,1973.000000,0.448007,4403.946198,2545.000000,6306.000000,0.009576,0.000206,0.007628,0.000196,0,50.526300,13,0.005627,0.000065,0.004131,0.000053,0,404.721277,13,0.003950,0.000216,3.949685,0.216343
23851,5,b5,2.000000,3.000000,Pmz,-0.040479,0.023596,2231.000000,0.479811,4649.750039,2545.000000,6306.000000,-0.005295,0.000236,0.009428,0.000215,0,165.153637,8,-0.004993,0.000078,0.005381,0.000055,0,495.321143,7,-0.000302,0.000248,-0.301829,0.248034
23851,5,b5,2.000000,3.000000,Pmx,-0.051171,0.021265,2275.000000,0.494485,4600.750147,2545.000000,6306.000000,-0.013477,0.000296,0.013319,0.000298,0,83.821826,10,-0.004362,0.000119,0.008455,0.000096,0,326.321239,10,-0.009115,0.000319,-9.114873,0.318789
23851,5,b5,2.000000,3.000000,Pmy,-0.019134,0.040210,2302.000000,0.496995,4631.841134,2545.000000,6306.000000,0.010852,0.000249,0.011392,0.000235,0,28.610722,7,-0.001065,0.000102,0.007671,0.000084,0,7.170044,5,0.011917,0.000270,11.916736,0.269531
