run,requested_run_type,phase,bigtable_source,run_type,target,ebeam,hms_p,shms_p,root_file,root_entries,selected_entries,ct_method,ct_reference_runs,ctmean,ctmean_err,ctsigma,ctsigma_err,rf_period_ns,ct_low,ct_high,random_left_low,random_left_high,random_right_low,random_right_high,n_coin,n_random_peaks,n_random_total,random_mean,good_coin,good_coin_err,BCM2_Q,ps5,ps6,active_prescale,prescale_factor,comp_livetime,h_esing_Eff,p_hadron_Eff,trigger_eff,pid_eff,boil_corr,norm_factor,normalized_yield,normalized_yield_err,bigtable_normyield,bigtable_normyield_err,status,reason
24040,PI-SIDIS,phase1,bigtable/rsidis_bigtable_pass0p1.csv,PI-SIDIS,C,8.5831,-1.531,-4.868,/lustre24/expphy/volatile/hallc/c-rsidis/pdbforce/replay/ROOTfiles/coin_replay_production_24040_-1.root,275265,3828,TWO_STAGE_GAUSSIAN_FIT,,51.36423904,0.01240887317,0.306323969,0.01230525609,4,49.36423904,53.36423904,33.36423904,45.36423904,57.36423904,69.36423904,837,6,1146,191,646,29.47597892,34.418,-1,1,ps6,1,1,0.9997,0.9138,1,1,1,0.03180486261,20.54594125,0.93747946,21.0713,0.948415,OK,
24041,PI-SIDIS,phase1,bigtable/rsidis_bigtable_pass0p1.csv,PI-SIDIS,C,8.5831,-1.531,-4.868,/lustre24/expphy/volatile/hallc/c-rsidis/pdbforce/replay/ROOTfiles/coin_replay_production_24041_-1.root,384729,5281,TWO_STAGE_GAUSSIAN_FIT,,51.34695296,0.01062157321,0.3075191419,0.0102348872,4,49.34695296,53.34695296,33.34695296,45.34695296,57.34695296,69.34695296,1157,6,1591,265.1666667,891.8333333,34.65825218,46.135,-1,1,ps6,1,1,0.9998,0.9084,1,1,1,0.02386597696,21.28447379,0.8271530482,21.5389,0.830234,OK,
24112,PI-SIDIS,phase1,bigtable/rsidis_bigtable_pass0p1.csv,PI-SIDIS,LD2,8.5831,-1.531,-3.632,/lustre24/expphy/volatile/hallc/c-rsidis/pdbforce/replay/ROOTfiles/coin_replay_production_24112_-1.root,684116,10748,TWO_STAGE_GAUSSIAN_FIT,,51.23082067,0.009233231019,0.3270828299,0.008479223835,4,49.23082067,53.23082067,33.23082067,45.23082067,57.23082067,69.23082067,1527,6,3442,573.6666667,953.3333333,40.28164732,24.626,-1,1,ps6,1,1,0.9997,0.9298,1,1,1.004968,0.04390349802,41.85466812,1.768505224,41.9982,1.78523,OK,
24117,PI-SIDIS,phase1,bigtable/rsidis_bigtable_pass0p1.csv,PI-SIDIS,Dummy,8.5831,-1.531,-3.632,/lustre24/expphy/volatile/hallc/c-rsidis/pdbforce/replay/ROOTfiles/coin_replay_production_24117_-1.root,240514,7262,TWO_STAGE_GAUSSIAN_FIT,,51.20770026,0.01083638773,0.3278259105,0.009628456138,4,49.20770026,53.20770026,33.20770026,45.20770026,57.20770026,69.20770026,1105,6,2347,391.1666667,713.8333333,34.20810495,58.363,-1,1,ps6,1,1,0.9997,0.9326,1,1,1,0.01837795946,13.11880006,0.628675166,13.3111,0.633398,OK,
24123,PI-SIDIS,phase1,bigtable/rsidis_bigtable_pass0p1.csv,PI-SIDIS,C,8.5831,-1.531,-3.632,/lustre24/expphy/volatile/hallc/c-rsidis/pdbforce/replay/ROOTfiles/coin_replay_production_24123_-1.root,353379,11185,TWO_STAGE_GAUSSIAN_FIT,,51.22221169,0.009496259606,0.3301956837,0.008760203362,4,49.22221169,53.22221169,33.22221169,45.22221169,57.22221169,69.22221169,1508,6,3666,611,897,40.12272839,41.583,-1,1,ps6,1,1,0.9997,0.9268,1,1,1,0.02595544413,23.28203338,1.041403235,23.34,1.04639,OK,
24208,PI+SIDIS,phase1,bigtable/rsidis_bigtable_pass0p1.csv,PI+SIDIS,C,8.5831,-1.531,6.538,/lustre24/expphy/volatile/hallc/c-rsidis/pdbforce/replay/ROOTfiles/coin_replay_production_24208_-1.root,150223,3520,TWO_STAGE_GAUSSIAN_FIT,,51.22603841,0.009096109167,0.3167388246,0.008383135531,4,49.22603841,53.22603841,33.22603841,45.22603841,57.22603841,69.22603841,1503,6,777,129.5,1373.5,39.04591315,76.178,-1,1,ps6,1,1,0.9998,0.9689,1,1,1,0.01355121842,18.6125985,0.5291196974,19.4533,0.541887,OK,
24621,PI+SIDIS,phase1,bigtable/rsidis_bigtable_pass0p1.csv,PI+SIDIS,LD2,8.5831,-1.531,3.632,/lustre24/expphy/volatile/hallc/c-rsidis/pdbforce/replay/ROOTfiles/coin_replay_production_24621_-1.root,489096,14916,TWO_STAGE_GAUSSIAN_FIT,,51.22468812,0.006524150088,0.3212643599,0.005874574673,4,49.22468812,53.22468812,33.22468812,45.22468812,57.22468812,69.22468812,2917,6,4454,742.3333333,2174.666667,55.14274406,45.89,-1,1,ps6,1,1,0.9995,0.9683,1,1,1.009534,0.0227305614,49.43139419,1.25342553,49.0453,1.24903,OK,
24647,PI+SIDIS,phase1,bigtable/rsidis_bigtable_pass0p1.csv,PI+SIDIS,C,8.5831,-1.531,3.632,/lustre24/expphy/volatile/hallc/c-rsidis/pdbforce/replay/ROOTfiles/coin_replay_production_24647_-1.root,494206,16034,TWO_STAGE_GAUSSIAN_FIT,,51.21142424,0.006088916852,0.2855552373,0.005498477455,4,49.21142424,53.21142424,33.21142424,45.21142424,57.21142424,69.21142424,3197,6,4828,804.6666667,2392.333333,57.7157787,79.188,-1,1,ps6,1,1,0.9997,0.9668,1,1,1,0.01306574842,31.25762548,0.7540998446,31.3836,0.757998,OK,
27107,SHMSHEEP,phase2,bigtable/rsidis_bigtable_phase2.csv,HEEP,Dummy,6.449,1.67,-5.52,,-1,-1,,,nan,nan,nan,nan,nan,nan,nan,nan,nan,nan,nan,nan,0,nan,nan,nan,nan,nan,nan,nan,,nan,nan,nan,nan,1,1,nan,nan,nan,nan,nan,nan,SKIPPED_UNSUPPORTED_RUN_TYPE,ONLY_PI_SIDIS_AND_PI_PLUS_SIDIS_ARE_SUPPORTED
27113,HMSDIS,phase2,bigtable/rsidis_bigtable_phase2.csv,HMSDIS,LH2,6.449,-1.165,-2.766,,-1,-1,,,nan,nan,nan,nan,nan,nan,nan,nan,nan,nan,nan,nan,0,nan,nan,nan,nan,nan,nan,nan,,nan,nan,nan,nan,1,1,nan,nan,nan,nan,nan,nan,SKIPPED_UNSUPPORTED_RUN_TYPE,ONLY_PI_SIDIS_AND_PI_PLUS_SIDIS_ARE_SUPPORTED
27114,HMSDIS,phase2,bigtable/rsidis_bigtable_phase2.csv,HMSDIS,LH2,6.449,-1.165,-2.766,,-1,-1,,,nan,nan,nan,nan,nan,nan,nan,nan,nan,nan,nan,nan,0,nan,nan,nan,nan,nan,nan,nan,,nan,nan,nan,nan,1,1,nan,nan,nan,nan,nan,nan,SKIPPED_UNSUPPORTED_RUN_TYPE,ONLY_PI_SIDIS_AND_PI_PLUS_SIDIS_ARE_SUPPORTED
27121,SHMSDIS,phase2,bigtable/rsidis_bigtable_phase2.csv,SHMSDIS,LH2,6.449,-1.165,-2.766,,-1,-1,,,nan,nan,nan,nan,nan,nan,nan,nan,nan,nan,nan,nan,0,nan,nan,nan,nan,nan,nan,nan,,nan,nan,nan,nan,1,1,nan,nan,nan,nan,nan,nan,SKIPPED_UNSUPPORTED_RUN_TYPE,ONLY_PI_SIDIS_AND_PI_PLUS_SIDIS_ARE_SUPPORTED
27122,PI-SIDIS,phase2,bigtable/rsidis_bigtable_phase2.csv,PI-SIDIS,LH2,6.449,-1.165,-2.766,/lustre24/expphy/volatile/hallc/c-rsidis/pdbforce/replay/ROOTfiles/coin_replay_production_27122_-1.root,314478,13894,TWO_STAGE_GAUSSIAN_FIT,,51.39727414,0.01338888418,0.4019267789,0.01179305062,2,50.39727414,52.39727414,42.39727414,48.39727414,54.39727414,60.39727414,1119,6,2478,413,706,34.46495805,51.346,-1,1,ps6,1,0.99991,0.998,0.9767,1,1,1,0.01998208227,14.10735009,0.6886816273,16.9874,0.730385,OK,
27123,PI-SIDIS,phase2,bigtable/rsidis_bigtable_phase2.csv,PI-SIDIS,LH2,6.449,-1.165,-2.766,/lustre24/expphy/volatile/hallc/c-rsidis/pdbforce/replay/ROOTfiles/coin_replay_production_27123_-1.root,293272,12885,TWO_STAGE_GAUSSIAN_FIT,,51.4046471,0.01461532557,0.4058982896,0.0132212462,2,50.4046471,52.4046471,42.4046471,48.4046471,54.4046471,60.4046471,963,6,2153,358.8333333,604.1666667,31.98133136,47.57,-1,1,ps6,1,0.99992,0.9978,0.9763,1,1,1,0.021581161,13.0386181,0.690194261,15.5931,0.737578,OK,
27124,PI-SIDIS,phase2,bigtable/rsidis_bigtable_phase2.csv,PI-SIDIS,LH2,6.449,-1.165,-2.766,/lustre24/expphy/volatile/hallc/c-rsidis/pdbforce/replay/ROOTfiles/coin_replay_production_27124_-1.root,315077,13918,TWO_STAGE_GAUSSIAN_FIT,,51.38814947,0.01341363514,0.4040264732,0.01244994274,2,50.38814947,52.38814947,42.38814947,48.38814947,54.38814947,60.38814947,1106,6,2328,388,718,34.21500645,51.317,-1,1,ps6,1,0.99992,0.9979,0.9767,1,1,1,0.01999517802,14.35653782,0.684135145,16.6669,0.724076,OK,
27125,PI-SIDIS,phase2,bigtable/rsidis_bigtable_phase2.csv,PI-SIDIS,LH2,6.449,-1.165,-2.766,/lustre24/expphy/volatile/hallc/c-rsidis/pdbforce/replay/ROOTfiles/coin_replay_production_27125_-1.root,268049,11977,TWO_STAGE_GAUSSIAN_FIT,,51.40571866,0.01464606454,0.3997756795,0.01371705152,2,50.40571866,52.40571866,42.40571866,48.40571866,54.40571866,60.40571866,951,6,1973,328.8333333,622.1666667,31.71443765,43.66,-1,1,ps6,1,0.99993,0.9983,0.9759,1,1,1,0.02351149696,14.62806969,0.7456539044,16.9986,0.795658,OK,
27126,PI-SIDIS,phase2,bigtable/rsidis_bigtable_phase2.csv,PI-SIDIS,LH2,6.449,-1.165,-2.766,/lustre24/expphy/volatile/hallc/c-rsidis/pdbforce/replay/ROOTfiles/coin_replay_production_27126_-1.root,125156,5593,TWO_STAGE_GAUSSIAN_FIT,,51.37186167,0.02175405557,0.4121221568,0.02067368923,2,50.37186167,52.37186167,42.37186167,48.37186167,54.37186167,60.37186167,445,6,973,162.1666667,282.8333333,21.72620026,20.369,-1,1,ps6,1,0.9999,0.9983,0.9742,1,1,1,0.05048525185,14.27891206,1.096852692,16.6983,1.15502,OK,
27127,PI-SIDIS,phase2,bigtable/rsidis_bigtable_phase2.csv,PI-SIDIS,LH2,6.449,-1.165,-2.766,/lustre24/expphy/volatile/hallc/c-rsidis/pdbforce/replay/ROOTfiles/coin_replay_production_27127_-1.root,451933,20178,TWO_STAGE_GAUSSIAN_FIT,,51.39419855,0.0110655264,0.4071817966,0.01030513056,2,50.39419855,52.39419855,42.39419855,48.39419855,54.39419855,60.39419855,1679,6,3456,576,1103,42.13074887,73.613,-1,1,ps6,1,0.9999,0.998,0.9751,1,1,1,0.013960765,15.39872379,0.5881774842,18.3519,0.627378,OK,
27128,PI-SIDIS,phase2,bigtable/rsidis_bigtable_phase2.csv,PI-SIDIS,LH2,6.449,-1.165,-2.766,/lustre24/expphy/volatile/hallc/c-rsidis/pdbforce/replay/ROOTfiles/coin_replay_production_27128_-1.root,102529,4548,TWO_STAGE_GAUSSIAN_FIT,,51.41937011,0.02449997031,0.4119139631,0.021351756,2,50.41937011,52.41937011,42.41937011,48.41937011,54.41937011,60.41937011,376,6,779,129.8333333,246.1666667,19.94088486,16.56,-1,1,ps6,1,0.99994,0.9982,0.9745,1,1,1,0.06208208828,15.28254073,1.237971774,18.062,1.31628,OK,
27129,PI-SIDIS,phase2,bigtable/rsidis_bigtable_phase2.csv,PI-SIDIS,LH2,6.449,-1.165,-2.766,/lustre24/expphy/volatile/hallc/c-rsidis/pdbforce/replay/ROOTfiles/coin_replay_production_27129_-1.root,517439,22927,TWO_STAGE_GAUSSIAN_FIT,,51.40270316,0.01038197496,0.4066447801,0.009576729287,2,50.40270316,52.40270316,42.40270316,48.40270316,54.40270316,60.40270316,1875,6,3988,664.6666667,1210.333333,44.56206658,84.236,-1,1,ps6,1,0.99991,0.9978,0.9746,1,1,1,0.01220875689,14.77666542,0.5440474372,17.5129,0.57814,OK,
27130,PI-SIDIS,phase2,bigtable/rsidis_bigtable_phase2.csv,PI-SIDIS,LH2,6.449,-1.165,-2.766,/lustre24/expphy/volatile/hallc/c-rsidis/pdbforce/replay/ROOTfiles/coin_replay_production_27130_-1.root,306662,13620,TWO_STAGE_GAUSSIAN_FIT,,51.28394105,0.01438003468,0.4187995016,0.01473867733,2,50.28394105,52.28394105,42.28394105,48.28394105,54.28394105,60.28394105,1097,6,2278,379.6666667,717.3333333,34.06285041,50.154,-1,1,ps6,1,0.99991,0.9979,0.9742,1,1,1,0.02051154456,14.71361463,0.6986816739,17.0367,0.740665,OK,
27131,PI-SIDIS,phase2,bigtable/rsidis_bigtable_phase2.csv,PI-SIDIS,LH2,6.449,-1.165,-2.766,/lustre24/expphy/volatile/hallc/c-rsidis/pdbforce/replay/ROOTfiles/coin_replay_production_27131_-1.root,321559,14409,TWO_STAGE_GAUSSIAN_FIT,,51.281139,0.01395162997,0.4149526768,0.01351046966,2,50.281139,52.281139,42.281139,48.281139,54.281139,60.281139,1151,6,2480,413.3333333,737.6666667,34.92690781,52.533,-1,1,ps6,1,0.99988,0.998,0.9744,1,1,1,0.01957726859,14.44149846,0.6837734551,16.2355,0.71245,OK,
27132,PI-SIDIS,phase2,bigtable/rsidis_bigtable_phase2.csv,PI-SIDIS,LH2,6.449,-1.165,-2.766,/lustre24/expphy/volatile/hallc/c-rsidis/pdbforce/replay/ROOTfiles/coin_replay_production_27132_-1.root,763481,2133,TWO_STAGE_GAUSSIAN_FIT,,51.26140933,0.0325856124,0.3424170467,0.0296038852,2,50.26140933,52.26140933,42.26140933,48.26140933,54.26140933,60.26140933,158,6,362,60.33333333,97.66666667,12.96362432,7.795,1,-1,ps5,1,0.99533,0.9976,0.9614,1,1,1,0.134386681,13.12509917,1.742138446,13.9865,1.79986,OK,
27133,PI-SIDIS,phase2,bigtable/rsidis_bigtable_phase2.csv,PI-SIDIS,LH2,6.449,-1.165,-2.766,/lustre24/expphy/volatile/hallc/c-rsidis/pdbforce/replay/ROOTfiles/coin_replay_production_27133_-1.root,3394078,9482,TWO_STAGE_GAUSSIAN_FIT,,51.33070879,0.0169976748,0.4238225891,0.0168952686,2,50.33070879,52.33070879,42.33070879,48.33070879,54.33070879,60.33070879,793,6,1594,265.6666667,527.3333333,28.93575259,34.716,1,-1,ps5,1,0.9954,0.9998,0.9619,1,1,1,0.03009051541,15.8677318,0.8706917092,18.3691,0.927584,OK,
27134,HMSDIS,phase2,bigtable/rsidis_bigtable_phase2.csv,HMSDIS,LH2,6.449,-1.165,-2.766,,-1,-1,,,nan,nan,nan,nan,nan,nan,nan,nan,nan,nan,nan,nan,0,nan,nan,nan,nan,nan,nan,nan,,nan,nan,nan,nan,1,1,nan,nan,nan,nan,nan,nan,SKIPPED_UNSUPPORTED_RUN_TYPE,ONLY_PI_SIDIS_AND_PI_PLUS_SIDIS_ARE_SUPPORTED
27135,PI-SIDIS,phase2,bigtable/rsidis_bigtable_phase2.csv,PI-SIDIS,Dummy,6.449,-1.165,-2.766,/lustre24/expphy/volatile/hallc/c-rsidis/pdbforce/replay/ROOTfiles/coin_replay_production_27135_-1.root,122382,4517,TWO_STAGE_GAUSSIAN_FIT,,51.28353107,0.01785935334,0.3547514854,0.01614586186,2,50.28353107,52.28353107,42.28353107,48.28353107,54.28353107,60.28353107,509,6,760,126.6666667,382.3333333,23.02414192,81.167,-1,1,ps6,1,1,0.999,0.9773,1,1,1,0.01261906329,4.824688532,0.2905431041,5.9109,0.316074,OK,
27136,PI-SIDIS,phase2,bigtable/rsidis_bigtable_phase2.csv,PI-SIDIS,Dummy,6.449,-1.165,-2.766,/lustre24/expphy/volatile/hallc/c-rsidis/pdbforce/replay/ROOTfiles/coin_replay_production_27136_-1.root,121295,4398,TWO_STAGE_GAUSSIAN_FIT,,51.31540508,0.02235657597,0.4328758684,0.02201992395,2,50.31540508,52.31540508,42.31540508,48.31540508,54.31540508,60.31540508,492,6,696,116,376,22.61268081,80.462,-1,1,ps6,1,0.99997,0.9988,0.9765,1,1,1,0.01274299241,4.791365145,0.2881532198,5.59338,0.311955,OK,
27137,PI-SIDIS,phase2,bigtable/rsidis_bigtable_phase2.csv,PI-SIDIS,Dummy,6.449,-1.165,-2.766,/lustre24/expphy/volatile/hallc/c-rsidis/pdbforce/replay/ROOTfiles/coin_replay_production_27137_-1.root,119580,4468,TWO_STAGE_GAUSSIAN_FIT,,51.35603771,0.01719575889,0.3760623257,0.01619703096,2,50.35603771,52.35603771,42.35603771,48.35603771,54.35603771,60.35603771,562,6,714,119,443,24.12122164,78.858,-1,1,ps6,1,0.99998,0.9985,0.977,1,1,1,0.01299930982,5.758694252,0.3135592334,6.12304,0.325543,OK,
27138,HMSDIS,phase2,bigtable/rsidis_bigtable_phase2.csv,HMSDIS,Dummy,6.449,-1.165,-2.766,,-1,-1,,,nan,nan,nan,nan,nan,nan,nan,nan,nan,nan,nan,nan,0,nan,nan,nan,nan,nan,nan,nan,,nan,nan,nan,nan,1,1,nan,nan,nan,nan,nan,nan,SKIPPED_UNSUPPORTED_RUN_TYPE,ONLY_PI_SIDIS_AND_PI_PLUS_SIDIS_ARE_SUPPORTED
27139,PI-SIDIS,phase2,bigtable/rsidis_bigtable_phase2.csv,PI-SIDIS,LH2,6.449,-1.165,-2.766,/lustre24/expphy/volatile/hallc/c-rsidis/pdbforce/replay/ROOTfiles/coin_replay_production_27139_-1.root,287429,12345,TWO_STAGE_GAUSSIAN_FIT,,51.263084,0.01631746347,0.4335181527,0.01666013573,2,50.263084,52.263084,42.263084,48.263084,54.263084,60.263084,970,6,2052,342,628,32.04684072,46.243,-1,1,ps6,1,0.99992,0.9982,0.9747,1,1,1,0.022227991,13.95917835,0.7123368871,15.6216,0.748837,OK,
27140,PI-SIDIS,phase2,bigtable/rsidis_bigtable_phase2.csv,PI-SIDIS,LH2,6.449,-1.165,-2.766,/lustre24/expphy/volatile/hallc/c-rsidis/pdbforce/replay/ROOTfiles/coin_replay_production_27140_-1.root,308880,13592,TWO_STAGE_GAUSSIAN_FIT,,51.24604319,0.01375892843,0.3901787782,0.01382210689,2,50.24604319,52.24604319,42.24604319,48.24604319,54.24604319,60.24604319,1105,6,2273,378.8333333,726.1666667,34.17804689,49.917,-1,1,ps6,1,0.99988,0.9979,0.9751,1,1,1,0.02059052703,14.95215438,0.7037439984,17.2648,0.744285,OK,
27141,PI-SIDIS,phase2,bigtable/rsidis_bigtable_phase2.csv,PI-SIDIS,LH2,6.449,-1.165,-2.766,/lustre24/expphy/volatile/hallc/c-rsidis/pdbforce/replay/ROOTfiles/coin_replay_production_27141_-1.root,314295,13978,TWO_STAGE_GAUSSIAN_FIT,,51.31530825,0.01333558075,0.4049424607,0.01344007106,2,50.31530825,52.31530825,42.31530825,48.31530825,54.31530825,60.31530825,1138,6,2299,383.1666667,754.8333333,34.66786857,50.577,-1,1,ps6,1,0.9999,0.9979,0.975,1,1,1,0.02032351058,15.34086324,0.7045727936,16.9897,0.73867,OK,
27142,PI-SIDIS,phase2,bigtable/rsidis_bigtable_phase2.csv,PI-SIDIS,LH2,6.449,-1.165,-2.766,/lustre24/expphy/volatile/hallc/c-rsidis/pdbforce/replay/ROOTfiles/coin_replay_production_27142_-1.root,319811,14080,TWO_STAGE_GAUSSIAN_FIT,,51.30694031,0.01324931965,0.3978054468,0.01310061721,2,50.30694031,52.30694031,42.30694031,48.30694031,54.30694031,60.30694031,1098,6,2436,406,692,34.14186091,51.512,-1,1,ps6,1,0.99989,0.9982,0.9734,1,1,1,0.01998160896,13.8272734,0.6822093138,15.8767,0.719623,OK,
27143,PI-SIDIS,phase2,bigtable/rsidis_bigtable_phase2.csv,PI-SIDIS,LH2,6.449,-1.165,-2.766,/lustre24/expphy/volatile/hallc/c-rsidis/pdbforce/replay/ROOTfiles/coin_replay_production_27143_-1.root,311781,13768,TWO_STAGE_GAUSSIAN_FIT,,51.2353484,0.01346288424,0.3852459392,0.01378351046,2,50.2353484,52.2353484,42.2353484,48.2353484,54.2353484,60.2353484,1142,6,2367,394.5,747.5,34.75269774,50.38,-1,1,ps6,1,0.99992,0.9978,0.974,1,1,1,0.0204255672,15.26811148,0.7098435629,17.3842,0.742663,OK,
27144,PI-SIDIS,phase2,bigtable/rsidis_bigtable_phase2.csv,PI-SIDIS,LH2,6.449,-1.165,-2.766,/lustre24/expphy/volatile/hallc/c-rsidis/pdbforce/replay/ROOTfiles/coin_replay_production_27144_-1.root,307212,13447,TWO_STAGE_GAUSSIAN_FIT,,51.23759665,0.01278936753,0.3671284829,0.01326671821,2,50.23759665,52.23759665,42.23759665,48.23759665,54.23759665,60.23759665,1094,6,2251,375.1666667,718.8333333,34.00776055,49.35,-1,1,ps6,1,0.99991,0.9979,0.9741,1,1,1,0.0208478544,14.98613267,0.7089888404,17.3543,0.75157,OK,
27145,PI-SIDIS,phase2,bigtable/rsidis_bigtable_phase2.csv,PI-SIDIS,LH2,6.449,-1.165,-2.766,/lustre24/expphy/volatile/hallc/c-rsidis/pdbforce/replay/ROOTfiles/coin_replay_production_27145_-1.root,280256,12312,TWO_STAGE_GAUSSIAN_FIT,,51.31955885,0.01408152314,0.4064965261,0.01341189272,2,50.31955885,52.31955885,42.31955885,48.31955885,54.31955885,60.31955885,1030,6,2008,334.6666667,695.3333333,32.95114228,44.873,-1,1,ps6,1,0.99992,0.9982,0.9726,1,1,1,0.02295608419,15.96213054,0.7564291963,18.3369,0.803897,OK,
27146,PI-SIDIS,phase2,bigtable/rsidis_bigtable_phase2.csv,PI-SIDIS,LH2,6.449,-1.165,-2.766,/lustre24/expphy/volatile/hallc/c-rsidis/pdbforce/replay/ROOTfiles/coin_replay_production_27146_-1.root,353716,15627,TWO_STAGE_GAUSSIAN_FIT,,51.27428839,0.0131640319,0.4164364767,0.01300891406,2,50.27428839,52.27428839,42.27428839,48.27428839,54.27428839,60.27428839,1289,6,2610,435,854,36.89850945,56.805,-1,1,ps6,1,0.99993,0.9978,0.975,1,1,1,0.0180965473,15.45445139,0.6677356215,17.3322,0.702008,OK,
27147,PI-SIDIS,phase2,bigtable/rsidis_bigtable_phase2.csv,PI-SIDIS,LH2,6.449,-1.165,-2.766,/lustre24/expphy/volatile/hallc/c-rsidis/pdbforce/replay/ROOTfiles/coin_replay_production_27147_-1.root,316450,14066,TWO_STAGE_GAUSSIAN_FIT,,51.25183612,0.01387019502,0.3925953298,0.0140029772,2,50.25183612,52.25183612,42.25183612,48.25183612,54.25183612,60.25183612,1140,6,2331,388.5,751.5,34.70950878,50.797,-1,1,ps6,1,0.99993,0.9982,0.9753,1,1,1,0.02022257933,15.19726836,0.7019157948,16.9825,0.737059,OK,
27148,PI-SIDIS,phase2,bigtable/rsidis_bigtable_phase2.csv,PI-SIDIS,LH2,6.449,-1.165,-2.766,/lustre24/expphy/volatile/hallc/c-rsidis/pdbforce/replay/ROOTfiles/coin_replay_production_27148_-1.root,72673,3060,TWO_STAGE_GAUSSIAN_FIT,,51.24814638,0.03578839682,0.4370081627,0.04473908944,2,50.24814638,52.24814638,42.24814638,48.24814638,54.24814638,60.24814638,279,6,497,82.83333333,196.1666667,17.11156204,11.276,-1,1,ps6,1,0.99988,0.9983,0.9715,1,1,1,0.09145199317,17.93983266,1.564886455,18.5518,1.62119,OK,
27149,PI-SIDIS,phase2,bigtable/rsidis_bigtable_phase2.csv,PI-SIDIS,LH2,6.449,-1.165,-2.766,/lustre24/expphy/volatile/hallc/c-rsidis/pdbforce/replay/ROOTfiles/coin_replay_production_27149_-1.root,195168,8639,TWO_STAGE_GAUSSIAN_FIT,,51.26902559,0.01826946139,0.4238773309,0.01779346503,2,50.26902559,52.26902559,42.26902559,48.26902559,54.26902559,60.26902559,710,6,1482,247,463,27.40741992,31.463,-1,1,ps6,1,0.99988,0.9978,0.972,1,1,1,0.03277496402,15.17480834,0.8982772019,17.9414,0.956518,OK,
27150,PI-SIDIS,phase2,bigtable/rsidis_bigtable_phase2.csv,PI-SIDIS,Dummy,6.449,-1.165,-2.766,/lustre24/expphy/volatile/hallc/c-rsidis/pdbforce/replay/ROOTfiles/coin_replay_production_27150_-1.root,111765,4079,TWO_STAGE_GAUSSIAN_FIT,,51.30565581,0.01896476297,0.3609670523,0.01833988497,2,50.30565581,52.30565581,42.30565581,48.30565581,54.30565581,60.30565581,479,6,694,115.6666667,363.3333333,22.3221365,72.639,-1,1,ps6,1,0.99996,0.9988,0.9781,1,1,1,0.0140924247,5.120247639,0.3145730276,5.80885,0.330008,OK,
27151,PI-SIDIS,phase2,bigtable/rsidis_bigtable_phase2.csv,PI-SIDIS,Dummy,6.449,-1.165,-2.766,/lustre24/expphy/volatile/hallc/c-rsidis/pdbforce/replay/ROOTfiles/coin_replay_production_27151_-1.root,108022,3907,TWO_STAGE_GAUSSIAN_FIT,,51.35803788,0.02028093968,0.3785913548,0.0172634977,2,50.35803788,52.35803788,42.35803788,48.35803788,54.35803788,60.35803788,429,6,700,116.6666667,312.3333333,21.1765069,70.959,-1,1,ps6,1,0.99998,0.9987,0.9749,1,1,1,0.01447458361,4.520894947,0.3065211197,5.06888,0.320884,OK,
27152,PI-SIDIS,phase2,bigtable/rsidis_bigtable_phase2.csv,PI-SIDIS,Dummy,6.449,-1.165,-2.766,/lustre24/expphy/volatile/hallc/c-rsidis/pdbforce/replay/ROOTfiles/coin_replay_production_27152_-1.root,92921,3428,TWO_STAGE_GAUSSIAN_FIT,,51.25921835,0.01933997417,0.326502194,0.01847485505,2,50.25921835,52.25921835,42.25921835,48.25921835,54.25921835,60.25921835,353,6,556,92.66666667,260.3333333,19.19490673,60.587,-1,1,ps6,1,0.99998,0.9989,0.9781,1,1,1,0.0168936684,4.397985006,0.3242723893,5.13833,0.34769,OK,
27153,PI-SIDIS,phase2,bigtable/rsidis_bigtable_phase2.csv,PI-SIDIS,LH2,6.449,-1.165,-2.766,/lustre24/expphy/volatile/hallc/c-rsidis/pdbforce/replay/ROOTfiles/coin_replay_production_27153_-1.root,101744,4323,TWO_STAGE_GAUSSIAN_FIT,,51.20584387,0.02213458822,0.3709050253,0.02186720125,2,50.20584387,52.20584387,42.20584387,48.20584387,54.20584387,60.20584387,363,6,770,128.3333333,234.6666667,19.60583813,16.104,-1,1,ps6,1,0.99987,0.998,0.9734,1,1,1,0.06392942774,15.00210571,1.253390012,17.6272,1.32247,OK,
27154,PI-SIDIS,phase2,bigtable/rsidis_bigtable_phase2.csv,PI-SIDIS,LH2,6.449,-1.165,-2.766,/lustre24/expphy/volatile/hallc/c-rsidis/pdbforce/replay/ROOTfiles/coin_replay_production_27154_-1.root,345175,15157,TWO_STAGE_GAUSSIAN_FIT,,51.48148043,0.01306172141,0.4309161545,0.01200829179,2,50.48148043,52.48148043,42.48148043,48.48148043,54.48148043,60.48148043,1229,6,2536,422.6666667,806.3333333,36.04780776,55.119,-1,1,ps6,1,0.99992,0.9981,0.9742,1,1,1,0.0186599826,15.04616597,0.6726514655,17.1833,0.70954,OK,
27155,PI-SIDIS,phase2,bigtable/rsidis_bigtable_phase2.csv,PI-SIDIS,LH2,6.449,-1.165,-2.766,/lustre24/expphy/volatile/hallc/c-rsidis/pdbforce/replay/ROOTfiles/coin_replay_production_27155_-1.root,282427,12346,TWO_STAGE_GAUSSIAN_FIT,,51.49237106,0.0139242808,0.3779726042,0.01431939809,2,50.49237106,52.49237106,42.49237106,48.49237106,54.49237106,60.49237106,994,6,1987,331.1666667,662.8333333,32.39127111,45.238,-1,1,ps6,1,0.99992,0.9981,0.9724,1,1,1,0.02277782977,15.09790483,0.7378028595,17.7266,0.791794,OK,
27156,PI+SIDIS,phase2,bigtable/rsidis_bigtable_phase2.csv,PI+SIDIS,LH2,6.449,-1.165,4.978,/lustre24/expphy/volatile/hallc/c-rsidis/pdbforce/replay/ROOTfiles/coin_replay_production_27156_-1.root,140243,5474,TWO_STAGE_GAUSSIAN_FIT,,51.14448612,0.01041833289,0.4030141836,0.009903815436,2,50.14448612,52.14448612,42.14448612,48.14448612,54.14448612,60.14448612,1868,6,692,115.3333333,1752.666667,43.44217101,76.944,-1,1,ps6,1,0.99995,0.9997,0.9827,1,1,1,0.01322989226,23.18759116,0.5747352419,23.9698,0.581607,OK,
27157,PI+SIDIS,phase2,bigtable/rsidis_bigtable_phase2.csv,PI+SIDIS,LH2,6.449,-1.165,4.978,/lustre24/expphy/volatile/hallc/c-rsidis/pdbforce/replay/ROOTfiles/coin_replay_production_27157_-1.root,48950,1631,TWO_STAGE_GAUSSIAN_FIT,,51.094785,0.01829816975,0.3963043895,0.01728481189,2,50.094785,52.094785,42.094785,48.094785,54.094785,60.094785,562,6,178,29.66666667,532.3333333,23.81059521,22.629,-1,1,ps6,1,1,0.9996,0.9835,1,1,1,0.04495044814,23.92862189,1.070296925,24.9773,1.0938,OK,
27158,PI+SIDIS,phase2,bigtable/rsidis_bigtable_phase2.csv,PI+SIDIS,LH2,6.449,-1.165,4.978,/lustre24/expphy/volatile/hallc/c-rsidis/pdbforce/replay/ROOTfiles/coin_replay_production_27158_-1.root,126421,5055,TWO_STAGE_GAUSSIAN_FIT,,51.12436157,0.01095702037,0.4042861476,0.01011469331,2,50.12436157,52.12436157,42.12436157,48.12436157,54.12436157,60.12436157,1670,6,630,105,1565,41.07919181,70.794,-1,1,ps6,1,0.99994,0.9998,0.9834,1,1,1,0.01436766756,22.48539972,0.5902121714,23.5466,0.60131,OK,
27159,HMSDIS,phase2,bigtable/rsidis_bigtable_phase2.csv,HMSDIS,LH2,6.449,-1.165,4.978,,-1,-1,,,nan,nan,nan,nan,nan,nan,nan,nan,nan,nan,nan,nan,0,nan,nan,nan,nan,nan,nan,nan,,nan,nan,nan,nan,1,1,nan,nan,nan,nan,nan,nan,SKIPPED_UNSUPPORTED_RUN_TYPE,ONLY_PI_SIDIS_AND_PI_PLUS_SIDIS_ARE_SUPPORTED
27160,PI+SIDIS,phase2,bigtable/rsidis_bigtable_phase2.csv,PI+SIDIS,Dummy,6.449,-1.165,4.978,/lustre24/expphy/volatile/hallc/c-rsidis/pdbforce/replay/ROOTfiles/coin_replay_production_27160_-1.root,30587,611,TWO_STAGE_GAUSSIAN_FIT,,51.12204332,0.02891547956,0.4309594936,0.03293347771,2,50.12204332,52.12204332,42.12204332,48.12204332,54.12204332,60.12204332,390,6,38,6.333333333,383.6666667,19.77512467,83.246,-1,1,ps6,1,1,1,0.9824,1,1,1,0.01222779845,4.69139867,0.2418062387,4.8527,0.245771,OK,
27161,HMSDIS,phase2,bigtable/rsidis_bigtable_phase2.csv,HMSDIS,Dummy,6.449,-1.165,4.978,,-1,-1,,,nan,nan,nan,nan,nan,nan,nan,nan,nan,nan,nan,nan,0,nan,nan,nan,nan,nan,nan,nan,,nan,nan,nan,nan,1,1,nan,nan,nan,nan,nan,nan,SKIPPED_UNSUPPORTED_RUN_TYPE,ONLY_PI_SIDIS_AND_PI_PLUS_SIDIS_ARE_SUPPORTED
27162,PI+SIDIS,phase2,bigtable/rsidis_bigtable_phase2.csv,PI+SIDIS,LH2,6.449,-1.165,2.766,/lustre24/expphy/volatile/hallc/c-rsidis/pdbforce/replay/ROOTfiles/coin_replay_production_27162_-1.root,61882,3432,TWO_STAGE_GAUSSIAN_FIT,,51.10829793,0.0237702679,0.4251688109,0.024019344,2,50.10829793,52.10829793,42.10829793,48.10829793,54.10829793,60.10829793,440,6,561,93.5,346.5,21.34439817,13.605,-1,1,ps6,1,0.99992,0.9999,0.9815,1,1,1,0.07490129501,25.95329872,1.598723064,32.2602,1.75549,OK,
27163,PI+SIDIS,phase2,bigtable/rsidis_bigtable_phase2.csv,PI+SIDIS,LH2,6.449,-1.165,2.766,/lustre24/expphy/volatile/hallc/c-rsidis/pdbforce/replay/ROOTfiles/coin_replay_production_27163_-1.root,321722,19640,TWO_STAGE_GAUSSIAN_FIT,,51.17726184,0.01061445472,0.4062252521,0.01025352377,2,50.17726184,52.17726184,42.17726184,48.17726184,54.17726184,60.17726184,1813,6,3324,554,1259,43.65012409,50.023,-1,1,ps6,1,0.99989,0.9999,0.9795,1,1,1,0.02041347929,25.70057042,0.891050904,31.591,0.969839,OK,
27164,PI+SIDIS,phase2,bigtable/rsidis_bigtable_phase2.csv,PI+SIDIS,LH2,6.449,-1.165,2.766,/lustre24/expphy/volatile/hallc/c-rsidis/pdbforce/replay/ROOTfiles/coin_replay_production_27164_-1.root,315458,18960,TWO_STAGE_GAUSSIAN_FIT,,51.16002572,0.01074625409,0.4045128905,0.009596458229,2,50.16002572,52.16002572,42.16002572,48.16002572,54.16002572,60.16002572,1836,6,3264,544,1292,43.89381126,49.117,-1,1,ps6,1,0.99992,0.9998,0.9792,1,1,1,0.0207978468,26.87081807,0.9128967622,33.5438,0.994838,OK,
27165,PI+SIDIS,phase2,bigtable/rsidis_bigtable_phase2.csv,PI+SIDIS,LH2,6.449,-1.165,2.766,/lustre24/expphy/volatile/hallc/c-rsidis/pdbforce/replay/ROOTfiles/coin_replay_production_27165_-1.root,315967,18982,TWO_STAGE_GAUSSIAN_FIT,,51.13598071,0.01059251124,0.400962378,0.01038447541,2,50.13598071,52.13598071,42.13598071,48.13598071,54.13598071,60.13598071,1790,6,3178,529.6666667,1260.333333,43.33910218,49.141,-1,1,ps6,1,0.9999,0.9998,0.9797,1,1,1,0.0207774957,26.18657042,0.9004780094,32.3118,0.983208,OK,
27166,PI+SIDIS,phase2,bigtable/rsidis_bigtable_phase2.csv,PI+SIDIS,LH2,6.449,-1.165,2.766,/lustre24/expphy/volatile/hallc/c-rsidis/pdbforce/replay/ROOTfiles/coin_replay_production_27166_-1.root,346049,20953,TWO_STAGE_GAUSSIAN_FIT,,51.19211311,0.00987288836,0.383252918,0.008699459729,2,50.19211311,52.19211311,42.19211311,48.19211311,54.19211311,60.19211311,1890,6,3582,597,1293,44.6038115,53.756,-1,1,ps6,1,0.99989,0.9998,0.9789,1,1,1,0.019009442,24.57920851,0.8478935676,30.776,0.924785,OK,
27167,PI+SIDIS,phase2,bigtable/rsidis_bigtable_phase2.csv,PI+SIDIS,LH2,6.449,-1.165,2.766,/lustre24/expphy/volatile/hallc/c-rsidis/pdbforce/replay/ROOTfiles/coin_replay_production_27167_-1.root,343566,20658,TWO_STAGE_GAUSSIAN_FIT,,51.19877395,0.01009582915,0.3994773104,0.008780549381,2,50.19877395,52.19877395,42.19877395,48.19877395,54.19877395,60.19877395,1987,6,3455,575.8333333,1411.166667,45.63959051,53.361,-1,1,ps6,1,0.99987,0.9999,0.9785,1,1,1,0.01915645324,27.03294826,0.8742926814,33.1022,0.952471,OK,
27168,PI+SIDIS,phase2,bigtable/rsidis_bigtable_phase2.csv,PI+SIDIS,LH2,6.449,-1.165,2.766,/lustre24/expphy/volatile/hallc/c-rsidis/pdbforce/replay/ROOTfiles/coin_replay_production_27168_-1.root,347694,20842,TWO_STAGE_GAUSSIAN_FIT,,51.04501613,0.01084658215,0.4230873841,0.01088332283,2,50.04501613,52.04501613,42.04501613,48.04501613,54.04501613,60.04501613,1987,6,3546,591,1396,45.66727494,54.155,-1,1,ps6,1,0.9999,0.9999,0.9794,1,1,1,0.01885767746,26.32531774,0.8611787413,32.8501,0.941947,OK,
27169,PI+SIDIS,phase2,bigtable/rsidis_bigtable_phase2.csv,PI+SIDIS,LH2,6.449,-1.165,2.766,/lustre24/expphy/volatile/hallc/c-rsidis/pdbforce/replay/ROOTfiles/coin_replay_production_27169_-1.root,314764,18835,TWO_STAGE_GAUSSIAN_FIT,,51.04598991,0.01024177542,0.3945788695,0.01006730726,2,50.04598991,52.04598991,42.04598991,48.04598991,54.04598991,60.04598991,1807,6,3212,535.3333333,1271.666667,43.54563379,48.719,-1,1,ps6,1,0.99989,0.9999,0.9787,1,1,1,0.02097699395,26.67574397,0.9134564964,32.3471,0.987337,OK,
27170,PI+SIDIS,phase2,bigtable/rsidis_bigtable_phase2.csv,PI+SIDIS,LH2,6.449,-1.165,2.766,/lustre24/expphy/volatile/hallc/c-rsidis/pdbforce/replay/ROOTfiles/coin_replay_production_27170_-1.root,297981,17868,TWO_STAGE_GAUSSIAN_FIT,,51.02135117,0.01114574866,0.4162066927,0.01107789608,2,50.02135117,52.02135117,42.02135117,48.02135117,54.02135117,60.02135117,1785,6,3007,501.1666667,1283.833333,43.2264708,45.971,-1,1,ps6,1,0.99992,0.9998,0.9793,1,1,1,0.02221886688,28.52532193,0.9604432005,34.4763,1.04026,OK,
27171,PI+SIDIS,phase2,bigtable/rsidis_bigtable_phase2.csv,PI+SIDIS,LH2,6.449,-1.165,2.766,/lustre24/expphy/volatile/hallc/c-rsidis/pdbforce/replay/ROOTfiles/coin_replay_production_27171_-1.root,5723140,21843,TWO_STAGE_GAUSSIAN_FIT,,51.0145583,0.009875580757,0.3821787407,0.01000435975,2,50.0145583,52.0145583,42.0145583,48.0145583,54.0145583,60.0145583,2117,6,3743,623.8333333,1493.166667,47.12719196,55.686,1,-1,ps5,1,0.99152,0.9998,0.968,1,1,1,0.01871388724,27.94295264,0.8819329565,35.5595,1.13241,OK,
27172,PI+SIDIS,phase2,bigtable/rsidis_bigtable_phase2.csv,PI+SIDIS,LH2,6.449,-1.165,2.766,/lustre24/expphy/volatile/hallc/c-rsidis/pdbforce/replay/ROOTfiles/coin_replay_production_27172_-1.root,206729,12620,TWO_STAGE_GAUSSIAN_FIT,,51.01545677,0.01346801211,0.4256005243,0.01157993376,2,50.01545677,52.01545677,42.01545677,48.01545677,54.01545677,60.01545677,1172,6,2179,363.1666667,808.8333333,35.10737498,32.189,-1,1,ps6,1,0.99992,0.9998,0.9811,1,1,1,0.03167384973,25.61886545,1.111985719,31.0898,1.19891,OK,
27173,PI+SIDIS,phase2,bigtable/rsidis_bigtable_phase2.csv,PI+SIDIS,LH2,6.449,-1.165,2.766,/lustre24/expphy/volatile/hallc/c-rsidis/pdbforce/replay/ROOTfiles/coin_replay_production_27173_-1.root,194940,11783,TWO_STAGE_GAUSSIAN_FIT,,51.0073892,0.01388360167,0.389211395,0.01369337452,2,50.0073892,52.0073892,42.0073892,48.0073892,54.0073892,60.0073892,1112,6,1958,326.3333333,785.6666667,34.15243606,30.363,-1,1,ps6,1,0.9999,0.9999,0.9803,1,1,1,0.03360339686,26.4010688,1.147637863,32.2824,1.25274,OK,
27174,HMSDIS,phase2,bigtable/rsidis_bigtable_phase2.csv,HMSDIS,LH2,6.449,-1.165,2.766,,-1,-1,,,nan,nan,nan,nan,nan,nan,nan,nan,nan,nan,nan,nan,0,nan,nan,nan,nan,nan,nan,nan,,nan,nan,nan,nan,1,1,nan,nan,nan,nan,nan,nan,SKIPPED_UNSUPPORTED_RUN_TYPE,ONLY_PI_SIDIS_AND_PI_PLUS_SIDIS_ARE_SUPPORTED
27175,HMSDIS,phase2,bigtable/rsidis_bigtable_phase2.csv,HMSDIS,LH2,6.449,-1.165,2.766,,-1,-1,,,nan,nan,nan,nan,nan,nan,nan,nan,nan,nan,nan,nan,0,nan,nan,nan,nan,nan,nan,nan,,nan,nan,nan,nan,1,1,nan,nan,nan,nan,nan,nan,SKIPPED_UNSUPPORTED_RUN_TYPE,ONLY_PI_SIDIS_AND_PI_PLUS_SIDIS_ARE_SUPPORTED
27176,PI+SIDIS,phase2,bigtable/rsidis_bigtable_phase2.csv,PI+SIDIS,Dummy,6.449,-1.165,2.766,/lustre24/expphy/volatile/hallc/c-rsidis/pdbforce/replay/ROOTfiles/coin_replay_production_27176_-1.root,92874,4629,TWO_STAGE_GAUSSIAN_FIT,,50.99605224,0.01803060508,0.3868029358,0.01861475233,2,49.99605224,51.99605224,41.99605224,47.99605224,53.99605224,59.99605224,630,6,744,124,506,25.50816863,72.302,-1,1,ps6,1,0.99999,0.9999,0.9852,1,1,1,0.01404019245,7.104337378,0.3581395965,9.14126,0.399497,OK,
27177,PI+SIDIS,phase2,bigtable/rsidis_bigtable_phase2.csv,PI+SIDIS,Dummy,6.449,-1.165,2.766,/lustre24/expphy/volatile/hallc/c-rsidis/pdbforce/replay/ROOTfiles/coin_replay_production_27177_-1.root,89479,4402,TWO_STAGE_GAUSSIAN_FIT,,51.05708414,0.01953433602,0.3850983113,0.01897546008,2,50.05708414,52.05708414,42.05708414,48.05708414,54.05708414,60.05708414,589,6,761,126.8333333,462.1666667,24.70098963,69.107,-1,1,ps6,1,0.99998,0.9997,0.9838,1,1,1,0.01471330153,6.799997524,0.3634331086,8.56671,0.399158,OK,
27178,PI+SIDIS,phase2,bigtable/rsidis_bigtable_phase2.csv,PI+SIDIS,Dummy,6.449,-1.165,2.766,/lustre24/expphy/volatile/hallc/c-rsidis/pdbforce/replay/ROOTfiles/coin_replay_production_27178_-1.root,92787,4544,TWO_STAGE_GAUSSIAN_FIT,,51.03666583,0.01825194983,0.3852795568,0.01907521407,2,50.03666583,52.03666583,42.03666583,48.03666583,54.03666583,60.03666583,647,6,720,120,527,25.82634314,71.804,-1,1,ps6,1,0.99996,0.9999,0.9853,1,1,1,0.01413655811,7.449966123,0.3650956005,8.74069,0.393358,OK,
27179,HMSDIS,phase2,bigtable/rsidis_bigtable_phase2.csv,HMSDIS,Dummy,6.449,-1.165,2.766,,-1,-1,,,nan,nan,nan,nan,nan,nan,nan,nan,nan,nan,nan,nan,0,nan,nan,nan,nan,nan,nan,nan,,nan,nan,nan,nan,1,1,nan,nan,nan,nan,nan,nan,SKIPPED_UNSUPPORTED_RUN_TYPE,ONLY_PI_SIDIS_AND_PI_PLUS_SIDIS_ARE_SUPPORTED
27180,PI+SIDIS,phase2,bigtable/rsidis_bigtable_phase2.csv,PI+SIDIS,LH2,6.449,-1.165,2.766,/lustre24/expphy/volatile/hallc/c-rsidis/pdbforce/replay/ROOTfiles/coin_replay_production_27180_-1.root,334795,19838,TWO_STAGE_GAUSSIAN_FIT,,51.00544138,0.01172317263,0.4330608885,0.01201149067,2,50.00544138,52.00544138,42.00544138,48.00544138,54.00544138,60.00544138,1832,6,3415,569.1666667,1262.833333,43.89602614,51.69,-1,1,ps6,1,0.99988,0.9998,0.9816,1,1,1,0.01971505097,24.89682353,0.8654123927,30.5168,0.941162,OK,
27181,PI+SIDIS,phase2,bigtable/rsidis_bigtable_phase2.csv,PI+SIDIS,LH2,6.449,-1.165,2.766,/lustre24/expphy/volatile/hallc/c-rsidis/pdbforce/replay/ROOTfiles/coin_replay_production_27181_-1.root,297185,17724,TWO_STAGE_GAUSSIAN_FIT,,51.00206609,0.01106619717,0.3892490326,0.01147424128,2,50.00206609,52.00206609,42.00206609,48.00206609,54.00206609,60.00206609,1761,6,3013,502.1666667,1258.833333,42.94990622,45.676,-1,1,ps6,1,0.99988,0.9998,0.9822,1,1,1,0.02229723402,28.06850142,0.9576641101,33.4176,1.03346,OK,
27182,PI+SIDIS,phase2,bigtable/rsidis_bigtable_phase2.csv,PI+SIDIS,LH2,6.449,-1.165,2.766,/lustre24/expphy/volatile/hallc/c-rsidis/pdbforce/replay/ROOTfiles/coin_replay_production_27182_-1.root,353967,21140,TWO_STAGE_GAUSSIAN_FIT,,51.03419496,0.01000093351,0.4037788892,0.009496416279,2,50.03419496,52.03419496,42.03419496,48.03419496,54.03419496,60.03419496,2027,6,3624,604,1423,46.12663728,54.776,-1,1,ps6,1,0.99993,0.9998,0.9819,1,1,1,0.01859771955,26.46455492,0.8578502639,33.2794,0.938588,OK,
27183,PI+SIDIS,phase2,bigtable/rsidis_bigtable_phase2.csv,PI+SIDIS,LH2,6.449,-1.165,2.766,/lustre24/expphy/volatile/hallc/c-rsidis/pdbforce/replay/ROOTfiles/coin_replay_production_27183_-1.root,365872,22037,TWO_STAGE_GAUSSIAN_FIT,,51.02978477,0.01049333952,0.4225125055,0.01039179095,2,50.02978477,52.02978477,42.02978477,48.02978477,54.02978477,60.02978477,2123,6,3752,625.3333333,1497.666667,47.19345529,56.537,-1,1,ps6,1,1.00054,0.9999,0.9821,1,1,1,0.01800198953,26.96097966,0.8495760882,33.3961,0.926616,OK,
27184,PI+SIDIS,phase2,bigtable/rsidis_bigtable_phase2.csv,PI+SIDIS,LH2,6.449,-1.165,2.766,/lustre24/expphy/volatile/hallc/c-rsidis/pdbforce/replay/ROOTfiles/coin_replay_production_27184_-1.root,363859,21722,TWO_STAGE_GAUSSIAN_FIT,,51.04680672,0.01038661808,0.4161365462,0.01054204155,2,50.04680672,52.04680672,42.04680672,48.04680672,54.04680672,60.04680672,2042,6,3751,625.1666667,1416.833333,46.32703794,56.482,-1,1,ps6,1,0.99992,0.9998,0.9824,1,1,1,0.01802698894,25.54123883,0.8351370006,32.0082,0.911503,OK,
27185,PI+SIDIS,phase2,bigtable/rsidis_bigtable_phase2.csv,PI+SIDIS,LH2,6.449,-1.165,2.766,/lustre24/expphy/volatile/hallc/c-rsidis/pdbforce/replay/ROOTfiles/coin_replay_production_27185_-1.root,382284,23356,TWO_STAGE_GAUSSIAN_FIT,,51.0014789,0.01012698156,0.4217368603,0.01024845624,2,50.0014789,52.0014789,42.0014789,48.0014789,54.0014789,60.0014789,2287,6,3990,665,1622,48.96767641,59.302,-1,1,ps6,1,0.9999,0.9998,0.983,1,1,1,0.0171596111,27.8328892,0.8402662837,32.9164,0.9005,OK,
27186,PI+SIDIS,phase2,bigtable/rsidis_bigtable_phase2.csv,PI+SIDIS,Dummy,6.449,-1.165,2.766,/lustre24/expphy/volatile/hallc/c-rsidis/pdbforce/replay/ROOTfiles/coin_replay_production_27186_-1.root,98307,4915,TWO_STAGE_GAUSSIAN_FIT,,51.06783797,0.01572187021,0.3724687167,0.01513360764,2,50.06783797,52.06783797,42.06783797,48.06783797,54.06783797,60.06783797,666,6,796,132.6666667,533.3333333,26.23187205,75.81,-1,1,ps6,1,0.99998,0.9998,0.9842,1,1,1,0.0134055827,7.149644107,0.3516535301,8.7044,0.382494,OK,
27187,PI+SIDIS,phase2,bigtable/rsidis_bigtable_phase2.csv,PI+SIDIS,Dummy,6.449,-1.165,2.766,/lustre24/expphy/volatile/hallc/c-rsidis/pdbforce/replay/ROOTfiles/coin_replay_production_27187_-1.root,73356,3336,TWO_STAGE_GAUSSIAN_FIT,,51.04862916,0.02250382579,0.4280003824,0.02151371208,2,50.04862916,52.04862916,42.04862916,48.04862916,54.04862916,60.04862916,470,6,541,90.16666667,379.8333333,22.0233462,52.125,-1,1,ps6,1,0.99994,0.9999,0.9848,1,1,1,0.01948387713,7.400625997,0.4291001713,9.08521,0.4717,OK,
27188,PI+SIDIS,phase2,bigtable/rsidis_bigtable_phase2.csv,PI+SIDIS,Dummy,6.449,-1.165,2.766,/lustre24/expphy/volatile/hallc/c-rsidis/pdbforce/replay/ROOTfiles/coin_replay_production_27188_-1.root,123009,6068,TWO_STAGE_GAUSSIAN_FIT,,51.04666479,0.01593641227,0.4131140687,0.01590304316,2,50.04666479,52.04666479,42.04666479,48.04666479,54.04666479,60.04666479,869,6,949,158.1666667,710.8333333,29.9225853,94.427,-1,1,ps6,1,0.99997,0.9998,0.986,1,1,1,0.01074303003,7.636503843,0.3214592323,9.22069,0.351501,OK,
27192,HMSDIS,phase2,bigtable/rsidis_bigtable_phase2.csv,HMSDIS,LH2,6.449,-1.165,5.154,,-1,-1,,,nan,nan,nan,nan,nan,nan,nan,nan,nan,nan,nan,nan,0,nan,nan,nan,nan,nan,nan,nan,,nan,nan,nan,nan,1,1,nan,nan,nan,nan,nan,nan,SKIPPED_UNSUPPORTED_RUN_TYPE,ONLY_PI_SIDIS_AND_PI_PLUS_SIDIS_ARE_SUPPORTED
27218,PI+SIDIS,phase2,bigtable/rsidis_bigtable_phase2.csv,PI+SIDIS,Dummy,6.449,-1.165,3.837,/lustre24/expphy/volatile/hallc/c-rsidis/pdbforce/replay/ROOTfiles/coin_replay_production_27218_-1.root,20068,112,TWO_STAGE_GAUSSIAN_FIT,,49.96769522,0.05444029324,0.3718049357,0.05695084287,2,48.96769522,50.96769522,40.96769522,46.96769522,52.96769522,58.96769522,69,6,5,0.8333333333,68.16666667,8.314979789,65.965,-1,1,ps6,1,1,1,0.9694,1,1,1,0.01563807954,1.065995756,0.1300303153,1.02547,0.127461,OK,
27224,PI+SIDIS,phase2,bigtable/rsidis_bigtable_phase2.csv,PI+SIDIS,LH2,6.449,-1.165,3.837,/lustre24/expphy/volatile/hallc/c-rsidis/pdbforce/replay/ROOTfiles/coin_replay_production_27224_-1.root,69896,2640,TWO_STAGE_GAUSSIAN_FIT,,49.55548155,0.0206624356,0.3984662252,0.01955023882,2,48.55548155,50.55548155,40.55548155,46.55548155,52.55548155,58.55548155,603,6,392,65.33333333,537.6666667,24.77678125,120.69,-1,1,ps6,1,0.99999,0.9999,0.9799,1,1,1,0.008456579376,4.546820844,0.2095268173,4.63408,0.21065,OK,
27225,PI+SIDIS,phase2,bigtable/rsidis_bigtable_phase2.csv,PI+SIDIS,LH2,6.449,-1.165,3.837,/lustre24/expphy/volatile/hallc/c-rsidis/pdbforce/replay/ROOTfiles/coin_replay_production_27225_-1.root,68737,2540,TWO_STAGE_GAUSSIAN_FIT,,49.38448577,0.01904287589,0.3877474262,0.01538952324,2,48.38448577,50.38448577,40.38448577,46.38448577,52.38448577,58.38448577,548,6,355,59.16666667,488.8333333,23.61908362,119,-1,1,ps6,1,1,0.9998,0.9792,1,1,1,0.008583580834,4.195940431,0.2027363135,4.22502,0.202503,OK,
27226,PI+SIDIS,phase2,bigtable/rsidis_bigtable_phase2.csv,PI+SIDIS,LH2,6.449,-1.165,3.837,/lustre24/expphy/volatile/hallc/c-rsidis/pdbforce/replay/ROOTfiles/coin_replay_production_27226_-1.root,69711,2593,TWO_STAGE_GAUSSIAN_FIT,,49.12861315,0.01753329021,0.3638341356,0.01529546241,2,48.12861315,50.12861315,40.12861315,46.12861315,52.12861315,58.12861315,578,6,369,61.5,516.5,24.25386567,120.77,-1,1,ps6,1,1,0.9998,0.9813,1,1,1,0.008439680433,4.359094943,0.2046948755,4.38139,0.204098,OK,
27227,PI+SIDIS,phase2,bigtable/rsidis_bigtable_phase2.csv,PI+SIDIS,LH2,6.449,-1.165,3.837,/lustre24/expphy/volatile/hallc/c-rsidis/pdbforce/replay/ROOTfiles/coin_replay_production_27227_-1.root,79863,2946,TWO_STAGE_GAUSSIAN_FIT,,48.26810732,0.04451561478,0.9692287124,0.04706888501,2,47.26810732,49.26810732,39.26810732,45.26810732,51.26810732,57.26810732,545,6,420,70,475,23.59378449,133.34,-1,1,ps6,1,1,0.9999,0.9801,1,1,1,0.007652663051,3.635014949,0.1805552828,4.18814,0.191486,OK,
27228,PI+SIDIS,phase2,bigtable/rsidis_bigtable_phase2.csv,PI+SIDIS,LH2,6.449,-1.165,3.837,/lustre24/expphy/volatile/hallc/c-rsidis/pdbforce/replay/ROOTfiles/coin_replay_production_27228_-1.root,69209,2488,TWO_STAGE_GAUSSIAN_FIT,,47.33903777,0.02185294302,0.4357291164,0.02122928297,2,46.33903777,48.33903777,38.33903777,44.33903777,50.33903777,56.33903777,523,6,390,65,458,23.10483355,119.22,-1,1,ps6,1,0.99999,1,0.9803,1,1,1,0.008556501343,3.918877615,0.1976965393,4.01052,0.197839,OK,
27229,PI+SIDIS,phase2,bigtable/rsidis_bigtable_phase2.csv,PI+SIDIS,LH2,6.449,-1.165,3.837,/lustre24/expphy/volatile/hallc/c-rsidis/pdbforce/replay/ROOTfiles/coin_replay_production_27229_-1.root,68033,2523,TWO_STAGE_GAUSSIAN_FIT,,46.68487585,0.03041831071,0.6145211017,0.0306181723,2,45.68487585,47.68487585,37.68487585,43.68487585,49.68487585,55.68487585,526,6,356,59.33333333,466.6666667,23.14927405,114.29,-1,1,ps6,1,0.99999,1,0.9818,1,1,1,0.008911957002,4.158913268,0.2063053349,4.35515,0.209898,OK,
27230,PI+SIDIS,phase2,bigtable/rsidis_bigtable_phase2.csv,PI+SIDIS,LH2,6.449,-1.165,3.837,/lustre24/expphy/volatile/hallc/c-rsidis/pdbforce/replay/ROOTfiles/coin_replay_production_27230_-1.root,70143,2800,TWO_STAGE_GAUSSIAN_FIT,,46.31519418,0.02761179171,0.5735452827,0.02827726409,2,45.31519418,47.31519418,37.31519418,43.31519418,49.31519418,55.31519418,588,6,436,72.66666667,515.3333333,24.49716537,121.76,-1,1,ps6,1,0.99996,0.9999,0.9824,1,1,1,0.008361184572,4.308797116,0.2048253211,4.51772,0.207086,OK,
27231,PI+SIDIS,phase2,bigtable/rsidis_bigtable_phase2.csv,PI+SIDIS,LH2,6.449,-1.165,3.837,/lustre24/expphy/volatile/hallc/c-rsidis/pdbforce/replay/ROOTfiles/coin_replay_production_27231_-1.root,69019,2627,TWO_STAGE_GAUSSIAN_FIT,,45.96219485,0.03210047262,0.6393884334,0.03571755943,2,44.96219485,46.96219485,36.96219485,42.96219485,48.96219485,54.96219485,515,6,366,61,454,22.91651515,119.14,-1,1,ps6,1,1,1,0.9827,1,1,1,0.008541250284,3.877727629,0.1957356915,4.25093,0.203184,OK,
27232,PI+SIDIS,phase2,bigtable/rsidis_bigtable_phase2.csv,PI+SIDIS,Dummy,6.449,-1.165,3.837,/lustre24/expphy/volatile/hallc/c-rsidis/pdbforce/replay/ROOTfiles/coin_replay_production_27232_-1.root,20563,130,TWO_STAGE_GAUSSIAN_FIT,,47.53603545,0.04856767607,0.3162755945,0.03786699015,2,46.53603545,48.53603545,38.53603545,44.53603545,50.53603545,56.53603545,61,6,9,1.5,59.5,7.826237921,73.407,-1,1,ps6,1,1,1,0.9729,1,1,1,0.01400213695,0.8331271484,0.1095840552,0.938505,0.116763,OK,
27233,PI+SIDIS,phase2,bigtable/rsidis_bigtable_phase2.csv,PI+SIDIS,Dummy,6.449,-1.165,3.837,/lustre24/expphy/volatile/hallc/c-rsidis/pdbforce/replay/ROOTfiles/coin_replay_production_27233_-1.root,20352,88,TWO_STAGE_GAUSSIAN_FIT,,48.49980688,0.04867561458,0.2921824321,0.06789324631,2,47.49980688,49.49980688,39.49980688,45.49980688,51.49980688,57.49980688,47,6,7,1.166666667,45.83333333,6.869821282,64.198,-1,1,ps6,1,1,1,0.9761,1,1,1,0.01595821048,0.7314179802,0.109630054,0.715378,0.108682,OK,
27234,PI+SIDIS,phase2,bigtable/rsidis_bigtable_phase2.csv,PI+SIDIS,Dummy,6.449,-1.165,3.837,/lustre24/expphy/volatile/hallc/c-rsidis/pdbforce/replay/ROOTfiles/coin_replay_production_27234_-1.root,20653,103,TWO_STAGE_GAUSSIAN_FIT,,49.380174,0.06141947269,0.3983302493,0.05017499787,2,48.380174,50.380174,40.380174,46.380174,52.380174,58.380174,55,6,8,1.333333333,53.66666667,7.431165603,63.177,-1,1,ps6,1,1,1,0.9741,1,1,1,0.01624940478,0.87205139,0.1207520179,0.910311,0.123161,OK,
27235,PI+SIDIS,phase2,bigtable/rsidis_bigtable_phase2.csv,PI+SIDIS,Dummy,6.449,-1.165,3.837,/lustre24/expphy/volatile/hallc/c-rsidis/pdbforce/replay/ROOTfiles/coin_replay_production_27235_-1.root,20459,108,TWO_STAGE_GAUSSIAN_FIT,,49.74572482,0.06331054361,0.4483653435,0.06350623849,2,48.74572482,50.74572482,40.74572482,46.74572482,52.74572482,58.74572482,60,6,7,1.166666667,58.83333333,7.758507875,68.965,-1,1,ps6,1,1,0.9973,0.9762,1,1,1,0.01489383839,0.8762541586,0.1155539624,0.890429,0.116757,OK,
27236,PI+SIDIS,phase2,bigtable/rsidis_bigtable_phase2.csv,PI+SIDIS,LD2,6.449,-1.165,2.978,/lustre24/expphy/volatile/hallc/c-rsidis/pdbforce/replay/ROOTfiles/coin_replay_production_27236_-1.root,62724,1419,TWO_STAGE_GAUSSIAN_FIT,,49.86748162,0.04111148555,0.4391968326,0.04054491883,2,48.86748162,50.86748162,40.86748162,46.86748162,52.86748162,58.86748162,172,6,224,37.33333333,134.6666667,13.3499896,24.322,-1,1,ps6,1,0.99997,0.9998,0.9809,1,1,1,0.04192527094,5.645936487,0.5597019309,6.83753,0.61178,OK,
27237,PI+SIDIS,phase2,bigtable/rsidis_bigtable_phase2.csv,PI+SIDIS,LD2,6.449,-1.165,2.978,/lustre24/expphy/volatile/hallc/c-rsidis/pdbforce/replay/ROOTfiles/coin_replay_production_27237_-1.root,140383,3382,TWO_STAGE_GAUSSIAN_FIT,,49.90063722,0.02603289811,0.4102378231,0.02820819001,2,48.90063722,50.90063722,40.90063722,46.90063722,52.90063722,58.90063722,382,6,561,93.5,288.5,19.9394918,49.879,-1,1,ps6,1,0.99999,0.9998,0.9799,1,1,1,0.02046405597,5.903880147,0.4080428763,6.92522,0.436277,OK,
27238,PI+SIDIS,phase2,bigtable/rsidis_bigtable_phase2.csv,PI+SIDIS,LD2,6.449,-1.165,2.978,/lustre24/expphy/volatile/hallc/c-rsidis/pdbforce/replay/ROOTfiles/coin_replay_production_27238_-1.root,139625,3419,TWO_STAGE_GAUSSIAN_FIT,,49.94920244,0.02748925283,0.4367380738,0.02973933045,2,48.94920244,50.94920244,40.94920244,46.94920244,52.94920244,58.94920244,397,6,559,93.16666667,303.8333333,20.31077984,48.889,-1,1,ps6,1,0.99994,0.9998,0.9809,1,1,1,0.02085821009,6.337419498,0.423646513,7.32599,0.456255,OK,
27239,PI+SIDIS,phase2,bigtable/rsidis_bigtable_phase2.csv,PI+SIDIS,LD2,6.449,-1.165,2.978,/lustre24/expphy/volatile/hallc/c-rsidis/pdbforce/replay/ROOTfiles/coin_replay_production_27239_-1.root,134484,3098,TWO_STAGE_GAUSSIAN_FIT,,50.03034385,0.02431657718,0.4194733328,0.02369167987,2,49.03034385,51.03034385,41.03034385,47.03034385,53.03034385,59.03034385,381,6,509,84.83333333,296.1666667,19.87810074,47.27,-1,1,ps6,1,0.99996,1,0.9821,1,1,1,0.02154150583,6.379875976,0.4282042229,7.25,0.456576,OK,
27240,PI+SIDIS,phase2,bigtable/rsidis_bigtable_phase2.csv,PI+SIDIS,LD2,6.449,-1.165,2.978,/lustre24/expphy/volatile/hallc/c-rsidis/pdbforce/replay/ROOTfiles/coin_replay_production_27240_-1.root,151851,3676,TWO_STAGE_GAUSSIAN_FIT,,50.08400273,0.0207669608,0.3870043816,0.01815518641,2,49.08400273,51.08400273,41.08400273,47.08400273,53.08400273,59.08400273,430,6,618,103,327,21.14631568,53.163,-1,1,ps6,1,0.99995,0.9998,0.9816,1,1,1,0.01916745944,6.267759236,0.4053211479,7.79778,0.444673,OK,
27241,PI+SIDIS,phase2,bigtable/rsidis_bigtable_phase2.csv,PI+SIDIS,LD2,6.449,-1.165,2.978,/lustre24/expphy/volatile/hallc/c-rsidis/pdbforce/replay/ROOTfiles/coin_replay_production_27241_-1.root,150587,3465,TWO_STAGE_GAUSSIAN_FIT,,50.13695914,0.0229642075,0.3874264026,0.02497856718,2,49.13695914,51.13695914,41.13695914,47.13695914,53.13695914,59.13695914,408,6,559,93.16666667,314.8333333,20.57979052,52.627,-1,1,ps6,1,0.99996,0.9999,0.9801,1,1,1,0.01939017822,6.104674442,0.3990458058,6.87046,0.42405,OK,
27242,PI+SIDIS,phase2,bigtable/rsidis_bigtable_phase2.csv,PI+SIDIS,LD2,6.449,-1.165,2.978,/lustre24/expphy/volatile/hallc/c-rsidis/pdbforce/replay/ROOTfiles/coin_replay_production_27242_-1.root,145384,3392,TWO_STAGE_GAUSSIAN_FIT,,50.11782402,0.02606298776,0.4132692565,0.03101231212,2,49.11782402,51.11782402,41.11782402,47.11782402,53.11782402,59.11782402,397,6,554,92.33333333,304.6666667,20.30736046,50.977,-1,1,ps6,1,0.99993,0.9995,0.981,1,1,1,0.02000802965,6.095779699,0.4063102701,7.18638,0.439846,OK,
27243,PI+SIDIS,phase2,bigtable/rsidis_bigtable_phase2.csv,PI+SIDIS,LD2,6.449,-1.165,2.978,/lustre24/expphy/volatile/hallc/c-rsidis/pdbforce/replay/ROOTfiles/coin_replay_production_27243_-1.root,146182,3347,TWO_STAGE_GAUSSIAN_FIT,,50.09851837,0.02171299818,0.3810809694,0.01934662906,2,49.09851837,51.09851837,41.09851837,47.09851837,53.09851837,59.09851837,399,6,597,99.5,299.5,20.38586111,51.015,-1,1,ps6,1,0.99995,1,0.9814,1,1,1,0.01997458526,5.982388285,0.4071991209,6.85075,0.431245,OK,
27244,PI+SIDIS,phase2,bigtable/rsidis_bigtable_phase2.csv,PI+SIDIS,LD2,6.449,-1.165,2.978,/lustre24/expphy/volatile/hallc/c-rsidis/pdbforce/replay/ROOTfiles/coin_replay_production_27244_-1.root,150916,3473,TWO_STAGE_GAUSSIAN_FIT,,50.04296676,0.02268247609,0.4035348067,0.01987664631,2,49.04296676,51.04296676,41.04296676,47.04296676,53.04296676,59.04296676,405,6,532,88.66666667,316.3333333,20.48847915,52.776,-1,1,ps6,1,0.99994,0.9998,0.9814,1,1,1,0.01931214001,6.109073623,0.3956763779,7.70299,0.441917,OK,
27245,PI+SIDIS,phase2,bigtable/rsidis_bigtable_phase2.csv,PI+SIDIS,LD2,6.449,-1.165,2.978,/lustre24/expphy/volatile/hallc/c-rsidis/pdbforce/replay/ROOTfiles/coin_replay_production_27245_-1.root,140193,3260,TWO_STAGE_GAUSSIAN_FIT,,50.10915718,0.02249990296,0.3523697552,0.01764910166,2,49.10915718,51.10915718,41.10915718,47.10915718,53.10915718,59.10915718,360,6,513,85.5,274.5,19.34554212,48.84,-1,1,ps6,1,0.99996,0.9999,0.9815,1,1,1,0.02086386887,5.727132005,0.4036228541,7.27992,0.450231,OK,
27246,PI+SIDIS,phase2,bigtable/rsidis_bigtable_phase2.csv,PI+SIDIS,LD2,6.449,-1.165,2.978,/lustre24/expphy/volatile/hallc/c-rsidis/pdbforce/replay/ROOTfiles/coin_replay_production_27246_-1.root,141056,3193,TWO_STAGE_GAUSSIAN_FIT,,50.12513449,0.02374305845,0.3724414102,0.02634611172,2,49.12513449,51.12513449,41.12513449,47.12513449,53.12513449,59.12513449,339,6,544,90.66666667,248.3333333,18.81784024,49.286,-1,1,ps6,1,0.99995,0.9999,0.9817,1,1,1,0.0206710617,5.133313654,0.3889847365,6.26126,0.424369,OK,
27247,HMSDIS,phase2,bigtable/rsidis_bigtable_phase2.csv,HMSDIS,LD2,6.449,-1.165,2.978,,-1,-1,,,nan,nan,nan,nan,nan,nan,nan,nan,nan,nan,nan,nan,0,nan,nan,nan,nan,nan,nan,nan,,nan,nan,nan,nan,1,1,nan,nan,nan,nan,nan,nan,SKIPPED_UNSUPPORTED_RUN_TYPE,ONLY_PI_SIDIS_AND_PI_PLUS_SIDIS_ARE_SUPPORTED
27248,HMSDIS,phase2,bigtable/rsidis_bigtable_phase2.csv,HMSDIS,LD2,6.449,-1.165,2.978,,-1,-1,,,nan,nan,nan,nan,nan,nan,nan,nan,nan,nan,nan,nan,0,nan,nan,nan,nan,nan,nan,nan,,nan,nan,nan,nan,1,1,nan,nan,nan,nan,nan,nan,SKIPPED_UNSUPPORTED_RUN_TYPE,ONLY_PI_SIDIS_AND_PI_PLUS_SIDIS_ARE_SUPPORTED
27249,PI+SIDIS,phase2,bigtable/rsidis_bigtable_phase2.csv,PI+SIDIS,LH2,6.449,-1.165,2.978,/lustre24/expphy/volatile/hallc/c-rsidis/pdbforce/replay/ROOTfiles/coin_replay_production_27249_-1.root,107136,4174,TWO_STAGE_GAUSSIAN_FIT,,49.98266567,0.02030900094,0.3796733923,0.01988971103,2,48.98266567,50.98266567,40.98266567,46.98266567,52.98266567,58.98266567,498,6,689,114.8333333,383.1666667,22.74068796,106.26,-1,1,ps6,1,1,0.9999,0.9762,1,1,1,0.009641282686,3.694218149,0.2192494011,4.57571,0.241344,OK,
27250,PI+SIDIS,phase2,bigtable/rsidis_bigtable_phase2.csv,PI+SIDIS,LH2,6.449,-1.165,2.978,/lustre24/expphy/volatile/hallc/c-rsidis/pdbforce/replay/ROOTfiles/coin_replay_production_27250_-1.root,105245,4088,TWO_STAGE_GAUSSIAN_FIT,,49.98797412,0.02089487349,0.4328810482,0.01930949056,2,48.98797412,50.98797412,40.98797412,46.98797412,52.98797412,58.98797412,495,6,695,115.8333333,379.1666667,22.67830584,104.5,-1,1,ps6,1,0.99997,0.9998,0.9771,1,1,1,0.009795905635,3.714280887,0.2221545439,4.29613,0.236006,OK,
27251,PI+SIDIS,phase2,bigtable/rsidis_bigtable_phase2.csv,PI+SIDIS,LH2,6.449,-1.165,2.978,/lustre24/expphy/volatile/hallc/c-rsidis/pdbforce/replay/ROOTfiles/coin_replay_production_27251_-1.root,106113,4158,TWO_STAGE_GAUSSIAN_FIT,,49.99893112,0.01726204059,0.3449585444,0.01519238853,2,48.99893112,50.99893112,40.99893112,46.99893112,52.99893112,58.99893112,526,6,647,107.8333333,418.1666667,23.32321209,104.95,-1,1,ps6,1,0.99998,0.9999,0.9785,1,1,1,0.00973887619,4.072473393,0.2271418749,5.17564,0.253745,OK,
27252,PI+SIDIS,phase2,bigtable/rsidis_bigtable_phase2.csv,PI+SIDIS,LH2,6.449,-1.165,2.978,/lustre24/expphy/volatile/hallc/c-rsidis/pdbforce/replay/ROOTfiles/coin_replay_production_27252_-1.root,116088,4511,TWO_STAGE_GAUSSIAN_FIT,,50.03004544,0.01968845411,0.426049204,0.01937031623,2,49.03004544,51.03004544,41.03004544,47.03004544,53.03004544,59.03004544,613,6,692,115.3333333,497.6666667,25.14402955,114.31,-1,1,ps6,1,0.99999,0.9997,0.9776,1,1,1,0.008951364319,4.454795643,0.225073369,5.02785,0.241108,OK,
27253,PI+SIDIS,phase2,bigtable/rsidis_bigtable_phase2.csv,PI+SIDIS,LH2,6.449,-1.165,2.978,/lustre24/expphy/volatile/hallc/c-rsidis/pdbforce/replay/ROOTfiles/coin_replay_production_27253_-1.root,117467,4645,TWO_STAGE_GAUSSIAN_FIT,,49.9696304,0.02047714219,0.4024123352,0.02143764641,2,48.9696304,50.9696304,40.9696304,46.9696304,52.9696304,58.9696304,563,6,782,130.3333333,432.6666667,24.18103021,116.28,-1,1,ps6,1,0.99996,0.9998,0.976,1,1,1,0.008813520093,3.81331636,0.2131199957,4.61083,0.231568,OK,
27254,PI+SIDIS,phase2,bigtable/rsidis_bigtable_phase2.csv,PI+SIDIS,LH2,6.449,-1.165,2.978,/lustre24/expphy/volatile/hallc/c-rsidis/pdbforce/replay/ROOTfiles/coin_replay_production_27254_-1.root,112785,4302,TWO_STAGE_GAUSSIAN_FIT,,49.87754269,0.01886906525,0.3668008882,0.01969593355,2,48.87754269,50.87754269,40.87754269,46.87754269,52.87754269,58.87754269,530,6,683,113.8333333,416.1666667,23.43015626,111.97,-1,1,ps6,1,0.99999,1,0.976,1,1,1,0.009150669018,3.808203423,0.2144016049,4.57365,0.234612,OK,
27255,PI+SIDIS,phase2,bigtable/rsidis_bigtable_phase2.csv,PI+SIDIS,LH2,6.449,-1.165,2.978,/lustre24/expphy/volatile/hallc/c-rsidis/pdbforce/replay/ROOTfiles/coin_replay_production_27255_-1.root,115732,4523,TWO_STAGE_GAUSSIAN_FIT,,49.9645881,0.02018019837,0.3930373638,0.02051308393,2,48.9645881,50.9645881,40.9645881,46.9645881,52.9645881,58.9645881,564,6,726,121,443,24.16954006,114.05,-1,1,ps6,1,0.99996,1,0.9751,1,1,1,0.008992344284,3.983608518,0.2173408254,4.93928,0.239433,OK,
27257,PI+SIDIS,phase2,bigtable/rsidis_bigtable_phase2.csv,PI+SIDIS,LH2,6.449,-1.165,2.978,/lustre24/expphy/volatile/hallc/c-rsidis/pdbforce/replay/ROOTfiles/coin_replay_production_27257_-1.root,112172,4479,TWO_STAGE_GAUSSIAN_FIT,,49.95705288,0.01951370752,0.386663145,0.02127682004,2,48.95705288,50.95705288,40.95705288,46.95705288,52.95705288,58.95705288,598,6,712,118.6666667,479.3333333,24.85513584,110.21,-1,1,ps6,1,0.99996,0.9998,0.9763,1,1,1,0.009296082044,4.455921993,0.231055382,5.16368,0.248388,OK,
27258,PI+SIDIS,phase2,bigtable/rsidis_bigtable_phase2.csv,PI+SIDIS,LH2,6.449,-1.165,2.978,/lustre24/expphy/volatile/hallc/c-rsidis/pdbforce/replay/ROOTfiles/coin_replay_production_27258_-1.root,107437,4071,TWO_STAGE_GAUSSIAN_FIT,,49.91265315,0.02038582401,0.4031891387,0.01711783115,2,48.91265315,50.91265315,40.91265315,46.91265315,52.91265315,58.91265315,544,6,630,105,439,23.69599122,105.84,-1,1,ps6,1,0.99995,1,0.9761,1,1,1,0.009680049348,4.249541664,0.2293783644,4.94988,0.247613,OK,
27259,PI+SIDIS,phase2,bigtable/rsidis_bigtable_phase2.csv,PI+SIDIS,LH2,6.449,-1.165,2.978,/lustre24/expphy/volatile/hallc/c-rsidis/pdbforce/replay/ROOTfiles/coin_replay_production_27259_-1.root,112679,4373,TWO_STAGE_GAUSSIAN_FIT,,49.88837544,0.02014570892,0.3929540356,0.02113735463,2,48.88837544,50.88837544,40.88837544,46.88837544,52.88837544,58.88837544,551,6,706,117.6666667,433.3333333,23.88746766,111.82,-1,1,ps6,1,0.99997,0.9999,0.9761,1,1,1,0.009163104932,3.970678804,0.2188833727,4.75767,0.237372,OK,
27261,PI+SIDIS,phase2,bigtable/rsidis_bigtable_phase2.csv,PI+SIDIS,LH2,6.449,-1.165,2.978,/lustre24/expphy/volatile/hallc/c-rsidis/pdbforce/replay/ROOTfiles/coin_replay_production_27261_-1.root,1569402,4399,TWO_STAGE_GAUSSIAN_FIT,,49.88839203,0.01839237426,0.3861052801,0.01587209667,2,48.88839203,50.88839203,40.88839203,46.88839203,52.88839203,58.88839203,574,6,744,124,450,24.38578821,110.92,1,-1,ps5,1,0.99951,0.9998,0.9672,1,1,1,0.009327678641,4.197455388,0.2274627958,4.999,0.25668,OK,
27262,HMSDIS,phase2,bigtable/rsidis_bigtable_phase2.csv,HMSDIS,LH2,6.449,-1.165,2.978,,-1,-1,,,nan,nan,nan,nan,nan,nan,nan,nan,nan,nan,nan,nan,0,nan,nan,nan,nan,nan,nan,nan,,nan,nan,nan,nan,1,1,nan,nan,nan,nan,nan,nan,SKIPPED_UNSUPPORTED_RUN_TYPE,ONLY_PI_SIDIS_AND_PI_PLUS_SIDIS_ARE_SUPPORTED
27264,HMSDIS,phase2,bigtable/rsidis_bigtable_phase2.csv,HMSDIS,LH2,6.449,-1.165,2.978,,-1,-1,,,nan,nan,nan,nan,nan,nan,nan,nan,nan,nan,nan,nan,0,nan,nan,nan,nan,nan,nan,nan,,nan,nan,nan,nan,1,1,nan,nan,nan,nan,nan,nan,SKIPPED_UNSUPPORTED_RUN_TYPE,ONLY_PI_SIDIS_AND_PI_PLUS_SIDIS_ARE_SUPPORTED
27265,PI+SIDIS,phase2,bigtable/rsidis_bigtable_phase2.csv,PI+SIDIS,Dummy,6.449,-1.165,2.978,/lustre24/expphy/volatile/hallc/c-rsidis/pdbforce/replay/ROOTfiles/coin_replay_production_27265_-1.root,24378,181,TWO_STAGE_GAUSSIAN_FIT,,49.92747978,0.06315811255,0.4329918875,0.05195678946,2,48.92747978,50.92747978,40.92747978,46.92747978,52.92747978,58.92747978,70,6,17,2.833333333,67.16666667,8.394773506,62.772,-1,1,ps6,1,1,1,0.9675,1,1,1,0.0164658085,1.105953471,0.138226733,1.23191,0.147215,OK,
27266,PI+SIDIS,phase2,bigtable/rsidis_bigtable_phase2.csv,PI+SIDIS,Dummy,6.449,-1.165,2.978,/lustre24/expphy/volatile/hallc/c-rsidis/pdbforce/replay/ROOTfiles/coin_replay_production_27266_-1.root,23786,189,TWO_STAGE_GAUSSIAN_FIT,,49.85056129,0.07972369544,0.4307313848,0.08116594822,2,48.85056129,50.85056129,40.85056129,46.85056129,52.85056129,58.85056129,60,6,23,3.833333333,56.16666667,7.787097591,71.538,-1,1,ps6,1,1,1,0.9695,1,1,1,0.01441834431,0.8098303387,0.1122770542,0.877874,0.117872,OK,
27267,PI+SIDIS,phase2,bigtable/rsidis_bigtable_phase2.csv,PI+SIDIS,Dummy,6.449,-1.165,2.978,/lustre24/expphy/volatile/hallc/c-rsidis/pdbforce/replay/ROOTfiles/coin_replay_production_27267_-1.root,23342,181,TWO_STAGE_GAUSSIAN_FIT,,49.87193758,0.125321044,0.446577621,0.1150133629,2,48.87193758,50.87193758,40.87193758,46.87193758,52.87193758,58.87193758,63,6,19,3.166666667,59.83333333,7.970431467,61.989,-1,1,ps6,1,0.99996,1,0.9737,1,1,1,0.01656828558,0.9913357539,0.1320563848,1.12939,0.142445,OK,
27269,PI+SIDIS,phase2,bigtable/rsidis_bigtable_phase2.csv,PI+SIDIS,Dummy,6.449,-1.165,2.978,/lustre24/expphy/volatile/hallc/c-rsidis/pdbforce/replay/ROOTfiles/coin_replay_production_27269_-1.root,23033,161,TWO_STAGE_GAUSSIAN_FIT,,49.89716948,0.06009156124,0.4130968254,0.05679553619,2,48.89716948,50.89716948,40.89716948,46.89716948,52.89716948,58.89716948,60,6,20,3.333333333,56.66666667,7.78174502,70.244,-1,1,ps6,1,1,1,0.972,1,1,1,0.0146461845,0.8299504553,0.1139728733,0.930132,0.121476,OK,
27270,HMSDIS,phase2,bigtable/rsidis_bigtable_phase2.csv,HMSDIS,Dummy,6.449,-1.165,2.978,,-1,-1,,,nan,nan,nan,nan,nan,nan,nan,nan,nan,nan,nan,nan,0,nan,nan,nan,nan,nan,nan,nan,,nan,nan,nan,nan,1,1,nan,nan,nan,nan,nan,nan,SKIPPED_UNSUPPORTED_RUN_TYPE,ONLY_PI_SIDIS_AND_PI_PLUS_SIDIS_ARE_SUPPORTED
27271,PI+SIDIS,phase2,bigtable/rsidis_bigtable_phase2.csv,PI+SIDIS,C,6.449,-1.165,2.978,/lustre24/expphy/volatile/hallc/c-rsidis/pdbforce/replay/ROOTfiles/coin_replay_production_27271_-1.root,15522,333,TWO_STAGE_GAUSSIAN_FIT,,49.83036499,0.123272508,0.5037972318,0.103033727,2,48.83036499,50.83036499,40.83036499,46.83036499,52.83036499,58.83036499,35,6,48,8,27,6.027713773,8.727,-1,1,ps6,1,0.99994,1,0.9775,1,1,1,0.1172314985,3.16525046,0.7066379183,2.74229,0.704948,OK,
27272,PI+SIDIS,phase2,bigtable/rsidis_bigtable_phase2.csv,PI+SIDIS,C,6.449,-1.165,2.978,/lustre24/expphy/volatile/hallc/c-rsidis/pdbforce/replay/ROOTfiles/coin_replay_production_27272_-1.root,130880,3036,TWO_STAGE_GAUSSIAN_FIT,,49.83776537,0.02819162341,0.4422900128,0.02756198438,2,48.83776537,50.83776537,40.83776537,46.83776537,52.83776537,58.83776537,328,6,525,87.5,240.5,18.50900682,73.663,-1,1,ps6,1,0.99997,0.9999,0.9784,1,1,1,0.01387684108,3.337380279,0.2568465461,3.88254,0.276539,OK,
27273,PI+SIDIS,phase2,bigtable/rsidis_bigtable_phase2.csv,PI+SIDIS,C,6.449,-1.165,2.978,/lustre24/expphy/volatile/hallc/c-rsidis/pdbforce/replay/ROOTfiles/coin_replay_production_27273_-1.root,142699,3359,TWO_STAGE_GAUSSIAN_FIT,,49.80952899,0.02346248378,0.3947326002,0.0235853421,2,48.80952899,50.80952899,40.80952899,46.80952899,52.80952899,58.80952899,364,6,563,93.83333333,270.1666667,19.48432418,82.421,-1,1,ps6,1,0.99997,1,0.9784,1,1,1,0.01240105705,3.350352247,0.2416262158,4.11262,0.26543,OK,
27274,PI+SIDIS,phase2,bigtable/rsidis_bigtable_phase2.csv,PI+SIDIS,C,6.449,-1.165,2.978,/lustre24/expphy/volatile/hallc/c-rsidis/pdbforce/replay/ROOTfiles/coin_replay_production_27274_-1.root,130495,3069,TWO_STAGE_GAUSSIAN_FIT,,49.8194961,0.02444572532,0.4071272643,0.02465417584,2,48.8194961,50.8194961,40.8194961,46.8194961,52.8194961,58.8194961,359,6,518,86.33333333,272.6666667,19.32327324,74.426,-1,1,ps6,1,0.99998,1,0.978,1,1,1,0.01373868457,3.746081326,0.265476356,4.31042,0.282818,OK,
27275,PI+SIDIS,phase2,bigtable/rsidis_bigtable_phase2.csv,PI+SIDIS,C,6.449,-1.165,2.978,/lustre24/expphy/volatile/hallc/c-rsidis/pdbforce/replay/ROOTfiles/coin_replay_production_27275_-1.root,124659,2673,TWO_STAGE_GAUSSIAN_FIT,,49.85763806,0.02841306077,0.4253597262,0.02764716192,2,48.85763806,50.85763806,40.85763806,46.85763806,52.85763806,58.85763806,284,6,457,76.16666667,207.8333333,17.22482059,65.694,-1,1,ps6,1,0.99995,0.9998,0.9794,1,1,1,0.01554614725,3.231007604,0.2677795973,4.08767,0.295669,OK,
27276,PI+SIDIS,phase2,bigtable/rsidis_bigtable_phase2.csv,PI+SIDIS,C,6.449,-1.165,2.978,/lustre24/expphy/volatile/hallc/c-rsidis/pdbforce/replay/ROOTfiles/coin_replay_production_27276_-1.root,135950,3091,TWO_STAGE_GAUSSIAN_FIT,,49.83165134,0.02545193891,0.394350047,0.02333522176,2,48.83165134,50.83165134,40.83165134,46.83165134,52.83165134,58.83165134,341,6,507,84.5,256.5,18.84365499,77.375,-1,1,ps6,1,0.99996,0.9996,0.9782,1,1,1,0.01321791042,3.390394022,0.2490737436,4.02045,0.270236,OK,
27277,PI+SIDIS,phase2,bigtable/rsidis_bigtable_phase2.csv,PI+SIDIS,C,6.449,-1.165,2.978,/lustre24/expphy/volatile/hallc/c-rsidis/pdbforce/replay/ROOTfiles/coin_replay_production_27277_-1.root,140194,3179,TWO_STAGE_GAUSSIAN_FIT,,49.77816571,0.02158230767,0.3589849552,0.0206191358,2,48.77816571,50.77816571,40.77816571,46.77816571,52.77816571,58.77816571,370,6,531,88.5,281.5,19.61504525,80.828,-1,1,ps6,1,0.99996,0.9999,0.9785,1,1,1,0.01264556217,3.55972575,0.2480432741,4.09609,0.266644,OK,
27278,PI+SIDIS,phase2,bigtable/rsidis_bigtable_phase2.csv,PI+SIDIS,C,6.449,-1.165,2.978,/lustre24/expphy/volatile/hallc/c-rsidis/pdbforce/replay/ROOTfiles/coin_replay_production_27278_-1.root,135022,3184,TWO_STAGE_GAUSSIAN_FIT,,49.79300016,0.02326785475,0.3615888193,0.0198450066,2,48.79300016,50.79300016,40.79300016,46.79300016,52.79300016,58.79300016,333,6,542,90.33333333,242.6666667,18.65624709,77.288,-1,1,ps6,1,0.99997,0.9998,0.9779,1,1,1,0.0132340686,3.211467313,0.2468980538,4.058,0.272251,OK,
27279,PI+SIDIS,phase2,bigtable/rsidis_bigtable_phase2.csv,PI+SIDIS,C,6.449,-1.165,2.978,/lustre24/expphy/volatile/hallc/c-rsidis/pdbforce/replay/ROOTfiles/coin_replay_production_27279_-1.root,143640,3329,TWO_STAGE_GAUSSIAN_FIT,,49.86726218,0.02170128543,0.3696825434,0.02030968842,2,48.86726218,50.86726218,40.86726218,46.86726218,52.86726218,58.86726218,376,6,559,93.16666667,282.8333333,19.78706087,82.358,-1,1,ps6,1,0.99996,0.9998,0.9776,1,1,1,0.01242330808,3.513725635,0.2458207532,4.01841,0.262929,OK,
27280,PI+SIDIS,phase2,bigtable/rsidis_bigtable_phase2.csv,PI+SIDIS,C,6.449,-1.165,2.978,/lustre24/expphy/volatile/hallc/c-rsidis/pdbforce/replay/ROOTfiles/coin_replay_production_27280_-1.root,63495,1362,TWO_STAGE_GAUSSIAN_FIT,,49.87881219,0.03676669291,0.4067912929,0.0348741885,2,48.87881219,50.87881219,40.87881219,46.87881219,52.87881219,58.87881219,156,6,238,39.66666667,116.3333333,12.75190618,34.73,-1,1,ps6,1,0.99995,0.9998,0.9789,1,1,1,0.02942154474,3.422706371,0.375180778,4.02988,0.402214,OK,
27281,PI+SIDIS,phase2,bigtable/rsidis_bigtable_phase2.csv,PI+SIDIS,C,6.449,-1.165,2.978,/lustre24/expphy/volatile/hallc/c-rsidis/pdbforce/replay/ROOTfiles/coin_replay_production_27281_-1.root,204979,4971,TWO_STAGE_GAUSSIAN_FIT,,49.74735951,0.02185740477,0.4234010964,0.02530740114,2,48.74735951,50.74735951,40.74735951,46.74735951,52.74735951,58.74735951,567,6,824,137.3333333,429.6666667,24.28762831,118.01,-1,1,ps6,1,0.99995,1,0.977,1,1,1,0.008673778773,3.726833613,0.2106655149,4.49261,0.229067,OK,
27282,HMSDIS,phase2,bigtable/rsidis_bigtable_phase2.csv,HMSDIS,C,6.449,-1.165,2.978,,-1,-1,,,nan,nan,nan,nan,nan,nan,nan,nan,nan,nan,nan,nan,0,nan,nan,nan,nan,nan,nan,nan,,nan,nan,nan,nan,1,1,nan,nan,nan,nan,nan,nan,SKIPPED_UNSUPPORTED_RUN_TYPE,ONLY_PI_SIDIS_AND_PI_PLUS_SIDIS_ARE_SUPPORTED
27283,HMSDIS,phase2,bigtable/rsidis_bigtable_phase2.csv,HMSDIS,C,6.449,-1.165,2.978,,-1,-1,,,nan,nan,nan,nan,nan,nan,nan,nan,nan,nan,nan,nan,0,nan,nan,nan,nan,nan,nan,nan,,nan,nan,nan,nan,1,1,nan,nan,nan,nan,nan,nan,SKIPPED_UNSUPPORTED_RUN_TYPE,ONLY_PI_SIDIS_AND_PI_PLUS_SIDIS_ARE_SUPPORTED
27284,HMSDIS,phase2,bigtable/rsidis_bigtable_phase2.csv,HMSDIS,C,6.449,-1.165,2.978,,-1,-1,,,nan,nan,nan,nan,nan,nan,nan,nan,nan,nan,nan,nan,0,nan,nan,nan,nan,nan,nan,nan,,nan,nan,nan,nan,1,1,nan,nan,nan,nan,nan,nan,SKIPPED_UNSUPPORTED_RUN_TYPE,ONLY_PI_SIDIS_AND_PI_PLUS_SIDIS_ARE_SUPPORTED
27285,PI+SIDIS,phase2,bigtable/rsidis_bigtable_phase2.csv,PI+SIDIS,Cu,6.449,-1.165,2.978,/lustre24/expphy/volatile/hallc/c-rsidis/pdbforce/replay/ROOTfiles/coin_replay_production_27285_-1.root,144422,2585,TWO_STAGE_GAUSSIAN_FIT,,49.66442384,0.03119073544,0.3845527833,0.03439442867,2,48.66442384,50.66442384,40.66442384,46.66442384,52.66442384,58.66442384,217,6,435,72.5,144.5,15.13549911,80.491,-1,1,ps6,1,0.99996,0.9999,0.9736,1,1,1,0.01276241655,1.844169192,0.1931655444,2.27824,0.212729,OK,
27286,PI+SIDIS,phase2,bigtable/rsidis_bigtable_phase2.csv,PI+SIDIS,Cu,6.449,-1.165,2.978,/lustre24/expphy/volatile/hallc/c-rsidis/pdbforce/replay/ROOTfiles/coin_replay_production_27286_-1.root,140984,2559,TWO_STAGE_GAUSSIAN_FIT,,49.69240343,0.03788278088,0.4403790551,0.04102242468,2,48.69240343,50.69240343,40.69240343,46.69240343,52.69240343,58.69240343,218,6,416,69.33333333,148.6666667,15.1510909,78.585,-1,1,ps6,1,0.99998,0.9995,0.9747,1,1,1,0.01306216796,1.941908971,0.1979060942,2.06969,0.210134,OK,
27287,PI+SIDIS,phase2,bigtable/rsidis_bigtable_phase2.csv,PI+SIDIS,Cu,6.449,-1.165,2.978,/lustre24/expphy/volatile/hallc/c-rsidis/pdbforce/replay/ROOTfiles/coin_replay_production_27287_-1.root,137508,2547,TWO_STAGE_GAUSSIAN_FIT,,49.76247534,0.03287805455,0.4136524869,0.03383356365,2,48.76247534,50.76247534,40.76247534,46.76247534,52.76247534,58.76247534,213,6,424,70.66666667,142.3333333,14.99259076,76.318,-1,1,ps6,1,0.99992,0.9999,0.9756,1,1,1,0.01343319763,1.911991796,0.2013984347,2.13979,0.214704,OK,
27288,PI+SIDIS,phase2,bigtable/rsidis_bigtable_phase2.csv,PI+SIDIS,Cu,6.449,-1.165,2.978,/lustre24/expphy/volatile/hallc/c-rsidis/pdbforce/replay/ROOTfiles/coin_replay_production_27288_-1.root,66159,1165,TWO_STAGE_GAUSSIAN_FIT,,49.7374103,0.04324994695,0.3507959396,0.04354462741,2,48.7374103,50.7374103,40.7374103,46.7374103,52.7374103,58.7374103,86,6,184,30.66666667,55.33333333,9.545214042,34.751,-1,1,ps6,1,0.99997,1,0.9749,1,1,1,0.02951791326,1.633324534,0.2817548001,2.01886,0.318176,OK,
27289,PI+SIDIS,phase2,bigtable/rsidis_bigtable_phase2.csv,PI+SIDIS,Cu,6.449,-1.165,2.978,/lustre24/expphy/volatile/hallc/c-rsidis/pdbforce/replay/ROOTfiles/coin_replay_production_27289_-1.root,243957,4552,TWO_STAGE_GAUSSIAN_FIT,,49.6922493,0.02365391366,0.4053550848,0.02163624293,2,48.6922493,50.6922493,40.6922493,46.6922493,52.6922493,58.6922493,386,6,787,131.1666667,254.8333333,20.19557157,135.15,-1,1,ps6,1,0.99995,0.9999,0.9737,1,1,1,0.007600180853,1.936779421,0.1534899964,2.58733,0.173145,OK,
27290,PI+SIDIS,phase2,bigtable/rsidis_bigtable_phase2.csv,PI+SIDIS,Cu,6.449,-1.165,2.978,/lustre24/expphy/volatile/hallc/c-rsidis/pdbforce/replay/ROOTfiles/coin_replay_production_27290_-1.root,148247,2781,TWO_STAGE_GAUSSIAN_FIT,,49.66794779,0.02670559218,0.3826583995,0.02397694695,2,48.66794779,50.66794779,40.66794779,46.66794779,52.66794779,58.66794779,243,6,472,78.66666667,164.3333333,16.00347185,81.586,-1,1,ps6,1,0.99997,0.9998,0.9736,1,1,1,0.01259226023,2.069328099,0.2015198821,2.31506,0.215011,OK,
27291,PI+SIDIS,phase2,bigtable/rsidis_bigtable_phase2.csv,PI+SIDIS,Cu,6.449,-1.165,2.978,/lustre24/expphy/volatile/hallc/c-rsidis/pdbforce/replay/ROOTfiles/coin_replay_production_27291_-1.root,151508,2761,TWO_STAGE_GAUSSIAN_FIT,,49.58075899,0.02666807831,0.3574163337,0.02607579809,2,48.58075899,50.58075899,40.58075899,46.58075899,52.58075899,58.58075899,248,6,488,81.33333333,166.6666667,16.17267929,84.472,-1,1,ps6,1,0.99995,0.9999,0.9731,1,1,1,0.01216731908,2.027886514,0.1967781494,2.40394,0.212335,OK,
27292,PI+SIDIS,phase2,bigtable/rsidis_bigtable_phase2.csv,PI+SIDIS,Cu,6.449,-1.165,2.978,/lustre24/expphy/volatile/hallc/c-rsidis/pdbforce/replay/ROOTfiles/coin_replay_production_27292_-1.root,124125,2199,TWO_STAGE_GAUSSIAN_FIT,,49.60418335,0.03701028548,0.4343643465,0.03967896325,2,48.60418335,50.60418335,40.60418335,46.60418335,52.60418335,58.60418335,183,6,360,60,123,13.89244399,67.683,-1,1,ps6,1,0.99998,0.9996,0.9741,1,1,1,0.01517397258,1.866398627,0.2108035642,2.22061,0.230915,OK,
27293,PI+SIDIS,phase2,bigtable/rsidis_bigtable_phase2.csv,PI+SIDIS,Cu,6.449,-1.165,2.978,/lustre24/expphy/volatile/hallc/c-rsidis/pdbforce/replay/ROOTfiles/coin_replay_production_27293_-1.root,141473,2626,TWO_STAGE_GAUSSIAN_FIT,,49.59046661,0.02863166507,0.398481901,0.02791490797,2,48.59046661,50.59046661,40.59046661,46.59046661,52.59046661,58.59046661,239,6,462,77,162,15.86925749,78.543,-1,1,ps6,1,0.99995,1,0.9745,1,1,1,0.0130656911,2.116641958,0.2073428164,2.48064,0.223735,OK,
27294,PI+SIDIS,phase2,bigtable/rsidis_bigtable_phase2.csv,PI+SIDIS,Cu,6.449,-1.165,2.978,/lustre24/expphy/volatile/hallc/c-rsidis/pdbforce/replay/ROOTfiles/coin_replay_production_27294_-1.root,146665,2598,TWO_STAGE_GAUSSIAN_FIT,,49.47883182,0.03126459424,0.3706178158,0.03617153856,2,48.47883182,50.47883182,40.47883182,46.47883182,52.47883182,58.47883182,223,6,435,72.5,150.5,15.33242751,81.012,-1,1,ps6,1,0.99994,0.9998,0.973,1,1,1,0.01268968179,1.909797109,0.1945636262,2.32994,0.213834,OK,
27295,HMSDIS,phase2,bigtable/rsidis_bigtable_phase2.csv,HMSDIS,Cu,6.449,-1.165,2.978,,-1,-1,,,nan,nan,nan,nan,nan,nan,nan,nan,nan,nan,nan,nan,0,nan,nan,nan,nan,nan,nan,nan,,nan,nan,nan,nan,1,1,nan,nan,nan,nan,nan,nan,SKIPPED_UNSUPPORTED_RUN_TYPE,ONLY_PI_SIDIS_AND_PI_PLUS_SIDIS_ARE_SUPPORTED
27297,HMSDIS,phase2,bigtable/rsidis_bigtable_phase2.csv,HMSDIS,Cu,6.449,-1.165,2.978,,-1,-1,,,nan,nan,nan,nan,nan,nan,nan,nan,nan,nan,nan,nan,0,nan,nan,nan,nan,nan,nan,nan,,nan,nan,nan,nan,1,1,nan,nan,nan,nan,nan,nan,SKIPPED_UNSUPPORTED_RUN_TYPE,ONLY_PI_SIDIS_AND_PI_PLUS_SIDIS_ARE_SUPPORTED
27298,HMSDIS,phase2,bigtable/rsidis_bigtable_phase2.csv,HMSDIS,Al,6.449,-1.165,2.978,,-1,-1,,,nan,nan,nan,nan,nan,nan,nan,nan,nan,nan,nan,nan,0,nan,nan,nan,nan,nan,nan,nan,,nan,nan,nan,nan,1,1,nan,nan,nan,nan,nan,nan,SKIPPED_UNSUPPORTED_RUN_TYPE,ONLY_PI_SIDIS_AND_PI_PLUS_SIDIS_ARE_SUPPORTED
27299,HMSDIS,phase2,bigtable/rsidis_bigtable_phase2.csv,HMSDIS,Al,6.449,-1.165,2.978,,-1,-1,,,nan,nan,nan,nan,nan,nan,nan,nan,nan,nan,nan,nan,0,nan,nan,nan,nan,nan,nan,nan,,nan,nan,nan,nan,1,1,nan,nan,nan,nan,nan,nan,SKIPPED_UNSUPPORTED_RUN_TYPE,ONLY_PI_SIDIS_AND_PI_PLUS_SIDIS_ARE_SUPPORTED
27300,PI+SIDIS,phase2,bigtable/rsidis_bigtable_phase2.csv,PI+SIDIS,LD2,6.449,-1.165,2.978,/lustre24/expphy/volatile/hallc/c-rsidis/pdbforce/replay/ROOTfiles/coin_replay_production_27300_-1.root,147423,3439,TWO_STAGE_GAUSSIAN_FIT,,49.39941033,0.02526674093,0.4084996772,0.02924062694,2,48.39941033,50.39941033,40.39941033,46.39941033,52.39941033,58.39941033,390,6,572,95.33333333,294.6666667,20.14668432,52.173,-1,1,ps6,1,0.99997,0.9998,0.9764,1,1,1,0.0196347925,5.785718857,0.3955759661,7.15543,0.435322,OK,
27301,PI+SIDIS,phase2,bigtable/rsidis_bigtable_phase2.csv,PI+SIDIS,LD2,6.449,-1.165,2.978,/lustre24/expphy/volatile/hallc/c-rsidis/pdbforce/replay/ROOTfiles/coin_replay_production_27301_-1.root,142886,3305,TWO_STAGE_GAUSSIAN_FIT,,49.40962856,0.0227941511,0.3828676382,0.02563951932,2,48.40962856,50.40962856,40.40962856,46.40962856,52.40962856,58.40962856,402,6,568,94.66666667,307.3333333,20.43961296,50.217,-1,1,ps6,1,0.99998,0.9998,0.9766,1,1,1,0.02039520475,6.268126259,0.4168700912,7.37296,0.447284,OK,
27302,PI+SIDIS,phase2,bigtable/rsidis_bigtable_phase2.csv,PI+SIDIS,LD2,6.449,-1.165,2.978,/lustre24/expphy/volatile/hallc/c-rsidis/pdbforce/replay/ROOTfiles/coin_replay_production_27302_-1.root,151832,3583,TWO_STAGE_GAUSSIAN_FIT,,49.3663704,0.02138638642,0.3899846722,0.01903874769,2,48.3663704,50.3663704,40.3663704,46.3663704,52.3663704,58.3663704,408,6,605,100.8333333,307.1666667,20.61081162,52.997,-1,1,ps6,1,0.99998,0.9999,0.9779,1,1,1,0.01929773709,5.927621575,0.3977420238,6.81995,0.423978,OK,
27303,PI+SIDIS,phase2,bigtable/rsidis_bigtable_phase2.csv,PI+SIDIS,LD2,6.449,-1.165,2.978,/lustre24/expphy/volatile/hallc/c-rsidis/pdbforce/replay/ROOTfiles/coin_replay_production_27303_-1.root,137332,3231,TWO_STAGE_GAUSSIAN_FIT,,49.17546303,0.0220599327,0.3735872382,0.02097824176,2,48.17546303,50.17546303,40.17546303,46.17546303,52.17546303,58.17546303,394,6,512,85.33333333,308.6666667,20.20450995,47.914,-1,1,ps6,1,0.99996,0.9998,0.9781,1,1,1,0.02134315175,6.587919507,0.4312279219,7.70089,0.465987,OK,
27304,PI+SIDIS,phase2,bigtable/rsidis_bigtable_phase2.csv,PI+SIDIS,LD2,6.449,-1.165,2.978,/lustre24/expphy/volatile/hallc/c-rsidis/pdbforce/replay/ROOTfiles/coin_replay_production_27304_-1.root,136061,3068,TWO_STAGE_GAUSSIAN_FIT,,48.91113663,0.02424383352,0.3913904281,0.02518005408,2,47.91113663,49.91113663,39.91113663,45.91113663,51.91113663,57.91113663,395,6,529,88.16666667,306.8333333,20.24091017,47.512,-1,1,ps6,1,0.99998,0.9999,0.9784,1,1,1,0.02151455468,6.601382528,0.4354741686,7.45389,0.460571,OK,
27305,PI+SIDIS,phase2,bigtable/rsidis_bigtable_phase2.csv,PI+SIDIS,LD2,6.449,-1.165,2.978,/lustre24/expphy/volatile/hallc/c-rsidis/pdbforce/replay/ROOTfiles/coin_replay_production_27305_-1.root,136100,3197,TWO_STAGE_GAUSSIAN_FIT,,48.86671838,0.02620432296,0.4293704377,0.0258521601,2,47.86671838,49.86671838,39.86671838,45.86671838,51.86671838,57.86671838,361,6,525,87.5,273.5,19.37997248,47.664,-1,1,ps6,1,0.99991,0.9998,0.9779,1,1,1,0.02146055869,5.869462801,0.4159050368,7.13467,0.453904,OK,
27306,PI+SIDIS,phase2,bigtable/rsidis_bigtable_phase2.csv,PI+SIDIS,LD2,6.449,-1.165,2.978,/lustre24/expphy/volatile/hallc/c-rsidis/pdbforce/replay/ROOTfiles/coin_replay_production_27306_-1.root,206290,4869,TWO_STAGE_GAUSSIAN_FIT,,48.91556095,0.0222684538,0.4913137108,0.02082358223,2,47.91556095,49.91556095,39.91556095,45.91556095,51.91556095,57.91556095,554,6,792,132,422,24,71.703,-1,1,ps6,1,0.99998,0.9997,0.9782,1,1,1,0.01426178906,6.018474984,0.3422829375,7.04561,0.368078,OK,
27307,PI+SIDIS,phase2,bigtable/rsidis_bigtable_phase2.csv,PI+SIDIS,LD2,6.449,-1.165,2.978,/lustre24/expphy/volatile/hallc/c-rsidis/pdbforce/replay/ROOTfiles/coin_replay_production_27307_-1.root,132696,3089,TWO_STAGE_GAUSSIAN_FIT,,47.3612685,0.07406442433,1.199753399,0.08857178252,2,46.3612685,48.3612685,38.3612685,44.3612685,50.3612685,56.3612685,316,6,497,82.83333333,233.1666667,18.16054943,45.035,-1,1,ps6,1,0.99994,0.9997,0.9785,1,1,1,0.02270101989,5.293121138,0.4122629939,7.24144,0.47078,OK,
27308,PI+SIDIS,phase2,bigtable/rsidis_bigtable_phase2.csv,PI+SIDIS,LD2,6.449,-1.165,2.978,/lustre24/expphy/volatile/hallc/c-rsidis/pdbforce/replay/ROOTfiles/coin_replay_production_27308_-1.root,138386,3068,TWO_STAGE_GAUSSIAN_FIT,,49.60632112,0.02999978619,0.4538161107,0.02941108202,2,48.60632112,50.60632112,40.60632112,46.60632112,52.60632112,58.60632112,334,6,503,83.83333333,250.1666667,18.65401357,47.188,-1,1,ps6,1,0.99997,0.9997,0.9802,1,1,1,0.02162703923,5.410364314,0.4034310832,6.1374,0.432089,OK,
27309,PI+SIDIS,phase2,bigtable/rsidis_bigtable_phase2.csv,PI+SIDIS,LD2,6.449,-1.165,2.978,/lustre24/expphy/volatile/hallc/c-rsidis/pdbforce/replay/ROOTfiles/coin_replay_production_27309_-1.root,90905,2033,TWO_STAGE_GAUSSIAN_FIT,,49.60958822,0.02875507721,0.3673207754,0.02592952746,2,48.60958822,50.60958822,40.60958822,46.60958822,52.60958822,58.60958822,245,6,296,49.33333333,195.6666667,15.91295768,30.146,-1,1,ps6,1,0.99996,0.9999,0.9789,1,1,1,0.03389165528,6.631467216,0.5393164763,6.80779,0.562431,OK,
27310,PI+SIDIS,phase2,bigtable/rsidis_bigtable_phase2.csv,PI+SIDIS,LH2,6.449,-1.165,2.978,/lustre24/expphy/volatile/hallc/c-rsidis/pdbforce/replay/ROOTfiles/coin_replay_production_27310_-1.root,99540,3700,TWO_STAGE_GAUSSIAN_FIT,,49.64271902,0.0194774238,0.3878662091,0.01525361658,2,48.64271902,50.64271902,40.64271902,46.64271902,52.64271902,58.64271902,500,6,607,101.1666667,398.8333333,22.73457963,99.682,-1,1,ps6,1,0.99997,0.9999,0.9752,1,1,1,0.01028835699,4.103339711,0.2339014712,4.67445,0.248081,OK,
27311,PI+SIDIS,phase2,bigtable/rsidis_bigtable_phase2.csv,PI+SIDIS,LH2,6.449,-1.165,2.978,/lustre24/expphy/volatile/hallc/c-rsidis/pdbforce/replay/ROOTfiles/coin_replay_production_27311_-1.root,95702,3551,TWO_STAGE_GAUSSIAN_FIT,,49.71615827,0.02083751262,0.3870960586,0.02086417507,2,48.71615827,50.71615827,40.71615827,46.71615827,52.71615827,58.71615827,473,6,545,90.83333333,382.1666667,22.09386541,96.609,-1,1,ps6,1,0.99997,0.9999,0.9769,1,1,1,0.01059714225,4.049874532,0.2341318347,4.58604,0.250823,OK,
27312,PI+SIDIS,phase2,bigtable/rsidis_bigtable_phase2.csv,PI+SIDIS,LH2,6.449,-1.165,2.978,/lustre24/expphy/volatile/hallc/c-rsidis/pdbforce/replay/ROOTfiles/coin_replay_production_27312_-1.root,97344,3618,TWO_STAGE_GAUSSIAN_FIT,,49.72902924,0.01761018104,0.3494109517,0.01612365271,2,48.72902924,50.72902924,40.72902924,46.72902924,52.72902924,58.72902924,501,6,587,97.83333333,403.1666667,22.74435217,97.877,-1,1,ps6,1,0.99996,0.9999,0.9759,1,1,1,0.01047067878,4.22142866,0.2381488055,4.92307,0.256423,OK,
27313,PI+SIDIS,phase2,bigtable/rsidis_bigtable_phase2.csv,PI+SIDIS,LH2,6.449,-1.165,2.978,/lustre24/expphy/volatile/hallc/c-rsidis/pdbforce/replay/ROOTfiles/coin_replay_production_27313_-1.root,86320,3055,TWO_STAGE_GAUSSIAN_FIT,,49.70388127,0.02799372804,0.4361563648,0.03025276209,2,48.70388127,50.70388127,40.70388127,46.70388127,52.70388127,58.70388127,389,6,494,82.33333333,306.6666667,20.06794016,85.665,-1,1,ps6,1,0.99999,0.9997,0.9766,1,1,1,0.01195678752,3.666748173,0.2399480965,4.56128,0.265941,OK,
27314,PI+SIDIS,phase2,bigtable/rsidis_bigtable_phase2.csv,PI+SIDIS,LH2,6.449,-1.165,2.978,/lustre24/expphy/volatile/hallc/c-rsidis/pdbforce/replay/ROOTfiles/coin_replay_production_27314_-1.root,91474,3449,TWO_STAGE_GAUSSIAN_FIT,,49.69308006,0.02195522995,0.3774494495,0.02361105599,2,48.69308006,50.69308006,40.69308006,46.69308006,52.69308006,58.69308006,431,6,630,105,326,21.17781858,91.831,-1,1,ps6,1,0.99998,1,0.977,1,1,1,0.01114614808,3.633644275,0.236051102,4.5817,0.258274,OK,
27315,PI+SIDIS,phase2,bigtable/rsidis_bigtable_phase2.csv,PI+SIDIS,LH2,6.449,-1.165,2.978,/lustre24/expphy/volatile/hallc/c-rsidis/pdbforce/replay/ROOTfiles/coin_replay_production_27315_-1.root,90637,3357,TWO_STAGE_GAUSSIAN_FIT,,49.67177189,0.02056482396,0.3891462992,0.01826166449,2,48.67177189,50.67177189,40.67177189,46.67177189,52.67177189,58.67177189,461,6,544,90.66666667,370.3333333,21.81997047,91.355,-1,1,ps6,1,0.99994,0.9997,0.975,1,1,1,0.0112310259,4.159223258,0.2450606534,4.95921,0.266431,OK,
27316,PI+SIDIS,phase2,bigtable/rsidis_bigtable_phase2.csv,PI+SIDIS,LH2,6.449,-1.165,2.978,/lustre24/expphy/volatile/hallc/c-rsidis/pdbforce/replay/ROOTfiles/coin_replay_production_27316_-1.root,92768,3518,TWO_STAGE_GAUSSIAN_FIT,,49.72456817,0.02150333363,0.3928351395,0.02174773876,2,48.72456817,50.72456817,40.72456817,46.72456817,52.72456817,58.72456817,486,6,578,96.33333333,389.6666667,22.40659625,92.706,-1,1,ps6,1,0.99996,1,0.9764,1,1,1,0.01104795149,4.305018429,0.2475469883,5.03837,0.265868,OK,
27317,PI+SIDIS,phase2,bigtable/rsidis_bigtable_phase2.csv,PI+SIDIS,LH2,6.449,-1.165,2.978,/lustre24/expphy/volatile/hallc/c-rsidis/pdbforce/replay/ROOTfiles/coin_replay_production_27317_-1.root,115507,4303,TWO_STAGE_GAUSSIAN_FIT,,49.70437251,0.02164804479,0.4202855204,0.0239121717,2,48.70437251,50.70437251,40.70437251,46.70437251,52.70437251,58.70437251,576,6,707,117.8333333,458.1666667,24.40571427,115.73,-1,1,ps6,1,0.99996,0.9999,0.9758,1,1,1,0.008856335021,4.057677495,0.216145182,4.77597,0.232282,OK,
27318,PI+SIDIS,phase2,bigtable/rsidis_bigtable_phase2.csv,PI+SIDIS,LH2,6.449,-1.165,2.978,/lustre24/expphy/volatile/hallc/c-rsidis/pdbforce/replay/ROOTfiles/coin_replay_production_27318_-1.root,86809,3035,TWO_STAGE_GAUSSIAN_FIT,,49.67999953,0.02303068754,0.3979011563,0.02006843271,2,48.67999953,50.67999953,40.67999953,46.67999953,52.67999953,58.67999953,389,6,460,76.66666667,312.3333333,20.04439517,85.913,-1,1,ps6,1,1,0.9997,0.9752,1,1,1,0.01193926882,3.729031629,0.2393154223,4.33503,0.259745,OK,
27319,PI+SIDIS,phase2,bigtable/rsidis_bigtable_phase2.csv,PI+SIDIS,LH2,6.449,-1.165,2.978,/lustre24/expphy/volatile/hallc/c-rsidis/pdbforce/replay/ROOTfiles/coin_replay_production_27319_-1.root,95038,3627,TWO_STAGE_GAUSSIAN_FIT,,49.7356941,0.02120200317,0.388630953,0.02216491453,2,48.7356941,50.7356941,40.7356941,46.7356941,52.7356941,58.7356941,487,6,570,95,392,22.42394553,95.97,-1,1,ps6,1,0.99996,0.9997,0.9774,1,1,1,0.01066448409,4.180477762,0.2391398103,4.94651,0.259847,OK,
27320,PI+SIDIS,phase2,bigtable/rsidis_bigtable_phase2.csv,PI+SIDIS,Dummy,6.449,-1.165,2.978,/lustre24/expphy/volatile/hallc/c-rsidis/pdbforce/replay/ROOTfiles/coin_replay_production_27320_-1.root,24322,159,TWO_STAGE_GAUSSIAN_FIT,,49.86427706,0.08798236789,0.4805306172,0.09850851675,2,48.86427706,50.86427706,40.86427706,46.86427706,52.86427706,58.86427706,49,6,18,3,46,7.03562364,63.227,-1,1,ps6,1,1,0.9985,0.9721,1,1,1,0.01629440144,0.7495424664,0.114641276,0.932208,0.128055,OK,
27321,PI+SIDIS,phase2,bigtable/rsidis_bigtable_phase2.csv,PI+SIDIS,Dummy,6.449,-1.165,2.978,/lustre24/expphy/volatile/hallc/c-rsidis/pdbforce/replay/ROOTfiles/coin_replay_production_27321_-1.root,22381,151,TWO_STAGE_GAUSSIAN_FIT,,49.86625588,0.08197872191,0.3885505883,0.0858389424,2,48.86625588,50.86625588,40.86625588,46.86625588,52.86625588,58.86625588,43,6,28,4.666666667,38.33333333,6.616477747,61.184,-1,1,ps6,1,1,1,0.9741,1,1,1,0.01677871087,0.6431839167,0.1110159671,0.793956,0.120593,OK,
27322,PI+SIDIS,phase2,bigtable/rsidis_bigtable_phase2.csv,PI+SIDIS,Dummy,6.449,-1.165,2.978,/lustre24/expphy/volatile/hallc/c-rsidis/pdbforce/replay/ROOTfiles/coin_replay_production_27322_-1.root,25371,162,TWO_STAGE_GAUSSIAN_FIT,,49.74180298,0.06810655055,0.4336426717,0.05710884361,2,48.74180298,50.74180298,40.74180298,46.74180298,52.74180298,58.74180298,50,6,24,4,46,7.118052168,70.393,-1,1,ps6,1,1,1,0.9666,1,1,1,0.01469683217,0.67605428,0.1046128181,0.878053,0.118297,OK,
27323,PI+SIDIS,phase2,bigtable/rsidis_bigtable_phase2.csv,PI+SIDIS,Dummy,6.449,-1.165,2.978,/lustre24/expphy/volatile/hallc/c-rsidis/pdbforce/replay/ROOTfiles/coin_replay_production_27323_-1.root,22844,157,TWO_STAGE_GAUSSIAN_FIT,,49.73494972,0.05859795066,0.3571335032,0.04706855953,2,48.73494972,50.73494972,40.73494972,46.73494972,52.73494972,58.73494972,58,6,18,3,55,7.64852927,65.748,-1,1,ps6,1,1,1,0.9683,1,1,1,0.01570751639,0.8639134017,0.1201393989,1.07288,0.134007,OK,
27324,PI+SIDIS,phase2,bigtable/rsidis_bigtable_phase2.csv,PI+SIDIS,C,6.449,-1.165,2.978,/lustre24/expphy/volatile/hallc/c-rsidis/pdbforce/replay/ROOTfiles/coin_replay_production_27324_-1.root,137388,3064,TWO_STAGE_GAUSSIAN_FIT,,49.7507143,0.02392442177,0.3725010004,0.02446444877,2,48.7507143,50.7507143,40.7507143,46.7507143,52.7507143,58.7507143,357,6,520,86.66666667,270.3333333,19.27289403,78.937,-1,1,ps6,1,0.99994,0.9999,0.9781,1,1,1,0.01295405135,3.501911881,0.2496620589,4.01297,0.266402,OK,
27326,PI+SIDIS,phase2,bigtable/rsidis_bigtable_phase2.csv,PI+SIDIS,C,6.449,-1.165,2.978,/lustre24/expphy/volatile/hallc/c-rsidis/pdbforce/replay/ROOTfiles/coin_replay_production_27326_-1.root,139389,3275,TWO_STAGE_GAUSSIAN_FIT,,49.77456629,0.02636696791,0.433343946,0.02588683758,2,48.77456629,50.77456629,40.77456629,46.77456629,52.77456629,58.77456629,358,6,506,84.33333333,273.6666667,19.28874168,80.227,-1,1,ps6,1,0.99995,0.9999,0.9785,1,1,1,0.01274042056,3.486628427,0.2457466811,4.17695,0.270836,OK,
27327,PI+SIDIS,phase2,bigtable/rsidis_bigtable_phase2.csv,PI+SIDIS,C,6.449,-1.165,2.978,/lustre24/expphy/volatile/hallc/c-rsidis/pdbforce/replay/ROOTfiles/coin_replay_production_27327_-1.root,137634,3321,TWO_STAGE_GAUSSIAN_FIT,,49.75814227,0.02386552874,0.3816434644,0.02322958921,2,48.75814227,50.75814227,40.75814227,46.75814227,52.75814227,58.75814227,404,6,541,90.16666667,313.8333333,20.470168,79.137,-1,1,ps6,1,0.99992,0.9999,0.9796,1,1,1,0.01290178551,4.049010352,0.2641017168,4.76655,0.284925,OK,
27328,PI+SIDIS,phase2,bigtable/rsidis_bigtable_phase2.csv,PI+SIDIS,C,6.449,-1.165,2.978,/lustre24/expphy/volatile/hallc/c-rsidis/pdbforce/replay/ROOTfiles/coin_replay_production_27328_-1.root,141413,3302,TWO_STAGE_GAUSSIAN_FIT,,49.75963227,0.02861352604,0.4187366457,0.02992698406,2,48.75963227,50.75963227,40.75963227,46.75963227,52.75963227,58.75963227,368,6,573,95.5,272.5,19.59379153,81.681,-1,1,ps6,1,0.99994,0.9997,0.9776,1,1,1,0.01252778027,3.413820123,0.2454667149,3.90696,0.262167,OK,
27329,PI+SIDIS,phase2,bigtable/rsidis_bigtable_phase2.csv,PI+SIDIS,C,6.449,-1.165,2.978,/lustre24/expphy/volatile/hallc/c-rsidis/pdbforce/replay/ROOTfiles/coin_replay_production_27329_-1.root,123539,2817,TWO_STAGE_GAUSSIAN_FIT,,49.78526255,0.02831803827,0.4285645527,0.03084310404,2,48.78526255,50.78526255,40.78526255,46.78526255,52.78526255,58.78526255,300,6,476,79.33333333,220.6666667,17.69808527,70.039,-1,1,ps6,1,0.99995,0.9999,0.9789,1,1,1,0.01458770196,3.219019566,0.2581743932,3.5981,0.273236,OK,
27330,PI+SIDIS,phase2,bigtable/rsidis_bigtable_phase2.csv,PI+SIDIS,C,6.449,-1.165,2.978,/lustre24/expphy/volatile/hallc/c-rsidis/pdbforce/replay/ROOTfiles/coin_replay_production_27330_-1.root,114653,2645,TWO_STAGE_GAUSSIAN_FIT,,49.82020256,0.02929615294,0.4238849787,0.02721145324,2,48.82020256,50.82020256,40.82020256,46.82020256,52.82020256,58.82020256,276,6,437,72.83333333,203.1666667,16.97465431,64.796,-1,1,ps6,1,0.99995,0.9997,0.9786,1,1,1,0.01577606239,3.205170008,0.2677932053,3.78894,0.289247,OK,
27331,PI+SIDIS,phase2,bigtable/rsidis_bigtable_phase2.csv,PI+SIDIS,C,6.449,-1.165,2.978,/lustre24/expphy/volatile/hallc/c-rsidis/pdbforce/replay/ROOTfiles/coin_replay_production_27331_-1.root,125008,2936,TWO_STAGE_GAUSSIAN_FIT,,49.74857207,0.02148918585,0.3480652109,0.01978775842,2,48.74857207,50.74857207,40.74857207,46.74857207,52.74857207,58.74857207,320,6,499,83.16666667,236.8333333,18.27186666,71.419,-1,1,ps6,1,0.99995,0.9996,0.9783,1,1,1,0.01431889978,3.391192764,0.2616330274,4.25463,0.287177,OK,
27332,PI+SIDIS,phase2,bigtable/rsidis_bigtable_phase2.csv,PI+SIDIS,C,6.449,-1.165,2.978,/lustre24/expphy/volatile/hallc/c-rsidis/pdbforce/replay/ROOTfiles/coin_replay_production_27332_-1.root,197751,4560,TWO_STAGE_GAUSSIAN_FIT,,49.73189121,0.01956245525,0.3815924857,0.01981296914,2,48.73189121,50.73189121,40.73189121,46.73189121,52.73189121,58.73189121,516,6,721,120.1666667,395.8333333,23.15227371,114.3,-1,1,ps6,1,0.99998,0.9999,0.9768,1,1,1,0.008957776785,3.545786644,0.2073928999,4.26179,0.227585,OK,
27333,PI+SIDIS,phase2,bigtable/rsidis_bigtable_phase2.csv,PI+SIDIS,C,6.449,-1.165,2.978,/lustre24/expphy/volatile/hallc/c-rsidis/pdbforce/replay/ROOTfiles/coin_replay_production_27333_-1.root,140615,3324,TWO_STAGE_GAUSSIAN_FIT,,49.73050196,0.02420287794,0.3885557552,0.02576247996,2,48.73050196,50.73050196,40.73050196,46.73050196,52.73050196,58.73050196,359,6,573,95.5,263.5,19.36276495,80.955,-1,1,ps6,1,0.99995,0.9999,0.9784,1,1,1,0.01262714088,3.327251621,0.2444963608,4.04136,0.264061,OK,
27334,PI+SIDIS,phase2,bigtable/rsidis_bigtable_phase2.csv,PI+SIDIS,C,6.449,-1.165,2.978,/lustre24/expphy/volatile/hallc/c-rsidis/pdbforce/replay/ROOTfiles/coin_replay_production_27334_-1.root,145082,3371,TWO_STAGE_GAUSSIAN_FIT,,49.73403552,0.02307865808,0.3889171753,0.02522264999,2,48.73403552,50.73403552,40.73403552,46.73403552,52.73403552,58.73403552,390,6,555,92.5,297.5,20.1349613,83.738,-1,1,ps6,1,0.99997,0.9996,0.9779,1,1,1,0.01221714565,3.634600831,0.2459917549,4.39023,0.26732,OK,
27335,PI+SIDIS,phase2,bigtable/rsidis_bigtable_phase2.csv,PI+SIDIS,Cu,6.449,-1.165,2.978,/lustre24/expphy/volatile/hallc/c-rsidis/pdbforce/replay/ROOTfiles/coin_replay_production_27335_-1.root,139932,2622,TWO_STAGE_GAUSSIAN_FIT,,49.74736289,0.02702475162,0.3453158599,0.02445238082,2,48.74736289,50.74736289,40.74736289,46.74736289,52.74736289,58.74736289,212,6,435,72.5,139.5,14.96941326,77.614,-1,1,ps6,1,0.99996,0.9996,0.9742,1,1,1,0.01323131269,1.845768121,0.1980649877,2.34667,0.221014,OK,
27336,PI+SIDIS,phase2,bigtable/rsidis_bigtable_phase2.csv,PI+SIDIS,Cu,6.449,-1.165,2.978,/lustre24/expphy/volatile/hallc/c-rsidis/pdbforce/replay/ROOTfiles/coin_replay_production_27336_-1.root,131809,2440,TWO_STAGE_GAUSSIAN_FIT,,49.7864668,0.03698796463,0.3637911435,0.03020931922,2,48.7864668,50.7864668,40.7864668,46.7864668,52.7864668,58.7864668,212,6,406,67.66666667,144.3333333,14.94248232,73.009,-1,1,ps6,1,0.99993,0.9995,0.9748,1,1,1,0.01405904052,2.029188182,0.2100769644,2.49016,0.2307,OK,
27337,PI+SIDIS,phase2,bigtable/rsidis_bigtable_phase2.csv,PI+SIDIS,Cu,6.449,-1.165,2.978,/lustre24/expphy/volatile/hallc/c-rsidis/pdbforce/replay/ROOTfiles/coin_replay_production_27337_-1.root,128806,2367,TWO_STAGE_GAUSSIAN_FIT,,49.75963046,0.03381215645,0.3821199075,0.03501779689,2,48.75963046,50.75963046,40.75963046,46.75963046,52.75963046,58.75963046,196,6,349,58.16666667,137.8333333,14.34205161,70.904,-1,1,ps6,1,0.99997,0.9998,0.9735,1,1,1,0.0144908281,1.997319139,0.2078282045,2.29949,0.230168,OK,
27338,PI+SIDIS,phase2,bigtable/rsidis_bigtable_phase2.csv,PI+SIDIS,Cu,6.449,-1.165,2.978,/lustre24/expphy/volatile/hallc/c-rsidis/pdbforce/replay/ROOTfiles/coin_replay_production_27338_-1.root,150204,2760,TWO_STAGE_GAUSSIAN_FIT,,49.73174945,0.02792644638,0.3766068781,0.02708582455,2,48.73174945,50.73174945,40.73174945,46.73174945,52.73174945,58.73174945,242,6,429,71.5,170.5,15.93476284,84.113,-1,1,ps6,1,0.99995,0.9996,0.9753,1,1,1,0.01219534584,2.079306466,0.1943299437,2.41414,0.212431,OK,
27339,PI+SIDIS,phase2,bigtable/rsidis_bigtable_phase2.csv,PI+SIDIS,Cu,6.449,-1.165,2.978,/lustre24/expphy/volatile/hallc/c-rsidis/pdbforce/replay/ROOTfiles/coin_replay_production_27339_-1.root,146137,2708,TWO_STAGE_GAUSSIAN_FIT,,49.7283331,0.03093299686,0.3851317222,0.03369173625,2,48.7283331,50.7283331,40.7283331,46.7283331,52.7283331,58.7283331,222,6,469,78.16666667,143.8333333,15.3306157,81.634,-1,1,ps6,1,0.99994,0.9996,0.9739,1,1,1,0.0125838742,1.809980573,0.1929185394,2.03655,0.206526,OK,
27340,PI+SIDIS,phase2,bigtable/rsidis_bigtable_phase2.csv,PI+SIDIS,Cu,6.449,-1.165,2.978,/lustre24/expphy/volatile/hallc/c-rsidis/pdbforce/replay/ROOTfiles/coin_replay_production_27340_-1.root,135491,2555,TWO_STAGE_GAUSSIAN_FIT,,49.67285394,0.02786938467,0.352914777,0.02752665098,2,48.67285394,50.67285394,40.67285394,46.67285394,52.67285394,58.67285394,211,6,451,75.16666667,135.8333333,14.95084539,75.754,-1,1,ps6,1,0.99996,0.9998,0.9742,1,1,1,0.01355347144,1.841013204,0.2026358559,2.23848,0.219634,OK,
27341,PI+SIDIS,phase2,bigtable/rsidis_bigtable_phase2.csv,PI+SIDIS,Cu,6.449,-1.165,2.978,/lustre24/expphy/volatile/hallc/c-rsidis/pdbforce/replay/ROOTfiles/coin_replay_production_27341_-1.root,141717,2531,TWO_STAGE_GAUSSIAN_FIT,,49.64093137,0.02936367845,0.3550462049,0.03102811961,2,48.64093137,50.64093137,40.64093137,46.64093137,52.64093137,58.64093137,198,6,435,72.5,125.5,14.49425173,77.867,-1,1,ps6,1,0.99998,0.9998,0.9739,1,1,1,0.01318948216,1.655280011,0.1911716747,1.92302,0.206289,OK,
27342,PI+SIDIS,phase2,bigtable/rsidis_bigtable_phase2.csv,PI+SIDIS,Cu,6.449,-1.165,2.978,/lustre24/expphy/volatile/hallc/c-rsidis/pdbforce/replay/ROOTfiles/coin_replay_production_27342_-1.root,63983,1062,TWO_STAGE_GAUSSIAN_FIT,,49.58315937,0.05481391552,0.3939798298,0.06155933795,2,48.58315937,50.58315937,40.58315937,46.58315937,52.58315937,58.58315937,101,6,176,29.33333333,71.66666667,10.29023269,31.567,-1,1,ps6,1,0.99994,1,0.9715,1,1,1,0.03260993576,2.337045396,0.3355638271,2.95087,0.369853,OK,
27343,PI+SIDIS,phase2,bigtable/rsidis_bigtable_phase2.csv,PI+SIDIS,Cu,6.449,-1.165,2.978,/lustre24/expphy/volatile/hallc/c-rsidis/pdbforce/replay/ROOTfiles/coin_replay_production_27343_-1.root,140223,2546,TWO_STAGE_GAUSSIAN_FIT,,49.38304694,0.03659921324,0.4854711297,0.0350751217,2,48.38304694,50.38304694,40.38304694,46.38304694,52.38304694,58.38304694,199,6,466,77.66666667,121.3333333,14.55831187,76.853,-1,1,ps6,1,0.99993,0.9998,0.9736,1,1,1,0.01336829064,1.622019264,0.1946197443,2.12027,0.215054,OK,
27344,PI+SIDIS,phase2,bigtable/rsidis_bigtable_phase2.csv,PI+SIDIS,Cu,6.449,-1.165,2.978,/lustre24/expphy/volatile/hallc/c-rsidis/pdbforce/replay/ROOTfiles/coin_replay_production_27344_-1.root,156160,2811,TWO_STAGE_GAUSSIAN_FIT,,49.14219137,0.08044365575,1.028042738,0.1215111101,2,48.14219137,50.14219137,40.14219137,46.14219137,52.14219137,58.14219137,236,6,475,79.16666667,156.8333333,15.78589384,85.903,-1,1,ps6,1,0.99997,0.9998,0.9745,1,1,1,0.01194839915,1.873907266,0.1886161605,2.36176,0.208526,OK,
27345,PI+SIDIS,phase2,bigtable/rsidis_bigtable_phase2.csv,PI+SIDIS,Cu,6.449,-1.165,2.978,/lustre24/expphy/volatile/hallc/c-rsidis/pdbforce/replay/ROOTfiles/coin_replay_production_27345_-1.root,137775,2509,TWO_STAGE_GAUSSIAN_FIT,,48.95865269,0.06573132312,0.8079058684,0.08722273282,2,47.95865269,49.95865269,39.95865269,45.95865269,51.95865269,57.95865269,177,6,447,74.5,102.5,13.76287276,75.516,-1,1,ps6,1,0.99996,0.9997,0.9759,1,1,1,0.01357386058,1.39132071,0.1868153161,1.9937,0.213201,OK,
27347,PI+SIDIS,phase2,bigtable/rsidis_bigtable_phase2.csv,PI+SIDIS,Cu,6.449,-1.165,2.978,/lustre24/expphy/volatile/hallc/c-rsidis/pdbforce/replay/ROOTfiles/coin_replay_production_27347_-1.root,142741,2664,TWO_STAGE_GAUSSIAN_FIT,,50.10100231,0.1650203257,1.180692395,0.1635546359,2,49.10100231,51.10100231,41.10100231,47.10100231,53.10100231,59.10100231,193,6,452,75.33333333,117.6666667,14.33720878,80.145,-1,1,ps6,1,0.99996,0.9998,0.9748,1,1,1,0.01280301593,1.506488208,0.1835595124,2.27557,0.216319,OK,
27348,PI+SIDIS,phase2,bigtable/rsidis_bigtable_phase2.csv,PI+SIDIS,Cu,6.449,-1.165,2.978,/lustre24/expphy/volatile/hallc/c-rsidis/pdbforce/replay/ROOTfiles/coin_replay_production_27348_-1.root,148068,2797,TWO_STAGE_GAUSSIAN_FIT,,51.22731813,0.0280682894,0.3717668594,0.02774584874,2,50.22731813,52.22731813,42.22731813,48.22731813,54.22731813,60.22731813,226,6,501,83.5,142.5,15.48924358,83.302,-1,1,ps6,1,0.99999,0.9997,0.9753,1,1,1,0.01231235129,1.754510059,0.1907090082,2.21977,0.209537,OK,
27349,PI+SIDIS,phase2,bigtable/rsidis_bigtable_phase2.csv,PI+SIDIS,Cu,6.449,-1.165,2.978,/lustre24/expphy/volatile/hallc/c-rsidis/pdbforce/replay/ROOTfiles/coin_replay_production_27349_-1.root,180327,3450,TWO_STAGE_GAUSSIAN_FIT,,51.28220438,0.02275678072,0.3514429918,0.01933530481,2,50.28220438,52.28220438,42.28220438,48.28220438,54.28220438,60.28220438,315,6,582,97,218,18.19798524,102.26,-1,1,ps6,1,0.99997,0.9999,0.9733,1,1,1,0.01004856275,2.19058668,0.1828635966,2.61941,0.199432,OK,
27350,PI+SIDIS,phase2,bigtable/rsidis_bigtable_phase2.csv,PI+SIDIS,Cu,6.449,-1.165,2.978,/lustre24/expphy/volatile/hallc/c-rsidis/pdbforce/replay/ROOTfiles/coin_replay_production_27350_-1.root,190046,3725,TWO_STAGE_GAUSSIAN_FIT,,51.2233934,0.02419753021,0.3588559664,0.0295118088,2,50.2233934,52.2233934,42.2233934,48.2233934,54.2233934,60.2233934,297,6,652,108.6666667,188.3333333,17.75136927,107.91,-1,1,ps6,1,0.99997,0.9998,0.9755,1,1,1,0.009501910389,1.789526457,0.1686719201,2.3297,0.187061,OK,
27355,HMSHEE,phase2,bigtable/rsidis_bigtable_phase2.csv,HEE,Dummy,6.449,-5.39,3.61,,-1,-1,,,nan,nan,nan,nan,nan,nan,nan,nan,nan,nan,nan,nan,0,nan,nan,nan,nan,nan,nan,nan,,nan,nan,nan,nan,1,1,nan,nan,nan,nan,nan,nan,SKIPPED_UNSUPPORTED_RUN_TYPE,ONLY_PI_SIDIS_AND_PI_PLUS_SIDIS_ARE_SUPPORTED
27358,PI-SIDIS,phase2,bigtable/rsidis_bigtable_phase2.csv,PI-SIDIS,LH2,6.449,-1.165,-3.837,/lustre24/expphy/volatile/hallc/c-rsidis/pdbforce/replay/ROOTfiles/coin_replay_production_27358_-1.root,98112,1272,TWO_STAGE_GAUSSIAN_FIT,,51.31452936,0.03125280868,0.3999441141,0.02589581348,2,50.31452936,52.31452936,42.31452936,48.31452936,54.31452936,60.31452936,208,6,203,33.83333333,174.1666667,14.6163911,120.38,-1,1,ps6,1,0.99997,0.9999,0.9572,1,1,1,0.008679594416,1.511696027,0.1268643466,1.50886,0.126482,OK,
27372,HMSDIS,phase2,bigtable/rsidis_bigtable_phase2.csv,HMSDIS,LH2,6.449,-1.165,-3.837,,-1,-1,,,nan,nan,nan,nan,nan,nan,nan,nan,nan,nan,nan,nan,0,nan,nan,nan,nan,nan,nan,nan,,nan,nan,nan,nan,1,1,nan,nan,nan,nan,nan,nan,SKIPPED_UNSUPPORTED_RUN_TYPE,ONLY_PI_SIDIS_AND_PI_PLUS_SIDIS_ARE_SUPPORTED
27376,PI-SIDIS,phase2,bigtable/rsidis_bigtable_phase2.csv,PI-SIDIS,Dummy,6.449,-1.165,-3.837,/lustre24/expphy/volatile/hallc/c-rsidis/pdbforce/replay/ROOTfiles/coin_replay_production_27376_-1.root,23294,54,TWO_STAGE_GAUSSIAN_FIT,,51.3337589,0.08953030305,0.4034399016,0.08655040805,2,50.3337589,52.3337589,42.3337589,48.3337589,54.3337589,60.3337589,27,6,7,1.166666667,25.83333333,5.214829282,51.082,-1,1,ps6,1,1,1,0.9664,1,1,1,0.0202570027,0.5233059031,0.1056368109,0.539938,0.105788,OK,
27389,PI-SIDIS,phase2,bigtable/rsidis_bigtable_phase2.csv,PI-SIDIS,LH2,6.449,-1.165,-3.837,/lustre24/expphy/volatile/hallc/c-rsidis/pdbforce/replay/ROOTfiles/coin_replay_production_27389_-1.root,93993,1331,TWO_STAGE_GAUSSIAN_FIT,,51.26965355,0.03403465555,0.4134386082,0.03691735903,2,50.26965355,52.26965355,42.26965355,48.26965355,54.26965355,60.26965355,228,6,193,32.16666667,195.8333333,15.27616153,117.07,-1,1,ps6,1,0.99997,0.9998,0.9583,1,1,1,0.008915645463,1.74598057,0.1361968402,1.70741,0.135354,OK,
27396,PI-SIDIS,phase2,bigtable/rsidis_bigtable_phase2.csv,PI-SIDIS,Dummy,6.449,-1.165,-3.837,/lustre24/expphy/volatile/hallc/c-rsidis/pdbforce/replay/ROOTfiles/coin_replay_production_27396_-1.root,23869,80,TWO_STAGE_GAUSSIAN_FIT,,51.24519567,0.06923775711,0.3246915119,0.06680726782,2,50.24519567,52.24519567,42.24519567,48.24519567,54.24519567,60.24519567,41,6,6,1,40,6.416125518,71.795,-1,1,ps6,1,1,1,0.9455,1,1,1,0.01473140831,0.5892563324,0.09451856477,0.588864,0.0947306,OK,
27409,PI-SIDIS,phase2,bigtable/rsidis_bigtable_phase2.csv,PI-SIDIS,LD2,6.449,-1.165,-2.978,/lustre24/expphy/volatile/hallc/c-rsidis/pdbforce/replay/ROOTfiles/coin_replay_production_27409_-1.root,124342,2463,TWO_STAGE_GAUSSIAN_FIT,,51.35215663,0.02771722813,0.3711518979,0.02300198093,2,50.35215663,52.35215663,42.35215663,48.35215663,54.35215663,60.35215663,232,6,410,68.33333333,163.6666667,15.6009259,47.31,-1,1,ps6,1,0.99994,0.9997,0.9744,1,1,1,0.02170032024,3.55161908,0.3385450881,4.07855,0.358439,OK,
27414,PI-SIDIS,phase2,bigtable/rsidis_bigtable_phase2.csv,PI-SIDIS,LD2,6.449,-1.165,-2.978,/lustre24/expphy/volatile/hallc/c-rsidis/pdbforce/replay/ROOTfiles/coin_replay_production_27414_-1.root,114844,2242,TWO_STAGE_GAUSSIAN_FIT,,51.26085154,0.02841734963,0.3504005119,0.02717125669,2,50.26085154,52.26085154,42.26085154,48.26085154,54.26085154,60.26085154,194,6,396,66,128,14.31782106,43.481,-1,1,ps6,1,0.99995,0.9997,0.9731,1,1,1,0.02364258869,3.026251353,0.3385103544,3.40168,0.354864,OK,
27418,PI-SIDIS,phase2,bigtable/rsidis_bigtable_phase2.csv,PI-SIDIS,LH2,6.449,-1.165,-2.978,/lustre24/expphy/volatile/hallc/c-rsidis/pdbforce/replay/ROOTfiles/coin_replay_production_27418_-1.root,82604,2293,TWO_STAGE_GAUSSIAN_FIT,,51.2103288,0.02697563384,0.3359191246,0.0245955763,2,50.2103288,52.2103288,42.2103288,48.2103288,54.2103288,60.2103288,215,6,385,64.16666667,150.8333333,15.02313031,97.972,-1,1,ps6,1,0.99999,0.9998,0.9706,1,1,1,0.01051838226,1.586522657,0.1580190273,1.86372,0.168873,OK,
27419,PI-SIDIS,phase2,bigtable/rsidis_bigtable_phase2.csv,PI-SIDIS,LH2,6.449,-1.165,-2.978,/lustre24/expphy/volatile/hallc/c-rsidis/pdbforce/replay/ROOTfiles/coin_replay_production_27419_-1.root,60918,1645,TWO_STAGE_GAUSSIAN_FIT,,51.21363632,0.03079498866,0.3343315236,0.02397941359,2,50.21363632,52.21363632,42.21363632,48.21363632,54.21363632,60.21363632,146,6,279,46.5,99.5,12.39959677,66.696,-1,1,ps6,1,0.99998,0.9997,0.9685,1,1,1,0.0154860116,1.540858154,0.1920202994,1.80436,0.203999,OK,
27437,PI-SIDIS,phase2,bigtable/rsidis_bigtable_phase2.csv,PI-SIDIS,Dummy,6.449,-1.165,-2.978,/lustre24/expphy/volatile/hallc/c-rsidis/pdbforce/replay/ROOTfiles/coin_replay_production_27437_-1.root,33260,189,TWO_STAGE_GAUSSIAN_FIT,,51.18525063,0.06471056108,0.3926629528,0.07381798397,2,50.18525063,52.18525063,42.18525063,48.18525063,54.18525063,60.18525063,55,6,22,3.666666667,51.33333333,7.457285774,94.65,-1,1,ps6,1,1,1,0.9529,1,1,1,0.01108745971,0.5691562652,0.08268235557,0.660642,0.0899886,OK,
27440,PI-SIDIS,phase2,bigtable/rsidis_bigtable_phase2.csv,PI-SIDIS,LD2,6.449,-1.165,-2.978,/lustre24/expphy/volatile/hallc/c-rsidis/pdbforce/replay/ROOTfiles/coin_replay_production_27440_-1.root,108901,2046,TWO_STAGE_GAUSSIAN_FIT,,51.19557667,0.02823451179,0.365326189,0.03031296801,2,50.19557667,52.19557667,42.19557667,48.19557667,54.19557667,60.19557667,218,6,347,57.83333333,160.1666667,15.08770655,40.669,-1,1,ps6,1,0.99996,1,0.9742,1,1,1,0.02524095329,4.042759352,0.3808280962,4.83989,0.411731,OK,
27442,PI-SIDIS,phase2,bigtable/rsidis_bigtable_phase2.csv,PI-SIDIS,LH2,6.449,-1.165,-2.738,/lustre24/expphy/volatile/hallc/c-rsidis/pdbforce/replay/ROOTfiles/coin_replay_production_27442_-1.root,407675,19480,TWO_STAGE_GAUSSIAN_FIT,,51.22612534,0.009367386054,0.3445285311,0.008838058611,2,50.22612534,52.22612534,42.22612534,48.22612534,54.22612534,60.22612534,1674,6,3281,546.8333333,1127.166667,42.01355601,33.843,-1,1,ps6,1,0.99987,0.9997,0.9753,1,1,1,0.03030956418,34.16393042,1.273412572,40.2447,1.36382,OK,
27445,PI-SIDIS,phase2,bigtable/rsidis_bigtable_phase2.csv,PI-SIDIS,LH2,6.449,-1.165,-2.738,/lustre24/expphy/volatile/hallc/c-rsidis/pdbforce/replay/ROOTfiles/coin_replay_production_27445_-1.root,453123,21617,TWO_STAGE_GAUSSIAN_FIT,,51.23254125,0.008963542954,0.3393937422,0.008672075534,2,50.23254125,52.23254125,42.23254125,48.23254125,54.23254125,60.23254125,1820,6,3687,614.5,1205.5,43.84537224,37.705,-1,1,ps6,1,0.99987,0.9999,0.9751,1,1,1,0.0272051918,32.79585871,1.192821761,40.0984,1.28698,OK,
27446,PI-SIDIS,phase2,bigtable/rsidis_bigtable_phase2.csv,PI-SIDIS,LH2,6.449,-1.165,-2.738,/lustre24/expphy/volatile/hallc/c-rsidis/pdbforce/replay/ROOTfiles/coin_replay_production_27446_-1.root,455264,21932,TWO_STAGE_GAUSSIAN_FIT,,51.24538257,0.009203634916,0.3380757137,0.007980517734,2,50.24538257,52.24538257,42.24538257,48.24538257,54.24538257,60.24538257,1825,6,3610,601.6666667,1223.333333,43.87798739,37.837,-1,1,ps6,1,0.99988,0.9997,0.9747,1,1,1,0.02712656264,33.18482829,1.190258973,39.3359,1.28038,OK,
27447,PI-SIDIS,phase2,bigtable/rsidis_bigtable_phase2.csv,PI-SIDIS,LH2,6.449,-1.165,-2.738,/lustre24/expphy/volatile/hallc/c-rsidis/pdbforce/replay/ROOTfiles/coin_replay_production_27447_-1.root,437885,20768,TWO_STAGE_GAUSSIAN_FIT,,51.22420687,0.00948429692,0.3485740979,0.009203360144,2,50.22420687,52.22420687,42.22420687,48.22420687,54.22420687,60.22420687,1769,6,3514,585.6666667,1183.333333,43.20429505,36.255,-1,1,ps6,1,0.99985,0.9998,0.9745,1,1,1,0.02831406754,33.50497993,1.223289328,41.0878,1.32232,OK,
27504,PI-SIDIS,phase2,bigtable/rsidis_bigtable_phase2.csv,PI-SIDIS,Dummy,6.449,1.165,-2.766,/lustre24/expphy/volatile/hallc/c-rsidis/pdbforce/replay/ROOTfiles/coin_replay_production_27504_-1.root,144775,512,PRIOR_ELEC_AVERAGE,27487;27486;27483;27482;27481,51.25076,0.003546632205,0.3636102,0.00630771275,2,50.25076,52.25076,42.25076,48.25076,54.25076,60.25076,24,6,80,13.33333333,10.66666667,5.120763832,88.203,-1,1,ps6,1,0.99996,0.9979,0.9781,1,1,1,0.01161619072,0.1239060343,0.05948376929,0.159052,0.0660501,OK,
27518,HMSDIS,phase2,bigtable/rsidis_bigtable_phase2.csv,HMSDIS,LH2,6.449,1.165,5.051,,-1,-1,,,nan,nan,nan,nan,nan,nan,nan,nan,nan,nan,nan,nan,0,nan,nan,nan,nan,nan,nan,nan,,nan,nan,nan,nan,1,1,nan,nan,nan,nan,nan,nan,SKIPPED_UNSUPPORTED_RUN_TYPE,ONLY_PI_SIDIS_AND_PI_PLUS_SIDIS_ARE_SUPPORTED
27532,HMSDIS,phase2,bigtable/rsidis_bigtable_phase2.csv,HMSDIS,LD2,6.449,1.165,5.051,,-1,-1,,,nan,nan,nan,nan,nan,nan,nan,nan,nan,nan,nan,nan,0,nan,nan,nan,nan,nan,nan,nan,,nan,nan,nan,nan,1,1,nan,nan,nan,nan,nan,nan,SKIPPED_UNSUPPORTED_RUN_TYPE,ONLY_PI_SIDIS_AND_PI_PLUS_SIDIS_ARE_SUPPORTED
27541,PI-SIDIS,phase2,bigtable/rsidis_bigtable_phase2.csv,PI-SIDIS,Dummy,6.449,1.165,-2.806,/lustre24/expphy/volatile/hallc/c-rsidis/pdbforce/replay/ROOTfiles/coin_replay_production_27541_-1.root,64667,129,PRIOR_ELEC_AVERAGE,27487;27486;27483;27482;27481,51.25076,0.003546632205,0.3636102,0.00630771275,2,50.25076,52.25076,42.25076,48.25076,54.25076,60.25076,9,6,30,5,4,3.13581462,92.801,-1,1,ps6,1,0.99995,1,0.9777,1,1,1,0.01102207708,0.04408830834,0.03456319047,0.0652843,0.0371992,OK,
27562,PI+SIDIS,phase2,bigtable/rsidis_bigtable_phase2.csv,PI+SIDIS,Dummy,6.449,1.165,5.154,/lustre24/expphy/volatile/hallc/c-rsidis/pdbforce/replay/ROOTfiles/coin_replay_production_27562_-1.root,11163,1,PRIOR_ELEC_AVERAGE,27487;27486;27483;27482;27481,51.25076,0.003546632205,0.3636102,0.00630771275,2,50.25076,52.25076,42.25076,48.25076,54.25076,60.25076,0,6,0,0,0,0,49.089,-1,1,ps6,1,1,1,0.9785,1,1,1,0.02081876605,0,0,-0.00160144,0.00160144,OK,
27605,PI+SIDIS,phase2,bigtable/rsidis_bigtable_phase2.csv,PI+SIDIS,LD2,6.449,1.165,2.978,/lustre24/expphy/volatile/hallc/c-rsidis/pdbforce/replay/ROOTfiles/coin_replay_production_27605_-1.root,104145,199,PRIOR_ELEC_AVERAGE,27487;27486;27483;27482;27481,51.25076,0.003546632205,0.3636102,0.00630771275,2,50.25076,52.25076,42.25076,48.25076,54.25076,60.25076,8,6,27,4.5,3.5,2.958039892,46.93,-1,1,ps6,1,0.99997,1,0.9782,1,1,1,0.02178385895,0.07624350633,0.06443752377,0.0134054,0.0676527,OK,
27610,PI+SIDIS,phase2,bigtable/rsidis_bigtable_phase2.csv,PI+SIDIS,LH2,6.449,1.165,2.978,/lustre24/expphy/volatile/hallc/c-rsidis/pdbforce/replay/ROOTfiles/coin_replay_production_27610_-1.root,119555,181,PRIOR_ELEC_AVERAGE,27487;27486;27483;27482;27481,51.25076,0.003546632205,0.3636102,0.00630771275,2,50.25076,52.25076,42.25076,48.25076,54.25076,60.25076,7,6,32,5.333333333,1.666666667,2.808716591,91.493,-1,1,ps6,1,0.99998,0.9979,0.9762,1,1,1,0.01122005516,0.01870009193,0.03151395508,0.0327972,0.0364341,OK,
27641,PI-SIDIS,phase2,bigtable/rsidis_bigtable_phase2.csv,PI-SIDIS,LH2,6.449,-1.165,-2.978,/lustre24/expphy/volatile/hallc/c-rsidis/pdbforce/replay/ROOTfiles/coin_replay_production_27641_-1.root,98270,2902,TWO_STAGE_GAUSSIAN_FIT,,51.27149183,0.02198445196,0.3315658482,0.01878005461,2,50.27149183,52.27149183,42.27149183,48.27149183,54.27149183,60.27149183,280,6,452,75.33333333,204.6666667,17.10425548,109.54,-1,1,ps6,1,0.99999,0.9998,0.9718,1,1,1,0.009395969086,1.923041673,0.1607110557,2.0721,0.16895,OK,
27644,PI+SIDIS,phase2,bigtable/rsidis_bigtable_phase2.csv,PI+SIDIS,Dummy,6.449,-1.165,5.051,/lustre24/expphy/volatile/hallc/c-rsidis/pdbforce/replay/ROOTfiles/coin_replay_production_27644_-1.root,3835,34,TWO_STAGE_GAUSSIAN_FIT,,51.41451197,0.1403377673,0.4782646423,0.1270310109,2,50.41451197,52.41451197,42.41451197,48.41451197,54.41451197,60.41451197,25,6,1,0.1666666667,24.83333333,5.002777007,16.06,-1,1,ps6,1,1,1,0.989,1,1,1,0.06295905017,1.563483079,0.3149700886,1.54976,0.314981,OK,
27693,PI+SIDIS,phase2,bigtable/rsidis_bigtable_phase2.csv,PI+SIDIS,LH2,6.449,-1.165,2.806,/lustre24/expphy/volatile/hallc/c-rsidis/pdbforce/replay/ROOTfiles/coin_replay_production_27693_-1.root,178895,8984,TWO_STAGE_GAUSSIAN_FIT,,51.24119842,0.01295085876,0.3619173479,0.01259776146,2,50.24119842,52.24119842,42.24119842,48.24119842,54.24119842,60.24119842,1003,6,1523,253.8333333,749.1666667,32.3311855,64.706,-1,1,ps6,1,0.99996,0.9999,0.977,1,1,1,0.01582055397,11.85223168,0.5114972651,15.2948,0.568714,OK,
27703,PI-SIDIS,phase2,bigtable/rsidis_bigtable_phase2.csv,PI-SIDIS,LH2,6.449,-1.165,-2.806,/lustre24/expphy/volatile/hallc/c-rsidis/pdbforce/replay/ROOTfiles/coin_replay_production_27703_-1.root,183981,7182,TWO_STAGE_GAUSSIAN_FIT,,51.21188743,0.01475168407,0.3231112901,0.01522825586,2,50.21188743,52.21188743,42.21188743,48.21188743,54.21188743,60.21188743,578,6,1208,201.3333333,376.6666667,24.72964932,69.159,-1,1,ps6,1,0.99995,0.9998,0.9727,1,1,1,0.01486897263,5.600646357,0.3677044789,6.37081,0.388034,OK,
27706,PI-SIDIS,phase2,bigtable/rsidis_bigtable_phase2.csv,PI-SIDIS,LH2,6.449,-1.165,-2.806,/lustre24/expphy/volatile/hallc/c-rsidis/pdbforce/replay/ROOTfiles/coin_replay_production_27706_-1.root,177218,6857,TWO_STAGE_GAUSSIAN_FIT,,51.18783717,0.0165952831,0.3454857389,0.01626976112,2,50.18783717,52.18783717,42.18783717,48.18783717,54.18783717,60.18783717,547,6,1204,200.6666667,346.3333333,24.09241467,66.674,-1,1,ps6,1,0.99996,0.9999,0.9733,1,1,1,0.01541194923,5.33767175,0.3713110716,6.45053,0.397312,OK,
27707,PI-SIDIS,phase2,bigtable/rsidis_bigtable_phase2.csv,PI-SIDIS,LH2,6.449,-1.165,-2.806,/lustre24/expphy/volatile/hallc/c-rsidis/pdbforce/replay/ROOTfiles/coin_replay_production_27707_-1.root,185434,7291,TWO_STAGE_GAUSSIAN_FIT,,51.22312697,0.01535655271,0.3293413334,0.01638645004,2,50.22312697,52.22312697,42.22312697,48.22312697,54.22312697,60.22312697,559,6,1208,201.3333333,357.6666667,24.34246404,69.92,-1,1,ps6,1,0.99996,0.9997,0.9726,1,1,1,0.01470997705,5.261268458,0.3580770874,6.32188,0.38808,OK,
27733,HMSHEEP,phase2,bigtable/rsidis_bigtable_phase2.csv,HEEP,LH2,6.449,-3.7,3.61,,-1,-1,,,nan,nan,nan,nan,nan,nan,nan,nan,nan,nan,nan,nan,0,nan,nan,nan,nan,nan,nan,nan,,nan,nan,nan,nan,1,1,nan,nan,nan,nan,nan,nan,SKIPPED_UNSUPPORTED_RUN_TYPE,ONLY_PI_SIDIS_AND_PI_PLUS_SIDIS_ARE_SUPPORTED
27749,PI-SIDIS,phase2,bigtable/rsidis_bigtable_phase2.csv,PI-SIDIS,LH2,6.449,1.165,-2.806,/lustre24/expphy/volatile/hallc/c-rsidis/pdbforce/replay/ROOTfiles/coin_replay_production_27749_-1.root,311239,737,PRIOR_ELEC_AVERAGE,27732;27731;27730;27728;27727,51.25456,0.02833320667,0.3600994,0.01247242185,2,50.25456,52.25456,42.25456,48.25456,54.25456,60.25456,38,6,144,24,14,6.480740698,78.009,-1,1,ps6,1,0.99991,0.9981,0.9736,1,1,1,0.01319288439,0.1847003815,0.0854996628,0.349103,0.0959434,OK,
27756,PI-SIDIS,phase2,bigtable/rsidis_bigtable_phase2.csv,PI-SIDIS,LH2,8.581,-3.254,-2.661,/lustre24/expphy/volatile/hallc/c-rsidis/pdbforce/replay/ROOTfiles/coin_replay_production_27756_-1.root,3377215,479114,TWO_STAGE_GAUSSIAN_FIT,,51.19966989,0.00197493145,0.3434350471,0.001916589625,4,49.19966989,53.19966989,33.19966989,45.19966989,57.19966989,69.19966989,52366,6,163356,27226,25140,238.5448944,61.068,-1,1,ps6,1,0.99835,0.9991,0.9839,1,1,1,0.01668566659,419.477658,3.980280575,452.093,3.4602,OK,
27758,PI-SIDIS,phase2,bigtable/rsidis_bigtable_phase2.csv,PI-SIDIS,LH2,8.581,-3.254,-2.738,/lustre24/expphy/volatile/hallc/c-rsidis/pdbforce/replay/ROOTfiles/coin_replay_production_27758_-1.root,3204756,425361,TWO_STAGE_GAUSSIAN_FIT,,51.25684147,0.002091949426,0.3422452505,0.00192329862,4,49.25684147,53.25684147,33.25684147,45.25684147,57.25684147,69.25684147,47391,6,144745,24124.16667,23266.83333,226.7414705,26.687,-1,1,ps6,1,0.99978,0.9989,0.9842,1,1,1,0.03812329466,887.008343,8.644131892,456.416,5.22698,OK,
27761,HMSDIS,phase2,bigtable/rsidis_bigtable_phase2.csv,HMSDIS,LH2,8.581,-3.254,-2.738,,-1,-1,,,nan,nan,nan,nan,nan,nan,nan,nan,nan,nan,nan,nan,0,nan,nan,nan,nan,nan,nan,nan,,nan,nan,nan,nan,1,1,nan,nan,nan,nan,nan,nan,SKIPPED_UNSUPPORTED_RUN_TYPE,ONLY_PI_SIDIS_AND_PI_PLUS_SIDIS_ARE_SUPPORTED
27763,PI-SIDIS,phase2,bigtable/rsidis_bigtable_phase2.csv,PI-SIDIS,Dummy,8.581,-3.254,-2.738,/lustre24/expphy/volatile/hallc/c-rsidis/pdbforce/replay/ROOTfiles/coin_replay_production_27763_-1.root,499806,64760,TWO_STAGE_GAUSSIAN_FIT,,51.2768133,0.003924258342,0.3330358766,0.003482578538,4,49.2768133,53.2768133,33.2768133,45.2768133,57.2768133,69.2768133,11329,6,21083,3513.833333,7815.166667,109.1541978,53.265,-1,1,ps6,1,0.99977,0.9993,0.9862,1,1,1,0.01905447916,148.9139304,2.079876387,166.795,1.9877,OK,
27765,PI-SIDIS,phase2,bigtable/rsidis_bigtable_phase2.csv,PI-SIDIS,Dummy,8.581,-3.254,-2.738,/lustre24/expphy/volatile/hallc/c-rsidis/pdbforce/replay/ROOTfiles/coin_replay_production_27765_-1.root,185167,25316,TWO_STAGE_GAUSSIAN_FIT,,51.42207414,0.008681579141,0.3590312591,0.008849893137,4,49.42207414,53.42207414,33.42207414,45.42207414,57.42207414,69.42207414,2975,6,8457,1409.5,1565.5,56.65612647,10.635,-1,1,ps6,1,0.99941,0.9993,0.9826,1,1,1,0.095817794,150.0027565,5.428665055,166.451,4.9036,OK,
27796,PI+SIDIS,phase2,bigtable/rsidis_bigtable_phase2.csv,PI+SIDIS,Dummy,8.581,-3.254,2.766,/lustre24/expphy/volatile/hallc/c-rsidis/pdbforce/replay/ROOTfiles/coin_replay_production_27796_-1.root,426551,44760,TWO_STAGE_GAUSSIAN_FIT,,51.19030972,0.004236846942,0.3605707978,0.004299063147,4,49.19030972,53.19030972,33.19030972,45.19030972,57.19030972,69.19030972,10997,6,13076,2179.333333,8817.666667,106.5843432,88.857,-1,1,ps6,1,0.99991,0.9995,0.9864,1,1,1,0.01141593743,100.6619309,1.216760193,112.194,1.20902,OK,
27798,HMSDIS,phase2,bigtable/rsidis_bigtable_phase2.csv,HMSDIS,Dummy,8.581,-3.254,2.766,,-1,-1,,,nan,nan,nan,nan,nan,nan,nan,nan,nan,nan,nan,nan,0,nan,nan,nan,nan,nan,nan,nan,,nan,nan,nan,nan,1,1,nan,nan,nan,nan,nan,nan,SKIPPED_UNSUPPORTED_RUN_TYPE,ONLY_PI_SIDIS_AND_PI_PLUS_SIDIS_ARE_SUPPORTED
27806,PI-SIDIS,phase2,bigtable/rsidis_bigtable_phase2.csv,PI-SIDIS,Dummy,8.581,-3.254,-2.766,/lustre24/expphy/volatile/hallc/c-rsidis/pdbforce/replay/ROOTfiles/coin_replay_production_27806_-1.root,527390,70258,TWO_STAGE_GAUSSIAN_FIT,,51.22857155,0.006660238612,0.4792968098,0.006380061965,4,49.22857155,53.22857155,33.22857155,45.22857155,57.22857155,69.22857155,8542,6,23905,3984.166667,4557.833333,95.94804728,67.549,-1,1,ps6,1,0.9998,0.9995,0.9843,1,1,1,0.01505073329,68.5987339,1.44408847,77.1213,1.31022,OK,
27811,PI-SIDIS,phase2,bigtable/rsidis_bigtable_phase2.csv,PI-SIDIS,LH2,8.581,-3.254,-2.766,/lustre24/expphy/volatile/hallc/c-rsidis/pdbforce/replay/ROOTfiles/coin_replay_production_27811_-1.root,557416,74920,TWO_STAGE_GAUSSIAN_FIT,,51.21719948,0.005233091649,0.4711269217,0.004828885614,4,49.21719948,53.21719948,33.21719948,45.21719948,57.21719948,69.21719948,12296,6,24347,4057.833333,8238.166667,113.8960296,42.304,-1,1,ps6,1,0.99981,0.9994,0.9874,1,1,1,0.0239589964,197.3782055,2.728834563,220.756,2.5983,OK,
27816,PI-SIDIS,phase2,bigtable/rsidis_bigtable_phase2.csv,PI-SIDIS,LH2,8.581,-3.254,-2.766,/lustre24/expphy/volatile/hallc/c-rsidis/pdbforce/replay/ROOTfiles/coin_replay_production_27816_-1.root,663688,89647,TWO_STAGE_GAUSSIAN_FIT,,51.14780487,0.005153341049,0.477351242,0.004423068251,4,49.14780487,53.14780487,33.14780487,45.14780487,57.14780487,69.14780487,12387,6,29844,4974,7413,114.9608629,39.571,-1,1,ps6,1,0.9996,0.9993,0.9858,1,1,1,0.02566327193,190.2418348,2.950271886,218.056,2.76204,OK,
27819,PI-SIDIS,phase2,bigtable/rsidis_bigtable_phase2.csv,PI-SIDIS,LH2,8.581,-3.254,-2.766,/lustre24/expphy/volatile/hallc/c-rsidis/pdbforce/replay/ROOTfiles/coin_replay_production_27819_-1.root,329534,43853,TWO_STAGE_GAUSSIAN_FIT,,51.08995207,0.005961757877,0.4627426048,0.005100079435,4,49.08995207,53.08995207,33.08995207,45.08995207,57.08995207,69.08995207,9090,6,13530,2255,6835,97.29251427,34.779,-1,1,ps6,1,0.99991,0.9994,0.9886,1,1,1,0.02910462758,198.9301295,2.831662394,224.25,2.78191,OK,
27833,PI-SIDIS,phase2,bigtable/rsidis_bigtable_phase2.csv,PI-SIDIS,LH2,8.581,-3.254,-2.806,/lustre24/expphy/volatile/hallc/c-rsidis/pdbforce/replay/ROOTfiles/coin_replay_production_27833_-1.root,414974,55102,TWO_STAGE_GAUSSIAN_FIT,,51.22071043,0.006439871486,0.4747734534,0.006038404866,4,49.22071043,53.22071043,33.22071043,45.22071043,57.22071043,69.22071043,8401,6,18259,3043.166667,5357.833333,94.3832318,73.262,-1,1,ps6,1,0.99982,0.9994,0.9847,1,1,1,0.0138725445,74.32678134,1.309335583,84.0973,1.24258,OK,
27857,HMSDIS,phase2,bigtable/rsidis_bigtable_phase2.csv,HMSDIS,LH2,8.581,-3.254,2.806,,-1,-1,,,nan,nan,nan,nan,nan,nan,nan,nan,nan,nan,nan,nan,0,nan,nan,nan,nan,nan,nan,nan,,nan,nan,nan,nan,1,1,nan,nan,nan,nan,nan,nan,SKIPPED_UNSUPPORTED_RUN_TYPE,ONLY_PI_SIDIS_AND_PI_PLUS_SIDIS_ARE_SUPPORTED
27888,PI+SIDIS,phase2,bigtable/rsidis_bigtable_phase2.csv,PI+SIDIS,LH2,8.581,-3.254,2.978,/lustre24/expphy/volatile/hallc/c-rsidis/pdbforce/replay/ROOTfiles/coin_replay_production_27888_-1.root,137748,12076,TWO_STAGE_GAUSSIAN_FIT,,51.25065433,0.0095068415,0.4941711557,0.009253038571,4,49.25065433,53.25065433,33.25065433,45.25065433,57.25065433,69.25065433,3805,6,3225,537.5,3267.5,62.40659687,62.642,-1,1,ps6,1,0.99997,0.9996,0.9789,1,1,1,0.01631484071,53.30874202,1.018153687,58.8727,1.02766,OK,
27936,PI-SIDIS,phase2,bigtable/rsidis_bigtable_phase2.csv,PI-SIDIS,LH2,8.581,-3.254,-3.837,/lustre24/expphy/volatile/hallc/c-rsidis/pdbforce/replay/ROOTfiles/coin_replay_production_27936_-1.root,51438,4133,TWO_STAGE_GAUSSIAN_FIT,,51.17518424,0.01124060534,0.4429312335,0.01130581819,4,49.17518424,53.17518424,33.17518424,45.17518424,57.17518424,69.17518424,2232,6,726,121,2111,47.45699808,89.077,-1,1,ps6,1,0.99998,0.9995,0.9846,1,1,1,0.01140776258,24.0817868,0.5413781668,22.7602,0.518122,OK,
27948,PI-SIDIS,phase2,bigtable/rsidis_bigtable_phase2.csv,PI-SIDIS,LH2,8.581,-3.254,-3.837,/lustre24/expphy/volatile/hallc/c-rsidis/pdbforce/replay/ROOTfiles/coin_replay_production_27948_-1.root,91035,7334,TWO_STAGE_GAUSSIAN_FIT,,51.16144408,0.008860099936,0.4455357389,0.0087582198,4,49.16144408,53.16144408,33.16144408,45.16144408,57.16144408,69.16144408,3752,6,1440,240,3512,61.57921727,155.67,-1,1,ps6,1,0.99998,0.9994,0.9844,1,1,1,0.006529693714,22.93228432,0.4020934279,21.8457,0.384803,OK,
28012,HMSDIS,phase2,bigtable/rsidis_bigtable_phase2.csv,HMSDIS,C,8.581,-3.254,-2.978,,-1,-1,,,nan,nan,nan,nan,nan,nan,nan,nan,nan,nan,nan,nan,0,nan,nan,nan,nan,nan,nan,nan,,nan,nan,nan,nan,1,1,nan,nan,nan,nan,nan,nan,SKIPPED_UNSUPPORTED_RUN_TYPE,ONLY_PI_SIDIS_AND_PI_PLUS_SIDIS_ARE_SUPPORTED
28048,PI+SIDIS,phase2,bigtable/rsidis_bigtable_phase2.csv,PI+SIDIS,Dummy,8.581,3.254,2.806,/lustre24/expphy/volatile/hallc/c-rsidis/pdbforce/replay/ROOTfiles/coin_replay_production_28048_-1.root,38284,9,PRIOR_ELEC_AVERAGE,27994;27993;27992;27990;27989,51.31676,0.01032930782,0.4843454,0.003645952435,4,49.31676,53.31676,33.31676,45.31676,57.31676,69.31676,1,6,5,0.8333333333,0.1666666667,1.067187373,48.415,-1,1,ps6,1,1,1,0.9767,1,1,1,0.02114749233,0.003524582055,0.02256833678,0.0374148,0.0300395,OK,
28059,PI-SIDIS,phase2,bigtable/rsidis_bigtable_phase2.csv,PI-SIDIS,Dummy,8.581,3.254,-2.766,/lustre24/expphy/volatile/hallc/c-rsidis/pdbforce/replay/ROOTfiles/coin_replay_production_28059_-1.root,86864,48,PRIOR_ELEC_AVERAGE,27994;27993;27992;27990;27989,51.31676,0.01032930782,0.4843454,0.003645952435,4,49.31676,53.31676,33.31676,45.31676,57.31676,69.31676,9,6,16,2.666666667,6.333333333,3.073181486,46.044,-1,1,ps6,1,0.99996,0.9888,0.9846,1,1,1,0.02230879115,0.1412890106,0.06855896393,0.190482,0.0746236,OK,
28078,PI-SIDIS,phase2,bigtable/rsidis_bigtable_phase2.csv,PI-SIDIS,Dummy,8.581,3.254,-2.738,/lustre24/expphy/volatile/hallc/c-rsidis/pdbforce/replay/ROOTfiles/coin_replay_production_28078_-1.root,682916,895,PRIOR_ELEC_AVERAGE,27994;27993;27992;27990;27989,51.31676,0.01032930782,0.4843454,0.003645952435,4,49.31676,53.31676,33.31676,45.31676,57.31676,69.31676,79,6,317,52.83333333,26.16666667,9.370461865,63.57,-1,1,ps6,1,0.99973,0.9937,0.9805,1,1,1,0.0161496151,0.4225815951,0.1513293524,0.289451,0.116979,OK,
28086,SHMSHEEP,phase2,bigtable/rsidis_bigtable_phase2.csv,HEEP,Dummy,8.581,2.28,-7.07,,-1,-1,,,nan,nan,nan,nan,nan,nan,nan,nan,nan,nan,nan,nan,0,nan,nan,nan,nan,nan,nan,nan,,nan,nan,nan,nan,1,1,nan,nan,nan,nan,nan,nan,SKIPPED_UNSUPPORTED_RUN_TYPE,ONLY_PI_SIDIS_AND_PI_PLUS_SIDIS_ARE_SUPPORTED
28091,HMSHEEP,phase2,bigtable/rsidis_bigtable_phase2.csv,HEEP,LH2,8.581,-5.44,3.99,,-1,-1,,,nan,nan,nan,nan,nan,nan,nan,nan,nan,nan,nan,nan,0,nan,nan,nan,nan,nan,nan,nan,,nan,nan,nan,nan,1,1,nan,nan,nan,nan,nan,nan,SKIPPED_UNSUPPORTED_RUN_TYPE,ONLY_PI_SIDIS_AND_PI_PLUS_SIDIS_ARE_SUPPORTED
28108,PI+SIDIS,phase2,bigtable/rsidis_bigtable_phase2.csv,PI+SIDIS,LH2,10.676,-5.343,5.051,/lustre24/expphy/volatile/hallc/c-rsidis/pdbforce/replay/ROOTfiles/coin_replay_production_28108_-1.root,384636,55437,TWO_STAGE_GAUSSIAN_FIT,,51.25573894,0.001902937867,0.3598549636,0.001826388162,4,49.25573894,53.25573894,33.25573894,45.25573894,57.25573894,69.25573894,47907,6,2943,490.5,47416.5,219.063347,111.59,-1,1,ps6,1,0.99992,0.9989,0.9881,1,1,1,0.00908001477,430.5425203,1.989098426,434.394,1.99773,OK,
28112,PI+SIDIS,phase2,bigtable/rsidis_bigtable_phase2.csv,PI+SIDIS,LH2,10.676,-5.343,2.806,/lustre24/expphy/volatile/hallc/c-rsidis/pdbforce/replay/ROOTfiles/coin_replay_production_28112_-1.root,2858311,242946,TWO_STAGE_GAUSSIAN_FIT,,51.25007703,0.001919489784,0.3760099672,0.00192496049,4,49.25007703,53.25007703,33.25007703,45.25007703,57.25007703,69.25007703,54226,6,71646,11941,42285,237.0994869,80.905,1,-1,ps5,1,0.99873,0.9988,0.9733,1,1,1,0.01273067072,538.3164114,3.018435495,608.484,3.24532,OK,
28125,PI+SIDIS,phase2,bigtable/rsidis_bigtable_phase2.csv,PI+SIDIS,LD2,10.676,-5.343,2.806,/lustre24/expphy/volatile/hallc/c-rsidis/pdbforce/replay/ROOTfiles/coin_replay_production_28125_-1.root,1601016,204057,TWO_STAGE_GAUSSIAN_FIT,,51.23492742,0.002395311605,0.3715558839,0.002383441437,4,49.23492742,53.23492742,33.23492742,45.23492742,57.23492742,69.23492742,33533,6,64625,10770.83333,22762.16667,187.9578115,25.764,-1,1,ps6,1,0.99939,0.9992,0.9847,1,1,1,0.03947256483,898.4810994,7.419176898,1012.25,7.97618,OK,
28134,PI+SIDIS,phase2,bigtable/rsidis_bigtable_phase2.csv,PI+SIDIS,LD2,10.676,-5.343,2.806,/lustre24/expphy/volatile/hallc/c-rsidis/pdbforce/replay/ROOTfiles/coin_replay_production_28134_-1.root,1692069,215178,TWO_STAGE_GAUSSIAN_FIT,,51.21192617,0.002336603331,0.370360548,0.002351470063,4,49.21192617,53.21192617,33.21192617,45.21192617,57.21192617,69.21192617,34468,6,68834,11472.33333,22995.66667,190.7355645,26.392,-1,1,ps6,1,0.99939,0.9991,0.9847,1,1,1,0.03853716842,886.1878793,7.350408572,1003.4,7.90886,OK,
28139,PI-SIDIS,phase2,bigtable/rsidis_bigtable_phase2.csv,PI-SIDIS,LH2,10.676,-5.343,-2.806,/lustre24/expphy/volatile/hallc/c-rsidis/pdbforce/replay/ROOTfiles/coin_replay_production_28139_-1.root,1020734,171265,TWO_STAGE_GAUSSIAN_FIT,,51.23980078,0.002888212592,0.3576023968,0.002788130477,4,49.23980078,53.23980078,33.23980078,45.23980078,57.23980078,69.23980078,20442,6,58231,9705.166667,10736.83333,148.5245023,38.982,-1,1,ps6,1,0.9992,0.9989,0.9861,1,1,1,0.02606396511,279.8444494,3.871137445,319.288,4.16236,OK,
28154,PI-SIDIS,phase2,bigtable/rsidis_bigtable_phase2.csv,PI-SIDIS,LH2,10.676,-5.343,-2.806,/lustre24/expphy/volatile/hallc/c-rsidis/pdbforce/replay/ROOTfiles/coin_replay_production_28154_-1.root,1222620,195332,TWO_STAGE_GAUSSIAN_FIT,,51.26349839,0.002142758736,0.3646914847,0.002091266734,4,49.26349839,53.26349839,33.26349839,45.26349839,57.26349839,69.26349839,39329,6,61359,10226.5,29102.5,202.5670671,111.06,-1,1,ps6,1,0.99971,0.9989,0.9881,1,1,1,0.009125262831,265.5679615,1.848477728,302.339,1.98572,OK,
28180,PI+SIDIS,phase2,bigtable/rsidis_bigtable_phase2.csv,PI+SIDIS,LH2,10.676,-5.343,3.837,/lustre24/expphy/volatile/hallc/c-rsidis/pdbforce/replay/ROOTfiles/coin_replay_production_28180_-1.root,868325,112852,TWO_STAGE_GAUSSIAN_FIT,,51.26081522,0.00261471065,0.3860645396,0.002646576136,4,49.26081522,53.26081522,33.26081522,45.26081522,57.26081522,69.26081522,32171,6,31014,5169,27002,181.7484525,126.04,-1,1,ps6,1,0.99973,0.9992,0.9828,1,1,1,0.00808148754,218.2163266,1.468797855,209.223,1.44228,OK,
28181,PI+SIDIS,phase2,bigtable/rsidis_bigtable_phase2.csv,PI+SIDIS,LH2,10.676,-5.343,3.837,/lustre24/expphy/volatile/hallc/c-rsidis/pdbforce/replay/ROOTfiles/coin_replay_production_28181_-1.root,811640,105637,TWO_STAGE_GAUSSIAN_FIT,,51.31624403,0.002637951881,0.4043796911,0.00250927329,4,49.31624403,53.31624403,33.31624403,45.31624403,57.31624403,69.31624403,30047,6,28934,4822.333333,25224.66667,175.6437366,118,-1,1,ps6,1,0.99972,0.9993,0.9832,1,1,1,0.008627835475,217.6342739,1.515425262,214.317,1.50923,OK,
28182,PI+SIDIS,phase2,bigtable/rsidis_bigtable_phase2.csv,PI+SIDIS,LH2,10.676,-5.343,3.837,/lustre24/expphy/volatile/hallc/c-rsidis/pdbforce/replay/ROOTfiles/coin_replay_production_28182_-1.root,637487,82357,TWO_STAGE_GAUSSIAN_FIT,,51.3100998,0.003036852138,0.4117000848,0.002955795585,4,49.3100998,53.3100998,33.3100998,45.3100998,57.3100998,69.3100998,23891,6,22364,3727.333333,20163.66667,156.563796,94.326,-1,1,ps6,1,0.99976,0.9993,0.9833,1,1,1,0.01079172571,217.60076,1.689593543,213.271,1.6807,OK,
28183,PI+SIDIS,phase2,bigtable/rsidis_bigtable_phase2.csv,PI+SIDIS,LH2,10.676,-5.343,3.837,/lustre24/expphy/volatile/hallc/c-rsidis/pdbforce/replay/ROOTfiles/coin_replay_production_28183_-1.root,857743,111407,TWO_STAGE_GAUSSIAN_FIT,,51.25889817,0.002585560878,0.3856642346,0.002629779303,4,49.25889817,53.25889817,33.25889817,45.25889817,57.25889817,69.25889817,32692,6,30251,5041.833333,27650.16667,183.118283,127.12,-1,1,ps6,1,0.99975,0.9992,0.9829,1,1,1,0.008011852451,221.5290556,1.467116664,216.743,1.45754,OK,
28184,PI+SIDIS,phase2,bigtable/rsidis_bigtable_phase2.csv,PI+SIDIS,Dummy,10.676,-5.343,3.837,/lustre24/expphy/volatile/hallc/c-rsidis/pdbforce/replay/ROOTfiles/coin_replay_production_28184_-1.root,65325,6579,TWO_STAGE_GAUSSIAN_FIT,,51.28606928,0.007529147703,0.3795646095,0.007382577441,4,49.28606928,53.28606928,33.28606928,45.28606928,57.28606928,69.28606928,3735,6,1156,192.6666667,3542.333333,61.37679619,67.595,-1,1,ps6,1,1,0.9995,0.9849,1,1,1,0.015028322,53.23532596,0.9223902564,51.9654,0.910468,OK,
28185,PI+SIDIS,phase2,bigtable/rsidis_bigtable_phase2.csv,PI+SIDIS,Dummy,10.676,-5.343,3.837,/lustre24/expphy/volatile/hallc/c-rsidis/pdbforce/replay/ROOTfiles/coin_replay_production_28185_-1.root,74118,7521,TWO_STAGE_GAUSSIAN_FIT,,51.32290481,0.007007119563,0.3999553751,0.006583738789,4,49.32290481,53.32290481,33.32290481,45.32290481,57.32290481,69.32290481,4186,6,1304,217.3333333,3968.666667,64.97862897,78.118,-1,1,ps6,1,0.99996,0.9994,0.9866,1,1,1,0.01298332116,51.52647391,0.8436384084,50.7172,0.837897,OK,
28186,PI+SIDIS,phase2,bigtable/rsidis_bigtable_phase2.csv,PI+SIDIS,Dummy,10.676,-5.343,3.837,/lustre24/expphy/volatile/hallc/c-rsidis/pdbforce/replay/ROOTfiles/coin_replay_production_28186_-1.root,70189,7076,TWO_STAGE_GAUSSIAN_FIT,,51.34805119,0.007206520931,0.4040091121,0.006638549081,4,49.34805119,53.34805119,33.34805119,45.34805119,57.34805119,69.34805119,3974,6,1197,199.5,3774.5,63.30284354,72.787,-1,1,ps6,1,0.99999,0.9993,0.9842,1,1,1,0.01396919163,52.72671381,0.8842895521,51.9726,0.879869,OK,
28187,PI+SIDIS,phase2,bigtable/rsidis_bigtable_phase2.csv,PI+SIDIS,LH2,10.676,-5.343,2.978,/lustre24/expphy/volatile/hallc/c-rsidis/pdbforce/replay/ROOTfiles/coin_replay_production_28187_-1.root,933598,110753,TWO_STAGE_GAUSSIAN_FIT,,51.23746368,0.003418087411,0.4032399463,0.003638379505,4,49.23746368,53.23746368,33.23746368,45.23746368,57.23746368,69.23746368,20990,6,33922,5653.666667,15336.33333,148.0955022,84.316,-1,1,ps6,1,0.99968,0.9992,0.9801,1,1,1,0.01211451932,185.7923064,1.794105822,208.322,1.93553,OK,
28188,PI+SIDIS,phase2,bigtable/rsidis_bigtable_phase2.csv,PI+SIDIS,LH2,10.676,-5.343,2.978,/lustre24/expphy/volatile/hallc/c-rsidis/pdbforce/replay/ROOTfiles/coin_replay_production_28188_-1.root,1016255,121622,TWO_STAGE_GAUSSIAN_FIT,,51.22192905,0.003151627685,0.3957140149,0.003315490888,4,49.22192905,53.22192905,33.22192905,45.22192905,57.22192905,69.22192905,23119,6,37367,6227.833333,16891.16667,155.4251338,91.897,-1,1,ps6,1,0.99972,0.9992,0.9796,1,1,1,0.01112036606,187.8359566,1.728384383,210.114,1.86114,OK,
28189,PI+SIDIS,phase2,bigtable/rsidis_bigtable_phase2.csv,PI+SIDIS,LH2,10.676,-5.343,2.978,/lustre24/expphy/volatile/hallc/c-rsidis/pdbforce/replay/ROOTfiles/coin_replay_production_28189_-1.root,961074,114631,TWO_STAGE_GAUSSIAN_FIT,,51.26630278,0.003219884396,0.3894184058,0.003255001498,4,49.26630278,53.26630278,33.26630278,45.26630278,57.26630278,69.26630278,21777,6,35129,5854.833333,15922.16667,150.8403313,86.879,-1,1,ps6,1,0.9997,0.9993,0.9796,1,1,1,0.01176171984,187.2720636,1.774141718,209.743,1.908,OK,
28190,PI+SIDIS,phase2,bigtable/rsidis_bigtable_phase2.csv,PI+SIDIS,LH2,10.676,-5.343,2.978,/lustre24/expphy/volatile/hallc/c-rsidis/pdbforce/replay/ROOTfiles/coin_replay_production_28190_-1.root,1015842,121923,TWO_STAGE_GAUSSIAN_FIT,,51.27165194,0.003065316736,0.3837973473,0.003064001508,4,49.27165194,53.27165194,33.27165194,45.27165194,57.27165194,69.27165194,23063,6,37690,6281.666667,16781.33333,155.2737726,91.808,-1,1,ps6,1,0.99968,0.9993,0.9797,1,1,1,0.01112934164,186.7651919,1.728094863,209.837,1.86128,OK,
28191,PI+SIDIS,phase2,bigtable/rsidis_bigtable_phase2.csv,PI+SIDIS,Dummy,10.676,-5.343,2.978,/lustre24/expphy/volatile/hallc/c-rsidis/pdbforce/replay/ROOTfiles/coin_replay_production_28191_-1.root,143314,13084,TWO_STAGE_GAUSSIAN_FIT,,51.29188752,0.006919829812,0.3737971512,0.006520478782,4,49.29188752,53.29188752,33.29188752,45.29188752,57.29188752,69.29188752,4426,6,3384,564,3862,67.23094526,89.093,-1,1,ps6,1,0.99998,0.9994,0.9829,1,1,1,0.01142658416,44.12946803,0.7682200543,48.8011,0.81737,OK,
28192,PI+SIDIS,phase2,bigtable/rsidis_bigtable_phase2.csv,PI+SIDIS,Dummy,10.676,-5.343,2.978,/lustre24/expphy/volatile/hallc/c-rsidis/pdbforce/replay/ROOTfiles/coin_replay_production_28192_-1.root,99953,9003,TWO_STAGE_GAUSSIAN_FIT,,51.29126193,0.009051774629,0.3986983785,0.009528617323,4,49.29126193,53.29126193,33.29126193,45.29126193,57.29126193,69.29126193,3038,6,2319,386.5,2651.5,55.69934171,61.688,-1,1,ps6,1,0.99996,0.9993,0.9836,1,1,1,0.01649309933,43.73145287,0.9186547754,49.2759,0.981451,OK,
28193,PI+SIDIS,phase2,bigtable/rsidis_bigtable_phase2.csv,PI+SIDIS,C,10.676,-5.343,2.978,/lustre24/expphy/volatile/hallc/c-rsidis/pdbforce/replay/ROOTfiles/coin_replay_production_28193_-1.root,781895,81863,TWO_STAGE_GAUSSIAN_FIT,,51.24054399,0.004096970726,0.3983941094,0.00429330023,4,49.24054399,53.24054399,33.24054399,45.24054399,57.24054399,69.24054399,14219,6,25454,4242.333333,9976.666667,122.1722373,64.733,-1,1,ps6,1,0.99972,0.9994,0.9794,1,1,1,0.01578688481,157.5004875,1.928719037,176.903,2.09044,OK,
28194,PI+SIDIS,phase2,bigtable/rsidis_bigtable_phase2.csv,PI+SIDIS,C,10.676,-5.343,2.978,/lustre24/expphy/volatile/hallc/c-rsidis/pdbforce/replay/ROOTfiles/coin_replay_production_28194_-1.root,813849,85773,TWO_STAGE_GAUSSIAN_FIT,,51.23669925,0.003956793117,0.3972428427,0.00418288447,4,49.23669925,53.23669925,33.23669925,45.23669925,57.23669925,69.23669925,14968,6,27044,4507.333333,10460.66667,125.3763224,67.563,-1,1,ps6,1,0.99971,0.9993,0.9789,1,1,1,0.01513501384,158.3223348,1.897572375,179.014,2.05086,OK,
28195,PI+SIDIS,phase2,bigtable/rsidis_bigtable_phase2.csv,PI+SIDIS,C,10.676,-5.343,2.978,/lustre24/expphy/volatile/hallc/c-rsidis/pdbforce/replay/ROOTfiles/coin_replay_production_28195_-1.root,928634,97852,TWO_STAGE_GAUSSIAN_FIT,,51.23032294,0.003642203104,0.3941029507,0.003864195522,4,49.23032294,53.23032294,33.23032294,45.23032294,57.23032294,69.23032294,17227,6,30878,5146.333333,12080.66667,134.4794491,76.619,-1,1,ps6,1,0.99976,0.9993,0.9789,1,1,1,0.01334546,161.2220537,1.794690108,182.847,1.9416,OK,
28196,PI+SIDIS,phase2,bigtable/rsidis_bigtable_phase2.csv,PI+SIDIS,Cu,10.676,-5.343,2.978,/lustre24/expphy/volatile/hallc/c-rsidis/pdbforce/replay/ROOTfiles/coin_replay_production_28196_-1.root,651884,59677,TWO_STAGE_GAUSSIAN_FIT,,51.22609087,0.005056172314,0.3931070897,0.005327178642,4,49.22609087,53.22609087,33.22609087,45.22609087,57.22609087,69.22609087,8877,6,19301,3216.833333,5660.166667,97.02133213,69.982,-1,1,ps6,1,0.99979,0.9993,0.9772,1,1,1,0.01463610498,82.84279352,1.420014402,92.6391,1.54456,OK,
28197,PI+SIDIS,phase2,bigtable/rsidis_bigtable_phase2.csv,PI+SIDIS,Cu,10.676,-5.343,2.978,/lustre24/expphy/volatile/hallc/c-rsidis/pdbforce/replay/ROOTfiles/coin_replay_production_28197_-1.root,651009,59517,TWO_STAGE_GAUSSIAN_FIT,,51.23329855,0.005050017069,0.3946850012,0.005373453527,4,49.23329855,53.23329855,33.23329855,45.23329855,57.23329855,69.23329855,8955,6,19327,3221.166667,5733.833333,97.42618288,70.548,-1,1,ps6,1,0.9998,0.9993,0.9774,1,1,1,0.01451556481,83.22982937,1.414196072,94.9415,1.54103,OK,
28198,PI+SIDIS,phase2,bigtable/rsidis_bigtable_phase2.csv,PI+SIDIS,Cu,10.676,-5.343,2.978,/lustre24/expphy/volatile/hallc/c-rsidis/pdbforce/replay/ROOTfiles/coin_replay_production_28198_-1.root,699700,64379,TWO_STAGE_GAUSSIAN_FIT,,51.23613263,0.004806680105,0.3905084226,0.004898877941,4,49.23613263,53.23613263,33.23613263,45.23613263,57.23613263,69.23613263,9615,6,21103,3517.166667,6097.833333,101.0009626,75.135,-1,1,ps6,1,0.99978,0.9993,0.9771,1,1,1,0.01363384536,83.13691672,1.377031505,93.8118,1.49389,OK,
28199,PI+SIDIS,phase2,bigtable/rsidis_bigtable_phase2.csv,PI+SIDIS,LD2,10.676,-5.343,2.978,/lustre24/expphy/volatile/hallc/c-rsidis/pdbforce/replay/ROOTfiles/coin_replay_production_28199_-1.root,869410,98943,TWO_STAGE_GAUSSIAN_FIT,,51.23724982,0.003509501967,0.38657071,0.003592047236,4,49.23724982,53.23724982,33.23724982,45.23724982,57.23724982,69.23724982,17423,6,30843,5140.5,12282.5,135.2026257,42.726,-1,1,ps6,1,0.99972,0.9992,0.9792,1,1,1,0.02392795334,293.8950869,3.23512212,330.263,3.49382,OK,
28200,PI+SIDIS,phase2,bigtable/rsidis_bigtable_phase2.csv,PI+SIDIS,LD2,10.676,-5.343,2.978,/lustre24/expphy/volatile/hallc/c-rsidis/pdbforce/replay/ROOTfiles/coin_replay_production_28200_-1.root,951048,107986,TWO_STAGE_GAUSSIAN_FIT,,51.23152748,0.003466212849,0.3940489441,0.003635018736,4,49.23152748,53.23152748,33.23152748,45.23152748,57.23152748,69.23152748,18879,6,33881,5646.833333,13232.16667,140.784015,46.701,-1,1,ps6,1,0.9997,0.9993,0.9798,1,1,1,0.0218761456,289.4688046,3.079811611,322.612,3.32114,OK,
28201,PI+SIDIS,phase2,bigtable/rsidis_bigtable_phase2.csv,PI+SIDIS,LD2,10.676,-5.343,2.978,/lustre24/expphy/volatile/hallc/c-rsidis/pdbforce/replay/ROOTfiles/coin_replay_production_28201_-1.root,947404,107972,TWO_STAGE_GAUSSIAN_FIT,,51.22832854,0.003532978491,0.3988382845,0.003769281478,4,49.22832854,53.22832854,33.22832854,45.22832854,57.22832854,69.22832854,18926,6,33834,5639,13287,140.9462072,46.313,-1,1,ps6,1,0.9997,0.9994,0.9796,1,1,1,0.02206171512,293.1340088,3.109515071,331.095,3.36349,OK,
28202,PI+SIDIS,phase2,bigtable/rsidis_bigtable_phase2.csv,PI+SIDIS,LD2,10.676,-5.343,2.978,/lustre24/expphy/volatile/hallc/c-rsidis/pdbforce/replay/ROOTfiles/coin_replay_production_28202_-1.root,907670,102946,TWO_STAGE_GAUSSIAN_FIT,,51.23205289,0.003546547624,0.3954351276,0.003713847122,4,49.23205289,53.23205289,33.23205289,45.23205289,57.23205289,69.23205289,18183,6,32139,5356.5,12826.5,138.1149883,44.491,-1,1,ps6,1,0.99971,0.9993,0.9792,1,1,1,0.02297663918,294.7098624,3.173418252,325.213,3.41287,OK,
28203,PI+SIDIS,phase2,bigtable/rsidis_bigtable_phase2.csv,PI+SIDIS,LD2,10.676,-5.343,2.978,/lustre24/expphy/volatile/hallc/c-rsidis/pdbforce/replay/ROOTfiles/coin_replay_production_28203_-1.root,863891,98209,TWO_STAGE_GAUSSIAN_FIT,,51.23367834,0.003557743252,0.3876284077,0.003718597135,4,49.23367834,53.23367834,33.23367834,45.23367834,57.23367834,69.23367834,17109,6,30793,5132.166667,11976.83333,134.0311945,42.42,-1,1,ps6,1,0.9997,0.9993,0.9792,1,1,1,0.02409862987,288.6252736,3.229968149,325.144,3.48831,OK,
28204,PI+SIDIS,phase2,bigtable/rsidis_bigtable_phase2.csv,PI+SIDIS,LD2,10.676,-5.343,2.978,/lustre24/expphy/volatile/hallc/c-rsidis/pdbforce/replay/ROOTfiles/coin_replay_production_28204_-1.root,577447,64816,TWO_STAGE_GAUSSIAN_FIT,,51.22762662,0.004363116533,0.3891869817,0.004550634459,4,49.22762662,53.22762662,33.22762662,45.22762662,57.22762662,69.22762662,11531,6,20133,3355.5,8175.5,109.9556729,28.158,-1,1,ps6,1,0.99972,0.9993,0.9799,1,1,1,0.03627790255,296.5899923,3.988961185,331.158,4.30265,OK,
28205,PI+SIDIS,phase2,bigtable/rsidis_bigtable_phase2.csv,PI+SIDIS,LD2,10.676,-5.343,2.978,/lustre24/expphy/volatile/hallc/c-rsidis/pdbforce/replay/ROOTfiles/coin_replay_production_28205_-1.root,1214373,138193,TWO_STAGE_GAUSSIAN_FIT,,51.22292505,0.003096622218,0.3976435455,0.003260005443,4,49.22292505,53.22292505,33.22292505,45.22292505,57.22292505,69.22292505,24396,6,43117,7186.166667,17209.83333,159.9802939,59.343,-1,1,ps6,1,0.99972,0.9994,0.9801,1,1,1,0.01720847509,296.1549882,2.753016903,335.349,2.97687,OK,
28206,PI+SIDIS,phase2,bigtable/rsidis_bigtable_phase2.csv,PI+SIDIS,Dummy,10.676,-5.343,2.978,/lustre24/expphy/volatile/hallc/c-rsidis/pdbforce/replay/ROOTfiles/coin_replay_production_28206_-1.root,148347,13447,TWO_STAGE_GAUSSIAN_FIT,,51.31492999,0.006873813486,0.4009226793,0.006746655942,4,49.31492999,53.31492999,33.31492999,45.31492999,57.31492999,69.31492999,4371,6,3514,585.6666667,3785.333333,66.84767095,90.682,-1,1,ps6,1,0.99995,0.9994,0.9824,1,1,1,0.01123240945,42.51841392,0.7508604112,48.3314,0.805352,OK,
28207,PI+SIDIS,phase2,bigtable/rsidis_bigtable_phase2.csv,PI+SIDIS,C,10.676,-5.343,2.978,/lustre24/expphy/volatile/hallc/c-rsidis/pdbforce/replay/ROOTfiles/coin_replay_production_28207_-1.root,864725,90488,TWO_STAGE_GAUSSIAN_FIT,,51.26113779,0.003764131,0.3897896301,0.003872526628,4,49.26113779,53.26113779,33.26113779,45.26113779,57.26113779,69.26113779,15956,6,28320,4720,11236,129.3934568,72.43,-1,1,ps6,1,0.99974,0.9993,0.9797,1,1,1,0.01410605103,158.4955894,1.825230705,176.939,1.96873,OK,
28208,PI+SIDIS,phase2,bigtable/rsidis_bigtable_phase2.csv,PI+SIDIS,Cu,10.676,-5.343,2.978,/lustre24/expphy/volatile/hallc/c-rsidis/pdbforce/replay/ROOTfiles/coin_replay_production_28208_-1.root,585420,53151,TWO_STAGE_GAUSSIAN_FIT,,51.24177584,0.005325445525,0.3920382347,0.005578643227,4,49.24177584,53.24177584,33.24177584,45.24177584,57.24177584,69.24177584,7999,6,17086,2847.666667,5151.333333,92.05221948,63.559,-1,1,ps6,1,0.9998,0.9993,0.9787,1,1,1,0.01609030721,82.88653589,1.481148491,94.0776,1.61898,OK,
28209,PI+SIDIS,phase2,bigtable/rsidis_bigtable_phase2.csv,PI+SIDIS,Cu,10.676,-5.343,2.978,/lustre24/expphy/volatile/hallc/c-rsidis/pdbforce/replay/ROOTfiles/coin_replay_production_28209_-1.root,859692,78616,TWO_STAGE_GAUSSIAN_FIT,,51.23575579,0.00435783541,0.3931729113,0.004564629581,4,49.23575579,53.23575579,33.23575579,45.23575579,57.23575579,69.23575579,11880,6,25555,4259.166667,7620.833333,112.2045503,93.713,-1,1,ps6,1,0.99982,0.9993,0.9781,1,1,1,0.01091941049,83.21500747,1.225207544,93.8577,1.33156,OK,
28210,PI+SIDIS,phase2,bigtable/rsidis_bigtable_phase2.csv,PI+SIDIS,LH2,10.676,-5.343,2.978,/lustre24/expphy/volatile/hallc/c-rsidis/pdbforce/replay/ROOTfiles/coin_replay_production_28210_-1.root,898614,107253,TWO_STAGE_GAUSSIAN_FIT,,51.21528227,0.003357554628,0.3951603599,0.003549171436,4,49.21528227,53.21528227,33.21528227,45.21528227,57.21528227,69.21528227,20273,6,33209,5534.833333,14738.16667,145.5866485,81.6,-1,1,ps6,1,0.99968,0.9993,0.9796,1,1,1,0.0125228787,184.5642734,1.823163939,207.86,1.96381,OK,
28211,PI+SIDIS,phase2,bigtable/rsidis_bigtable_phase2.csv,PI+SIDIS,LH2,10.676,-5.343,2.978,/lustre24/expphy/volatile/hallc/c-rsidis/pdbforce/replay/ROOTfiles/coin_replay_production_28211_-1.root,426624,50185,TWO_STAGE_GAUSSIAN_FIT,,51.25542294,0.004464558712,0.3879806407,0.004576279622,4,49.25542294,53.25542294,33.25542294,45.25542294,57.25542294,69.25542294,11087,6,15001,2500.166667,8586.833333,107.255277,45.714,-1,1,ps6,1,0.9998,0.9994,0.9811,1,1,1,0.02231439019,191.6099495,2.3933361,216.364,2.57363,OK,
28212,PI+SIDIS,phase2,bigtable/rsidis_bigtable_phase2.csv,PI+SIDIS,LH2,10.676,-5.343,2.978,/lustre24/expphy/volatile/hallc/c-rsidis/pdbforce/replay/ROOTfiles/coin_replay_production_28212_-1.root,356016,41107,TWO_STAGE_GAUSSIAN_FIT,,51.30567193,0.004338954017,0.3709175619,0.004267372918,4,49.30567193,53.30567193,33.30567193,45.30567193,57.30567193,69.30567193,10690,6,11682,1947,8743,104.9499881,46.567,-1,1,ps6,1,0.99987,0.9995,0.982,1,1,1,0.0218818439,191.3129612,2.296499257,212.176,2.45176,OK,
28213,PI+SIDIS,phase2,bigtable/rsidis_bigtable_phase2.csv,PI+SIDIS,LH2,10.676,-5.343,2.978,/lustre24/expphy/volatile/hallc/c-rsidis/pdbforce/replay/ROOTfiles/coin_replay_production_28213_-1.root,175176,19157,TWO_STAGE_GAUSSIAN_FIT,,51.31821397,0.005685173082,0.3674183852,0.005414391802,4,49.31821397,53.31821397,33.31821397,45.31821397,57.31821397,69.31821397,6278,6,4953,825.5,5452.5,80.09733662,29.101,-1,1,ps6,1,0.99995,0.9996,0.9834,1,1,1,0.03495886716,190.6132232,2.800112151,214.549,2.99502,OK,
28214,PI+SIDIS,phase2,bigtable/rsidis_bigtable_phase2.csv,PI+SIDIS,LH2,10.676,-5.343,2.978,/lustre24/expphy/volatile/hallc/c-rsidis/pdbforce/replay/ROOTfiles/coin_replay_production_28214_-1.root,94940,8922,TWO_STAGE_GAUSSIAN_FIT,,51.28799934,0.007046401821,0.3776482319,0.007041845889,4,49.28799934,53.28799934,33.28799934,45.28799934,57.28799934,69.28799934,4219,6,1798,299.6666667,3919.333333,65.33715975,20.471,-1,1,ps6,1,0.99999,0.9993,0.9844,1,1,1,0.0496589797,194.6300944,3.24457669,216.191,3.43913,OK,
28215,PI+SIDIS,phase2,bigtable/rsidis_bigtable_phase2.csv,PI+SIDIS,LH2,10.676,-5.343,2.978,/lustre24/expphy/volatile/hallc/c-rsidis/pdbforce/replay/ROOTfiles/coin_replay_production_28215_-1.root,601969,71532,TWO_STAGE_GAUSSIAN_FIT,,51.21655251,0.004050472973,0.3916052405,0.004254284037,4,49.21655251,53.21655251,33.21655251,45.21655251,57.21655251,69.21655251,13598,6,21936,3656,9942,119.1945189,54.372,-1,1,ps6,1,0.99968,0.9994,0.979,1,1,1,0.01880362802,186.9456698,2.241289396,209.341,2.41065,OK,
28216,PI+SIDIS,phase2,bigtable/rsidis_bigtable_phase2.csv,PI+SIDIS,LH2,10.676,-5.343,2.978,/lustre24/expphy/volatile/hallc/c-rsidis/pdbforce/replay/ROOTfiles/coin_replay_production_28216_-1.root,467782,55312,TWO_STAGE_GAUSSIAN_FIT,,51.22537512,0.004149356883,0.3807409644,0.004250191931,4,49.22537512,53.22537512,33.22537512,45.22537512,57.22537512,69.22537512,11848,6,16609,2768.166667,9079.833333,110.9475602,49.984,-1,1,ps6,1,0.99982,0.9994,0.9803,1,1,1,0.02042437729,185.4499418,2.266034829,209.066,2.43935,OK,
28217,PI+SIDIS,phase2,bigtable/rsidis_bigtable_phase2.csv,PI+SIDIS,LH2,10.676,-5.343,2.978,/lustre24/expphy/volatile/hallc/c-rsidis/pdbforce/replay/ROOTfiles/coin_replay_production_28217_-1.root,322437,37057,TWO_STAGE_GAUSSIAN_FIT,,51.26905826,0.004513468596,0.3736591936,0.004474814878,4,49.26905826,53.26905826,33.26905826,45.26905826,57.26905826,69.26905826,9749,6,10414,1735.666667,8013.333333,100.1912061,42.417,-1,1,ps6,1,0.9999,0.9994,0.9822,1,1,1,0.02401951354,192.4763685,2.406544031,214.794,2.57402,OK,
28218,PI+SIDIS,phase2,bigtable/rsidis_bigtable_phase2.csv,PI+SIDIS,LH2,10.676,-5.343,2.978,/lustre24/expphy/volatile/hallc/c-rsidis/pdbforce/replay/ROOTfiles/coin_replay_production_28218_-1.root,184340,20034,TWO_STAGE_GAUSSIAN_FIT,,51.3090752,0.005620361137,0.3696567303,0.00530839267,4,49.3090752,53.3090752,33.3090752,45.3090752,57.3090752,69.3090752,6642,6,5188,864.6666667,5777.333333,82.37785571,30.892,-1,1,ps6,1,0.99994,0.9994,0.9839,1,1,1,0.03292226654,190.2029079,2.712065722,212.623,2.88988,OK,
28219,PI+SIDIS,phase2,bigtable/rsidis_bigtable_phase2.csv,PI+SIDIS,LH2,10.676,-5.343,2.978,/lustre24/expphy/volatile/hallc/c-rsidis/pdbforce/replay/ROOTfiles/coin_replay_production_28219_-1.root,84178,7809,TWO_STAGE_GAUSSIAN_FIT,,51.30767219,0.007219407133,0.3668810929,0.006743274076,4,49.30767219,53.30767219,33.30767219,45.30767219,57.30767219,69.30767219,3762,6,1538,256.3333333,3505.666667,61.68243042,18.305,-1,1,ps6,1,0.99998,0.9995,0.983,1,1,1,0.05560356492,194.9275641,3.429763024,215.687,3.62094,OK,
28220,PI+SIDIS,phase2,bigtable/rsidis_bigtable_phase2.csv,PI+SIDIS,LH2,10.676,-5.343,2.978,/lustre24/expphy/volatile/hallc/c-rsidis/pdbforce/replay/ROOTfiles/coin_replay_production_28220_-1.root,988539,105081,TWO_STAGE_GAUSSIAN_FIT,,51.23109174,0.00293375946,0.3877406708,0.003048951824,4,49.23109174,53.23109174,33.23109174,45.23109174,57.23109174,69.23109174,25249,6,30455,5075.833333,20173.16667,161.5393829,105.7,-1,1,ps6,1,0.99961,0.9993,0.9801,1,1,1,0.009663359663,194.940565,1.561013157,219.733,1.68325,OK,
28221,PI+SIDIS,phase2,bigtable/rsidis_bigtable_phase2.csv,PI+SIDIS,LH2,10.676,-5.343,2.978,/lustre24/expphy/volatile/hallc/c-rsidis/pdbforce/replay/ROOTfiles/coin_replay_production_28221_-1.root,1160173,123098,TWO_STAGE_GAUSSIAN_FIT,,51.23958443,0.002694455743,0.3854385463,0.002793449067,4,49.23958443,53.23958443,33.23958443,45.23958443,57.23958443,69.23958443,29372,6,35964,5994,23378,174.2727747,122.94,-1,1,ps6,1,0.99962,0.9993,0.9801,1,1,1,0.008308173893,194.2284893,1.447888517,217.441,1.55628,OK,
28222,PI+SIDIS,phase2,bigtable/rsidis_bigtable_phase2.csv,PI+SIDIS,LH2,10.676,-5.343,2.978,/lustre24/expphy/volatile/hallc/c-rsidis/pdbforce/replay/ROOTfiles/coin_replay_production_28222_-1.root,1143357,121482,TWO_STAGE_GAUSSIAN_FIT,,51.28148868,0.002729864785,0.3780861214,0.00265642508,4,49.28148868,53.28148868,33.28148868,45.28148868,57.28148868,69.28148868,28822,6,35226,5871,22951,172.6282132,120.73,-1,1,ps6,1,0.99963,0.9992,0.979,1,1,1,0.00847052641,194.4070516,1.462251839,218.979,1.57558,OK,
28223,PI+SIDIS,phase2,bigtable/rsidis_bigtable_phase2.csv,PI+SIDIS,LH2,10.676,-5.343,2.978,/lustre24/expphy/volatile/hallc/c-rsidis/pdbforce/replay/ROOTfiles/coin_replay_production_28223_-1.root,1542097,121628,TWO_STAGE_GAUSSIAN_FIT,,51.28072508,0.002671181406,0.3727272225,0.002586078325,4,49.28072508,53.28072508,33.28072508,45.28072508,57.28072508,69.28072508,28478,6,35484,5914,22564,171.6498374,120.62,1,-1,ps5,1,0.99941,0.9992,0.969,1,1,1,0.008567631577,193.3200389,1.470632567,217.924,1.58705,OK,
28224,HMSDIS,phase2,bigtable/rsidis_bigtable_phase2.csv,HMSDIS,LH2,10.676,-5.343,2.978,,-1,-1,,,nan,nan,nan,nan,nan,nan,nan,nan,nan,nan,nan,nan,0,nan,nan,nan,nan,nan,nan,nan,,nan,nan,nan,nan,1,1,nan,nan,nan,nan,nan,nan,SKIPPED_UNSUPPORTED_RUN_TYPE,ONLY_PI_SIDIS_AND_PI_PLUS_SIDIS_ARE_SUPPORTED
28225,HMSDIS,phase2,bigtable/rsidis_bigtable_phase2.csv,HMSDIS,LH2,10.676,-5.343,2.978,,-1,-1,,,nan,nan,nan,nan,nan,nan,nan,nan,nan,nan,nan,nan,0,nan,nan,nan,nan,nan,nan,nan,,nan,nan,nan,nan,1,1,nan,nan,nan,nan,nan,nan,SKIPPED_UNSUPPORTED_RUN_TYPE,ONLY_PI_SIDIS_AND_PI_PLUS_SIDIS_ARE_SUPPORTED
28226,PI+SIDIS,phase2,bigtable/rsidis_bigtable_phase2.csv,PI+SIDIS,Dummy,10.676,-5.343,2.978,/lustre24/expphy/volatile/hallc/c-rsidis/pdbforce/replay/ROOTfiles/coin_replay_production_28226_-1.root,109031,9079,TWO_STAGE_GAUSSIAN_FIT,,51.27318659,0.006529917345,0.3665400163,0.006126217561,4,49.27318659,53.27318659,33.27318659,45.27318659,57.27318659,69.27318659,4340,6,1816,302.6666667,4037.333333,66.26042895,88.492,-1,1,ps6,1,0.99993,0.9994,0.9835,1,1,1,0.01149774524,46.42023012,0.7618455317,52.6675,0.816036,OK,
28227,PI+SIDIS,phase2,bigtable/rsidis_bigtable_phase2.csv,PI+SIDIS,Dummy,10.676,-5.343,2.978,/lustre24/expphy/volatile/hallc/c-rsidis/pdbforce/replay/ROOTfiles/coin_replay_production_28227_-1.root,92625,7410,TWO_STAGE_GAUSSIAN_FIT,,51.31239071,0.007477476317,0.3619206725,0.00714694588,4,49.31239071,53.31239071,33.31239071,45.31239071,57.31239071,69.31239071,3593,6,1515,252.5,3340.5,60.29165227,72.589,-1,1,ps6,1,0.99996,0.9993,0.9825,1,1,1,0.0140319527,46.873738,0.846009613,52.8538,0.901373,OK,
28228,PI+SIDIS,phase2,bigtable/rsidis_bigtable_phase2.csv,PI+SIDIS,Dummy,10.676,-5.343,2.978,/lustre24/expphy/volatile/hallc/c-rsidis/pdbforce/replay/ROOTfiles/coin_replay_production_28228_-1.root,105416,8583,TWO_STAGE_GAUSSIAN_FIT,,51.32017027,0.006926334119,0.3624157075,0.006262797715,4,49.32017027,53.32017027,33.32017027,45.32017027,57.32017027,69.32017027,4097,6,1758,293,3804,64.38814591,85.201,-1,1,ps6,1,0.99998,0.9994,0.9835,1,1,1,0.01194126358,45.42456665,0.7688758215,51.1762,0.819889,OK,
28229,HMSDIS,phase2,bigtable/rsidis_bigtable_phase2.csv,HMSDIS,Dummy,10.676,-5.343,2.978,,-1,-1,,,nan,nan,nan,nan,nan,nan,nan,nan,nan,nan,nan,nan,0,nan,nan,nan,nan,nan,nan,nan,,nan,nan,nan,nan,1,1,nan,nan,nan,nan,nan,nan,SKIPPED_UNSUPPORTED_RUN_TYPE,ONLY_PI_SIDIS_AND_PI_PLUS_SIDIS_ARE_SUPPORTED
28230,PI+SIDIS,phase2,bigtable/rsidis_bigtable_phase2.csv,PI+SIDIS,C,10.676,-5.343,2.978,/lustre24/expphy/volatile/hallc/c-rsidis/pdbforce/replay/ROOTfiles/coin_replay_production_28230_-1.root,820532,75915,TWO_STAGE_GAUSSIAN_FIT,,51.24380997,0.003488197752,0.3837168966,0.00357318021,4,49.24380997,53.24380997,33.24380997,45.24380997,57.24380997,69.24380997,17350,6,22306,3717.666667,13632.33333,134.0507781,86.043,-1,1,ps6,1,0.99972,0.9993,0.9801,1,1,1,0.01186970153,161.8117279,1.591142726,183.015,1.72196,OK,
28231,PI+SIDIS,phase2,bigtable/rsidis_bigtable_phase2.csv,PI+SIDIS,C,10.676,-5.343,2.978,/lustre24/expphy/volatile/hallc/c-rsidis/pdbforce/replay/ROOTfiles/coin_replay_production_28231_-1.root,705822,64618,TWO_STAGE_GAUSSIAN_FIT,,51.25496419,0.003812420243,0.3854085215,0.003908566455,4,49.25496419,53.25496419,33.25496419,45.25496419,57.25496419,69.25496419,14793,6,19032,3172,11621,123.7807201,73.213,-1,1,ps6,1,0.99978,0.9993,0.98,1,1,1,0.01395035917,162.1171239,1.726785503,182.255,1.86727,OK,
28232,HMSDIS,phase2,bigtable/rsidis_bigtable_phase2.csv,HMSDIS,C,10.676,-5.343,2.978,,-1,-1,,,nan,nan,nan,nan,nan,nan,nan,nan,nan,nan,nan,nan,0,nan,nan,nan,nan,nan,nan,nan,,nan,nan,nan,nan,1,1,nan,nan,nan,nan,nan,nan,SKIPPED_UNSUPPORTED_RUN_TYPE,ONLY_PI_SIDIS_AND_PI_PLUS_SIDIS_ARE_SUPPORTED
28233,PI+SIDIS,phase2,bigtable/rsidis_bigtable_phase2.csv,PI+SIDIS,Cu,10.676,-5.343,2.978,/lustre24/expphy/volatile/hallc/c-rsidis/pdbforce/replay/ROOTfiles/coin_replay_production_28233_-1.root,1020040,81447,TWO_STAGE_GAUSSIAN_FIT,,51.24766785,0.004119586941,0.3892741295,0.004258359364,4,49.24766785,53.24766785,33.24766785,45.24766785,57.24766785,69.24766785,13221,6,25735,4289.166667,8931.833333,118.0502482,106.44,-1,1,ps6,1,0.9996,0.9991,0.9747,1,1,1,0.009651369919,86.20442755,1.139346615,97.4836,1.24805,OK,
28234,PI+SIDIS,phase2,bigtable/rsidis_bigtable_phase2.csv,PI+SIDIS,Cu,10.676,-5.343,2.978,/lustre24/expphy/volatile/hallc/c-rsidis/pdbforce/replay/ROOTfiles/coin_replay_production_28234_-1.root,1039188,83523,TWO_STAGE_GAUSSIAN_FIT,,51.23133811,0.00412996875,0.393637774,0.004371869832,4,49.23133811,53.23133811,33.23133811,45.23133811,57.23133811,69.23133811,13457,6,26689,4448.166667,9008.833333,119.1568761,108.72,-1,1,ps6,1,0.99963,0.9992,0.9748,1,1,1,0.009446769725,85.10437399,1.125647569,97.108,1.23325,OK,
28236,HMSDIS,phase2,bigtable/rsidis_bigtable_phase2.csv,HMSDIS,Cu,10.676,-5.343,2.978,,-1,-1,,,nan,nan,nan,nan,nan,nan,nan,nan,nan,nan,nan,nan,0,nan,nan,nan,nan,nan,nan,nan,,nan,nan,nan,nan,1,1,nan,nan,nan,nan,nan,nan,SKIPPED_UNSUPPORTED_RUN_TYPE,ONLY_PI_SIDIS_AND_PI_PLUS_SIDIS_ARE_SUPPORTED
28237,PI+SIDIS,phase2,bigtable/rsidis_bigtable_phase2.csv,PI+SIDIS,Cu,10.676,-5.343,2.978,/lustre24/expphy/volatile/hallc/c-rsidis/pdbforce/replay/ROOTfiles/coin_replay_production_28237_-1.root,407935,32727,TWO_STAGE_GAUSSIAN_FIT,,51.23483459,0.006656020326,0.3969266108,0.007003179041,4,49.23483459,53.23483459,33.23483459,45.23483459,57.23483459,69.23483459,5298,6,10428,1738,3560,74.75069676,42.67,-1,1,ps6,1,0.99963,0.9991,0.9747,1,1,1,0.02407454849,85.70539262,1.799589274,94.6212,1.959,OK,
28239,HMSDIS,phase2,bigtable/rsidis_bigtable_phase2.csv,HMSDIS,Al,10.676,-5.343,2.978,,-1,-1,,,nan,nan,nan,nan,nan,nan,nan,nan,nan,nan,nan,nan,0,nan,nan,nan,nan,nan,nan,nan,,nan,nan,nan,nan,1,1,nan,nan,nan,nan,nan,nan,SKIPPED_UNSUPPORTED_RUN_TYPE,ONLY_PI_SIDIS_AND_PI_PLUS_SIDIS_ARE_SUPPORTED
28240,PI+SIDIS,phase2,bigtable/rsidis_bigtable_phase2.csv,PI+SIDIS,LD2,10.676,-5.343,2.978,/lustre24/expphy/volatile/hallc/c-rsidis/pdbforce/replay/ROOTfiles/coin_replay_production_28240_-1.root,1416455,142634,TWO_STAGE_GAUSSIAN_FIT,,51.24249884,0.002827763683,0.3924954609,0.002988243833,4,49.24249884,53.24249884,33.24249884,45.24249884,57.24249884,69.24249884,28297,6,43496,7249.333333,21047.66667,171.7708422,71.701,-1,1,ps6,1,0.99948,0.9992,0.9771,1,1,1,0.01429253421,300.8244959,2.455040639,339.529,2.65956,OK,
28241,PI+SIDIS,phase2,bigtable/rsidis_bigtable_phase2.csv,PI+SIDIS,LD2,10.676,-5.343,2.978,/lustre24/expphy/volatile/hallc/c-rsidis/pdbforce/replay/ROOTfiles/coin_replay_production_28241_-1.root,1247945,125631,TWO_STAGE_GAUSSIAN_FIT,,51.24706736,0.003047502442,0.3959583329,0.003190549312,4,49.24706736,53.24706736,33.24706736,45.24706736,57.24706736,69.24706736,25049,6,38290,6381.666667,18667.33333,161.5939699,63.758,-1,1,ps6,1,0.99947,0.9992,0.9768,1,1,1,0.01607820181,300.1371525,2.598140459,338.787,2.81438,OK,
28242,PI+SIDIS,phase2,bigtable/rsidis_bigtable_phase2.csv,PI+SIDIS,LD2,10.676,-5.343,2.978,/lustre24/expphy/volatile/hallc/c-rsidis/pdbforce/replay/ROOTfiles/coin_replay_production_28242_-1.root,1546633,156246,TWO_STAGE_GAUSSIAN_FIT,,51.25180065,0.00267187427,0.3892852456,0.002757778093,4,49.25180065,53.25180065,33.25180065,45.25180065,57.25180065,69.25180065,31199,6,47490,7915,23284,180.327942,77.275,-1,1,ps6,1,0.99949,0.9992,0.977,1,1,1,0.01326280987,308.8112651,2.391655209,348.014,2.58869,OK,
28243,PI+SIDIS,phase2,bigtable/rsidis_bigtable_phase2.csv,PI+SIDIS,LD2,10.676,-5.343,2.978,/lustre24/expphy/volatile/hallc/c-rsidis/pdbforce/replay/ROOTfiles/coin_replay_production_28243_-1.root,1494883,149915,TWO_STAGE_GAUSSIAN_FIT,,51.25223889,0.002736731145,0.3884093455,0.002819536399,4,49.25223889,53.25223889,33.25223889,45.25223889,57.25223889,69.25223889,29582,6,45737,7622.833333,21959.16667,175.6487182,74.675,-1,1,ps6,1,0.99946,0.9992,0.9767,1,1,1,0.01372921601,301.4821425,2.411519194,338.748,2.60887,OK,
28244,HMSDIS,phase2,bigtable/rsidis_bigtable_phase2.csv,HMSDIS,LD2,10.676,-5.343,2.978,,-1,-1,,,nan,nan,nan,nan,nan,nan,nan,nan,nan,nan,nan,nan,0,nan,nan,nan,nan,nan,nan,nan,,nan,nan,nan,nan,1,1,nan,nan,nan,nan,nan,nan,SKIPPED_UNSUPPORTED_RUN_TYPE,ONLY_PI_SIDIS_AND_PI_PLUS_SIDIS_ARE_SUPPORTED
28245,PI+SIDIS,phase2,bigtable/rsidis_bigtable_phase2.csv,PI+SIDIS,LD2,10.676,-5.343,2.978,/lustre24/expphy/volatile/hallc/c-rsidis/pdbforce/replay/ROOTfiles/coin_replay_production_28245_-1.root,923518,80927,TWO_STAGE_GAUSSIAN_FIT,,51.28360816,0.003054920793,0.3837139932,0.003046119067,4,49.28360816,53.28360816,33.28360816,45.28360816,57.28360816,69.28360816,23783,6,21753,3625.5,20157.5,156.1641764,70.649,-1,1,ps6,1,0.99971,0.9991,0.9792,1,1,1,0.01447236746,291.726747,2.260065345,326.531,2.43145,OK,
28246,PI+SIDIS,phase2,bigtable/rsidis_bigtable_phase2.csv,PI+SIDIS,LD2,10.676,-5.343,2.978,/lustre24/expphy/volatile/hallc/c-rsidis/pdbforce/replay/ROOTfiles/coin_replay_production_28246_-1.root,2273493,199164,TWO_STAGE_GAUSSIAN_FIT,,51.25771233,0.002295078598,0.3940163868,0.00237689432,4,49.25771233,53.25771233,33.25771233,45.25771233,57.25771233,69.25771233,44030,6,58629,9771.5,34258.5,213.6786918,120.5,-1,1,ps6,1,0.99906,0.999,0.9762,1,1,1,0.008517597044,291.8000983,1.820028994,327.91,1.9728,OK,
28247,HMSDIS,phase2,bigtable/rsidis_bigtable_phase2.csv,HMSDIS,LD2,10.676,-5.343,2.978,,-1,-1,,,nan,nan,nan,nan,nan,nan,nan,nan,nan,nan,nan,nan,0,nan,nan,nan,nan,nan,nan,nan,,nan,nan,nan,nan,1,1,nan,nan,nan,nan,nan,nan,SKIPPED_UNSUPPORTED_RUN_TYPE,ONLY_PI_SIDIS_AND_PI_PLUS_SIDIS_ARE_SUPPORTED
28248,PI+SIDIS,phase2,bigtable/rsidis_bigtable_phase2.csv,PI+SIDIS,Dummy,10.676,-5.343,2.978,/lustre24/expphy/volatile/hallc/c-rsidis/pdbforce/replay/ROOTfiles/coin_replay_production_28248_-1.root,81158,5921,TWO_STAGE_GAUSSIAN_FIT,,51.32739783,0.007930034495,0.4199005766,0.007941006235,4,49.32739783,53.32739783,33.32739783,45.32739783,57.32739783,69.32739783,3664,6,912,152,3512,60.73988256,80.414,-1,1,ps6,1,0.99994,0.9992,0.9812,1,1,1,0.01268482348,44.54910006,0.7704746884,50.1495,0.819466,OK,
28249,PI+SIDIS,phase2,bigtable/rsidis_bigtable_phase2.csv,PI+SIDIS,Dummy,10.676,-5.343,2.978,/lustre24/expphy/volatile/hallc/c-rsidis/pdbforce/replay/ROOTfiles/coin_replay_production_28249_-1.root,82437,6004,TWO_STAGE_GAUSSIAN_FIT,,51.32732097,0.007858113485,0.420216391,0.007714291202,4,49.32732097,53.32732097,33.32732097,45.32732097,57.32732097,69.32732097,3715,6,914,152.3333333,3562.666667,61.15871883,83.607,-1,1,ps6,1,1,0.9995,0.9806,1,1,1,0.0122034513,43.47682916,0.7463474468,48.4436,0.790314,OK,
28250,PI+SIDIS,phase2,bigtable/rsidis_bigtable_phase2.csv,PI+SIDIS,Dummy,10.676,-5.343,2.978,/lustre24/expphy/volatile/hallc/c-rsidis/pdbforce/replay/ROOTfiles/coin_replay_production_28250_-1.root,87664,6527,TWO_STAGE_GAUSSIAN_FIT,,51.29549084,0.006816748572,0.3663413403,0.006603162713,4,49.29549084,53.29549084,33.29549084,45.29549084,57.29549084,69.29549084,4050,6,929,154.8333333,3895.166667,63.84203596,89.294,-1,1,ps6,1,0.99999,0.9995,0.9822,1,1,1,0.01140773271,44.43502018,0.7282928817,49.5514,0.772397,OK,
28251,HMSDIS,phase2,bigtable/rsidis_bigtable_phase2.csv,HMSDIS,Dummy,10.676,-5.343,2.978,,-1,-1,,,nan,nan,nan,nan,nan,nan,nan,nan,nan,nan,nan,nan,0,nan,nan,nan,nan,nan,nan,nan,,nan,nan,nan,nan,1,1,nan,nan,nan,nan,nan,nan,SKIPPED_UNSUPPORTED_RUN_TYPE,ONLY_PI_SIDIS_AND_PI_PLUS_SIDIS_ARE_SUPPORTED
28252,PI+SIDIS,phase2,bigtable/rsidis_bigtable_phase2.csv,PI+SIDIS,C,10.676,-5.343,2.978,/lustre24/expphy/volatile/hallc/c-rsidis/pdbforce/replay/ROOTfiles/coin_replay_production_28252_-1.root,526166,42418,TWO_STAGE_GAUSSIAN_FIT,,51.29233224,0.0042704711,0.4343142812,0.004267966275,4,49.29233224,53.29233224,33.29233224,45.29233224,57.29233224,69.29233224,14194,6,10786,1797.666667,12396.33333,120.3894144,80.66,-1,1,ps6,1,0.99983,0.9992,0.9811,1,1,1,0.01264881724,156.7989548,1.522783701,176.279,1.6351,OK,
28253,PI+SIDIS,phase2,bigtable/rsidis_bigtable_phase2.csv,PI+SIDIS,C,10.676,-5.343,2.978,/lustre24/expphy/volatile/hallc/c-rsidis/pdbforce/replay/ROOTfiles/coin_replay_production_28253_-1.root,562230,45785,TWO_STAGE_GAUSSIAN_FIT,,51.30134016,0.004493022744,0.4613271327,0.004707271224,4,49.30134016,53.30134016,33.30134016,45.30134016,57.30134016,69.30134016,15326,6,11880,1980,13346,125.1239386,86.924,-1,1,ps6,1,0.99985,0.9992,0.9824,1,1,1,0.01172153981,156.4356703,1.466645227,177.741,1.57979,OK,
28255,HMSDIS,phase2,bigtable/rsidis_bigtable_phase2.csv,HMSDIS,C,10.676,-5.343,2.978,,-1,-1,,,nan,nan,nan,nan,nan,nan,nan,nan,nan,nan,nan,nan,0,nan,nan,nan,nan,nan,nan,nan,,nan,nan,nan,nan,1,1,nan,nan,nan,nan,nan,nan,SKIPPED_UNSUPPORTED_RUN_TYPE,ONLY_PI_SIDIS_AND_PI_PLUS_SIDIS_ARE_SUPPORTED
28256,PI+SIDIS,phase2,bigtable/rsidis_bigtable_phase2.csv,PI+SIDIS,Cu,10.676,-5.343,2.978,/lustre24/expphy/volatile/hallc/c-rsidis/pdbforce/replay/ROOTfiles/coin_replay_production_28256_-1.root,716665,49605,TWO_STAGE_GAUSSIAN_FIT,,51.28413271,0.004860642591,0.4376832982,0.00483647351,4,49.28413271,53.28413271,33.28413271,45.28413271,57.28413271,69.28413271,11327,6,14615,2435.833333,8891.166667,108.3188452,109.19,-1,1,ps6,1,0.99976,0.9992,0.9783,1,1,1,0.009371236502,83.32122561,1.015081516,93.1827,1.10089,OK,
28257,PI+SIDIS,phase2,bigtable/rsidis_bigtable_phase2.csv,PI+SIDIS,Cu,10.676,-5.343,2.978,/lustre24/expphy/volatile/hallc/c-rsidis/pdbforce/replay/ROOTfiles/coin_replay_production_28257_-1.root,657486,45071,TWO_STAGE_GAUSSIAN_FIT,,51.27171623,0.004815496448,0.3982747392,0.004963370223,4,49.27171623,53.27171623,33.27171623,45.27171623,57.27171623,69.27171623,10428,6,13251,2208.5,8219.5,103.9042027,100.88,-1,1,ps6,1,0.99978,0.9992,0.9786,1,1,1,0.01013988069,83.34474933,1.053576218,94.8659,1.14968,OK,
28258,PI+SIDIS,phase2,bigtable/rsidis_bigtable_phase2.csv,PI+SIDIS,Cu,10.676,-5.343,2.978,/lustre24/expphy/volatile/hallc/c-rsidis/pdbforce/replay/ROOTfiles/coin_replay_production_28258_-1.root,614004,42426,TWO_STAGE_GAUSSIAN_FIT,,51.27761063,0.005104973831,0.4336629891,0.005136276969,4,49.27761063,53.27761063,33.27761063,45.27761063,57.27761063,69.27761063,9844,6,12517,2086.166667,7757.833333,100.9539224,94.785,-1,1,ps6,1,0.99976,0.9991,0.9791,1,1,1,0.01078769401,83.68913216,1.089060024,95.8149,1.18926,OK,
28259,HMSDIS,phase2,bigtable/rsidis_bigtable_phase2.csv,HMSDIS,Cu,10.676,-5.343,2.978,,-1,-1,,,nan,nan,nan,nan,nan,nan,nan,nan,nan,nan,nan,nan,0,nan,nan,nan,nan,nan,nan,nan,,nan,nan,nan,nan,1,1,nan,nan,nan,nan,nan,nan,SKIPPED_UNSUPPORTED_RUN_TYPE,ONLY_PI_SIDIS_AND_PI_PLUS_SIDIS_ARE_SUPPORTED
28260,PI+SIDIS,phase2,bigtable/rsidis_bigtable_phase2.csv,PI+SIDIS,LH2,10.676,-5.343,2.978,/lustre24/expphy/volatile/hallc/c-rsidis/pdbforce/replay/ROOTfiles/coin_replay_production_28260_-1.root,541391,50575,TWO_STAGE_GAUSSIAN_FIT,,51.27198648,0.003266371615,0.3819331177,0.003243337069,4,49.27198648,53.27198648,33.27198648,45.27198648,57.27198648,69.27198648,19849,6,11936,1989.333333,17859.66667,142.0582822,94.869,-1,1,ps6,1,0.99983,0.9992,0.9826,1,1,1,0.01073792406,191.7757445,1.525411047,216.101,1.63462,OK,
28261,PI+SIDIS,phase2,bigtable/rsidis_bigtable_phase2.csv,PI+SIDIS,LH2,10.676,-5.343,2.978,/lustre24/expphy/volatile/hallc/c-rsidis/pdbforce/replay/ROOTfiles/coin_replay_production_28261_-1.root,517546,48368,TWO_STAGE_GAUSSIAN_FIT,,51.28869278,0.003487929343,0.3870549751,0.003500459468,4,49.28869278,53.28869278,33.28869278,45.28869278,57.28869278,69.28869278,18789,6,11249,1874.833333,16914.16667,138.2080758,90.825,-1,1,ps6,1,0.99981,0.9991,0.9819,1,1,1,0.01122537604,189.8678812,1.551437622,213.262,1.66216,OK,
28262,PI+SIDIS,phase2,bigtable/rsidis_bigtable_phase2.csv,PI+SIDIS,LH2,10.676,-5.343,2.978,/lustre24/expphy/volatile/hallc/c-rsidis/pdbforce/replay/ROOTfiles/coin_replay_production_28262_-1.root,597969,56452,TWO_STAGE_GAUSSIAN_FIT,,51.34235879,0.003053609203,0.4006376601,0.00287038229,4,49.34235879,53.34235879,33.34235879,45.34235879,57.34235879,69.34235879,21919,6,13173,2195.5,19723.5,149.281334,104.59,-1,1,ps6,1,0.99984,0.9993,0.9824,1,1,1,0.009740810363,192.1228732,1.454121165,215.885,1.55852,OK,
28263,PI+SIDIS,phase2,bigtable/rsidis_bigtable_phase2.csv,PI+SIDIS,LH2,10.676,-5.343,2.978,/lustre24/expphy/volatile/hallc/c-rsidis/pdbforce/replay/ROOTfiles/coin_replay_production_28263_-1.root,651640,61080,TWO_STAGE_GAUSSIAN_FIT,,51.32899342,0.00310557772,0.4178743291,0.003026999046,4,49.32899342,53.32899342,33.32899342,45.32899342,57.32899342,69.32899342,23498,6,14274,2379,21119,154.578459,113.76,-1,1,ps6,1,0.9998,0.9992,0.9824,1,1,1,0.008956874829,189.1602395,1.384539909,212.758,1.48286,OK,
28264,PI+SIDIS,phase2,bigtable/rsidis_bigtable_phase2.csv,PI+SIDIS,LH2,10.676,-5.343,2.978,/lustre24/expphy/volatile/hallc/c-rsidis/pdbforce/replay/ROOTfiles/coin_replay_production_28264_-1.root,791228,57150,TWO_STAGE_GAUSSIAN_FIT,,51.29075295,0.003689994546,0.4544761958,0.003762681841,4,49.29075295,53.29075295,33.29075295,45.29075295,57.29075295,69.29075295,21999,6,13355,2225.833333,19773.16667,149.5659461,105.55,1,-1,ps5,1,0.99973,0.9993,0.9768,1,1,1,0.00970861992,191.9701598,1.452078923,216.785,1.55734,OK,
28265,HMSDIS,phase2,bigtable/rsidis_bigtable_phase2.csv,HMSDIS,LH2,10.676,-5.343,2.978,,-1,-1,,,nan,nan,nan,nan,nan,nan,nan,nan,nan,nan,nan,nan,0,nan,nan,nan,nan,nan,nan,nan,,nan,nan,nan,nan,1,1,nan,nan,nan,nan,nan,nan,SKIPPED_UNSUPPORTED_RUN_TYPE,ONLY_PI_SIDIS_AND_PI_PLUS_SIDIS_ARE_SUPPORTED
28266,HMSDIS,phase2,bigtable/rsidis_bigtable_phase2.csv,HMSDIS,LH2,10.676,-5.343,2.978,,-1,-1,,,nan,nan,nan,nan,nan,nan,nan,nan,nan,nan,nan,nan,0,nan,nan,nan,nan,nan,nan,nan,,nan,nan,nan,nan,1,1,nan,nan,nan,nan,nan,nan,SKIPPED_UNSUPPORTED_RUN_TYPE,ONLY_PI_SIDIS_AND_PI_PLUS_SIDIS_ARE_SUPPORTED
28267,PI+SIDIS,phase2,bigtable/rsidis_bigtable_phase2.csv,PI+SIDIS,LD2,10.676,-5.343,2.978,/lustre24/expphy/volatile/hallc/c-rsidis/pdbforce/replay/ROOTfiles/coin_replay_production_28267_-1.root,2177541,190769,TWO_STAGE_GAUSSIAN_FIT,,51.30954117,0.002725554141,0.4587331554,0.002808138243,4,49.30954117,53.30954117,33.30954117,45.30954117,57.30954117,69.30954117,41458,6,56624,9437.333333,32020.66667,207.4388799,114.88,-1,1,ps6,1,0.9991,0.999,0.978,1,1,1,0.00891748261,285.5437382,1.849832604,321.763,2.00965,OK,
28270,PI-SIDIS,phase2,bigtable/rsidis_bigtable_phase2.csv,PI-SIDIS,LD2,10.676,-5.343,-5.154,/lustre24/expphy/volatile/hallc/c-rsidis/pdbforce/replay/ROOTfiles/coin_replay_production_28270_-1.root,193594,13085,TWO_STAGE_GAUSSIAN_FIT,,51.29822021,0.005418582132,0.4411683857,0.005452970497,4,49.29822021,53.29822021,33.29822021,45.29822021,57.29822021,69.29822021,9180,6,1487,247.8333333,8932.166667,96.02762913,126.38,-1,1,ps6,1,0.99995,0.9989,0.967,1,1,1,0.008192093058,73.17314054,0.7866672739,75.5566,0.803522,OK,
28284,HMSDIS,phase2,bigtable/rsidis_bigtable_phase2.csv,HMSDIS,Dummy,10.676,-5.343,-3.837,,-1,-1,,,nan,nan,nan,nan,nan,nan,nan,nan,nan,nan,nan,nan,0,nan,nan,nan,nan,nan,nan,nan,,nan,nan,nan,nan,1,1,nan,nan,nan,nan,nan,nan,SKIPPED_UNSUPPORTED_RUN_TYPE,ONLY_PI_SIDIS_AND_PI_PLUS_SIDIS_ARE_SUPPORTED
28306,PI-SIDIS,phase2,bigtable/rsidis_bigtable_phase2.csv,PI-SIDIS,LH2,10.676,-5.343,-3.837,/lustre24/expphy/volatile/hallc/c-rsidis/pdbforce/replay/ROOTfiles/coin_replay_production_28306_-1.root,343151,49754,TWO_STAGE_GAUSSIAN_FIT,,51.25980888,0.003865239638,0.3625598035,0.003645494908,4,49.25980888,53.25980888,33.25980888,45.25980888,57.25980888,69.25980888,12026,6,14755,2459.166667,9566.833333,111.5161921,100.78,-1,1,ps6,1,0.99982,0.9991,0.9847,1,1,1,0.01008767145,96.5070715,1.124938708,93.5392,1.11001,OK,
28307,PI-SIDIS,phase2,bigtable/rsidis_bigtable_phase2.csv,PI-SIDIS,LH2,10.676,-5.343,-3.837,/lustre24/expphy/volatile/hallc/c-rsidis/pdbforce/replay/ROOTfiles/coin_replay_production_28307_-1.root,241613,34307,TWO_STAGE_GAUSSIAN_FIT,,51.27268315,0.004594317127,0.3636827051,0.004334904853,4,49.27268315,53.27268315,33.27268315,45.27268315,57.27268315,69.27268315,8700,6,10011,1668.5,7031.5,94.75274842,72.401,-1,1,ps6,1,0.99986,0.9992,0.9837,1,1,1,0.01405403867,98.82097288,1.33165879,95.4598,1.3132,OK,
28308,PI-SIDIS,phase2,bigtable/rsidis_bigtable_phase2.csv,PI-SIDIS,LH2,10.676,-5.343,-3.837,/lustre24/expphy/volatile/hallc/c-rsidis/pdbforce/replay/ROOTfiles/coin_replay_production_28308_-1.root,351059,50564,TWO_STAGE_GAUSSIAN_FIT,,51.270483,0.00395464728,0.3647534825,0.003801834181,4,49.270483,53.270483,33.270483,45.270483,57.270483,69.270483,12241,6,15169,2528.166667,9712.833333,112.5271572,102.44,-1,1,ps6,1,0.99987,0.9992,0.9847,1,1,1,0.009922715254,96.37767948,1.116574939,93.5138,1.09959,OK,
28309,PI-SIDIS,phase2,bigtable/rsidis_bigtable_phase2.csv,PI-SIDIS,LH2,10.676,-5.343,-3.837,/lustre24/expphy/volatile/hallc/c-rsidis/pdbforce/replay/ROOTfiles/coin_replay_production_28309_-1.root,296983,42337,TWO_STAGE_GAUSSIAN_FIT,,51.26998076,0.004052814906,0.3540113325,0.003772233114,4,49.26998076,53.26998076,33.26998076,45.26998076,57.26998076,69.26998076,10439,6,12238,2039.666667,8399.333333,103.8216954,87.247,-1,1,ps6,1,0.99987,0.9992,0.9847,1,1,1,0.01165063499,97.8575668,1.209588677,93.5372,1.18906,OK,
28310,PI-SIDIS,phase2,bigtable/rsidis_bigtable_phase2.csv,PI-SIDIS,Dummy,10.676,-5.343,-3.837,/lustre24/expphy/volatile/hallc/c-rsidis/pdbforce/replay/ROOTfiles/coin_replay_production_28310_-1.root,50111,5316,TWO_STAGE_GAUSSIAN_FIT,,51.30531174,0.008514592059,0.3615441477,0.007822465216,4,49.30531174,53.30531174,33.30531174,45.30531174,57.30531174,69.30531174,2653,6,1052,175.3333333,2477.666667,51.79017496,83.558,-1,1,ps6,1,0.99998,0.9994,0.987,1,1,1,0.01213288697,30.06124962,0.628364339,29.123,0.618731,OK,
28311,PI-SIDIS,phase2,bigtable/rsidis_bigtable_phase2.csv,PI-SIDIS,Dummy,10.676,-5.343,-3.837,/lustre24/expphy/volatile/hallc/c-rsidis/pdbforce/replay/ROOTfiles/coin_replay_production_28311_-1.root,50706,5244,TWO_STAGE_GAUSSIAN_FIT,,51.32011134,0.008711370705,0.3614013635,0.007686405217,4,49.32011134,53.32011134,33.32011134,45.32011134,57.32011134,69.32011134,2559,6,1053,175.5,2383.5,50.87484644,84.476,-1,1,ps6,1,1,0.9995,0.9852,1,1,1,0.01202152204,28.65329777,0.6115930875,27.6275,0.601193,OK,
28312,PI-SIDIS,phase2,bigtable/rsidis_bigtable_phase2.csv,PI-SIDIS,Dummy,10.676,-5.343,-3.837,/lustre24/expphy/volatile/hallc/c-rsidis/pdbforce/replay/ROOTfiles/coin_replay_production_28312_-1.root,48369,4991,TWO_STAGE_GAUSSIAN_FIT,,51.30676618,0.008621106677,0.3515702117,0.007646418642,4,49.30676618,53.30676618,33.30676618,45.30676618,57.30676618,69.30676618,2459,6,956,159.3333333,2299.666667,49.85534631,77.836,-1,1,ps6,1,1,0.9993,0.9854,1,1,1,0.0130470115,30.00377745,0.6504632767,28.9057,0.640467,OK,
28313,PI-SIDIS,phase2,bigtable/rsidis_bigtable_phase2.csv,PI-SIDIS,Dummy,10.676,-5.343,-3.837,/lustre24/expphy/volatile/hallc/c-rsidis/pdbforce/replay/ROOTfiles/coin_replay_production_28313_-1.root,61547,6331,TWO_STAGE_GAUSSIAN_FIT,,51.32928966,0.008007653921,0.3640297394,0.00724001598,4,49.32928966,53.32928966,33.32928966,45.32928966,57.32928966,69.32928966,3150,6,1223,203.8333333,2946.166667,56.42669778,99.86,-1,1,ps6,1,0.99998,0.9995,0.9862,1,1,1,0.01015942966,29.931373,0.5732630668,28.7917,0.563197,OK,
28314,PI-SIDIS,phase2,bigtable/rsidis_bigtable_phase2.csv,PI-SIDIS,LH2,10.676,-5.343,-3.837,/lustre24/expphy/volatile/hallc/c-rsidis/pdbforce/replay/ROOTfiles/coin_replay_production_28314_-1.root,85045,11869,TWO_STAGE_GAUSSIAN_FIT,,51.31011114,0.00845707429,0.3787023816,0.008179309637,4,49.31011114,53.31011114,33.31011114,45.31011114,57.31011114,69.31011114,3050,6,3388,564.6666667,2485.333333,56.07237387,25.788,-1,1,ps6,1,0.99989,0.999,0.9846,1,1,1,0.03942800417,97.99173303,2.210821791,93.444,2.17044,OK,
28315,PI-SIDIS,phase2,bigtable/rsidis_bigtable_phase2.csv,PI-SIDIS,LH2,10.676,-5.343,-3.837,/lustre24/expphy/volatile/hallc/c-rsidis/pdbforce/replay/ROOTfiles/coin_replay_production_28315_-1.root,282140,40430,TWO_STAGE_GAUSSIAN_FIT,,51.30657454,0.00426964824,0.3589148664,0.003941714412,4,49.30657454,53.30657454,33.30657454,45.30657454,57.30657454,69.30657454,10274,6,11914,1985.666667,8288.333333,102.980311,87.03,-1,1,ps6,1,0.99989,0.9991,0.9843,1,1,1,0.01168536675,96.85221474,1.203362701,93.2901,1.18371,OK,
28317,PI-SIDIS,phase2,bigtable/rsidis_bigtable_phase2.csv,PI-SIDIS,LH2,10.676,-5.343,-3.837,/lustre24/expphy/volatile/hallc/c-rsidis/pdbforce/replay/ROOTfiles/coin_replay_production_28317_-1.root,300699,43211,TWO_STAGE_GAUSSIAN_FIT,,51.31601272,0.004058772136,0.3525039714,0.003613926789,4,49.31601272,53.31601272,33.31601272,45.31601272,57.31601272,69.31601272,10926,6,12460,2076.666667,8849.333333,106.1701988,92.879,-1,1,ps6,1,0.99991,0.9992,0.9848,1,1,1,0.01094261431,96.83484158,1.161779537,93.2019,1.14509,OK,
28318,PI-SIDIS,phase2,bigtable/rsidis_bigtable_phase2.csv,PI-SIDIS,LH2,10.676,-5.343,-3.837,/lustre24/expphy/volatile/hallc/c-rsidis/pdbforce/replay/ROOTfiles/coin_replay_production_28318_-1.root,356675,51911,TWO_STAGE_GAUSSIAN_FIT,,51.30579263,0.003747114124,0.3570982866,0.00338742494,4,49.30579263,53.30579263,33.30579263,45.30579263,57.30579263,69.30579263,13354,6,15024,2504,10850,117.3513244,109.92,-1,1,ps6,1,0.9999,0.9992,0.9847,1,1,1,0.009247202084,100.3321426,1.085171411,96.6058,1.0676,OK,
28319,PI-SIDIS,phase2,bigtable/rsidis_bigtable_phase2.csv,PI-SIDIS,LH2,10.676,-5.343,-2.978,/lustre24/expphy/volatile/hallc/c-rsidis/pdbforce/replay/ROOTfiles/coin_replay_production_28319_-1.root,632213,98451,TWO_STAGE_GAUSSIAN_FIT,,51.28624359,0.003548443928,0.3544448134,0.003321187261,4,49.28624359,53.28624359,33.28624359,45.28624359,57.28624359,69.28624359,13793,6,32564,5427.333333,8365.666667,121.2334754,96.78,-1,1,ps6,1,0.99978,0.9992,0.9854,1,1,1,0.01049651073,87.81030996,1.272528476,95.8349,1.34829,OK,
28321,PI-SIDIS,phase2,bigtable/rsidis_bigtable_phase2.csv,PI-SIDIS,LH2,10.676,-5.343,-2.978,/lustre24/expphy/volatile/hallc/c-rsidis/pdbforce/replay/ROOTfiles/coin_replay_production_28321_-1.root,493060,76500,TWO_STAGE_GAUSSIAN_FIT,,51.2805528,0.004178186533,0.3657002407,0.004022370579,4,49.2805528,53.2805528,33.2805528,45.2805528,57.2805528,69.2805528,10868,6,25186,4197.666667,6670.333333,107.5528294,76.545,-1,1,ps6,1,0.99979,0.9992,0.9853,1,1,1,0.01327252267,88.5321504,1.427497367,96.8646,1.51442,OK,
28322,PI-SIDIS,phase2,bigtable/rsidis_bigtable_phase2.csv,PI-SIDIS,LH2,10.676,-5.343,-2.978,/lustre24/expphy/volatile/hallc/c-rsidis/pdbforce/replay/ROOTfiles/coin_replay_production_28322_-1.root,706912,110861,TWO_STAGE_GAUSSIAN_FIT,,51.2785375,0.003544626318,0.3686338702,0.003427771634,4,49.2785375,53.2785375,33.2785375,45.2785375,57.2785375,69.2785375,15406,6,36831,6138.5,9267.5,128.1759858,107.04,-1,1,ps6,1,0.99979,0.9992,0.9851,1,1,1,0.009493194229,87.97817752,1.216799529,95.6715,1.28729,OK,
28323,PI-SIDIS,phase2,bigtable/rsidis_bigtable_phase2.csv,PI-SIDIS,LH2,10.676,-5.343,-2.978,/lustre24/expphy/volatile/hallc/c-rsidis/pdbforce/replay/ROOTfiles/coin_replay_production_28323_-1.root,676901,105648,TWO_STAGE_GAUSSIAN_FIT,,51.28067983,0.003595178783,0.3616452972,0.003388911076,4,49.28067983,53.28067983,33.28067983,45.28067983,57.28067983,69.28067983,14685,6,35223,5870.5,8814.5,125.1535723,102.88,-1,1,ps6,1,0.99977,0.9993,0.9857,1,1,1,0.009870253336,87.00134803,1.235297465,93.8185,1.30395,OK,
28324,PI-SIDIS,phase2,bigtable/rsidis_bigtable_phase2.csv,PI-SIDIS,Dummy,10.676,-5.343,-2.978,/lustre24/expphy/volatile/hallc/c-rsidis/pdbforce/replay/ROOTfiles/coin_replay_production_28324_-1.root,73391,8594,TWO_STAGE_GAUSSIAN_FIT,,51.31344265,0.008606849928,0.3531790364,0.00771247596,4,49.31344265,53.31344265,33.31344265,45.31344265,57.31344265,69.31344265,2511,6,2429,404.8333333,2106.166667,50.77865912,79.843,-1,1,ps6,1,1,0.999,0.9882,1,1,1,0.01268682109,26.72055969,0.6442197636,29.1881,0.67805,OK,
28325,PI-SIDIS,phase2,bigtable/rsidis_bigtable_phase2.csv,PI-SIDIS,Dummy,10.676,-5.343,-2.978,/lustre24/expphy/volatile/hallc/c-rsidis/pdbforce/replay/ROOTfiles/coin_replay_production_28325_-1.root,80242,9988,TWO_STAGE_GAUSSIAN_FIT,,51.29974114,0.007860699095,0.3560322534,0.007133833924,4,49.29974114,53.29974114,33.29974114,45.29974114,57.29974114,69.29974114,2929,6,2765,460.8333333,2468.166667,54.82522736,90.008,-1,1,ps6,1,0.99996,0.9995,0.9879,1,1,1,0.0112522786,27.77249897,0.6169087327,30.3473,0.649259,OK,
28326,PI-SIDIS,phase2,bigtable/rsidis_bigtable_phase2.csv,PI-SIDIS,Dummy,10.676,-5.343,-2.978,/lustre24/expphy/volatile/hallc/c-rsidis/pdbforce/replay/ROOTfiles/coin_replay_production_28326_-1.root,76060,9007,TWO_STAGE_GAUSSIAN_FIT,,51.29474425,0.008197185852,0.3593762301,0.007546602978,4,49.29474425,53.29474425,33.29474425,45.29474425,57.29474425,69.29474425,2647,6,2468,411.3333333,2235.666667,52.11099266,80.874,-1,1,ps6,1,0.99999,0.9993,0.9884,1,1,1,0.01251891801,27.9881277,0.6523732445,30.2312,0.683634,OK,
28327,PI-SIDIS,phase2,bigtable/rsidis_bigtable_phase2.csv,PI-SIDIS,Dummy,10.676,-5.343,-2.978,/lustre24/expphy/volatile/hallc/c-rsidis/pdbforce/replay/ROOTfiles/coin_replay_production_28327_-1.root,81531,10019,TWO_STAGE_GAUSSIAN_FIT,,51.29409447,0.008090902171,0.3638964398,0.007424295701,4,49.29409447,53.29409447,33.29409447,45.29409447,57.29409447,69.29409447,2906,6,2787,464.5,2441.5,54.62066154,91.231,-1,1,ps6,1,0.99998,0.9993,0.9873,1,1,1,0.01111018335,27.12551266,0.6068455646,29.481,0.638275,OK,
28328,PI-SIDIS,phase2,bigtable/rsidis_bigtable_phase2.csv,PI-SIDIS,LD2,10.676,-5.343,-2.978,/lustre24/expphy/volatile/hallc/c-rsidis/pdbforce/replay/ROOTfiles/coin_replay_production_28328_-1.root,1545383,239313,TWO_STAGE_GAUSSIAN_FIT,,51.23915389,0.002573325084,0.368481903,0.00255859778,4,49.23915389,53.23915389,33.23915389,45.23915389,57.23915389,69.23915389,28198,6,81030,13505,14693,174.4959407,81.057,-1,1,ps6,1,0.99944,0.9992,0.9839,1,1,1,0.01255594374,184.4844814,2.190961215,201.375,2.32128,OK,
28330,PI-SIDIS,phase2,bigtable/rsidis_bigtable_phase2.csv,PI-SIDIS,LD2,10.676,-5.343,-2.978,/lustre24/expphy/volatile/hallc/c-rsidis/pdbforce/replay/ROOTfiles/coin_replay_production_28330_-1.root,233612,35564,TWO_STAGE_GAUSSIAN_FIT,,51.24336867,0.006476140833,0.3641416811,0.00621080951,4,49.24336867,53.24336867,33.24336867,45.24336867,57.24336867,69.24336867,4322,6,11747,1957.833333,2364.166667,68.17848308,12.572,-1,1,ps6,1,0.99949,0.9993,0.9844,1,1,1,0.08090021614,191.2615943,5.515654017,205.378,5.84372,OK,
28331,PI-SIDIS,phase2,bigtable/rsidis_bigtable_phase2.csv,PI-SIDIS,LD2,10.676,-5.343,-2.978,/lustre24/expphy/volatile/hallc/c-rsidis/pdbforce/replay/ROOTfiles/coin_replay_production_28331_-1.root,1469118,228266,TWO_STAGE_GAUSSIAN_FIT,,51.23978289,0.002609809512,0.3669840476,0.002569275876,4,49.23978289,53.23978289,33.23978289,45.23978289,57.23978289,69.23978289,27283,6,76813,12802.16667,14480.83333,171.5129571,79.427,-1,1,ps6,1,0.9995,0.9992,0.9841,1,1,1,0.0128102435,185.5030011,2.197122744,201.502,2.32701,OK,
28332,PI-SIDIS,phase2,bigtable/rsidis_bigtable_phase2.csv,PI-SIDIS,LD2,10.676,-5.343,-2.978,/lustre24/expphy/volatile/hallc/c-rsidis/pdbforce/replay/ROOTfiles/coin_replay_production_28332_-1.root,1384691,215859,TWO_STAGE_GAUSSIAN_FIT,,51.22608487,0.002671783588,0.3676520687,0.002659694712,4,49.22608487,53.22608487,33.22608487,45.22608487,57.22608487,69.22608487,25781,6,72924,12154,13627,166.7533108,73.864,-1,1,ps6,1,0.9995,0.9992,0.9841,1,1,1,0.01377503534,187.7124066,2.29703275,200.509,2.4216,OK,
28333,PI-SIDIS,phase2,bigtable/rsidis_bigtable_phase2.csv,PI-SIDIS,LD2,10.676,-5.343,-2.978,/lustre24/expphy/volatile/hallc/c-rsidis/pdbforce/replay/ROOTfiles/coin_replay_production_28333_-1.root,819754,127277,TWO_STAGE_GAUSSIAN_FIT,,51.22018126,0.003503485076,0.369823841,0.003520684638,4,49.22018126,53.22018126,33.22018126,45.22018126,57.22018126,69.22018126,15219,6,42781,7130.166667,8088.833333,128.0912218,44.102,-1,1,ps6,1,0.99958,0.9991,0.9841,1,1,1,0.02307150718,186.6215763,2.955257544,201.418,3.12773,OK,
28334,PI-SIDIS,phase2,bigtable/rsidis_bigtable_phase2.csv,PI-SIDIS,LH2,10.676,-5.343,-2.978,/lustre24/expphy/volatile/hallc/c-rsidis/pdbforce/replay/ROOTfiles/coin_replay_production_28334_-1.root,709559,110121,TWO_STAGE_GAUSSIAN_FIT,,51.24296135,0.003433892653,0.3626078792,0.003322767003,4,49.24296135,53.24296135,33.24296135,45.24296135,57.24296135,69.24296135,15167,6,36760,6126.666667,9040.333333,127.2325081,104.24,-1,1,ps6,1,0.99977,0.9993,0.9853,1,1,1,0.009745432692,88.10196001,1.239935844,95.4528,1.30956,OK,
28335,PI-SIDIS,phase2,bigtable/rsidis_bigtable_phase2.csv,PI-SIDIS,LH2,10.676,-5.343,-2.978,/lustre24/expphy/volatile/hallc/c-rsidis/pdbforce/replay/ROOTfiles/coin_replay_production_28335_-1.root,745719,115533,TWO_STAGE_GAUSSIAN_FIT,,51.2442749,0.003522407636,0.3700783601,0.003467615488,4,49.2442749,53.2442749,33.2442749,45.2442749,57.2442749,69.2442749,15294,6,38496,6416,8878,127.9192454,106.06,-1,1,ps6,1,0.99974,0.9992,0.9852,1,1,1,0.009580418483,85.05495529,1.225519903,91.5584,1.29823,OK,
28336,PI-SIDIS,phase2,bigtable/rsidis_bigtable_phase2.csv,PI-SIDIS,LH2,10.676,-5.343,-2.978,/lustre24/expphy/volatile/hallc/c-rsidis/pdbforce/replay/ROOTfiles/coin_replay_production_28336_-1.root,609392,96002,TWO_STAGE_GAUSSIAN_FIT,,51.23634927,0.003799107052,0.3640099215,0.003720331267,4,49.23634927,53.23634927,33.23634927,45.23634927,57.23634927,69.23634927,12571,6,32098,5349.666667,7221.333333,116.0284927,86.349,-1,1,ps6,1,0.99977,0.9992,0.9848,1,1,1,0.01177177958,85.00794426,1.365861841,93.0582,1.45027,OK,
28337,PI-SIDIS,phase2,bigtable/rsidis_bigtable_phase2.csv,PI-SIDIS,LH2,10.676,-5.343,-2.978,/lustre24/expphy/volatile/hallc/c-rsidis/pdbforce/replay/ROOTfiles/coin_replay_production_28337_-1.root,417244,61094,TWO_STAGE_GAUSSIAN_FIT,,51.25790149,0.003948751225,0.3669302202,0.003883733851,4,49.25790149,53.25790149,33.25790149,45.25790149,57.25790149,69.25790149,12076,6,19309,3218.166667,8857.833333,112.3047689,105.8,-1,1,ps6,1,0.99986,0.9992,0.9873,1,1,1,0.009582384106,84.87916135,1.076147432,93.417,1.1421,OK,
28338,PI-SIDIS,phase2,bigtable/rsidis_bigtable_phase2.csv,PI-SIDIS,LH2,10.676,-5.343,-2.978,/lustre24/expphy/volatile/hallc/c-rsidis/pdbforce/replay/ROOTfiles/coin_replay_production_28338_-1.root,437646,63862,TWO_STAGE_GAUSSIAN_FIT,,51.25492948,0.003753442646,0.3631665882,0.003640635465,4,49.25492948,53.25492948,33.25492948,45.25492948,57.25492948,69.25492948,12772,6,20133,3355.5,9416.5,115.4610324,111.27,-1,1,ps6,1,0.99985,0.9991,0.9876,1,1,1,0.009109552032,85.78009671,1.051798282,95.7287,1.11869,OK,
28339,PI-SIDIS,phase2,bigtable/rsidis_bigtable_phase2.csv,PI-SIDIS,LH2,10.676,-5.343,-2.978,/lustre24/expphy/volatile/hallc/c-rsidis/pdbforce/replay/ROOTfiles/coin_replay_production_28339_-1.root,419123,61762,TWO_STAGE_GAUSSIAN_FIT,,51.26099917,0.003792395224,0.358376851,0.003636244459,4,49.26099917,53.26099917,33.26099917,45.26099917,57.26099917,69.26099917,12303,6,19274,3212.333333,9090.666667,113.3066145,106.18,-1,1,ps6,1,0.99985,0.9992,0.9871,1,1,1,0.009550120487,86.81696197,1.08209182,96.0714,1.14745,OK,
28340,PI-SIDIS,phase2,bigtable/rsidis_bigtable_phase2.csv,PI-SIDIS,LH2,10.676,-5.343,-2.978,/lustre24/expphy/volatile/hallc/c-rsidis/pdbforce/replay/ROOTfiles/coin_replay_production_28340_-1.root,471483,69416,TWO_STAGE_GAUSSIAN_FIT,,51.25543895,0.003609062151,0.3619599273,0.003475974586,4,49.25543895,53.25543895,33.25543895,45.25543895,57.25543895,69.25543895,13678,6,21698,3616.333333,10061.66667,119.5019758,118.84,-1,1,ps6,1,0.99985,0.9992,0.9872,1,1,1,0.008531883838,85.84497122,1.019576976,93.9483,1.08045,OK,
28341,PI-SIDIS,phase2,bigtable/rsidis_bigtable_phase2.csv,PI-SIDIS,LH2,10.676,-5.343,-2.978,/lustre24/expphy/volatile/hallc/c-rsidis/pdbforce/replay/ROOTfiles/coin_replay_production_28341_-1.root,598472,65388,TWO_STAGE_GAUSSIAN_FIT,,51.25338238,0.003811537524,0.3674179307,0.003776798684,4,49.25338238,53.25338238,33.25338238,45.25338238,57.25338238,69.25338238,12760,6,20429,3404.833333,9355.166667,115.4446717,111.97,1,-1,ps5,1,0.9998,0.9991,0.9808,1,1,1,0.009115820675,85.28002172,1.052372925,93.0785,1.11428,OK,
28343,HMSDIS,phase2,bigtable/rsidis_bigtable_phase2.csv,HMSDIS,LH2,10.676,-5.343,-2.978,,-1,-1,,,nan,nan,nan,nan,nan,nan,nan,nan,nan,nan,nan,nan,0,nan,nan,nan,nan,nan,nan,nan,,nan,nan,nan,nan,1,1,nan,nan,nan,nan,nan,nan,SKIPPED_UNSUPPORTED_RUN_TYPE,ONLY_PI_SIDIS_AND_PI_PLUS_SIDIS_ARE_SUPPORTED
28344,HMSDIS,phase2,bigtable/rsidis_bigtable_phase2.csv,HMSDIS,LH2,10.676,-5.343,-2.978,,-1,-1,,,nan,nan,nan,nan,nan,nan,nan,nan,nan,nan,nan,nan,0,nan,nan,nan,nan,nan,nan,nan,,nan,nan,nan,nan,1,1,nan,nan,nan,nan,nan,nan,SKIPPED_UNSUPPORTED_RUN_TYPE,ONLY_PI_SIDIS_AND_PI_PLUS_SIDIS_ARE_SUPPORTED
28345,PI-SIDIS,phase2,bigtable/rsidis_bigtable_phase2.csv,PI-SIDIS,Dummy,10.676,-5.343,-2.978,/lustre24/expphy/volatile/hallc/c-rsidis/pdbforce/replay/ROOTfiles/coin_replay_production_28345_-1.root,52196,5413,TWO_STAGE_GAUSSIAN_FIT,,51.31298268,0.00937366983,0.3606483693,0.008759511576,4,49.31298268,53.31298268,33.31298268,45.31298268,57.31298268,69.31298268,2249,6,1275,212.5,2036.5,47.79557162,78.225,-1,1,ps6,1,1,0.9995,0.989,1,1,1,0.01293228712,26.33660272,0.6181060552,29.2313,0.653255,OK,
28346,PI-SIDIS,phase2,bigtable/rsidis_bigtable_phase2.csv,PI-SIDIS,Dummy,10.676,-5.343,-2.978,/lustre24/expphy/volatile/hallc/c-rsidis/pdbforce/replay/ROOTfiles/coin_replay_production_28346_-1.root,60248,6436,TWO_STAGE_GAUSSIAN_FIT,,51.29454704,0.007898472648,0.346206743,0.006744374251,4,49.29454704,53.29454704,33.29454704,45.29454704,57.29454704,69.29454704,2719,6,1457,242.8333333,2476.166667,52.53067887,94.006,-1,1,ps6,1,0.99998,0.9993,0.9882,1,1,1,0.01077239762,26.67425191,0.5658813601,29.5594,0.597955,OK,
28347,PI-SIDIS,phase2,bigtable/rsidis_bigtable_phase2.csv,PI-SIDIS,Dummy,10.676,-5.343,-2.978,/lustre24/expphy/volatile/hallc/c-rsidis/pdbforce/replay/ROOTfiles/coin_replay_production_28347_-1.root,58630,6404,TWO_STAGE_GAUSSIAN_FIT,,51.28732064,0.007873385074,0.3524123445,0.007274484797,4,49.28732064,53.28732064,33.28732064,45.28732064,57.28732064,69.28732064,2655,6,1497,249.5,2405.5,51.92863693,91.322,-1,1,ps6,1,0.99998,0.9991,0.9892,1,1,1,0.01108001135,26.65296729,0.5753698864,29.5872,0.606887,OK,
28348,PI-SIDIS,phase2,bigtable/rsidis_bigtable_phase2.csv,PI-SIDIS,Dummy,10.676,-5.343,-2.978,/lustre24/expphy/volatile/hallc/c-rsidis/pdbforce/replay/ROOTfiles/coin_replay_production_28348_-1.root,59273,6465,TWO_STAGE_GAUSSIAN_FIT,,51.27463057,0.008355690937,0.3621715084,0.008047297725,4,49.27463057,53.27463057,33.27463057,45.27463057,57.27463057,69.27463057,2702,6,1472,245.3333333,2456.666667,52.37259674,93.72,-1,1,ps6,1,1,0.9993,0.9882,1,1,1,0.01080505503,26.54441853,0.5658887898,29.1358,0.596101,OK,
28349,HMSDIS,phase2,bigtable/rsidis_bigtable_phase2.csv,HMSDIS,Dummy,10.676,-5.343,-2.978,,-1,-1,,,nan,nan,nan,nan,nan,nan,nan,nan,nan,nan,nan,nan,0,nan,nan,nan,nan,nan,nan,nan,,nan,nan,nan,nan,1,1,nan,nan,nan,nan,nan,nan,SKIPPED_UNSUPPORTED_RUN_TYPE,ONLY_PI_SIDIS_AND_PI_PLUS_SIDIS_ARE_SUPPORTED
28350,HMSDIS,phase2,bigtable/rsidis_bigtable_phase2.csv,HMSDIS,Dummy,10.676,-5.343,-2.978,,-1,-1,,,nan,nan,nan,nan,nan,nan,nan,nan,nan,nan,nan,nan,0,nan,nan,nan,nan,nan,nan,nan,,nan,nan,nan,nan,1,1,nan,nan,nan,nan,nan,nan,SKIPPED_UNSUPPORTED_RUN_TYPE,ONLY_PI_SIDIS_AND_PI_PLUS_SIDIS_ARE_SUPPORTED
28351,PI-SIDIS,phase2,bigtable/rsidis_bigtable_phase2.csv,PI-SIDIS,LD2,10.676,-5.343,-2.978,/lustre24/expphy/volatile/hallc/c-rsidis/pdbforce/replay/ROOTfiles/coin_replay_production_28351_-1.root,1694536,250947,TWO_STAGE_GAUSSIAN_FIT,,51.27498359,0.002363169423,0.3603949054,0.00223439787,4,49.27498359,53.27498359,33.27498359,45.27498359,57.27498359,69.27498359,33391,6,82938,13823,19568,188.9307633,107.83,-1,1,ps6,1,0.99931,0.999,0.9838,1,1,1,0.00944251873,184.7712065,1.783982271,199.147,1.88822,OK,
28352,PI-SIDIS,phase2,bigtable/rsidis_bigtable_phase2.csv,PI-SIDIS,LD2,10.676,-5.343,-2.978,/lustre24/expphy/volatile/hallc/c-rsidis/pdbforce/replay/ROOTfiles/coin_replay_production_28352_-1.root,1925322,284305,TWO_STAGE_GAUSSIAN_FIT,,51.2470311,0.002249527025,0.369582439,0.002214567436,4,49.2470311,53.2470311,33.2470311,45.2470311,57.2470311,69.2470311,37920,6,94604,15767.33333,22152.66667,201.3650637,122.46,-1,1,ps6,1,0.99927,0.999,0.9834,1,1,1,0.00831815873,184.2693976,1.674986563,199.894,1.77383,OK,
28354,HMSDIS,phase2,bigtable/rsidis_bigtable_phase2.csv,HMSDIS,LD2,10.676,-5.343,-2.978,,-1,-1,,,nan,nan,nan,nan,nan,nan,nan,nan,nan,nan,nan,nan,0,nan,nan,nan,nan,nan,nan,nan,,nan,nan,nan,nan,1,1,nan,nan,nan,nan,nan,nan,SKIPPED_UNSUPPORTED_RUN_TYPE,ONLY_PI_SIDIS_AND_PI_PLUS_SIDIS_ARE_SUPPORTED
28356,PI-SIDIS,phase2,bigtable/rsidis_bigtable_phase2.csv,PI-SIDIS,LH2,10.676,-5.343,-2.978,/lustre24/expphy/volatile/hallc/c-rsidis/pdbforce/replay/ROOTfiles/coin_replay_production_28356_-1.root,-1,-1,,,nan,nan,nan,nan,4,nan,nan,nan,nan,nan,nan,nan,0,nan,nan,nan,nan,-999,-999,-999,,nan,-999,-999,-999,1,1,1,nan,nan,nan,-999,-999,FAILED,ACTIVE_PRESCALE_NOT_UNIQUE
28357,PI-SIDIS,phase2,bigtable/rsidis_bigtable_phase2.csv,PI-SIDIS,LH2,10.676,-5.343,-2.978,/lustre24/expphy/volatile/hallc/c-rsidis/pdbforce/replay/ROOTfiles/coin_replay_production_28357_-1.root,268118,36071,TWO_STAGE_GAUSSIAN_FIT,,51.29566536,0.004060580483,0.3538950639,0.003722397717,4,49.29566536,53.29566536,33.29566536,45.29566536,57.29566536,69.29566536,10798,6,9782,1630.333333,9167.666667,105.2127474,115.98,-1,1,ps6,1,0.99994,0.9992,0.9873,1,1,1,0.008740602934,80.13093416,0.9196228489,89.0293,0.976829,OK,
28358,PI-SIDIS,phase2,bigtable/rsidis_bigtable_phase2.csv,PI-SIDIS,LH2,10.676,-5.343,-2.978,/lustre24/expphy/volatile/hallc/c-rsidis/pdbforce/replay/ROOTfiles/coin_replay_production_28358_-1.root,249558,34227,TWO_STAGE_GAUSSIAN_FIT,,51.29464711,0.004300166086,0.3567236693,0.003943408391,4,49.29464711,53.29464711,33.29464711,45.29464711,57.29464711,69.29464711,10093,6,9374,1562.333333,8530.666667,101.7516039,107.7,-1,1,ps6,1,0.99993,0.9991,0.9875,1,1,1,0.009411712128,80.28817892,0.9576568041,89.5906,1.01935,OK,
28359,PI-SIDIS,phase2,bigtable/rsidis_bigtable_phase2.csv,PI-SIDIS,LH2,10.676,-5.343,-2.978,/lustre24/expphy/volatile/hallc/c-rsidis/pdbforce/replay/ROOTfiles/coin_replay_production_28359_-1.root,265780,36663,TWO_STAGE_GAUSSIAN_FIT,,51.29262126,0.004110356558,0.3532643415,0.003772806622,4,49.29262126,53.29262126,33.29262126,45.29262126,57.29262126,69.29262126,10558,6,10302,1717,8841,104.1353286,114.1,-1,1,ps6,1,0.9999,0.9992,0.987,1,1,1,0.008887675901,78.57594264,0.9255210506,87.1966,0.983449,OK,
28360,PI-SIDIS,phase2,bigtable/rsidis_bigtable_phase2.csv,PI-SIDIS,LH2,10.676,-5.343,-2.978,/lustre24/expphy/volatile/hallc/c-rsidis/pdbforce/replay/ROOTfiles/coin_replay_production_28360_-1.root,252235,34636,TWO_STAGE_GAUSSIAN_FIT,,51.29909125,0.004120815378,0.346716765,0.003624400234,4,49.29909125,53.29909125,33.29909125,45.29909125,57.29909125,69.29909125,9969,6,9625,1604.166667,8364.833333,101.1749036,107.33,-1,1,ps6,1,0.99992,0.9992,0.9878,1,1,1,0.009440438523,78.96769483,0.9551354571,87.6412,1.01508,OK,
28361,PI-SIDIS,phase2,bigtable/rsidis_bigtable_phase2.csv,PI-SIDIS,Dummy,10.676,-5.343,-2.978,/lustre24/expphy/volatile/hallc/c-rsidis/pdbforce/replay/ROOTfiles/coin_replay_production_28361_-1.root,39449,3441,TWO_STAGE_GAUSSIAN_FIT,,51.28684732,0.01054564681,0.3513353757,0.01176243203,4,49.28684732,53.28684732,33.28684732,45.28684732,57.28684732,69.28684732,1877,6,613,102.1666667,1774.833333,43.52042943,73.797,-1,1,ps6,1,1,0.9993,0.9858,1,1,1,0.01375550666,24.41373174,0.5986455569,27.378,0.635182,OK,
28362,PI-SIDIS,phase2,bigtable/rsidis_bigtable_phase2.csv,PI-SIDIS,Dummy,10.676,-5.343,-2.978,/lustre24/expphy/volatile/hallc/c-rsidis/pdbforce/replay/ROOTfiles/coin_replay_production_28362_-1.root,42534,3890,TWO_STAGE_GAUSSIAN_FIT,,51.30187889,0.01009174484,0.3596256444,0.01262153089,4,49.30187889,53.30187889,33.30187889,45.30187889,57.30187889,69.30187889,2159,6,684,114,2045,46.66904756,84.071,-1,1,ps6,1,1,0.9995,0.9887,1,1,1,0.01203667278,24.61499583,0.5617400542,26.9682,0.590789,OK,
28363,PI-SIDIS,phase2,bigtable/rsidis_bigtable_phase2.csv,PI-SIDIS,Dummy,10.676,-5.343,-2.978,/lustre24/expphy/volatile/hallc/c-rsidis/pdbforce/replay/ROOTfiles/coin_replay_production_28363_-1.root,44661,4261,TWO_STAGE_GAUSSIAN_FIT,,51.31253483,0.009327119003,0.3549704906,0.01098093106,4,49.31253483,53.31253483,33.31253483,45.31253483,57.31253483,69.31253483,2402,6,734,122.3333333,2279.666667,49.21777005,90.248,-1,1,ps6,1,1.0002,0.9995,0.9844,1,1,1,0.01125955327,25.66802828,0.5541701039,28.3647,0.583649,OK,
28364,PI-SIDIS,phase2,bigtable/rsidis_bigtable_phase2.csv,PI-SIDIS,Dummy,10.676,-5.343,-2.978,/lustre24/expphy/volatile/hallc/c-rsidis/pdbforce/replay/ROOTfiles/coin_replay_production_28364_-1.root,32324,3233,TWO_STAGE_GAUSSIAN_FIT,,51.31352561,0.009682784751,0.330916858,0.008175109764,4,49.31352561,53.31352561,33.31352561,45.31352561,57.31352561,69.31352561,1740,6,592,98.66666667,1641.333333,41.90995639,67.183,-1,1,ps6,1,1,0.9997,0.9858,1,1,1,0.01510365654,24.79013493,0.6329935868,27.3678,0.665904,OK,
28365,PI-SIDIS,phase2,bigtable/rsidis_bigtable_phase2.csv,PI-SIDIS,Dummy,10.676,-5.343,-2.978,/lustre24/expphy/volatile/hallc/c-rsidis/pdbforce/replay/ROOTfiles/coin_replay_production_28365_-1.root,22390,2111,TWO_STAGE_GAUSSIAN_FIT,,51.29855095,0.01450352791,0.3653597466,0.01756877251,4,49.29855095,53.29855095,33.29855095,45.29855095,57.29855095,69.29855095,1131,6,368,61.33333333,1069.666667,33.78198073,44.66,-1,1,ps6,1,1.00018,0.9993,0.9893,1,1,1,0.02264535946,24.22298617,0.7650050969,26.8622,0.809011,OK,
28373,PI-SIDIS,phase2,bigtable/rsidis_bigtable_phase2.csv,PI-SIDIS,LD2,10.676,-5.343,-2.978,/lustre24/expphy/volatile/hallc/c-rsidis/pdbforce/replay/ROOTfiles/coin_replay_production_28373_-1.root,1073531,150128,TWO_STAGE_GAUSSIAN_FIT,,51.27610257,0.00248724804,0.349629238,0.002247910907,4,49.27610257,53.27610257,33.27610257,45.27610257,57.27610257,69.27610257,28087,6,47126,7854.333333,20232.66667,171.4527794,120.07,-1,1,ps6,1,0.99963,0.999,0.9859,1,1,1,0.008459171955,171.1516064,1.450348543,186.535,1.53873,OK,
28374,PI-SIDIS,phase2,bigtable/rsidis_bigtable_phase2.csv,PI-SIDIS,LD2,10.676,-5.343,-2.978,/lustre24/expphy/volatile/hallc/c-rsidis/pdbforce/replay/ROOTfiles/coin_replay_production_28374_-1.root,906332,126333,TWO_STAGE_GAUSSIAN_FIT,,51.27434023,0.002669026822,0.3495031605,0.002421778195,4,49.27434023,53.27434023,33.27434023,45.27434023,57.27434023,69.27434023,23872,6,39606,6601,17271,158.0258418,103.16,-1,1,ps6,1,0.99965,0.999,0.9864,1,1,1,0.009840612811,169.9572239,1.555071123,186.875,1.65506,OK,
28375,PI-SIDIS,phase2,bigtable/rsidis_bigtable_phase2.csv,PI-SIDIS,LD2,10.676,-5.343,-2.978,/lustre24/expphy/volatile/hallc/c-rsidis/pdbforce/replay/ROOTfiles/coin_replay_production_28375_-1.root,204702,28338,TWO_STAGE_GAUSSIAN_FIT,,51.26996554,0.005500594269,0.3369301756,0.00491333788,4,49.26996554,53.26996554,33.26996554,45.26996554,57.26996554,69.26996554,5165,6,9042,1507,3658,73.59461031,22.218,-1,1,ps6,1,0.99968,0.9989,0.9865,1,1,1,0.04568934492,167.1316237,3.362489535,189.268,3.64097,OK,
28376,PI-SIDIS,phase2,bigtable/rsidis_bigtable_phase2.csv,PI-SIDIS,LD2,10.676,-5.343,-2.978,/lustre24/expphy/volatile/hallc/c-rsidis/pdbforce/replay/ROOTfiles/coin_replay_production_28376_-1.root,761194,106819,TWO_STAGE_GAUSSIAN_FIT,,51.26271419,0.002899034827,0.3491345488,0.002665134571,4,49.26271419,53.26271419,33.26271419,45.26271419,57.26271419,69.26271419,20204,6,33474,5579,14625,145.374803,85.608,-1,1,ps6,1,0.99966,0.9991,0.9863,1,1,1,0.01185810638,173.4248058,1.723869878,189.435,1.82955,OK,
28377,PI-SIDIS,phase2,bigtable/rsidis_bigtable_phase2.csv,PI-SIDIS,LH2,10.676,-5.343,-2.978,/lustre24/expphy/volatile/hallc/c-rsidis/pdbforce/replay/ROOTfiles/coin_replay_production_28377_-1.root,250740,34655,TWO_STAGE_GAUSSIAN_FIT,,51.27801553,0.003997912897,0.3451875783,0.003608066616,4,49.27801553,53.27801553,33.27801553,45.27801553,57.27801553,69.27801553,10159,6,9559,1593.166667,8565.833333,102.1005768,107.99,-1,1,ps6,1,0.99992,0.9992,0.9874,1,1,1,0.009386542601,80.40355949,0.9583714134,88.8057,1.01601,OK,
28378,PI-SIDIS,phase2,bigtable/rsidis_bigtable_phase2.csv,PI-SIDIS,LH2,10.676,-5.343,-2.978,/lustre24/expphy/volatile/hallc/c-rsidis/pdbforce/replay/ROOTfiles/coin_replay_production_28378_-1.root,305411,42621,TWO_STAGE_GAUSSIAN_FIT,,51.27530896,0.003621272174,0.3454159718,0.003232385734,4,49.27530896,53.27530896,33.27530896,45.27530896,57.27530896,69.27530896,12348,6,11767,1961.166667,10386.83333,112.5826857,130.87,-1,1,ps6,1,0.99994,0.9992,0.9879,1,1,1,0.007741418487,80.40882358,0.8715496841,89.01,0.925604,OK,
28380,HMSHEE,phase2,bigtable/rsidis_bigtable_phase2.csv,HEE,LH2,10.676,-5.38,6.163,,-1,-1,,,nan,nan,nan,nan,nan,nan,nan,nan,nan,nan,nan,nan,0,nan,nan,nan,nan,nan,nan,nan,,nan,nan,nan,nan,1,1,nan,nan,nan,nan,nan,nan,SKIPPED_UNSUPPORTED_RUN_TYPE,ONLY_PI_SIDIS_AND_PI_PLUS_SIDIS_ARE_SUPPORTED
28385,HMSDIS,phase2,bigtable/rsidis_bigtable_phase2.csv,HMSDIS,LH2,10.676,5.343,6.163,,-1,-1,,,nan,nan,nan,nan,nan,nan,nan,nan,nan,nan,nan,nan,0,nan,nan,nan,nan,nan,nan,nan,,nan,nan,nan,nan,1,1,nan,nan,nan,nan,nan,nan,SKIPPED_UNSUPPORTED_RUN_TYPE,ONLY_PI_SIDIS_AND_PI_PLUS_SIDIS_ARE_SUPPORTED
28391,HMSDIS,phase2,bigtable/rsidis_bigtable_phase2.csv,HMSDIS,C,10.676,5.343,2.978,,-1,-1,,,nan,nan,nan,nan,nan,nan,nan,nan,nan,nan,nan,nan,0,nan,nan,nan,nan,nan,nan,nan,,nan,nan,nan,nan,1,1,nan,nan,nan,nan,nan,nan,SKIPPED_UNSUPPORTED_RUN_TYPE,ONLY_PI_SIDIS_AND_PI_PLUS_SIDIS_ARE_SUPPORTED
28411,HMSDIS,phase2,bigtable/rsidis_bigtable_phase2.csv,HMSDIS,LD2,10.676,5.343,2.806,,-1,-1,,,nan,nan,nan,nan,nan,nan,nan,nan,nan,nan,nan,nan,0,nan,nan,nan,nan,nan,nan,nan,,nan,nan,nan,nan,1,1,nan,nan,nan,nan,nan,nan,SKIPPED_UNSUPPORTED_RUN_TYPE,ONLY_PI_SIDIS_AND_PI_PLUS_SIDIS_ARE_SUPPORTED
28425,PI+SIDIS,phase2,bigtable/rsidis_bigtable_phase2.csv,PI+SIDIS,LH2,10.676,-3.642,3.632,/lustre24/expphy/volatile/hallc/c-rsidis/pdbforce/replay/ROOTfiles/coin_replay_production_28425_-1.root,1261941,117608,TWO_STAGE_GAUSSIAN_FIT,,51.22634865,0.002483676197,0.3841823428,0.002561754409,4,49.22634865,53.22634865,33.22634865,45.22634865,57.22634865,69.22634865,34094,6,31830,5305,28789,187.0245082,129.35,-1,1,ps6,1,0.9996,0.9993,0.9801,1,1,1,0.007896616426,227.3356903,1.476860803,222.224,1.46175,OK,
28427,HMSDIS,phase2,bigtable/rsidis_bigtable_phase2.csv,HMSDIS,LH2,10.676,-3.642,3.632,,-1,-1,,,nan,nan,nan,nan,nan,nan,nan,nan,nan,nan,nan,nan,0,nan,nan,nan,nan,nan,nan,nan,,nan,nan,nan,nan,1,1,nan,nan,nan,nan,nan,nan,SKIPPED_UNSUPPORTED_RUN_TYPE,ONLY_PI_SIDIS_AND_PI_PLUS_SIDIS_ARE_SUPPORTED
28428,HMSDIS,phase2,bigtable/rsidis_bigtable_phase2.csv,HMSDIS,LH2,10.676,-3.642,3.632,,-1,-1,,,nan,nan,nan,nan,nan,nan,nan,nan,nan,nan,nan,nan,0,nan,nan,nan,nan,nan,nan,nan,,nan,nan,nan,nan,1,1,nan,nan,nan,nan,nan,nan,SKIPPED_UNSUPPORTED_RUN_TYPE,ONLY_PI_SIDIS_AND_PI_PLUS_SIDIS_ARE_SUPPORTED
28447,PI+SIDIS,phase2,bigtable/rsidis_bigtable_phase2.csv,PI+SIDIS,LD2,10.676,-3.642,3.632,/lustre24/expphy/volatile/hallc/c-rsidis/pdbforce/replay/ROOTfiles/coin_replay_production_28447_-1.root,584213,26013,TWO_STAGE_GAUSSIAN_FIT,,51.29881568,0.004260392387,0.3677388547,0.004018614741,4,49.29881568,53.29881568,33.29881568,45.29881568,57.29881568,69.29881568,11058,6,5768,961.3333333,10096.66667,105.9161094,120.37,-1,1,ps6,1,0.99981,0.999,0.9831,1,1,1,0.008460598363,85.42384147,0.8961136615,84.0272,0.889522,OK,
28453,PI+SIDIS,phase2,bigtable/rsidis_bigtable_phase2.csv,PI+SIDIS,LH2,10.676,-3.642,3.632,/lustre24/expphy/volatile/hallc/c-rsidis/pdbforce/replay/ROOTfiles/coin_replay_production_28453_-1.root,151192,8734,TWO_STAGE_GAUSSIAN_FIT,,51.27954238,0.005887602911,0.364020068,0.005566692295,4,49.27954238,53.27954238,33.27954238,45.27954238,57.27954238,69.27954238,5365,6,1326,221,5144,73.49716548,104.45,-1,1,ps6,1,0.99998,0.9993,0.9836,1,1,1,0.009740602801,50.10566081,0.7159066959,49.1805,0.709483,OK,
28458,PI+SIDIS,phase2,bigtable/rsidis_bigtable_phase2.csv,PI+SIDIS,LH2,10.676,-3.642,3.632,/lustre24/expphy/volatile/hallc/c-rsidis/pdbforce/replay/ROOTfiles/coin_replay_production_28458_-1.root,180074,10596,TWO_STAGE_GAUSSIAN_FIT,,51.26062969,0.005340187243,0.3642062955,0.00515973694,4,49.26062969,53.26062969,33.26062969,45.26062969,57.26062969,69.26062969,6518,6,1539,256.5,6261.5,80.99845678,124.88,-1,1,ps6,1,0.99994,0.9992,0.9848,1,1,1,0.008138281411,50.95784906,0.6591882351,49.9807,0.653342,OK,
28459,PI+SIDIS,phase2,bigtable/rsidis_bigtable_phase2.csv,PI+SIDIS,C,10.676,-5.343,2.978,/lustre24/expphy/volatile/hallc/c-rsidis/pdbforce/replay/ROOTfiles/coin_replay_production_28459_-1.root,792911,82945,TWO_STAGE_GAUSSIAN_FIT,,51.2249591,0.003650730275,0.3706265922,0.003647630387,4,49.2249591,53.2249591,33.2249591,45.2249591,57.2249591,69.2249591,14362,6,26188,4364.666667,9997.333333,122.8390998,66.811,-1,1,ps6,1,0.99976,0.9993,0.9792,1,1,1,0.01529991362,152.9583364,1.879427616,167.552,2.00607,OK,
28460,PI+SIDIS,phase2,bigtable/rsidis_bigtable_phase2.csv,PI+SIDIS,C,10.676,-5.343,2.978,/lustre24/expphy/volatile/hallc/c-rsidis/pdbforce/replay/ROOTfiles/coin_replay_production_28460_-1.root,882236,81815,TWO_STAGE_GAUSSIAN_FIT,,51.22895488,0.003231029203,0.3734054291,0.003271926097,4,49.22895488,53.22895488,33.22895488,45.22895488,57.22895488,69.22895488,18800,6,24144,4024,14776,139.5373307,91.893,-1,1,ps6,1,0.99971,0.9993,0.9801,1,1,1,0.01111417567,164.2230597,1.550842407,180.89,1.65507,OK,
